symbol,timeframe,universe_month,selected_top50,relative_path,size_bytes
1000BONKUSDT,15m,2023-12,False,1000BONKUSDT/15m/1000BONKUSDT-15m-2023-12.zip,147296
1000BONKUSDT,15m,2024-01,True,1000BONKUSDT/15m/1000BONKUSDT-15m-2024-01.zip,142238
1000BONKUSDT,15m,2024-02,True,1000BONKUSDT/15m/1000BONKUSDT-15m-2024-02.zip,130567
1000FLOKIUSDT,15m,2023-09,False,1000FLOKIUSDT/15m/1000FLOKIUSDT-15m-2023-09.zip,112614
1000FLOKIUSDT,15m,2023-10,False,1000FLOKIUSDT/15m/1000FLOKIUSDT-15m-2023-10.zip,127548
1000FLOKIUSDT,15m,2023-11,True,1000FLOKIUSDT/15m/1000FLOKIUSDT-15m-2023-11.zip,124571
1000FLOKIUSDT,15m,2024-02,False,1000FLOKIUSDT/15m/1000FLOKIUSDT-15m-2024-02.zip,116012
1000LUNCUSDT,15m,2022-10,False,1000LUNCUSDT/15m/1000LUNCUSDT-15m-2022-10.zip,127970
1000LUNCUSDT,15m,2022-11,True,1000LUNCUSDT/15m/1000LUNCUSDT-15m-2022-11.zip,119059
1000LUNCUSDT,15m,2022-12,True,1000LUNCUSDT/15m/1000LUNCUSDT-15m-2022-12.zip,119923
1000LUNCUSDT,15m,2023-01,True,1000LUNCUSDT/15m/1000LUNCUSDT-15m-2023-01.zip,121264
1000LUNCUSDT,15m,2023-02,True,1000LUNCUSDT/15m/1000LUNCUSDT-15m-2023-02.zip,108561
1000LUNCUSDT,15m,2023-03,True,1000LUNCUSDT/15m/1000LUNCUSDT-15m-2023-03.zip,118934
1000LUNCUSDT,15m,2023-05,False,1000LUNCUSDT/15m/1000LUNCUSDT-15m-2023-05.zip,115570
1000LUNCUSDT,15m,2023-06,False,1000LUNCUSDT/15m/1000LUNCUSDT-15m-2023-06.zip,126611
1000LUNCUSDT,15m,2023-07,True,1000LUNCUSDT/15m/1000LUNCUSDT-15m-2023-07.zip,127491
1000LUNCUSDT,15m,2023-10,False,1000LUNCUSDT/15m/1000LUNCUSDT-15m-2023-10.zip,123086
1000LUNCUSDT,15m,2023-11,False,1000LUNCUSDT/15m/1000LUNCUSDT-15m-2023-11.zip,126807
1000LUNCUSDT,15m,2023-12,True,1000LUNCUSDT/15m/1000LUNCUSDT-15m-2023-12.zip,137848
1000LUNCUSDT,15m,2024-01,True,1000LUNCUSDT/15m/1000LUNCUSDT-15m-2024-01.zip,132635
1000PEPEUSDT,15m,2023-06,False,1000PEPEUSDT/15m/1000PEPEUSDT-15m-2023-06.zip,145694
1000PEPEUSDT,15m,2023-07,True,1000PEPEUSDT/15m/1000PEPEUSDT-15m-2023-07.zip,147254
1000PEPEUSDT,15m,2023-08,True,1000PEPEUSDT/15m/1000PEPEUSDT-15m-2023-08.zip,146344
1000PEPEUSDT,15m,2023-09,True,1000PEPEUSDT/15m/1000PEPEUSDT-15m-2023-09.zip,138264
1000PEPEUSDT,15m,2023-10,True,1000PEPEUSDT/15m/1000PEPEUSDT-15m-2023-10.zip,144125
1000PEPEUSDT,15m,2023-11,True,1000PEPEUSDT/15m/1000PEPEUSDT-15m-2023-11.zip,141189
1000PEPEUSDT,15m,2023-12,True,1000PEPEUSDT/15m/1000PEPEUSDT-15m-2023-12.zip,146516
1000PEPEUSDT,15m,2024-01,True,1000PEPEUSDT/15m/1000PEPEUSDT-15m-2024-01.zip,143525
1000PEPEUSDT,15m,2024-02,True,1000PEPEUSDT/15m/1000PEPEUSDT-15m-2024-02.zip,135756
1000SATSUSDT,15m,2024-01,False,1000SATSUSDT/15m/1000SATSUSDT-15m-2024-01.zip,145482
1000SATSUSDT,15m,2024-02,True,1000SATSUSDT/15m/1000SATSUSDT-15m-2024-02.zip,134987
1000SHIBUSDT,15m,2021-06,False,1000SHIBUSDT/15m/1000SHIBUSDT-15m-2021-06.zip,135737
1000SHIBUSDT,15m,2021-07,True,1000SHIBUSDT/15m/1000SHIBUSDT-15m-2021-07.zip,134717
1000SHIBUSDT,15m,2021-08,True,1000SHIBUSDT/15m/1000SHIBUSDT-15m-2021-08.zip,136425
1000SHIBUSDT,15m,2021-09,True,1000SHIBUSDT/15m/1000SHIBUSDT-15m-2021-09.zip,131913
1000SHIBUSDT,15m,2021-10,True,1000SHIBUSDT/15m/1000SHIBUSDT-15m-2021-10.zip,149319
1000SHIBUSDT,15m,2021-11,True,1000SHIBUSDT/15m/1000SHIBUSDT-15m-2021-11.zip,144283
1000SHIBUSDT,15m,2021-12,True,1000SHIBUSDT/15m/1000SHIBUSDT-15m-2021-12.zip,144954
1000SHIBUSDT,15m,2022-01,True,1000SHIBUSDT/15m/1000SHIBUSDT-15m-2022-01.zip,142193
1000SHIBUSDT,15m,2022-02,True,1000SHIBUSDT/15m/1000SHIBUSDT-15m-2022-02.zip,131298
1000SHIBUSDT,15m,2022-03,True,1000SHIBUSDT/15m/1000SHIBUSDT-15m-2022-03.zip,141269
1000SHIBUSDT,15m,2022-04,True,1000SHIBUSDT/15m/1000SHIBUSDT-15m-2022-04.zip,135960
1000SHIBUSDT,15m,2022-05,True,1000SHIBUSDT/15m/1000SHIBUSDT-15m-2022-05.zip,140030
1000SHIBUSDT,15m,2022-06,True,1000SHIBUSDT/15m/1000SHIBUSDT-15m-2022-06.zip,134891
1000SHIBUSDT,15m,2022-07,True,1000SHIBUSDT/15m/1000SHIBUSDT-15m-2022-07.zip,138304
1000SHIBUSDT,15m,2022-08,True,1000SHIBUSDT/15m/1000SHIBUSDT-15m-2022-08.zip,139329
1000SHIBUSDT,15m,2022-09,True,1000SHIBUSDT/15m/1000SHIBUSDT-15m-2022-09.zip,133049
1000SHIBUSDT,15m,2022-10,True,1000SHIBUSDT/15m/1000SHIBUSDT-15m-2022-10.zip,135627
1000SHIBUSDT,15m,2022-11,True,1000SHIBUSDT/15m/1000SHIBUSDT-15m-2022-11.zip,132635
1000SHIBUSDT,15m,2022-12,True,1000SHIBUSDT/15m/1000SHIBUSDT-15m-2022-12.zip,131065
1000SHIBUSDT,15m,2023-01,True,1000SHIBUSDT/15m/1000SHIBUSDT-15m-2023-01.zip,137001
1000SHIBUSDT,15m,2023-02,True,1000SHIBUSDT/15m/1000SHIBUSDT-15m-2023-02.zip,126113
1000SHIBUSDT,15m,2023-03,True,1000SHIBUSDT/15m/1000SHIBUSDT-15m-2023-03.zip,136572
1000SHIBUSDT,15m,2023-04,True,1000SHIBUSDT/15m/1000SHIBUSDT-15m-2023-04.zip,129631
1000SHIBUSDT,15m,2023-05,True,1000SHIBUSDT/15m/1000SHIBUSDT-15m-2023-05.zip,131318
1000SHIBUSDT,15m,2023-06,True,1000SHIBUSDT/15m/1000SHIBUSDT-15m-2023-06.zip,129552
1000SHIBUSDT,15m,2023-07,True,1000SHIBUSDT/15m/1000SHIBUSDT-15m-2023-07.zip,133307
1000SHIBUSDT,15m,2023-08,True,1000SHIBUSDT/15m/1000SHIBUSDT-15m-2023-08.zip,138905
1000SHIBUSDT,15m,2023-09,True,1000SHIBUSDT/15m/1000SHIBUSDT-15m-2023-09.zip,126735
1000SHIBUSDT,15m,2023-10,True,1000SHIBUSDT/15m/1000SHIBUSDT-15m-2023-10.zip,131342
1000SHIBUSDT,15m,2023-11,True,1000SHIBUSDT/15m/1000SHIBUSDT-15m-2023-11.zip,130705
1000SHIBUSDT,15m,2023-12,True,1000SHIBUSDT/15m/1000SHIBUSDT-15m-2023-12.zip,136750
1000SHIBUSDT,15m,2024-01,True,1000SHIBUSDT/15m/1000SHIBUSDT-15m-2024-01.zip,133847
1000SHIBUSDT,15m,2024-02,False,1000SHIBUSDT/15m/1000SHIBUSDT-15m-2024-02.zip,124072
1000XECUSDT,15m,2023-06,False,1000XECUSDT/15m/1000XECUSDT-15m-2023-06.zip,110158
1000XECUSDT,15m,2023-07,False,1000XECUSDT/15m/1000XECUSDT-15m-2023-07.zip,124455
1000XECUSDT,15m,2023-08,True,1000XECUSDT/15m/1000XECUSDT-15m-2023-08.zip,114815
1INCHUSDT,15m,2021-01,False,1INCHUSDT/15m/1INCHUSDT-15m-2021-01.zip,123133
1INCHUSDT,15m,2021-02,True,1INCHUSDT/15m/1INCHUSDT-15m-2021-02.zip,114007
1INCHUSDT,15m,2021-03,True,1INCHUSDT/15m/1INCHUSDT-15m-2021-03.zip,122944
1INCHUSDT,15m,2021-04,True,1INCHUSDT/15m/1INCHUSDT-15m-2021-04.zip,120404
1INCHUSDT,15m,2021-05,True,1INCHUSDT/15m/1INCHUSDT-15m-2021-05.zip,125076
1INCHUSDT,15m,2021-06,True,1INCHUSDT/15m/1INCHUSDT-15m-2021-06.zip,119589
1INCHUSDT,15m,2021-07,True,1INCHUSDT/15m/1INCHUSDT-15m-2021-07.zip,120324
1INCHUSDT,15m,2021-08,True,1INCHUSDT/15m/1INCHUSDT-15m-2021-08.zip,122238
1INCHUSDT,15m,2021-09,False,1INCHUSDT/15m/1INCHUSDT-15m-2021-09.zip,118934
1INCHUSDT,15m,2021-10,False,1INCHUSDT/15m/1INCHUSDT-15m-2021-10.zip,124096
1INCHUSDT,15m,2021-11,True,1INCHUSDT/15m/1INCHUSDT-15m-2021-11.zip,118797
1INCHUSDT,15m,2021-12,False,1INCHUSDT/15m/1INCHUSDT-15m-2021-12.zip,122644
1INCHUSDT,15m,2022-01,True,1INCHUSDT/15m/1INCHUSDT-15m-2022-01.zip,120773
1INCHUSDT,15m,2022-02,False,1INCHUSDT/15m/1INCHUSDT-15m-2022-02.zip,107756
1INCHUSDT,15m,2022-03,True,1INCHUSDT/15m/1INCHUSDT-15m-2022-03.zip,119020
1INCHUSDT,15m,2023-06,False,1INCHUSDT/15m/1INCHUSDT-15m-2023-06.zip,108601
1INCHUSDT,15m,2023-07,False,1INCHUSDT/15m/1INCHUSDT-15m-2023-07.zip,115594
1INCHUSDT,15m,2023-08,True,1INCHUSDT/15m/1INCHUSDT-15m-2023-08.zip,109445
AAVEUSDT,15m,2020-11,False,AAVEUSDT/15m/AAVEUSDT-15m-2020-11.zip,120267
AAVEUSDT,15m,2020-12,True,AAVEUSDT/15m/AAVEUSDT-15m-2020-12.zip,121833
AAVEUSDT,15m,2021-01,True,AAVEUSDT/15m/AAVEUSDT-15m-2021-01.zip,127393
AAVEUSDT,15m,2021-02,True,AAVEUSDT/15m/AAVEUSDT-15m-2021-02.zip,118759
AAVEUSDT,15m,2021-03,True,AAVEUSDT/15m/AAVEUSDT-15m-2021-03.zip,128478
AAVEUSDT,15m,2021-04,True,AAVEUSDT/15m/AAVEUSDT-15m-2021-04.zip,126289
AAVEUSDT,15m,2021-05,True,AAVEUSDT/15m/AAVEUSDT-15m-2021-05.zip,129124
AAVEUSDT,15m,2021-06,True,AAVEUSDT/15m/AAVEUSDT-15m-2021-06.zip,117918
AAVEUSDT,15m,2021-07,True,AAVEUSDT/15m/AAVEUSDT-15m-2021-07.zip,123278
AAVEUSDT,15m,2021-08,True,AAVEUSDT/15m/AAVEUSDT-15m-2021-08.zip,121988
AAVEUSDT,15m,2021-09,True,AAVEUSDT/15m/AAVEUSDT-15m-2021-09.zip,117799
AAVEUSDT,15m,2021-10,True,AAVEUSDT/15m/AAVEUSDT-15m-2021-10.zip,119941
AAVEUSDT,15m,2021-11,True,AAVEUSDT/15m/AAVEUSDT-15m-2021-11.zip,115128
AAVEUSDT,15m,2021-12,False,AAVEUSDT/15m/AAVEUSDT-15m-2021-12.zip,120843
AAVEUSDT,15m,2022-01,True,AAVEUSDT/15m/AAVEUSDT-15m-2022-01.zip,120891
AAVEUSDT,15m,2022-02,True,AAVEUSDT/15m/AAVEUSDT-15m-2022-02.zip,106629
AAVEUSDT,15m,2022-03,True,AAVEUSDT/15m/AAVEUSDT-15m-2022-03.zip,119183
AAVEUSDT,15m,2022-04,True,AAVEUSDT/15m/AAVEUSDT-15m-2022-04.zip,117515
AAVEUSDT,15m,2022-05,True,AAVEUSDT/15m/AAVEUSDT-15m-2022-05.zip,120017
AAVEUSDT,15m,2022-06,True,AAVEUSDT/15m/AAVEUSDT-15m-2022-06.zip,115437
AAVEUSDT,15m,2022-07,True,AAVEUSDT/15m/AAVEUSDT-15m-2022-07.zip,118834
AAVEUSDT,15m,2022-08,True,AAVEUSDT/15m/AAVEUSDT-15m-2022-08.zip,116754
AAVEUSDT,15m,2022-09,True,AAVEUSDT/15m/AAVEUSDT-15m-2022-09.zip,109913
AAVEUSDT,15m,2022-10,True,AAVEUSDT/15m/AAVEUSDT-15m-2022-10.zip,112361
AAVEUSDT,15m,2022-11,True,AAVEUSDT/15m/AAVEUSDT-15m-2022-11.zip,111109
AAVEUSDT,15m,2022-12,True,AAVEUSDT/15m/AAVEUSDT-15m-2022-12.zip,108139
AAVEUSDT,15m,2023-01,False,AAVEUSDT/15m/AAVEUSDT-15m-2023-01.zip,113566
AAVEUSDT,15m,2023-02,True,AAVEUSDT/15m/AAVEUSDT-15m-2023-02.zip,102674
AAVEUSDT,15m,2023-05,False,AAVEUSDT/15m/AAVEUSDT-15m-2023-05.zip,108342
AAVEUSDT,15m,2023-06,False,AAVEUSDT/15m/AAVEUSDT-15m-2023-06.zip,107670
AAVEUSDT,15m,2023-07,True,AAVEUSDT/15m/AAVEUSDT-15m-2023-07.zip,115009
AAVEUSDT,15m,2023-08,True,AAVEUSDT/15m/AAVEUSDT-15m-2023-08.zip,109836
AAVEUSDT,15m,2023-09,False,AAVEUSDT/15m/AAVEUSDT-15m-2023-09.zip,104957
AAVEUSDT,15m,2023-10,False,AAVEUSDT/15m/AAVEUSDT-15m-2023-10.zip,111848
AAVEUSDT,15m,2023-11,True,AAVEUSDT/15m/AAVEUSDT-15m-2023-11.zip,111129
ACHUSDT,15m,2023-03,False,ACHUSDT/15m/ACHUSDT-15m-2023-03.zip,131161
ACHUSDT,15m,2023-04,False,ACHUSDT/15m/ACHUSDT-15m-2023-04.zip,125586
ACHUSDT,15m,2023-05,True,ACHUSDT/15m/ACHUSDT-15m-2023-05.zip,127398
ADAUSDT,15m,2020-03,True,ADAUSDT/15m/ADAUSDT-15m-2020-03.zip,118065
ADAUSDT,15m,2020-04,True,ADAUSDT/15m/ADAUSDT-15m-2020-04.zip,111693
ADAUSDT,15m,2020-05,True,ADAUSDT/15m/ADAUSDT-15m-2020-05.zip,120882
ADAUSDT,15m,2020-06,True,ADAUSDT/15m/ADAUSDT-15m-2020-06.zip,120715
ADAUSDT,15m,2020-07,True,ADAUSDT/15m/ADAUSDT-15m-2020-07.zip,128187
ADAUSDT,15m,2020-08,True,ADAUSDT/15m/ADAUSDT-15m-2020-08.zip,126128
ADAUSDT,15m,2020-09,True,ADAUSDT/15m/ADAUSDT-15m-2020-09.zip,120910
ADAUSDT,15m,2020-10,True,ADAUSDT/15m/ADAUSDT-15m-2020-10.zip,123833
ADAUSDT,15m,2020-11,True,ADAUSDT/15m/ADAUSDT-15m-2020-11.zip,123751
ADAUSDT,15m,2020-12,True,ADAUSDT/15m/ADAUSDT-15m-2020-12.zip,128982
ADAUSDT,15m,2021-01,True,ADAUSDT/15m/ADAUSDT-15m-2021-01.zip,134871
ADAUSDT,15m,2021-02,True,ADAUSDT/15m/ADAUSDT-15m-2021-02.zip,126778
ADAUSDT,15m,2021-03,True,ADAUSDT/15m/ADAUSDT-15m-2021-03.zip,138297
ADAUSDT,15m,2021-04,True,ADAUSDT/15m/ADAUSDT-15m-2021-04.zip,133918
ADAUSDT,15m,2021-05,True,ADAUSDT/15m/ADAUSDT-15m-2021-05.zip,138995
ADAUSDT,15m,2021-06,True,ADAUSDT/15m/ADAUSDT-15m-2021-06.zip,128067
ADAUSDT,15m,2021-07,True,ADAUSDT/15m/ADAUSDT-15m-2021-07.zip,128777
ADAUSDT,15m,2021-08,True,ADAUSDT/15m/ADAUSDT-15m-2021-08.zip,133966
ADAUSDT,15m,2021-09,True,ADAUSDT/15m/ADAUSDT-15m-2021-09.zip,129341
ADAUSDT,15m,2021-10,True,ADAUSDT/15m/ADAUSDT-15m-2021-10.zip,129150
ADAUSDT,15m,2021-11,True,ADAUSDT/15m/ADAUSDT-15m-2021-11.zip,125743
ADAUSDT,15m,2021-12,True,ADAUSDT/15m/ADAUSDT-15m-2021-12.zip,129767
ADAUSDT,15m,2022-01,True,ADAUSDT/15m/ADAUSDT-15m-2022-01.zip,130811
ADAUSDT,15m,2022-02,True,ADAUSDT/15m/ADAUSDT-15m-2022-02.zip,117203
ADAUSDT,15m,2022-03,True,ADAUSDT/15m/ADAUSDT-15m-2022-03.zip,128274
ADAUSDT,15m,2022-04,True,ADAUSDT/15m/ADAUSDT-15m-2022-04.zip,123100
ADAUSDT,15m,2022-05,True,ADAUSDT/15m/ADAUSDT-15m-2022-05.zip,129073
ADAUSDT,15m,2022-06,True,ADAUSDT/15m/ADAUSDT-15m-2022-06.zip,125633
ADAUSDT,15m,2022-07,True,ADAUSDT/15m/ADAUSDT-15m-2022-07.zip,126469
ADAUSDT,15m,2022-08,True,ADAUSDT/15m/ADAUSDT-15m-2022-08.zip,125379
ADAUSDT,15m,2022-09,True,ADAUSDT/15m/ADAUSDT-15m-2022-09.zip,121430
ADAUSDT,15m,2022-10,True,ADAUSDT/15m/ADAUSDT-15m-2022-10.zip,122331
ADAUSDT,15m,2022-11,True,ADAUSDT/15m/ADAUSDT-15m-2022-11.zip,119253
ADAUSDT,15m,2022-12,True,ADAUSDT/15m/ADAUSDT-15m-2022-12.zip,117919
ADAUSDT,15m,2023-01,True,ADAUSDT/15m/ADAUSDT-15m-2023-01.zip,123287
ADAUSDT,15m,2023-02,True,ADAUSDT/15m/ADAUSDT-15m-2023-02.zip,111080
ADAUSDT,15m,2023-03,True,ADAUSDT/15m/ADAUSDT-15m-2023-03.zip,124011
ADAUSDT,15m,2023-04,True,ADAUSDT/15m/ADAUSDT-15m-2023-04.zip,119142
ADAUSDT,15m,2023-05,True,ADAUSDT/15m/ADAUSDT-15m-2023-05.zip,119978
ADAUSDT,15m,2023-06,True,ADAUSDT/15m/ADAUSDT-15m-2023-06.zip,119586
ADAUSDT,15m,2023-07,True,ADAUSDT/15m/ADAUSDT-15m-2023-07.zip,121057
ADAUSDT,15m,2023-08,True,ADAUSDT/15m/ADAUSDT-15m-2023-08.zip,117918
ADAUSDT,15m,2023-09,True,ADAUSDT/15m/ADAUSDT-15m-2023-09.zip,111978
ADAUSDT,15m,2023-10,True,ADAUSDT/15m/ADAUSDT-15m-2023-10.zip,118151
ADAUSDT,15m,2023-11,True,ADAUSDT/15m/ADAUSDT-15m-2023-11.zip,119781
ADAUSDT,15m,2023-12,True,ADAUSDT/15m/ADAUSDT-15m-2023-12.zip,127841
ADAUSDT,15m,2024-01,True,ADAUSDT/15m/ADAUSDT-15m-2024-01.zip,124987
ADAUSDT,15m,2024-02,True,ADAUSDT/15m/ADAUSDT-15m-2024-02.zip,117452
AGIXUSDT,15m,2023-03,False,AGIXUSDT/15m/AGIXUSDT-15m-2023-03.zip,131108
AGIXUSDT,15m,2023-04,True,AGIXUSDT/15m/AGIXUSDT-15m-2023-04.zip,119160
AGIXUSDT,15m,2023-05,False,AGIXUSDT/15m/AGIXUSDT-15m-2023-05.zip,124179
AGIXUSDT,15m,2023-06,True,AGIXUSDT/15m/AGIXUSDT-15m-2023-06.zip,118199
AGIXUSDT,15m,2024-01,False,AGIXUSDT/15m/AGIXUSDT-15m-2024-01.zip,118278
AGIXUSDT,15m,2024-02,False,AGIXUSDT/15m/AGIXUSDT-15m-2024-02.zip,116198
AGLDUSDT,15m,2023-09,False,AGLDUSDT/15m/AGLDUSDT-15m-2023-09.zip,118638
AGLDUSDT,15m,2023-10,False,AGLDUSDT/15m/AGLDUSDT-15m-2023-10.zip,119971
AGLDUSDT,15m,2023-11,True,AGLDUSDT/15m/AGLDUSDT-15m-2023-11.zip,118002
AIUSDT,15m,2024-02,False,AIUSDT/15m/AIUSDT-15m-2024-02.zip,127943
ALGOUSDT,15m,2020-07,False,ALGOUSDT/15m/ALGOUSDT-15m-2020-07.zip,119701
ALGOUSDT,15m,2020-08,True,ALGOUSDT/15m/ALGOUSDT-15m-2020-08.zip,126494
ALGOUSDT,15m,2020-09,True,ALGOUSDT/15m/ALGOUSDT-15m-2020-09.zip,118259
ALGOUSDT,15m,2020-10,True,ALGOUSDT/15m/ALGOUSDT-15m-2020-10.zip,118144
ALGOUSDT,15m,2020-11,True,ALGOUSDT/15m/ALGOUSDT-15m-2020-11.zip,117211
ALGOUSDT,15m,2020-12,True,ALGOUSDT/15m/ALGOUSDT-15m-2020-12.zip,121423
ALGOUSDT,15m,2021-01,True,ALGOUSDT/15m/ALGOUSDT-15m-2021-01.zip,127072
ALGOUSDT,15m,2021-02,True,ALGOUSDT/15m/ALGOUSDT-15m-2021-02.zip,118746
ALGOUSDT,15m,2021-03,True,ALGOUSDT/15m/ALGOUSDT-15m-2021-03.zip,130195
ALGOUSDT,15m,2021-04,True,ALGOUSDT/15m/ALGOUSDT-15m-2021-04.zip,126282
ALGOUSDT,15m,2021-08,False,ALGOUSDT/15m/ALGOUSDT-15m-2021-08.zip,128448
ALGOUSDT,15m,2021-09,False,ALGOUSDT/15m/ALGOUSDT-15m-2021-09.zip,131373
ALGOUSDT,15m,2021-10,True,ALGOUSDT/15m/ALGOUSDT-15m-2021-10.zip,132446
ALGOUSDT,15m,2021-11,True,ALGOUSDT/15m/ALGOUSDT-15m-2021-11.zip,128394
ALGOUSDT,15m,2021-12,True,ALGOUSDT/15m/ALGOUSDT-15m-2021-12.zip,131593
ALGOUSDT,15m,2022-01,True,ALGOUSDT/15m/ALGOUSDT-15m-2022-01.zip,131235
ALGOUSDT,15m,2022-02,True,ALGOUSDT/15m/ALGOUSDT-15m-2022-02.zip,116642
ALGOUSDT,15m,2022-03,True,ALGOUSDT/15m/ALGOUSDT-15m-2022-03.zip,127927
ALGOUSDT,15m,2022-04,True,ALGOUSDT/15m/ALGOUSDT-15m-2022-04.zip,123151
ALGOUSDT,15m,2022-05,True,ALGOUSDT/15m/ALGOUSDT-15m-2022-05.zip,131026
ALGOUSDT,15m,2022-06,True,ALGOUSDT/15m/ALGOUSDT-15m-2022-06.zip,122762
ALGOUSDT,15m,2022-08,False,ALGOUSDT/15m/ALGOUSDT-15m-2022-08.zip,122791
ALGOUSDT,15m,2022-09,False,ALGOUSDT/15m/ALGOUSDT-15m-2022-09.zip,120952
ALGOUSDT,15m,2022-10,True,ALGOUSDT/15m/ALGOUSDT-15m-2022-10.zip,123010
ALGOUSDT,15m,2022-11,True,ALGOUSDT/15m/ALGOUSDT-15m-2022-11.zip,124395
ALGOUSDT,15m,2022-12,True,ALGOUSDT/15m/ALGOUSDT-15m-2022-12.zip,119693
ALGOUSDT,15m,2023-01,True,ALGOUSDT/15m/ALGOUSDT-15m-2023-01.zip,122138
ALICEUSDT,15m,2021-04,False,ALICEUSDT/15m/ALICEUSDT-15m-2021-04.zip,117386
ALICEUSDT,15m,2021-05,False,ALICEUSDT/15m/ALICEUSDT-15m-2021-05.zip,124661
ALICEUSDT,15m,2021-06,True,ALICEUSDT/15m/ALICEUSDT-15m-2021-06.zip,115341
ALICEUSDT,15m,2021-07,True,ALICEUSDT/15m/ALICEUSDT-15m-2021-07.zip,127202
ALICEUSDT,15m,2021-08,True,ALICEUSDT/15m/ALICEUSDT-15m-2021-08.zip,129261
ALICEUSDT,15m,2021-09,True,ALICEUSDT/15m/ALICEUSDT-15m-2021-09.zip,122256
ALICEUSDT,15m,2021-10,True,ALICEUSDT/15m/ALICEUSDT-15m-2021-10.zip,124437
ALICEUSDT,15m,2021-11,True,ALICEUSDT/15m/ALICEUSDT-15m-2021-11.zip,124538
ALICEUSDT,15m,2021-12,True,ALICEUSDT/15m/ALICEUSDT-15m-2021-12.zip,126526
ALICEUSDT,15m,2022-01,True,ALICEUSDT/15m/ALICEUSDT-15m-2022-01.zip,123782
ALICEUSDT,15m,2022-02,True,ALICEUSDT/15m/ALICEUSDT-15m-2022-02.zip,111949
ALICEUSDT,15m,2022-03,True,ALICEUSDT/15m/ALICEUSDT-15m-2022-03.zip,120856
ALICEUSDT,15m,2022-04,True,ALICEUSDT/15m/ALICEUSDT-15m-2022-04.zip,117115
ALICEUSDT,15m,2022-05,True,ALICEUSDT/15m/ALICEUSDT-15m-2022-05.zip,121285
ALICEUSDT,15m,2022-06,True,ALICEUSDT/15m/ALICEUSDT-15m-2022-06.zip,115447
ALICEUSDT,15m,2022-07,True,ALICEUSDT/15m/ALICEUSDT-15m-2022-07.zip,115464
ALPHAUSDT,15m,2020-12,False,ALPHAUSDT/15m/ALPHAUSDT-15m-2020-12.zip,120827
ALPHAUSDT,15m,2021-01,False,ALPHAUSDT/15m/ALPHAUSDT-15m-2021-01.zip,129649
ALPHAUSDT,15m,2021-02,True,ALPHAUSDT/15m/ALPHAUSDT-15m-2021-02.zip,120488
ALPHAUSDT,15m,2021-03,True,ALPHAUSDT/15m/ALPHAUSDT-15m-2021-03.zip,131631
ALPHAUSDT,15m,2021-04,True,ALPHAUSDT/15m/ALPHAUSDT-15m-2021-04.zip,127664
ALPHAUSDT,15m,2021-06,False,ALPHAUSDT/15m/ALPHAUSDT-15m-2021-06.zip,116863
ALPHAUSDT,15m,2021-07,False,ALPHAUSDT/15m/ALPHAUSDT-15m-2021-07.zip,123389
ALPHAUSDT,15m,2021-08,True,ALPHAUSDT/15m/ALPHAUSDT-15m-2021-08.zip,124976
ALPHAUSDT,15m,2021-09,True,ALPHAUSDT/15m/ALPHAUSDT-15m-2021-09.zip,118723
ALPHAUSDT,15m,2022-03,False,ALPHAUSDT/15m/ALPHAUSDT-15m-2022-03.zip,117228
ALPHAUSDT,15m,2022-04,False,ALPHAUSDT/15m/ALPHAUSDT-15m-2022-04.zip,117738
ALPHAUSDT,15m,2022-05,True,ALPHAUSDT/15m/ALPHAUSDT-15m-2022-05.zip,119304
ALPHAUSDT,15m,2022-12,False,ALPHAUSDT/15m/ALPHAUSDT-15m-2022-12.zip,117861
ALPHAUSDT,15m,2023-01,False,ALPHAUSDT/15m/ALPHAUSDT-15m-2023-01.zip,127258
ALPHAUSDT,15m,2023-02,True,ALPHAUSDT/15m/ALPHAUSDT-15m-2023-02.zip,112727
ALPHAUSDT,15m,2023-03,False,ALPHAUSDT/15m/ALPHAUSDT-15m-2023-03.zip,122662
ALPHAUSDT,15m,2023-04,False,ALPHAUSDT/15m/ALPHAUSDT-15m-2023-04.zip,118359
ALPHAUSDT,15m,2023-05,True,ALPHAUSDT/15m/ALPHAUSDT-15m-2023-05.zip,125099
ALPHAUSDT,15m,2023-06,False,ALPHAUSDT/15m/ALPHAUSDT-15m-2023-06.zip,124510
ALPHAUSDT,15m,2023-07,True,ALPHAUSDT/15m/ALPHAUSDT-15m-2023-07.zip,121746
ALTUSDT,15m,2024-02,False,ALTUSDT/15m/ALTUSDT-15m-2024-02.zip,130158
AMBUSDT,15m,2023-05,False,AMBUSDT/15m/AMBUSDT-15m-2023-05.zip,118612
AMBUSDT,15m,2023-06,False,AMBUSDT/15m/AMBUSDT-15m-2023-06.zip,120952
AMBUSDT,15m,2023-07,True,AMBUSDT/15m/AMBUSDT-15m-2023-07.zip,118114
ANCUSDT,15m,2022-04,False,ANCUSDT/15m/ANCUSDT-15m-2022-04.zip,113932
ANCUSDT,15m,2022-05,True,ANCUSDT/15m/ANCUSDT-15m-2022-05.zip,49797
ANKRUSDT,15m,2021-02,False,ANKRUSDT/15m/ANKRUSDT-15m-2021-02.zip,119951
ANKRUSDT,15m,2021-03,False,ANKRUSDT/15m/ANKRUSDT-15m-2021-03.zip,139069
ANKRUSDT,15m,2021-04,True,ANKRUSDT/15m/ANKRUSDT-15m-2021-04.zip,135240
ANKRUSDT,15m,2021-10,False,ANKRUSDT/15m/ANKRUSDT-15m-2021-10.zip,127861
ANKRUSDT,15m,2021-11,False,ANKRUSDT/15m/ANKRUSDT-15m-2021-11.zip,129566
ANKRUSDT,15m,2021-12,True,ANKRUSDT/15m/ANKRUSDT-15m-2021-12.zip,129257
ANKRUSDT,15m,2022-07,False,ANKRUSDT/15m/ANKRUSDT-15m-2022-07.zip,120990
ANKRUSDT,15m,2022-08,False,ANKRUSDT/15m/ANKRUSDT-15m-2022-08.zip,127874
ANKRUSDT,15m,2022-09,True,ANKRUSDT/15m/ANKRUSDT-15m-2022-09.zip,119382
ANKRUSDT,15m,2023-01,False,ANKRUSDT/15m/ANKRUSDT-15m-2023-01.zip,123474
ANKRUSDT,15m,2023-02,False,ANKRUSDT/15m/ANKRUSDT-15m-2023-02.zip,116925
ANKRUSDT,15m,2023-03,True,ANKRUSDT/15m/ANKRUSDT-15m-2023-03.zip,127923
ANTUSDT,15m,2022-01,False,ANTUSDT/15m/ANTUSDT-15m-2022-01.zip,122255
ANTUSDT,15m,2022-02,True,ANTUSDT/15m/ANTUSDT-15m-2022-02.zip,108371
ANTUSDT,15m,2022-03,True,ANTUSDT/15m/ANTUSDT-15m-2022-03.zip,114898
APEUSDT,15m,2022-04,False,APEUSDT/15m/APEUSDT-15m-2022-04.zip,121361
APEUSDT,15m,2022-05,True,APEUSDT/15m/APEUSDT-15m-2022-05.zip,125944
APEUSDT,15m,2022-06,True,APEUSDT/15m/APEUSDT-15m-2022-06.zip,116387
APEUSDT,15m,2022-07,True,APEUSDT/15m/APEUSDT-15m-2022-07.zip,119017
APEUSDT,15m,2022-08,True,APEUSDT/15m/APEUSDT-15m-2022-08.zip,117436
APEUSDT,15m,2022-09,True,APEUSDT/15m/APEUSDT-15m-2022-09.zip,113370
APEUSDT,15m,2022-10,True,APEUSDT/15m/APEUSDT-15m-2022-10.zip,113526
APEUSDT,15m,2022-11,True,APEUSDT/15m/APEUSDT-15m-2022-11.zip,113120
APEUSDT,15m,2022-12,True,APEUSDT/15m/APEUSDT-15m-2022-12.zip,113004
APEUSDT,15m,2023-01,True,APEUSDT/15m/APEUSDT-15m-2023-01.zip,116495
APEUSDT,15m,2023-02,True,APEUSDT/15m/APEUSDT-15m-2023-02.zip,103414
APEUSDT,15m,2023-03,True,APEUSDT/15m/APEUSDT-15m-2023-03.zip,114032
APEUSDT,15m,2023-04,True,APEUSDT/15m/APEUSDT-15m-2023-04.zip,107900
APEUSDT,15m,2023-05,True,APEUSDT/15m/APEUSDT-15m-2023-05.zip,108704
APEUSDT,15m,2023-06,True,APEUSDT/15m/APEUSDT-15m-2023-06.zip,109501
APEUSDT,15m,2023-07,True,APEUSDT/15m/APEUSDT-15m-2023-07.zip,111908
APEUSDT,15m,2023-08,True,APEUSDT/15m/APEUSDT-15m-2023-08.zip,111085
APEUSDT,15m,2023-09,True,APEUSDT/15m/APEUSDT-15m-2023-09.zip,104811
APEUSDT,15m,2023-10,True,APEUSDT/15m/APEUSDT-15m-2023-10.zip,108995
APEUSDT,15m,2023-11,True,APEUSDT/15m/APEUSDT-15m-2023-11.zip,109517
APEUSDT,15m,2023-12,True,APEUSDT/15m/APEUSDT-15m-2023-12.zip,111733
APEUSDT,15m,2024-01,True,APEUSDT/15m/APEUSDT-15m-2024-01.zip,110769
APEUSDT,15m,2024-02,True,APEUSDT/15m/APEUSDT-15m-2024-02.zip,112016
API3USDT,15m,2022-03,False,API3USDT/15m/API3USDT-15m-2022-03.zip,121126
API3USDT,15m,2022-04,False,API3USDT/15m/API3USDT-15m-2022-04.zip,115961
API3USDT,15m,2022-05,True,API3USDT/15m/API3USDT-15m-2022-05.zip,117500
API3USDT,15m,2023-07,False,API3USDT/15m/API3USDT-15m-2023-07.zip,106815
API3USDT,15m,2023-08,False,API3USDT/15m/API3USDT-15m-2023-08.zip,117641
API3USDT,15m,2023-09,True,API3USDT/15m/API3USDT-15m-2023-09.zip,118550
API3USDT,15m,2023-12,False,API3USDT/15m/API3USDT-15m-2023-12.zip,124391
API3USDT,15m,2024-01,False,API3USDT/15m/API3USDT-15m-2024-01.zip,128506
API3USDT,15m,2024-02,True,API3USDT/15m/API3USDT-15m-2024-02.zip,124401
APTUSDT,15m,2022-11,False,APTUSDT/15m/APTUSDT-15m-2022-11.zip,130957
APTUSDT,15m,2022-12,True,APTUSDT/15m/APTUSDT-15m-2022-12.zip,132569
APTUSDT,15m,2023-01,True,APTUSDT/15m/APTUSDT-15m-2023-01.zip,142635
APTUSDT,15m,2023-02,True,APTUSDT/15m/APTUSDT-15m-2023-02.zip,125601
APTUSDT,15m,2023-03,True,APTUSDT/15m/APTUSDT-15m-2023-03.zip,134825
APTUSDT,15m,2023-04,True,APTUSDT/15m/APTUSDT-15m-2023-04.zip,125374
APTUSDT,15m,2023-05,True,APTUSDT/15m/APTUSDT-15m-2023-05.zip,125977
APTUSDT,15m,2023-06,True,APTUSDT/15m/APTUSDT-15m-2023-06.zip,123735
APTUSDT,15m,2023-07,True,APTUSDT/15m/APTUSDT-15m-2023-07.zip,124908
APTUSDT,15m,2023-08,True,APTUSDT/15m/APTUSDT-15m-2023-08.zip,122366
APTUSDT,15m,2023-09,True,APTUSDT/15m/APTUSDT-15m-2023-09.zip,116706
APTUSDT,15m,2023-10,True,APTUSDT/15m/APTUSDT-15m-2023-10.zip,122644
APTUSDT,15m,2023-11,True,APTUSDT/15m/APTUSDT-15m-2023-11.zip,121948
APTUSDT,15m,2023-12,True,APTUSDT/15m/APTUSDT-15m-2023-12.zip,127694
APTUSDT,15m,2024-01,True,APTUSDT/15m/APTUSDT-15m-2024-01.zip,128230
APTUSDT,15m,2024-02,True,APTUSDT/15m/APTUSDT-15m-2024-02.zip,118779
ARBUSDT,15m,2023-04,False,ARBUSDT/15m/ARBUSDT-15m-2023-04.zip,137187
ARBUSDT,15m,2023-05,True,ARBUSDT/15m/ARBUSDT-15m-2023-05.zip,137087
ARBUSDT,15m,2023-06,True,ARBUSDT/15m/ARBUSDT-15m-2023-06.zip,132302
ARBUSDT,15m,2023-07,True,ARBUSDT/15m/ARBUSDT-15m-2023-07.zip,134053
ARBUSDT,15m,2023-08,True,ARBUSDT/15m/ARBUSDT-15m-2023-08.zip,131148
ARBUSDT,15m,2023-09,True,ARBUSDT/15m/ARBUSDT-15m-2023-09.zip,127121
ARBUSDT,15m,2023-10,True,ARBUSDT/15m/ARBUSDT-15m-2023-10.zip,132307
ARBUSDT,15m,2023-11,True,ARBUSDT/15m/ARBUSDT-15m-2023-11.zip,130647
ARBUSDT,15m,2023-12,True,ARBUSDT/15m/ARBUSDT-15m-2023-12.zip,137555
ARBUSDT,15m,2024-01,True,ARBUSDT/15m/ARBUSDT-15m-2024-01.zip,141375
ARBUSDT,15m,2024-02,True,ARBUSDT/15m/ARBUSDT-15m-2024-02.zip,128447
ARKUSDT,15m,2023-10,False,ARKUSDT/15m/ARKUSDT-15m-2023-10.zip,125279
ARKUSDT,15m,2023-11,True,ARKUSDT/15m/ARKUSDT-15m-2023-11.zip,126816
ARKUSDT,15m,2023-12,True,ARKUSDT/15m/ARKUSDT-15m-2023-12.zip,120642
ARPAUSDT,15m,2022-01,False,ARPAUSDT/15m/ARPAUSDT-15m-2022-01.zip,121314
ARPAUSDT,15m,2022-02,False,ARPAUSDT/15m/ARPAUSDT-15m-2022-02.zip,113925
ARPAUSDT,15m,2022-03,True,ARPAUSDT/15m/ARPAUSDT-15m-2022-03.zip,122497
ARPAUSDT,15m,2023-04,False,ARPAUSDT/15m/ARPAUSDT-15m-2023-04.zip,114630
ARPAUSDT,15m,2023-05,False,ARPAUSDT/15m/ARPAUSDT-15m-2023-05.zip,129432
ARPAUSDT,15m,2023-06,True,ARPAUSDT/15m/ARPAUSDT-15m-2023-06.zip,123742
ARPAUSDT,15m,2023-07,True,ARPAUSDT/15m/ARPAUSDT-15m-2023-07.zip,122006
ARUSDT,15m,2022-01,False,ARUSDT/15m/ARUSDT-15m-2022-01.zip,123820
ARUSDT,15m,2022-02,False,ARUSDT/15m/ARUSDT-15m-2022-02.zip,111730
ARUSDT,15m,2022-03,True,ARUSDT/15m/ARUSDT-15m-2022-03.zip,122578
ARUSDT,15m,2022-10,False,ARUSDT/15m/ARUSDT-15m-2022-10.zip,114843
ARUSDT,15m,2022-11,False,ARUSDT/15m/ARUSDT-15m-2022-11.zip,115881
ARUSDT,15m,2022-12,True,ARUSDT/15m/ARUSDT-15m-2022-12.zip,113192
ATOMUSDT,15m,2020-03,False,ATOMUSDT/15m/ATOMUSDT-15m-2020-03.zip,116043
ATOMUSDT,15m,2020-04,True,ATOMUSDT/15m/ATOMUSDT-15m-2020-04.zip,110106
ATOMUSDT,15m,2020-05,True,ATOMUSDT/15m/ATOMUSDT-15m-2020-05.zip,113010
ATOMUSDT,15m,2020-06,True,ATOMUSDT/15m/ATOMUSDT-15m-2020-06.zip,109655
ATOMUSDT,15m,2020-07,True,ATOMUSDT/15m/ATOMUSDT-15m-2020-07.zip,120661
ATOMUSDT,15m,2020-08,True,ATOMUSDT/15m/ATOMUSDT-15m-2020-08.zip,125022
ATOMUSDT,15m,2020-09,True,ATOMUSDT/15m/ATOMUSDT-15m-2020-09.zip,118625
ATOMUSDT,15m,2020-10,True,ATOMUSDT/15m/ATOMUSDT-15m-2020-10.zip,121189
ATOMUSDT,15m,2020-11,True,ATOMUSDT/15m/ATOMUSDT-15m-2020-11.zip,117379
ATOMUSDT,15m,2020-12,True,ATOMUSDT/15m/ATOMUSDT-15m-2020-12.zip,119952
ATOMUSDT,15m,2021-01,True,ATOMUSDT/15m/ATOMUSDT-15m-2021-01.zip,127029
ATOMUSDT,15m,2021-02,True,ATOMUSDT/15m/ATOMUSDT-15m-2021-02.zip,119436
ATOMUSDT,15m,2021-03,True,ATOMUSDT/15m/ATOMUSDT-15m-2021-03.zip,129924
ATOMUSDT,15m,2021-04,True,ATOMUSDT/15m/ATOMUSDT-15m-2021-04.zip,128157
ATOMUSDT,15m,2021-05,True,ATOMUSDT/15m/ATOMUSDT-15m-2021-05.zip,133183
ATOMUSDT,15m,2021-06,True,ATOMUSDT/15m/ATOMUSDT-15m-2021-06.zip,125204
ATOMUSDT,15m,2021-07,True,ATOMUSDT/15m/ATOMUSDT-15m-2021-07.zip,129122
ATOMUSDT,15m,2021-08,True,ATOMUSDT/15m/ATOMUSDT-15m-2021-08.zip,131705
ATOMUSDT,15m,2021-09,True,ATOMUSDT/15m/ATOMUSDT-15m-2021-09.zip,134291
ATOMUSDT,15m,2021-10,True,ATOMUSDT/15m/ATOMUSDT-15m-2021-10.zip,135788
ATOMUSDT,15m,2021-11,True,ATOMUSDT/15m/ATOMUSDT-15m-2021-11.zip,129887
ATOMUSDT,15m,2021-12,True,ATOMUSDT/15m/ATOMUSDT-15m-2021-12.zip,135678
ATOMUSDT,15m,2022-01,True,ATOMUSDT/15m/ATOMUSDT-15m-2022-01.zip,140865
ATOMUSDT,15m,2022-02,True,ATOMUSDT/15m/ATOMUSDT-15m-2022-02.zip,123662
ATOMUSDT,15m,2022-03,True,ATOMUSDT/15m/ATOMUSDT-15m-2022-03.zip,134775
ATOMUSDT,15m,2022-04,True,ATOMUSDT/15m/ATOMUSDT-15m-2022-04.zip,128452
ATOMUSDT,15m,2022-05,True,ATOMUSDT/15m/ATOMUSDT-15m-2022-05.zip,134111
ATOMUSDT,15m,2022-06,True,ATOMUSDT/15m/ATOMUSDT-15m-2022-06.zip,126543
ATOMUSDT,15m,2022-07,True,ATOMUSDT/15m/ATOMUSDT-15m-2022-07.zip,131428
ATOMUSDT,15m,2022-08,True,ATOMUSDT/15m/ATOMUSDT-15m-2022-08.zip,131780
ATOMUSDT,15m,2022-09,True,ATOMUSDT/15m/ATOMUSDT-15m-2022-09.zip,130963
ATOMUSDT,15m,2022-10,True,ATOMUSDT/15m/ATOMUSDT-15m-2022-10.zip,130868
ATOMUSDT,15m,2022-11,True,ATOMUSDT/15m/ATOMUSDT-15m-2022-11.zip,126087
ATOMUSDT,15m,2022-12,True,ATOMUSDT/15m/ATOMUSDT-15m-2022-12.zip,123760
ATOMUSDT,15m,2023-01,True,ATOMUSDT/15m/ATOMUSDT-15m-2023-01.zip,128658
ATOMUSDT,15m,2023-02,True,ATOMUSDT/15m/ATOMUSDT-15m-2023-02.zip,117202
ATOMUSDT,15m,2023-03,True,ATOMUSDT/15m/ATOMUSDT-15m-2023-03.zip,130048
ATOMUSDT,15m,2023-04,True,ATOMUSDT/15m/ATOMUSDT-15m-2023-04.zip,123926
ATOMUSDT,15m,2023-05,True,ATOMUSDT/15m/ATOMUSDT-15m-2023-05.zip,125556
ATOMUSDT,15m,2023-06,True,ATOMUSDT/15m/ATOMUSDT-15m-2023-06.zip,121807
ATOMUSDT,15m,2023-07,True,ATOMUSDT/15m/ATOMUSDT-15m-2023-07.zip,124536
ATOMUSDT,15m,2023-09,False,ATOMUSDT/15m/ATOMUSDT-15m-2023-09.zip,118550
ATOMUSDT,15m,2023-10,False,ATOMUSDT/15m/ATOMUSDT-15m-2023-10.zip,124304
ATOMUSDT,15m,2023-11,True,ATOMUSDT/15m/ATOMUSDT-15m-2023-11.zip,125361
ATOMUSDT,15m,2023-12,True,ATOMUSDT/15m/ATOMUSDT-15m-2023-12.zip,132052
ATOMUSDT,15m,2024-01,True,ATOMUSDT/15m/ATOMUSDT-15m-2024-01.zip,128444
ATOMUSDT,15m,2024-02,True,ATOMUSDT/15m/ATOMUSDT-15m-2024-02.zip,119423
AUDIOUSDT,15m,2022-03,False,AUDIOUSDT/15m/AUDIOUSDT-15m-2022-03.zip,117646
AUDIOUSDT,15m,2022-04,False,AUDIOUSDT/15m/AUDIOUSDT-15m-2022-04.zip,119029
AUDIOUSDT,15m,2022-05,True,AUDIOUSDT/15m/AUDIOUSDT-15m-2022-05.zip,119784
AUDIOUSDT,15m,2022-12,False,AUDIOUSDT/15m/AUDIOUSDT-15m-2022-12.zip,102912
AUDIOUSDT,15m,2023-01,False,AUDIOUSDT/15m/AUDIOUSDT-15m-2023-01.zip,112468
AUDIOUSDT,15m,2023-02,True,AUDIOUSDT/15m/AUDIOUSDT-15m-2023-02.zip,106727
AUDIOUSDT,15m,2023-03,True,AUDIOUSDT/15m/AUDIOUSDT-15m-2023-03.zip,114235
AVAXUSDT,15m,2020-10,False,AVAXUSDT/15m/AVAXUSDT-15m-2020-10.zip,116104
AVAXUSDT,15m,2020-11,True,AVAXUSDT/15m/AVAXUSDT-15m-2020-11.zip,112875
AVAXUSDT,15m,2020-12,True,AVAXUSDT/15m/AVAXUSDT-15m-2020-12.zip,115466
AVAXUSDT,15m,2021-01,True,AVAXUSDT/15m/AVAXUSDT-15m-2021-01.zip,123069
AVAXUSDT,15m,2021-02,True,AVAXUSDT/15m/AVAXUSDT-15m-2021-02.zip,115999
AVAXUSDT,15m,2021-03,True,AVAXUSDT/15m/AVAXUSDT-15m-2021-03.zip,127868
AVAXUSDT,15m,2021-04,True,AVAXUSDT/15m/AVAXUSDT-15m-2021-04.zip,124141
AVAXUSDT,15m,2021-05,True,AVAXUSDT/15m/AVAXUSDT-15m-2021-05.zip,124852
AVAXUSDT,15m,2021-06,True,AVAXUSDT/15m/AVAXUSDT-15m-2021-06.zip,111665
AVAXUSDT,15m,2021-07,True,AVAXUSDT/15m/AVAXUSDT-15m-2021-07.zip,112315
AVAXUSDT,15m,2021-08,False,AVAXUSDT/15m/AVAXUSDT-15m-2021-08.zip,121562
AVAXUSDT,15m,2021-09,True,AVAXUSDT/15m/AVAXUSDT-15m-2021-09.zip,124505
AVAXUSDT,15m,2021-10,True,AVAXUSDT/15m/AVAXUSDT-15m-2021-10.zip,123043
AVAXUSDT,15m,2021-11,True,AVAXUSDT/15m/AVAXUSDT-15m-2021-11.zip,122896
AVAXUSDT,15m,2021-12,True,AVAXUSDT/15m/AVAXUSDT-15m-2021-12.zip,127049
AVAXUSDT,15m,2022-01,True,AVAXUSDT/15m/AVAXUSDT-15m-2022-01.zip,122546
AVAXUSDT,15m,2022-02,True,AVAXUSDT/15m/AVAXUSDT-15m-2022-02.zip,108057
AVAXUSDT,15m,2022-03,True,AVAXUSDT/15m/AVAXUSDT-15m-2022-03.zip,117623
AVAXUSDT,15m,2022-04,True,AVAXUSDT/15m/AVAXUSDT-15m-2022-04.zip,110666
AVAXUSDT,15m,2022-05,True,AVAXUSDT/15m/AVAXUSDT-15m-2022-05.zip,116907
AVAXUSDT,15m,2022-06,True,AVAXUSDT/15m/AVAXUSDT-15m-2022-06.zip,109908
AVAXUSDT,15m,2022-07,True,AVAXUSDT/15m/AVAXUSDT-15m-2022-07.zip,111460
AVAXUSDT,15m,2022-08,True,AVAXUSDT/15m/AVAXUSDT-15m-2022-08.zip,110765
AVAXUSDT,15m,2022-09,True,AVAXUSDT/15m/AVAXUSDT-15m-2022-09.zip,103413
AVAXUSDT,15m,2022-10,True,AVAXUSDT/15m/AVAXUSDT-15m-2022-10.zip,105987
AVAXUSDT,15m,2022-11,True,AVAXUSDT/15m/AVAXUSDT-15m-2022-11.zip,113857
AVAXUSDT,15m,2022-12,True,AVAXUSDT/15m/AVAXUSDT-15m-2022-12.zip,112613
AVAXUSDT,15m,2023-01,True,AVAXUSDT/15m/AVAXUSDT-15m-2023-01.zip,118559
AVAXUSDT,15m,2023-02,True,AVAXUSDT/15m/AVAXUSDT-15m-2023-02.zip,107356
AVAXUSDT,15m,2023-03,True,AVAXUSDT/15m/AVAXUSDT-15m-2023-03.zip,117708
AVAXUSDT,15m,2023-04,True,AVAXUSDT/15m/AVAXUSDT-15m-2023-04.zip,112468
AVAXUSDT,15m,2023-05,True,AVAXUSDT/15m/AVAXUSDT-15m-2023-05.zip,113545
AVAXUSDT,15m,2023-06,True,AVAXUSDT/15m/AVAXUSDT-15m-2023-06.zip,110699
AVAXUSDT,15m,2023-07,True,AVAXUSDT/15m/AVAXUSDT-15m-2023-07.zip,115280
AVAXUSDT,15m,2023-08,True,AVAXUSDT/15m/AVAXUSDT-15m-2023-08.zip,111946
AVAXUSDT,15m,2023-09,True,AVAXUSDT/15m/AVAXUSDT-15m-2023-09.zip,106505
AVAXUSDT,15m,2023-10,True,AVAXUSDT/15m/AVAXUSDT-15m-2023-10.zip,116113
AVAXUSDT,15m,2023-11,True,AVAXUSDT/15m/AVAXUSDT-15m-2023-11.zip,118395
AVAXUSDT,15m,2023-12,True,AVAXUSDT/15m/AVAXUSDT-15m-2023-12.zip,125974
AVAXUSDT,15m,2024-01,True,AVAXUSDT/15m/AVAXUSDT-15m-2024-01.zip,122847
AVAXUSDT,15m,2024-02,True,AVAXUSDT/15m/AVAXUSDT-15m-2024-02.zip,113518
AXSUSDT,15m,2020-12,False,AXSUSDT/15m/AXSUSDT-15m-2020-12.zip,125432
AXSUSDT,15m,2021-01,True,AXSUSDT/15m/AXSUSDT-15m-2021-01.zip,126000
AXSUSDT,15m,2021-03,False,AXSUSDT/15m/AXSUSDT-15m-2021-03.zip,131356
AXSUSDT,15m,2021-04,False,AXSUSDT/15m/AXSUSDT-15m-2021-04.zip,125321
AXSUSDT,15m,2021-05,True,AXSUSDT/15m/AXSUSDT-15m-2021-05.zip,115644
AXSUSDT,15m,2021-06,False,AXSUSDT/15m/AXSUSDT-15m-2021-06.zip,109051
AXSUSDT,15m,2021-07,False,AXSUSDT/15m/AXSUSDT-15m-2021-07.zip,129180
AXSUSDT,15m,2021-08,True,AXSUSDT/15m/AXSUSDT-15m-2021-08.zip,120855
AXSUSDT,15m,2021-09,True,AXSUSDT/15m/AXSUSDT-15m-2021-09.zip,114059
AXSUSDT,15m,2021-10,True,AXSUSDT/15m/AXSUSDT-15m-2021-10.zip,118678
AXSUSDT,15m,2021-11,True,AXSUSDT/15m/AXSUSDT-15m-2021-11.zip,109976
AXSUSDT,15m,2021-12,True,AXSUSDT/15m/AXSUSDT-15m-2021-12.zip,110905
AXSUSDT,15m,2022-01,True,AXSUSDT/15m/AXSUSDT-15m-2022-01.zip,110723
AXSUSDT,15m,2022-02,True,AXSUSDT/15m/AXSUSDT-15m-2022-02.zip,101608
AXSUSDT,15m,2022-03,True,AXSUSDT/15m/AXSUSDT-15m-2022-03.zip,110884
AXSUSDT,15m,2022-04,True,AXSUSDT/15m/AXSUSDT-15m-2022-04.zip,107286
AXSUSDT,15m,2022-05,True,AXSUSDT/15m/AXSUSDT-15m-2022-05.zip,112673
AXSUSDT,15m,2022-06,True,AXSUSDT/15m/AXSUSDT-15m-2022-06.zip,106838
AXSUSDT,15m,2022-07,True,AXSUSDT/15m/AXSUSDT-15m-2022-07.zip,108002
AXSUSDT,15m,2022-08,True,AXSUSDT/15m/AXSUSDT-15m-2022-08.zip,106223
AXSUSDT,15m,2022-09,True,AXSUSDT/15m/AXSUSDT-15m-2022-09.zip,101518
AXSUSDT,15m,2022-10,True,AXSUSDT/15m/AXSUSDT-15m-2022-10.zip,102504
AXSUSDT,15m,2022-11,True,AXSUSDT/15m/AXSUSDT-15m-2022-11.zip,108762
AXSUSDT,15m,2022-12,True,AXSUSDT/15m/AXSUSDT-15m-2022-12.zip,116192
AXSUSDT,15m,2023-01,True,AXSUSDT/15m/AXSUSDT-15m-2023-01.zip,119357
AXSUSDT,15m,2023-02,True,AXSUSDT/15m/AXSUSDT-15m-2023-02.zip,106310
AXSUSDT,15m,2023-03,True,AXSUSDT/15m/AXSUSDT-15m-2023-03.zip,115035
AXSUSDT,15m,2023-04,True,AXSUSDT/15m/AXSUSDT-15m-2023-04.zip,108966
AXSUSDT,15m,2023-05,False,AXSUSDT/15m/AXSUSDT-15m-2023-05.zip,111418
AXSUSDT,15m,2023-06,True,AXSUSDT/15m/AXSUSDT-15m-2023-06.zip,110128
AXSUSDT,15m,2023-07,True,AXSUSDT/15m/AXSUSDT-15m-2023-07.zip,112751
AXSUSDT,15m,2023-08,False,AXSUSDT/15m/AXSUSDT-15m-2023-08.zip,109589
AXSUSDT,15m,2023-09,False,AXSUSDT/15m/AXSUSDT-15m-2023-09.zip,106278
AXSUSDT,15m,2023-10,True,AXSUSDT/15m/AXSUSDT-15m-2023-10.zip,110847
BAKEUSDT,15m,2021-06,False,BAKEUSDT/15m/BAKEUSDT-15m-2021-06.zip,117846
BAKEUSDT,15m,2021-07,True,BAKEUSDT/15m/BAKEUSDT-15m-2021-07.zip,121924
BAKEUSDT,15m,2021-08,True,BAKEUSDT/15m/BAKEUSDT-15m-2021-08.zip,122952
BAKEUSDT,15m,2021-09,True,BAKEUSDT/15m/BAKEUSDT-15m-2021-09.zip,116860
BAKEUSDT,15m,2022-03,False,BAKEUSDT/15m/BAKEUSDT-15m-2022-03.zip,114101
BAKEUSDT,15m,2022-04,False,BAKEUSDT/15m/BAKEUSDT-15m-2022-04.zip,116084
BAKEUSDT,15m,2022-05,True,BAKEUSDT/15m/BAKEUSDT-15m-2022-05.zip,118448
BAKEUSDT,15m,2023-07,False,BAKEUSDT/15m/BAKEUSDT-15m-2023-07.zip,105885
BAKEUSDT,15m,2023-08,False,BAKEUSDT/15m/BAKEUSDT-15m-2023-08.zip,115532
BAKEUSDT,15m,2023-09,True,BAKEUSDT/15m/BAKEUSDT-15m-2023-09.zip,108677
BAKEUSDT,15m,2023-10,False,BAKEUSDT/15m/BAKEUSDT-15m-2023-10.zip,114945
BAKEUSDT,15m,2023-11,True,BAKEUSDT/15m/BAKEUSDT-15m-2023-11.zip,111498
BAKEUSDT,15m,2023-12,False,BAKEUSDT/15m/BAKEUSDT-15m-2023-12.zip,123754
BAKEUSDT,15m,2024-01,True,BAKEUSDT/15m/BAKEUSDT-15m-2024-01.zip,120594
BAKEUSDT,15m,2024-02,True,BAKEUSDT/15m/BAKEUSDT-15m-2024-02.zip,108316
BALUSDT,15m,2020-10,False,BALUSDT/15m/BALUSDT-15m-2020-10.zip,112399
BALUSDT,15m,2020-11,True,BALUSDT/15m/BALUSDT-15m-2020-11.zip,111677
BALUSDT,15m,2020-12,True,BALUSDT/15m/BALUSDT-15m-2020-12.zip,113743
BALUSDT,15m,2022-03,False,BALUSDT/15m/BALUSDT-15m-2022-03.zip,114654
BALUSDT,15m,2022-04,False,BALUSDT/15m/BALUSDT-15m-2022-04.zip,116915
BALUSDT,15m,2022-05,True,BALUSDT/15m/BALUSDT-15m-2022-05.zip,117680
BANDUSDT,15m,2020-08,False,BANDUSDT/15m/BANDUSDT-15m-2020-08.zip,133407
BANDUSDT,15m,2020-09,True,BANDUSDT/15m/BANDUSDT-15m-2020-09.zip,124395
BANDUSDT,15m,2020-10,True,BANDUSDT/15m/BANDUSDT-15m-2020-10.zip,124944
BANDUSDT,15m,2020-11,True,BANDUSDT/15m/BANDUSDT-15m-2020-11.zip,123515
BANDUSDT,15m,2020-12,True,BANDUSDT/15m/BANDUSDT-15m-2020-12.zip,126234
BANDUSDT,15m,2021-01,True,BANDUSDT/15m/BANDUSDT-15m-2021-01.zip,130874
BANDUSDT,15m,2021-02,True,BANDUSDT/15m/BANDUSDT-15m-2021-02.zip,121185
BANDUSDT,15m,2021-03,True,BANDUSDT/15m/BANDUSDT-15m-2021-03.zip,130765
BANDUSDT,15m,2022-01,False,BANDUSDT/15m/BANDUSDT-15m-2022-01.zip,128443
BANDUSDT,15m,2022-02,False,BANDUSDT/15m/BANDUSDT-15m-2022-02.zip,117241
BANDUSDT,15m,2022-03,True,BANDUSDT/15m/BANDUSDT-15m-2022-03.zip,125965
BANDUSDT,15m,2022-10,False,BANDUSDT/15m/BANDUSDT-15m-2022-10.zip,120020
BANDUSDT,15m,2022-11,False,BANDUSDT/15m/BANDUSDT-15m-2022-11.zip,129150
BANDUSDT,15m,2022-12,True,BANDUSDT/15m/BANDUSDT-15m-2022-12.zip,127232
BANDUSDT,15m,2023-01,True,BANDUSDT/15m/BANDUSDT-15m-2023-01.zip,126195
BATUSDT,15m,2020-03,False,BATUSDT/15m/BATUSDT-15m-2020-03.zip,109261
BATUSDT,15m,2020-04,True,BATUSDT/15m/BATUSDT-15m-2020-04.zip,105886
BATUSDT,15m,2020-05,True,BATUSDT/15m/BATUSDT-15m-2020-05.zip,113279
BATUSDT,15m,2020-06,True,BATUSDT/15m/BATUSDT-15m-2020-06.zip,112517
BATUSDT,15m,2020-07,True,BATUSDT/15m/BATUSDT-15m-2020-07.zip,115955
BATUSDT,15m,2020-08,True,BATUSDT/15m/BATUSDT-15m-2020-08.zip,120891
BATUSDT,15m,2020-09,True,BATUSDT/15m/BATUSDT-15m-2020-09.zip,112816
BATUSDT,15m,2020-10,True,BATUSDT/15m/BATUSDT-15m-2020-10.zip,111822
BATUSDT,15m,2021-02,False,BATUSDT/15m/BATUSDT-15m-2021-02.zip,114606
BATUSDT,15m,2021-03,False,BATUSDT/15m/BATUSDT-15m-2021-03.zip,128757
BATUSDT,15m,2021-04,True,BATUSDT/15m/BATUSDT-15m-2021-04.zip,125084
BATUSDT,15m,2021-10,False,BATUSDT/15m/BATUSDT-15m-2021-10.zip,124161
BATUSDT,15m,2021-11,False,BATUSDT/15m/BATUSDT-15m-2021-11.zip,127102
BATUSDT,15m,2021-12,True,BATUSDT/15m/BATUSDT-15m-2021-12.zip,130560
BCHUSDT,15m,2020-03,True,BCHUSDT/15m/BCHUSDT-15m-2020-03.zip,131072
BCHUSDT,15m,2020-04,True,BCHUSDT/15m/BCHUSDT-15m-2020-04.zip,124814
BCHUSDT,15m,2020-05,True,BCHUSDT/15m/BCHUSDT-15m-2020-05.zip,126776
BCHUSDT,15m,2020-06,True,BCHUSDT/15m/BCHUSDT-15m-2020-06.zip,120602
BCHUSDT,15m,2020-07,True,BCHUSDT/15m/BCHUSDT-15m-2020-07.zip,124832
BCHUSDT,15m,2020-08,True,BCHUSDT/15m/BCHUSDT-15m-2020-08.zip,129982
BCHUSDT,15m,2020-09,True,BCHUSDT/15m/BCHUSDT-15m-2020-09.zip,122536
BCHUSDT,15m,2020-10,True,BCHUSDT/15m/BCHUSDT-15m-2020-10.zip,127402
BCHUSDT,15m,2020-11,True,BCHUSDT/15m/BCHUSDT-15m-2020-11.zip,126465
BCHUSDT,15m,2020-12,True,BCHUSDT/15m/BCHUSDT-15m-2020-12.zip,132313
BCHUSDT,15m,2021-01,True,BCHUSDT/15m/BCHUSDT-15m-2021-01.zip,136159
BCHUSDT,15m,2021-02,True,BCHUSDT/15m/BCHUSDT-15m-2021-02.zip,123947
BCHUSDT,15m,2021-03,True,BCHUSDT/15m/BCHUSDT-15m-2021-03.zip,133316
BCHUSDT,15m,2021-04,True,BCHUSDT/15m/BCHUSDT-15m-2021-04.zip,134084
BCHUSDT,15m,2021-05,True,BCHUSDT/15m/BCHUSDT-15m-2021-05.zip,142174
BCHUSDT,15m,2021-06,True,BCHUSDT/15m/BCHUSDT-15m-2021-06.zip,131249
BCHUSDT,15m,2021-07,True,BCHUSDT/15m/BCHUSDT-15m-2021-07.zip,133161
BCHUSDT,15m,2021-08,True,BCHUSDT/15m/BCHUSDT-15m-2021-08.zip,134950
BCHUSDT,15m,2021-09,True,BCHUSDT/15m/BCHUSDT-15m-2021-09.zip,129678
BCHUSDT,15m,2021-10,True,BCHUSDT/15m/BCHUSDT-15m-2021-10.zip,132826
BCHUSDT,15m,2021-11,True,BCHUSDT/15m/BCHUSDT-15m-2021-11.zip,128463
BCHUSDT,15m,2021-12,True,BCHUSDT/15m/BCHUSDT-15m-2021-12.zip,130957
BCHUSDT,15m,2022-01,True,BCHUSDT/15m/BCHUSDT-15m-2022-01.zip,130065
BCHUSDT,15m,2022-02,True,BCHUSDT/15m/BCHUSDT-15m-2022-02.zip,118174
BCHUSDT,15m,2022-03,True,BCHUSDT/15m/BCHUSDT-15m-2022-03.zip,130201
BCHUSDT,15m,2022-04,True,BCHUSDT/15m/BCHUSDT-15m-2022-04.zip,125938
BCHUSDT,15m,2022-05,True,BCHUSDT/15m/BCHUSDT-15m-2022-05.zip,131127
BCHUSDT,15m,2022-06,True,BCHUSDT/15m/BCHUSDT-15m-2022-06.zip,126686
BCHUSDT,15m,2022-07,True,BCHUSDT/15m/BCHUSDT-15m-2022-07.zip,130024
BCHUSDT,15m,2022-08,True,BCHUSDT/15m/BCHUSDT-15m-2022-08.zip,129521
BCHUSDT,15m,2022-09,True,BCHUSDT/15m/BCHUSDT-15m-2022-09.zip,125158
BCHUSDT,15m,2022-10,True,BCHUSDT/15m/BCHUSDT-15m-2022-10.zip,126447
BCHUSDT,15m,2022-11,True,BCHUSDT/15m/BCHUSDT-15m-2022-11.zip,123980
BCHUSDT,15m,2022-12,True,BCHUSDT/15m/BCHUSDT-15m-2022-12.zip,123648
BCHUSDT,15m,2023-01,True,BCHUSDT/15m/BCHUSDT-15m-2023-01.zip,127093
BCHUSDT,15m,2023-02,True,BCHUSDT/15m/BCHUSDT-15m-2023-02.zip,115893
BCHUSDT,15m,2023-03,True,BCHUSDT/15m/BCHUSDT-15m-2023-03.zip,127826
BCHUSDT,15m,2023-04,True,BCHUSDT/15m/BCHUSDT-15m-2023-04.zip,121358
BCHUSDT,15m,2023-05,False,BCHUSDT/15m/BCHUSDT-15m-2023-05.zip,124890
BCHUSDT,15m,2023-06,True,BCHUSDT/15m/BCHUSDT-15m-2023-06.zip,126249
BCHUSDT,15m,2023-07,True,BCHUSDT/15m/BCHUSDT-15m-2023-07.zip,137385
BCHUSDT,15m,2023-08,True,BCHUSDT/15m/BCHUSDT-15m-2023-08.zip,132523
BCHUSDT,15m,2023-09,True,BCHUSDT/15m/BCHUSDT-15m-2023-09.zip,127652
BCHUSDT,15m,2023-10,True,BCHUSDT/15m/BCHUSDT-15m-2023-10.zip,132155
BCHUSDT,15m,2023-11,True,BCHUSDT/15m/BCHUSDT-15m-2023-11.zip,125617
BCHUSDT,15m,2023-12,True,BCHUSDT/15m/BCHUSDT-15m-2023-12.zip,130435
BCHUSDT,15m,2024-01,True,BCHUSDT/15m/BCHUSDT-15m-2024-01.zip,130535
BCHUSDT,15m,2024-02,True,BCHUSDT/15m/BCHUSDT-15m-2024-02.zip,121585
BELUSDT,15m,2020-12,False,BELUSDT/15m/BELUSDT-15m-2020-12.zip,124055
BELUSDT,15m,2021-01,True,BELUSDT/15m/BELUSDT-15m-2021-01.zip,125734
BELUSDT,15m,2022-04,False,BELUSDT/15m/BELUSDT-15m-2022-04.zip,113518
BELUSDT,15m,2022-05,False,BELUSDT/15m/BELUSDT-15m-2022-05.zip,121180
BELUSDT,15m,2022-06,True,BELUSDT/15m/BELUSDT-15m-2022-06.zip,124718
BELUSDT,15m,2022-07,True,BELUSDT/15m/BELUSDT-15m-2022-07.zip,119974
BELUSDT,15m,2023-03,False,BELUSDT/15m/BELUSDT-15m-2023-03.zip,117188
BELUSDT,15m,2023-04,False,BELUSDT/15m/BELUSDT-15m-2023-04.zip,116304
BELUSDT,15m,2023-05,True,BELUSDT/15m/BELUSDT-15m-2023-05.zip,120349
BELUSDT,15m,2023-06,True,BELUSDT/15m/BELUSDT-15m-2023-06.zip,114297
BIGTIMEUSDT,15m,2023-11,False,BIGTIMEUSDT/15m/BIGTIMEUSDT-15m-2023-11.zip,121559
BIGTIMEUSDT,15m,2023-12,False,BIGTIMEUSDT/15m/BIGTIMEUSDT-15m-2023-12.zip,132842
BIGTIMEUSDT,15m,2024-01,True,BIGTIMEUSDT/15m/BIGTIMEUSDT-15m-2024-01.zip,126036
BLURUSDT,15m,2023-09,False,BLURUSDT/15m/BLURUSDT-15m-2023-09.zip,110502
BLURUSDT,15m,2023-10,False,BLURUSDT/15m/BLURUSDT-15m-2023-10.zip,118873
BLURUSDT,15m,2023-11,True,BLURUSDT/15m/BLURUSDT-15m-2023-11.zip,127075
BLURUSDT,15m,2023-12,True,BLURUSDT/15m/BLURUSDT-15m-2023-12.zip,128139
BLURUSDT,15m,2024-01,True,BLURUSDT/15m/BLURUSDT-15m-2024-01.zip,130144
BLURUSDT,15m,2024-02,True,BLURUSDT/15m/BLURUSDT-15m-2024-02.zip,119680
BLZUSDT,15m,2022-01,False,BLZUSDT/15m/BLZUSDT-15m-2022-01.zip,124142
BLZUSDT,15m,2022-02,False,BLZUSDT/15m/BLZUSDT-15m-2022-02.zip,116494
BLZUSDT,15m,2022-03,True,BLZUSDT/15m/BLZUSDT-15m-2022-03.zip,123394
BLZUSDT,15m,2022-05,False,BLZUSDT/15m/BLZUSDT-15m-2022-05.zip,123911
BLZUSDT,15m,2022-06,False,BLZUSDT/15m/BLZUSDT-15m-2022-06.zip,125735
BLZUSDT,15m,2022-07,True,BLZUSDT/15m/BLZUSDT-15m-2022-07.zip,123611
BLZUSDT,15m,2022-08,False,BLZUSDT/15m/BLZUSDT-15m-2022-08.zip,124697
BLZUSDT,15m,2022-09,True,BLZUSDT/15m/BLZUSDT-15m-2022-09.zip,116777
BLZUSDT,15m,2023-07,False,BLZUSDT/15m/BLZUSDT-15m-2023-07.zip,116574
BLZUSDT,15m,2023-08,False,BLZUSDT/15m/BLZUSDT-15m-2023-08.zip,128804
BLZUSDT,15m,2023-09,True,BLZUSDT/15m/BLZUSDT-15m-2023-09.zip,128253
BLZUSDT,15m,2023-10,True,BLZUSDT/15m/BLZUSDT-15m-2023-10.zip,129697
BLZUSDT,15m,2023-11,True,BLZUSDT/15m/BLZUSDT-15m-2023-11.zip,123080
BNBUSDT,15m,2020-03,False,BNBUSDT/15m/BNBUSDT-15m-2020-03.zip,125828
BNBUSDT,15m,2020-04,True,BNBUSDT/15m/BNBUSDT-15m-2020-04.zip,120589
BNBUSDT,15m,2020-05,True,BNBUSDT/15m/BNBUSDT-15m-2020-05.zip,122322
BNBUSDT,15m,2020-06,True,BNBUSDT/15m/BNBUSDT-15m-2020-06.zip,114871
BNBUSDT,15m,2020-07,True,BNBUSDT/15m/BNBUSDT-15m-2020-07.zip,123907
BNBUSDT,15m,2020-08,True,BNBUSDT/15m/BNBUSDT-15m-2020-08.zip,126182
BNBUSDT,15m,2020-09,True,BNBUSDT/15m/BNBUSDT-15m-2020-09.zip,126973
BNBUSDT,15m,2020-10,True,BNBUSDT/15m/BNBUSDT-15m-2020-10.zip,127943
BNBUSDT,15m,2020-11,True,BNBUSDT/15m/BNBUSDT-15m-2020-11.zip,124245
BNBUSDT,15m,2020-12,True,BNBUSDT/15m/BNBUSDT-15m-2020-12.zip,128764
BNBUSDT,15m,2021-01,True,BNBUSDT/15m/BNBUSDT-15m-2021-01.zip,131959
BNBUSDT,15m,2021-02,True,BNBUSDT/15m/BNBUSDT-15m-2021-02.zip,128927
BNBUSDT,15m,2021-03,True,BNBUSDT/15m/BNBUSDT-15m-2021-03.zip,142305
BNBUSDT,15m,2021-04,True,BNBUSDT/15m/BNBUSDT-15m-2021-04.zip,142238
BNBUSDT,15m,2021-05,True,BNBUSDT/15m/BNBUSDT-15m-2021-05.zip,142723
BNBUSDT,15m,2021-06,True,BNBUSDT/15m/BNBUSDT-15m-2021-06.zip,134003
BNBUSDT,15m,2021-07,True,BNBUSDT/15m/BNBUSDT-15m-2021-07.zip,134506
BNBUSDT,15m,2021-08,True,BNBUSDT/15m/BNBUSDT-15m-2021-08.zip,134842
BNBUSDT,15m,2021-09,True,BNBUSDT/15m/BNBUSDT-15m-2021-09.zip,129692
BNBUSDT,15m,2021-10,True,BNBUSDT/15m/BNBUSDT-15m-2021-10.zip,133120
BNBUSDT,15m,2021-11,True,BNBUSDT/15m/BNBUSDT-15m-2021-11.zip,131202
BNBUSDT,15m,2021-12,True,BNBUSDT/15m/BNBUSDT-15m-2021-12.zip,132427
BNBUSDT,15m,2022-01,True,BNBUSDT/15m/BNBUSDT-15m-2022-01.zip,132451
BNBUSDT,15m,2022-02,True,BNBUSDT/15m/BNBUSDT-15m-2022-02.zip,118964
BNBUSDT,15m,2022-03,True,BNBUSDT/15m/BNBUSDT-15m-2022-03.zip,129316
BNBUSDT,15m,2022-04,True,BNBUSDT/15m/BNBUSDT-15m-2022-04.zip,124860
BNBUSDT,15m,2022-05,True,BNBUSDT/15m/BNBUSDT-15m-2022-05.zip,131863
BNBUSDT,15m,2022-06,True,BNBUSDT/15m/BNBUSDT-15m-2022-06.zip,128051
BNBUSDT,15m,2022-07,True,BNBUSDT/15m/BNBUSDT-15m-2022-07.zip,130177
BNBUSDT,15m,2022-08,True,BNBUSDT/15m/BNBUSDT-15m-2022-08.zip,131475
BNBUSDT,15m,2022-09,True,BNBUSDT/15m/BNBUSDT-15m-2022-09.zip,124684
BNBUSDT,15m,2022-10,True,BNBUSDT/15m/BNBUSDT-15m-2022-10.zip,126778
BNBUSDT,15m,2022-11,True,BNBUSDT/15m/BNBUSDT-15m-2022-11.zip,128434
BNBUSDT,15m,2022-12,True,BNBUSDT/15m/BNBUSDT-15m-2022-12.zip,128413
BNBUSDT,15m,2023-01,True,BNBUSDT/15m/BNBUSDT-15m-2023-01.zip,129229
BNBUSDT,15m,2023-02,True,BNBUSDT/15m/BNBUSDT-15m-2023-02.zip,117313
BNBUSDT,15m,2023-03,True,BNBUSDT/15m/BNBUSDT-15m-2023-03.zip,129343
BNBUSDT,15m,2023-04,True,BNBUSDT/15m/BNBUSDT-15m-2023-04.zip,122775
BNBUSDT,15m,2023-05,True,BNBUSDT/15m/BNBUSDT-15m-2023-05.zip,125258
BNBUSDT,15m,2023-06,True,BNBUSDT/15m/BNBUSDT-15m-2023-06.zip,125798
BNBUSDT,15m,2023-07,True,BNBUSDT/15m/BNBUSDT-15m-2023-07.zip,126440
BNBUSDT,15m,2023-08,True,BNBUSDT/15m/BNBUSDT-15m-2023-08.zip,124336
BNBUSDT,15m,2023-09,True,BNBUSDT/15m/BNBUSDT-15m-2023-09.zip,118609
BNBUSDT,15m,2023-10,True,BNBUSDT/15m/BNBUSDT-15m-2023-10.zip,123623
BNBUSDT,15m,2023-11,True,BNBUSDT/15m/BNBUSDT-15m-2023-11.zip,123776
BNBUSDT,15m,2023-12,True,BNBUSDT/15m/BNBUSDT-15m-2023-12.zip,129464
BNBUSDT,15m,2024-01,True,BNBUSDT/15m/BNBUSDT-15m-2024-01.zip,128858
BNBUSDT,15m,2024-02,True,BNBUSDT/15m/BNBUSDT-15m-2024-02.zip,120113
BNTUSDT,15m,2023-09,False,BNTUSDT/15m/BNTUSDT-15m-2023-09.zip,107993
BNTUSDT,15m,2023-10,False,BNTUSDT/15m/BNTUSDT-15m-2023-10.zip,122028
BNTUSDT,15m,2023-11,True,BNTUSDT/15m/BNTUSDT-15m-2023-11.zip,118757
BNXUSDT,15m,2022-11,False,BNXUSDT/15m/BNXUSDT-15m-2022-11.zip,109245
BNXUSDT,15m,2022-12,False,BNXUSDT/15m/BNXUSDT-15m-2022-12.zip,117007
BNXUSDT,15m,2023-01,True,BNXUSDT/15m/BNXUSDT-15m-2023-01.zip,111490
BTCUSDT,15m,2020-03,True,BTCUSDT/15m/BTCUSDT-15m-2020-03.zip,143581
BTCUSDT,15m,2020-04,True,BTCUSDT/15m/BTCUSDT-15m-2020-04.zip,138390
BTCUSDT,15m,2020-05,True,BTCUSDT/15m/BTCUSDT-15m-2020-05.zip,144024
BTCUSDT,15m,2020-06,True,BTCUSDT/15m/BTCUSDT-15m-2020-06.zip,135897
BTCUSDT,15m,2020-07,True,BTCUSDT/15m/BTCUSDT-15m-2020-07.zip,138871
BTCUSDT,15m,2020-08,True,BTCUSDT/15m/BTCUSDT-15m-2020-08.zip,142759
BTCUSDT,15m,2020-09,True,BTCUSDT/15m/BTCUSDT-15m-2020-09.zip,138064
BTCUSDT,15m,2020-10,True,BTCUSDT/15m/BTCUSDT-15m-2020-10.zip,142405
BTCUSDT,15m,2020-11,True,BTCUSDT/15m/BTCUSDT-15m-2020-11.zip,142846
BTCUSDT,15m,2020-12,True,BTCUSDT/15m/BTCUSDT-15m-2020-12.zip,147987
BTCUSDT,15m,2021-01,True,BTCUSDT/15m/BTCUSDT-15m-2021-01.zip,152367
BTCUSDT,15m,2021-02,True,BTCUSDT/15m/BTCUSDT-15m-2021-02.zip,137417
BTCUSDT,15m,2021-03,True,BTCUSDT/15m/BTCUSDT-15m-2021-03.zip,152137
BTCUSDT,15m,2021-04,True,BTCUSDT/15m/BTCUSDT-15m-2021-04.zip,146457
BTCUSDT,15m,2021-05,True,BTCUSDT/15m/BTCUSDT-15m-2021-05.zip,154209
BTCUSDT,15m,2021-06,True,BTCUSDT/15m/BTCUSDT-15m-2021-06.zip,148508
BTCUSDT,15m,2021-07,True,BTCUSDT/15m/BTCUSDT-15m-2021-07.zip,151061
BTCUSDT,15m,2021-08,True,BTCUSDT/15m/BTCUSDT-15m-2021-08.zip,151593
BTCUSDT,15m,2021-09,True,BTCUSDT/15m/BTCUSDT-15m-2021-09.zip,146664
BTCUSDT,15m,2021-10,True,BTCUSDT/15m/BTCUSDT-15m-2021-10.zip,151726
BTCUSDT,15m,2021-11,True,BTCUSDT/15m/BTCUSDT-15m-2021-11.zip,146206
BTCUSDT,15m,2021-12,True,BTCUSDT/15m/BTCUSDT-15m-2021-12.zip,151429
BTCUSDT,15m,2022-01,True,BTCUSDT/15m/BTCUSDT-15m-2022-01.zip,151020
BTCUSDT,15m,2022-02,True,BTCUSDT/15m/BTCUSDT-15m-2022-02.zip,135101
BTCUSDT,15m,2022-03,True,BTCUSDT/15m/BTCUSDT-15m-2022-03.zip,146333
BTCUSDT,15m,2022-04,True,BTCUSDT/15m/BTCUSDT-15m-2022-04.zip,140454
BTCUSDT,15m,2022-05,True,BTCUSDT/15m/BTCUSDT-15m-2022-05.zip,146513
BTCUSDT,15m,2022-06,True,BTCUSDT/15m/BTCUSDT-15m-2022-06.zip,141973
BTCUSDT,15m,2022-07,True,BTCUSDT/15m/BTCUSDT-15m-2022-07.zip,145550
BTCUSDT,15m,2022-08,True,BTCUSDT/15m/BTCUSDT-15m-2022-08.zip,143927
BTCUSDT,15m,2022-09,True,BTCUSDT/15m/BTCUSDT-15m-2022-09.zip,139666
BTCUSDT,15m,2022-10,True,BTCUSDT/15m/BTCUSDT-15m-2022-10.zip,141497
BTCUSDT,15m,2022-11,True,BTCUSDT/15m/BTCUSDT-15m-2022-11.zip,137846
BTCUSDT,15m,2022-12,True,BTCUSDT/15m/BTCUSDT-15m-2022-12.zip,137311
BTCUSDT,15m,2023-01,True,BTCUSDT/15m/BTCUSDT-15m-2023-01.zip,140488
BTCUSDT,15m,2023-02,True,BTCUSDT/15m/BTCUSDT-15m-2023-02.zip,129016
BTCUSDT,15m,2023-03,True,BTCUSDT/15m/BTCUSDT-15m-2023-03.zip,144941
BTCUSDT,15m,2023-04,True,BTCUSDT/15m/BTCUSDT-15m-2023-04.zip,138552
BTCUSDT,15m,2023-05,True,BTCUSDT/15m/BTCUSDT-15m-2023-05.zip,142660
BTCUSDT,15m,2023-06,True,BTCUSDT/15m/BTCUSDT-15m-2023-06.zip,138330
BTCUSDT,15m,2023-07,True,BTCUSDT/15m/BTCUSDT-15m-2023-07.zip,140229
BTCUSDT,15m,2023-08,True,BTCUSDT/15m/BTCUSDT-15m-2023-08.zip,138936
BTCUSDT,15m,2023-09,True,BTCUSDT/15m/BTCUSDT-15m-2023-09.zip,134048
BTCUSDT,15m,2023-10,True,BTCUSDT/15m/BTCUSDT-15m-2023-10.zip,140804
BTCUSDT,15m,2023-11,True,BTCUSDT/15m/BTCUSDT-15m-2023-11.zip,136797
BTCUSDT,15m,2023-12,True,BTCUSDT/15m/BTCUSDT-15m-2023-12.zip,143554
BTCUSDT,15m,2024-01,True,BTCUSDT/15m/BTCUSDT-15m-2024-01.zip,145000
BTCUSDT,15m,2024-02,True,BTCUSDT/15m/BTCUSDT-15m-2024-02.zip,135641
BTTUSDT,15m,2021-05,False,BTTUSDT/15m/BTTUSDT-15m-2021-05.zip,136750
BTTUSDT,15m,2021-06,True,BTTUSDT/15m/BTTUSDT-15m-2021-06.zip,126863
BTTUSDT,15m,2021-07,True,BTTUSDT/15m/BTTUSDT-15m-2021-07.zip,126443
BTTUSDT,15m,2021-08,False,BTTUSDT/15m/BTTUSDT-15m-2021-08.zip,134008
BTTUSDT,15m,2021-09,True,BTTUSDT/15m/BTTUSDT-15m-2021-09.zip,128037
BTTUSDT,15m,2021-11,False,BTTUSDT/15m/BTTUSDT-15m-2021-11.zip,127024
BTTUSDT,15m,2021-12,False,BTTUSDT/15m/BTTUSDT-15m-2021-12.zip,133043
BTTUSDT,15m,2022-01,True,BTTUSDT/15m/BTTUSDT-15m-2022-01.zip,63356
BZRXUSDT,15m,2020-10,False,BZRXUSDT/15m/BZRXUSDT-15m-2020-10.zip,108126
BZRXUSDT,15m,2020-11,True,BZRXUSDT/15m/BZRXUSDT-15m-2020-11.zip,109831
BZRXUSDT,15m,2020-12,True,BZRXUSDT/15m/BZRXUSDT-15m-2020-12.zip,111935
BZRXUSDT,15m,2021-01,True,BZRXUSDT/15m/BZRXUSDT-15m-2021-01.zip,114946
C98USDT,15m,2021-09,False,C98USDT/15m/C98USDT-15m-2021-09.zip,121306
C98USDT,15m,2021-10,True,C98USDT/15m/C98USDT-15m-2021-10.zip,123002
C98USDT,15m,2021-11,True,C98USDT/15m/C98USDT-15m-2021-11.zip,116626
C98USDT,15m,2023-07,False,C98USDT/15m/C98USDT-15m-2023-07.zip,107497
C98USDT,15m,2023-08,False,C98USDT/15m/C98USDT-15m-2023-08.zip,112825
C98USDT,15m,2023-09,True,C98USDT/15m/C98USDT-15m-2023-09.zip,105251
CELOUSDT,15m,2022-03,False,CELOUSDT/15m/CELOUSDT-15m-2022-03.zip,116778
CELOUSDT,15m,2022-04,False,CELOUSDT/15m/CELOUSDT-15m-2022-04.zip,114585
CELOUSDT,15m,2022-05,True,CELOUSDT/15m/CELOUSDT-15m-2022-05.zip,116377
CELOUSDT,15m,2022-11,False,CELOUSDT/15m/CELOUSDT-15m-2022-11.zip,108237
CELOUSDT,15m,2022-12,False,CELOUSDT/15m/CELOUSDT-15m-2022-12.zip,109987
CELOUSDT,15m,2023-01,True,CELOUSDT/15m/CELOUSDT-15m-2023-01.zip,111602
CELOUSDT,15m,2023-06,False,CELOUSDT/15m/CELOUSDT-15m-2023-06.zip,105108
CELOUSDT,15m,2023-07,False,CELOUSDT/15m/CELOUSDT-15m-2023-07.zip,111447
CELOUSDT,15m,2023-08,True,CELOUSDT/15m/CELOUSDT-15m-2023-08.zip,107802
CELRUSDT,15m,2021-08,False,CELRUSDT/15m/CELRUSDT-15m-2021-08.zip,123719
CELRUSDT,15m,2021-09,False,CELRUSDT/15m/CELRUSDT-15m-2021-09.zip,129523
CELRUSDT,15m,2021-10,True,CELRUSDT/15m/CELRUSDT-15m-2021-10.zip,130997
CELRUSDT,15m,2021-11,True,CELRUSDT/15m/CELRUSDT-15m-2021-11.zip,126290
CELRUSDT,15m,2021-12,True,CELRUSDT/15m/CELRUSDT-15m-2021-12.zip,129924
CELRUSDT,15m,2022-01,True,CELRUSDT/15m/CELRUSDT-15m-2022-01.zip,129832
CELRUSDT,15m,2022-02,True,CELRUSDT/15m/CELRUSDT-15m-2022-02.zip,114613
CELRUSDT,15m,2022-03,True,CELRUSDT/15m/CELRUSDT-15m-2022-03.zip,125682
CELRUSDT,15m,2022-04,False,CELRUSDT/15m/CELRUSDT-15m-2022-04.zip,122601
CELRUSDT,15m,2022-05,True,CELRUSDT/15m/CELRUSDT-15m-2022-05.zip,125133
CELRUSDT,15m,2023-03,False,CELRUSDT/15m/CELRUSDT-15m-2023-03.zip,121596
CELRUSDT,15m,2023-04,False,CELRUSDT/15m/CELRUSDT-15m-2023-04.zip,119274
CELRUSDT,15m,2023-05,True,CELRUSDT/15m/CELRUSDT-15m-2023-05.zip,119749
CFXUSDT,15m,2023-03,False,CFXUSDT/15m/CFXUSDT-15m-2023-03.zip,134944
CFXUSDT,15m,2023-04,True,CFXUSDT/15m/CFXUSDT-15m-2023-04.zip,126546
CFXUSDT,15m,2023-05,True,CFXUSDT/15m/CFXUSDT-15m-2023-05.zip,128406
CFXUSDT,15m,2023-06,True,CFXUSDT/15m/CFXUSDT-15m-2023-06.zip,123230
CFXUSDT,15m,2023-07,True,CFXUSDT/15m/CFXUSDT-15m-2023-07.zip,122829
CFXUSDT,15m,2023-08,True,CFXUSDT/15m/CFXUSDT-15m-2023-08.zip,121520
CFXUSDT,15m,2023-09,True,CFXUSDT/15m/CFXUSDT-15m-2023-09.zip,115671
CFXUSDT,15m,2023-10,True,CFXUSDT/15m/CFXUSDT-15m-2023-10.zip,120647
CFXUSDT,15m,2023-11,True,CFXUSDT/15m/CFXUSDT-15m-2023-11.zip,119537
CFXUSDT,15m,2023-12,False,CFXUSDT/15m/CFXUSDT-15m-2023-12.zip,123982
CFXUSDT,15m,2024-01,False,CFXUSDT/15m/CFXUSDT-15m-2024-01.zip,125828
CFXUSDT,15m,2024-02,True,CFXUSDT/15m/CFXUSDT-15m-2024-02.zip,115902
CHRUSDT,15m,2021-06,False,CHRUSDT/15m/CHRUSDT-15m-2021-06.zip,109248
CHRUSDT,15m,2021-07,False,CHRUSDT/15m/CHRUSDT-15m-2021-07.zip,121021
CHRUSDT,15m,2021-08,True,CHRUSDT/15m/CHRUSDT-15m-2021-08.zip,121235
CHRUSDT,15m,2021-09,True,CHRUSDT/15m/CHRUSDT-15m-2021-09.zip,114779
CHRUSDT,15m,2021-10,False,CHRUSDT/15m/CHRUSDT-15m-2021-10.zip,117921
CHRUSDT,15m,2021-11,False,CHRUSDT/15m/CHRUSDT-15m-2021-11.zip,124324
CHRUSDT,15m,2021-12,True,CHRUSDT/15m/CHRUSDT-15m-2021-12.zip,122767
CHRUSDT,15m,2022-01,True,CHRUSDT/15m/CHRUSDT-15m-2022-01.zip,122764
CHRUSDT,15m,2022-02,True,CHRUSDT/15m/CHRUSDT-15m-2022-02.zip,108196
CHRUSDT,15m,2022-03,True,CHRUSDT/15m/CHRUSDT-15m-2022-03.zip,117624
CHRUSDT,15m,2022-04,False,CHRUSDT/15m/CHRUSDT-15m-2022-04.zip,114387
CHRUSDT,15m,2022-05,True,CHRUSDT/15m/CHRUSDT-15m-2022-05.zip,117052
CHZUSDT,15m,2021-02,False,CHZUSDT/15m/CHZUSDT-15m-2021-02.zip,110606
CHZUSDT,15m,2021-03,False,CHZUSDT/15m/CHZUSDT-15m-2021-03.zip,137309
CHZUSDT,15m,2021-04,True,CHZUSDT/15m/CHZUSDT-15m-2021-04.zip,132165
CHZUSDT,15m,2021-05,True,CHZUSDT/15m/CHZUSDT-15m-2021-05.zip,134452
CHZUSDT,15m,2021-06,True,CHZUSDT/15m/CHZUSDT-15m-2021-06.zip,128897
CHZUSDT,15m,2021-07,True,CHZUSDT/15m/CHZUSDT-15m-2021-07.zip,129813
CHZUSDT,15m,2021-08,True,CHZUSDT/15m/CHZUSDT-15m-2021-08.zip,131816
CHZUSDT,15m,2021-09,True,CHZUSDT/15m/CHZUSDT-15m-2021-09.zip,125924
CHZUSDT,15m,2021-10,False,CHZUSDT/15m/CHZUSDT-15m-2021-10.zip,130526
CHZUSDT,15m,2021-11,True,CHZUSDT/15m/CHZUSDT-15m-2021-11.zip,130854
CHZUSDT,15m,2021-12,True,CHZUSDT/15m/CHZUSDT-15m-2021-12.zip,129889
CHZUSDT,15m,2022-01,False,CHZUSDT/15m/CHZUSDT-15m-2022-01.zip,128337
CHZUSDT,15m,2022-02,False,CHZUSDT/15m/CHZUSDT-15m-2022-02.zip,115461
CHZUSDT,15m,2022-03,True,CHZUSDT/15m/CHZUSDT-15m-2022-03.zip,129870
CHZUSDT,15m,2022-04,True,CHZUSDT/15m/CHZUSDT-15m-2022-04.zip,124732
CHZUSDT,15m,2022-05,True,CHZUSDT/15m/CHZUSDT-15m-2022-05.zip,127969
CHZUSDT,15m,2022-07,False,CHZUSDT/15m/CHZUSDT-15m-2022-07.zip,125804
CHZUSDT,15m,2022-08,False,CHZUSDT/15m/CHZUSDT-15m-2022-08.zip,134205
CHZUSDT,15m,2022-09,True,CHZUSDT/15m/CHZUSDT-15m-2022-09.zip,130374
CHZUSDT,15m,2022-10,True,CHZUSDT/15m/CHZUSDT-15m-2022-10.zip,131382
CHZUSDT,15m,2022-11,True,CHZUSDT/15m/CHZUSDT-15m-2022-11.zip,132787
CHZUSDT,15m,2022-12,True,CHZUSDT/15m/CHZUSDT-15m-2022-12.zip,128251
CHZUSDT,15m,2023-01,True,CHZUSDT/15m/CHZUSDT-15m-2023-01.zip,128211
CHZUSDT,15m,2023-02,True,CHZUSDT/15m/CHZUSDT-15m-2023-02.zip,115423
CHZUSDT,15m,2023-03,True,CHZUSDT/15m/CHZUSDT-15m-2023-03.zip,125715
CHZUSDT,15m,2023-04,False,CHZUSDT/15m/CHZUSDT-15m-2023-04.zip,122502
CHZUSDT,15m,2023-05,True,CHZUSDT/15m/CHZUSDT-15m-2023-05.zip,123091
CHZUSDT,15m,2023-12,False,CHZUSDT/15m/CHZUSDT-15m-2023-12.zip,123785
CHZUSDT,15m,2024-01,False,CHZUSDT/15m/CHZUSDT-15m-2024-01.zip,128061
CHZUSDT,15m,2024-02,True,CHZUSDT/15m/CHZUSDT-15m-2024-02.zip,118168
CKBUSDT,15m,2024-01,False,CKBUSDT/15m/CKBUSDT-15m-2024-01.zip,126504
CKBUSDT,15m,2024-02,False,CKBUSDT/15m/CKBUSDT-15m-2024-02.zip,133316
COCOSUSDT,15m,2023-03,False,COCOSUSDT/15m/COCOSUSDT-15m-2023-03.zip,121522
COCOSUSDT,15m,2023-04,False,COCOSUSDT/15m/COCOSUSDT-15m-2023-04.zip,120003
COCOSUSDT,15m,2023-05,True,COCOSUSDT/15m/COCOSUSDT-15m-2023-05.zip,102095
COMPUSDT,15m,2020-07,False,COMPUSDT/15m/COMPUSDT-15m-2020-07.zip,122391
COMPUSDT,15m,2020-08,True,COMPUSDT/15m/COMPUSDT-15m-2020-08.zip,127099
COMPUSDT,15m,2020-09,True,COMPUSDT/15m/COMPUSDT-15m-2020-09.zip,121230
COMPUSDT,15m,2020-10,True,COMPUSDT/15m/COMPUSDT-15m-2020-10.zip,122394
COMPUSDT,15m,2020-11,True,COMPUSDT/15m/COMPUSDT-15m-2020-11.zip,121033
COMPUSDT,15m,2020-12,True,COMPUSDT/15m/COMPUSDT-15m-2020-12.zip,126851
COMPUSDT,15m,2021-01,True,COMPUSDT/15m/COMPUSDT-15m-2021-01.zip,129020
COMPUSDT,15m,2021-02,True,COMPUSDT/15m/COMPUSDT-15m-2021-02.zip,118300
COMPUSDT,15m,2021-06,False,COMPUSDT/15m/COMPUSDT-15m-2021-06.zip,124634
COMPUSDT,15m,2021-07,False,COMPUSDT/15m/COMPUSDT-15m-2021-07.zip,132475
COMPUSDT,15m,2021-08,True,COMPUSDT/15m/COMPUSDT-15m-2021-08.zip,131467
COMPUSDT,15m,2022-03,False,COMPUSDT/15m/COMPUSDT-15m-2022-03.zip,125297
COMPUSDT,15m,2022-04,False,COMPUSDT/15m/COMPUSDT-15m-2022-04.zip,123499
COMPUSDT,15m,2022-05,True,COMPUSDT/15m/COMPUSDT-15m-2022-05.zip,125648
COMPUSDT,15m,2022-06,False,COMPUSDT/15m/COMPUSDT-15m-2022-06.zip,121814
COMPUSDT,15m,2022-07,False,COMPUSDT/15m/COMPUSDT-15m-2022-07.zip,125603
COMPUSDT,15m,2022-08,True,COMPUSDT/15m/COMPUSDT-15m-2022-08.zip,123292
COMPUSDT,15m,2022-09,False,COMPUSDT/15m/COMPUSDT-15m-2022-09.zip,120602
COMPUSDT,15m,2022-10,True,COMPUSDT/15m/COMPUSDT-15m-2022-10.zip,120863
COMPUSDT,15m,2023-05,False,COMPUSDT/15m/COMPUSDT-15m-2023-05.zip,116226
COMPUSDT,15m,2023-06,False,COMPUSDT/15m/COMPUSDT-15m-2023-06.zip,116513
COMPUSDT,15m,2023-07,True,COMPUSDT/15m/COMPUSDT-15m-2023-07.zip,133169
COMPUSDT,15m,2023-08,True,COMPUSDT/15m/COMPUSDT-15m-2023-08.zip,125909
COMPUSDT,15m,2023-09,True,COMPUSDT/15m/COMPUSDT-15m-2023-09.zip,118367
COMPUSDT,15m,2023-10,True,COMPUSDT/15m/COMPUSDT-15m-2023-10.zip,121530
COTIUSDT,15m,2021-08,False,COTIUSDT/15m/COTIUSDT-15m-2021-08.zip,129272
COTIUSDT,15m,2021-09,False,COTIUSDT/15m/COTIUSDT-15m-2021-09.zip,129725
COTIUSDT,15m,2021-10,True,COTIUSDT/15m/COTIUSDT-15m-2021-10.zip,131865
COTIUSDT,15m,2021-11,True,COTIUSDT/15m/COTIUSDT-15m-2021-11.zip,125830
COTIUSDT,15m,2021-12,False,COTIUSDT/15m/COTIUSDT-15m-2021-12.zip,129354
COTIUSDT,15m,2022-01,False,COTIUSDT/15m/COTIUSDT-15m-2022-01.zip,129997
COTIUSDT,15m,2022-02,True,COTIUSDT/15m/COTIUSDT-15m-2022-02.zip,115587
COTIUSDT,15m,2022-03,True,COTIUSDT/15m/COTIUSDT-15m-2022-03.zip,125673
COTIUSDT,15m,2022-04,False,COTIUSDT/15m/COTIUSDT-15m-2022-04.zip,123954
COTIUSDT,15m,2022-05,True,COTIUSDT/15m/COTIUSDT-15m-2022-05.zip,126664
COTIUSDT,15m,2024-01,False,COTIUSDT/15m/COTIUSDT-15m-2024-01.zip,118271
COTIUSDT,15m,2024-02,False,COTIUSDT/15m/COTIUSDT-15m-2024-02.zip,120803
CRVUSDT,15m,2020-10,False,CRVUSDT/15m/CRVUSDT-15m-2020-10.zip,112025
CRVUSDT,15m,2020-11,True,CRVUSDT/15m/CRVUSDT-15m-2020-11.zip,113173
CRVUSDT,15m,2020-12,True,CRVUSDT/15m/CRVUSDT-15m-2020-12.zip,113329
CRVUSDT,15m,2021-01,True,CRVUSDT/15m/CRVUSDT-15m-2021-01.zip,120014
CRVUSDT,15m,2021-02,True,CRVUSDT/15m/CRVUSDT-15m-2021-02.zip,109520
CRVUSDT,15m,2021-03,True,CRVUSDT/15m/CRVUSDT-15m-2021-03.zip,120164
CRVUSDT,15m,2021-04,True,CRVUSDT/15m/CRVUSDT-15m-2021-04.zip,117457
CRVUSDT,15m,2021-05,True,CRVUSDT/15m/CRVUSDT-15m-2021-05.zip,122549
CRVUSDT,15m,2021-06,True,CRVUSDT/15m/CRVUSDT-15m-2021-06.zip,115973
CRVUSDT,15m,2021-07,True,CRVUSDT/15m/CRVUSDT-15m-2021-07.zip,115172
CRVUSDT,15m,2021-08,False,CRVUSDT/15m/CRVUSDT-15m-2021-08.zip,118591
CRVUSDT,15m,2021-09,False,CRVUSDT/15m/CRVUSDT-15m-2021-09.zip,117628
CRVUSDT,15m,2021-10,True,CRVUSDT/15m/CRVUSDT-15m-2021-10.zip,121549
CRVUSDT,15m,2021-11,True,CRVUSDT/15m/CRVUSDT-15m-2021-11.zip,119913
CRVUSDT,15m,2021-12,True,CRVUSDT/15m/CRVUSDT-15m-2021-12.zip,124544
CRVUSDT,15m,2022-01,True,CRVUSDT/15m/CRVUSDT-15m-2022-01.zip,125340
CRVUSDT,15m,2022-02,True,CRVUSDT/15m/CRVUSDT-15m-2022-02.zip,109206
CRVUSDT,15m,2022-03,True,CRVUSDT/15m/CRVUSDT-15m-2022-03.zip,118375
CRVUSDT,15m,2022-04,True,CRVUSDT/15m/CRVUSDT-15m-2022-04.zip,114882
CRVUSDT,15m,2022-05,True,CRVUSDT/15m/CRVUSDT-15m-2022-05.zip,120872
CRVUSDT,15m,2022-06,True,CRVUSDT/15m/CRVUSDT-15m-2022-06.zip,113874
CRVUSDT,15m,2022-07,True,CRVUSDT/15m/CRVUSDT-15m-2022-07.zip,120335
CRVUSDT,15m,2022-08,True,CRVUSDT/15m/CRVUSDT-15m-2022-08.zip,118307
CRVUSDT,15m,2022-09,True,CRVUSDT/15m/CRVUSDT-15m-2022-09.zip,113697
CRVUSDT,15m,2022-10,True,CRVUSDT/15m/CRVUSDT-15m-2022-10.zip,114003
CRVUSDT,15m,2022-11,True,CRVUSDT/15m/CRVUSDT-15m-2022-11.zip,114246
CRVUSDT,15m,2022-12,True,CRVUSDT/15m/CRVUSDT-15m-2022-12.zip,111312
CRVUSDT,15m,2023-01,True,CRVUSDT/15m/CRVUSDT-15m-2023-01.zip,116676
CRVUSDT,15m,2023-02,True,CRVUSDT/15m/CRVUSDT-15m-2023-02.zip,107202
CRVUSDT,15m,2023-03,True,CRVUSDT/15m/CRVUSDT-15m-2023-03.zip,116047
CRVUSDT,15m,2023-04,True,CRVUSDT/15m/CRVUSDT-15m-2023-04.zip,109459
CRVUSDT,15m,2023-05,True,CRVUSDT/15m/CRVUSDT-15m-2023-05.zip,110902
CRVUSDT,15m,2023-06,True,CRVUSDT/15m/CRVUSDT-15m-2023-06.zip,109199
CRVUSDT,15m,2023-07,True,CRVUSDT/15m/CRVUSDT-15m-2023-07.zip,112251
CRVUSDT,15m,2023-08,True,CRVUSDT/15m/CRVUSDT-15m-2023-08.zip,114048
CRVUSDT,15m,2023-09,True,CRVUSDT/15m/CRVUSDT-15m-2023-09.zip,106689
CRVUSDT,15m,2023-10,True,CRVUSDT/15m/CRVUSDT-15m-2023-10.zip,110228
CRVUSDT,15m,2023-11,True,CRVUSDT/15m/CRVUSDT-15m-2023-11.zip,109215
CTSIUSDT,15m,2023-03,False,CTSIUSDT/15m/CTSIUSDT-15m-2023-03.zip,108268
CTSIUSDT,15m,2023-04,False,CTSIUSDT/15m/CTSIUSDT-15m-2023-04.zip,112339
CTSIUSDT,15m,2023-05,True,CTSIUSDT/15m/CTSIUSDT-15m-2023-05.zip,116704
CTSIUSDT,15m,2023-06,True,CTSIUSDT/15m/CTSIUSDT-15m-2023-06.zip,108940
CVCUSDT,15m,2020-12,False,CVCUSDT/15m/CVCUSDT-15m-2020-12.zip,120154
CVCUSDT,15m,2021-01,True,CVCUSDT/15m/CVCUSDT-15m-2021-01.zip,122999
CVCUSDT,15m,2021-08,False,CVCUSDT/15m/CVCUSDT-15m-2021-08.zip,125933
CVCUSDT,15m,2021-09,False,CVCUSDT/15m/CVCUSDT-15m-2021-09.zip,126985
CVCUSDT,15m,2021-10,True,CVCUSDT/15m/CVCUSDT-15m-2021-10.zip,126989
CYBERUSDT,15m,2023-09,False,CYBERUSDT/15m/CYBERUSDT-15m-2023-09.zip,123421
CYBERUSDT,15m,2023-10,True,CYBERUSDT/15m/CYBERUSDT-15m-2023-10.zip,121310
DARUSDT,15m,2022-05,False,DARUSDT/15m/DARUSDT-15m-2022-05.zip,124873
DARUSDT,15m,2022-06,True,DARUSDT/15m/DARUSDT-15m-2022-06.zip,118890
DASHUSDT,15m,2020-03,False,DASHUSDT/15m/DASHUSDT-15m-2020-03.zip,118443
DASHUSDT,15m,2020-04,True,DASHUSDT/15m/DASHUSDT-15m-2020-04.zip,113689
DASHUSDT,15m,2020-05,True,DASHUSDT/15m/DASHUSDT-15m-2020-05.zip,115987
DASHUSDT,15m,2020-06,True,DASHUSDT/15m/DASHUSDT-15m-2020-06.zip,107526
DASHUSDT,15m,2020-07,True,DASHUSDT/15m/DASHUSDT-15m-2020-07.zip,114281
DASHUSDT,15m,2020-08,True,DASHUSDT/15m/DASHUSDT-15m-2020-08.zip,119625
DASHUSDT,15m,2020-09,True,DASHUSDT/15m/DASHUSDT-15m-2020-09.zip,113278
DASHUSDT,15m,2020-10,True,DASHUSDT/15m/DASHUSDT-15m-2020-10.zip,115871
DASHUSDT,15m,2020-11,True,DASHUSDT/15m/DASHUSDT-15m-2020-11.zip,117906
DASHUSDT,15m,2020-12,True,DASHUSDT/15m/DASHUSDT-15m-2020-12.zip,122036
DASHUSDT,15m,2021-01,True,DASHUSDT/15m/DASHUSDT-15m-2021-01.zip,126333
DASHUSDT,15m,2021-02,True,DASHUSDT/15m/DASHUSDT-15m-2021-02.zip,118726
DASHUSDT,15m,2021-03,True,DASHUSDT/15m/DASHUSDT-15m-2021-03.zip,127404
DASHUSDT,15m,2021-04,False,DASHUSDT/15m/DASHUSDT-15m-2021-04.zip,127815
DASHUSDT,15m,2021-05,True,DASHUSDT/15m/DASHUSDT-15m-2021-05.zip,133039
DASHUSDT,15m,2021-06,True,DASHUSDT/15m/DASHUSDT-15m-2021-06.zip,123341
DASHUSDT,15m,2021-07,False,DASHUSDT/15m/DASHUSDT-15m-2021-07.zip,126233
DASHUSDT,15m,2021-08,True,DASHUSDT/15m/DASHUSDT-15m-2021-08.zip,128961
DASHUSDT,15m,2022-11,False,DASHUSDT/15m/DASHUSDT-15m-2022-11.zip,117712
DASHUSDT,15m,2022-12,False,DASHUSDT/15m/DASHUSDT-15m-2022-12.zip,122027
DASHUSDT,15m,2023-01,True,DASHUSDT/15m/DASHUSDT-15m-2023-01.zip,122825
DEFIUSDT,15m,2020-09,False,DEFIUSDT/15m/DEFIUSDT-15m-2020-09.zip,112363
DEFIUSDT,15m,2020-10,True,DEFIUSDT/15m/DEFIUSDT-15m-2020-10.zip,110605
DEFIUSDT,15m,2020-11,True,DEFIUSDT/15m/DEFIUSDT-15m-2020-11.zip,110108
DEFIUSDT,15m,2020-12,True,DEFIUSDT/15m/DEFIUSDT-15m-2020-12.zip,111223
DENTUSDT,15m,2021-04,False,DENTUSDT/15m/DENTUSDT-15m-2021-04.zip,136476
DENTUSDT,15m,2021-05,True,DENTUSDT/15m/DENTUSDT-15m-2021-05.zip,136530
DENTUSDT,15m,2021-07,False,DENTUSDT/15m/DENTUSDT-15m-2021-07.zip,128535
DENTUSDT,15m,2021-08,False,DENTUSDT/15m/DENTUSDT-15m-2021-08.zip,137253
DENTUSDT,15m,2021-09,True,DENTUSDT/15m/DENTUSDT-15m-2021-09.zip,130330
DENTUSDT,15m,2022-01,False,DENTUSDT/15m/DENTUSDT-15m-2022-01.zip,131903
DENTUSDT,15m,2022-02,False,DENTUSDT/15m/DENTUSDT-15m-2022-02.zip,119144
DENTUSDT,15m,2022-03,True,DENTUSDT/15m/DENTUSDT-15m-2022-03.zip,129958
DODOUSDT,15m,2021-06,False,DODOUSDT/15m/DODOUSDT-15m-2021-06.zip,110498
DODOUSDT,15m,2021-07,False,DODOUSDT/15m/DODOUSDT-15m-2021-07.zip,116429
DODOUSDT,15m,2021-08,True,DODOUSDT/15m/DODOUSDT-15m-2021-08.zip,118964
DODOUSDT,15m,2022-01,False,DODOUSDT/15m/DODOUSDT-15m-2022-01.zip,113504
DODOUSDT,15m,2022-02,False,DODOUSDT/15m/DODOUSDT-15m-2022-02.zip,101998
DODOUSDT,15m,2022-03,True,DODOUSDT/15m/DODOUSDT-15m-2022-03.zip,110335
DODOUSDT,15m,2022-04,False,DODOUSDT/15m/DODOUSDT-15m-2022-04.zip,109031
DODOUSDT,15m,2022-05,True,DODOUSDT/15m/DODOUSDT-15m-2022-05.zip,95064
DOGEUSDT,15m,2020-08,False,DOGEUSDT/15m/DOGEUSDT-15m-2020-08.zip,121472
DOGEUSDT,15m,2020-09,True,DOGEUSDT/15m/DOGEUSDT-15m-2020-09.zip,113805
DOGEUSDT,15m,2020-10,True,DOGEUSDT/15m/DOGEUSDT-15m-2020-10.zip,114933
DOGEUSDT,15m,2020-11,False,DOGEUSDT/15m/DOGEUSDT-15m-2020-11.zip,118275
DOGEUSDT,15m,2020-12,False,DOGEUSDT/15m/DOGEUSDT-15m-2020-12.zip,123679
DOGEUSDT,15m,2021-01,True,DOGEUSDT/15m/DOGEUSDT-15m-2021-01.zip,136333
DOGEUSDT,15m,2021-02,True,DOGEUSDT/15m/DOGEUSDT-15m-2021-02.zip,131298
DOGEUSDT,15m,2021-03,True,DOGEUSDT/15m/DOGEUSDT-15m-2021-03.zip,136615
DOGEUSDT,15m,2021-04,True,DOGEUSDT/15m/DOGEUSDT-15m-2021-04.zip,144092
DOGEUSDT,15m,2021-05,True,DOGEUSDT/15m/DOGEUSDT-15m-2021-05.zip,149898
DOGEUSDT,15m,2021-06,True,DOGEUSDT/15m/DOGEUSDT-15m-2021-06.zip,139158
DOGEUSDT,15m,2021-07,True,DOGEUSDT/15m/DOGEUSDT-15m-2021-07.zip,139210
DOGEUSDT,15m,2021-08,True,DOGEUSDT/15m/DOGEUSDT-15m-2021-08.zip,142466
DOGEUSDT,15m,2021-09,True,DOGEUSDT/15m/DOGEUSDT-15m-2021-09.zip,133708
DOGEUSDT,15m,2021-10,True,DOGEUSDT/15m/DOGEUSDT-15m-2021-10.zip,140268
DOGEUSDT,15m,2021-11,True,DOGEUSDT/15m/DOGEUSDT-15m-2021-11.zip,133558
DOGEUSDT,15m,2021-12,True,DOGEUSDT/15m/DOGEUSDT-15m-2021-12.zip,136633
DOGEUSDT,15m,2022-01,True,DOGEUSDT/15m/DOGEUSDT-15m-2022-01.zip,136509
DOGEUSDT,15m,2022-02,True,DOGEUSDT/15m/DOGEUSDT-15m-2022-02.zip,121925
DOGEUSDT,15m,2022-03,True,DOGEUSDT/15m/DOGEUSDT-15m-2022-03.zip,133145
DOGEUSDT,15m,2022-04,True,DOGEUSDT/15m/DOGEUSDT-15m-2022-04.zip,133222
DOGEUSDT,15m,2022-05,True,DOGEUSDT/15m/DOGEUSDT-15m-2022-05.zip,134566
DOGEUSDT,15m,2022-06,True,DOGEUSDT/15m/DOGEUSDT-15m-2022-06.zip,129596
DOGEUSDT,15m,2022-07,True,DOGEUSDT/15m/DOGEUSDT-15m-2022-07.zip,131953
DOGEUSDT,15m,2022-08,True,DOGEUSDT/15m/DOGEUSDT-15m-2022-08.zip,133043
DOGEUSDT,15m,2022-09,True,DOGEUSDT/15m/DOGEUSDT-15m-2022-09.zip,126413
DOGEUSDT,15m,2022-10,True,DOGEUSDT/15m/DOGEUSDT-15m-2022-10.zip,132161
DOGEUSDT,15m,2022-11,True,DOGEUSDT/15m/DOGEUSDT-15m-2022-11.zip,136444
DOGEUSDT,15m,2022-12,True,DOGEUSDT/15m/DOGEUSDT-15m-2022-12.zip,135240
DOGEUSDT,15m,2023-01,True,DOGEUSDT/15m/DOGEUSDT-15m-2023-01.zip,135345
DOGEUSDT,15m,2023-02,True,DOGEUSDT/15m/DOGEUSDT-15m-2023-02.zip,121506
DOGEUSDT,15m,2023-03,True,DOGEUSDT/15m/DOGEUSDT-15m-2023-03.zip,133509
DOGEUSDT,15m,2023-04,True,DOGEUSDT/15m/DOGEUSDT-15m-2023-04.zip,131873
DOGEUSDT,15m,2023-05,True,DOGEUSDT/15m/DOGEUSDT-15m-2023-05.zip,129846
DOGEUSDT,15m,2023-06,True,DOGEUSDT/15m/DOGEUSDT-15m-2023-06.zip,126028
DOGEUSDT,15m,2023-07,True,DOGEUSDT/15m/DOGEUSDT-15m-2023-07.zip,133392
DOGEUSDT,15m,2023-08,True,DOGEUSDT/15m/DOGEUSDT-15m-2023-08.zip,131408
DOGEUSDT,15m,2023-09,True,DOGEUSDT/15m/DOGEUSDT-15m-2023-09.zip,123156
DOGEUSDT,15m,2023-10,True,DOGEUSDT/15m/DOGEUSDT-15m-2023-10.zip,129250
DOGEUSDT,15m,2023-11,True,DOGEUSDT/15m/DOGEUSDT-15m-2023-11.zip,131393
DOGEUSDT,15m,2023-12,True,DOGEUSDT/15m/DOGEUSDT-15m-2023-12.zip,135450
DOGEUSDT,15m,2024-01,True,DOGEUSDT/15m/DOGEUSDT-15m-2024-01.zip,133525
DOGEUSDT,15m,2024-02,True,DOGEUSDT/15m/DOGEUSDT-15m-2024-02.zip,123926
DOTUSDT,15m,2020-09,False,DOTUSDT/15m/DOTUSDT-15m-2020-09.zip,115739
DOTUSDT,15m,2020-10,True,DOTUSDT/15m/DOTUSDT-15m-2020-10.zip,115249
DOTUSDT,15m,2020-11,True,DOTUSDT/15m/DOTUSDT-15m-2020-11.zip,113409
DOTUSDT,15m,2020-12,True,DOTUSDT/15m/DOTUSDT-15m-2020-12.zip,117431
DOTUSDT,15m,2021-01,True,DOTUSDT/15m/DOTUSDT-15m-2021-01.zip,128256
DOTUSDT,15m,2021-02,True,DOTUSDT/15m/DOTUSDT-15m-2021-02.zip,118247
DOTUSDT,15m,2021-03,True,DOTUSDT/15m/DOTUSDT-15m-2021-03.zip,129220
DOTUSDT,15m,2021-04,True,DOTUSDT/15m/DOTUSDT-15m-2021-04.zip,126208
DOTUSDT,15m,2021-05,True,DOTUSDT/15m/DOTUSDT-15m-2021-05.zip,132423
DOTUSDT,15m,2021-06,True,DOTUSDT/15m/DOTUSDT-15m-2021-06.zip,126087
DOTUSDT,15m,2021-07,True,DOTUSDT/15m/DOTUSDT-15m-2021-07.zip,127084
DOTUSDT,15m,2021-08,True,DOTUSDT/15m/DOTUSDT-15m-2021-08.zip,131013
DOTUSDT,15m,2021-09,True,DOTUSDT/15m/DOTUSDT-15m-2021-09.zip,128347
DOTUSDT,15m,2021-10,True,DOTUSDT/15m/DOTUSDT-15m-2021-10.zip,130985
DOTUSDT,15m,2021-11,True,DOTUSDT/15m/DOTUSDT-15m-2021-11.zip,126392
DOTUSDT,15m,2021-12,True,DOTUSDT/15m/DOTUSDT-15m-2021-12.zip,130033
DOTUSDT,15m,2022-01,True,DOTUSDT/15m/DOTUSDT-15m-2022-01.zip,129794
DOTUSDT,15m,2022-02,True,DOTUSDT/15m/DOTUSDT-15m-2022-02.zip,115762
DOTUSDT,15m,2022-03,True,DOTUSDT/15m/DOTUSDT-15m-2022-03.zip,126592
DOTUSDT,15m,2022-04,True,DOTUSDT/15m/DOTUSDT-15m-2022-04.zip,122100
DOTUSDT,15m,2022-05,True,DOTUSDT/15m/DOTUSDT-15m-2022-05.zip,127416
DOTUSDT,15m,2022-06,True,DOTUSDT/15m/DOTUSDT-15m-2022-06.zip,120812
DOTUSDT,15m,2022-07,True,DOTUSDT/15m/DOTUSDT-15m-2022-07.zip,123637
DOTUSDT,15m,2022-08,True,DOTUSDT/15m/DOTUSDT-15m-2022-08.zip,123366
DOTUSDT,15m,2022-09,True,DOTUSDT/15m/DOTUSDT-15m-2022-09.zip,117772
DOTUSDT,15m,2022-10,True,DOTUSDT/15m/DOTUSDT-15m-2022-10.zip,118704
DOTUSDT,15m,2022-11,True,DOTUSDT/15m/DOTUSDT-15m-2022-11.zip,117213
DOTUSDT,15m,2022-12,True,DOTUSDT/15m/DOTUSDT-15m-2022-12.zip,116144
DOTUSDT,15m,2023-01,True,DOTUSDT/15m/DOTUSDT-15m-2023-01.zip,120184
DOTUSDT,15m,2023-02,True,DOTUSDT/15m/DOTUSDT-15m-2023-02.zip,110053
DOTUSDT,15m,2023-03,True,DOTUSDT/15m/DOTUSDT-15m-2023-03.zip,121022
DOTUSDT,15m,2023-04,True,DOTUSDT/15m/DOTUSDT-15m-2023-04.zip,114803
DOTUSDT,15m,2023-05,True,DOTUSDT/15m/DOTUSDT-15m-2023-05.zip,116208
DOTUSDT,15m,2023-06,True,DOTUSDT/15m/DOTUSDT-15m-2023-06.zip,114057
DOTUSDT,15m,2023-07,True,DOTUSDT/15m/DOTUSDT-15m-2023-07.zip,117796
DOTUSDT,15m,2023-08,True,DOTUSDT/15m/DOTUSDT-15m-2023-08.zip,114230
DOTUSDT,15m,2023-09,True,DOTUSDT/15m/DOTUSDT-15m-2023-09.zip,109252
DOTUSDT,15m,2023-10,True,DOTUSDT/15m/DOTUSDT-15m-2023-10.zip,115680
DOTUSDT,15m,2023-11,True,DOTUSDT/15m/DOTUSDT-15m-2023-11.zip,116816
DOTUSDT,15m,2023-12,True,DOTUSDT/15m/DOTUSDT-15m-2023-12.zip,124387
DOTUSDT,15m,2024-01,True,DOTUSDT/15m/DOTUSDT-15m-2024-01.zip,122269
DOTUSDT,15m,2024-02,True,DOTUSDT/15m/DOTUSDT-15m-2024-02.zip,113194
DUSKUSDT,15m,2022-02,False,DUSKUSDT/15m/DUSKUSDT-15m-2022-02.zip,116286
DUSKUSDT,15m,2022-03,True,DUSKUSDT/15m/DUSKUSDT-15m-2022-03.zip,127635
DUSKUSDT,15m,2023-01,False,DUSKUSDT/15m/DUSKUSDT-15m-2023-01.zip,119946
DUSKUSDT,15m,2023-02,False,DUSKUSDT/15m/DUSKUSDT-15m-2023-02.zip,117508
DUSKUSDT,15m,2023-03,True,DUSKUSDT/15m/DUSKUSDT-15m-2023-03.zip,127615
DYDXUSDT,15m,2021-10,False,DYDXUSDT/15m/DYDXUSDT-15m-2021-10.zip,128887
DYDXUSDT,15m,2021-11,True,DYDXUSDT/15m/DYDXUSDT-15m-2021-11.zip,122423
DYDXUSDT,15m,2021-12,True,DYDXUSDT/15m/DYDXUSDT-15m-2021-12.zip,124284
DYDXUSDT,15m,2022-01,True,DYDXUSDT/15m/DYDXUSDT-15m-2022-01.zip,123562
DYDXUSDT,15m,2022-02,True,DYDXUSDT/15m/DYDXUSDT-15m-2022-02.zip,110944
DYDXUSDT,15m,2022-03,True,DYDXUSDT/15m/DYDXUSDT-15m-2022-03.zip,120116
DYDXUSDT,15m,2022-04,True,DYDXUSDT/15m/DYDXUSDT-15m-2022-04.zip,116867
DYDXUSDT,15m,2022-05,True,DYDXUSDT/15m/DYDXUSDT-15m-2022-05.zip,121189
DYDXUSDT,15m,2022-06,True,DYDXUSDT/15m/DYDXUSDT-15m-2022-06.zip,114105
DYDXUSDT,15m,2022-07,False,DYDXUSDT/15m/DYDXUSDT-15m-2022-07.zip,121998
DYDXUSDT,15m,2022-08,True,DYDXUSDT/15m/DYDXUSDT-15m-2022-08.zip,118011
DYDXUSDT,15m,2022-09,True,DYDXUSDT/15m/DYDXUSDT-15m-2022-09.zip,111321
DYDXUSDT,15m,2022-10,True,DYDXUSDT/15m/DYDXUSDT-15m-2022-10.zip,116110
DYDXUSDT,15m,2022-11,True,DYDXUSDT/15m/DYDXUSDT-15m-2022-11.zip,119017
DYDXUSDT,15m,2022-12,True,DYDXUSDT/15m/DYDXUSDT-15m-2022-12.zip,117109
DYDXUSDT,15m,2023-01,True,DYDXUSDT/15m/DYDXUSDT-15m-2023-01.zip,120333
DYDXUSDT,15m,2023-02,True,DYDXUSDT/15m/DYDXUSDT-15m-2023-02.zip,112983
DYDXUSDT,15m,2023-03,True,DYDXUSDT/15m/DYDXUSDT-15m-2023-03.zip,123478
DYDXUSDT,15m,2023-04,True,DYDXUSDT/15m/DYDXUSDT-15m-2023-04.zip,115553
DYDXUSDT,15m,2023-05,True,DYDXUSDT/15m/DYDXUSDT-15m-2023-05.zip,116292
DYDXUSDT,15m,2023-06,True,DYDXUSDT/15m/DYDXUSDT-15m-2023-06.zip,113188
DYDXUSDT,15m,2023-07,True,DYDXUSDT/15m/DYDXUSDT-15m-2023-07.zip,116238
DYDXUSDT,15m,2023-08,True,DYDXUSDT/15m/DYDXUSDT-15m-2023-08.zip,115777
DYDXUSDT,15m,2023-09,True,DYDXUSDT/15m/DYDXUSDT-15m-2023-09.zip,109746
DYDXUSDT,15m,2023-10,True,DYDXUSDT/15m/DYDXUSDT-15m-2023-10.zip,114790
DYDXUSDT,15m,2023-11,True,DYDXUSDT/15m/DYDXUSDT-15m-2023-11.zip,118617
DYDXUSDT,15m,2023-12,True,DYDXUSDT/15m/DYDXUSDT-15m-2023-12.zip,122136
DYDXUSDT,15m,2024-01,True,DYDXUSDT/15m/DYDXUSDT-15m-2024-01.zip,120479
DYDXUSDT,15m,2024-02,True,DYDXUSDT/15m/DYDXUSDT-15m-2024-02.zip,112282
EDUUSDT,15m,2023-05,False,EDUUSDT/15m/EDUUSDT-15m-2023-05.zip,130118
EDUUSDT,15m,2023-06,True,EDUUSDT/15m/EDUUSDT-15m-2023-06.zip,121606
EGLDUSDT,15m,2020-10,False,EGLDUSDT/15m/EGLDUSDT-15m-2020-10.zip,108495
EGLDUSDT,15m,2020-11,True,EGLDUSDT/15m/EGLDUSDT-15m-2020-11.zip,106109
EGLDUSDT,15m,2020-12,False,EGLDUSDT/15m/EGLDUSDT-15m-2020-12.zip,120529
EGLDUSDT,15m,2021-01,True,EGLDUSDT/15m/EGLDUSDT-15m-2021-01.zip,120894
EGLDUSDT,15m,2021-02,True,EGLDUSDT/15m/EGLDUSDT-15m-2021-02.zip,115865
EGLDUSDT,15m,2021-03,True,EGLDUSDT/15m/EGLDUSDT-15m-2021-03.zip,124244
EGLDUSDT,15m,2021-04,False,EGLDUSDT/15m/EGLDUSDT-15m-2021-04.zip,123067
EGLDUSDT,15m,2021-05,True,EGLDUSDT/15m/EGLDUSDT-15m-2021-05.zip,124771
EGLDUSDT,15m,2021-08,False,EGLDUSDT/15m/EGLDUSDT-15m-2021-08.zip,116847
EGLDUSDT,15m,2021-09,False,EGLDUSDT/15m/EGLDUSDT-15m-2021-09.zip,118303
EGLDUSDT,15m,2021-10,True,EGLDUSDT/15m/EGLDUSDT-15m-2021-10.zip,118832
EGLDUSDT,15m,2021-11,False,EGLDUSDT/15m/EGLDUSDT-15m-2021-11.zip,117990
EGLDUSDT,15m,2021-12,True,EGLDUSDT/15m/EGLDUSDT-15m-2021-12.zip,121817
EGLDUSDT,15m,2022-01,True,EGLDUSDT/15m/EGLDUSDT-15m-2022-01.zip,118433
EGLDUSDT,15m,2022-02,True,EGLDUSDT/15m/EGLDUSDT-15m-2022-02.zip,107576
EGLDUSDT,15m,2022-03,True,EGLDUSDT/15m/EGLDUSDT-15m-2022-03.zip,117980
EGLDUSDT,15m,2022-04,True,EGLDUSDT/15m/EGLDUSDT-15m-2022-04.zip,111628
EGLDUSDT,15m,2022-05,True,EGLDUSDT/15m/EGLDUSDT-15m-2022-05.zip,116069
EGLDUSDT,15m,2022-06,False,EGLDUSDT/15m/EGLDUSDT-15m-2022-06.zip,112910
EGLDUSDT,15m,2022-07,True,EGLDUSDT/15m/EGLDUSDT-15m-2022-07.zip,112370
EGLDUSDT,15m,2022-09,False,EGLDUSDT/15m/EGLDUSDT-15m-2022-09.zip,105045
EGLDUSDT,15m,2022-10,False,EGLDUSDT/15m/EGLDUSDT-15m-2022-10.zip,111852
EGLDUSDT,15m,2022-11,True,EGLDUSDT/15m/EGLDUSDT-15m-2022-11.zip,106727
ENJUSDT,15m,2020-12,False,ENJUSDT/15m/ENJUSDT-15m-2020-12.zip,115677
ENJUSDT,15m,2021-01,False,ENJUSDT/15m/ENJUSDT-15m-2021-01.zip,125812
ENJUSDT,15m,2021-02,True,ENJUSDT/15m/ENJUSDT-15m-2021-02.zip,115442
ENJUSDT,15m,2021-03,False,ENJUSDT/15m/ENJUSDT-15m-2021-03.zip,136058
ENJUSDT,15m,2021-04,True,ENJUSDT/15m/ENJUSDT-15m-2021-04.zip,130299
ENJUSDT,15m,2021-05,True,ENJUSDT/15m/ENJUSDT-15m-2021-05.zip,130034
ENJUSDT,15m,2021-06,True,ENJUSDT/15m/ENJUSDT-15m-2021-06.zip,120161
ENJUSDT,15m,2021-07,True,ENJUSDT/15m/ENJUSDT-15m-2021-07.zip,124311
ENJUSDT,15m,2021-08,True,ENJUSDT/15m/ENJUSDT-15m-2021-08.zip,124669
ENJUSDT,15m,2021-09,True,ENJUSDT/15m/ENJUSDT-15m-2021-09.zip,118440
ENJUSDT,15m,2021-10,False,ENJUSDT/15m/ENJUSDT-15m-2021-10.zip,124178
ENJUSDT,15m,2021-11,True,ENJUSDT/15m/ENJUSDT-15m-2021-11.zip,125848
ENJUSDT,15m,2021-12,True,ENJUSDT/15m/ENJUSDT-15m-2021-12.zip,126511
ENJUSDT,15m,2022-01,True,ENJUSDT/15m/ENJUSDT-15m-2022-01.zip,125538
ENJUSDT,15m,2022-02,True,ENJUSDT/15m/ENJUSDT-15m-2022-02.zip,112487
ENJUSDT,15m,2022-03,True,ENJUSDT/15m/ENJUSDT-15m-2022-03.zip,122074
ENJUSDT,15m,2022-04,False,ENJUSDT/15m/ENJUSDT-15m-2022-04.zip,118634
ENJUSDT,15m,2022-05,True,ENJUSDT/15m/ENJUSDT-15m-2022-05.zip,122301
ENJUSDT,15m,2022-12,False,ENJUSDT/15m/ENJUSDT-15m-2022-12.zip,110058
ENJUSDT,15m,2023-01,False,ENJUSDT/15m/ENJUSDT-15m-2023-01.zip,117886
ENJUSDT,15m,2023-02,True,ENJUSDT/15m/ENJUSDT-15m-2023-02.zip,107581
ENSUSDT,15m,2022-01,False,ENSUSDT/15m/ENSUSDT-15m-2022-01.zip,122022
ENSUSDT,15m,2022-02,False,ENSUSDT/15m/ENSUSDT-15m-2022-02.zip,108946
ENSUSDT,15m,2022-03,True,ENSUSDT/15m/ENSUSDT-15m-2022-03.zip,121352
ENSUSDT,15m,2022-04,False,ENSUSDT/15m/ENSUSDT-15m-2022-04.zip,116865
ENSUSDT,15m,2022-05,True,ENSUSDT/15m/ENSUSDT-15m-2022-05.zip,128244
ENSUSDT,15m,2022-06,True,ENSUSDT/15m/ENSUSDT-15m-2022-06.zip,117185
ENSUSDT,15m,2022-07,False,ENSUSDT/15m/ENSUSDT-15m-2022-07.zip,120962
ENSUSDT,15m,2022-08,True,ENSUSDT/15m/ENSUSDT-15m-2022-08.zip,121906
ENSUSDT,15m,2022-09,True,ENSUSDT/15m/ENSUSDT-15m-2022-09.zip,117568
ENSUSDT,15m,2022-10,True,ENSUSDT/15m/ENSUSDT-15m-2022-10.zip,123069
ENSUSDT,15m,2022-11,True,ENSUSDT/15m/ENSUSDT-15m-2022-11.zip,116603
ENSUSDT,15m,2023-12,False,ENSUSDT/15m/ENSUSDT-15m-2023-12.zip,115496
ENSUSDT,15m,2024-01,False,ENSUSDT/15m/ENSUSDT-15m-2024-01.zip,127075
ENSUSDT,15m,2024-02,True,ENSUSDT/15m/ENSUSDT-15m-2024-02.zip,116065
EOSUSDT,15m,2020-03,True,EOSUSDT/15m/EOSUSDT-15m-2020-03.zip,113973
EOSUSDT,15m,2020-04,True,EOSUSDT/15m/EOSUSDT-15m-2020-04.zip,107638
EOSUSDT,15m,2020-05,True,EOSUSDT/15m/EOSUSDT-15m-2020-05.zip,112060
EOSUSDT,15m,2020-06,True,EOSUSDT/15m/EOSUSDT-15m-2020-06.zip,106777
EOSUSDT,15m,2020-07,True,EOSUSDT/15m/EOSUSDT-15m-2020-07.zip,111746
EOSUSDT,15m,2020-08,True,EOSUSDT/15m/EOSUSDT-15m-2020-08.zip,117841
EOSUSDT,15m,2020-09,True,EOSUSDT/15m/EOSUSDT-15m-2020-09.zip,110117
EOSUSDT,15m,2020-10,True,EOSUSDT/15m/EOSUSDT-15m-2020-10.zip,111175
EOSUSDT,15m,2020-11,True,EOSUSDT/15m/EOSUSDT-15m-2020-11.zip,112991
EOSUSDT,15m,2020-12,True,EOSUSDT/15m/EOSUSDT-15m-2020-12.zip,117276
EOSUSDT,15m,2021-01,True,EOSUSDT/15m/EOSUSDT-15m-2021-01.zip,120522
EOSUSDT,15m,2021-02,True,EOSUSDT/15m/EOSUSDT-15m-2021-02.zip,113084
EOSUSDT,15m,2021-03,True,EOSUSDT/15m/EOSUSDT-15m-2021-03.zip,121482
EOSUSDT,15m,2021-04,True,EOSUSDT/15m/EOSUSDT-15m-2021-04.zip,123824
EOSUSDT,15m,2021-05,True,EOSUSDT/15m/EOSUSDT-15m-2021-05.zip,132694
EOSUSDT,15m,2021-06,True,EOSUSDT/15m/EOSUSDT-15m-2021-06.zip,121896
EOSUSDT,15m,2021-07,True,EOSUSDT/15m/EOSUSDT-15m-2021-07.zip,123506
EOSUSDT,15m,2021-08,True,EOSUSDT/15m/EOSUSDT-15m-2021-08.zip,125198
EOSUSDT,15m,2021-09,True,EOSUSDT/15m/EOSUSDT-15m-2021-09.zip,121028
EOSUSDT,15m,2021-10,True,EOSUSDT/15m/EOSUSDT-15m-2021-10.zip,122910
EOSUSDT,15m,2021-11,True,EOSUSDT/15m/EOSUSDT-15m-2021-11.zip,118146
EOSUSDT,15m,2021-12,True,EOSUSDT/15m/EOSUSDT-15m-2021-12.zip,122078
EOSUSDT,15m,2022-01,True,EOSUSDT/15m/EOSUSDT-15m-2022-01.zip,118780
EOSUSDT,15m,2022-02,True,EOSUSDT/15m/EOSUSDT-15m-2022-02.zip,106944
EOSUSDT,15m,2022-03,True,EOSUSDT/15m/EOSUSDT-15m-2022-03.zip,117454
EOSUSDT,15m,2022-04,True,EOSUSDT/15m/EOSUSDT-15m-2022-04.zip,116560
EOSUSDT,15m,2022-05,True,EOSUSDT/15m/EOSUSDT-15m-2022-05.zip,118218
EOSUSDT,15m,2022-06,True,EOSUSDT/15m/EOSUSDT-15m-2022-06.zip,112357
EOSUSDT,15m,2022-07,True,EOSUSDT/15m/EOSUSDT-15m-2022-07.zip,115588
EOSUSDT,15m,2022-08,True,EOSUSDT/15m/EOSUSDT-15m-2022-08.zip,120552
EOSUSDT,15m,2022-09,True,EOSUSDT/15m/EOSUSDT-15m-2022-09.zip,117747
EOSUSDT,15m,2022-10,True,EOSUSDT/15m/EOSUSDT-15m-2022-10.zip,115402
EOSUSDT,15m,2022-11,True,EOSUSDT/15m/EOSUSDT-15m-2022-11.zip,110829
EOSUSDT,15m,2022-12,True,EOSUSDT/15m/EOSUSDT-15m-2022-12.zip,111392
EOSUSDT,15m,2023-01,True,EOSUSDT/15m/EOSUSDT-15m-2023-01.zip,113967
EOSUSDT,15m,2023-02,True,EOSUSDT/15m/EOSUSDT-15m-2023-02.zip,104351
EOSUSDT,15m,2023-03,True,EOSUSDT/15m/EOSUSDT-15m-2023-03.zip,119054
EOSUSDT,15m,2023-04,True,EOSUSDT/15m/EOSUSDT-15m-2023-04.zip,110185
EOSUSDT,15m,2023-05,True,EOSUSDT/15m/EOSUSDT-15m-2023-05.zip,111220
EOSUSDT,15m,2023-06,True,EOSUSDT/15m/EOSUSDT-15m-2023-06.zip,110588
EOSUSDT,15m,2023-07,True,EOSUSDT/15m/EOSUSDT-15m-2023-07.zip,113934
EOSUSDT,15m,2023-08,True,EOSUSDT/15m/EOSUSDT-15m-2023-08.zip,109772
EOSUSDT,15m,2023-09,True,EOSUSDT/15m/EOSUSDT-15m-2023-09.zip,103887
EOSUSDT,15m,2023-10,False,EOSUSDT/15m/EOSUSDT-15m-2023-10.zip,109303
EOSUSDT,15m,2023-11,True,EOSUSDT/15m/EOSUSDT-15m-2023-11.zip,109697
EOSUSDT,15m,2023-12,True,EOSUSDT/15m/EOSUSDT-15m-2023-12.zip,114246
EOSUSDT,15m,2024-01,False,EOSUSDT/15m/EOSUSDT-15m-2024-01.zip,113830
EOSUSDT,15m,2024-02,True,EOSUSDT/15m/EOSUSDT-15m-2024-02.zip,105448
ETCUSDT,15m,2020-03,True,ETCUSDT/15m/ETCUSDT-15m-2020-03.zip,124284
ETCUSDT,15m,2020-04,True,ETCUSDT/15m/ETCUSDT-15m-2020-04.zip,116244
ETCUSDT,15m,2020-05,True,ETCUSDT/15m/ETCUSDT-15m-2020-05.zip,121800
ETCUSDT,15m,2020-06,True,ETCUSDT/15m/ETCUSDT-15m-2020-06.zip,112540
ETCUSDT,15m,2020-07,True,ETCUSDT/15m/ETCUSDT-15m-2020-07.zip,118588
ETCUSDT,15m,2020-08,True,ETCUSDT/15m/ETCUSDT-15m-2020-08.zip,122678
ETCUSDT,15m,2020-09,True,ETCUSDT/15m/ETCUSDT-15m-2020-09.zip,115224
ETCUSDT,15m,2020-10,True,ETCUSDT/15m/ETCUSDT-15m-2020-10.zip,117191
ETCUSDT,15m,2020-11,True,ETCUSDT/15m/ETCUSDT-15m-2020-11.zip,119083
ETCUSDT,15m,2020-12,True,ETCUSDT/15m/ETCUSDT-15m-2020-12.zip,123153
ETCUSDT,15m,2021-01,True,ETCUSDT/15m/ETCUSDT-15m-2021-01.zip,126952
ETCUSDT,15m,2021-02,True,ETCUSDT/15m/ETCUSDT-15m-2021-02.zip,119405
ETCUSDT,15m,2021-03,True,ETCUSDT/15m/ETCUSDT-15m-2021-03.zip,129121
ETCUSDT,15m,2021-04,True,ETCUSDT/15m/ETCUSDT-15m-2021-04.zip,131649
ETCUSDT,15m,2021-05,True,ETCUSDT/15m/ETCUSDT-15m-2021-05.zip,144621
ETCUSDT,15m,2021-06,True,ETCUSDT/15m/ETCUSDT-15m-2021-06.zip,132985
ETCUSDT,15m,2021-07,True,ETCUSDT/15m/ETCUSDT-15m-2021-07.zip,137001
ETCUSDT,15m,2021-08,True,ETCUSDT/15m/ETCUSDT-15m-2021-08.zip,137788
ETCUSDT,15m,2021-09,True,ETCUSDT/15m/ETCUSDT-15m-2021-09.zip,130831
ETCUSDT,15m,2021-10,True,ETCUSDT/15m/ETCUSDT-15m-2021-10.zip,133510
ETCUSDT,15m,2021-11,True,ETCUSDT/15m/ETCUSDT-15m-2021-11.zip,128688
ETCUSDT,15m,2021-12,True,ETCUSDT/15m/ETCUSDT-15m-2021-12.zip,130797
ETCUSDT,15m,2022-01,True,ETCUSDT/15m/ETCUSDT-15m-2022-01.zip,130479
ETCUSDT,15m,2022-02,True,ETCUSDT/15m/ETCUSDT-15m-2022-02.zip,120439
ETCUSDT,15m,2022-03,True,ETCUSDT/15m/ETCUSDT-15m-2022-03.zip,134438
ETCUSDT,15m,2022-04,True,ETCUSDT/15m/ETCUSDT-15m-2022-04.zip,130598
ETCUSDT,15m,2022-05,True,ETCUSDT/15m/ETCUSDT-15m-2022-05.zip,133278
ETCUSDT,15m,2022-06,True,ETCUSDT/15m/ETCUSDT-15m-2022-06.zip,127150
ETCUSDT,15m,2022-07,True,ETCUSDT/15m/ETCUSDT-15m-2022-07.zip,135022
ETCUSDT,15m,2022-08,True,ETCUSDT/15m/ETCUSDT-15m-2022-08.zip,139998
ETCUSDT,15m,2022-09,True,ETCUSDT/15m/ETCUSDT-15m-2022-09.zip,133826
ETCUSDT,15m,2022-10,True,ETCUSDT/15m/ETCUSDT-15m-2022-10.zip,133202
ETCUSDT,15m,2022-11,True,ETCUSDT/15m/ETCUSDT-15m-2022-11.zip,128882
ETCUSDT,15m,2022-12,True,ETCUSDT/15m/ETCUSDT-15m-2022-12.zip,128520
ETCUSDT,15m,2023-01,True,ETCUSDT/15m/ETCUSDT-15m-2023-01.zip,134256
ETCUSDT,15m,2023-02,True,ETCUSDT/15m/ETCUSDT-15m-2023-02.zip,119758
ETCUSDT,15m,2023-03,True,ETCUSDT/15m/ETCUSDT-15m-2023-03.zip,132028
ETCUSDT,15m,2023-04,True,ETCUSDT/15m/ETCUSDT-15m-2023-04.zip,125812
ETCUSDT,15m,2023-05,True,ETCUSDT/15m/ETCUSDT-15m-2023-05.zip,126444
ETCUSDT,15m,2023-06,True,ETCUSDT/15m/ETCUSDT-15m-2023-06.zip,124654
ETCUSDT,15m,2023-07,True,ETCUSDT/15m/ETCUSDT-15m-2023-07.zip,129076
ETCUSDT,15m,2023-08,True,ETCUSDT/15m/ETCUSDT-15m-2023-08.zip,125283
ETCUSDT,15m,2023-09,True,ETCUSDT/15m/ETCUSDT-15m-2023-09.zip,119993
ETCUSDT,15m,2023-10,True,ETCUSDT/15m/ETCUSDT-15m-2023-10.zip,126078
ETCUSDT,15m,2023-11,True,ETCUSDT/15m/ETCUSDT-15m-2023-11.zip,126300
ETCUSDT,15m,2023-12,True,ETCUSDT/15m/ETCUSDT-15m-2023-12.zip,131035
ETCUSDT,15m,2024-01,True,ETCUSDT/15m/ETCUSDT-15m-2024-01.zip,133833
ETCUSDT,15m,2024-02,True,ETCUSDT/15m/ETCUSDT-15m-2024-02.zip,123447
ETHUSDT,15m,2020-03,True,ETHUSDT/15m/ETHUSDT-15m-2020-03.zip,133674
ETHUSDT,15m,2020-04,True,ETHUSDT/15m/ETHUSDT-15m-2020-04.zip,128736
ETHUSDT,15m,2020-05,True,ETHUSDT/15m/ETHUSDT-15m-2020-05.zip,132618
ETHUSDT,15m,2020-06,True,ETHUSDT/15m/ETHUSDT-15m-2020-06.zip,126296
ETHUSDT,15m,2020-07,True,ETHUSDT/15m/ETHUSDT-15m-2020-07.zip,131141
ETHUSDT,15m,2020-08,True,ETHUSDT/15m/ETHUSDT-15m-2020-08.zip,136505
ETHUSDT,15m,2020-09,True,ETHUSDT/15m/ETHUSDT-15m-2020-09.zip,132883
ETHUSDT,15m,2020-10,True,ETHUSDT/15m/ETHUSDT-15m-2020-10.zip,134372
ETHUSDT,15m,2020-11,True,ETHUSDT/15m/ETHUSDT-15m-2020-11.zip,135543
ETHUSDT,15m,2020-12,True,ETHUSDT/15m/ETHUSDT-15m-2020-12.zip,140403
ETHUSDT,15m,2021-01,True,ETHUSDT/15m/ETHUSDT-15m-2021-01.zip,147930
ETHUSDT,15m,2021-02,True,ETHUSDT/15m/ETHUSDT-15m-2021-02.zip,132702
ETHUSDT,15m,2021-03,True,ETHUSDT/15m/ETHUSDT-15m-2021-03.zip,145442
ETHUSDT,15m,2021-04,True,ETHUSDT/15m/ETHUSDT-15m-2021-04.zip,142562
ETHUSDT,15m,2021-05,True,ETHUSDT/15m/ETHUSDT-15m-2021-05.zip,151239
ETHUSDT,15m,2021-06,True,ETHUSDT/15m/ETHUSDT-15m-2021-06.zip,144396
ETHUSDT,15m,2021-07,True,ETHUSDT/15m/ETHUSDT-15m-2021-07.zip,147576
ETHUSDT,15m,2021-08,True,ETHUSDT/15m/ETHUSDT-15m-2021-08.zip,148269
ETHUSDT,15m,2021-09,True,ETHUSDT/15m/ETHUSDT-15m-2021-09.zip,143558
ETHUSDT,15m,2021-10,True,ETHUSDT/15m/ETHUSDT-15m-2021-10.zip,147264
ETHUSDT,15m,2021-11,True,ETHUSDT/15m/ETHUSDT-15m-2021-11.zip,142393
ETHUSDT,15m,2021-12,True,ETHUSDT/15m/ETHUSDT-15m-2021-12.zip,147346
ETHUSDT,15m,2022-01,True,ETHUSDT/15m/ETHUSDT-15m-2022-01.zip,146670
ETHUSDT,15m,2022-02,True,ETHUSDT/15m/ETHUSDT-15m-2022-02.zip,133502
ETHUSDT,15m,2022-03,True,ETHUSDT/15m/ETHUSDT-15m-2022-03.zip,145963
ETHUSDT,15m,2022-04,True,ETHUSDT/15m/ETHUSDT-15m-2022-04.zip,140578
ETHUSDT,15m,2022-05,True,ETHUSDT/15m/ETHUSDT-15m-2022-05.zip,146729
ETHUSDT,15m,2022-06,True,ETHUSDT/15m/ETHUSDT-15m-2022-06.zip,143420
ETHUSDT,15m,2022-07,True,ETHUSDT/15m/ETHUSDT-15m-2022-07.zip,148525
ETHUSDT,15m,2022-08,True,ETHUSDT/15m/ETHUSDT-15m-2022-08.zip,149065
ETHUSDT,15m,2022-09,True,ETHUSDT/15m/ETHUSDT-15m-2022-09.zip,143819
ETHUSDT,15m,2022-10,True,ETHUSDT/15m/ETHUSDT-15m-2022-10.zip,145390
ETHUSDT,15m,2022-11,True,ETHUSDT/15m/ETHUSDT-15m-2022-11.zip,142474
ETHUSDT,15m,2022-12,True,ETHUSDT/15m/ETHUSDT-15m-2022-12.zip,142432
ETHUSDT,15m,2023-01,True,ETHUSDT/15m/ETHUSDT-15m-2023-01.zip,144355
ETHUSDT,15m,2023-02,True,ETHUSDT/15m/ETHUSDT-15m-2023-02.zip,131348
ETHUSDT,15m,2023-03,True,ETHUSDT/15m/ETHUSDT-15m-2023-03.zip,146259
ETHUSDT,15m,2023-04,True,ETHUSDT/15m/ETHUSDT-15m-2023-04.zip,140454
ETHUSDT,15m,2023-05,True,ETHUSDT/15m/ETHUSDT-15m-2023-05.zip,143791
ETHUSDT,15m,2023-06,True,ETHUSDT/15m/ETHUSDT-15m-2023-06.zip,139195
ETHUSDT,15m,2023-07,True,ETHUSDT/15m/ETHUSDT-15m-2023-07.zip,141673
ETHUSDT,15m,2023-08,True,ETHUSDT/15m/ETHUSDT-15m-2023-08.zip,139636
ETHUSDT,15m,2023-09,True,ETHUSDT/15m/ETHUSDT-15m-2023-09.zip,135001
ETHUSDT,15m,2023-10,True,ETHUSDT/15m/ETHUSDT-15m-2023-10.zip,142253
ETHUSDT,15m,2023-11,True,ETHUSDT/15m/ETHUSDT-15m-2023-11.zip,140061
ETHUSDT,15m,2023-12,True,ETHUSDT/15m/ETHUSDT-15m-2023-12.zip,145642
ETHUSDT,15m,2024-01,True,ETHUSDT/15m/ETHUSDT-15m-2024-01.zip,145864
ETHUSDT,15m,2024-02,True,ETHUSDT/15m/ETHUSDT-15m-2024-02.zip,136856
FETUSDT,15m,2023-02,False,FETUSDT/15m/FETUSDT-15m-2023-02.zip,116360
FETUSDT,15m,2023-03,True,FETUSDT/15m/FETUSDT-15m-2023-03.zip,126165
FETUSDT,15m,2023-04,True,FETUSDT/15m/FETUSDT-15m-2023-04.zip,118695
FETUSDT,15m,2023-10,False,FETUSDT/15m/FETUSDT-15m-2023-10.zip,119914
FETUSDT,15m,2023-11,False,FETUSDT/15m/FETUSDT-15m-2023-11.zip,123303
FETUSDT,15m,2023-12,True,FETUSDT/15m/FETUSDT-15m-2023-12.zip,127654
FETUSDT,15m,2024-01,True,FETUSDT/15m/FETUSDT-15m-2024-01.zip,124578
FETUSDT,15m,2024-02,False,FETUSDT/15m/FETUSDT-15m-2024-02.zip,118985
FILUSDT,15m,2020-11,False,FILUSDT/15m/FILUSDT-15m-2020-11.zip,114931
FILUSDT,15m,2020-12,True,FILUSDT/15m/FILUSDT-15m-2020-12.zip,116289
FILUSDT,15m,2021-01,True,FILUSDT/15m/FILUSDT-15m-2021-01.zip,118323
FILUSDT,15m,2021-02,True,FILUSDT/15m/FILUSDT-15m-2021-02.zip,112928
FILUSDT,15m,2021-03,True,FILUSDT/15m/FILUSDT-15m-2021-03.zip,127731
FILUSDT,15m,2021-04,True,FILUSDT/15m/FILUSDT-15m-2021-04.zip,128635
FILUSDT,15m,2021-05,True,FILUSDT/15m/FILUSDT-15m-2021-05.zip,129951
FILUSDT,15m,2021-06,True,FILUSDT/15m/FILUSDT-15m-2021-06.zip,123799
FILUSDT,15m,2021-07,True,FILUSDT/15m/FILUSDT-15m-2021-07.zip,123632
FILUSDT,15m,2021-08,True,FILUSDT/15m/FILUSDT-15m-2021-08.zip,127731
FILUSDT,15m,2021-09,True,FILUSDT/15m/FILUSDT-15m-2021-09.zip,126469
FILUSDT,15m,2021-10,True,FILUSDT/15m/FILUSDT-15m-2021-10.zip,128466
FILUSDT,15m,2021-11,True,FILUSDT/15m/FILUSDT-15m-2021-11.zip,122941
FILUSDT,15m,2021-12,True,FILUSDT/15m/FILUSDT-15m-2021-12.zip,125645
FILUSDT,15m,2022-01,True,FILUSDT/15m/FILUSDT-15m-2022-01.zip,124959
FILUSDT,15m,2022-02,True,FILUSDT/15m/FILUSDT-15m-2022-02.zip,100338
FILUSDT,15m,2022-03,False,FILUSDT/15m/FILUSDT-15m-2022-03.zip,123476
FILUSDT,15m,2022-04,True,FILUSDT/15m/FILUSDT-15m-2022-04.zip,113071
FILUSDT,15m,2022-05,False,FILUSDT/15m/FILUSDT-15m-2022-05.zip,123070
FILUSDT,15m,2022-06,True,FILUSDT/15m/FILUSDT-15m-2022-06.zip,116026
FILUSDT,15m,2022-07,True,FILUSDT/15m/FILUSDT-15m-2022-07.zip,119891
FILUSDT,15m,2022-08,True,FILUSDT/15m/FILUSDT-15m-2022-08.zip,124836
FILUSDT,15m,2022-09,True,FILUSDT/15m/FILUSDT-15m-2022-09.zip,117335
FILUSDT,15m,2022-10,True,FILUSDT/15m/FILUSDT-15m-2022-10.zip,117591
FILUSDT,15m,2022-11,True,FILUSDT/15m/FILUSDT-15m-2022-11.zip,115576
FILUSDT,15m,2022-12,True,FILUSDT/15m/FILUSDT-15m-2022-12.zip,115669
FILUSDT,15m,2023-01,True,FILUSDT/15m/FILUSDT-15m-2023-01.zip,120637
FILUSDT,15m,2023-02,True,FILUSDT/15m/FILUSDT-15m-2023-02.zip,112680
FILUSDT,15m,2023-03,True,FILUSDT/15m/FILUSDT-15m-2023-03.zip,125406
FILUSDT,15m,2023-04,True,FILUSDT/15m/FILUSDT-15m-2023-04.zip,116942
FILUSDT,15m,2023-05,True,FILUSDT/15m/FILUSDT-15m-2023-05.zip,116649
FILUSDT,15m,2023-06,True,FILUSDT/15m/FILUSDT-15m-2023-06.zip,115223
FILUSDT,15m,2023-07,True,FILUSDT/15m/FILUSDT-15m-2023-07.zip,119154
FILUSDT,15m,2023-08,True,FILUSDT/15m/FILUSDT-15m-2023-08.zip,114685
FILUSDT,15m,2023-09,True,FILUSDT/15m/FILUSDT-15m-2023-09.zip,109740
FILUSDT,15m,2023-10,True,FILUSDT/15m/FILUSDT-15m-2023-10.zip,114493
FILUSDT,15m,2023-11,True,FILUSDT/15m/FILUSDT-15m-2023-11.zip,116815
FILUSDT,15m,2023-12,True,FILUSDT/15m/FILUSDT-15m-2023-12.zip,123176
FILUSDT,15m,2024-01,True,FILUSDT/15m/FILUSDT-15m-2024-01.zip,123686
FILUSDT,15m,2024-02,True,FILUSDT/15m/FILUSDT-15m-2024-02.zip,115905
FLMUSDT,15m,2020-10,False,FLMUSDT/15m/FLMUSDT-15m-2020-10.zip,112286
FLMUSDT,15m,2020-11,True,FLMUSDT/15m/FLMUSDT-15m-2020-11.zip,106826
FLMUSDT,15m,2022-05,False,FLMUSDT/15m/FLMUSDT-15m-2022-05.zip,111634
FLMUSDT,15m,2022-06,False,FLMUSDT/15m/FLMUSDT-15m-2022-06.zip,112205
FLMUSDT,15m,2022-07,True,FLMUSDT/15m/FLMUSDT-15m-2022-07.zip,118764
FLMUSDT,15m,2022-08,True,FLMUSDT/15m/FLMUSDT-15m-2022-08.zip,116402
FLMUSDT,15m,2022-09,True,FLMUSDT/15m/FLMUSDT-15m-2022-09.zip,107209
FLMUSDT,15m,2023-08,False,FLMUSDT/15m/FLMUSDT-15m-2023-08.zip,103970
FLMUSDT,15m,2023-09,False,FLMUSDT/15m/FLMUSDT-15m-2023-09.zip,112154
FLMUSDT,15m,2023-10,True,FLMUSDT/15m/FLMUSDT-15m-2023-10.zip,107822
FLOWUSDT,15m,2022-07,False,FLOWUSDT/15m/FLOWUSDT-15m-2022-07.zip,112495
FLOWUSDT,15m,2022-08,False,FLOWUSDT/15m/FLOWUSDT-15m-2022-08.zip,118677
FLOWUSDT,15m,2022-09,True,FLOWUSDT/15m/FLOWUSDT-15m-2022-09.zip,109168
FLOWUSDT,15m,2023-06,False,FLOWUSDT/15m/FLOWUSDT-15m-2023-06.zip,105573
FLOWUSDT,15m,2023-07,False,FLOWUSDT/15m/FLOWUSDT-15m-2023-07.zip,111989
FLOWUSDT,15m,2023-08,True,FLOWUSDT/15m/FLOWUSDT-15m-2023-08.zip,104608
FOOTBALLUSDT,15m,2022-10,False,FOOTBALLUSDT/15m/FOOTBALLUSDT-15m-2022-10.zip,124195
FOOTBALLUSDT,15m,2022-11,False,FOOTBALLUSDT/15m/FOOTBALLUSDT-15m-2022-11.zip,124619
FOOTBALLUSDT,15m,2022-12,True,FOOTBALLUSDT/15m/FOOTBALLUSDT-15m-2022-12.zip,120899
FRONTUSDT,15m,2024-02,False,FRONTUSDT/15m/FRONTUSDT-15m-2024-02.zip,108639
FTMUSDT,15m,2020-12,False,FTMUSDT/15m/FTMUSDT-15m-2020-12.zip,125484
FTMUSDT,15m,2021-01,False,FTMUSDT/15m/FTMUSDT-15m-2021-01.zip,133484
FTMUSDT,15m,2021-02,True,FTMUSDT/15m/FTMUSDT-15m-2021-02.zip,127923
FTMUSDT,15m,2021-03,True,FTMUSDT/15m/FTMUSDT-15m-2021-03.zip,141632
FTMUSDT,15m,2021-04,True,FTMUSDT/15m/FTMUSDT-15m-2021-04.zip,137432
FTMUSDT,15m,2021-05,True,FTMUSDT/15m/FTMUSDT-15m-2021-05.zip,138128
FTMUSDT,15m,2021-06,True,FTMUSDT/15m/FTMUSDT-15m-2021-06.zip,129604
FTMUSDT,15m,2021-07,True,FTMUSDT/15m/FTMUSDT-15m-2021-07.zip,130069
FTMUSDT,15m,2021-08,False,FTMUSDT/15m/FTMUSDT-15m-2021-08.zip,135359
FTMUSDT,15m,2021-09,True,FTMUSDT/15m/FTMUSDT-15m-2021-09.zip,139619
FTMUSDT,15m,2021-10,True,FTMUSDT/15m/FTMUSDT-15m-2021-10.zip,143218
FTMUSDT,15m,2021-11,True,FTMUSDT/15m/FTMUSDT-15m-2021-11.zip,136217
FTMUSDT,15m,2021-12,True,FTMUSDT/15m/FTMUSDT-15m-2021-12.zip,137677
FTMUSDT,15m,2022-01,True,FTMUSDT/15m/FTMUSDT-15m-2022-01.zip,140264
FTMUSDT,15m,2022-02,True,FTMUSDT/15m/FTMUSDT-15m-2022-02.zip,108359
FTMUSDT,15m,2022-03,False,FTMUSDT/15m/FTMUSDT-15m-2022-03.zip,134342
FTMUSDT,15m,2022-04,True,FTMUSDT/15m/FTMUSDT-15m-2022-04.zip,118032
FTMUSDT,15m,2022-05,False,FTMUSDT/15m/FTMUSDT-15m-2022-05.zip,133532
FTMUSDT,15m,2022-06,True,FTMUSDT/15m/FTMUSDT-15m-2022-06.zip,124864
FTMUSDT,15m,2022-07,True,FTMUSDT/15m/FTMUSDT-15m-2022-07.zip,126363
FTMUSDT,15m,2022-08,True,FTMUSDT/15m/FTMUSDT-15m-2022-08.zip,125042
FTMUSDT,15m,2022-09,True,FTMUSDT/15m/FTMUSDT-15m-2022-09.zip,116859
FTMUSDT,15m,2022-10,True,FTMUSDT/15m/FTMUSDT-15m-2022-10.zip,117705
FTMUSDT,15m,2022-11,True,FTMUSDT/15m/FTMUSDT-15m-2022-11.zip,119296
FTMUSDT,15m,2022-12,True,FTMUSDT/15m/FTMUSDT-15m-2022-12.zip,121447
FTMUSDT,15m,2023-01,True,FTMUSDT/15m/FTMUSDT-15m-2023-01.zip,126247
FTMUSDT,15m,2023-02,True,FTMUSDT/15m/FTMUSDT-15m-2023-02.zip,117766
FTMUSDT,15m,2023-03,True,FTMUSDT/15m/FTMUSDT-15m-2023-03.zip,129608
FTMUSDT,15m,2023-04,True,FTMUSDT/15m/FTMUSDT-15m-2023-04.zip,122002
FTMUSDT,15m,2023-05,True,FTMUSDT/15m/FTMUSDT-15m-2023-05.zip,123223
FTMUSDT,15m,2023-06,True,FTMUSDT/15m/FTMUSDT-15m-2023-06.zip,119690
FTMUSDT,15m,2023-07,True,FTMUSDT/15m/FTMUSDT-15m-2023-07.zip,121892
FTMUSDT,15m,2023-08,True,FTMUSDT/15m/FTMUSDT-15m-2023-08.zip,118395
FTMUSDT,15m,2023-09,True,FTMUSDT/15m/FTMUSDT-15m-2023-09.zip,111512
FTMUSDT,15m,2023-10,False,FTMUSDT/15m/FTMUSDT-15m-2023-10.zip,118585
FTMUSDT,15m,2023-11,True,FTMUSDT/15m/FTMUSDT-15m-2023-11.zip,120746
FTMUSDT,15m,2023-12,True,FTMUSDT/15m/FTMUSDT-15m-2023-12.zip,127576
FTMUSDT,15m,2024-01,True,FTMUSDT/15m/FTMUSDT-15m-2024-01.zip,124598
FTMUSDT,15m,2024-02,True,FTMUSDT/15m/FTMUSDT-15m-2024-02.zip,115057
FTTUSDT,15m,2022-10,False,FTTUSDT/15m/FTTUSDT-15m-2022-10.zip,114830
FTTUSDT,15m,2022-11,False,FTTUSDT/15m/FTTUSDT-15m-2022-11.zip,67679
FTTUSDT,15m,2022-12,True,FTTUSDT/15m/FTTUSDT-15m-2022-12.zip,18991
FXSUSDT,15m,2023-02,False,FXSUSDT/15m/FXSUSDT-15m-2023-02.zip,114637
FXSUSDT,15m,2023-03,True,FXSUSDT/15m/FXSUSDT-15m-2023-03.zip,123650
GALAUSDT,15m,2021-10,False,GALAUSDT/15m/GALAUSDT-15m-2021-10.zip,128954
GALAUSDT,15m,2021-11,True,GALAUSDT/15m/GALAUSDT-15m-2021-11.zip,131802
GALAUSDT,15m,2021-12,True,GALAUSDT/15m/GALAUSDT-15m-2021-12.zip,139335
GALAUSDT,15m,2022-01,True,GALAUSDT/15m/GALAUSDT-15m-2022-01.zip,135837
GALAUSDT,15m,2022-02,True,GALAUSDT/15m/GALAUSDT-15m-2022-02.zip,126677
GALAUSDT,15m,2022-03,True,GALAUSDT/15m/GALAUSDT-15m-2022-03.zip,136013
GALAUSDT,15m,2022-04,True,GALAUSDT/15m/GALAUSDT-15m-2022-04.zip,128572
GALAUSDT,15m,2022-05,True,GALAUSDT/15m/GALAUSDT-15m-2022-05.zip,134864
GALAUSDT,15m,2022-06,True,GALAUSDT/15m/GALAUSDT-15m-2022-06.zip,127551
GALAUSDT,15m,2022-07,True,GALAUSDT/15m/GALAUSDT-15m-2022-07.zip,128584
GALAUSDT,15m,2022-08,True,GALAUSDT/15m/GALAUSDT-15m-2022-08.zip,128083
GALAUSDT,15m,2022-09,True,GALAUSDT/15m/GALAUSDT-15m-2022-09.zip,119341
GALAUSDT,15m,2022-10,True,GALAUSDT/15m/GALAUSDT-15m-2022-10.zip,122380
GALAUSDT,15m,2022-11,True,GALAUSDT/15m/GALAUSDT-15m-2022-11.zip,120587
GALAUSDT,15m,2022-12,True,GALAUSDT/15m/GALAUSDT-15m-2022-12.zip,119283
GALAUSDT,15m,2023-01,True,GALAUSDT/15m/GALAUSDT-15m-2023-01.zip,132024
GALAUSDT,15m,2023-02,True,GALAUSDT/15m/GALAUSDT-15m-2023-02.zip,117143
GALAUSDT,15m,2023-03,True,GALAUSDT/15m/GALAUSDT-15m-2023-03.zip,129968
GALAUSDT,15m,2023-04,True,GALAUSDT/15m/GALAUSDT-15m-2023-04.zip,122324
GALAUSDT,15m,2023-05,True,GALAUSDT/15m/GALAUSDT-15m-2023-05.zip,126049
GALAUSDT,15m,2023-06,True,GALAUSDT/15m/GALAUSDT-15m-2023-06.zip,121146
GALAUSDT,15m,2023-07,True,GALAUSDT/15m/GALAUSDT-15m-2023-07.zip,123724
GALAUSDT,15m,2023-08,True,GALAUSDT/15m/GALAUSDT-15m-2023-08.zip,121497
GALAUSDT,15m,2023-09,True,GALAUSDT/15m/GALAUSDT-15m-2023-09.zip,117224
GALAUSDT,15m,2023-10,True,GALAUSDT/15m/GALAUSDT-15m-2023-10.zip,124348
GALAUSDT,15m,2023-11,True,GALAUSDT/15m/GALAUSDT-15m-2023-11.zip,124762
GALAUSDT,15m,2023-12,True,GALAUSDT/15m/GALAUSDT-15m-2023-12.zip,127213
GALAUSDT,15m,2024-01,True,GALAUSDT/15m/GALAUSDT-15m-2024-01.zip,124996
GALAUSDT,15m,2024-02,False,GALAUSDT/15m/GALAUSDT-15m-2024-02.zip,117058
GALUSDT,15m,2022-06,False,GALUSDT/15m/GALUSDT-15m-2022-06.zip,121765
GALUSDT,15m,2022-07,True,GALUSDT/15m/GALUSDT-15m-2022-07.zip,122714
GALUSDT,15m,2022-08,True,GALUSDT/15m/GALUSDT-15m-2022-08.zip,121714
GASUSDT,15m,2023-11,False,GASUSDT/15m/GASUSDT-15m-2023-11.zip,130327
GASUSDT,15m,2023-12,True,GASUSDT/15m/GASUSDT-15m-2023-12.zip,123753
GMTUSDT,15m,2022-04,False,GMTUSDT/15m/GMTUSDT-15m-2022-04.zip,129943
GMTUSDT,15m,2022-05,False,GMTUSDT/15m/GMTUSDT-15m-2022-05.zip,137875
GMTUSDT,15m,2022-06,True,GMTUSDT/15m/GMTUSDT-15m-2022-06.zip,128573
GMTUSDT,15m,2022-07,True,GMTUSDT/15m/GMTUSDT-15m-2022-07.zip,130443
GMTUSDT,15m,2022-08,True,GMTUSDT/15m/GMTUSDT-15m-2022-08.zip,127661
GMTUSDT,15m,2022-09,True,GMTUSDT/15m/GMTUSDT-15m-2022-09.zip,121327
GMTUSDT,15m,2022-10,True,GMTUSDT/15m/GMTUSDT-15m-2022-10.zip,123227
GMTUSDT,15m,2022-11,True,GMTUSDT/15m/GMTUSDT-15m-2022-11.zip,120005
GMTUSDT,15m,2022-12,True,GMTUSDT/15m/GMTUSDT-15m-2022-12.zip,118023
GMTUSDT,15m,2023-01,True,GMTUSDT/15m/GMTUSDT-15m-2023-01.zip,126457
GMTUSDT,15m,2023-02,True,GMTUSDT/15m/GMTUSDT-15m-2023-02.zip,112057
GMTUSDT,15m,2023-03,True,GMTUSDT/15m/GMTUSDT-15m-2023-03.zip,124475
GMTUSDT,15m,2023-04,True,GMTUSDT/15m/GMTUSDT-15m-2023-04.zip,115062
GMTUSDT,15m,2023-05,True,GMTUSDT/15m/GMTUSDT-15m-2023-05.zip,117976
GMTUSDT,15m,2023-06,True,GMTUSDT/15m/GMTUSDT-15m-2023-06.zip,113971
GMTUSDT,15m,2023-07,False,GMTUSDT/15m/GMTUSDT-15m-2023-07.zip,118033
GMTUSDT,15m,2023-08,True,GMTUSDT/15m/GMTUSDT-15m-2023-08.zip,113430
GMTUSDT,15m,2023-10,False,GMTUSDT/15m/GMTUSDT-15m-2023-10.zip,113129
GMTUSDT,15m,2023-11,False,GMTUSDT/15m/GMTUSDT-15m-2023-11.zip,119907
GMTUSDT,15m,2023-12,True,GMTUSDT/15m/GMTUSDT-15m-2023-12.zip,122121
GMTUSDT,15m,2024-01,True,GMTUSDT/15m/GMTUSDT-15m-2024-01.zip,123157
GMTUSDT,15m,2024-02,True,GMTUSDT/15m/GMTUSDT-15m-2024-02.zip,110878
GRTUSDT,15m,2021-01,False,GRTUSDT/15m/GRTUSDT-15m-2021-01.zip,131781
GRTUSDT,15m,2021-02,True,GRTUSDT/15m/GRTUSDT-15m-2021-02.zip,122770
GRTUSDT,15m,2021-03,True,GRTUSDT/15m/GRTUSDT-15m-2021-03.zip,131843
GRTUSDT,15m,2021-04,True,GRTUSDT/15m/GRTUSDT-15m-2021-04.zip,128671
GRTUSDT,15m,2021-05,True,GRTUSDT/15m/GRTUSDT-15m-2021-05.zip,132206
GRTUSDT,15m,2021-06,False,GRTUSDT/15m/GRTUSDT-15m-2021-06.zip,125820
GRTUSDT,15m,2021-07,True,GRTUSDT/15m/GRTUSDT-15m-2021-07.zip,129223
GRTUSDT,15m,2021-08,True,GRTUSDT/15m/GRTUSDT-15m-2021-08.zip,132262
GRTUSDT,15m,2021-09,True,GRTUSDT/15m/GRTUSDT-15m-2021-09.zip,126585
GRTUSDT,15m,2022-02,False,GRTUSDT/15m/GRTUSDT-15m-2022-02.zip,104372
GRTUSDT,15m,2022-03,False,GRTUSDT/15m/GRTUSDT-15m-2022-03.zip,129820
GRTUSDT,15m,2022-04,True,GRTUSDT/15m/GRTUSDT-15m-2022-04.zip,116634
GRTUSDT,15m,2022-11,False,GRTUSDT/15m/GRTUSDT-15m-2022-11.zip,120278
GRTUSDT,15m,2022-12,False,GRTUSDT/15m/GRTUSDT-15m-2022-12.zip,120751
GRTUSDT,15m,2023-01,True,GRTUSDT/15m/GRTUSDT-15m-2023-01.zip,125425
GRTUSDT,15m,2023-02,True,GRTUSDT/15m/GRTUSDT-15m-2023-02.zip,120029
GRTUSDT,15m,2023-03,True,GRTUSDT/15m/GRTUSDT-15m-2023-03.zip,129718
GRTUSDT,15m,2023-04,True,GRTUSDT/15m/GRTUSDT-15m-2023-04.zip,121995
GTCUSDT,15m,2021-10,False,GTCUSDT/15m/GTCUSDT-15m-2021-10.zip,117657
GTCUSDT,15m,2021-11,False,GTCUSDT/15m/GTCUSDT-15m-2021-11.zip,116052
GTCUSDT,15m,2021-12,True,GTCUSDT/15m/GTCUSDT-15m-2021-12.zip,125117
GTCUSDT,15m,2022-01,True,GTCUSDT/15m/GTCUSDT-15m-2022-01.zip,122073
HBARUSDT,15m,2021-08,False,HBARUSDT/15m/HBARUSDT-15m-2021-08.zip,125863
HBARUSDT,15m,2021-09,False,HBARUSDT/15m/HBARUSDT-15m-2021-09.zip,128190
HBARUSDT,15m,2021-10,True,HBARUSDT/15m/HBARUSDT-15m-2021-10.zip,129742
HBARUSDT,15m,2023-07,False,HBARUSDT/15m/HBARUSDT-15m-2023-07.zip,120169
HBARUSDT,15m,2023-08,False,HBARUSDT/15m/HBARUSDT-15m-2023-08.zip,126932
HBARUSDT,15m,2023-09,True,HBARUSDT/15m/HBARUSDT-15m-2023-09.zip,116165
HIGHUSDT,15m,2023-04,False,HIGHUSDT/15m/HIGHUSDT-15m-2023-04.zip,115948
HIGHUSDT,15m,2023-05,False,HIGHUSDT/15m/HIGHUSDT-15m-2023-05.zip,121102
HIGHUSDT,15m,2023-06,True,HIGHUSDT/15m/HIGHUSDT-15m-2023-06.zip,117359
HIGHUSDT,15m,2023-07,False,HIGHUSDT/15m/HIGHUSDT-15m-2023-07.zip,114820
HIGHUSDT,15m,2023-08,False,HIGHUSDT/15m/HIGHUSDT-15m-2023-08.zip,119043
HIGHUSDT,15m,2023-09,True,HIGHUSDT/15m/HIGHUSDT-15m-2023-09.zip,111437
HNTUSDT,15m,2022-01,False,HNTUSDT/15m/HNTUSDT-15m-2022-01.zip,116103
HNTUSDT,15m,2022-02,False,HNTUSDT/15m/HNTUSDT-15m-2022-02.zip,103292
HNTUSDT,15m,2022-03,True,HNTUSDT/15m/HNTUSDT-15m-2022-03.zip,113055
HNTUSDT,15m,2022-05,False,HNTUSDT/15m/HNTUSDT-15m-2022-05.zip,112597
HNTUSDT,15m,2022-06,False,HNTUSDT/15m/HNTUSDT-15m-2022-06.zip,111738
HNTUSDT,15m,2022-07,True,HNTUSDT/15m/HNTUSDT-15m-2022-07.zip,107813
HNTUSDT,15m,2022-08,False,HNTUSDT/15m/HNTUSDT-15m-2022-08.zip,110004
HNTUSDT,15m,2022-09,False,HNTUSDT/15m/HNTUSDT-15m-2022-09.zip,113399
HNTUSDT,15m,2022-10,True,HNTUSDT/15m/HNTUSDT-15m-2022-10.zip,110262
HNTUSDT,15m,2022-11,True,HNTUSDT/15m/HNTUSDT-15m-2022-11.zip,104374
HNTUSDT,15m,2022-12,False,HNTUSDT/15m/HNTUSDT-15m-2022-12.zip,104668
HNTUSDT,15m,2023-01,True,HNTUSDT/15m/HNTUSDT-15m-2023-01.zip,107655
HOOKUSDT,15m,2023-02,False,HOOKUSDT/15m/HOOKUSDT-15m-2023-02.zip,115910
HOOKUSDT,15m,2023-03,True,HOOKUSDT/15m/HOOKUSDT-15m-2023-03.zip,124227
HOTUSDT,15m,2021-04,False,HOTUSDT/15m/HOTUSDT-15m-2021-04.zip,136603
HOTUSDT,15m,2021-05,True,HOTUSDT/15m/HOTUSDT-15m-2021-05.zip,136983
HOTUSDT,15m,2021-10,False,HOTUSDT/15m/HOTUSDT-15m-2021-10.zip,134200
HOTUSDT,15m,2021-11,False,HOTUSDT/15m/HOTUSDT-15m-2021-11.zip,132794
HOTUSDT,15m,2021-12,True,HOTUSDT/15m/HOTUSDT-15m-2021-12.zip,134441
ICPUSDT,15m,2021-06,False,ICPUSDT/15m/ICPUSDT-15m-2021-06.zip,120948
ICPUSDT,15m,2021-07,True,ICPUSDT/15m/ICPUSDT-15m-2021-07.zip,122912
ICPUSDT,15m,2021-08,True,ICPUSDT/15m/ICPUSDT-15m-2021-08.zip,126349
ICPUSDT,15m,2021-09,True,ICPUSDT/15m/ICPUSDT-15m-2021-09.zip,120203
ICPUSDT,15m,2021-10,True,ICPUSDT/15m/ICPUSDT-15m-2021-10.zip,122734
ICPUSDT,15m,2021-11,True,ICPUSDT/15m/ICPUSDT-15m-2021-11.zip,118462
ICPUSDT,15m,2021-12,True,ICPUSDT/15m/ICPUSDT-15m-2021-12.zip,121193
ICPUSDT,15m,2022-01,True,ICPUSDT/15m/ICPUSDT-15m-2022-01.zip,123996
ICPUSDT,15m,2022-02,True,ICPUSDT/15m/ICPUSDT-15m-2022-02.zip,108006
ICPUSDT,15m,2022-03,True,ICPUSDT/15m/ICPUSDT-15m-2022-03.zip,117545
ICPUSDT,15m,2022-04,True,ICPUSDT/15m/ICPUSDT-15m-2022-04.zip,113367
ICPUSDT,15m,2022-05,True,ICPUSDT/15m/ICPUSDT-15m-2022-05.zip,115874
ICPUSDT,15m,2023-11,False,ICPUSDT/15m/ICPUSDT-15m-2023-11.zip,108628
ICPUSDT,15m,2023-12,False,ICPUSDT/15m/ICPUSDT-15m-2023-12.zip,119411
ICPUSDT,15m,2024-01,True,ICPUSDT/15m/ICPUSDT-15m-2024-01.zip,121062
ICPUSDT,15m,2024-02,True,ICPUSDT/15m/ICPUSDT-15m-2024-02.zip,110583
ICXUSDT,15m,2023-03,False,ICXUSDT/15m/ICXUSDT-15m-2023-03.zip,110365
ICXUSDT,15m,2023-04,False,ICXUSDT/15m/ICXUSDT-15m-2023-04.zip,116028
ICXUSDT,15m,2023-05,True,ICXUSDT/15m/ICXUSDT-15m-2023-05.zip,111051
IDUSDT,15m,2023-04,False,IDUSDT/15m/IDUSDT-15m-2023-04.zip,125896
IDUSDT,15m,2023-05,True,IDUSDT/15m/IDUSDT-15m-2023-05.zip,126315
IDUSDT,15m,2023-06,True,IDUSDT/15m/IDUSDT-15m-2023-06.zip,119478
IDUSDT,15m,2024-01,False,IDUSDT/15m/IDUSDT-15m-2024-01.zip,120298
IDUSDT,15m,2024-02,False,IDUSDT/15m/IDUSDT-15m-2024-02.zip,115807
IMXUSDT,15m,2022-03,False,IMXUSDT/15m/IMXUSDT-15m-2022-03.zip,123205
IMXUSDT,15m,2022-04,True,IMXUSDT/15m/IMXUSDT-15m-2022-04.zip,108854
IMXUSDT,15m,2023-02,False,IMXUSDT/15m/IMXUSDT-15m-2023-02.zip,109126
IMXUSDT,15m,2023-03,False,IMXUSDT/15m/IMXUSDT-15m-2023-03.zip,122873
IMXUSDT,15m,2023-04,True,IMXUSDT/15m/IMXUSDT-15m-2023-04.zip,113442
IMXUSDT,15m,2023-08,False,IMXUSDT/15m/IMXUSDT-15m-2023-08.zip,112535
IMXUSDT,15m,2023-09,False,IMXUSDT/15m/IMXUSDT-15m-2023-09.zip,109582
IMXUSDT,15m,2023-10,True,IMXUSDT/15m/IMXUSDT-15m-2023-10.zip,112531
IMXUSDT,15m,2023-11,False,IMXUSDT/15m/IMXUSDT-15m-2023-11.zip,117423
IMXUSDT,15m,2023-12,False,IMXUSDT/15m/IMXUSDT-15m-2023-12.zip,123117
IMXUSDT,15m,2024-01,True,IMXUSDT/15m/IMXUSDT-15m-2024-01.zip,118679
INJUSDT,15m,2022-09,False,INJUSDT/15m/INJUSDT-15m-2022-09.zip,113616
INJUSDT,15m,2022-10,False,INJUSDT/15m/INJUSDT-15m-2022-10.zip,122108
INJUSDT,15m,2022-11,True,INJUSDT/15m/INJUSDT-15m-2022-11.zip,117358
INJUSDT,15m,2022-12,False,INJUSDT/15m/INJUSDT-15m-2022-12.zip,111513
INJUSDT,15m,2023-01,False,INJUSDT/15m/INJUSDT-15m-2023-01.zip,117492
INJUSDT,15m,2023-02,True,INJUSDT/15m/INJUSDT-15m-2023-02.zip,113890
INJUSDT,15m,2023-03,True,INJUSDT/15m/INJUSDT-15m-2023-03.zip,126154
INJUSDT,15m,2023-04,True,INJUSDT/15m/INJUSDT-15m-2023-04.zip,127425
INJUSDT,15m,2023-05,True,INJUSDT/15m/INJUSDT-15m-2023-05.zip,129426
INJUSDT,15m,2023-06,True,INJUSDT/15m/INJUSDT-15m-2023-06.zip,125280
INJUSDT,15m,2023-07,True,INJUSDT/15m/INJUSDT-15m-2023-07.zip,127417
INJUSDT,15m,2023-08,True,INJUSDT/15m/INJUSDT-15m-2023-08.zip,124533
INJUSDT,15m,2023-09,True,INJUSDT/15m/INJUSDT-15m-2023-09.zip,117018
INJUSDT,15m,2023-10,False,INJUSDT/15m/INJUSDT-15m-2023-10.zip,124980
INJUSDT,15m,2023-11,True,INJUSDT/15m/INJUSDT-15m-2023-11.zip,126351
INJUSDT,15m,2023-12,True,INJUSDT/15m/INJUSDT-15m-2023-12.zip,134679
INJUSDT,15m,2024-01,True,INJUSDT/15m/INJUSDT-15m-2024-01.zip,133968
INJUSDT,15m,2024-02,True,INJUSDT/15m/INJUSDT-15m-2024-02.zip,123775
IOSTUSDT,15m,2020-03,False,IOSTUSDT/15m/IOSTUSDT-15m-2020-03.zip,120604
IOSTUSDT,15m,2020-04,True,IOSTUSDT/15m/IOSTUSDT-15m-2020-04.zip,114555
IOSTUSDT,15m,2020-05,True,IOSTUSDT/15m/IOSTUSDT-15m-2020-05.zip,120947
IOSTUSDT,15m,2020-06,True,IOSTUSDT/15m/IOSTUSDT-15m-2020-06.zip,123033
IOSTUSDT,15m,2020-07,True,IOSTUSDT/15m/IOSTUSDT-15m-2020-07.zip,126953
IOSTUSDT,15m,2020-08,True,IOSTUSDT/15m/IOSTUSDT-15m-2020-08.zip,128553
IOSTUSDT,15m,2020-09,True,IOSTUSDT/15m/IOSTUSDT-15m-2020-09.zip,125202
IOSTUSDT,15m,2020-10,True,IOSTUSDT/15m/IOSTUSDT-15m-2020-10.zip,121243
IOSTUSDT,15m,2020-12,False,IOSTUSDT/15m/IOSTUSDT-15m-2020-12.zip,123721
IOSTUSDT,15m,2021-01,False,IOSTUSDT/15m/IOSTUSDT-15m-2021-01.zip,134946
IOSTUSDT,15m,2021-02,True,IOSTUSDT/15m/IOSTUSDT-15m-2021-02.zip,125444
IOSTUSDT,15m,2021-03,True,IOSTUSDT/15m/IOSTUSDT-15m-2021-03.zip,136738
IOSTUSDT,15m,2021-04,True,IOSTUSDT/15m/IOSTUSDT-15m-2021-04.zip,135488
IOSTUSDT,15m,2021-05,True,IOSTUSDT/15m/IOSTUSDT-15m-2021-05.zip,138303
IOSTUSDT,15m,2021-08,False,IOSTUSDT/15m/IOSTUSDT-15m-2021-08.zip,135473
IOSTUSDT,15m,2021-09,False,IOSTUSDT/15m/IOSTUSDT-15m-2021-09.zip,136267
IOSTUSDT,15m,2021-10,True,IOSTUSDT/15m/IOSTUSDT-15m-2021-10.zip,135949
IOSTUSDT,15m,2022-02,False,IOSTUSDT/15m/IOSTUSDT-15m-2022-02.zip,119898
IOSTUSDT,15m,2022-03,False,IOSTUSDT/15m/IOSTUSDT-15m-2022-03.zip,132139
IOSTUSDT,15m,2022-04,True,IOSTUSDT/15m/IOSTUSDT-15m-2022-04.zip,132409
IOSTUSDT,15m,2022-05,True,IOSTUSDT/15m/IOSTUSDT-15m-2022-05.zip,133409
IOTAUSDT,15m,2020-03,False,IOTAUSDT/15m/IOTAUSDT-15m-2020-03.zip,108476
IOTAUSDT,15m,2020-04,True,IOTAUSDT/15m/IOTAUSDT-15m-2020-04.zip,103461
IOTAUSDT,15m,2020-05,True,IOTAUSDT/15m/IOTAUSDT-15m-2020-05.zip,110734
IOTAUSDT,15m,2020-06,True,IOTAUSDT/15m/IOTAUSDT-15m-2020-06.zip,106862
IOTAUSDT,15m,2020-07,True,IOTAUSDT/15m/IOTAUSDT-15m-2020-07.zip,113635
IOTAUSDT,15m,2020-08,True,IOTAUSDT/15m/IOTAUSDT-15m-2020-08.zip,118748
IOTAUSDT,15m,2020-09,True,IOTAUSDT/15m/IOTAUSDT-15m-2020-09.zip,112120
IOTAUSDT,15m,2020-10,True,IOTAUSDT/15m/IOTAUSDT-15m-2020-10.zip,112015
IOTAUSDT,15m,2020-11,False,IOTAUSDT/15m/IOTAUSDT-15m-2020-11.zip,113629
IOTAUSDT,15m,2020-12,True,IOTAUSDT/15m/IOTAUSDT-15m-2020-12.zip,117357
IOTAUSDT,15m,2021-01,False,IOTAUSDT/15m/IOTAUSDT-15m-2021-01.zip,123157
IOTAUSDT,15m,2021-02,False,IOTAUSDT/15m/IOTAUSDT-15m-2021-02.zip,116735
IOTAUSDT,15m,2021-03,True,IOTAUSDT/15m/IOTAUSDT-15m-2021-03.zip,127442
IOTAUSDT,15m,2021-04,False,IOTAUSDT/15m/IOTAUSDT-15m-2021-04.zip,126849
IOTAUSDT,15m,2021-05,False,IOTAUSDT/15m/IOTAUSDT-15m-2021-05.zip,131251
IOTAUSDT,15m,2021-06,True,IOTAUSDT/15m/IOTAUSDT-15m-2021-06.zip,123517
IOTAUSDT,15m,2021-08,False,IOTAUSDT/15m/IOTAUSDT-15m-2021-08.zip,127299
IOTAUSDT,15m,2021-09,False,IOTAUSDT/15m/IOTAUSDT-15m-2021-09.zip,127436
IOTAUSDT,15m,2021-10,True,IOTAUSDT/15m/IOTAUSDT-15m-2021-10.zip,128259
IOTAUSDT,15m,2023-11,False,IOTAUSDT/15m/IOTAUSDT-15m-2023-11.zip,115023
IOTAUSDT,15m,2023-12,False,IOTAUSDT/15m/IOTAUSDT-15m-2023-12.zip,126620
IOTAUSDT,15m,2024-01,True,IOTAUSDT/15m/IOTAUSDT-15m-2024-01.zip,122166
IOTXUSDT,15m,2021-10,False,IOTXUSDT/15m/IOTXUSDT-15m-2021-10.zip,124226
IOTXUSDT,15m,2021-11,False,IOTXUSDT/15m/IOTXUSDT-15m-2021-11.zip,129609
IOTXUSDT,15m,2021-12,True,IOTXUSDT/15m/IOTXUSDT-15m-2021-12.zip,128687
IOTXUSDT,15m,2022-01,False,IOTXUSDT/15m/IOTXUSDT-15m-2022-01.zip,125652
IOTXUSDT,15m,2022-02,False,IOTXUSDT/15m/IOTXUSDT-15m-2022-02.zip,114180
IOTXUSDT,15m,2022-03,True,IOTXUSDT/15m/IOTXUSDT-15m-2022-03.zip,124417
JASMYUSDT,15m,2022-05,False,JASMYUSDT/15m/JASMYUSDT-15m-2022-05.zip,130414
JASMYUSDT,15m,2022-06,True,JASMYUSDT/15m/JASMYUSDT-15m-2022-06.zip,120217
JASMYUSDT,15m,2022-09,False,JASMYUSDT/15m/JASMYUSDT-15m-2022-09.zip,125667
JASMYUSDT,15m,2022-10,False,JASMYUSDT/15m/JASMYUSDT-15m-2022-10.zip,130609
JASMYUSDT,15m,2022-11,True,JASMYUSDT/15m/JASMYUSDT-15m-2022-11.zip,127913
JASMYUSDT,15m,2022-12,False,JASMYUSDT/15m/JASMYUSDT-15m-2022-12.zip,125753
JASMYUSDT,15m,2023-01,False,JASMYUSDT/15m/JASMYUSDT-15m-2023-01.zip,132561
JASMYUSDT,15m,2023-02,True,JASMYUSDT/15m/JASMYUSDT-15m-2023-02.zip,120559
JASMYUSDT,15m,2023-04,False,JASMYUSDT/15m/JASMYUSDT-15m-2023-04.zip,127941
JASMYUSDT,15m,2023-05,False,JASMYUSDT/15m/JASMYUSDT-15m-2023-05.zip,132565
JASMYUSDT,15m,2023-06,True,JASMYUSDT/15m/JASMYUSDT-15m-2023-06.zip,125537
JASMYUSDT,15m,2024-01,False,JASMYUSDT/15m/JASMYUSDT-15m-2024-01.zip,127912
JASMYUSDT,15m,2024-02,False,JASMYUSDT/15m/JASMYUSDT-15m-2024-02.zip,126327
JTOUSDT,15m,2024-01,False,JTOUSDT/15m/JTOUSDT-15m-2024-01.zip,129584
JTOUSDT,15m,2024-02,True,JTOUSDT/15m/JTOUSDT-15m-2024-02.zip,117316
KAVAUSDT,15m,2020-08,False,KAVAUSDT/15m/KAVAUSDT-15m-2020-08.zip,128794
KAVAUSDT,15m,2020-09,True,KAVAUSDT/15m/KAVAUSDT-15m-2020-09.zip,120056
KAVAUSDT,15m,2020-10,True,KAVAUSDT/15m/KAVAUSDT-15m-2020-10.zip,122041
KAVAUSDT,15m,2020-11,True,KAVAUSDT/15m/KAVAUSDT-15m-2020-11.zip,121382
KAVAUSDT,15m,2020-12,True,KAVAUSDT/15m/KAVAUSDT-15m-2020-12.zip,121586
KAVAUSDT,15m,2021-02,False,KAVAUSDT/15m/KAVAUSDT-15m-2021-02.zip,117495
KAVAUSDT,15m,2021-03,False,KAVAUSDT/15m/KAVAUSDT-15m-2021-03.zip,130907
KAVAUSDT,15m,2021-04,True,KAVAUSDT/15m/KAVAUSDT-15m-2021-04.zip,127338
KAVAUSDT,15m,2021-05,False,KAVAUSDT/15m/KAVAUSDT-15m-2021-05.zip,130999
KAVAUSDT,15m,2021-06,False,KAVAUSDT/15m/KAVAUSDT-15m-2021-06.zip,125652
KAVAUSDT,15m,2021-07,True,KAVAUSDT/15m/KAVAUSDT-15m-2021-07.zip,128893
KAVAUSDT,15m,2021-08,True,KAVAUSDT/15m/KAVAUSDT-15m-2021-08.zip,132399
KAVAUSDT,15m,2021-09,True,KAVAUSDT/15m/KAVAUSDT-15m-2021-09.zip,126256
KAVAUSDT,15m,2021-12,False,KAVAUSDT/15m/KAVAUSDT-15m-2021-12.zip,126777
KAVAUSDT,15m,2022-01,False,KAVAUSDT/15m/KAVAUSDT-15m-2022-01.zip,131500
KAVAUSDT,15m,2022-02,True,KAVAUSDT/15m/KAVAUSDT-15m-2022-02.zip,115050
KAVAUSDT,15m,2022-03,False,KAVAUSDT/15m/KAVAUSDT-15m-2022-03.zip,125996
KAVAUSDT,15m,2022-04,False,KAVAUSDT/15m/KAVAUSDT-15m-2022-04.zip,127129
KAVAUSDT,15m,2022-05,True,KAVAUSDT/15m/KAVAUSDT-15m-2022-05.zip,132320
KAVAUSDT,15m,2022-06,True,KAVAUSDT/15m/KAVAUSDT-15m-2022-06.zip,124551
KAVAUSDT,15m,2022-12,False,KAVAUSDT/15m/KAVAUSDT-15m-2022-12.zip,122513
KAVAUSDT,15m,2023-01,False,KAVAUSDT/15m/KAVAUSDT-15m-2023-01.zip,128688
KAVAUSDT,15m,2023-02,True,KAVAUSDT/15m/KAVAUSDT-15m-2023-02.zip,113942
KAVAUSDT,15m,2023-03,False,KAVAUSDT/15m/KAVAUSDT-15m-2023-03.zip,128062
KAVAUSDT,15m,2023-04,True,KAVAUSDT/15m/KAVAUSDT-15m-2023-04.zip,118870
KAVAUSDT,15m,2023-05,False,KAVAUSDT/15m/KAVAUSDT-15m-2023-05.zip,129066
KAVAUSDT,15m,2023-06,True,KAVAUSDT/15m/KAVAUSDT-15m-2023-06.zip,123866
KAVAUSDT,15m,2023-07,True,KAVAUSDT/15m/KAVAUSDT-15m-2023-07.zip,123960
KEEPUSDT,15m,2021-09,False,KEEPUSDT/15m/KEEPUSDT-15m-2021-09.zip,112995
KEEPUSDT,15m,2021-10,False,KEEPUSDT/15m/KEEPUSDT-15m-2021-10.zip,119346
KEEPUSDT,15m,2021-11,True,KEEPUSDT/15m/KEEPUSDT-15m-2021-11.zip,116335
KLAYUSDT,15m,2022-09,False,KLAYUSDT/15m/KLAYUSDT-15m-2022-09.zip,110537
KLAYUSDT,15m,2022-10,False,KLAYUSDT/15m/KLAYUSDT-15m-2022-10.zip,120537
KLAYUSDT,15m,2022-11,True,KLAYUSDT/15m/KLAYUSDT-15m-2022-11.zip,118368
KLAYUSDT,15m,2023-01,False,KLAYUSDT/15m/KLAYUSDT-15m-2023-01.zip,116946
KLAYUSDT,15m,2023-02,False,KLAYUSDT/15m/KLAYUSDT-15m-2023-02.zip,111644
KLAYUSDT,15m,2023-03,True,KLAYUSDT/15m/KLAYUSDT-15m-2023-03.zip,121880
KNCUSDT,15m,2020-07,False,KNCUSDT/15m/KNCUSDT-15m-2020-07.zip,123906
KNCUSDT,15m,2020-08,True,KNCUSDT/15m/KNCUSDT-15m-2020-08.zip,124927
KNCUSDT,15m,2020-09,True,KNCUSDT/15m/KNCUSDT-15m-2020-09.zip,117187
KNCUSDT,15m,2020-10,True,KNCUSDT/15m/KNCUSDT-15m-2020-10.zip,118065
KNCUSDT,15m,2022-02,False,KNCUSDT/15m/KNCUSDT-15m-2022-02.zip,92725
KNCUSDT,15m,2022-03,False,KNCUSDT/15m/KNCUSDT-15m-2022-03.zip,116420
KNCUSDT,15m,2022-04,True,KNCUSDT/15m/KNCUSDT-15m-2022-04.zip,109122
KNCUSDT,15m,2022-05,False,KNCUSDT/15m/KNCUSDT-15m-2022-05.zip,121264
KNCUSDT,15m,2022-06,True,KNCUSDT/15m/KNCUSDT-15m-2022-06.zip,110213
KNCUSDT,15m,2022-07,True,KNCUSDT/15m/KNCUSDT-15m-2022-07.zip,109654
KNCUSDT,15m,2022-08,False,KNCUSDT/15m/KNCUSDT-15m-2022-08.zip,111156
KNCUSDT,15m,2022-09,True,KNCUSDT/15m/KNCUSDT-15m-2022-09.zip,107811
KNCUSDT,15m,2022-10,True,KNCUSDT/15m/KNCUSDT-15m-2022-10.zip,105445
KNCUSDT,15m,2023-06,False,KNCUSDT/15m/KNCUSDT-15m-2023-06.zip,110419
KNCUSDT,15m,2023-07,False,KNCUSDT/15m/KNCUSDT-15m-2023-07.zip,118504
KNCUSDT,15m,2023-08,True,KNCUSDT/15m/KNCUSDT-15m-2023-08.zip,118671
KNCUSDT,15m,2023-09,True,KNCUSDT/15m/KNCUSDT-15m-2023-09.zip,114371
KNCUSDT,15m,2023-10,True,KNCUSDT/15m/KNCUSDT-15m-2023-10.zip,118627
KSMUSDT,15m,2020-11,False,KSMUSDT/15m/KSMUSDT-15m-2020-11.zip,112634
KSMUSDT,15m,2020-12,True,KSMUSDT/15m/KSMUSDT-15m-2020-12.zip,118191
KSMUSDT,15m,2021-01,True,KSMUSDT/15m/KSMUSDT-15m-2021-01.zip,120936
KSMUSDT,15m,2021-02,False,KSMUSDT/15m/KSMUSDT-15m-2021-02.zip,113574
KSMUSDT,15m,2021-03,True,KSMUSDT/15m/KSMUSDT-15m-2021-03.zip,127629
KSMUSDT,15m,2021-04,True,KSMUSDT/15m/KSMUSDT-15m-2021-04.zip,124013
KSMUSDT,15m,2021-05,True,KSMUSDT/15m/KSMUSDT-15m-2021-05.zip,125211
KSMUSDT,15m,2021-06,True,KSMUSDT/15m/KSMUSDT-15m-2021-06.zip,119843
KSMUSDT,15m,2021-07,True,KSMUSDT/15m/KSMUSDT-15m-2021-07.zip,118258
KSMUSDT,15m,2021-08,True,KSMUSDT/15m/KSMUSDT-15m-2021-08.zip,120650
KSMUSDT,15m,2021-09,True,KSMUSDT/15m/KSMUSDT-15m-2021-09.zip,117346
KSMUSDT,15m,2021-10,True,KSMUSDT/15m/KSMUSDT-15m-2021-10.zip,117775
LDOUSDT,15m,2022-12,False,LDOUSDT/15m/LDOUSDT-15m-2022-12.zip,117052
LDOUSDT,15m,2023-01,False,LDOUSDT/15m/LDOUSDT-15m-2023-01.zip,129065
LDOUSDT,15m,2023-02,True,LDOUSDT/15m/LDOUSDT-15m-2023-02.zip,118336
LDOUSDT,15m,2023-03,True,LDOUSDT/15m/LDOUSDT-15m-2023-03.zip,130848
LDOUSDT,15m,2023-04,True,LDOUSDT/15m/LDOUSDT-15m-2023-04.zip,122737
LDOUSDT,15m,2023-05,True,LDOUSDT/15m/LDOUSDT-15m-2023-05.zip,127780
LDOUSDT,15m,2023-06,True,LDOUSDT/15m/LDOUSDT-15m-2023-06.zip,122446
LDOUSDT,15m,2023-07,True,LDOUSDT/15m/LDOUSDT-15m-2023-07.zip,125254
LDOUSDT,15m,2023-08,True,LDOUSDT/15m/LDOUSDT-15m-2023-08.zip,121364
LDOUSDT,15m,2023-12,False,LDOUSDT/15m/LDOUSDT-15m-2023-12.zip,125686
LDOUSDT,15m,2024-01,False,LDOUSDT/15m/LDOUSDT-15m-2024-01.zip,128888
LDOUSDT,15m,2024-02,True,LDOUSDT/15m/LDOUSDT-15m-2024-02.zip,117334
LENDUSDT,15m,2020-08,False,LENDUSDT/15m/LENDUSDT-15m-2020-08.zip,126552
LENDUSDT,15m,2020-09,True,LENDUSDT/15m/LENDUSDT-15m-2020-09.zip,122579
LENDUSDT,15m,2020-10,True,LENDUSDT/15m/LENDUSDT-15m-2020-10.zip,52380
LENDUSDT,15m,2020-11,True,LENDUSDT/15m/LENDUSDT-15m-2020-11.zip,5830
LEVERUSDT,15m,2023-07,False,LEVERUSDT/15m/LEVERUSDT-15m-2023-07.zip,120943
LEVERUSDT,15m,2023-08,False,LEVERUSDT/15m/LEVERUSDT-15m-2023-08.zip,129881
LEVERUSDT,15m,2023-09,True,LEVERUSDT/15m/LEVERUSDT-15m-2023-09.zip,128570
LEVERUSDT,15m,2023-10,True,LEVERUSDT/15m/LEVERUSDT-15m-2023-10.zip,133176
LEVERUSDT,15m,2023-11,True,LEVERUSDT/15m/LEVERUSDT-15m-2023-11.zip,123484
LINAUSDT,15m,2021-06,False,LINAUSDT/15m/LINAUSDT-15m-2021-06.zip,118338
LINAUSDT,15m,2021-07,False,LINAUSDT/15m/LINAUSDT-15m-2021-07.zip,126485
LINAUSDT,15m,2021-08,True,LINAUSDT/15m/LINAUSDT-15m-2021-08.zip,127890
LINAUSDT,15m,2023-02,False,LINAUSDT/15m/LINAUSDT-15m-2023-02.zip,107414
LINAUSDT,15m,2023-03,False,LINAUSDT/15m/LINAUSDT-15m-2023-03.zip,123897
LINAUSDT,15m,2023-04,True,LINAUSDT/15m/LINAUSDT-15m-2023-04.zip,121847
LINAUSDT,15m,2023-05,True,LINAUSDT/15m/LINAUSDT-15m-2023-05.zip,126413
LINAUSDT,15m,2023-06,True,LINAUSDT/15m/LINAUSDT-15m-2023-06.zip,127239
LINAUSDT,15m,2023-07,True,LINAUSDT/15m/LINAUSDT-15m-2023-07.zip,121638
LINAUSDT,15m,2023-08,True,LINAUSDT/15m/LINAUSDT-15m-2023-08.zip,120677
LINKUSDT,15m,2020-03,True,LINKUSDT/15m/LINKUSDT-15m-2020-03.zip,125955
LINKUSDT,15m,2020-04,True,LINKUSDT/15m/LINKUSDT-15m-2020-04.zip,121540
LINKUSDT,15m,2020-05,True,LINKUSDT/15m/LINKUSDT-15m-2020-05.zip,122115
LINKUSDT,15m,2020-06,True,LINKUSDT/15m/LINKUSDT-15m-2020-06.zip,117676
LINKUSDT,15m,2020-07,True,LINKUSDT/15m/LINKUSDT-15m-2020-07.zip,129196
LINKUSDT,15m,2020-08,True,LINKUSDT/15m/LINKUSDT-15m-2020-08.zip,135619
LINKUSDT,15m,2020-09,True,LINKUSDT/15m/LINKUSDT-15m-2020-09.zip,129760
LINKUSDT,15m,2020-10,True,LINKUSDT/15m/LINKUSDT-15m-2020-10.zip,132256
LINKUSDT,15m,2020-11,True,LINKUSDT/15m/LINKUSDT-15m-2020-11.zip,130568
LINKUSDT,15m,2020-12,True,LINKUSDT/15m/LINKUSDT-15m-2020-12.zip,132747
LINKUSDT,15m,2021-01,True,LINKUSDT/15m/LINKUSDT-15m-2021-01.zip,138021
LINKUSDT,15m,2021-02,True,LINKUSDT/15m/LINKUSDT-15m-2021-02.zip,124272
LINKUSDT,15m,2021-03,True,LINKUSDT/15m/LINKUSDT-15m-2021-03.zip,134246
LINKUSDT,15m,2021-04,True,LINKUSDT/15m/LINKUSDT-15m-2021-04.zip,133445
LINKUSDT,15m,2021-05,True,LINKUSDT/15m/LINKUSDT-15m-2021-05.zip,139940
LINKUSDT,15m,2021-06,True,LINKUSDT/15m/LINKUSDT-15m-2021-06.zip,132459
LINKUSDT,15m,2021-07,True,LINKUSDT/15m/LINKUSDT-15m-2021-07.zip,134314
LINKUSDT,15m,2021-08,True,LINKUSDT/15m/LINKUSDT-15m-2021-08.zip,136310
LINKUSDT,15m,2021-09,True,LINKUSDT/15m/LINKUSDT-15m-2021-09.zip,132822
LINKUSDT,15m,2021-10,True,LINKUSDT/15m/LINKUSDT-15m-2021-10.zip,135831
LINKUSDT,15m,2021-11,True,LINKUSDT/15m/LINKUSDT-15m-2021-11.zip,131150
LINKUSDT,15m,2021-12,True,LINKUSDT/15m/LINKUSDT-15m-2021-12.zip,135529
LINKUSDT,15m,2022-01,True,LINKUSDT/15m/LINKUSDT-15m-2022-01.zip,138115
LINKUSDT,15m,2022-02,True,LINKUSDT/15m/LINKUSDT-15m-2022-02.zip,121692
LINKUSDT,15m,2022-03,True,LINKUSDT/15m/LINKUSDT-15m-2022-03.zip,132397
LINKUSDT,15m,2022-04,True,LINKUSDT/15m/LINKUSDT-15m-2022-04.zip,126847
LINKUSDT,15m,2022-05,True,LINKUSDT/15m/LINKUSDT-15m-2022-05.zip,131016
LINKUSDT,15m,2022-06,True,LINKUSDT/15m/LINKUSDT-15m-2022-06.zip,129237
LINKUSDT,15m,2022-07,True,LINKUSDT/15m/LINKUSDT-15m-2022-07.zip,129936
LINKUSDT,15m,2022-08,True,LINKUSDT/15m/LINKUSDT-15m-2022-08.zip,129694
LINKUSDT,15m,2022-09,True,LINKUSDT/15m/LINKUSDT-15m-2022-09.zip,126564
LINKUSDT,15m,2022-10,True,LINKUSDT/15m/LINKUSDT-15m-2022-10.zip,128775
LINKUSDT,15m,2022-11,True,LINKUSDT/15m/LINKUSDT-15m-2022-11.zip,128368
LINKUSDT,15m,2022-12,True,LINKUSDT/15m/LINKUSDT-15m-2022-12.zip,127262
LINKUSDT,15m,2023-01,True,LINKUSDT/15m/LINKUSDT-15m-2023-01.zip,129115
LINKUSDT,15m,2023-02,True,LINKUSDT/15m/LINKUSDT-15m-2023-02.zip,117585
LINKUSDT,15m,2023-03,True,LINKUSDT/15m/LINKUSDT-15m-2023-03.zip,129649
LINKUSDT,15m,2023-04,True,LINKUSDT/15m/LINKUSDT-15m-2023-04.zip,124024
LINKUSDT,15m,2023-05,True,LINKUSDT/15m/LINKUSDT-15m-2023-05.zip,124870
LINKUSDT,15m,2023-06,True,LINKUSDT/15m/LINKUSDT-15m-2023-06.zip,122923
LINKUSDT,15m,2023-07,True,LINKUSDT/15m/LINKUSDT-15m-2023-07.zip,129303
LINKUSDT,15m,2023-08,True,LINKUSDT/15m/LINKUSDT-15m-2023-08.zip,126892
LINKUSDT,15m,2023-09,True,LINKUSDT/15m/LINKUSDT-15m-2023-09.zip,123824
LINKUSDT,15m,2023-10,True,LINKUSDT/15m/LINKUSDT-15m-2023-10.zip,132103
LINKUSDT,15m,2023-11,True,LINKUSDT/15m/LINKUSDT-15m-2023-11.zip,132114
LINKUSDT,15m,2023-12,True,LINKUSDT/15m/LINKUSDT-15m-2023-12.zip,134770
LINKUSDT,15m,2024-01,True,LINKUSDT/15m/LINKUSDT-15m-2024-01.zip,133889
LINKUSDT,15m,2024-02,True,LINKUSDT/15m/LINKUSDT-15m-2024-02.zip,126134
LITUSDT,15m,2021-06,False,LITUSDT/15m/LITUSDT-15m-2021-06.zip,110218
LITUSDT,15m,2021-07,False,LITUSDT/15m/LITUSDT-15m-2021-07.zip,117190
LITUSDT,15m,2021-08,True,LITUSDT/15m/LITUSDT-15m-2021-08.zip,118526
LITUSDT,15m,2022-05,False,LITUSDT/15m/LITUSDT-15m-2022-05.zip,113665
LITUSDT,15m,2022-06,False,LITUSDT/15m/LITUSDT-15m-2022-06.zip,115554
LITUSDT,15m,2022-07,True,LITUSDT/15m/LITUSDT-15m-2022-07.zip,114792
LITUSDT,15m,2022-09,False,LITUSDT/15m/LITUSDT-15m-2022-09.zip,105434
LITUSDT,15m,2022-10,False,LITUSDT/15m/LITUSDT-15m-2022-10.zip,116557
LITUSDT,15m,2022-11,True,LITUSDT/15m/LITUSDT-15m-2022-11.zip,111691
LITUSDT,15m,2022-12,True,LITUSDT/15m/LITUSDT-15m-2022-12.zip,111408
LITUSDT,15m,2023-01,True,LITUSDT/15m/LITUSDT-15m-2023-01.zip,112888
LITUSDT,15m,2023-02,True,LITUSDT/15m/LITUSDT-15m-2023-02.zip,105458
LITUSDT,15m,2023-03,True,LITUSDT/15m/LITUSDT-15m-2023-03.zip,113248
LPTUSDT,15m,2023-07,False,LPTUSDT/15m/LPTUSDT-15m-2023-07.zip,109006
LPTUSDT,15m,2023-08,False,LPTUSDT/15m/LPTUSDT-15m-2023-08.zip,122526
LPTUSDT,15m,2023-09,True,LPTUSDT/15m/LPTUSDT-15m-2023-09.zip,111504
LPTUSDT,15m,2023-10,True,LPTUSDT/15m/LPTUSDT-15m-2023-10.zip,113626
LPTUSDT,15m,2024-01,False,LPTUSDT/15m/LPTUSDT-15m-2024-01.zip,114504
LPTUSDT,15m,2024-02,False,LPTUSDT/15m/LPTUSDT-15m-2024-02.zip,112008
LQTYUSDT,15m,2023-06,False,LQTYUSDT/15m/LQTYUSDT-15m-2023-06.zip,122797
LQTYUSDT,15m,2023-07,False,LQTYUSDT/15m/LQTYUSDT-15m-2023-07.zip,129656
LQTYUSDT,15m,2023-08,True,LQTYUSDT/15m/LQTYUSDT-15m-2023-08.zip,124770
LQTYUSDT,15m,2023-09,False,LQTYUSDT/15m/LQTYUSDT-15m-2023-09.zip,119471
LQTYUSDT,15m,2023-10,False,LQTYUSDT/15m/LQTYUSDT-15m-2023-10.zip,135535
LQTYUSDT,15m,2023-11,True,LQTYUSDT/15m/LQTYUSDT-15m-2023-11.zip,125239
LRCUSDT,15m,2020-12,False,LRCUSDT/15m/LRCUSDT-15m-2020-12.zip,117366
LRCUSDT,15m,2021-01,False,LRCUSDT/15m/LRCUSDT-15m-2021-01.zip,128028
LRCUSDT,15m,2021-02,True,LRCUSDT/15m/LRCUSDT-15m-2021-02.zip,115158
LRCUSDT,15m,2021-07,False,LRCUSDT/15m/LRCUSDT-15m-2021-07.zip,121537
LRCUSDT,15m,2021-08,False,LRCUSDT/15m/LRCUSDT-15m-2021-08.zip,128516
LRCUSDT,15m,2021-09,True,LRCUSDT/15m/LRCUSDT-15m-2021-09.zip,123499
LRCUSDT,15m,2021-10,False,LRCUSDT/15m/LRCUSDT-15m-2021-10.zip,127269
LRCUSDT,15m,2021-11,False,LRCUSDT/15m/LRCUSDT-15m-2021-11.zip,137145
LRCUSDT,15m,2021-12,True,LRCUSDT/15m/LRCUSDT-15m-2021-12.zip,135307
LRCUSDT,15m,2022-01,True,LRCUSDT/15m/LRCUSDT-15m-2022-01.zip,131856
LRCUSDT,15m,2022-02,True,LRCUSDT/15m/LRCUSDT-15m-2022-02.zip,101601
LRCUSDT,15m,2022-03,False,LRCUSDT/15m/LRCUSDT-15m-2022-03.zip,124280
LRCUSDT,15m,2022-04,True,LRCUSDT/15m/LRCUSDT-15m-2022-04.zip,111338
LRCUSDT,15m,2022-05,False,LRCUSDT/15m/LRCUSDT-15m-2022-05.zip,124095
LRCUSDT,15m,2022-06,True,LRCUSDT/15m/LRCUSDT-15m-2022-06.zip,117079
LRCUSDT,15m,2022-10,False,LRCUSDT/15m/LRCUSDT-15m-2022-10.zip,111368
LRCUSDT,15m,2022-11,False,LRCUSDT/15m/LRCUSDT-15m-2022-11.zip,113090
LRCUSDT,15m,2022-12,True,LRCUSDT/15m/LRCUSDT-15m-2022-12.zip,110068
LRCUSDT,15m,2023-01,False,LRCUSDT/15m/LRCUSDT-15m-2023-01.zip,115288
LRCUSDT,15m,2023-02,False,LRCUSDT/15m/LRCUSDT-15m-2023-02.zip,109602
LRCUSDT,15m,2023-03,True,LRCUSDT/15m/LRCUSDT-15m-2023-03.zip,117261
LTCUSDT,15m,2020-03,True,LTCUSDT/15m/LTCUSDT-15m-2020-03.zip,123445
LTCUSDT,15m,2020-04,True,LTCUSDT/15m/LTCUSDT-15m-2020-04.zip,116430
LTCUSDT,15m,2020-05,True,LTCUSDT/15m/LTCUSDT-15m-2020-05.zip,120818
LTCUSDT,15m,2020-06,True,LTCUSDT/15m/LTCUSDT-15m-2020-06.zip,114389
LTCUSDT,15m,2020-07,True,LTCUSDT/15m/LTCUSDT-15m-2020-07.zip,120199
LTCUSDT,15m,2020-08,True,LTCUSDT/15m/LTCUSDT-15m-2020-08.zip,126684
LTCUSDT,15m,2020-09,True,LTCUSDT/15m/LTCUSDT-15m-2020-09.zip,118718
LTCUSDT,15m,2020-10,True,LTCUSDT/15m/LTCUSDT-15m-2020-10.zip,123324
LTCUSDT,15m,2020-11,True,LTCUSDT/15m/LTCUSDT-15m-2020-11.zip,125996
LTCUSDT,15m,2020-12,True,LTCUSDT/15m/LTCUSDT-15m-2020-12.zip,133812
LTCUSDT,15m,2021-01,True,LTCUSDT/15m/LTCUSDT-15m-2021-01.zip,136917
LTCUSDT,15m,2021-02,True,LTCUSDT/15m/LTCUSDT-15m-2021-02.zip,124763
LTCUSDT,15m,2021-03,True,LTCUSDT/15m/LTCUSDT-15m-2021-03.zip,135301
LTCUSDT,15m,2021-04,True,LTCUSDT/15m/LTCUSDT-15m-2021-04.zip,134733
LTCUSDT,15m,2021-05,True,LTCUSDT/15m/LTCUSDT-15m-2021-05.zip,141132
LTCUSDT,15m,2021-06,True,LTCUSDT/15m/LTCUSDT-15m-2021-06.zip,131887
LTCUSDT,15m,2021-07,True,LTCUSDT/15m/LTCUSDT-15m-2021-07.zip,132894
LTCUSDT,15m,2021-08,True,LTCUSDT/15m/LTCUSDT-15m-2021-08.zip,135116
LTCUSDT,15m,2021-09,True,LTCUSDT/15m/LTCUSDT-15m-2021-09.zip,131836
LTCUSDT,15m,2021-10,True,LTCUSDT/15m/LTCUSDT-15m-2021-10.zip,134426
LTCUSDT,15m,2021-11,True,LTCUSDT/15m/LTCUSDT-15m-2021-11.zip,132791
LTCUSDT,15m,2021-12,True,LTCUSDT/15m/LTCUSDT-15m-2021-12.zip,133785
LTCUSDT,15m,2022-01,True,LTCUSDT/15m/LTCUSDT-15m-2022-01.zip,132387
LTCUSDT,15m,2022-02,True,LTCUSDT/15m/LTCUSDT-15m-2022-02.zip,107278
LTCUSDT,15m,2022-03,False,LTCUSDT/15m/LTCUSDT-15m-2022-03.zip,130435
LTCUSDT,15m,2022-04,True,LTCUSDT/15m/LTCUSDT-15m-2022-04.zip,117330
LTCUSDT,15m,2022-05,False,LTCUSDT/15m/LTCUSDT-15m-2022-05.zip,129978
LTCUSDT,15m,2022-06,True,LTCUSDT/15m/LTCUSDT-15m-2022-06.zip,125526
LTCUSDT,15m,2022-07,True,LTCUSDT/15m/LTCUSDT-15m-2022-07.zip,127929
LTCUSDT,15m,2022-08,True,LTCUSDT/15m/LTCUSDT-15m-2022-08.zip,127529
LTCUSDT,15m,2022-09,True,LTCUSDT/15m/LTCUSDT-15m-2022-09.zip,125039
LTCUSDT,15m,2022-10,True,LTCUSDT/15m/LTCUSDT-15m-2022-10.zip,125035
LTCUSDT,15m,2022-11,True,LTCUSDT/15m/LTCUSDT-15m-2022-11.zip,128638
LTCUSDT,15m,2022-12,True,LTCUSDT/15m/LTCUSDT-15m-2022-12.zip,129371
LTCUSDT,15m,2023-01,True,LTCUSDT/15m/LTCUSDT-15m-2023-01.zip,130761
LTCUSDT,15m,2023-02,True,LTCUSDT/15m/LTCUSDT-15m-2023-02.zip,118286
LTCUSDT,15m,2023-03,True,LTCUSDT/15m/LTCUSDT-15m-2023-03.zip,132718
LTCUSDT,15m,2023-04,True,LTCUSDT/15m/LTCUSDT-15m-2023-04.zip,125647
LTCUSDT,15m,2023-05,True,LTCUSDT/15m/LTCUSDT-15m-2023-05.zip,130101
LTCUSDT,15m,2023-06,True,LTCUSDT/15m/LTCUSDT-15m-2023-06.zip,127192
LTCUSDT,15m,2023-07,True,LTCUSDT/15m/LTCUSDT-15m-2023-07.zip,132326
LTCUSDT,15m,2023-08,True,LTCUSDT/15m/LTCUSDT-15m-2023-08.zip,128152
LTCUSDT,15m,2023-09,True,LTCUSDT/15m/LTCUSDT-15m-2023-09.zip,121514
LTCUSDT,15m,2023-10,True,LTCUSDT/15m/LTCUSDT-15m-2023-10.zip,125462
LTCUSDT,15m,2023-11,True,LTCUSDT/15m/LTCUSDT-15m-2023-11.zip,123665
LTCUSDT,15m,2023-12,True,LTCUSDT/15m/LTCUSDT-15m-2023-12.zip,127800
LTCUSDT,15m,2024-01,True,LTCUSDT/15m/LTCUSDT-15m-2024-01.zip,127505
LTCUSDT,15m,2024-02,True,LTCUSDT/15m/LTCUSDT-15m-2024-02.zip,118310
LUNA2USDT,15m,2022-10,False,LUNA2USDT/15m/LUNA2USDT-15m-2022-10.zip,126675
LUNA2USDT,15m,2022-11,True,LUNA2USDT/15m/LUNA2USDT-15m-2022-11.zip,118622
LUNA2USDT,15m,2022-12,False,LUNA2USDT/15m/LUNA2USDT-15m-2022-12.zip,118837
LUNA2USDT,15m,2023-01,False,LUNA2USDT/15m/LUNA2USDT-15m-2023-01.zip,123927
LUNA2USDT,15m,2023-02,True,LUNA2USDT/15m/LUNA2USDT-15m-2023-02.zip,110589
LUNA2USDT,15m,2023-08,False,LUNA2USDT/15m/LUNA2USDT-15m-2023-08.zip,114823
LUNA2USDT,15m,2023-09,False,LUNA2USDT/15m/LUNA2USDT-15m-2023-09.zip,114681
LUNA2USDT,15m,2023-10,True,LUNA2USDT/15m/LUNA2USDT-15m-2023-10.zip,118352
LUNA2USDT,15m,2023-11,False,LUNA2USDT/15m/LUNA2USDT-15m-2023-11.zip,121640
LUNA2USDT,15m,2023-12,True,LUNA2USDT/15m/LUNA2USDT-15m-2023-12.zip,126198
LUNAUSDT,15m,2021-02,False,LUNAUSDT/15m/LUNAUSDT-15m-2021-02.zip,111404
LUNAUSDT,15m,2021-03,True,LUNAUSDT/15m/LUNAUSDT-15m-2021-03.zip,126321
LUNAUSDT,15m,2021-04,True,LUNAUSDT/15m/LUNAUSDT-15m-2021-04.zip,121608
LUNAUSDT,15m,2021-05,True,LUNAUSDT/15m/LUNAUSDT-15m-2021-05.zip,118825
LUNAUSDT,15m,2021-06,True,LUNAUSDT/15m/LUNAUSDT-15m-2021-06.zip,111816
LUNAUSDT,15m,2021-07,True,LUNAUSDT/15m/LUNAUSDT-15m-2021-07.zip,116842
LUNAUSDT,15m,2021-08,True,LUNAUSDT/15m/LUNAUSDT-15m-2021-08.zip,123345
LUNAUSDT,15m,2021-09,True,LUNAUSDT/15m/LUNAUSDT-15m-2021-09.zip,121138
LUNAUSDT,15m,2021-10,True,LUNAUSDT/15m/LUNAUSDT-15m-2021-10.zip,123902
LUNAUSDT,15m,2021-11,True,LUNAUSDT/15m/LUNAUSDT-15m-2021-11.zip,118391
LUNAUSDT,15m,2021-12,True,LUNAUSDT/15m/LUNAUSDT-15m-2021-12.zip,128834
LUNAUSDT,15m,2022-01,True,LUNAUSDT/15m/LUNAUSDT-15m-2022-01.zip,127857
LUNAUSDT,15m,2022-02,True,LUNAUSDT/15m/LUNAUSDT-15m-2022-02.zip,101907
LUNAUSDT,15m,2022-03,False,LUNAUSDT/15m/LUNAUSDT-15m-2022-03.zip,128405
LUNAUSDT,15m,2022-04,True,LUNAUSDT/15m/LUNAUSDT-15m-2022-04.zip,114763
MAGICUSDT,15m,2023-02,False,MAGICUSDT/15m/MAGICUSDT-15m-2023-02.zip,125111
MAGICUSDT,15m,2023-03,True,MAGICUSDT/15m/MAGICUSDT-15m-2023-03.zip,137796
MAGICUSDT,15m,2023-04,True,MAGICUSDT/15m/MAGICUSDT-15m-2023-04.zip,127141
MANAUSDT,15m,2021-06,False,MANAUSDT/15m/MANAUSDT-15m-2021-06.zip,111741
MANAUSDT,15m,2021-07,False,MANAUSDT/15m/MANAUSDT-15m-2021-07.zip,119302
MANAUSDT,15m,2021-08,True,MANAUSDT/15m/MANAUSDT-15m-2021-08.zip,119812
MANAUSDT,15m,2021-09,False,MANAUSDT/15m/MANAUSDT-15m-2021-09.zip,113780
MANAUSDT,15m,2021-10,False,MANAUSDT/15m/MANAUSDT-15m-2021-10.zip,119121
MANAUSDT,15m,2021-11,True,MANAUSDT/15m/MANAUSDT-15m-2021-11.zip,129456
MANAUSDT,15m,2021-12,True,MANAUSDT/15m/MANAUSDT-15m-2021-12.zip,129845
MANAUSDT,15m,2022-01,True,MANAUSDT/15m/MANAUSDT-15m-2022-01.zip,127094
MANAUSDT,15m,2022-02,True,MANAUSDT/15m/MANAUSDT-15m-2022-02.zip,104335
MANAUSDT,15m,2022-03,False,MANAUSDT/15m/MANAUSDT-15m-2022-03.zip,123547
MANAUSDT,15m,2022-04,True,MANAUSDT/15m/MANAUSDT-15m-2022-04.zip,110333
MANAUSDT,15m,2022-05,False,MANAUSDT/15m/MANAUSDT-15m-2022-05.zip,125584
MANAUSDT,15m,2022-06,True,MANAUSDT/15m/MANAUSDT-15m-2022-06.zip,119102
MANAUSDT,15m,2022-07,True,MANAUSDT/15m/MANAUSDT-15m-2022-07.zip,121291
MANAUSDT,15m,2022-08,True,MANAUSDT/15m/MANAUSDT-15m-2022-08.zip,119823
MANAUSDT,15m,2022-09,True,MANAUSDT/15m/MANAUSDT-15m-2022-09.zip,113518
MANAUSDT,15m,2022-10,True,MANAUSDT/15m/MANAUSDT-15m-2022-10.zip,114977
MANAUSDT,15m,2022-11,True,MANAUSDT/15m/MANAUSDT-15m-2022-11.zip,113530
MANAUSDT,15m,2022-12,True,MANAUSDT/15m/MANAUSDT-15m-2022-12.zip,112917
MANAUSDT,15m,2023-01,True,MANAUSDT/15m/MANAUSDT-15m-2023-01.zip,122859
MANAUSDT,15m,2023-02,True,MANAUSDT/15m/MANAUSDT-15m-2023-02.zip,109557
MANAUSDT,15m,2023-03,True,MANAUSDT/15m/MANAUSDT-15m-2023-03.zip,119678
MANAUSDT,15m,2023-04,True,MANAUSDT/15m/MANAUSDT-15m-2023-04.zip,112659
MANTAUSDT,15m,2024-02,False,MANTAUSDT/15m/MANTAUSDT-15m-2024-02.zip,131082
MASKUSDT,15m,2021-10,False,MASKUSDT/15m/MASKUSDT-15m-2021-10.zip,121927
MASKUSDT,15m,2021-11,False,MASKUSDT/15m/MASKUSDT-15m-2021-11.zip,121909
MASKUSDT,15m,2021-12,True,MASKUSDT/15m/MASKUSDT-15m-2021-12.zip,123635
MASKUSDT,15m,2022-09,False,MASKUSDT/15m/MASKUSDT-15m-2022-09.zip,99156
MASKUSDT,15m,2022-10,False,MASKUSDT/15m/MASKUSDT-15m-2022-10.zip,102708
MASKUSDT,15m,2022-11,True,MASKUSDT/15m/MASKUSDT-15m-2022-11.zip,117576
MASKUSDT,15m,2022-12,True,MASKUSDT/15m/MASKUSDT-15m-2022-12.zip,115425
MASKUSDT,15m,2023-01,True,MASKUSDT/15m/MASKUSDT-15m-2023-01.zip,114470
MASKUSDT,15m,2023-02,True,MASKUSDT/15m/MASKUSDT-15m-2023-02.zip,105105
MASKUSDT,15m,2023-03,True,MASKUSDT/15m/MASKUSDT-15m-2023-03.zip,121009
MASKUSDT,15m,2023-04,True,MASKUSDT/15m/MASKUSDT-15m-2023-04.zip,112188
MASKUSDT,15m,2023-05,True,MASKUSDT/15m/MASKUSDT-15m-2023-05.zip,114704
MASKUSDT,15m,2023-06,True,MASKUSDT/15m/MASKUSDT-15m-2023-06.zip,110101
MASKUSDT,15m,2023-07,True,MASKUSDT/15m/MASKUSDT-15m-2023-07.zip,112781
MASKUSDT,15m,2023-08,True,MASKUSDT/15m/MASKUSDT-15m-2023-08.zip,108161
MASKUSDT,15m,2023-09,True,MASKUSDT/15m/MASKUSDT-15m-2023-09.zip,102989
MASKUSDT,15m,2023-10,False,MASKUSDT/15m/MASKUSDT-15m-2023-10.zip,107984
MASKUSDT,15m,2023-11,False,MASKUSDT/15m/MASKUSDT-15m-2023-11.zip,109469
MASKUSDT,15m,2023-12,True,MASKUSDT/15m/MASKUSDT-15m-2023-12.zip,111440
MASKUSDT,15m,2024-01,False,MASKUSDT/15m/MASKUSDT-15m-2024-01.zip,113680
MASKUSDT,15m,2024-02,True,MASKUSDT/15m/MASKUSDT-15m-2024-02.zip,103897
MATICUSDT,15m,2021-01,False,MATICUSDT/15m/MATICUSDT-15m-2021-01.zip,121659
MATICUSDT,15m,2021-02,False,MATICUSDT/15m/MATICUSDT-15m-2021-02.zip,117326
MATICUSDT,15m,2021-03,True,MATICUSDT/15m/MATICUSDT-15m-2021-03.zip,131713
MATICUSDT,15m,2021-04,True,MATICUSDT/15m/MATICUSDT-15m-2021-04.zip,128746
MATICUSDT,15m,2021-05,True,MATICUSDT/15m/MATICUSDT-15m-2021-05.zip,142134
MATICUSDT,15m,2021-06,True,MATICUSDT/15m/MATICUSDT-15m-2021-06.zip,130877
MATICUSDT,15m,2021-07,True,MATICUSDT/15m/MATICUSDT-15m-2021-07.zip,130103
MATICUSDT,15m,2021-08,True,MATICUSDT/15m/MATICUSDT-15m-2021-08.zip,130920
MATICUSDT,15m,2021-09,True,MATICUSDT/15m/MATICUSDT-15m-2021-09.zip,126037
MATICUSDT,15m,2021-10,True,MATICUSDT/15m/MATICUSDT-15m-2021-10.zip,129890
MATICUSDT,15m,2021-11,True,MATICUSDT/15m/MATICUSDT-15m-2021-11.zip,124497
MATICUSDT,15m,2021-12,True,MATICUSDT/15m/MATICUSDT-15m-2021-12.zip,135155
MATICUSDT,15m,2022-01,True,MATICUSDT/15m/MATICUSDT-15m-2022-01.zip,131610
MATICUSDT,15m,2022-02,True,MATICUSDT/15m/MATICUSDT-15m-2022-02.zip,117375
MATICUSDT,15m,2022-03,True,MATICUSDT/15m/MATICUSDT-15m-2022-03.zip,125788
MATICUSDT,15m,2022-04,True,MATICUSDT/15m/MATICUSDT-15m-2022-04.zip,120699
MATICUSDT,15m,2022-05,True,MATICUSDT/15m/MATICUSDT-15m-2022-05.zip,126520
MATICUSDT,15m,2022-06,True,MATICUSDT/15m/MATICUSDT-15m-2022-06.zip,122873
MATICUSDT,15m,2022-07,True,MATICUSDT/15m/MATICUSDT-15m-2022-07.zip,130957
MATICUSDT,15m,2022-08,True,MATICUSDT/15m/MATICUSDT-15m-2022-08.zip,127896
MATICUSDT,15m,2022-09,True,MATICUSDT/15m/MATICUSDT-15m-2022-09.zip,122179
MATICUSDT,15m,2022-10,True,MATICUSDT/15m/MATICUSDT-15m-2022-10.zip,125759
MATICUSDT,15m,2022-11,True,MATICUSDT/15m/MATICUSDT-15m-2022-11.zip,126164
MATICUSDT,15m,2022-12,True,MATICUSDT/15m/MATICUSDT-15m-2022-12.zip,123153
MATICUSDT,15m,2023-01,True,MATICUSDT/15m/MATICUSDT-15m-2023-01.zip,126121
MATICUSDT,15m,2023-02,True,MATICUSDT/15m/MATICUSDT-15m-2023-02.zip,117100
MATICUSDT,15m,2023-03,True,MATICUSDT/15m/MATICUSDT-15m-2023-03.zip,128791
MATICUSDT,15m,2023-04,True,MATICUSDT/15m/MATICUSDT-15m-2023-04.zip,120397
MATICUSDT,15m,2023-05,True,MATICUSDT/15m/MATICUSDT-15m-2023-05.zip,123686
MATICUSDT,15m,2023-06,True,MATICUSDT/15m/MATICUSDT-15m-2023-06.zip,122002
MATICUSDT,15m,2023-07,True,MATICUSDT/15m/MATICUSDT-15m-2023-07.zip,124749
MATICUSDT,15m,2023-08,True,MATICUSDT/15m/MATICUSDT-15m-2023-08.zip,121546
MATICUSDT,15m,2023-09,True,MATICUSDT/15m/MATICUSDT-15m-2023-09.zip,115418
MATICUSDT,15m,2023-10,True,MATICUSDT/15m/MATICUSDT-15m-2023-10.zip,122416
MATICUSDT,15m,2023-11,True,MATICUSDT/15m/MATICUSDT-15m-2023-11.zip,123551
MATICUSDT,15m,2023-12,True,MATICUSDT/15m/MATICUSDT-15m-2023-12.zip,128233
MATICUSDT,15m,2024-01,True,MATICUSDT/15m/MATICUSDT-15m-2024-01.zip,126648
MATICUSDT,15m,2024-02,True,MATICUSDT/15m/MATICUSDT-15m-2024-02.zip,118026
MEMEUSDT,15m,2023-12,False,MEMEUSDT/15m/MEMEUSDT-15m-2023-12.zip,143702
MEMEUSDT,15m,2024-01,True,MEMEUSDT/15m/MEMEUSDT-15m-2024-01.zip,139967
MEMEUSDT,15m,2024-02,False,MEMEUSDT/15m/MEMEUSDT-15m-2024-02.zip,128615
MINAUSDT,15m,2023-09,False,MINAUSDT/15m/MINAUSDT-15m-2023-09.zip,108734
MINAUSDT,15m,2023-10,False,MINAUSDT/15m/MINAUSDT-15m-2023-10.zip,119373
MINAUSDT,15m,2023-11,True,MINAUSDT/15m/MINAUSDT-15m-2023-11.zip,121511
MINAUSDT,15m,2023-12,False,MINAUSDT/15m/MINAUSDT-15m-2023-12.zip,127506
MINAUSDT,15m,2024-01,True,MINAUSDT/15m/MINAUSDT-15m-2024-01.zip,127578
MINAUSDT,15m,2024-02,True,MINAUSDT/15m/MINAUSDT-15m-2024-02.zip,117368
MKRUSDT,15m,2020-09,False,MKRUSDT/15m/MKRUSDT-15m-2020-09.zip,120309
MKRUSDT,15m,2020-10,True,MKRUSDT/15m/MKRUSDT-15m-2020-10.zip,123241
MKRUSDT,15m,2020-11,True,MKRUSDT/15m/MKRUSDT-15m-2020-11.zip,119648
MKRUSDT,15m,2020-12,True,MKRUSDT/15m/MKRUSDT-15m-2020-12.zip,124514
MKRUSDT,15m,2021-01,True,MKRUSDT/15m/MKRUSDT-15m-2021-01.zip,133039
MKRUSDT,15m,2021-02,True,MKRUSDT/15m/MKRUSDT-15m-2021-02.zip,123119
MKRUSDT,15m,2021-03,True,MKRUSDT/15m/MKRUSDT-15m-2021-03.zip,132508
MKRUSDT,15m,2021-04,True,MKRUSDT/15m/MKRUSDT-15m-2021-04.zip,133407
MKRUSDT,15m,2021-05,True,MKRUSDT/15m/MKRUSDT-15m-2021-05.zip,135443
MKRUSDT,15m,2021-06,True,MKRUSDT/15m/MKRUSDT-15m-2021-06.zip,121425
MKRUSDT,15m,2021-07,True,MKRUSDT/15m/MKRUSDT-15m-2021-07.zip,122787
MKRUSDT,15m,2022-09,False,MKRUSDT/15m/MKRUSDT-15m-2022-09.zip,113258
MKRUSDT,15m,2022-10,False,MKRUSDT/15m/MKRUSDT-15m-2022-10.zip,123217
MKRUSDT,15m,2022-11,True,MKRUSDT/15m/MKRUSDT-15m-2022-11.zip,114703
MKRUSDT,15m,2023-02,False,MKRUSDT/15m/MKRUSDT-15m-2023-02.zip,108207
MKRUSDT,15m,2023-03,False,MKRUSDT/15m/MKRUSDT-15m-2023-03.zip,125052
MKRUSDT,15m,2023-04,True,MKRUSDT/15m/MKRUSDT-15m-2023-04.zip,114300
MKRUSDT,15m,2023-06,False,MKRUSDT/15m/MKRUSDT-15m-2023-06.zip,114632
MKRUSDT,15m,2023-07,False,MKRUSDT/15m/MKRUSDT-15m-2023-07.zip,128309
MKRUSDT,15m,2023-08,True,MKRUSDT/15m/MKRUSDT-15m-2023-08.zip,125883
MKRUSDT,15m,2023-09,True,MKRUSDT/15m/MKRUSDT-15m-2023-09.zip,120388
MKRUSDT,15m,2023-10,True,MKRUSDT/15m/MKRUSDT-15m-2023-10.zip,123700
MKRUSDT,15m,2023-11,True,MKRUSDT/15m/MKRUSDT-15m-2023-11.zip,118801
MTLUSDT,15m,2021-05,False,MTLUSDT/15m/MTLUSDT-15m-2021-05.zip,117710
MTLUSDT,15m,2021-06,False,MTLUSDT/15m/MTLUSDT-15m-2021-06.zip,114932
MTLUSDT,15m,2021-07,True,MTLUSDT/15m/MTLUSDT-15m-2021-07.zip,117627
MTLUSDT,15m,2022-03,False,MTLUSDT/15m/MTLUSDT-15m-2022-03.zip,114730
MTLUSDT,15m,2022-04,False,MTLUSDT/15m/MTLUSDT-15m-2022-04.zip,119152
MTLUSDT,15m,2022-05,True,MTLUSDT/15m/MTLUSDT-15m-2022-05.zip,122416
MTLUSDT,15m,2022-06,True,MTLUSDT/15m/MTLUSDT-15m-2022-06.zip,118097
MTLUSDT,15m,2022-07,True,MTLUSDT/15m/MTLUSDT-15m-2022-07.zip,116344
MTLUSDT,15m,2022-11,False,MTLUSDT/15m/MTLUSDT-15m-2022-11.zip,110098
MTLUSDT,15m,2022-12,False,MTLUSDT/15m/MTLUSDT-15m-2022-12.zip,113268
MTLUSDT,15m,2023-01,True,MTLUSDT/15m/MTLUSDT-15m-2023-01.zip,113784
MTLUSDT,15m,2023-02,False,MTLUSDT/15m/MTLUSDT-15m-2023-02.zip,106951
MTLUSDT,15m,2023-03,True,MTLUSDT/15m/MTLUSDT-15m-2023-03.zip,116334
MTLUSDT,15m,2023-04,False,MTLUSDT/15m/MTLUSDT-15m-2023-04.zip,110504
MTLUSDT,15m,2023-05,False,MTLUSDT/15m/MTLUSDT-15m-2023-05.zip,115366
MTLUSDT,15m,2023-06,True,MTLUSDT/15m/MTLUSDT-15m-2023-06.zip,120001
MTLUSDT,15m,2023-07,True,MTLUSDT/15m/MTLUSDT-15m-2023-07.zip,118179
MTLUSDT,15m,2023-08,False,MTLUSDT/15m/MTLUSDT-15m-2023-08.zip,115017
MTLUSDT,15m,2023-09,False,MTLUSDT/15m/MTLUSDT-15m-2023-09.zip,113868
MTLUSDT,15m,2023-10,True,MTLUSDT/15m/MTLUSDT-15m-2023-10.zip,114015
NEARUSDT,15m,2020-11,False,NEARUSDT/15m/NEARUSDT-15m-2020-11.zip,110738
NEARUSDT,15m,2020-12,True,NEARUSDT/15m/NEARUSDT-15m-2020-12.zip,112280
NEARUSDT,15m,2021-01,True,NEARUSDT/15m/NEARUSDT-15m-2021-01.zip,116354
NEARUSDT,15m,2021-08,False,NEARUSDT/15m/NEARUSDT-15m-2021-08.zip,122008
NEARUSDT,15m,2021-09,False,NEARUSDT/15m/NEARUSDT-15m-2021-09.zip,123259
NEARUSDT,15m,2021-10,True,NEARUSDT/15m/NEARUSDT-15m-2021-10.zip,125566
NEARUSDT,15m,2021-11,True,NEARUSDT/15m/NEARUSDT-15m-2021-11.zip,121093
NEARUSDT,15m,2021-12,True,NEARUSDT/15m/NEARUSDT-15m-2021-12.zip,129915
NEARUSDT,15m,2022-01,True,NEARUSDT/15m/NEARUSDT-15m-2022-01.zip,130824
NEARUSDT,15m,2022-02,True,NEARUSDT/15m/NEARUSDT-15m-2022-02.zip,98028
NEARUSDT,15m,2022-03,False,NEARUSDT/15m/NEARUSDT-15m-2022-03.zip,120828
NEARUSDT,15m,2022-04,True,NEARUSDT/15m/NEARUSDT-15m-2022-04.zip,113489
NEARUSDT,15m,2022-05,False,NEARUSDT/15m/NEARUSDT-15m-2022-05.zip,123301
NEARUSDT,15m,2022-06,True,NEARUSDT/15m/NEARUSDT-15m-2022-06.zip,115291
NEARUSDT,15m,2022-07,True,NEARUSDT/15m/NEARUSDT-15m-2022-07.zip,116687
NEARUSDT,15m,2022-08,True,NEARUSDT/15m/NEARUSDT-15m-2022-08.zip,117747
NEARUSDT,15m,2022-09,True,NEARUSDT/15m/NEARUSDT-15m-2022-09.zip,111613
NEARUSDT,15m,2022-10,True,NEARUSDT/15m/NEARUSDT-15m-2022-10.zip,112273
NEARUSDT,15m,2022-11,True,NEARUSDT/15m/NEARUSDT-15m-2022-11.zip,110498
NEARUSDT,15m,2022-12,True,NEARUSDT/15m/NEARUSDT-15m-2022-12.zip,108603
NEARUSDT,15m,2023-01,True,NEARUSDT/15m/NEARUSDT-15m-2023-01.zip,114918
NEARUSDT,15m,2023-02,True,NEARUSDT/15m/NEARUSDT-15m-2023-02.zip,103183
NEARUSDT,15m,2023-03,True,NEARUSDT/15m/NEARUSDT-15m-2023-03.zip,111910
NEARUSDT,15m,2023-04,True,NEARUSDT/15m/NEARUSDT-15m-2023-04.zip,106406
NEARUSDT,15m,2023-05,True,NEARUSDT/15m/NEARUSDT-15m-2023-05.zip,107157
NEARUSDT,15m,2023-06,False,NEARUSDT/15m/NEARUSDT-15m-2023-06.zip,105702
NEARUSDT,15m,2023-07,True,NEARUSDT/15m/NEARUSDT-15m-2023-07.zip,108380
NEARUSDT,15m,2023-08,True,NEARUSDT/15m/NEARUSDT-15m-2023-08.zip,104719
NEARUSDT,15m,2023-10,False,NEARUSDT/15m/NEARUSDT-15m-2023-10.zip,104635
NEARUSDT,15m,2023-11,False,NEARUSDT/15m/NEARUSDT-15m-2023-11.zip,110368
NEARUSDT,15m,2023-12,True,NEARUSDT/15m/NEARUSDT-15m-2023-12.zip,117335
NEARUSDT,15m,2024-01,True,NEARUSDT/15m/NEARUSDT-15m-2024-01.zip,116173
NEARUSDT,15m,2024-02,True,NEARUSDT/15m/NEARUSDT-15m-2024-02.zip,107265
NEOUSDT,15m,2020-03,False,NEOUSDT/15m/NEOUSDT-15m-2020-03.zip,116135
NEOUSDT,15m,2020-04,True,NEOUSDT/15m/NEOUSDT-15m-2020-04.zip,110601
NEOUSDT,15m,2020-05,True,NEOUSDT/15m/NEOUSDT-15m-2020-05.zip,118184
NEOUSDT,15m,2020-06,True,NEOUSDT/15m/NEOUSDT-15m-2020-06.zip,114316
NEOUSDT,15m,2020-07,True,NEOUSDT/15m/NEOUSDT-15m-2020-07.zip,119117
NEOUSDT,15m,2020-08,True,NEOUSDT/15m/NEOUSDT-15m-2020-08.zip,125475
NEOUSDT,15m,2020-09,True,NEOUSDT/15m/NEOUSDT-15m-2020-09.zip,123902
NEOUSDT,15m,2020-10,True,NEOUSDT/15m/NEOUSDT-15m-2020-10.zip,122496
NEOUSDT,15m,2020-11,True,NEOUSDT/15m/NEOUSDT-15m-2020-11.zip,120372
NEOUSDT,15m,2020-12,True,NEOUSDT/15m/NEOUSDT-15m-2020-12.zip,122463
NEOUSDT,15m,2021-01,True,NEOUSDT/15m/NEOUSDT-15m-2021-01.zip,128062
NEOUSDT,15m,2021-02,True,NEOUSDT/15m/NEOUSDT-15m-2021-02.zip,118432
NEOUSDT,15m,2021-03,True,NEOUSDT/15m/NEOUSDT-15m-2021-03.zip,129766
NEOUSDT,15m,2021-04,False,NEOUSDT/15m/NEOUSDT-15m-2021-04.zip,130885
NEOUSDT,15m,2021-05,True,NEOUSDT/15m/NEOUSDT-15m-2021-05.zip,136594
NEOUSDT,15m,2021-06,True,NEOUSDT/15m/NEOUSDT-15m-2021-06.zip,126425
NEOUSDT,15m,2021-07,True,NEOUSDT/15m/NEOUSDT-15m-2021-07.zip,128681
NEOUSDT,15m,2021-08,True,NEOUSDT/15m/NEOUSDT-15m-2021-08.zip,131889
NEOUSDT,15m,2021-09,True,NEOUSDT/15m/NEOUSDT-15m-2021-09.zip,126919
NEOUSDT,15m,2022-01,False,NEOUSDT/15m/NEOUSDT-15m-2022-01.zip,126249
NEOUSDT,15m,2022-02,False,NEOUSDT/15m/NEOUSDT-15m-2022-02.zip,117439
NEOUSDT,15m,2022-03,True,NEOUSDT/15m/NEOUSDT-15m-2022-03.zip,127086
NEOUSDT,15m,2023-01,False,NEOUSDT/15m/NEOUSDT-15m-2023-01.zip,120864
NEOUSDT,15m,2023-02,False,NEOUSDT/15m/NEOUSDT-15m-2023-02.zip,115046
NEOUSDT,15m,2023-03,True,NEOUSDT/15m/NEOUSDT-15m-2023-03.zip,129646
NEOUSDT,15m,2023-04,True,NEOUSDT/15m/NEOUSDT-15m-2023-04.zip,121093
NEOUSDT,15m,2023-10,False,NEOUSDT/15m/NEOUSDT-15m-2023-10.zip,119654
NEOUSDT,15m,2023-11,False,NEOUSDT/15m/NEOUSDT-15m-2023-11.zip,124973
NEOUSDT,15m,2023-12,True,NEOUSDT/15m/NEOUSDT-15m-2023-12.zip,127816
NMRUSDT,15m,2023-08,False,NMRUSDT/15m/NMRUSDT-15m-2023-08.zip,98759
NMRUSDT,15m,2023-09,False,NMRUSDT/15m/NMRUSDT-15m-2023-09.zip,105709
NMRUSDT,15m,2023-10,True,NMRUSDT/15m/NMRUSDT-15m-2023-10.zip,103820
OCEANUSDT,15m,2022-11,False,OCEANUSDT/15m/OCEANUSDT-15m-2022-11.zip,122054
OCEANUSDT,15m,2022-12,False,OCEANUSDT/15m/OCEANUSDT-15m-2022-12.zip,127530
OCEANUSDT,15m,2023-01,True,OCEANUSDT/15m/OCEANUSDT-15m-2023-01.zip,132209
OCEANUSDT,15m,2023-02,True,OCEANUSDT/15m/OCEANUSDT-15m-2023-02.zip,115888
OCEANUSDT,15m,2023-03,True,OCEANUSDT/15m/OCEANUSDT-15m-2023-03.zip,122189
OCEANUSDT,15m,2023-05,False,OCEANUSDT/15m/OCEANUSDT-15m-2023-05.zip,117395
OCEANUSDT,15m,2023-06,False,OCEANUSDT/15m/OCEANUSDT-15m-2023-06.zip,117228
OCEANUSDT,15m,2023-07,True,OCEANUSDT/15m/OCEANUSDT-15m-2023-07.zip,118683
OGNUSDT,15m,2022-02,False,OGNUSDT/15m/OGNUSDT-15m-2022-02.zip,92659
OGNUSDT,15m,2022-03,False,OGNUSDT/15m/OGNUSDT-15m-2022-03.zip,120310
OGNUSDT,15m,2022-04,True,OGNUSDT/15m/OGNUSDT-15m-2022-04.zip,111113
OGNUSDT,15m,2022-05,False,OGNUSDT/15m/OGNUSDT-15m-2022-05.zip,118884
OGNUSDT,15m,2022-06,False,OGNUSDT/15m/OGNUSDT-15m-2022-06.zip,116164
OGNUSDT,15m,2022-07,True,OGNUSDT/15m/OGNUSDT-15m-2022-07.zip,117544
OGNUSDT,15m,2022-08,True,OGNUSDT/15m/OGNUSDT-15m-2022-08.zip,112640
OGNUSDT,15m,2023-06,False,OGNUSDT/15m/OGNUSDT-15m-2023-06.zip,101661
OGNUSDT,15m,2023-07,False,OGNUSDT/15m/OGNUSDT-15m-2023-07.zip,109100
OGNUSDT,15m,2023-08,True,OGNUSDT/15m/OGNUSDT-15m-2023-08.zip,109528
OGNUSDT,15m,2023-09,False,OGNUSDT/15m/OGNUSDT-15m-2023-09.zip,108489
OGNUSDT,15m,2023-10,True,OGNUSDT/15m/OGNUSDT-15m-2023-10.zip,114423
OGNUSDT,15m,2023-11,True,OGNUSDT/15m/OGNUSDT-15m-2023-11.zip,107391
OMGUSDT,15m,2020-08,False,OMGUSDT/15m/OMGUSDT-15m-2020-08.zip,127553
OMGUSDT,15m,2020-09,True,OMGUSDT/15m/OMGUSDT-15m-2020-09.zip,123760
OMGUSDT,15m,2020-10,True,OMGUSDT/15m/OMGUSDT-15m-2020-10.zip,124737
OMGUSDT,15m,2020-11,True,OMGUSDT/15m/OMGUSDT-15m-2020-11.zip,122720
OMGUSDT,15m,2020-12,True,OMGUSDT/15m/OMGUSDT-15m-2020-12.zip,124192
OMGUSDT,15m,2021-01,True,OMGUSDT/15m/OMGUSDT-15m-2021-01.zip,128734
OMGUSDT,15m,2021-02,True,OMGUSDT/15m/OMGUSDT-15m-2021-02.zip,118628
OMGUSDT,15m,2021-03,True,OMGUSDT/15m/OMGUSDT-15m-2021-03.zip,128298
OMGUSDT,15m,2021-04,False,OMGUSDT/15m/OMGUSDT-15m-2021-04.zip,127521
OMGUSDT,15m,2021-05,False,OMGUSDT/15m/OMGUSDT-15m-2021-05.zip,133870
OMGUSDT,15m,2021-06,True,OMGUSDT/15m/OMGUSDT-15m-2021-06.zip,124267
OMGUSDT,15m,2021-08,False,OMGUSDT/15m/OMGUSDT-15m-2021-08.zip,129628
OMGUSDT,15m,2021-09,False,OMGUSDT/15m/OMGUSDT-15m-2021-09.zip,130424
OMGUSDT,15m,2021-10,True,OMGUSDT/15m/OMGUSDT-15m-2021-10.zip,135604
OMGUSDT,15m,2021-11,True,OMGUSDT/15m/OMGUSDT-15m-2021-11.zip,128841
OMGUSDT,15m,2021-12,True,OMGUSDT/15m/OMGUSDT-15m-2021-12.zip,122466
OMGUSDT,15m,2023-02,False,OMGUSDT/15m/OMGUSDT-15m-2023-02.zip,103015
OMGUSDT,15m,2023-03,False,OMGUSDT/15m/OMGUSDT-15m-2023-03.zip,117134
OMGUSDT,15m,2023-04,True,OMGUSDT/15m/OMGUSDT-15m-2023-04.zip,111523
ONDOUSDT,15m,2024-02,False,ONDOUSDT/15m/ONDOUSDT-15m-2024-02.zip,127185
ONEUSDT,15m,2021-08,False,ONEUSDT/15m/ONEUSDT-15m-2021-08.zip,125838
ONEUSDT,15m,2021-09,False,ONEUSDT/15m/ONEUSDT-15m-2021-09.zip,127767
ONEUSDT,15m,2021-10,True,ONEUSDT/15m/ONEUSDT-15m-2021-10.zip,134001
ONEUSDT,15m,2021-11,True,ONEUSDT/15m/ONEUSDT-15m-2021-11.zip,128449
ONEUSDT,15m,2021-12,True,ONEUSDT/15m/ONEUSDT-15m-2021-12.zip,131905
ONEUSDT,15m,2022-01,True,ONEUSDT/15m/ONEUSDT-15m-2022-01.zip,136209
ONEUSDT,15m,2022-02,True,ONEUSDT/15m/ONEUSDT-15m-2022-02.zip,106308
ONEUSDT,15m,2022-03,False,ONEUSDT/15m/ONEUSDT-15m-2022-03.zip,128950
ONEUSDT,15m,2022-04,True,ONEUSDT/15m/ONEUSDT-15m-2022-04.zip,115446
ONEUSDT,15m,2022-06,False,ONEUSDT/15m/ONEUSDT-15m-2022-06.zip,120810
ONEUSDT,15m,2022-07,False,ONEUSDT/15m/ONEUSDT-15m-2022-07.zip,124819
ONEUSDT,15m,2022-08,True,ONEUSDT/15m/ONEUSDT-15m-2022-08.zip,123742
ONTUSDT,15m,2020-03,False,ONTUSDT/15m/ONTUSDT-15m-2020-03.zip,113996
ONTUSDT,15m,2020-04,True,ONTUSDT/15m/ONTUSDT-15m-2020-04.zip,110040
ONTUSDT,15m,2020-05,True,ONTUSDT/15m/ONTUSDT-15m-2020-05.zip,115766
ONTUSDT,15m,2020-06,True,ONTUSDT/15m/ONTUSDT-15m-2020-06.zip,114992
ONTUSDT,15m,2020-07,True,ONTUSDT/15m/ONTUSDT-15m-2020-07.zip,120962
ONTUSDT,15m,2020-08,True,ONTUSDT/15m/ONTUSDT-15m-2020-08.zip,123988
ONTUSDT,15m,2020-09,True,ONTUSDT/15m/ONTUSDT-15m-2020-09.zip,120492
ONTUSDT,15m,2020-10,True,ONTUSDT/15m/ONTUSDT-15m-2020-10.zip,115824
ONTUSDT,15m,2020-11,True,ONTUSDT/15m/ONTUSDT-15m-2020-11.zip,115195
ONTUSDT,15m,2021-01,False,ONTUSDT/15m/ONTUSDT-15m-2021-01.zip,124001
ONTUSDT,15m,2021-02,False,ONTUSDT/15m/ONTUSDT-15m-2021-02.zip,116979
ONTUSDT,15m,2021-03,True,ONTUSDT/15m/ONTUSDT-15m-2021-03.zip,129343
ONTUSDT,15m,2021-04,True,ONTUSDT/15m/ONTUSDT-15m-2021-04.zip,128541
ONTUSDT,15m,2021-05,True,ONTUSDT/15m/ONTUSDT-15m-2021-05.zip,132952
ONTUSDT,15m,2021-06,True,ONTUSDT/15m/ONTUSDT-15m-2021-06.zip,123021
ONTUSDT,15m,2022-01,False,ONTUSDT/15m/ONTUSDT-15m-2022-01.zip,122755
ONTUSDT,15m,2022-02,False,ONTUSDT/15m/ONTUSDT-15m-2022-02.zip,112624
ONTUSDT,15m,2022-03,True,ONTUSDT/15m/ONTUSDT-15m-2022-03.zip,121703
ONTUSDT,15m,2023-03,False,ONTUSDT/15m/ONTUSDT-15m-2023-03.zip,120517
ONTUSDT,15m,2023-04,False,ONTUSDT/15m/ONTUSDT-15m-2023-04.zip,118933
ONTUSDT,15m,2023-05,True,ONTUSDT/15m/ONTUSDT-15m-2023-05.zip,119253
OPUSDT,15m,2022-07,False,OPUSDT/15m/OPUSDT-15m-2022-07.zip,137764
OPUSDT,15m,2022-08,True,OPUSDT/15m/OPUSDT-15m-2022-08.zip,142380
OPUSDT,15m,2022-09,True,OPUSDT/15m/OPUSDT-15m-2022-09.zip,133274
OPUSDT,15m,2022-10,True,OPUSDT/15m/OPUSDT-15m-2022-10.zip,134823
OPUSDT,15m,2022-11,True,OPUSDT/15m/OPUSDT-15m-2022-11.zip,132410
OPUSDT,15m,2022-12,True,OPUSDT/15m/OPUSDT-15m-2022-12.zip,134032
OPUSDT,15m,2023-01,True,OPUSDT/15m/OPUSDT-15m-2023-01.zip,138841
OPUSDT,15m,2023-02,True,OPUSDT/15m/OPUSDT-15m-2023-02.zip,129183
OPUSDT,15m,2023-03,True,OPUSDT/15m/OPUSDT-15m-2023-03.zip,142671
OPUSDT,15m,2023-04,True,OPUSDT/15m/OPUSDT-15m-2023-04.zip,133321
OPUSDT,15m,2023-05,True,OPUSDT/15m/OPUSDT-15m-2023-05.zip,137432
OPUSDT,15m,2023-06,True,OPUSDT/15m/OPUSDT-15m-2023-06.zip,134000
OPUSDT,15m,2023-07,True,OPUSDT/15m/OPUSDT-15m-2023-07.zip,137822
OPUSDT,15m,2023-08,True,OPUSDT/15m/OPUSDT-15m-2023-08.zip,138110
OPUSDT,15m,2023-09,True,OPUSDT/15m/OPUSDT-15m-2023-09.zip,129771
OPUSDT,15m,2023-10,True,OPUSDT/15m/OPUSDT-15m-2023-10.zip,134265
OPUSDT,15m,2023-11,True,OPUSDT/15m/OPUSDT-15m-2023-11.zip,132783
OPUSDT,15m,2023-12,True,OPUSDT/15m/OPUSDT-15m-2023-12.zip,141391
OPUSDT,15m,2024-01,True,OPUSDT/15m/OPUSDT-15m-2024-01.zip,141482
OPUSDT,15m,2024-02,True,OPUSDT/15m/OPUSDT-15m-2024-02.zip,130437
ORDIUSDT,15m,2023-12,False,ORDIUSDT/15m/ORDIUSDT-15m-2023-12.zip,140330
ORDIUSDT,15m,2024-01,True,ORDIUSDT/15m/ORDIUSDT-15m-2024-01.zip,137864
ORDIUSDT,15m,2024-02,True,ORDIUSDT/15m/ORDIUSDT-15m-2024-02.zip,126888
PEOPLEUSDT,15m,2022-01,False,PEOPLEUSDT/15m/PEOPLEUSDT-15m-2022-01.zip,132471
PEOPLEUSDT,15m,2022-02,True,PEOPLEUSDT/15m/PEOPLEUSDT-15m-2022-02.zip,109475
PEOPLEUSDT,15m,2022-03,False,PEOPLEUSDT/15m/PEOPLEUSDT-15m-2022-03.zip,131130
PEOPLEUSDT,15m,2022-04,True,PEOPLEUSDT/15m/PEOPLEUSDT-15m-2022-04.zip,116039
PEOPLEUSDT,15m,2022-05,False,PEOPLEUSDT/15m/PEOPLEUSDT-15m-2022-05.zip,131860
PEOPLEUSDT,15m,2022-06,True,PEOPLEUSDT/15m/PEOPLEUSDT-15m-2022-06.zip,125452
PEOPLEUSDT,15m,2022-07,True,PEOPLEUSDT/15m/PEOPLEUSDT-15m-2022-07.zip,125964
PEOPLEUSDT,15m,2022-08,True,PEOPLEUSDT/15m/PEOPLEUSDT-15m-2022-08.zip,125438
PEOPLEUSDT,15m,2022-09,True,PEOPLEUSDT/15m/PEOPLEUSDT-15m-2022-09.zip,119251
PEOPLEUSDT,15m,2022-10,True,PEOPLEUSDT/15m/PEOPLEUSDT-15m-2022-10.zip,119205
PEOPLEUSDT,15m,2022-11,False,PEOPLEUSDT/15m/PEOPLEUSDT-15m-2022-11.zip,123669
PEOPLEUSDT,15m,2022-12,True,PEOPLEUSDT/15m/PEOPLEUSDT-15m-2022-12.zip,119820
PEOPLEUSDT,15m,2023-01,True,PEOPLEUSDT/15m/PEOPLEUSDT-15m-2023-01.zip,121800
PEOPLEUSDT,15m,2023-12,False,PEOPLEUSDT/15m/PEOPLEUSDT-15m-2023-12.zip,117802
PEOPLEUSDT,15m,2024-01,False,PEOPLEUSDT/15m/PEOPLEUSDT-15m-2024-01.zip,130538
PEOPLEUSDT,15m,2024-02,True,PEOPLEUSDT/15m/PEOPLEUSDT-15m-2024-02.zip,116098
PERPUSDT,15m,2023-08,False,PERPUSDT/15m/PERPUSDT-15m-2023-08.zip,119519
PERPUSDT,15m,2023-09,False,PERPUSDT/15m/PERPUSDT-15m-2023-09.zip,128603
PERPUSDT,15m,2023-10,True,PERPUSDT/15m/PERPUSDT-15m-2023-10.zip,124943
PERPUSDT,15m,2023-12,False,PERPUSDT/15m/PERPUSDT-15m-2023-12.zip,129222
PERPUSDT,15m,2024-01,False,PERPUSDT/15m/PERPUSDT-15m-2024-01.zip,132286
PERPUSDT,15m,2024-02,True,PERPUSDT/15m/PERPUSDT-15m-2024-02.zip,119683
PHBUSDT,15m,2023-04,False,PHBUSDT/15m/PHBUSDT-15m-2023-04.zip,114488
PHBUSDT,15m,2023-05,False,PHBUSDT/15m/PHBUSDT-15m-2023-05.zip,122258
PHBUSDT,15m,2023-06,True,PHBUSDT/15m/PHBUSDT-15m-2023-06.zip,116469
POLYXUSDT,15m,2024-02,False,POLYXUSDT/15m/POLYXUSDT-15m-2024-02.zip,115821
POWRUSDT,15m,2023-12,False,POWRUSDT/15m/POWRUSDT-15m-2023-12.zip,119152
POWRUSDT,15m,2024-01,False,POWRUSDT/15m/POWRUSDT-15m-2024-01.zip,124052
POWRUSDT,15m,2024-02,True,POWRUSDT/15m/POWRUSDT-15m-2024-02.zip,110992
PYTHUSDT,15m,2024-01,False,PYTHUSDT/15m/PYTHUSDT-15m-2024-01.zip,125791
PYTHUSDT,15m,2024-02,False,PYTHUSDT/15m/PYTHUSDT-15m-2024-02.zip,120364
QTUMUSDT,15m,2020-03,False,QTUMUSDT/15m/QTUMUSDT-15m-2020-03.zip,100119
QTUMUSDT,15m,2020-04,True,QTUMUSDT/15m/QTUMUSDT-15m-2020-04.zip,95920
QTUMUSDT,15m,2020-05,True,QTUMUSDT/15m/QTUMUSDT-15m-2020-05.zip,102418
QTUMUSDT,15m,2020-06,True,QTUMUSDT/15m/QTUMUSDT-15m-2020-06.zip,98547
QTUMUSDT,15m,2020-07,True,QTUMUSDT/15m/QTUMUSDT-15m-2020-07.zip,107115
QTUMUSDT,15m,2020-08,True,QTUMUSDT/15m/QTUMUSDT-15m-2020-08.zip,113386
QTUMUSDT,15m,2020-09,True,QTUMUSDT/15m/QTUMUSDT-15m-2020-09.zip,107919
QTUMUSDT,15m,2020-10,True,QTUMUSDT/15m/QTUMUSDT-15m-2020-10.zip,104785
QTUMUSDT,15m,2021-01,False,QTUMUSDT/15m/QTUMUSDT-15m-2021-01.zip,114712
QTUMUSDT,15m,2021-02,False,QTUMUSDT/15m/QTUMUSDT-15m-2021-02.zip,107326
QTUMUSDT,15m,2021-03,True,QTUMUSDT/15m/QTUMUSDT-15m-2021-03.zip,118102
QTUMUSDT,15m,2021-04,False,QTUMUSDT/15m/QTUMUSDT-15m-2021-04.zip,121453
QTUMUSDT,15m,2021-05,True,QTUMUSDT/15m/QTUMUSDT-15m-2021-05.zip,127318
QTUMUSDT,15m,2021-06,True,QTUMUSDT/15m/QTUMUSDT-15m-2021-06.zip,116557
QTUMUSDT,15m,2021-07,True,QTUMUSDT/15m/QTUMUSDT-15m-2021-07.zip,116688
QTUMUSDT,15m,2021-08,False,QTUMUSDT/15m/QTUMUSDT-15m-2021-08.zip,123235
QTUMUSDT,15m,2021-09,True,QTUMUSDT/15m/QTUMUSDT-15m-2021-09.zip,117961
QTUMUSDT,15m,2022-01,False,QTUMUSDT/15m/QTUMUSDT-15m-2022-01.zip,116105
QTUMUSDT,15m,2022-02,False,QTUMUSDT/15m/QTUMUSDT-15m-2022-02.zip,106794
QTUMUSDT,15m,2022-03,True,QTUMUSDT/15m/QTUMUSDT-15m-2022-03.zip,116858
RAYUSDT,15m,2021-09,False,RAYUSDT/15m/RAYUSDT-15m-2021-09.zip,119431
RAYUSDT,15m,2021-10,True,RAYUSDT/15m/RAYUSDT-15m-2021-10.zip,117621
REEFUSDT,15m,2021-03,False,REEFUSDT/15m/REEFUSDT-15m-2021-03.zip,137221
REEFUSDT,15m,2021-04,True,REEFUSDT/15m/REEFUSDT-15m-2021-04.zip,133061
REEFUSDT,15m,2021-05,False,REEFUSDT/15m/REEFUSDT-15m-2021-05.zip,139973
REEFUSDT,15m,2021-06,True,REEFUSDT/15m/REEFUSDT-15m-2021-06.zip,129520
REEFUSDT,15m,2022-08,False,REEFUSDT/15m/REEFUSDT-15m-2022-08.zip,126286
REEFUSDT,15m,2022-09,False,REEFUSDT/15m/REEFUSDT-15m-2022-09.zip,128271
REEFUSDT,15m,2022-10,True,REEFUSDT/15m/REEFUSDT-15m-2022-10.zip,135073
REEFUSDT,15m,2022-11,True,REEFUSDT/15m/REEFUSDT-15m-2022-11.zip,126820
REEFUSDT,15m,2022-12,True,REEFUSDT/15m/REEFUSDT-15m-2022-12.zip,123611
RENUSDT,15m,2021-01,False,RENUSDT/15m/RENUSDT-15m-2021-01.zip,127784
RENUSDT,15m,2021-02,False,RENUSDT/15m/RENUSDT-15m-2021-02.zip,118793
RENUSDT,15m,2021-03,True,RENUSDT/15m/RENUSDT-15m-2021-03.zip,128794
RENUSDT,15m,2021-08,False,RENUSDT/15m/RENUSDT-15m-2021-08.zip,127932
RENUSDT,15m,2021-09,False,RENUSDT/15m/RENUSDT-15m-2021-09.zip,128507
RENUSDT,15m,2021-10,True,RENUSDT/15m/RENUSDT-15m-2021-10.zip,129867
RENUSDT,15m,2022-10,False,RENUSDT/15m/RENUSDT-15m-2022-10.zip,111777
RENUSDT,15m,2022-11,False,RENUSDT/15m/RENUSDT-15m-2022-11.zip,119311
RENUSDT,15m,2022-12,True,RENUSDT/15m/RENUSDT-15m-2022-12.zip,125913
RENUSDT,15m,2023-01,True,RENUSDT/15m/RENUSDT-15m-2023-01.zip,122633
RENUSDT,15m,2023-02,False,RENUSDT/15m/RENUSDT-15m-2023-02.zip,112991
RENUSDT,15m,2023-03,False,RENUSDT/15m/RENUSDT-15m-2023-03.zip,129246
RENUSDT,15m,2023-04,True,RENUSDT/15m/RENUSDT-15m-2023-04.zip,118650
RLCUSDT,15m,2020-08,False,RLCUSDT/15m/RLCUSDT-15m-2020-08.zip,125527
RLCUSDT,15m,2020-09,True,RLCUSDT/15m/RLCUSDT-15m-2020-09.zip,120160
RLCUSDT,15m,2020-10,True,RLCUSDT/15m/RLCUSDT-15m-2020-10.zip,121564
RLCUSDT,15m,2020-11,True,RLCUSDT/15m/RLCUSDT-15m-2020-11.zip,119037
RLCUSDT,15m,2020-12,True,RLCUSDT/15m/RLCUSDT-15m-2020-12.zip,119737
RLCUSDT,15m,2021-04,False,RLCUSDT/15m/RLCUSDT-15m-2021-04.zip,124663
RLCUSDT,15m,2021-05,False,RLCUSDT/15m/RLCUSDT-15m-2021-05.zip,136039
RLCUSDT,15m,2021-06,True,RLCUSDT/15m/RLCUSDT-15m-2021-06.zip,126491
RLCUSDT,15m,2021-07,True,RLCUSDT/15m/RLCUSDT-15m-2021-07.zip,127977
RLCUSDT,15m,2022-06,False,RLCUSDT/15m/RLCUSDT-15m-2022-06.zip,120774
RLCUSDT,15m,2022-07,False,RLCUSDT/15m/RLCUSDT-15m-2022-07.zip,127450
RLCUSDT,15m,2022-08,True,RLCUSDT/15m/RLCUSDT-15m-2022-08.zip,128330
RLCUSDT,15m,2022-09,True,RLCUSDT/15m/RLCUSDT-15m-2022-09.zip,121319
RLCUSDT,15m,2022-10,False,RLCUSDT/15m/RLCUSDT-15m-2022-10.zip,120301
RLCUSDT,15m,2022-11,False,RLCUSDT/15m/RLCUSDT-15m-2022-11.zip,122783
RLCUSDT,15m,2022-12,True,RLCUSDT/15m/RLCUSDT-15m-2022-12.zip,126934
RLCUSDT,15m,2023-01,True,RLCUSDT/15m/RLCUSDT-15m-2023-01.zip,128763
RLCUSDT,15m,2023-02,True,RLCUSDT/15m/RLCUSDT-15m-2023-02.zip,115145
RLCUSDT,15m,2023-04,False,RLCUSDT/15m/RLCUSDT-15m-2023-04.zip,119251
RLCUSDT,15m,2023-05,False,RLCUSDT/15m/RLCUSDT-15m-2023-05.zip,128235
RLCUSDT,15m,2023-06,True,RLCUSDT/15m/RLCUSDT-15m-2023-06.zip,118596
RNDRUSDT,15m,2023-03,False,RNDRUSDT/15m/RNDRUSDT-15m-2023-03.zip,132749
RNDRUSDT,15m,2023-04,False,RNDRUSDT/15m/RNDRUSDT-15m-2023-04.zip,130754
RNDRUSDT,15m,2023-05,True,RNDRUSDT/15m/RNDRUSDT-15m-2023-05.zip,138461
RNDRUSDT,15m,2023-06,True,RNDRUSDT/15m/RNDRUSDT-15m-2023-06.zip,131592
RNDRUSDT,15m,2023-07,True,RNDRUSDT/15m/RNDRUSDT-15m-2023-07.zip,130547
RNDRUSDT,15m,2023-10,False,RNDRUSDT/15m/RNDRUSDT-15m-2023-10.zip,131613
RNDRUSDT,15m,2023-11,False,RNDRUSDT/15m/RNDRUSDT-15m-2023-11.zip,131247
RNDRUSDT,15m,2023-12,True,RNDRUSDT/15m/RNDRUSDT-15m-2023-12.zip,136017
RNDRUSDT,15m,2024-01,False,RNDRUSDT/15m/RNDRUSDT-15m-2024-01.zip,134967
RNDRUSDT,15m,2024-02,False,RNDRUSDT/15m/RNDRUSDT-15m-2024-02.zip,128813
ROSEUSDT,15m,2022-01,False,ROSEUSDT/15m/ROSEUSDT-15m-2022-01.zip,133986
ROSEUSDT,15m,2022-02,True,ROSEUSDT/15m/ROSEUSDT-15m-2022-02.zip,105925
ROSEUSDT,15m,2022-07,False,ROSEUSDT/15m/ROSEUSDT-15m-2022-07.zip,123474
ROSEUSDT,15m,2022-08,False,ROSEUSDT/15m/ROSEUSDT-15m-2022-08.zip,127706
ROSEUSDT,15m,2022-09,True,ROSEUSDT/15m/ROSEUSDT-15m-2022-09.zip,118671
RSRUSDT,15m,2020-11,False,RSRUSDT/15m/RSRUSDT-15m-2020-11.zip,128827
RSRUSDT,15m,2020-12,True,RSRUSDT/15m/RSRUSDT-15m-2020-12.zip,129870
RSRUSDT,15m,2021-01,True,RSRUSDT/15m/RSRUSDT-15m-2021-01.zip,137020
RSRUSDT,15m,2021-02,True,RSRUSDT/15m/RSRUSDT-15m-2021-02.zip,125190
RSRUSDT,15m,2021-03,True,RSRUSDT/15m/RSRUSDT-15m-2021-03.zip,138389
RSRUSDT,15m,2021-04,True,RSRUSDT/15m/RSRUSDT-15m-2021-04.zip,134818
RSRUSDT,15m,2022-04,False,RSRUSDT/15m/RSRUSDT-15m-2022-04.zip,120740
RSRUSDT,15m,2022-05,False,RSRUSDT/15m/RSRUSDT-15m-2022-05.zip,136039
RSRUSDT,15m,2022-06,True,RSRUSDT/15m/RSRUSDT-15m-2022-06.zip,134560
RSRUSDT,15m,2022-07,True,RSRUSDT/15m/RSRUSDT-15m-2022-07.zip,133468
RSRUSDT,15m,2022-08,False,RSRUSDT/15m/RSRUSDT-15m-2022-08.zip,132867
RSRUSDT,15m,2022-09,False,RSRUSDT/15m/RSRUSDT-15m-2022-09.zip,128046
RSRUSDT,15m,2022-10,True,RSRUSDT/15m/RSRUSDT-15m-2022-10.zip,136665
RSRUSDT,15m,2022-11,True,RSRUSDT/15m/RSRUSDT-15m-2022-11.zip,127751
RUNEUSDT,15m,2020-10,False,RUNEUSDT/15m/RUNEUSDT-15m-2020-10.zip,110727
RUNEUSDT,15m,2020-11,True,RUNEUSDT/15m/RUNEUSDT-15m-2020-11.zip,110794
RUNEUSDT,15m,2020-12,True,RUNEUSDT/15m/RUNEUSDT-15m-2020-12.zip,113934
RUNEUSDT,15m,2021-01,True,RUNEUSDT/15m/RUNEUSDT-15m-2021-01.zip,118065
RUNEUSDT,15m,2021-03,False,RUNEUSDT/15m/RUNEUSDT-15m-2021-03.zip,119377
RUNEUSDT,15m,2021-04,False,RUNEUSDT/15m/RUNEUSDT-15m-2021-04.zip,121628
RUNEUSDT,15m,2021-05,True,RUNEUSDT/15m/RUNEUSDT-15m-2021-05.zip,122136
RUNEUSDT,15m,2021-06,True,RUNEUSDT/15m/RUNEUSDT-15m-2021-06.zip,114166
RUNEUSDT,15m,2021-07,True,RUNEUSDT/15m/RUNEUSDT-15m-2021-07.zip,117380
RUNEUSDT,15m,2021-08,True,RUNEUSDT/15m/RUNEUSDT-15m-2021-08.zip,119683
RUNEUSDT,15m,2021-09,True,RUNEUSDT/15m/RUNEUSDT-15m-2021-09.zip,113593
RUNEUSDT,15m,2021-10,True,RUNEUSDT/15m/RUNEUSDT-15m-2021-10.zip,116995
RUNEUSDT,15m,2021-11,True,RUNEUSDT/15m/RUNEUSDT-15m-2021-11.zip,113754
RUNEUSDT,15m,2022-01,False,RUNEUSDT/15m/RUNEUSDT-15m-2022-01.zip,114284
RUNEUSDT,15m,2022-02,False,RUNEUSDT/15m/RUNEUSDT-15m-2022-02.zip,101579
RUNEUSDT,15m,2022-03,True,RUNEUSDT/15m/RUNEUSDT-15m-2022-03.zip,121543
RUNEUSDT,15m,2022-04,True,RUNEUSDT/15m/RUNEUSDT-15m-2022-04.zip,115049
RUNEUSDT,15m,2022-05,True,RUNEUSDT/15m/RUNEUSDT-15m-2022-05.zip,116854
RUNEUSDT,15m,2022-06,True,RUNEUSDT/15m/RUNEUSDT-15m-2022-06.zip,110318
RUNEUSDT,15m,2022-07,True,RUNEUSDT/15m/RUNEUSDT-15m-2022-07.zip,113918
RUNEUSDT,15m,2022-08,True,RUNEUSDT/15m/RUNEUSDT-15m-2022-08.zip,111765
RUNEUSDT,15m,2022-09,True,RUNEUSDT/15m/RUNEUSDT-15m-2022-09.zip,104599
RUNEUSDT,15m,2022-10,True,RUNEUSDT/15m/RUNEUSDT-15m-2022-10.zip,105206
RUNEUSDT,15m,2023-07,False,RUNEUSDT/15m/RUNEUSDT-15m-2023-07.zip,99551
RUNEUSDT,15m,2023-08,False,RUNEUSDT/15m/RUNEUSDT-15m-2023-08.zip,111230
RUNEUSDT,15m,2023-09,True,RUNEUSDT/15m/RUNEUSDT-15m-2023-09.zip,106141
RUNEUSDT,15m,2023-10,True,RUNEUSDT/15m/RUNEUSDT-15m-2023-10.zip,112986
RUNEUSDT,15m,2023-11,True,RUNEUSDT/15m/RUNEUSDT-15m-2023-11.zip,113742
RUNEUSDT,15m,2023-12,True,RUNEUSDT/15m/RUNEUSDT-15m-2023-12.zip,115002
RVNUSDT,15m,2021-07,False,RVNUSDT/15m/RVNUSDT-15m-2021-07.zip,120831
RVNUSDT,15m,2021-08,False,RVNUSDT/15m/RVNUSDT-15m-2021-08.zip,128481
RVNUSDT,15m,2021-09,True,RVNUSDT/15m/RVNUSDT-15m-2021-09.zip,121004
RVNUSDT,15m,2022-08,False,RVNUSDT/15m/RVNUSDT-15m-2022-08.zip,121445
RVNUSDT,15m,2022-09,False,RVNUSDT/15m/RVNUSDT-15m-2022-09.zip,126238
RVNUSDT,15m,2022-10,True,RVNUSDT/15m/RVNUSDT-15m-2022-10.zip,121975
SANDUSDT,15m,2021-02,False,SANDUSDT/15m/SANDUSDT-15m-2021-02.zip,113636
SANDUSDT,15m,2021-03,False,SANDUSDT/15m/SANDUSDT-15m-2021-03.zip,130905
SANDUSDT,15m,2021-04,True,SANDUSDT/15m/SANDUSDT-15m-2021-04.zip,125813
SANDUSDT,15m,2021-06,False,SANDUSDT/15m/SANDUSDT-15m-2021-06.zip,122129
SANDUSDT,15m,2021-07,False,SANDUSDT/15m/SANDUSDT-15m-2021-07.zip,136694
SANDUSDT,15m,2021-08,True,SANDUSDT/15m/SANDUSDT-15m-2021-08.zip,133992
SANDUSDT,15m,2021-09,True,SANDUSDT/15m/SANDUSDT-15m-2021-09.zip,128030
SANDUSDT,15m,2021-10,True,SANDUSDT/15m/SANDUSDT-15m-2021-10.zip,131624
SANDUSDT,15m,2021-11,True,SANDUSDT/15m/SANDUSDT-15m-2021-11.zip,139172
SANDUSDT,15m,2021-12,True,SANDUSDT/15m/SANDUSDT-15m-2021-12.zip,138387
SANDUSDT,15m,2022-01,True,SANDUSDT/15m/SANDUSDT-15m-2022-01.zip,133883
SANDUSDT,15m,2022-02,True,SANDUSDT/15m/SANDUSDT-15m-2022-02.zip,108074
SANDUSDT,15m,2022-03,False,SANDUSDT/15m/SANDUSDT-15m-2022-03.zip,129317
SANDUSDT,15m,2022-04,True,SANDUSDT/15m/SANDUSDT-15m-2022-04.zip,115214
SANDUSDT,15m,2022-05,False,SANDUSDT/15m/SANDUSDT-15m-2022-05.zip,129503
SANDUSDT,15m,2022-06,True,SANDUSDT/15m/SANDUSDT-15m-2022-06.zip,123680
SANDUSDT,15m,2022-07,True,SANDUSDT/15m/SANDUSDT-15m-2022-07.zip,128297
SANDUSDT,15m,2022-08,True,SANDUSDT/15m/SANDUSDT-15m-2022-08.zip,124912
SANDUSDT,15m,2022-09,True,SANDUSDT/15m/SANDUSDT-15m-2022-09.zip,118893
SANDUSDT,15m,2022-10,True,SANDUSDT/15m/SANDUSDT-15m-2022-10.zip,120199
SANDUSDT,15m,2022-11,True,SANDUSDT/15m/SANDUSDT-15m-2022-11.zip,119185
SANDUSDT,15m,2022-12,True,SANDUSDT/15m/SANDUSDT-15m-2022-12.zip,117770
SANDUSDT,15m,2023-01,True,SANDUSDT/15m/SANDUSDT-15m-2023-01.zip,125097
SANDUSDT,15m,2023-02,True,SANDUSDT/15m/SANDUSDT-15m-2023-02.zip,114041
SANDUSDT,15m,2023-03,True,SANDUSDT/15m/SANDUSDT-15m-2023-03.zip,123787
SANDUSDT,15m,2023-04,True,SANDUSDT/15m/SANDUSDT-15m-2023-04.zip,116825
SANDUSDT,15m,2023-05,True,SANDUSDT/15m/SANDUSDT-15m-2023-05.zip,119049
SANDUSDT,15m,2023-06,True,SANDUSDT/15m/SANDUSDT-15m-2023-06.zip,117955
SANDUSDT,15m,2023-07,True,SANDUSDT/15m/SANDUSDT-15m-2023-07.zip,118115
SANDUSDT,15m,2023-11,False,SANDUSDT/15m/SANDUSDT-15m-2023-11.zip,116790
SANDUSDT,15m,2023-12,False,SANDUSDT/15m/SANDUSDT-15m-2023-12.zip,122765
SANDUSDT,15m,2024-01,True,SANDUSDT/15m/SANDUSDT-15m-2024-01.zip,120082
SEIUSDT,15m,2023-10,False,SEIUSDT/15m/SEIUSDT-15m-2023-10.zip,114405
SEIUSDT,15m,2023-11,False,SEIUSDT/15m/SEIUSDT-15m-2023-11.zip,121211
SEIUSDT,15m,2023-12,True,SEIUSDT/15m/SEIUSDT-15m-2023-12.zip,130591
SEIUSDT,15m,2024-01,True,SEIUSDT/15m/SEIUSDT-15m-2024-01.zip,133604
SEIUSDT,15m,2024-02,True,SEIUSDT/15m/SEIUSDT-15m-2024-02.zip,122284
SFPUSDT,15m,2021-03,False,SFPUSDT/15m/SFPUSDT-15m-2021-03.zip,121037
SFPUSDT,15m,2021-04,True,SFPUSDT/15m/SFPUSDT-15m-2021-04.zip,116727
SFPUSDT,15m,2021-09,False,SFPUSDT/15m/SFPUSDT-15m-2021-09.zip,113314
SFPUSDT,15m,2021-10,False,SFPUSDT/15m/SFPUSDT-15m-2021-10.zip,120690
SFPUSDT,15m,2021-11,True,SFPUSDT/15m/SFPUSDT-15m-2021-11.zip,116218
SFPUSDT,15m,2021-12,False,SFPUSDT/15m/SFPUSDT-15m-2021-12.zip,123015
SFPUSDT,15m,2022-01,True,SFPUSDT/15m/SFPUSDT-15m-2022-01.zip,117084
SFPUSDT,15m,2022-10,False,SFPUSDT/15m/SFPUSDT-15m-2022-10.zip,110682
SFPUSDT,15m,2022-11,False,SFPUSDT/15m/SFPUSDT-15m-2022-11.zip,115701
SFPUSDT,15m,2022-12,True,SFPUSDT/15m/SFPUSDT-15m-2022-12.zip,113059
SFPUSDT,15m,2023-07,False,SFPUSDT/15m/SFPUSDT-15m-2023-07.zip,109913
SFPUSDT,15m,2023-08,False,SFPUSDT/15m/SFPUSDT-15m-2023-08.zip,116241
SFPUSDT,15m,2023-09,True,SFPUSDT/15m/SFPUSDT-15m-2023-09.zip,110675
SKLUSDT,15m,2021-02,False,SKLUSDT/15m/SKLUSDT-15m-2021-02.zip,113550
SKLUSDT,15m,2021-03,False,SKLUSDT/15m/SKLUSDT-15m-2021-03.zip,129733
SKLUSDT,15m,2021-04,True,SKLUSDT/15m/SKLUSDT-15m-2021-04.zip,125818
SKLUSDT,15m,2023-10,False,SKLUSDT/15m/SKLUSDT-15m-2023-10.zip,113402
SKLUSDT,15m,2023-11,False,SKLUSDT/15m/SKLUSDT-15m-2023-11.zip,119420
SKLUSDT,15m,2023-12,True,SKLUSDT/15m/SKLUSDT-15m-2023-12.zip,125008
SNXUSDT,15m,2020-09,False,SNXUSDT/15m/SNXUSDT-15m-2020-09.zip,111252
SNXUSDT,15m,2020-10,True,SNXUSDT/15m/SNXUSDT-15m-2020-10.zip,109646
SNXUSDT,15m,2020-11,True,SNXUSDT/15m/SNXUSDT-15m-2020-11.zip,111299
SNXUSDT,15m,2020-12,True,SNXUSDT/15m/SNXUSDT-15m-2020-12.zip,115275
SNXUSDT,15m,2021-01,True,SNXUSDT/15m/SNXUSDT-15m-2021-01.zip,122230
SNXUSDT,15m,2021-02,True,SNXUSDT/15m/SNXUSDT-15m-2021-02.zip,111778
SNXUSDT,15m,2021-03,True,SNXUSDT/15m/SNXUSDT-15m-2021-03.zip,119127
SNXUSDT,15m,2021-06,False,SNXUSDT/15m/SNXUSDT-15m-2021-06.zip,114754
SNXUSDT,15m,2021-07,False,SNXUSDT/15m/SNXUSDT-15m-2021-07.zip,122132
SNXUSDT,15m,2021-08,True,SNXUSDT/15m/SNXUSDT-15m-2021-08.zip,121586
SNXUSDT,15m,2022-03,False,SNXUSDT/15m/SNXUSDT-15m-2022-03.zip,117875
SNXUSDT,15m,2022-04,False,SNXUSDT/15m/SNXUSDT-15m-2022-04.zip,116286
SNXUSDT,15m,2022-05,True,SNXUSDT/15m/SNXUSDT-15m-2022-05.zip,118144
SNXUSDT,15m,2022-06,False,SNXUSDT/15m/SNXUSDT-15m-2022-06.zip,115319
SNXUSDT,15m,2022-07,True,SNXUSDT/15m/SNXUSDT-15m-2022-07.zip,120029
SNXUSDT,15m,2022-08,True,SNXUSDT/15m/SNXUSDT-15m-2022-08.zip,119489
SNXUSDT,15m,2022-09,True,SNXUSDT/15m/SNXUSDT-15m-2022-09.zip,111825
SNXUSDT,15m,2022-10,True,SNXUSDT/15m/SNXUSDT-15m-2022-10.zip,113283
SNXUSDT,15m,2023-02,False,SNXUSDT/15m/SNXUSDT-15m-2023-02.zip,105505
SNXUSDT,15m,2023-03,False,SNXUSDT/15m/SNXUSDT-15m-2023-03.zip,120818
SNXUSDT,15m,2023-04,True,SNXUSDT/15m/SNXUSDT-15m-2023-04.zip,111257
SNXUSDT,15m,2023-06,False,SNXUSDT/15m/SNXUSDT-15m-2023-06.zip,109078
SNXUSDT,15m,2023-07,False,SNXUSDT/15m/SNXUSDT-15m-2023-07.zip,117521
SNXUSDT,15m,2023-08,True,SNXUSDT/15m/SNXUSDT-15m-2023-08.zip,113779
SOLUSDT,15m,2020-10,False,SOLUSDT/15m/SOLUSDT-15m-2020-10.zip,114212
SOLUSDT,15m,2020-11,True,SOLUSDT/15m/SOLUSDT-15m-2020-11.zip,113047
SOLUSDT,15m,2020-12,True,SOLUSDT/15m/SOLUSDT-15m-2020-12.zip,115405
SOLUSDT,15m,2021-01,True,SOLUSDT/15m/SOLUSDT-15m-2021-01.zip,121933
SOLUSDT,15m,2021-02,True,SOLUSDT/15m/SOLUSDT-15m-2021-02.zip,112537
SOLUSDT,15m,2021-03,True,SOLUSDT/15m/SOLUSDT-15m-2021-03.zip,125199
SOLUSDT,15m,2021-04,True,SOLUSDT/15m/SOLUSDT-15m-2021-04.zip,125629
SOLUSDT,15m,2021-05,True,SOLUSDT/15m/SOLUSDT-15m-2021-05.zip,127688
SOLUSDT,15m,2021-06,True,SOLUSDT/15m/SOLUSDT-15m-2021-06.zip,120674
SOLUSDT,15m,2021-07,True,SOLUSDT/15m/SOLUSDT-15m-2021-07.zip,120638
SOLUSDT,15m,2021-08,True,SOLUSDT/15m/SOLUSDT-15m-2021-08.zip,125712
SOLUSDT,15m,2021-09,True,SOLUSDT/15m/SOLUSDT-15m-2021-09.zip,128802
SOLUSDT,15m,2021-10,True,SOLUSDT/15m/SOLUSDT-15m-2021-10.zip,129526
SOLUSDT,15m,2021-11,True,SOLUSDT/15m/SOLUSDT-15m-2021-11.zip,125139
SOLUSDT,15m,2021-12,True,SOLUSDT/15m/SOLUSDT-15m-2021-12.zip,124660
SOLUSDT,15m,2022-01,True,SOLUSDT/15m/SOLUSDT-15m-2022-01.zip,118811
SOLUSDT,15m,2022-02,True,SOLUSDT/15m/SOLUSDT-15m-2022-02.zip,94679
SOLUSDT,15m,2022-03,False,SOLUSDT/15m/SOLUSDT-15m-2022-03.zip,115171
SOLUSDT,15m,2022-04,True,SOLUSDT/15m/SOLUSDT-15m-2022-04.zip,105192
SOLUSDT,15m,2022-05,False,SOLUSDT/15m/SOLUSDT-15m-2022-05.zip,116896
SOLUSDT,15m,2022-06,True,SOLUSDT/15m/SOLUSDT-15m-2022-06.zip,114107
SOLUSDT,15m,2022-07,True,SOLUSDT/15m/SOLUSDT-15m-2022-07.zip,115303
SOLUSDT,15m,2022-08,True,SOLUSDT/15m/SOLUSDT-15m-2022-08.zip,113778
SOLUSDT,15m,2022-09,True,SOLUSDT/15m/SOLUSDT-15m-2022-09.zip,108397
SOLUSDT,15m,2022-10,True,SOLUSDT/15m/SOLUSDT-15m-2022-10.zip,109553
SOLUSDT,15m,2022-11,True,SOLUSDT/15m/SOLUSDT-15m-2022-11.zip,117772
SOLUSDT,15m,2022-12,True,SOLUSDT/15m/SOLUSDT-15m-2022-12.zip,116632
SOLUSDT,15m,2023-01,True,SOLUSDT/15m/SOLUSDT-15m-2023-01.zip,124608
SOLUSDT,15m,2023-02,True,SOLUSDT/15m/SOLUSDT-15m-2023-02.zip,110966
SOLUSDT,15m,2023-03,True,SOLUSDT/15m/SOLUSDT-15m-2023-03.zip,122297
SOLUSDT,15m,2023-04,True,SOLUSDT/15m/SOLUSDT-15m-2023-04.zip,116711
SOLUSDT,15m,2023-05,True,SOLUSDT/15m/SOLUSDT-15m-2023-05.zip,118706
SOLUSDT,15m,2023-06,True,SOLUSDT/15m/SOLUSDT-15m-2023-06.zip,117267
SOLUSDT,15m,2023-07,True,SOLUSDT/15m/SOLUSDT-15m-2023-07.zip,123883
SOLUSDT,15m,2023-08,True,SOLUSDT/15m/SOLUSDT-15m-2023-08.zip,120757
SOLUSDT,15m,2023-09,True,SOLUSDT/15m/SOLUSDT-15m-2023-09.zip,115803
SOLUSDT,15m,2023-10,True,SOLUSDT/15m/SOLUSDT-15m-2023-10.zip,123979
SOLUSDT,15m,2023-11,True,SOLUSDT/15m/SOLUSDT-15m-2023-11.zip,125230
SOLUSDT,15m,2023-12,True,SOLUSDT/15m/SOLUSDT-15m-2023-12.zip,130740
SOLUSDT,15m,2024-01,True,SOLUSDT/15m/SOLUSDT-15m-2024-01.zip,130489
SOLUSDT,15m,2024-02,True,SOLUSDT/15m/SOLUSDT-15m-2024-02.zip,120793
SPELLUSDT,15m,2023-08,False,SPELLUSDT/15m/SPELLUSDT-15m-2023-08.zip,128687
SPELLUSDT,15m,2023-09,False,SPELLUSDT/15m/SPELLUSDT-15m-2023-09.zip,131587
SPELLUSDT,15m,2023-10,True,SPELLUSDT/15m/SPELLUSDT-15m-2023-10.zip,132034
SRMUSDT,15m,2020-10,False,SRMUSDT/15m/SRMUSDT-15m-2020-10.zip,111044
SRMUSDT,15m,2020-11,True,SRMUSDT/15m/SRMUSDT-15m-2020-11.zip,109981
SRMUSDT,15m,2021-03,False,SRMUSDT/15m/SRMUSDT-15m-2021-03.zip,120349
SRMUSDT,15m,2021-04,False,SRMUSDT/15m/SRMUSDT-15m-2021-04.zip,120483
SRMUSDT,15m,2021-05,True,SRMUSDT/15m/SRMUSDT-15m-2021-05.zip,120853
SRMUSDT,15m,2021-06,True,SRMUSDT/15m/SRMUSDT-15m-2021-06.zip,106934
SRMUSDT,15m,2021-07,False,SRMUSDT/15m/SRMUSDT-15m-2021-07.zip,109265
SRMUSDT,15m,2021-08,False,SRMUSDT/15m/SRMUSDT-15m-2021-08.zip,115947
SRMUSDT,15m,2021-09,True,SRMUSDT/15m/SRMUSDT-15m-2021-09.zip,116195
SRMUSDT,15m,2021-10,True,SRMUSDT/15m/SRMUSDT-15m-2021-10.zip,114450
SRMUSDT,15m,2022-02,False,SRMUSDT/15m/SRMUSDT-15m-2022-02.zip,97204
SRMUSDT,15m,2022-03,False,SRMUSDT/15m/SRMUSDT-15m-2022-03.zip,109370
SRMUSDT,15m,2022-04,True,SRMUSDT/15m/SRMUSDT-15m-2022-04.zip,105481
SRMUSDT,15m,2022-06,False,SRMUSDT/15m/SRMUSDT-15m-2022-06.zip,103214
SRMUSDT,15m,2022-07,False,SRMUSDT/15m/SRMUSDT-15m-2022-07.zip,108723
SRMUSDT,15m,2022-08,True,SRMUSDT/15m/SRMUSDT-15m-2022-08.zip,104491
STGUSDT,15m,2022-09,False,STGUSDT/15m/STGUSDT-15m-2022-09.zip,121021
STGUSDT,15m,2022-10,True,STGUSDT/15m/STGUSDT-15m-2022-10.zip,118747
STGUSDT,15m,2023-01,False,STGUSDT/15m/STGUSDT-15m-2023-01.zip,119074
STGUSDT,15m,2023-02,False,STGUSDT/15m/STGUSDT-15m-2023-02.zip,115981
STGUSDT,15m,2023-03,True,STGUSDT/15m/STGUSDT-15m-2023-03.zip,125449
STMXUSDT,15m,2023-06,False,STMXUSDT/15m/STMXUSDT-15m-2023-06.zip,108605
STMXUSDT,15m,2023-07,False,STMXUSDT/15m/STMXUSDT-15m-2023-07.zip,120277
STMXUSDT,15m,2023-08,True,STMXUSDT/15m/STMXUSDT-15m-2023-08.zip,119010
STMXUSDT,15m,2023-09,True,STMXUSDT/15m/STMXUSDT-15m-2023-09.zip,116534
STMXUSDT,15m,2023-10,True,STMXUSDT/15m/STMXUSDT-15m-2023-10.zip,119993
STMXUSDT,15m,2023-11,True,STMXUSDT/15m/STMXUSDT-15m-2023-11.zip,113739
STORJUSDT,15m,2020-10,False,STORJUSDT/15m/STORJUSDT-15m-2020-10.zip,110507
STORJUSDT,15m,2020-11,True,STORJUSDT/15m/STORJUSDT-15m-2020-11.zip,105499
STORJUSDT,15m,2021-02,False,STORJUSDT/15m/STORJUSDT-15m-2021-02.zip,104882
STORJUSDT,15m,2021-03,False,STORJUSDT/15m/STORJUSDT-15m-2021-03.zip,119308
STORJUSDT,15m,2021-04,True,STORJUSDT/15m/STORJUSDT-15m-2021-04.zip,119215
STORJUSDT,15m,2021-05,True,STORJUSDT/15m/STORJUSDT-15m-2021-05.zip,121405
STORJUSDT,15m,2021-10,False,STORJUSDT/15m/STORJUSDT-15m-2021-10.zip,117718
STORJUSDT,15m,2021-11,False,STORJUSDT/15m/STORJUSDT-15m-2021-11.zip,120671
STORJUSDT,15m,2021-12,True,STORJUSDT/15m/STORJUSDT-15m-2021-12.zip,121257
STORJUSDT,15m,2022-05,False,STORJUSDT/15m/STORJUSDT-15m-2022-05.zip,116893
STORJUSDT,15m,2022-06,False,STORJUSDT/15m/STORJUSDT-15m-2022-06.zip,116930
STORJUSDT,15m,2022-07,True,STORJUSDT/15m/STORJUSDT-15m-2022-07.zip,118708
STORJUSDT,15m,2022-08,True,STORJUSDT/15m/STORJUSDT-15m-2022-08.zip,114907
STORJUSDT,15m,2023-06,False,STORJUSDT/15m/STORJUSDT-15m-2023-06.zip,109759
STORJUSDT,15m,2023-07,False,STORJUSDT/15m/STORJUSDT-15m-2023-07.zip,117318
STORJUSDT,15m,2023-08,True,STORJUSDT/15m/STORJUSDT-15m-2023-08.zip,108012
STORJUSDT,15m,2023-09,False,STORJUSDT/15m/STORJUSDT-15m-2023-09.zip,115485
STORJUSDT,15m,2023-10,True,STORJUSDT/15m/STORJUSDT-15m-2023-10.zip,119925
STORJUSDT,15m,2023-11,True,STORJUSDT/15m/STORJUSDT-15m-2023-11.zip,116897
STORJUSDT,15m,2023-12,True,STORJUSDT/15m/STORJUSDT-15m-2023-12.zip,121622
STORJUSDT,15m,2024-01,True,STORJUSDT/15m/STORJUSDT-15m-2024-01.zip,117870
STXUSDT,15m,2023-03,False,STXUSDT/15m/STXUSDT-15m-2023-03.zip,132896
STXUSDT,15m,2023-04,True,STXUSDT/15m/STXUSDT-15m-2023-04.zip,122206
STXUSDT,15m,2023-05,True,STXUSDT/15m/STXUSDT-15m-2023-05.zip,125279
STXUSDT,15m,2023-06,True,STXUSDT/15m/STXUSDT-15m-2023-06.zip,123188
STXUSDT,15m,2023-07,True,STXUSDT/15m/STXUSDT-15m-2023-07.zip,122166
STXUSDT,15m,2023-09,False,STXUSDT/15m/STXUSDT-15m-2023-09.zip,114899
STXUSDT,15m,2023-10,False,STXUSDT/15m/STXUSDT-15m-2023-10.zip,123465
STXUSDT,15m,2023-11,True,STXUSDT/15m/STXUSDT-15m-2023-11.zip,120532
STXUSDT,15m,2023-12,False,STXUSDT/15m/STXUSDT-15m-2023-12.zip,130896
STXUSDT,15m,2024-01,True,STXUSDT/15m/STXUSDT-15m-2024-01.zip,129091
STXUSDT,15m,2024-02,True,STXUSDT/15m/STXUSDT-15m-2024-02.zip,121049
SUIUSDT,15m,2023-06,False,SUIUSDT/15m/SUIUSDT-15m-2023-06.zip,133952
SUIUSDT,15m,2023-07,True,SUIUSDT/15m/SUIUSDT-15m-2023-07.zip,133502
SUIUSDT,15m,2023-08,True,SUIUSDT/15m/SUIUSDT-15m-2023-08.zip,133688
SUIUSDT,15m,2023-09,True,SUIUSDT/15m/SUIUSDT-15m-2023-09.zip,125990
SUIUSDT,15m,2023-10,True,SUIUSDT/15m/SUIUSDT-15m-2023-10.zip,130308
SUIUSDT,15m,2023-11,True,SUIUSDT/15m/SUIUSDT-15m-2023-11.zip,130714
SUIUSDT,15m,2023-12,True,SUIUSDT/15m/SUIUSDT-15m-2023-12.zip,135392
SUIUSDT,15m,2024-01,True,SUIUSDT/15m/SUIUSDT-15m-2024-01.zip,141280
SUIUSDT,15m,2024-02,True,SUIUSDT/15m/SUIUSDT-15m-2024-02.zip,129841
SUSHIUSDT,15m,2020-10,False,SUSHIUSDT/15m/SUSHIUSDT-15m-2020-10.zip,117220
SUSHIUSDT,15m,2020-11,True,SUSHIUSDT/15m/SUSHIUSDT-15m-2020-11.zip,117597
SUSHIUSDT,15m,2020-12,True,SUSHIUSDT/15m/SUSHIUSDT-15m-2020-12.zip,124210
SUSHIUSDT,15m,2021-01,True,SUSHIUSDT/15m/SUSHIUSDT-15m-2021-01.zip,126264
SUSHIUSDT,15m,2021-02,True,SUSHIUSDT/15m/SUSHIUSDT-15m-2021-02.zip,116754
SUSHIUSDT,15m,2021-03,True,SUSHIUSDT/15m/SUSHIUSDT-15m-2021-03.zip,127344
SUSHIUSDT,15m,2021-04,True,SUSHIUSDT/15m/SUSHIUSDT-15m-2021-04.zip,123160
SUSHIUSDT,15m,2021-05,True,SUSHIUSDT/15m/SUSHIUSDT-15m-2021-05.zip,125813
SUSHIUSDT,15m,2021-06,True,SUSHIUSDT/15m/SUSHIUSDT-15m-2021-06.zip,113014
SUSHIUSDT,15m,2021-07,True,SUSHIUSDT/15m/SUSHIUSDT-15m-2021-07.zip,116097
SUSHIUSDT,15m,2021-08,True,SUSHIUSDT/15m/SUSHIUSDT-15m-2021-08.zip,117763
SUSHIUSDT,15m,2021-09,True,SUSHIUSDT/15m/SUSHIUSDT-15m-2021-09.zip,115709
SUSHIUSDT,15m,2021-10,True,SUSHIUSDT/15m/SUSHIUSDT-15m-2021-10.zip,116055
SUSHIUSDT,15m,2021-11,True,SUSHIUSDT/15m/SUSHIUSDT-15m-2021-11.zip,112333
SUSHIUSDT,15m,2021-12,False,SUSHIUSDT/15m/SUSHIUSDT-15m-2021-12.zip,119304
SUSHIUSDT,15m,2022-01,True,SUSHIUSDT/15m/SUSHIUSDT-15m-2022-01.zip,118447
SUSHIUSDT,15m,2022-02,True,SUSHIUSDT/15m/SUSHIUSDT-15m-2022-02.zip,92675
SUSHIUSDT,15m,2022-03,False,SUSHIUSDT/15m/SUSHIUSDT-15m-2022-03.zip,112679
SUSHIUSDT,15m,2022-04,True,SUSHIUSDT/15m/SUSHIUSDT-15m-2022-04.zip,101859
SUSHIUSDT,15m,2022-05,False,SUSHIUSDT/15m/SUSHIUSDT-15m-2022-05.zip,113492
SUSHIUSDT,15m,2022-06,True,SUSHIUSDT/15m/SUSHIUSDT-15m-2022-06.zip,107355
SUSHIUSDT,15m,2022-07,False,SUSHIUSDT/15m/SUSHIUSDT-15m-2022-07.zip,110056
SUSHIUSDT,15m,2022-08,True,SUSHIUSDT/15m/SUSHIUSDT-15m-2022-08.zip,107289
SUSHIUSDT,15m,2022-09,False,SUSHIUSDT/15m/SUSHIUSDT-15m-2022-09.zip,103612
SUSHIUSDT,15m,2022-10,False,SUSHIUSDT/15m/SUSHIUSDT-15m-2022-10.zip,113241
SUSHIUSDT,15m,2022-11,True,SUSHIUSDT/15m/SUSHIUSDT-15m-2022-11.zip,110042
SUSHIUSDT,15m,2022-12,True,SUSHIUSDT/15m/SUSHIUSDT-15m-2022-12.zip,105799
SUSHIUSDT,15m,2023-01,True,SUSHIUSDT/15m/SUSHIUSDT-15m-2023-01.zip,107996
SUSHIUSDT,15m,2023-02,True,SUSHIUSDT/15m/SUSHIUSDT-15m-2023-02.zip,98897
SUSHIUSDT,15m,2023-10,False,SUSHIUSDT/15m/SUSHIUSDT-15m-2023-10.zip,111181
SUSHIUSDT,15m,2023-11,False,SUSHIUSDT/15m/SUSHIUSDT-15m-2023-11.zip,120154
SUSHIUSDT,15m,2023-12,True,SUSHIUSDT/15m/SUSHIUSDT-15m-2023-12.zip,119676
SXPUSDT,15m,2020-08,False,SXPUSDT/15m/SXPUSDT-15m-2020-08.zip,131788
SXPUSDT,15m,2020-09,True,SXPUSDT/15m/SXPUSDT-15m-2020-09.zip,124415
SXPUSDT,15m,2020-10,True,SXPUSDT/15m/SXPUSDT-15m-2020-10.zip,124663
SXPUSDT,15m,2020-11,True,SXPUSDT/15m/SXPUSDT-15m-2020-11.zip,123666
SXPUSDT,15m,2020-12,True,SXPUSDT/15m/SXPUSDT-15m-2020-12.zip,123574
SXPUSDT,15m,2021-01,True,SXPUSDT/15m/SXPUSDT-15m-2021-01.zip,130274
SXPUSDT,15m,2021-02,True,SXPUSDT/15m/SXPUSDT-15m-2021-02.zip,121846
SXPUSDT,15m,2021-03,True,SXPUSDT/15m/SXPUSDT-15m-2021-03.zip,133991
SXPUSDT,15m,2021-04,True,SXPUSDT/15m/SXPUSDT-15m-2021-04.zip,131961
SXPUSDT,15m,2021-05,True,SXPUSDT/15m/SXPUSDT-15m-2021-05.zip,135280
SXPUSDT,15m,2021-06,True,SXPUSDT/15m/SXPUSDT-15m-2021-06.zip,127860
SXPUSDT,15m,2021-07,True,SXPUSDT/15m/SXPUSDT-15m-2021-07.zip,129018
SXPUSDT,15m,2021-08,True,SXPUSDT/15m/SXPUSDT-15m-2021-08.zip,131740
SXPUSDT,15m,2021-09,True,SXPUSDT/15m/SXPUSDT-15m-2021-09.zip,127040
SXPUSDT,15m,2021-12,False,SXPUSDT/15m/SXPUSDT-15m-2021-12.zip,127777
SXPUSDT,15m,2022-01,False,SXPUSDT/15m/SXPUSDT-15m-2022-01.zip,130072
SXPUSDT,15m,2022-02,True,SXPUSDT/15m/SXPUSDT-15m-2022-02.zip,114955
SXPUSDT,15m,2022-03,True,SXPUSDT/15m/SXPUSDT-15m-2022-03.zip,126974
SXPUSDT,15m,2023-02,False,SXPUSDT/15m/SXPUSDT-15m-2023-02.zip,110202
SXPUSDT,15m,2023-03,False,SXPUSDT/15m/SXPUSDT-15m-2023-03.zip,122215
SXPUSDT,15m,2023-04,True,SXPUSDT/15m/SXPUSDT-15m-2023-04.zip,128174
SXPUSDT,15m,2023-05,True,SXPUSDT/15m/SXPUSDT-15m-2023-05.zip,123776
THETAUSDT,15m,2020-06,False,THETAUSDT/15m/THETAUSDT-15m-2020-06.zip,112615
THETAUSDT,15m,2020-07,True,THETAUSDT/15m/THETAUSDT-15m-2020-07.zip,114710
THETAUSDT,15m,2020-08,True,THETAUSDT/15m/THETAUSDT-15m-2020-08.zip,123062
THETAUSDT,15m,2020-09,True,THETAUSDT/15m/THETAUSDT-15m-2020-09.zip,120407
THETAUSDT,15m,2020-10,True,THETAUSDT/15m/THETAUSDT-15m-2020-10.zip,123687
THETAUSDT,15m,2020-11,True,THETAUSDT/15m/THETAUSDT-15m-2020-11.zip,118185
THETAUSDT,15m,2020-12,True,THETAUSDT/15m/THETAUSDT-15m-2020-12.zip,126843
THETAUSDT,15m,2021-01,True,THETAUSDT/15m/THETAUSDT-15m-2021-01.zip,128586
THETAUSDT,15m,2021-02,True,THETAUSDT/15m/THETAUSDT-15m-2021-02.zip,116352
THETAUSDT,15m,2021-03,False,THETAUSDT/15m/THETAUSDT-15m-2021-03.zip,135363
THETAUSDT,15m,2021-04,True,THETAUSDT/15m/THETAUSDT-15m-2021-04.zip,131948
THETAUSDT,15m,2021-05,True,THETAUSDT/15m/THETAUSDT-15m-2021-05.zip,132219
THETAUSDT,15m,2021-06,True,THETAUSDT/15m/THETAUSDT-15m-2021-06.zip,124869
THETAUSDT,15m,2021-07,True,THETAUSDT/15m/THETAUSDT-15m-2021-07.zip,125504
THETAUSDT,15m,2021-08,True,THETAUSDT/15m/THETAUSDT-15m-2021-08.zip,125977
THETAUSDT,15m,2021-09,True,THETAUSDT/15m/THETAUSDT-15m-2021-09.zip,121473
THETAUSDT,15m,2021-10,True,THETAUSDT/15m/THETAUSDT-15m-2021-10.zip,124667
THETAUSDT,15m,2021-11,True,THETAUSDT/15m/THETAUSDT-15m-2021-11.zip,120221
THETAUSDT,15m,2021-12,True,THETAUSDT/15m/THETAUSDT-15m-2021-12.zip,123106
THETAUSDT,15m,2022-01,True,THETAUSDT/15m/THETAUSDT-15m-2022-01.zip,123508
THETAUSDT,15m,2022-02,True,THETAUSDT/15m/THETAUSDT-15m-2022-02.zip,112388
THETAUSDT,15m,2022-03,True,THETAUSDT/15m/THETAUSDT-15m-2022-03.zip,121836
THETAUSDT,15m,2022-04,True,THETAUSDT/15m/THETAUSDT-15m-2022-04.zip,118123
THETAUSDT,15m,2022-05,True,THETAUSDT/15m/THETAUSDT-15m-2022-05.zip,121501
THETAUSDT,15m,2022-06,True,THETAUSDT/15m/THETAUSDT-15m-2022-06.zip,117169
THETAUSDT,15m,2022-07,True,THETAUSDT/15m/THETAUSDT-15m-2022-07.zip,117428
THETAUSDT,15m,2022-08,True,THETAUSDT/15m/THETAUSDT-15m-2022-08.zip,118999
THETAUSDT,15m,2022-09,True,THETAUSDT/15m/THETAUSDT-15m-2022-09.zip,111315
THETAUSDT,15m,2022-10,True,THETAUSDT/15m/THETAUSDT-15m-2022-10.zip,112660
TIAUSDT,15m,2023-11,False,TIAUSDT/15m/TIAUSDT-15m-2023-11.zip,129637
TIAUSDT,15m,2023-12,True,TIAUSDT/15m/TIAUSDT-15m-2023-12.zip,136434
TIAUSDT,15m,2024-01,True,TIAUSDT/15m/TIAUSDT-15m-2024-01.zip,135837
TIAUSDT,15m,2024-02,True,TIAUSDT/15m/TIAUSDT-15m-2024-02.zip,124085
TLMUSDT,15m,2021-08,False,TLMUSDT/15m/TLMUSDT-15m-2021-08.zip,123177
TLMUSDT,15m,2021-09,True,TLMUSDT/15m/TLMUSDT-15m-2021-09.zip,115770
TLMUSDT,15m,2021-10,False,TLMUSDT/15m/TLMUSDT-15m-2021-10.zip,118289
TLMUSDT,15m,2021-11,True,TLMUSDT/15m/TLMUSDT-15m-2021-11.zip,120366
TLMUSDT,15m,2021-12,True,TLMUSDT/15m/TLMUSDT-15m-2021-12.zip,120344
TLMUSDT,15m,2022-01,True,TLMUSDT/15m/TLMUSDT-15m-2022-01.zip,116803
TLMUSDT,15m,2022-02,False,TLMUSDT/15m/TLMUSDT-15m-2022-02.zip,105754
TLMUSDT,15m,2022-03,True,TLMUSDT/15m/TLMUSDT-15m-2022-03.zip,114063
TLMUSDT,15m,2022-04,False,TLMUSDT/15m/TLMUSDT-15m-2022-04.zip,110230
TLMUSDT,15m,2022-05,True,TLMUSDT/15m/TLMUSDT-15m-2022-05.zip,113964
TOMOUSDT,15m,2023-03,False,TOMOUSDT/15m/TOMOUSDT-15m-2023-03.zip,115832
TOMOUSDT,15m,2023-04,False,TOMOUSDT/15m/TOMOUSDT-15m-2023-04.zip,114719
TOMOUSDT,15m,2023-05,True,TOMOUSDT/15m/TOMOUSDT-15m-2023-05.zip,124205
TOMOUSDT,15m,2023-06,True,TOMOUSDT/15m/TOMOUSDT-15m-2023-06.zip,122244
TOMOUSDT,15m,2023-07,True,TOMOUSDT/15m/TOMOUSDT-15m-2023-07.zip,122761
TOMOUSDT,15m,2023-08,True,TOMOUSDT/15m/TOMOUSDT-15m-2023-08.zip,124216
TOMOUSDT,15m,2023-09,True,TOMOUSDT/15m/TOMOUSDT-15m-2023-09.zip,114811
TOMOUSDT,15m,2023-10,True,TOMOUSDT/15m/TOMOUSDT-15m-2023-10.zip,118908
TRBUSDT,15m,2020-10,False,TRBUSDT/15m/TRBUSDT-15m-2020-10.zip,118391
TRBUSDT,15m,2020-11,True,TRBUSDT/15m/TRBUSDT-15m-2020-11.zip,116014
TRBUSDT,15m,2020-12,True,TRBUSDT/15m/TRBUSDT-15m-2020-12.zip,116239
TRBUSDT,15m,2021-01,True,TRBUSDT/15m/TRBUSDT-15m-2021-01.zip,119925
TRBUSDT,15m,2022-06,False,TRBUSDT/15m/TRBUSDT-15m-2022-06.zip,107522
TRBUSDT,15m,2022-07,False,TRBUSDT/15m/TRBUSDT-15m-2022-07.zip,114309
TRBUSDT,15m,2022-08,True,TRBUSDT/15m/TRBUSDT-15m-2022-08.zip,119026
TRBUSDT,15m,2022-09,True,TRBUSDT/15m/TRBUSDT-15m-2022-09.zip,110020
TRBUSDT,15m,2022-10,True,TRBUSDT/15m/TRBUSDT-15m-2022-10.zip,106269
TRBUSDT,15m,2023-07,False,TRBUSDT/15m/TRBUSDT-15m-2023-07.zip,102751
TRBUSDT,15m,2023-08,False,TRBUSDT/15m/TRBUSDT-15m-2023-08.zip,106650
TRBUSDT,15m,2023-09,True,TRBUSDT/15m/TRBUSDT-15m-2023-09.zip,127662
TRBUSDT,15m,2023-10,True,TRBUSDT/15m/TRBUSDT-15m-2023-10.zip,131127
TRBUSDT,15m,2023-11,True,TRBUSDT/15m/TRBUSDT-15m-2023-11.zip,124832
TRBUSDT,15m,2023-12,True,TRBUSDT/15m/TRBUSDT-15m-2023-12.zip,130878
TRBUSDT,15m,2024-01,True,TRBUSDT/15m/TRBUSDT-15m-2024-01.zip,131527
TRBUSDT,15m,2024-02,True,TRBUSDT/15m/TRBUSDT-15m-2024-02.zip,117297
TRXUSDT,15m,2020-03,True,TRXUSDT/15m/TRXUSDT-15m-2020-03.zip,115572
TRXUSDT,15m,2020-04,True,TRXUSDT/15m/TRXUSDT-15m-2020-04.zip,108425
TRXUSDT,15m,2020-05,True,TRXUSDT/15m/TRXUSDT-15m-2020-05.zip,113917
TRXUSDT,15m,2020-06,True,TRXUSDT/15m/TRXUSDT-15m-2020-06.zip,109535
TRXUSDT,15m,2020-07,True,TRXUSDT/15m/TRXUSDT-15m-2020-07.zip,114857
TRXUSDT,15m,2020-08,True,TRXUSDT/15m/TRXUSDT-15m-2020-08.zip,121773
TRXUSDT,15m,2020-09,True,TRXUSDT/15m/TRXUSDT-15m-2020-09.zip,121926
TRXUSDT,15m,2020-10,True,TRXUSDT/15m/TRXUSDT-15m-2020-10.zip,118112
TRXUSDT,15m,2020-11,True,TRXUSDT/15m/TRXUSDT-15m-2020-11.zip,117734
TRXUSDT,15m,2020-12,True,TRXUSDT/15m/TRXUSDT-15m-2020-12.zip,121321
TRXUSDT,15m,2021-01,True,TRXUSDT/15m/TRXUSDT-15m-2021-01.zip,125689
TRXUSDT,15m,2021-02,True,TRXUSDT/15m/TRXUSDT-15m-2021-02.zip,118002
TRXUSDT,15m,2021-03,True,TRXUSDT/15m/TRXUSDT-15m-2021-03.zip,128734
TRXUSDT,15m,2021-04,True,TRXUSDT/15m/TRXUSDT-15m-2021-04.zip,133458
TRXUSDT,15m,2021-05,True,TRXUSDT/15m/TRXUSDT-15m-2021-05.zip,134720
TRXUSDT,15m,2021-06,True,TRXUSDT/15m/TRXUSDT-15m-2021-06.zip,124887
TRXUSDT,15m,2021-07,True,TRXUSDT/15m/TRXUSDT-15m-2021-07.zip,125351
TRXUSDT,15m,2021-08,True,TRXUSDT/15m/TRXUSDT-15m-2021-08.zip,128984
TRXUSDT,15m,2021-09,True,TRXUSDT/15m/TRXUSDT-15m-2021-09.zip,127620
TRXUSDT,15m,2021-10,True,TRXUSDT/15m/TRXUSDT-15m-2021-10.zip,128525
TRXUSDT,15m,2021-11,True,TRXUSDT/15m/TRXUSDT-15m-2021-11.zip,125179
TRXUSDT,15m,2021-12,True,TRXUSDT/15m/TRXUSDT-15m-2021-12.zip,126572
TRXUSDT,15m,2022-02,False,TRXUSDT/15m/TRXUSDT-15m-2022-02.zip,101437
TRXUSDT,15m,2022-03,False,TRXUSDT/15m/TRXUSDT-15m-2022-03.zip,123771
TRXUSDT,15m,2022-04,True,TRXUSDT/15m/TRXUSDT-15m-2022-04.zip,113372
TRXUSDT,15m,2022-05,False,TRXUSDT/15m/TRXUSDT-15m-2022-05.zip,134157
TRXUSDT,15m,2022-06,True,TRXUSDT/15m/TRXUSDT-15m-2022-06.zip,126618
TRXUSDT,15m,2022-07,True,TRXUSDT/15m/TRXUSDT-15m-2022-07.zip,124417
TRXUSDT,15m,2022-08,True,TRXUSDT/15m/TRXUSDT-15m-2022-08.zip,122534
TRXUSDT,15m,2022-09,True,TRXUSDT/15m/TRXUSDT-15m-2022-09.zip,116849
TRXUSDT,15m,2022-10,False,TRXUSDT/15m/TRXUSDT-15m-2022-10.zip,121290
TRXUSDT,15m,2022-11,True,TRXUSDT/15m/TRXUSDT-15m-2022-11.zip,120685
TRXUSDT,15m,2022-12,True,TRXUSDT/15m/TRXUSDT-15m-2022-12.zip,120481
TRXUSDT,15m,2023-01,True,TRXUSDT/15m/TRXUSDT-15m-2023-01.zip,123258
TRXUSDT,15m,2023-02,True,TRXUSDT/15m/TRXUSDT-15m-2023-02.zip,111541
TRXUSDT,15m,2023-03,False,TRXUSDT/15m/TRXUSDT-15m-2023-03.zip,123720
TRXUSDT,15m,2023-04,True,TRXUSDT/15m/TRXUSDT-15m-2023-04.zip,117205
TRXUSDT,15m,2023-05,False,TRXUSDT/15m/TRXUSDT-15m-2023-05.zip,122294
TRXUSDT,15m,2023-06,True,TRXUSDT/15m/TRXUSDT-15m-2023-06.zip,120072
TRXUSDT,15m,2023-07,True,TRXUSDT/15m/TRXUSDT-15m-2023-07.zip,122701
UMAUSDT,15m,2023-12,False,UMAUSDT/15m/UMAUSDT-15m-2023-12.zip,107000
UMAUSDT,15m,2024-01,False,UMAUSDT/15m/UMAUSDT-15m-2024-01.zip,114295
UMAUSDT,15m,2024-02,True,UMAUSDT/15m/UMAUSDT-15m-2024-02.zip,107490
UNFIUSDT,15m,2021-06,False,UNFIUSDT/15m/UNFIUSDT-15m-2021-06.zip,113010
UNFIUSDT,15m,2021-07,False,UNFIUSDT/15m/UNFIUSDT-15m-2021-07.zip,119397
UNFIUSDT,15m,2021-08,True,UNFIUSDT/15m/UNFIUSDT-15m-2021-08.zip,121345
UNFIUSDT,15m,2022-05,False,UNFIUSDT/15m/UNFIUSDT-15m-2022-05.zip,117138
UNFIUSDT,15m,2022-06,False,UNFIUSDT/15m/UNFIUSDT-15m-2022-06.zip,121037
UNFIUSDT,15m,2022-07,True,UNFIUSDT/15m/UNFIUSDT-15m-2022-07.zip,124366
UNFIUSDT,15m,2022-08,True,UNFIUSDT/15m/UNFIUSDT-15m-2022-08.zip,124795
UNFIUSDT,15m,2022-09,True,UNFIUSDT/15m/UNFIUSDT-15m-2022-09.zip,115840
UNFIUSDT,15m,2022-10,True,UNFIUSDT/15m/UNFIUSDT-15m-2022-10.zip,115467
UNFIUSDT,15m,2023-07,False,UNFIUSDT/15m/UNFIUSDT-15m-2023-07.zip,110996
UNFIUSDT,15m,2023-08,False,UNFIUSDT/15m/UNFIUSDT-15m-2023-08.zip,120491
UNFIUSDT,15m,2023-09,True,UNFIUSDT/15m/UNFIUSDT-15m-2023-09.zip,117367
UNFIUSDT,15m,2023-10,True,UNFIUSDT/15m/UNFIUSDT-15m-2023-10.zip,117609
UNIUSDT,15m,2020-10,False,UNIUSDT/15m/UNIUSDT-15m-2020-10.zip,121314
UNIUSDT,15m,2020-11,True,UNIUSDT/15m/UNIUSDT-15m-2020-11.zip,119762
UNIUSDT,15m,2020-12,True,UNIUSDT/15m/UNIUSDT-15m-2020-12.zip,121135
UNIUSDT,15m,2021-01,True,UNIUSDT/15m/UNIUSDT-15m-2021-01.zip,126556
UNIUSDT,15m,2021-02,True,UNIUSDT/15m/UNIUSDT-15m-2021-02.zip,117608
UNIUSDT,15m,2021-03,True,UNIUSDT/15m/UNIUSDT-15m-2021-03.zip,128843
UNIUSDT,15m,2021-04,True,UNIUSDT/15m/UNIUSDT-15m-2021-04.zip,125172
UNIUSDT,15m,2021-05,True,UNIUSDT/15m/UNIUSDT-15m-2021-05.zip,127584
UNIUSDT,15m,2021-06,True,UNIUSDT/15m/UNIUSDT-15m-2021-06.zip,116783
UNIUSDT,15m,2021-07,True,UNIUSDT/15m/UNIUSDT-15m-2021-07.zip,119763
UNIUSDT,15m,2021-08,True,UNIUSDT/15m/UNIUSDT-15m-2021-08.zip,121377
UNIUSDT,15m,2021-09,True,UNIUSDT/15m/UNIUSDT-15m-2021-09.zip,117790
UNIUSDT,15m,2021-10,True,UNIUSDT/15m/UNIUSDT-15m-2021-10.zip,119009
UNIUSDT,15m,2021-11,True,UNIUSDT/15m/UNIUSDT-15m-2021-11.zip,113586
UNIUSDT,15m,2021-12,False,UNIUSDT/15m/UNIUSDT-15m-2021-12.zip,117189
UNIUSDT,15m,2022-01,True,UNIUSDT/15m/UNIUSDT-15m-2022-01.zip,116860
UNIUSDT,15m,2022-02,True,UNIUSDT/15m/UNIUSDT-15m-2022-02.zip,104328
UNIUSDT,15m,2022-03,True,UNIUSDT/15m/UNIUSDT-15m-2022-03.zip,113844
UNIUSDT,15m,2022-04,False,UNIUSDT/15m/UNIUSDT-15m-2022-04.zip,109062
UNIUSDT,15m,2022-05,True,UNIUSDT/15m/UNIUSDT-15m-2022-05.zip,114267
UNIUSDT,15m,2022-06,False,UNIUSDT/15m/UNIUSDT-15m-2022-06.zip,110195
UNIUSDT,15m,2022-07,False,UNIUSDT/15m/UNIUSDT-15m-2022-07.zip,115339
UNIUSDT,15m,2022-08,True,UNIUSDT/15m/UNIUSDT-15m-2022-08.zip,113758
UNIUSDT,15m,2022-09,True,UNIUSDT/15m/UNIUSDT-15m-2022-09.zip,108296
UNIUSDT,15m,2022-10,True,UNIUSDT/15m/UNIUSDT-15m-2022-10.zip,112691
UNIUSDT,15m,2022-11,True,UNIUSDT/15m/UNIUSDT-15m-2022-11.zip,109733
UNIUSDT,15m,2022-12,True,UNIUSDT/15m/UNIUSDT-15m-2022-12.zip,107945
UNIUSDT,15m,2023-07,False,UNIUSDT/15m/UNIUSDT-15m-2023-07.zip,111704
UNIUSDT,15m,2023-08,False,UNIUSDT/15m/UNIUSDT-15m-2023-08.zip,109957
UNIUSDT,15m,2023-09,True,UNIUSDT/15m/UNIUSDT-15m-2023-09.zip,102610
UNIUSDT,15m,2023-10,False,UNIUSDT/15m/UNIUSDT-15m-2023-10.zip,107647
UNIUSDT,15m,2023-11,False,UNIUSDT/15m/UNIUSDT-15m-2023-11.zip,110813
UNIUSDT,15m,2023-12,True,UNIUSDT/15m/UNIUSDT-15m-2023-12.zip,114116
UNIUSDT,15m,2024-01,True,UNIUSDT/15m/UNIUSDT-15m-2024-01.zip,111376
UNIUSDT,15m,2024-02,False,UNIUSDT/15m/UNIUSDT-15m-2024-02.zip,106087
USTCUSDT,15m,2023-12,False,USTCUSDT/15m/USTCUSDT-15m-2023-12.zip,133276
USTCUSDT,15m,2024-01,True,USTCUSDT/15m/USTCUSDT-15m-2024-01.zip,127811
VETUSDT,15m,2020-03,False,VETUSDT/15m/VETUSDT-15m-2020-03.zip,120405
VETUSDT,15m,2020-04,True,VETUSDT/15m/VETUSDT-15m-2020-04.zip,116624
VETUSDT,15m,2020-05,True,VETUSDT/15m/VETUSDT-15m-2020-05.zip,125001
VETUSDT,15m,2020-06,True,VETUSDT/15m/VETUSDT-15m-2020-06.zip,127269
VETUSDT,15m,2020-07,True,VETUSDT/15m/VETUSDT-15m-2020-07.zip,134909
VETUSDT,15m,2020-08,True,VETUSDT/15m/VETUSDT-15m-2020-08.zip,132400
VETUSDT,15m,2020-09,True,VETUSDT/15m/VETUSDT-15m-2020-09.zip,126802
VETUSDT,15m,2020-10,True,VETUSDT/15m/VETUSDT-15m-2020-10.zip,127917
VETUSDT,15m,2020-11,True,VETUSDT/15m/VETUSDT-15m-2020-11.zip,127186
VETUSDT,15m,2020-12,True,VETUSDT/15m/VETUSDT-15m-2020-12.zip,132678
VETUSDT,15m,2021-01,True,VETUSDT/15m/VETUSDT-15m-2021-01.zip,137098
VETUSDT,15m,2021-02,True,VETUSDT/15m/VETUSDT-15m-2021-02.zip,126104
VETUSDT,15m,2021-03,True,VETUSDT/15m/VETUSDT-15m-2021-03.zip,140786
VETUSDT,15m,2021-04,True,VETUSDT/15m/VETUSDT-15m-2021-04.zip,140859
VETUSDT,15m,2021-05,True,VETUSDT/15m/VETUSDT-15m-2021-05.zip,142032
VETUSDT,15m,2021-06,True,VETUSDT/15m/VETUSDT-15m-2021-06.zip,130531
VETUSDT,15m,2021-07,True,VETUSDT/15m/VETUSDT-15m-2021-07.zip,130389
VETUSDT,15m,2021-08,True,VETUSDT/15m/VETUSDT-15m-2021-08.zip,133567
VETUSDT,15m,2021-09,True,VETUSDT/15m/VETUSDT-15m-2021-09.zip,128619
VETUSDT,15m,2021-10,True,VETUSDT/15m/VETUSDT-15m-2021-10.zip,133050
VETUSDT,15m,2021-11,True,VETUSDT/15m/VETUSDT-15m-2021-11.zip,130430
VETUSDT,15m,2021-12,True,VETUSDT/15m/VETUSDT-15m-2021-12.zip,132155
VETUSDT,15m,2022-01,True,VETUSDT/15m/VETUSDT-15m-2022-01.zip,131016
VETUSDT,15m,2022-02,True,VETUSDT/15m/VETUSDT-15m-2022-02.zip,105067
VETUSDT,15m,2022-03,False,VETUSDT/15m/VETUSDT-15m-2022-03.zip,130129
VETUSDT,15m,2022-04,True,VETUSDT/15m/VETUSDT-15m-2022-04.zip,117644
VETUSDT,15m,2022-05,False,VETUSDT/15m/VETUSDT-15m-2022-05.zip,129689
VETUSDT,15m,2022-06,True,VETUSDT/15m/VETUSDT-15m-2022-06.zip,123309
WAVESUSDT,15m,2020-09,False,WAVESUSDT/15m/WAVESUSDT-15m-2020-09.zip,120458
WAVESUSDT,15m,2020-10,True,WAVESUSDT/15m/WAVESUSDT-15m-2020-10.zip,123805
WAVESUSDT,15m,2020-11,True,WAVESUSDT/15m/WAVESUSDT-15m-2020-11.zip,123706
WAVESUSDT,15m,2020-12,True,WAVESUSDT/15m/WAVESUSDT-15m-2020-12.zip,127791
WAVESUSDT,15m,2021-01,True,WAVESUSDT/15m/WAVESUSDT-15m-2021-01.zip,128344
WAVESUSDT,15m,2021-02,True,WAVESUSDT/15m/WAVESUSDT-15m-2021-02.zip,117367
WAVESUSDT,15m,2021-04,False,WAVESUSDT/15m/WAVESUSDT-15m-2021-04.zip,128627
WAVESUSDT,15m,2021-05,False,WAVESUSDT/15m/WAVESUSDT-15m-2021-05.zip,131827
WAVESUSDT,15m,2021-06,True,WAVESUSDT/15m/WAVESUSDT-15m-2021-06.zip,121654
WAVESUSDT,15m,2021-07,True,WAVESUSDT/15m/WAVESUSDT-15m-2021-07.zip,121854
WAVESUSDT,15m,2022-02,False,WAVESUSDT/15m/WAVESUSDT-15m-2022-02.zip,99988
WAVESUSDT,15m,2022-03,False,WAVESUSDT/15m/WAVESUSDT-15m-2022-03.zip,133719
WAVESUSDT,15m,2022-04,True,WAVESUSDT/15m/WAVESUSDT-15m-2022-04.zip,119631
WAVESUSDT,15m,2022-05,False,WAVESUSDT/15m/WAVESUSDT-15m-2022-05.zip,130015
WAVESUSDT,15m,2022-06,True,WAVESUSDT/15m/WAVESUSDT-15m-2022-06.zip,126797
WAVESUSDT,15m,2022-07,True,WAVESUSDT/15m/WAVESUSDT-15m-2022-07.zip,124565
WAVESUSDT,15m,2022-08,True,WAVESUSDT/15m/WAVESUSDT-15m-2022-08.zip,123083
WAVESUSDT,15m,2022-09,True,WAVESUSDT/15m/WAVESUSDT-15m-2022-09.zip,115463
WAVESUSDT,15m,2022-10,True,WAVESUSDT/15m/WAVESUSDT-15m-2022-10.zip,116821
WAVESUSDT,15m,2022-11,True,WAVESUSDT/15m/WAVESUSDT-15m-2022-11.zip,115273
WAVESUSDT,15m,2022-12,True,WAVESUSDT/15m/WAVESUSDT-15m-2022-12.zip,123860
WAVESUSDT,15m,2023-01,True,WAVESUSDT/15m/WAVESUSDT-15m-2023-01.zip,129155
WAVESUSDT,15m,2023-02,True,WAVESUSDT/15m/WAVESUSDT-15m-2023-02.zip,116605
WAVESUSDT,15m,2023-05,False,WAVESUSDT/15m/WAVESUSDT-15m-2023-05.zip,124848
WAVESUSDT,15m,2023-06,False,WAVESUSDT/15m/WAVESUSDT-15m-2023-06.zip,123099
WAVESUSDT,15m,2023-07,True,WAVESUSDT/15m/WAVESUSDT-15m-2023-07.zip,130244
WAVESUSDT,15m,2023-08,True,WAVESUSDT/15m/WAVESUSDT-15m-2023-08.zip,123990
WIFUSDT,15m,2024-02,False,WIFUSDT/15m/WIFUSDT-15m-2024-02.zip,130091
WLDUSDT,15m,2023-08,False,WLDUSDT/15m/WLDUSDT-15m-2023-08.zip,128466
WLDUSDT,15m,2023-09,True,WLDUSDT/15m/WLDUSDT-15m-2023-09.zip,128317
WLDUSDT,15m,2023-10,True,WLDUSDT/15m/WLDUSDT-15m-2023-10.zip,129832
WLDUSDT,15m,2023-11,True,WLDUSDT/15m/WLDUSDT-15m-2023-11.zip,126722
WLDUSDT,15m,2023-12,True,WLDUSDT/15m/WLDUSDT-15m-2023-12.zip,130777
WLDUSDT,15m,2024-01,True,WLDUSDT/15m/WLDUSDT-15m-2024-01.zip,127844
WLDUSDT,15m,2024-02,False,WLDUSDT/15m/WLDUSDT-15m-2024-02.zip,124496
WOOUSDT,15m,2023-03,False,WOOUSDT/15m/WOOUSDT-15m-2023-03.zip,124640
WOOUSDT,15m,2023-04,False,WOOUSDT/15m/WOOUSDT-15m-2023-04.zip,124367
WOOUSDT,15m,2023-05,True,WOOUSDT/15m/WOOUSDT-15m-2023-05.zip,127125
XAIUSDT,15m,2024-02,False,XAIUSDT/15m/XAIUSDT-15m-2024-02.zip,121674
XEMUSDT,15m,2021-06,False,XEMUSDT/15m/XEMUSDT-15m-2021-06.zip,107548
XEMUSDT,15m,2021-07,False,XEMUSDT/15m/XEMUSDT-15m-2021-07.zip,112676
XEMUSDT,15m,2021-08,True,XEMUSDT/15m/XEMUSDT-15m-2021-08.zip,113442
XLMUSDT,15m,2020-03,True,XLMUSDT/15m/XLMUSDT-15m-2020-03.zip,115547
XLMUSDT,15m,2020-04,True,XLMUSDT/15m/XLMUSDT-15m-2020-04.zip,112696
XLMUSDT,15m,2020-05,True,XLMUSDT/15m/XLMUSDT-15m-2020-05.zip,118420
XLMUSDT,15m,2020-06,True,XLMUSDT/15m/XLMUSDT-15m-2020-06.zip,113877
XLMUSDT,15m,2020-07,True,XLMUSDT/15m/XLMUSDT-15m-2020-07.zip,124132
XLMUSDT,15m,2020-08,True,XLMUSDT/15m/XLMUSDT-15m-2020-08.zip,122631
XLMUSDT,15m,2020-09,True,XLMUSDT/15m/XLMUSDT-15m-2020-09.zip,115550
XLMUSDT,15m,2020-10,True,XLMUSDT/15m/XLMUSDT-15m-2020-10.zip,118275
XLMUSDT,15m,2020-11,True,XLMUSDT/15m/XLMUSDT-15m-2020-11.zip,120792
XLMUSDT,15m,2020-12,True,XLMUSDT/15m/XLMUSDT-15m-2020-12.zip,129844
XLMUSDT,15m,2021-01,True,XLMUSDT/15m/XLMUSDT-15m-2021-01.zip,133707
XLMUSDT,15m,2021-02,True,XLMUSDT/15m/XLMUSDT-15m-2021-02.zip,122458
XLMUSDT,15m,2021-03,True,XLMUSDT/15m/XLMUSDT-15m-2021-03.zip,130325
XLMUSDT,15m,2021-04,True,XLMUSDT/15m/XLMUSDT-15m-2021-04.zip,131586
XLMUSDT,15m,2021-05,True,XLMUSDT/15m/XLMUSDT-15m-2021-05.zip,137236
XLMUSDT,15m,2021-06,True,XLMUSDT/15m/XLMUSDT-15m-2021-06.zip,127627
XLMUSDT,15m,2021-07,True,XLMUSDT/15m/XLMUSDT-15m-2021-07.zip,129531
XLMUSDT,15m,2021-08,True,XLMUSDT/15m/XLMUSDT-15m-2021-08.zip,131715
XLMUSDT,15m,2021-09,True,XLMUSDT/15m/XLMUSDT-15m-2021-09.zip,126431
XLMUSDT,15m,2021-10,True,XLMUSDT/15m/XLMUSDT-15m-2021-10.zip,131769
XLMUSDT,15m,2021-11,True,XLMUSDT/15m/XLMUSDT-15m-2021-11.zip,126508
XLMUSDT,15m,2021-12,False,XLMUSDT/15m/XLMUSDT-15m-2021-12.zip,130405
XLMUSDT,15m,2022-01,True,XLMUSDT/15m/XLMUSDT-15m-2022-01.zip,129089
XLMUSDT,15m,2022-02,True,XLMUSDT/15m/XLMUSDT-15m-2022-02.zip,103713
XLMUSDT,15m,2022-08,False,XLMUSDT/15m/XLMUSDT-15m-2022-08.zip,123055
XLMUSDT,15m,2022-09,False,XLMUSDT/15m/XLMUSDT-15m-2022-09.zip,120998
XLMUSDT,15m,2022-10,True,XLMUSDT/15m/XLMUSDT-15m-2022-10.zip,124291
XLMUSDT,15m,2022-11,True,XLMUSDT/15m/XLMUSDT-15m-2022-11.zip,119433
XLMUSDT,15m,2023-06,False,XLMUSDT/15m/XLMUSDT-15m-2023-06.zip,118192
XLMUSDT,15m,2023-07,False,XLMUSDT/15m/XLMUSDT-15m-2023-07.zip,129880
XLMUSDT,15m,2023-08,True,XLMUSDT/15m/XLMUSDT-15m-2023-08.zip,126657
XLMUSDT,15m,2023-09,True,XLMUSDT/15m/XLMUSDT-15m-2023-09.zip,120495
XLMUSDT,15m,2023-10,True,XLMUSDT/15m/XLMUSDT-15m-2023-10.zip,121788
XMRUSDT,15m,2020-03,False,XMRUSDT/15m/XMRUSDT-15m-2020-03.zip,117816
XMRUSDT,15m,2020-04,True,XMRUSDT/15m/XMRUSDT-15m-2020-04.zip,111414
XMRUSDT,15m,2020-05,True,XMRUSDT/15m/XMRUSDT-15m-2020-05.zip,115077
XMRUSDT,15m,2020-06,True,XMRUSDT/15m/XMRUSDT-15m-2020-06.zip,108322
XMRUSDT,15m,2020-07,True,XMRUSDT/15m/XMRUSDT-15m-2020-07.zip,115968
XMRUSDT,15m,2020-08,True,XMRUSDT/15m/XMRUSDT-15m-2020-08.zip,119434
XMRUSDT,15m,2020-09,True,XMRUSDT/15m/XMRUSDT-15m-2020-09.zip,115636
XMRUSDT,15m,2020-10,True,XMRUSDT/15m/XMRUSDT-15m-2020-10.zip,124704
XMRUSDT,15m,2020-11,True,XMRUSDT/15m/XMRUSDT-15m-2020-11.zip,119591
XMRUSDT,15m,2020-12,True,XMRUSDT/15m/XMRUSDT-15m-2020-12.zip,123875
XMRUSDT,15m,2021-01,True,XMRUSDT/15m/XMRUSDT-15m-2021-01.zip,127547
XMRUSDT,15m,2021-02,True,XMRUSDT/15m/XMRUSDT-15m-2021-02.zip,116721
XMRUSDT,15m,2021-03,True,XMRUSDT/15m/XMRUSDT-15m-2021-03.zip,125822
XMRUSDT,15m,2021-04,False,XMRUSDT/15m/XMRUSDT-15m-2021-04.zip,126891
XMRUSDT,15m,2021-05,True,XMRUSDT/15m/XMRUSDT-15m-2021-05.zip,133086
XMRUSDT,15m,2021-06,True,XMRUSDT/15m/XMRUSDT-15m-2021-06.zip,125528
XMRUSDT,15m,2021-07,True,XMRUSDT/15m/XMRUSDT-15m-2021-07.zip,126718
XMRUSDT,15m,2022-01,False,XMRUSDT/15m/XMRUSDT-15m-2022-01.zip,128741
XMRUSDT,15m,2022-02,False,XMRUSDT/15m/XMRUSDT-15m-2022-02.zip,114322
XMRUSDT,15m,2022-03,True,XMRUSDT/15m/XMRUSDT-15m-2022-03.zip,128310
XMRUSDT,15m,2022-04,False,XMRUSDT/15m/XMRUSDT-15m-2022-04.zip,126826
XMRUSDT,15m,2022-05,True,XMRUSDT/15m/XMRUSDT-15m-2022-05.zip,132309
XMRUSDT,15m,2022-06,True,XMRUSDT/15m/XMRUSDT-15m-2022-06.zip,125027
XMRUSDT,15m,2022-11,False,XMRUSDT/15m/XMRUSDT-15m-2022-11.zip,120903
XMRUSDT,15m,2022-12,False,XMRUSDT/15m/XMRUSDT-15m-2022-12.zip,123349
XMRUSDT,15m,2023-01,True,XMRUSDT/15m/XMRUSDT-15m-2023-01.zip,125672
XRPUSDT,15m,2020-03,True,XRPUSDT/15m/XRPUSDT-15m-2020-03.zip,121072
XRPUSDT,15m,2020-04,True,XRPUSDT/15m/XRPUSDT-15m-2020-04.zip,114217
XRPUSDT,15m,2020-05,True,XRPUSDT/15m/XRPUSDT-15m-2020-05.zip,118814
XRPUSDT,15m,2020-06,True,XRPUSDT/15m/XRPUSDT-15m-2020-06.zip,112929
XRPUSDT,15m,2020-07,True,XRPUSDT/15m/XRPUSDT-15m-2020-07.zip,121071
XRPUSDT,15m,2020-08,True,XRPUSDT/15m/XRPUSDT-15m-2020-08.zip,126097
XRPUSDT,15m,2020-09,True,XRPUSDT/15m/XRPUSDT-15m-2020-09.zip,118304
XRPUSDT,15m,2020-10,True,XRPUSDT/15m/XRPUSDT-15m-2020-10.zip,121372
XRPUSDT,15m,2020-11,True,XRPUSDT/15m/XRPUSDT-15m-2020-11.zip,126464
XRPUSDT,15m,2020-12,True,XRPUSDT/15m/XRPUSDT-15m-2020-12.zip,137624
XRPUSDT,15m,2021-01,True,XRPUSDT/15m/XRPUSDT-15m-2021-01.zip,133407
XRPUSDT,15m,2021-02,True,XRPUSDT/15m/XRPUSDT-15m-2021-02.zip,124637
XRPUSDT,15m,2021-03,True,XRPUSDT/15m/XRPUSDT-15m-2021-03.zip,132800
XRPUSDT,15m,2021-04,True,XRPUSDT/15m/XRPUSDT-15m-2021-04.zip,139465
XRPUSDT,15m,2021-05,True,XRPUSDT/15m/XRPUSDT-15m-2021-05.zip,142954
XRPUSDT,15m,2021-06,True,XRPUSDT/15m/XRPUSDT-15m-2021-06.zip,133614
XRPUSDT,15m,2021-07,True,XRPUSDT/15m/XRPUSDT-15m-2021-07.zip,134197
XRPUSDT,15m,2021-08,True,XRPUSDT/15m/XRPUSDT-15m-2021-08.zip,139218
XRPUSDT,15m,2021-09,True,XRPUSDT/15m/XRPUSDT-15m-2021-09.zip,132658
XRPUSDT,15m,2021-10,True,XRPUSDT/15m/XRPUSDT-15m-2021-10.zip,135130
XRPUSDT,15m,2021-11,True,XRPUSDT/15m/XRPUSDT-15m-2021-11.zip,131003
XRPUSDT,15m,2021-12,True,XRPUSDT/15m/XRPUSDT-15m-2021-12.zip,134835
XRPUSDT,15m,2022-01,True,XRPUSDT/15m/XRPUSDT-15m-2022-01.zip,131946
XRPUSDT,15m,2022-02,True,XRPUSDT/15m/XRPUSDT-15m-2022-02.zip,109783
XRPUSDT,15m,2022-03,False,XRPUSDT/15m/XRPUSDT-15m-2022-03.zip,132703
XRPUSDT,15m,2022-04,True,XRPUSDT/15m/XRPUSDT-15m-2022-04.zip,119111
XRPUSDT,15m,2022-05,False,XRPUSDT/15m/XRPUSDT-15m-2022-05.zip,132236
XRPUSDT,15m,2022-06,True,XRPUSDT/15m/XRPUSDT-15m-2022-06.zip,126046
XRPUSDT,15m,2022-07,True,XRPUSDT/15m/XRPUSDT-15m-2022-07.zip,129543
XRPUSDT,15m,2022-08,True,XRPUSDT/15m/XRPUSDT-15m-2022-08.zip,127705
XRPUSDT,15m,2022-09,True,XRPUSDT/15m/XRPUSDT-15m-2022-09.zip,128965
XRPUSDT,15m,2022-10,True,XRPUSDT/15m/XRPUSDT-15m-2022-10.zip,133954
XRPUSDT,15m,2022-11,True,XRPUSDT/15m/XRPUSDT-15m-2022-11.zip,129061
XRPUSDT,15m,2022-12,True,XRPUSDT/15m/XRPUSDT-15m-2022-12.zip,127865
XRPUSDT,15m,2023-01,True,XRPUSDT/15m/XRPUSDT-15m-2023-01.zip,130714
XRPUSDT,15m,2023-02,True,XRPUSDT/15m/XRPUSDT-15m-2023-02.zip,116017
XRPUSDT,15m,2023-03,True,XRPUSDT/15m/XRPUSDT-15m-2023-03.zip,134110
XRPUSDT,15m,2023-04,True,XRPUSDT/15m/XRPUSDT-15m-2023-04.zip,126935
XRPUSDT,15m,2023-05,True,XRPUSDT/15m/XRPUSDT-15m-2023-05.zip,129513
XRPUSDT,15m,2023-06,True,XRPUSDT/15m/XRPUSDT-15m-2023-06.zip,127892
XRPUSDT,15m,2023-07,True,XRPUSDT/15m/XRPUSDT-15m-2023-07.zip,133298
XRPUSDT,15m,2023-08,True,XRPUSDT/15m/XRPUSDT-15m-2023-08.zip,131554
XRPUSDT,15m,2023-09,True,XRPUSDT/15m/XRPUSDT-15m-2023-09.zip,123795
XRPUSDT,15m,2023-10,True,XRPUSDT/15m/XRPUSDT-15m-2023-10.zip,128943
XRPUSDT,15m,2023-11,True,XRPUSDT/15m/XRPUSDT-15m-2023-11.zip,128086
XRPUSDT,15m,2023-12,True,XRPUSDT/15m/XRPUSDT-15m-2023-12.zip,130816
XRPUSDT,15m,2024-01,True,XRPUSDT/15m/XRPUSDT-15m-2024-01.zip,130176
XRPUSDT,15m,2024-02,True,XRPUSDT/15m/XRPUSDT-15m-2024-02.zip,122236
XTZUSDT,15m,2020-03,False,XTZUSDT/15m/XTZUSDT-15m-2020-03.zip,116161
XTZUSDT,15m,2020-04,True,XTZUSDT/15m/XTZUSDT-15m-2020-04.zip,110831
XTZUSDT,15m,2020-05,True,XTZUSDT/15m/XTZUSDT-15m-2020-05.zip,112878
XTZUSDT,15m,2020-06,True,XTZUSDT/15m/XTZUSDT-15m-2020-06.zip,107159
XTZUSDT,15m,2020-07,True,XTZUSDT/15m/XTZUSDT-15m-2020-07.zip,115994
XTZUSDT,15m,2020-08,True,XTZUSDT/15m/XTZUSDT-15m-2020-08.zip,119472
XTZUSDT,15m,2020-09,True,XTZUSDT/15m/XTZUSDT-15m-2020-09.zip,110451
XTZUSDT,15m,2020-10,True,XTZUSDT/15m/XTZUSDT-15m-2020-10.zip,110025
XTZUSDT,15m,2020-11,True,XTZUSDT/15m/XTZUSDT-15m-2020-11.zip,110174
XTZUSDT,15m,2020-12,True,XTZUSDT/15m/XTZUSDT-15m-2020-12.zip,111767
XTZUSDT,15m,2021-01,True,XTZUSDT/15m/XTZUSDT-15m-2021-01.zip,119023
XTZUSDT,15m,2021-02,True,XTZUSDT/15m/XTZUSDT-15m-2021-02.zip,109755
XTZUSDT,15m,2021-03,True,XTZUSDT/15m/XTZUSDT-15m-2021-03.zip,118750
XTZUSDT,15m,2021-04,True,XTZUSDT/15m/XTZUSDT-15m-2021-04.zip,118416
XTZUSDT,15m,2021-05,True,XTZUSDT/15m/XTZUSDT-15m-2021-05.zip,122925
XTZUSDT,15m,2021-06,True,XTZUSDT/15m/XTZUSDT-15m-2021-06.zip,114465
XTZUSDT,15m,2021-07,True,XTZUSDT/15m/XTZUSDT-15m-2021-07.zip,115620
XTZUSDT,15m,2021-08,False,XTZUSDT/15m/XTZUSDT-15m-2021-08.zip,120615
XTZUSDT,15m,2021-09,True,XTZUSDT/15m/XTZUSDT-15m-2021-09.zip,122453
XTZUSDT,15m,2021-10,True,XTZUSDT/15m/XTZUSDT-15m-2021-10.zip,124071
XTZUSDT,15m,2021-11,True,XTZUSDT/15m/XTZUSDT-15m-2021-11.zip,116168
XTZUSDT,15m,2021-12,False,XTZUSDT/15m/XTZUSDT-15m-2021-12.zip,122504
XTZUSDT,15m,2022-01,True,XTZUSDT/15m/XTZUSDT-15m-2022-01.zip,120647
XTZUSDT,15m,2022-02,True,XTZUSDT/15m/XTZUSDT-15m-2022-02.zip,109621
XTZUSDT,15m,2022-03,True,XTZUSDT/15m/XTZUSDT-15m-2022-03.zip,117262
XTZUSDT,15m,2022-04,False,XTZUSDT/15m/XTZUSDT-15m-2022-04.zip,113066
XTZUSDT,15m,2022-05,True,XTZUSDT/15m/XTZUSDT-15m-2022-05.zip,118370
XTZUSDT,15m,2022-06,False,XTZUSDT/15m/XTZUSDT-15m-2022-06.zip,113878
XTZUSDT,15m,2022-07,True,XTZUSDT/15m/XTZUSDT-15m-2022-07.zip,115361
YFIIUSDT,15m,2020-10,False,YFIIUSDT/15m/YFIIUSDT-15m-2020-10.zip,125176
YFIIUSDT,15m,2020-11,True,YFIIUSDT/15m/YFIIUSDT-15m-2020-11.zip,121623
YFIIUSDT,15m,2020-12,True,YFIIUSDT/15m/YFIIUSDT-15m-2020-12.zip,119356
YFIIUSDT,15m,2021-01,True,YFIIUSDT/15m/YFIIUSDT-15m-2021-01.zip,121626
YFIIUSDT,15m,2021-02,True,YFIIUSDT/15m/YFIIUSDT-15m-2021-02.zip,111850
YFIUSDT,15m,2020-09,False,YFIUSDT/15m/YFIUSDT-15m-2020-09.zip,125872
YFIUSDT,15m,2020-10,True,YFIUSDT/15m/YFIUSDT-15m-2020-10.zip,129806
YFIUSDT,15m,2020-11,True,YFIUSDT/15m/YFIUSDT-15m-2020-11.zip,128671
YFIUSDT,15m,2020-12,True,YFIUSDT/15m/YFIUSDT-15m-2020-12.zip,129519
YFIUSDT,15m,2021-01,True,YFIUSDT/15m/YFIUSDT-15m-2021-01.zip,130970
YFIUSDT,15m,2021-02,True,YFIUSDT/15m/YFIUSDT-15m-2021-02.zip,117820
YFIUSDT,15m,2021-03,True,YFIUSDT/15m/YFIUSDT-15m-2021-03.zip,126979
YFIUSDT,15m,2021-04,True,YFIUSDT/15m/YFIUSDT-15m-2021-04.zip,125667
YFIUSDT,15m,2021-05,True,YFIUSDT/15m/YFIUSDT-15m-2021-05.zip,132984
YFIUSDT,15m,2021-06,True,YFIUSDT/15m/YFIUSDT-15m-2021-06.zip,117856
YFIUSDT,15m,2021-07,True,YFIUSDT/15m/YFIUSDT-15m-2021-07.zip,117273
YFIUSDT,15m,2021-11,False,YFIUSDT/15m/YFIUSDT-15m-2021-11.zip,111354
YFIUSDT,15m,2021-12,False,YFIUSDT/15m/YFIUSDT-15m-2021-12.zip,121102
YFIUSDT,15m,2022-01,True,YFIUSDT/15m/YFIUSDT-15m-2022-01.zip,121426
YFIUSDT,15m,2022-02,True,YFIUSDT/15m/YFIUSDT-15m-2022-02.zip,93765
YFIUSDT,15m,2022-06,False,YFIUSDT/15m/YFIUSDT-15m-2022-06.zip,111815
YFIUSDT,15m,2022-07,False,YFIUSDT/15m/YFIUSDT-15m-2022-07.zip,115468
YFIUSDT,15m,2022-08,True,YFIUSDT/15m/YFIUSDT-15m-2022-08.zip,116091
YFIUSDT,15m,2022-09,True,YFIUSDT/15m/YFIUSDT-15m-2022-09.zip,110343
YFIUSDT,15m,2022-10,True,YFIUSDT/15m/YFIUSDT-15m-2022-10.zip,109372
YFIUSDT,15m,2023-02,False,YFIUSDT/15m/YFIUSDT-15m-2023-02.zip,102754
YFIUSDT,15m,2023-03,False,YFIUSDT/15m/YFIUSDT-15m-2023-03.zip,117233
YFIUSDT,15m,2023-04,True,YFIUSDT/15m/YFIUSDT-15m-2023-04.zip,107593
YFIUSDT,15m,2023-10,False,YFIUSDT/15m/YFIUSDT-15m-2023-10.zip,102991
YFIUSDT,15m,2023-11,False,YFIUSDT/15m/YFIUSDT-15m-2023-11.zip,109929
YFIUSDT,15m,2023-12,True,YFIUSDT/15m/YFIUSDT-15m-2023-12.zip,110083
YGGUSDT,15m,2024-02,False,YGGUSDT/15m/YGGUSDT-15m-2024-02.zip,111673
ZECUSDT,15m,2020-03,False,ZECUSDT/15m/ZECUSDT-15m-2020-03.zip,116237
ZECUSDT,15m,2020-04,True,ZECUSDT/15m/ZECUSDT-15m-2020-04.zip,112611
ZECUSDT,15m,2020-05,True,ZECUSDT/15m/ZECUSDT-15m-2020-05.zip,115544
ZECUSDT,15m,2020-06,True,ZECUSDT/15m/ZECUSDT-15m-2020-06.zip,111999
ZECUSDT,15m,2020-07,True,ZECUSDT/15m/ZECUSDT-15m-2020-07.zip,118266
ZECUSDT,15m,2020-08,True,ZECUSDT/15m/ZECUSDT-15m-2020-08.zip,124159
ZECUSDT,15m,2020-09,True,ZECUSDT/15m/ZECUSDT-15m-2020-09.zip,116771
ZECUSDT,15m,2020-10,True,ZECUSDT/15m/ZECUSDT-15m-2020-10.zip,120730
ZECUSDT,15m,2020-11,True,ZECUSDT/15m/ZECUSDT-15m-2020-11.zip,118847
ZECUSDT,15m,2020-12,True,ZECUSDT/15m/ZECUSDT-15m-2020-12.zip,120889
ZECUSDT,15m,2021-01,True,ZECUSDT/15m/ZECUSDT-15m-2021-01.zip,126729
ZECUSDT,15m,2021-02,True,ZECUSDT/15m/ZECUSDT-15m-2021-02.zip,116854
ZECUSDT,15m,2021-03,True,ZECUSDT/15m/ZECUSDT-15m-2021-03.zip,127315
ZECUSDT,15m,2021-04,False,ZECUSDT/15m/ZECUSDT-15m-2021-04.zip,127543
ZECUSDT,15m,2021-05,True,ZECUSDT/15m/ZECUSDT-15m-2021-05.zip,134114
ZECUSDT,15m,2021-06,True,ZECUSDT/15m/ZECUSDT-15m-2021-06.zip,124654
ZECUSDT,15m,2021-07,True,ZECUSDT/15m/ZECUSDT-15m-2021-07.zip,125091
ZECUSDT,15m,2021-10,False,ZECUSDT/15m/ZECUSDT-15m-2021-10.zip,128818
ZECUSDT,15m,2021-11,False,ZECUSDT/15m/ZECUSDT-15m-2021-11.zip,128423
ZECUSDT,15m,2021-12,True,ZECUSDT/15m/ZECUSDT-15m-2021-12.zip,130688
ZECUSDT,15m,2022-01,True,ZECUSDT/15m/ZECUSDT-15m-2022-01.zip,128120
ZECUSDT,15m,2022-02,False,ZECUSDT/15m/ZECUSDT-15m-2022-02.zip,104186
ZECUSDT,15m,2022-03,False,ZECUSDT/15m/ZECUSDT-15m-2022-03.zip,132592
ZECUSDT,15m,2022-04,True,ZECUSDT/15m/ZECUSDT-15m-2022-04.zip,118212
ZECUSDT,15m,2022-05,False,ZECUSDT/15m/ZECUSDT-15m-2022-05.zip,130360
ZECUSDT,15m,2022-06,True,ZECUSDT/15m/ZECUSDT-15m-2022-06.zip,121723
ZECUSDT,15m,2022-07,False,ZECUSDT/15m/ZECUSDT-15m-2022-07.zip,124343
ZECUSDT,15m,2022-08,False,ZECUSDT/15m/ZECUSDT-15m-2022-08.zip,125404
ZECUSDT,15m,2022-09,True,ZECUSDT/15m/ZECUSDT-15m-2022-09.zip,119031
ZENUSDT,15m,2020-12,False,ZENUSDT/15m/ZENUSDT-15m-2020-12.zip,114361
ZENUSDT,15m,2021-01,False,ZENUSDT/15m/ZENUSDT-15m-2021-01.zip,119640
ZENUSDT,15m,2021-02,True,ZENUSDT/15m/ZENUSDT-15m-2021-02.zip,109084
ZILUSDT,15m,2020-07,False,ZILUSDT/15m/ZILUSDT-15m-2020-07.zip,114977
ZILUSDT,15m,2020-08,True,ZILUSDT/15m/ZILUSDT-15m-2020-08.zip,118774
ZILUSDT,15m,2020-09,True,ZILUSDT/15m/ZILUSDT-15m-2020-09.zip,111340
ZILUSDT,15m,2020-10,True,ZILUSDT/15m/ZILUSDT-15m-2020-10.zip,115011
ZILUSDT,15m,2020-11,True,ZILUSDT/15m/ZILUSDT-15m-2020-11.zip,113949
ZILUSDT,15m,2020-12,True,ZILUSDT/15m/ZILUSDT-15m-2020-12.zip,125873
ZILUSDT,15m,2021-01,True,ZILUSDT/15m/ZILUSDT-15m-2021-01.zip,126172
ZILUSDT,15m,2021-02,True,ZILUSDT/15m/ZILUSDT-15m-2021-02.zip,116156
ZILUSDT,15m,2021-03,False,ZILUSDT/15m/ZILUSDT-15m-2021-03.zip,128025
ZILUSDT,15m,2021-04,True,ZILUSDT/15m/ZILUSDT-15m-2021-04.zip,125784
ZILUSDT,15m,2022-02,False,ZILUSDT/15m/ZILUSDT-15m-2022-02.zip,98775
ZILUSDT,15m,2022-03,False,ZILUSDT/15m/ZILUSDT-15m-2022-03.zip,125341
ZILUSDT,15m,2022-04,True,ZILUSDT/15m/ZILUSDT-15m-2022-04.zip,123312
ZILUSDT,15m,2022-05,False,ZILUSDT/15m/ZILUSDT-15m-2022-05.zip,133727
ZILUSDT,15m,2022-06,True,ZILUSDT/15m/ZILUSDT-15m-2022-06.zip,124173
ZILUSDT,15m,2022-07,True,ZILUSDT/15m/ZILUSDT-15m-2022-07.zip,124655
ZILUSDT,15m,2022-12,False,ZILUSDT/15m/ZILUSDT-15m-2022-12.zip,113533
ZILUSDT,15m,2023-01,False,ZILUSDT/15m/ZILUSDT-15m-2023-01.zip,122374
ZILUSDT,15m,2023-02,True,ZILUSDT/15m/ZILUSDT-15m-2023-02.zip,111810
ZILUSDT,15m,2023-03,False,ZILUSDT/15m/ZILUSDT-15m-2023-03.zip,120692
ZILUSDT,15m,2023-04,False,ZILUSDT/15m/ZILUSDT-15m-2023-04.zip,118934
ZILUSDT,15m,2023-05,True,ZILUSDT/15m/ZILUSDT-15m-2023-05.zip,116702
ZRXUSDT,15m,2020-07,False,ZRXUSDT/15m/ZRXUSDT-15m-2020-07.zip,116840
ZRXUSDT,15m,2020-08,True,ZRXUSDT/15m/ZRXUSDT-15m-2020-08.zip,123181
ZRXUSDT,15m,2020-09,True,ZRXUSDT/15m/ZRXUSDT-15m-2020-09.zip,114997
ZRXUSDT,15m,2020-10,True,ZRXUSDT/15m/ZRXUSDT-15m-2020-10.zip,113849
ZRXUSDT,15m,2021-01,False,ZRXUSDT/15m/ZRXUSDT-15m-2021-01.zip,123511
ZRXUSDT,15m,2021-02,False,ZRXUSDT/15m/ZRXUSDT-15m-2021-02.zip,117069
ZRXUSDT,15m,2021-03,True,ZRXUSDT/15m/ZRXUSDT-15m-2021-03.zip,126421
ZRXUSDT,15m,2022-03,False,ZRXUSDT/15m/ZRXUSDT-15m-2022-03.zip,121749
ZRXUSDT,15m,2022-04,False,ZRXUSDT/15m/ZRXUSDT-15m-2022-04.zip,124641
ZRXUSDT,15m,2022-05,True,ZRXUSDT/15m/ZRXUSDT-15m-2022-05.zip,128241
ZRXUSDT,15m,2023-03,False,ZRXUSDT/15m/ZRXUSDT-15m-2023-03.zip,120514
ZRXUSDT,15m,2023-04,False,ZRXUSDT/15m/ZRXUSDT-15m-2023-04.zip,119260
ZRXUSDT,15m,2023-05,True,ZRXUSDT/15m/ZRXUSDT-15m-2023-05.zip,114884
ZRXUSDT,15m,2023-09,False,ZRXUSDT/15m/ZRXUSDT-15m-2023-09.zip,110403
ZRXUSDT,15m,2023-10,False,ZRXUSDT/15m/ZRXUSDT-15m-2023-10.zip,122403
ZRXUSDT,15m,2023-11,True,ZRXUSDT/15m/ZRXUSDT-15m-2023-11.zip,123402
ZRXUSDT,15m,2023-12,True,ZRXUSDT/15m/ZRXUSDT-15m-2023-12.zip,121785
ZRXUSDT,15m,2024-02,False,ZRXUSDT/15m/ZRXUSDT-15m-2024-02.zip,111703
