symbol,timeframe,universe_month,selected_top50,relative_path,size_bytes
1000BONKUSDT,1h,2023-12,False,1000BONKUSDT/1h/1000BONKUSDT-1h-2023-12.zip,39415
1000BONKUSDT,1h,2024-01,True,1000BONKUSDT/1h/1000BONKUSDT-1h-2024-01.zip,37974
1000BONKUSDT,1h,2024-02,True,1000BONKUSDT/1h/1000BONKUSDT-1h-2024-02.zip,34837
1000FLOKIUSDT,1h,2023-09,False,1000FLOKIUSDT/1h/1000FLOKIUSDT-1h-2023-09.zip,30701
1000FLOKIUSDT,1h,2023-10,False,1000FLOKIUSDT/1h/1000FLOKIUSDT-1h-2023-10.zip,34461
1000FLOKIUSDT,1h,2023-11,True,1000FLOKIUSDT/1h/1000FLOKIUSDT-1h-2023-11.zip,33467
1000FLOKIUSDT,1h,2024-02,False,1000FLOKIUSDT/1h/1000FLOKIUSDT-1h-2024-02.zip,31513
1000LUNCUSDT,1h,2022-10,False,1000LUNCUSDT/1h/1000LUNCUSDT-1h-2022-10.zip,34515
1000LUNCUSDT,1h,2022-11,True,1000LUNCUSDT/1h/1000LUNCUSDT-1h-2022-11.zip,32246
1000LUNCUSDT,1h,2022-12,True,1000LUNCUSDT/1h/1000LUNCUSDT-1h-2022-12.zip,32650
1000LUNCUSDT,1h,2023-01,True,1000LUNCUSDT/1h/1000LUNCUSDT-1h-2023-01.zip,32892
1000LUNCUSDT,1h,2023-02,True,1000LUNCUSDT/1h/1000LUNCUSDT-1h-2023-02.zip,29586
1000LUNCUSDT,1h,2023-03,True,1000LUNCUSDT/1h/1000LUNCUSDT-1h-2023-03.zip,32265
1000LUNCUSDT,1h,2023-05,False,1000LUNCUSDT/1h/1000LUNCUSDT-1h-2023-05.zip,31532
1000LUNCUSDT,1h,2023-06,False,1000LUNCUSDT/1h/1000LUNCUSDT-1h-2023-06.zip,34053
1000LUNCUSDT,1h,2023-07,True,1000LUNCUSDT/1h/1000LUNCUSDT-1h-2023-07.zip,34366
1000LUNCUSDT,1h,2023-10,False,1000LUNCUSDT/1h/1000LUNCUSDT-1h-2023-10.zip,33341
1000LUNCUSDT,1h,2023-11,False,1000LUNCUSDT/1h/1000LUNCUSDT-1h-2023-11.zip,34105
1000LUNCUSDT,1h,2023-12,True,1000LUNCUSDT/1h/1000LUNCUSDT-1h-2023-12.zip,36962
1000LUNCUSDT,1h,2024-01,True,1000LUNCUSDT/1h/1000LUNCUSDT-1h-2024-01.zip,35521
1000PEPEUSDT,1h,2023-06,False,1000PEPEUSDT/1h/1000PEPEUSDT-1h-2023-06.zip,38971
1000PEPEUSDT,1h,2023-07,True,1000PEPEUSDT/1h/1000PEPEUSDT-1h-2023-07.zip,39385
1000PEPEUSDT,1h,2023-08,True,1000PEPEUSDT/1h/1000PEPEUSDT-1h-2023-08.zip,39220
1000PEPEUSDT,1h,2023-09,True,1000PEPEUSDT/1h/1000PEPEUSDT-1h-2023-09.zip,37065
1000PEPEUSDT,1h,2023-10,True,1000PEPEUSDT/1h/1000PEPEUSDT-1h-2023-10.zip,38690
1000PEPEUSDT,1h,2023-11,True,1000PEPEUSDT/1h/1000PEPEUSDT-1h-2023-11.zip,37717
1000PEPEUSDT,1h,2023-12,True,1000PEPEUSDT/1h/1000PEPEUSDT-1h-2023-12.zip,39199
1000PEPEUSDT,1h,2024-01,True,1000PEPEUSDT/1h/1000PEPEUSDT-1h-2024-01.zip,38486
1000PEPEUSDT,1h,2024-02,True,1000PEPEUSDT/1h/1000PEPEUSDT-1h-2024-02.zip,36391
1000SATSUSDT,1h,2024-01,False,1000SATSUSDT/1h/1000SATSUSDT-1h-2024-01.zip,38909
1000SATSUSDT,1h,2024-02,True,1000SATSUSDT/1h/1000SATSUSDT-1h-2024-02.zip,36254
1000SHIBUSDT,1h,2021-06,False,1000SHIBUSDT/1h/1000SHIBUSDT-1h-2021-06.zip,36172
1000SHIBUSDT,1h,2021-07,True,1000SHIBUSDT/1h/1000SHIBUSDT-1h-2021-07.zip,36064
1000SHIBUSDT,1h,2021-08,True,1000SHIBUSDT/1h/1000SHIBUSDT-1h-2021-08.zip,36456
1000SHIBUSDT,1h,2021-09,True,1000SHIBUSDT/1h/1000SHIBUSDT-1h-2021-09.zip,35313
1000SHIBUSDT,1h,2021-10,True,1000SHIBUSDT/1h/1000SHIBUSDT-1h-2021-10.zip,39740
1000SHIBUSDT,1h,2021-11,True,1000SHIBUSDT/1h/1000SHIBUSDT-1h-2021-11.zip,38301
1000SHIBUSDT,1h,2021-12,True,1000SHIBUSDT/1h/1000SHIBUSDT-1h-2021-12.zip,38538
1000SHIBUSDT,1h,2022-01,True,1000SHIBUSDT/1h/1000SHIBUSDT-1h-2022-01.zip,38044
1000SHIBUSDT,1h,2022-02,True,1000SHIBUSDT/1h/1000SHIBUSDT-1h-2022-02.zip,35169
1000SHIBUSDT,1h,2022-03,True,1000SHIBUSDT/1h/1000SHIBUSDT-1h-2022-03.zip,37793
1000SHIBUSDT,1h,2022-04,True,1000SHIBUSDT/1h/1000SHIBUSDT-1h-2022-04.zip,36397
1000SHIBUSDT,1h,2022-05,True,1000SHIBUSDT/1h/1000SHIBUSDT-1h-2022-05.zip,37569
1000SHIBUSDT,1h,2022-06,True,1000SHIBUSDT/1h/1000SHIBUSDT-1h-2022-06.zip,36165
1000SHIBUSDT,1h,2022-07,True,1000SHIBUSDT/1h/1000SHIBUSDT-1h-2022-07.zip,36875
1000SHIBUSDT,1h,2022-08,True,1000SHIBUSDT/1h/1000SHIBUSDT-1h-2022-08.zip,37273
1000SHIBUSDT,1h,2022-09,True,1000SHIBUSDT/1h/1000SHIBUSDT-1h-2022-09.zip,35608
1000SHIBUSDT,1h,2022-10,True,1000SHIBUSDT/1h/1000SHIBUSDT-1h-2022-10.zip,36471
1000SHIBUSDT,1h,2022-11,True,1000SHIBUSDT/1h/1000SHIBUSDT-1h-2022-11.zip,35560
1000SHIBUSDT,1h,2022-12,True,1000SHIBUSDT/1h/1000SHIBUSDT-1h-2022-12.zip,35312
1000SHIBUSDT,1h,2023-01,True,1000SHIBUSDT/1h/1000SHIBUSDT-1h-2023-01.zip,36857
1000SHIBUSDT,1h,2023-02,True,1000SHIBUSDT/1h/1000SHIBUSDT-1h-2023-02.zip,33791
1000SHIBUSDT,1h,2023-03,True,1000SHIBUSDT/1h/1000SHIBUSDT-1h-2023-03.zip,36505
1000SHIBUSDT,1h,2023-04,True,1000SHIBUSDT/1h/1000SHIBUSDT-1h-2023-04.zip,34816
1000SHIBUSDT,1h,2023-05,True,1000SHIBUSDT/1h/1000SHIBUSDT-1h-2023-05.zip,35324
1000SHIBUSDT,1h,2023-06,True,1000SHIBUSDT/1h/1000SHIBUSDT-1h-2023-06.zip,34916
1000SHIBUSDT,1h,2023-07,True,1000SHIBUSDT/1h/1000SHIBUSDT-1h-2023-07.zip,35731
1000SHIBUSDT,1h,2023-08,True,1000SHIBUSDT/1h/1000SHIBUSDT-1h-2023-08.zip,37287
1000SHIBUSDT,1h,2023-09,True,1000SHIBUSDT/1h/1000SHIBUSDT-1h-2023-09.zip,34046
1000SHIBUSDT,1h,2023-10,True,1000SHIBUSDT/1h/1000SHIBUSDT-1h-2023-10.zip,35489
1000SHIBUSDT,1h,2023-11,True,1000SHIBUSDT/1h/1000SHIBUSDT-1h-2023-11.zip,35102
1000SHIBUSDT,1h,2023-12,True,1000SHIBUSDT/1h/1000SHIBUSDT-1h-2023-12.zip,36638
1000SHIBUSDT,1h,2024-01,True,1000SHIBUSDT/1h/1000SHIBUSDT-1h-2024-01.zip,35917
1000SHIBUSDT,1h,2024-02,False,1000SHIBUSDT/1h/1000SHIBUSDT-1h-2024-02.zip,33396
1000XECUSDT,1h,2023-06,False,1000XECUSDT/1h/1000XECUSDT-1h-2023-06.zip,30193
1000XECUSDT,1h,2023-07,False,1000XECUSDT/1h/1000XECUSDT-1h-2023-07.zip,33606
1000XECUSDT,1h,2023-08,True,1000XECUSDT/1h/1000XECUSDT-1h-2023-08.zip,31388
1INCHUSDT,1h,2021-01,False,1INCHUSDT/1h/1INCHUSDT-1h-2021-01.zip,33048
1INCHUSDT,1h,2021-02,True,1INCHUSDT/1h/1INCHUSDT-1h-2021-02.zip,30582
1INCHUSDT,1h,2021-03,True,1INCHUSDT/1h/1INCHUSDT-1h-2021-03.zip,32977
1INCHUSDT,1h,2021-04,True,1INCHUSDT/1h/1INCHUSDT-1h-2021-04.zip,32435
1INCHUSDT,1h,2021-05,True,1INCHUSDT/1h/1INCHUSDT-1h-2021-05.zip,33655
1INCHUSDT,1h,2021-06,True,1INCHUSDT/1h/1INCHUSDT-1h-2021-06.zip,32116
1INCHUSDT,1h,2021-07,True,1INCHUSDT/1h/1INCHUSDT-1h-2021-07.zip,32455
1INCHUSDT,1h,2021-08,True,1INCHUSDT/1h/1INCHUSDT-1h-2021-08.zip,32852
1INCHUSDT,1h,2021-09,False,1INCHUSDT/1h/1INCHUSDT-1h-2021-09.zip,32064
1INCHUSDT,1h,2021-10,False,1INCHUSDT/1h/1INCHUSDT-1h-2021-10.zip,33335
1INCHUSDT,1h,2021-11,True,1INCHUSDT/1h/1INCHUSDT-1h-2021-11.zip,31866
1INCHUSDT,1h,2021-12,False,1INCHUSDT/1h/1INCHUSDT-1h-2021-12.zip,32980
1INCHUSDT,1h,2022-01,True,1INCHUSDT/1h/1INCHUSDT-1h-2022-01.zip,32580
1INCHUSDT,1h,2022-02,False,1INCHUSDT/1h/1INCHUSDT-1h-2022-02.zip,29184
1INCHUSDT,1h,2022-03,True,1INCHUSDT/1h/1INCHUSDT-1h-2022-03.zip,32169
1INCHUSDT,1h,2023-06,False,1INCHUSDT/1h/1INCHUSDT-1h-2023-06.zip,29883
1INCHUSDT,1h,2023-07,False,1INCHUSDT/1h/1INCHUSDT-1h-2023-07.zip,31532
1INCHUSDT,1h,2023-08,True,1INCHUSDT/1h/1INCHUSDT-1h-2023-08.zip,30024
AAVEUSDT,1h,2020-11,False,AAVEUSDT/1h/AAVEUSDT-1h-2020-11.zip,32386
AAVEUSDT,1h,2020-12,True,AAVEUSDT/1h/AAVEUSDT-1h-2020-12.zip,32739
AAVEUSDT,1h,2021-01,True,AAVEUSDT/1h/AAVEUSDT-1h-2021-01.zip,34297
AAVEUSDT,1h,2021-02,True,AAVEUSDT/1h/AAVEUSDT-1h-2021-02.zip,31981
AAVEUSDT,1h,2021-03,True,AAVEUSDT/1h/AAVEUSDT-1h-2021-03.zip,34483
AAVEUSDT,1h,2021-04,True,AAVEUSDT/1h/AAVEUSDT-1h-2021-04.zip,33880
AAVEUSDT,1h,2021-05,True,AAVEUSDT/1h/AAVEUSDT-1h-2021-05.zip,34748
AAVEUSDT,1h,2021-06,True,AAVEUSDT/1h/AAVEUSDT-1h-2021-06.zip,31884
AAVEUSDT,1h,2021-07,True,AAVEUSDT/1h/AAVEUSDT-1h-2021-07.zip,33201
AAVEUSDT,1h,2021-08,True,AAVEUSDT/1h/AAVEUSDT-1h-2021-08.zip,32932
AAVEUSDT,1h,2021-09,True,AAVEUSDT/1h/AAVEUSDT-1h-2021-09.zip,31911
AAVEUSDT,1h,2021-10,True,AAVEUSDT/1h/AAVEUSDT-1h-2021-10.zip,32395
AAVEUSDT,1h,2021-11,True,AAVEUSDT/1h/AAVEUSDT-1h-2021-11.zip,31189
AAVEUSDT,1h,2021-12,False,AAVEUSDT/1h/AAVEUSDT-1h-2021-12.zip,32642
AAVEUSDT,1h,2022-01,True,AAVEUSDT/1h/AAVEUSDT-1h-2022-01.zip,32724
AAVEUSDT,1h,2022-02,True,AAVEUSDT/1h/AAVEUSDT-1h-2022-02.zip,28973
AAVEUSDT,1h,2022-03,True,AAVEUSDT/1h/AAVEUSDT-1h-2022-03.zip,32380
AAVEUSDT,1h,2022-04,True,AAVEUSDT/1h/AAVEUSDT-1h-2022-04.zip,31796
AAVEUSDT,1h,2022-05,True,AAVEUSDT/1h/AAVEUSDT-1h-2022-05.zip,32557
AAVEUSDT,1h,2022-06,True,AAVEUSDT/1h/AAVEUSDT-1h-2022-06.zip,31351
AAVEUSDT,1h,2022-07,True,AAVEUSDT/1h/AAVEUSDT-1h-2022-07.zip,32148
AAVEUSDT,1h,2022-08,True,AAVEUSDT/1h/AAVEUSDT-1h-2022-08.zip,31719
AAVEUSDT,1h,2022-09,True,AAVEUSDT/1h/AAVEUSDT-1h-2022-09.zip,29891
AAVEUSDT,1h,2022-10,True,AAVEUSDT/1h/AAVEUSDT-1h-2022-10.zip,30637
AAVEUSDT,1h,2022-11,True,AAVEUSDT/1h/AAVEUSDT-1h-2022-11.zip,30291
AAVEUSDT,1h,2022-12,True,AAVEUSDT/1h/AAVEUSDT-1h-2022-12.zip,29705
AAVEUSDT,1h,2023-01,False,AAVEUSDT/1h/AAVEUSDT-1h-2023-01.zip,30976
AAVEUSDT,1h,2023-02,True,AAVEUSDT/1h/AAVEUSDT-1h-2023-02.zip,28042
AAVEUSDT,1h,2023-05,False,AAVEUSDT/1h/AAVEUSDT-1h-2023-05.zip,29705
AAVEUSDT,1h,2023-06,False,AAVEUSDT/1h/AAVEUSDT-1h-2023-06.zip,29589
AAVEUSDT,1h,2023-07,True,AAVEUSDT/1h/AAVEUSDT-1h-2023-07.zip,31198
AAVEUSDT,1h,2023-08,True,AAVEUSDT/1h/AAVEUSDT-1h-2023-08.zip,30079
AAVEUSDT,1h,2023-09,False,AAVEUSDT/1h/AAVEUSDT-1h-2023-09.zip,28719
AAVEUSDT,1h,2023-10,False,AAVEUSDT/1h/AAVEUSDT-1h-2023-10.zip,30534
AAVEUSDT,1h,2023-11,True,AAVEUSDT/1h/AAVEUSDT-1h-2023-11.zip,30154
ACHUSDT,1h,2023-03,False,ACHUSDT/1h/ACHUSDT-1h-2023-03.zip,35161
ACHUSDT,1h,2023-04,False,ACHUSDT/1h/ACHUSDT-1h-2023-04.zip,33755
ACHUSDT,1h,2023-05,True,ACHUSDT/1h/ACHUSDT-1h-2023-05.zip,34356
ADAUSDT,1h,2020-03,True,ADAUSDT/1h/ADAUSDT-1h-2020-03.zip,32081
ADAUSDT,1h,2020-04,True,ADAUSDT/1h/ADAUSDT-1h-2020-04.zip,30527
ADAUSDT,1h,2020-05,True,ADAUSDT/1h/ADAUSDT-1h-2020-05.zip,32673
ADAUSDT,1h,2020-06,True,ADAUSDT/1h/ADAUSDT-1h-2020-06.zip,32502
ADAUSDT,1h,2020-07,True,ADAUSDT/1h/ADAUSDT-1h-2020-07.zip,34585
ADAUSDT,1h,2020-08,True,ADAUSDT/1h/ADAUSDT-1h-2020-08.zip,33936
ADAUSDT,1h,2020-09,True,ADAUSDT/1h/ADAUSDT-1h-2020-09.zip,32567
ADAUSDT,1h,2020-10,True,ADAUSDT/1h/ADAUSDT-1h-2020-10.zip,33342
ADAUSDT,1h,2020-11,True,ADAUSDT/1h/ADAUSDT-1h-2020-11.zip,33196
ADAUSDT,1h,2020-12,True,ADAUSDT/1h/ADAUSDT-1h-2020-12.zip,34591
ADAUSDT,1h,2021-01,True,ADAUSDT/1h/ADAUSDT-1h-2021-01.zip,35955
ADAUSDT,1h,2021-02,True,ADAUSDT/1h/ADAUSDT-1h-2021-02.zip,33873
ADAUSDT,1h,2021-03,True,ADAUSDT/1h/ADAUSDT-1h-2021-03.zip,36888
ADAUSDT,1h,2021-04,True,ADAUSDT/1h/ADAUSDT-1h-2021-04.zip,35682
ADAUSDT,1h,2021-05,True,ADAUSDT/1h/ADAUSDT-1h-2021-05.zip,37109
ADAUSDT,1h,2021-06,True,ADAUSDT/1h/ADAUSDT-1h-2021-06.zip,34232
ADAUSDT,1h,2021-07,True,ADAUSDT/1h/ADAUSDT-1h-2021-07.zip,34516
ADAUSDT,1h,2021-08,True,ADAUSDT/1h/ADAUSDT-1h-2021-08.zip,35782
ADAUSDT,1h,2021-09,True,ADAUSDT/1h/ADAUSDT-1h-2021-09.zip,34470
ADAUSDT,1h,2021-10,True,ADAUSDT/1h/ADAUSDT-1h-2021-10.zip,34592
ADAUSDT,1h,2021-11,True,ADAUSDT/1h/ADAUSDT-1h-2021-11.zip,33752
ADAUSDT,1h,2021-12,True,ADAUSDT/1h/ADAUSDT-1h-2021-12.zip,34754
ADAUSDT,1h,2022-01,True,ADAUSDT/1h/ADAUSDT-1h-2022-01.zip,35152
ADAUSDT,1h,2022-02,True,ADAUSDT/1h/ADAUSDT-1h-2022-02.zip,31568
ADAUSDT,1h,2022-03,True,ADAUSDT/1h/ADAUSDT-1h-2022-03.zip,34613
ADAUSDT,1h,2022-04,True,ADAUSDT/1h/ADAUSDT-1h-2022-04.zip,33214
ADAUSDT,1h,2022-05,True,ADAUSDT/1h/ADAUSDT-1h-2022-05.zip,34810
ADAUSDT,1h,2022-06,True,ADAUSDT/1h/ADAUSDT-1h-2022-06.zip,33872
ADAUSDT,1h,2022-07,True,ADAUSDT/1h/ADAUSDT-1h-2022-07.zip,34153
ADAUSDT,1h,2022-08,True,ADAUSDT/1h/ADAUSDT-1h-2022-08.zip,33905
ADAUSDT,1h,2022-09,True,ADAUSDT/1h/ADAUSDT-1h-2022-09.zip,32891
ADAUSDT,1h,2022-10,True,ADAUSDT/1h/ADAUSDT-1h-2022-10.zip,33206
ADAUSDT,1h,2022-11,True,ADAUSDT/1h/ADAUSDT-1h-2022-11.zip,32416
ADAUSDT,1h,2022-12,True,ADAUSDT/1h/ADAUSDT-1h-2022-12.zip,32272
ADAUSDT,1h,2023-01,True,ADAUSDT/1h/ADAUSDT-1h-2023-01.zip,33496
ADAUSDT,1h,2023-02,True,ADAUSDT/1h/ADAUSDT-1h-2023-02.zip,30193
ADAUSDT,1h,2023-03,True,ADAUSDT/1h/ADAUSDT-1h-2023-03.zip,33691
ADAUSDT,1h,2023-04,True,ADAUSDT/1h/ADAUSDT-1h-2023-04.zip,32510
ADAUSDT,1h,2023-05,True,ADAUSDT/1h/ADAUSDT-1h-2023-05.zip,32600
ADAUSDT,1h,2023-06,True,ADAUSDT/1h/ADAUSDT-1h-2023-06.zip,32508
ADAUSDT,1h,2023-07,True,ADAUSDT/1h/ADAUSDT-1h-2023-07.zip,32980
ADAUSDT,1h,2023-08,True,ADAUSDT/1h/ADAUSDT-1h-2023-08.zip,32236
ADAUSDT,1h,2023-09,True,ADAUSDT/1h/ADAUSDT-1h-2023-09.zip,30361
ADAUSDT,1h,2023-10,True,ADAUSDT/1h/ADAUSDT-1h-2023-10.zip,32328
ADAUSDT,1h,2023-11,True,ADAUSDT/1h/ADAUSDT-1h-2023-11.zip,32455
ADAUSDT,1h,2023-12,True,ADAUSDT/1h/ADAUSDT-1h-2023-12.zip,34474
ADAUSDT,1h,2024-01,True,ADAUSDT/1h/ADAUSDT-1h-2024-01.zip,33842
ADAUSDT,1h,2024-02,True,ADAUSDT/1h/ADAUSDT-1h-2024-02.zip,31872
AGIXUSDT,1h,2023-03,False,AGIXUSDT/1h/AGIXUSDT-1h-2023-03.zip,35052
AGIXUSDT,1h,2023-04,True,AGIXUSDT/1h/AGIXUSDT-1h-2023-04.zip,32113
AGIXUSDT,1h,2023-05,False,AGIXUSDT/1h/AGIXUSDT-1h-2023-05.zip,33449
AGIXUSDT,1h,2023-06,True,AGIXUSDT/1h/AGIXUSDT-1h-2023-06.zip,31901
AGIXUSDT,1h,2024-01,False,AGIXUSDT/1h/AGIXUSDT-1h-2024-01.zip,32006
AGIXUSDT,1h,2024-02,False,AGIXUSDT/1h/AGIXUSDT-1h-2024-02.zip,31515
AGLDUSDT,1h,2023-09,False,AGLDUSDT/1h/AGLDUSDT-1h-2023-09.zip,32010
AGLDUSDT,1h,2023-10,False,AGLDUSDT/1h/AGLDUSDT-1h-2023-10.zip,32455
AGLDUSDT,1h,2023-11,True,AGLDUSDT/1h/AGLDUSDT-1h-2023-11.zip,31749
AIUSDT,1h,2024-02,False,AIUSDT/1h/AIUSDT-1h-2024-02.zip,34163
ALGOUSDT,1h,2020-07,False,ALGOUSDT/1h/ALGOUSDT-1h-2020-07.zip,32666
ALGOUSDT,1h,2020-08,True,ALGOUSDT/1h/ALGOUSDT-1h-2020-08.zip,34157
ALGOUSDT,1h,2020-09,True,ALGOUSDT/1h/ALGOUSDT-1h-2020-09.zip,32090
ALGOUSDT,1h,2020-10,True,ALGOUSDT/1h/ALGOUSDT-1h-2020-10.zip,32228
ALGOUSDT,1h,2020-11,True,ALGOUSDT/1h/ALGOUSDT-1h-2020-11.zip,31841
ALGOUSDT,1h,2020-12,True,ALGOUSDT/1h/ALGOUSDT-1h-2020-12.zip,32791
ALGOUSDT,1h,2021-01,True,ALGOUSDT/1h/ALGOUSDT-1h-2021-01.zip,34134
ALGOUSDT,1h,2021-02,True,ALGOUSDT/1h/ALGOUSDT-1h-2021-02.zip,31902
ALGOUSDT,1h,2021-03,True,ALGOUSDT/1h/ALGOUSDT-1h-2021-03.zip,34785
ALGOUSDT,1h,2021-04,True,ALGOUSDT/1h/ALGOUSDT-1h-2021-04.zip,33776
ALGOUSDT,1h,2021-08,False,ALGOUSDT/1h/ALGOUSDT-1h-2021-08.zip,34480
ALGOUSDT,1h,2021-09,False,ALGOUSDT/1h/ALGOUSDT-1h-2021-09.zip,35070
ALGOUSDT,1h,2021-10,True,ALGOUSDT/1h/ALGOUSDT-1h-2021-10.zip,35469
ALGOUSDT,1h,2021-11,True,ALGOUSDT/1h/ALGOUSDT-1h-2021-11.zip,34424
ALGOUSDT,1h,2021-12,True,ALGOUSDT/1h/ALGOUSDT-1h-2021-12.zip,35340
ALGOUSDT,1h,2022-01,True,ALGOUSDT/1h/ALGOUSDT-1h-2022-01.zip,35337
ALGOUSDT,1h,2022-02,True,ALGOUSDT/1h/ALGOUSDT-1h-2022-02.zip,31578
ALGOUSDT,1h,2022-03,True,ALGOUSDT/1h/ALGOUSDT-1h-2022-03.zip,34646
ALGOUSDT,1h,2022-04,True,ALGOUSDT/1h/ALGOUSDT-1h-2022-04.zip,33395
ALGOUSDT,1h,2022-05,True,ALGOUSDT/1h/ALGOUSDT-1h-2022-05.zip,35243
ALGOUSDT,1h,2022-06,True,ALGOUSDT/1h/ALGOUSDT-1h-2022-06.zip,33186
ALGOUSDT,1h,2022-08,False,ALGOUSDT/1h/ALGOUSDT-1h-2022-08.zip,33284
ALGOUSDT,1h,2022-09,False,ALGOUSDT/1h/ALGOUSDT-1h-2022-09.zip,32821
ALGOUSDT,1h,2022-10,True,ALGOUSDT/1h/ALGOUSDT-1h-2022-10.zip,33391
ALGOUSDT,1h,2022-11,True,ALGOUSDT/1h/ALGOUSDT-1h-2022-11.zip,33718
ALGOUSDT,1h,2022-12,True,ALGOUSDT/1h/ALGOUSDT-1h-2022-12.zip,32724
ALGOUSDT,1h,2023-01,True,ALGOUSDT/1h/ALGOUSDT-1h-2023-01.zip,33246
ALICEUSDT,1h,2021-04,False,ALICEUSDT/1h/ALICEUSDT-1h-2021-04.zip,31649
ALICEUSDT,1h,2021-05,False,ALICEUSDT/1h/ALICEUSDT-1h-2021-05.zip,33547
ALICEUSDT,1h,2021-06,True,ALICEUSDT/1h/ALICEUSDT-1h-2021-06.zip,31182
ALICEUSDT,1h,2021-07,True,ALICEUSDT/1h/ALICEUSDT-1h-2021-07.zip,34300
ALICEUSDT,1h,2021-08,True,ALICEUSDT/1h/ALICEUSDT-1h-2021-08.zip,34654
ALICEUSDT,1h,2021-09,True,ALICEUSDT/1h/ALICEUSDT-1h-2021-09.zip,32937
ALICEUSDT,1h,2021-10,True,ALICEUSDT/1h/ALICEUSDT-1h-2021-10.zip,33507
ALICEUSDT,1h,2021-11,True,ALICEUSDT/1h/ALICEUSDT-1h-2021-11.zip,33403
ALICEUSDT,1h,2021-12,True,ALICEUSDT/1h/ALICEUSDT-1h-2021-12.zip,34061
ALICEUSDT,1h,2022-01,True,ALICEUSDT/1h/ALICEUSDT-1h-2022-01.zip,33492
ALICEUSDT,1h,2022-02,True,ALICEUSDT/1h/ALICEUSDT-1h-2022-02.zip,30384
ALICEUSDT,1h,2022-03,True,ALICEUSDT/1h/ALICEUSDT-1h-2022-03.zip,32773
ALICEUSDT,1h,2022-04,True,ALICEUSDT/1h/ALICEUSDT-1h-2022-04.zip,31747
ALICEUSDT,1h,2022-05,True,ALICEUSDT/1h/ALICEUSDT-1h-2022-05.zip,32924
ALICEUSDT,1h,2022-06,True,ALICEUSDT/1h/ALICEUSDT-1h-2022-06.zip,31376
ALICEUSDT,1h,2022-07,True,ALICEUSDT/1h/ALICEUSDT-1h-2022-07.zip,31476
ALPHAUSDT,1h,2020-12,False,ALPHAUSDT/1h/ALPHAUSDT-1h-2020-12.zip,32658
ALPHAUSDT,1h,2021-01,False,ALPHAUSDT/1h/ALPHAUSDT-1h-2021-01.zip,34852
ALPHAUSDT,1h,2021-02,True,ALPHAUSDT/1h/ALPHAUSDT-1h-2021-02.zip,32184
ALPHAUSDT,1h,2021-03,True,ALPHAUSDT/1h/ALPHAUSDT-1h-2021-03.zip,35166
ALPHAUSDT,1h,2021-04,True,ALPHAUSDT/1h/ALPHAUSDT-1h-2021-04.zip,34054
ALPHAUSDT,1h,2021-06,False,ALPHAUSDT/1h/ALPHAUSDT-1h-2021-06.zip,31587
ALPHAUSDT,1h,2021-07,False,ALPHAUSDT/1h/ALPHAUSDT-1h-2021-07.zip,33341
ALPHAUSDT,1h,2021-08,True,ALPHAUSDT/1h/ALPHAUSDT-1h-2021-08.zip,33602
ALPHAUSDT,1h,2021-09,True,ALPHAUSDT/1h/ALPHAUSDT-1h-2021-09.zip,32000
ALPHAUSDT,1h,2022-03,False,ALPHAUSDT/1h/ALPHAUSDT-1h-2022-03.zip,32005
ALPHAUSDT,1h,2022-04,False,ALPHAUSDT/1h/ALPHAUSDT-1h-2022-04.zip,31965
ALPHAUSDT,1h,2022-05,True,ALPHAUSDT/1h/ALPHAUSDT-1h-2022-05.zip,32366
ALPHAUSDT,1h,2022-12,False,ALPHAUSDT/1h/ALPHAUSDT-1h-2022-12.zip,32104
ALPHAUSDT,1h,2023-01,False,ALPHAUSDT/1h/ALPHAUSDT-1h-2023-01.zip,34540
ALPHAUSDT,1h,2023-02,True,ALPHAUSDT/1h/ALPHAUSDT-1h-2023-02.zip,30459
ALPHAUSDT,1h,2023-03,False,ALPHAUSDT/1h/ALPHAUSDT-1h-2023-03.zip,33202
ALPHAUSDT,1h,2023-04,False,ALPHAUSDT/1h/ALPHAUSDT-1h-2023-04.zip,32082
ALPHAUSDT,1h,2023-05,True,ALPHAUSDT/1h/ALPHAUSDT-1h-2023-05.zip,33725
ALPHAUSDT,1h,2023-06,False,ALPHAUSDT/1h/ALPHAUSDT-1h-2023-06.zip,33511
ALPHAUSDT,1h,2023-07,True,ALPHAUSDT/1h/ALPHAUSDT-1h-2023-07.zip,32885
ALTUSDT,1h,2024-02,False,ALTUSDT/1h/ALTUSDT-1h-2024-02.zip,34708
AMBUSDT,1h,2023-05,False,AMBUSDT/1h/AMBUSDT-1h-2023-05.zip,32424
AMBUSDT,1h,2023-06,False,AMBUSDT/1h/AMBUSDT-1h-2023-06.zip,32894
AMBUSDT,1h,2023-07,True,AMBUSDT/1h/AMBUSDT-1h-2023-07.zip,32284
ANCUSDT,1h,2022-04,False,ANCUSDT/1h/ANCUSDT-1h-2022-04.zip,31067
ANCUSDT,1h,2022-05,True,ANCUSDT/1h/ANCUSDT-1h-2022-05.zip,13754
ANKRUSDT,1h,2021-02,False,ANKRUSDT/1h/ANKRUSDT-1h-2021-02.zip,32186
ANKRUSDT,1h,2021-03,False,ANKRUSDT/1h/ANKRUSDT-1h-2021-03.zip,37181
ANKRUSDT,1h,2021-04,True,ANKRUSDT/1h/ANKRUSDT-1h-2021-04.zip,36059
ANKRUSDT,1h,2021-10,False,ANKRUSDT/1h/ANKRUSDT-1h-2021-10.zip,34220
ANKRUSDT,1h,2021-11,False,ANKRUSDT/1h/ANKRUSDT-1h-2021-11.zip,34680
ANKRUSDT,1h,2021-12,True,ANKRUSDT/1h/ANKRUSDT-1h-2021-12.zip,34682
ANKRUSDT,1h,2022-07,False,ANKRUSDT/1h/ANKRUSDT-1h-2022-07.zip,32835
ANKRUSDT,1h,2022-08,False,ANKRUSDT/1h/ANKRUSDT-1h-2022-08.zip,34566
ANKRUSDT,1h,2022-09,True,ANKRUSDT/1h/ANKRUSDT-1h-2022-09.zip,32260
ANKRUSDT,1h,2023-01,False,ANKRUSDT/1h/ANKRUSDT-1h-2023-01.zip,33560
ANKRUSDT,1h,2023-02,False,ANKRUSDT/1h/ANKRUSDT-1h-2023-02.zip,31623
ANKRUSDT,1h,2023-03,True,ANKRUSDT/1h/ANKRUSDT-1h-2023-03.zip,34446
ANTUSDT,1h,2022-01,False,ANTUSDT/1h/ANTUSDT-1h-2022-01.zip,33174
ANTUSDT,1h,2022-02,True,ANTUSDT/1h/ANTUSDT-1h-2022-02.zip,29525
ANTUSDT,1h,2022-03,True,ANTUSDT/1h/ANTUSDT-1h-2022-03.zip,31306
APEUSDT,1h,2022-04,False,APEUSDT/1h/APEUSDT-1h-2022-04.zip,32670
APEUSDT,1h,2022-05,True,APEUSDT/1h/APEUSDT-1h-2022-05.zip,33879
APEUSDT,1h,2022-06,True,APEUSDT/1h/APEUSDT-1h-2022-06.zip,31503
APEUSDT,1h,2022-07,True,APEUSDT/1h/APEUSDT-1h-2022-07.zip,32278
APEUSDT,1h,2022-08,True,APEUSDT/1h/APEUSDT-1h-2022-08.zip,31913
APEUSDT,1h,2022-09,True,APEUSDT/1h/APEUSDT-1h-2022-09.zip,30751
APEUSDT,1h,2022-10,True,APEUSDT/1h/APEUSDT-1h-2022-10.zip,30922
APEUSDT,1h,2022-11,True,APEUSDT/1h/APEUSDT-1h-2022-11.zip,30740
APEUSDT,1h,2022-12,True,APEUSDT/1h/APEUSDT-1h-2022-12.zip,30766
APEUSDT,1h,2023-01,True,APEUSDT/1h/APEUSDT-1h-2023-01.zip,31653
APEUSDT,1h,2023-02,True,APEUSDT/1h/APEUSDT-1h-2023-02.zip,28247
APEUSDT,1h,2023-03,True,APEUSDT/1h/APEUSDT-1h-2023-03.zip,30984
APEUSDT,1h,2023-04,True,APEUSDT/1h/APEUSDT-1h-2023-04.zip,29346
APEUSDT,1h,2023-05,True,APEUSDT/1h/APEUSDT-1h-2023-05.zip,29749
APEUSDT,1h,2023-06,True,APEUSDT/1h/APEUSDT-1h-2023-06.zip,29877
APEUSDT,1h,2023-07,True,APEUSDT/1h/APEUSDT-1h-2023-07.zip,30564
APEUSDT,1h,2023-08,True,APEUSDT/1h/APEUSDT-1h-2023-08.zip,30457
APEUSDT,1h,2023-09,True,APEUSDT/1h/APEUSDT-1h-2023-09.zip,28857
APEUSDT,1h,2023-10,True,APEUSDT/1h/APEUSDT-1h-2023-10.zip,29979
APEUSDT,1h,2023-11,True,APEUSDT/1h/APEUSDT-1h-2023-11.zip,29854
APEUSDT,1h,2023-12,True,APEUSDT/1h/APEUSDT-1h-2023-12.zip,30404
APEUSDT,1h,2024-01,True,APEUSDT/1h/APEUSDT-1h-2024-01.zip,30300
APEUSDT,1h,2024-02,True,APEUSDT/1h/APEUSDT-1h-2024-02.zip,30562
API3USDT,1h,2022-03,False,API3USDT/1h/API3USDT-1h-2022-03.zip,32813
API3USDT,1h,2022-04,False,API3USDT/1h/API3USDT-1h-2022-04.zip,31513
API3USDT,1h,2022-05,True,API3USDT/1h/API3USDT-1h-2022-05.zip,31967
API3USDT,1h,2023-07,False,API3USDT/1h/API3USDT-1h-2023-07.zip,29484
API3USDT,1h,2023-08,False,API3USDT/1h/API3USDT-1h-2023-08.zip,32211
API3USDT,1h,2023-09,True,API3USDT/1h/API3USDT-1h-2023-09.zip,32264
API3USDT,1h,2023-12,False,API3USDT/1h/API3USDT-1h-2023-12.zip,33633
API3USDT,1h,2024-01,False,API3USDT/1h/API3USDT-1h-2024-01.zip,34623
API3USDT,1h,2024-02,True,API3USDT/1h/API3USDT-1h-2024-02.zip,33443
APTUSDT,1h,2022-11,False,APTUSDT/1h/APTUSDT-1h-2022-11.zip,35167
APTUSDT,1h,2022-12,True,APTUSDT/1h/APTUSDT-1h-2022-12.zip,35725
APTUSDT,1h,2023-01,True,APTUSDT/1h/APTUSDT-1h-2023-01.zip,38040
APTUSDT,1h,2023-02,True,APTUSDT/1h/APTUSDT-1h-2023-02.zip,33798
APTUSDT,1h,2023-03,True,APTUSDT/1h/APTUSDT-1h-2023-03.zip,36249
APTUSDT,1h,2023-04,True,APTUSDT/1h/APTUSDT-1h-2023-04.zip,33889
APTUSDT,1h,2023-05,True,APTUSDT/1h/APTUSDT-1h-2023-05.zip,34201
APTUSDT,1h,2023-06,True,APTUSDT/1h/APTUSDT-1h-2023-06.zip,33388
APTUSDT,1h,2023-07,True,APTUSDT/1h/APTUSDT-1h-2023-07.zip,33677
APTUSDT,1h,2023-08,True,APTUSDT/1h/APTUSDT-1h-2023-08.zip,33272
APTUSDT,1h,2023-09,True,APTUSDT/1h/APTUSDT-1h-2023-09.zip,31524
APTUSDT,1h,2023-10,True,APTUSDT/1h/APTUSDT-1h-2023-10.zip,33245
APTUSDT,1h,2023-11,True,APTUSDT/1h/APTUSDT-1h-2023-11.zip,32783
APTUSDT,1h,2023-12,True,APTUSDT/1h/APTUSDT-1h-2023-12.zip,34372
APTUSDT,1h,2024-01,True,APTUSDT/1h/APTUSDT-1h-2024-01.zip,34471
APTUSDT,1h,2024-02,True,APTUSDT/1h/APTUSDT-1h-2024-02.zip,32025
ARBUSDT,1h,2023-04,False,ARBUSDT/1h/ARBUSDT-1h-2023-04.zip,36607
ARBUSDT,1h,2023-05,True,ARBUSDT/1h/ARBUSDT-1h-2023-05.zip,36641
ARBUSDT,1h,2023-06,True,ARBUSDT/1h/ARBUSDT-1h-2023-06.zip,35484
ARBUSDT,1h,2023-07,True,ARBUSDT/1h/ARBUSDT-1h-2023-07.zip,35963
ARBUSDT,1h,2023-08,True,ARBUSDT/1h/ARBUSDT-1h-2023-08.zip,35369
ARBUSDT,1h,2023-09,True,ARBUSDT/1h/ARBUSDT-1h-2023-09.zip,34246
ARBUSDT,1h,2023-10,True,ARBUSDT/1h/ARBUSDT-1h-2023-10.zip,35634
ARBUSDT,1h,2023-11,True,ARBUSDT/1h/ARBUSDT-1h-2023-11.zip,35008
ARBUSDT,1h,2023-12,True,ARBUSDT/1h/ARBUSDT-1h-2023-12.zip,36770
ARBUSDT,1h,2024-01,True,ARBUSDT/1h/ARBUSDT-1h-2024-01.zip,37711
ARBUSDT,1h,2024-02,True,ARBUSDT/1h/ARBUSDT-1h-2024-02.zip,34456
ARKUSDT,1h,2023-10,False,ARKUSDT/1h/ARKUSDT-1h-2023-10.zip,33748
ARKUSDT,1h,2023-11,True,ARKUSDT/1h/ARKUSDT-1h-2023-11.zip,33888
ARKUSDT,1h,2023-12,True,ARKUSDT/1h/ARKUSDT-1h-2023-12.zip,32439
ARPAUSDT,1h,2022-01,False,ARPAUSDT/1h/ARPAUSDT-1h-2022-01.zip,32951
ARPAUSDT,1h,2022-02,False,ARPAUSDT/1h/ARPAUSDT-1h-2022-02.zip,30893
ARPAUSDT,1h,2022-03,True,ARPAUSDT/1h/ARPAUSDT-1h-2022-03.zip,33176
ARPAUSDT,1h,2023-04,False,ARPAUSDT/1h/ARPAUSDT-1h-2023-04.zip,31242
ARPAUSDT,1h,2023-05,False,ARPAUSDT/1h/ARPAUSDT-1h-2023-05.zip,34960
ARPAUSDT,1h,2023-06,True,ARPAUSDT/1h/ARPAUSDT-1h-2023-06.zip,33504
ARPAUSDT,1h,2023-07,True,ARPAUSDT/1h/ARPAUSDT-1h-2023-07.zip,32988
ARUSDT,1h,2022-01,False,ARUSDT/1h/ARUSDT-1h-2022-01.zip,33368
ARUSDT,1h,2022-02,False,ARUSDT/1h/ARUSDT-1h-2022-02.zip,30105
ARUSDT,1h,2022-03,True,ARUSDT/1h/ARUSDT-1h-2022-03.zip,32976
ARUSDT,1h,2022-10,False,ARUSDT/1h/ARUSDT-1h-2022-10.zip,31248
ARUSDT,1h,2022-11,False,ARUSDT/1h/ARUSDT-1h-2022-11.zip,31382
ARUSDT,1h,2022-12,True,ARUSDT/1h/ARUSDT-1h-2022-12.zip,30932
ATOMUSDT,1h,2020-03,False,ATOMUSDT/1h/ATOMUSDT-1h-2020-03.zip,31721
ATOMUSDT,1h,2020-04,True,ATOMUSDT/1h/ATOMUSDT-1h-2020-04.zip,30286
ATOMUSDT,1h,2020-05,True,ATOMUSDT/1h/ATOMUSDT-1h-2020-05.zip,30874
ATOMUSDT,1h,2020-06,True,ATOMUSDT/1h/ATOMUSDT-1h-2020-06.zip,30074
ATOMUSDT,1h,2020-07,True,ATOMUSDT/1h/ATOMUSDT-1h-2020-07.zip,32790
ATOMUSDT,1h,2020-08,True,ATOMUSDT/1h/ATOMUSDT-1h-2020-08.zip,33806
ATOMUSDT,1h,2020-09,True,ATOMUSDT/1h/ATOMUSDT-1h-2020-09.zip,32031
ATOMUSDT,1h,2020-10,True,ATOMUSDT/1h/ATOMUSDT-1h-2020-10.zip,32845
ATOMUSDT,1h,2020-11,True,ATOMUSDT/1h/ATOMUSDT-1h-2020-11.zip,31740
ATOMUSDT,1h,2020-12,True,ATOMUSDT/1h/ATOMUSDT-1h-2020-12.zip,32584
ATOMUSDT,1h,2021-01,True,ATOMUSDT/1h/ATOMUSDT-1h-2021-01.zip,34155
ATOMUSDT,1h,2021-02,True,ATOMUSDT/1h/ATOMUSDT-1h-2021-02.zip,32104
ATOMUSDT,1h,2021-03,True,ATOMUSDT/1h/ATOMUSDT-1h-2021-03.zip,34733
ATOMUSDT,1h,2021-04,True,ATOMUSDT/1h/ATOMUSDT-1h-2021-04.zip,34229
ATOMUSDT,1h,2021-05,True,ATOMUSDT/1h/ATOMUSDT-1h-2021-05.zip,35604
ATOMUSDT,1h,2021-06,True,ATOMUSDT/1h/ATOMUSDT-1h-2021-06.zip,33535
ATOMUSDT,1h,2021-07,True,ATOMUSDT/1h/ATOMUSDT-1h-2021-07.zip,34681
ATOMUSDT,1h,2021-08,True,ATOMUSDT/1h/ATOMUSDT-1h-2021-08.zip,35301
ATOMUSDT,1h,2021-09,True,ATOMUSDT/1h/ATOMUSDT-1h-2021-09.zip,35730
ATOMUSDT,1h,2021-10,True,ATOMUSDT/1h/ATOMUSDT-1h-2021-10.zip,36315
ATOMUSDT,1h,2021-11,True,ATOMUSDT/1h/ATOMUSDT-1h-2021-11.zip,34728
ATOMUSDT,1h,2021-12,True,ATOMUSDT/1h/ATOMUSDT-1h-2021-12.zip,36186
ATOMUSDT,1h,2022-01,True,ATOMUSDT/1h/ATOMUSDT-1h-2022-01.zip,37544
ATOMUSDT,1h,2022-02,True,ATOMUSDT/1h/ATOMUSDT-1h-2022-02.zip,33117
ATOMUSDT,1h,2022-03,True,ATOMUSDT/1h/ATOMUSDT-1h-2022-03.zip,36124
ATOMUSDT,1h,2022-04,True,ATOMUSDT/1h/ATOMUSDT-1h-2022-04.zip,34634
ATOMUSDT,1h,2022-05,True,ATOMUSDT/1h/ATOMUSDT-1h-2022-05.zip,36045
ATOMUSDT,1h,2022-06,True,ATOMUSDT/1h/ATOMUSDT-1h-2022-06.zip,34109
ATOMUSDT,1h,2022-07,True,ATOMUSDT/1h/ATOMUSDT-1h-2022-07.zip,35308
ATOMUSDT,1h,2022-08,True,ATOMUSDT/1h/ATOMUSDT-1h-2022-08.zip,35438
ATOMUSDT,1h,2022-09,True,ATOMUSDT/1h/ATOMUSDT-1h-2022-09.zip,35170
ATOMUSDT,1h,2022-10,True,ATOMUSDT/1h/ATOMUSDT-1h-2022-10.zip,35375
ATOMUSDT,1h,2022-11,True,ATOMUSDT/1h/ATOMUSDT-1h-2022-11.zip,34114
ATOMUSDT,1h,2022-12,True,ATOMUSDT/1h/ATOMUSDT-1h-2022-12.zip,33492
ATOMUSDT,1h,2023-01,True,ATOMUSDT/1h/ATOMUSDT-1h-2023-01.zip,34788
ATOMUSDT,1h,2023-02,True,ATOMUSDT/1h/ATOMUSDT-1h-2023-02.zip,31589
ATOMUSDT,1h,2023-03,True,ATOMUSDT/1h/ATOMUSDT-1h-2023-03.zip,35032
ATOMUSDT,1h,2023-04,True,ATOMUSDT/1h/ATOMUSDT-1h-2023-04.zip,33555
ATOMUSDT,1h,2023-05,True,ATOMUSDT/1h/ATOMUSDT-1h-2023-05.zip,33884
ATOMUSDT,1h,2023-06,True,ATOMUSDT/1h/ATOMUSDT-1h-2023-06.zip,33066
ATOMUSDT,1h,2023-07,True,ATOMUSDT/1h/ATOMUSDT-1h-2023-07.zip,33601
ATOMUSDT,1h,2023-09,False,ATOMUSDT/1h/ATOMUSDT-1h-2023-09.zip,32285
ATOMUSDT,1h,2023-10,False,ATOMUSDT/1h/ATOMUSDT-1h-2023-10.zip,33803
ATOMUSDT,1h,2023-11,True,ATOMUSDT/1h/ATOMUSDT-1h-2023-11.zip,33811
ATOMUSDT,1h,2023-12,True,ATOMUSDT/1h/ATOMUSDT-1h-2023-12.zip,35509
ATOMUSDT,1h,2024-01,True,ATOMUSDT/1h/ATOMUSDT-1h-2024-01.zip,34728
ATOMUSDT,1h,2024-02,True,ATOMUSDT/1h/ATOMUSDT-1h-2024-02.zip,32454
AUDIOUSDT,1h,2022-03,False,AUDIOUSDT/1h/AUDIOUSDT-1h-2022-03.zip,31844
AUDIOUSDT,1h,2022-04,False,AUDIOUSDT/1h/AUDIOUSDT-1h-2022-04.zip,32153
AUDIOUSDT,1h,2022-05,True,AUDIOUSDT/1h/AUDIOUSDT-1h-2022-05.zip,32425
AUDIOUSDT,1h,2022-12,False,AUDIOUSDT/1h/AUDIOUSDT-1h-2022-12.zip,28462
AUDIOUSDT,1h,2023-01,False,AUDIOUSDT/1h/AUDIOUSDT-1h-2023-01.zip,30884
AUDIOUSDT,1h,2023-02,True,AUDIOUSDT/1h/AUDIOUSDT-1h-2023-02.zip,29036
AUDIOUSDT,1h,2023-03,True,AUDIOUSDT/1h/AUDIOUSDT-1h-2023-03.zip,31115
AVAXUSDT,1h,2020-10,False,AVAXUSDT/1h/AVAXUSDT-1h-2020-10.zip,31326
AVAXUSDT,1h,2020-11,True,AVAXUSDT/1h/AVAXUSDT-1h-2020-11.zip,30402
AVAXUSDT,1h,2020-12,True,AVAXUSDT/1h/AVAXUSDT-1h-2020-12.zip,31229
AVAXUSDT,1h,2021-01,True,AVAXUSDT/1h/AVAXUSDT-1h-2021-01.zip,33125
AVAXUSDT,1h,2021-02,True,AVAXUSDT/1h/AVAXUSDT-1h-2021-02.zip,31220
AVAXUSDT,1h,2021-03,True,AVAXUSDT/1h/AVAXUSDT-1h-2021-03.zip,34265
AVAXUSDT,1h,2021-04,True,AVAXUSDT/1h/AVAXUSDT-1h-2021-04.zip,33275
AVAXUSDT,1h,2021-05,True,AVAXUSDT/1h/AVAXUSDT-1h-2021-05.zip,33607
AVAXUSDT,1h,2021-06,True,AVAXUSDT/1h/AVAXUSDT-1h-2021-06.zip,30174
AVAXUSDT,1h,2021-07,True,AVAXUSDT/1h/AVAXUSDT-1h-2021-07.zip,30436
AVAXUSDT,1h,2021-08,False,AVAXUSDT/1h/AVAXUSDT-1h-2021-08.zip,32752
AVAXUSDT,1h,2021-09,True,AVAXUSDT/1h/AVAXUSDT-1h-2021-09.zip,33284
AVAXUSDT,1h,2021-10,True,AVAXUSDT/1h/AVAXUSDT-1h-2021-10.zip,33152
AVAXUSDT,1h,2021-11,True,AVAXUSDT/1h/AVAXUSDT-1h-2021-11.zip,33086
AVAXUSDT,1h,2021-12,True,AVAXUSDT/1h/AVAXUSDT-1h-2021-12.zip,34098
AVAXUSDT,1h,2022-01,True,AVAXUSDT/1h/AVAXUSDT-1h-2022-01.zip,33125
AVAXUSDT,1h,2022-02,True,AVAXUSDT/1h/AVAXUSDT-1h-2022-02.zip,29502
AVAXUSDT,1h,2022-03,True,AVAXUSDT/1h/AVAXUSDT-1h-2022-03.zip,32134
AVAXUSDT,1h,2022-04,True,AVAXUSDT/1h/AVAXUSDT-1h-2022-04.zip,30448
AVAXUSDT,1h,2022-05,True,AVAXUSDT/1h/AVAXUSDT-1h-2022-05.zip,31968
AVAXUSDT,1h,2022-06,True,AVAXUSDT/1h/AVAXUSDT-1h-2022-06.zip,29916
AVAXUSDT,1h,2022-07,True,AVAXUSDT/1h/AVAXUSDT-1h-2022-07.zip,30397
AVAXUSDT,1h,2022-08,True,AVAXUSDT/1h/AVAXUSDT-1h-2022-08.zip,30183
AVAXUSDT,1h,2022-09,True,AVAXUSDT/1h/AVAXUSDT-1h-2022-09.zip,28319
AVAXUSDT,1h,2022-10,True,AVAXUSDT/1h/AVAXUSDT-1h-2022-10.zip,29150
AVAXUSDT,1h,2022-11,True,AVAXUSDT/1h/AVAXUSDT-1h-2022-11.zip,30897
AVAXUSDT,1h,2022-12,True,AVAXUSDT/1h/AVAXUSDT-1h-2022-12.zip,30637
AVAXUSDT,1h,2023-01,True,AVAXUSDT/1h/AVAXUSDT-1h-2023-01.zip,32097
AVAXUSDT,1h,2023-02,True,AVAXUSDT/1h/AVAXUSDT-1h-2023-02.zip,29188
AVAXUSDT,1h,2023-03,True,AVAXUSDT/1h/AVAXUSDT-1h-2023-03.zip,31907
AVAXUSDT,1h,2023-04,True,AVAXUSDT/1h/AVAXUSDT-1h-2023-04.zip,30490
AVAXUSDT,1h,2023-05,True,AVAXUSDT/1h/AVAXUSDT-1h-2023-05.zip,30926
AVAXUSDT,1h,2023-06,True,AVAXUSDT/1h/AVAXUSDT-1h-2023-06.zip,30197
AVAXUSDT,1h,2023-07,True,AVAXUSDT/1h/AVAXUSDT-1h-2023-07.zip,31278
AVAXUSDT,1h,2023-08,True,AVAXUSDT/1h/AVAXUSDT-1h-2023-08.zip,30499
AVAXUSDT,1h,2023-09,True,AVAXUSDT/1h/AVAXUSDT-1h-2023-09.zip,29074
AVAXUSDT,1h,2023-10,True,AVAXUSDT/1h/AVAXUSDT-1h-2023-10.zip,31577
AVAXUSDT,1h,2023-11,True,AVAXUSDT/1h/AVAXUSDT-1h-2023-11.zip,31981
AVAXUSDT,1h,2023-12,True,AVAXUSDT/1h/AVAXUSDT-1h-2023-12.zip,33835
AVAXUSDT,1h,2024-01,True,AVAXUSDT/1h/AVAXUSDT-1h-2024-01.zip,33072
AVAXUSDT,1h,2024-02,True,AVAXUSDT/1h/AVAXUSDT-1h-2024-02.zip,30661
AXSUSDT,1h,2020-12,False,AXSUSDT/1h/AXSUSDT-1h-2020-12.zip,33754
AXSUSDT,1h,2021-01,True,AXSUSDT/1h/AXSUSDT-1h-2021-01.zip,33757
AXSUSDT,1h,2021-03,False,AXSUSDT/1h/AXSUSDT-1h-2021-03.zip,35181
AXSUSDT,1h,2021-04,False,AXSUSDT/1h/AXSUSDT-1h-2021-04.zip,33699
AXSUSDT,1h,2021-05,True,AXSUSDT/1h/AXSUSDT-1h-2021-05.zip,31213
AXSUSDT,1h,2021-06,False,AXSUSDT/1h/AXSUSDT-1h-2021-06.zip,29417
AXSUSDT,1h,2021-07,False,AXSUSDT/1h/AXSUSDT-1h-2021-07.zip,34713
AXSUSDT,1h,2021-08,True,AXSUSDT/1h/AXSUSDT-1h-2021-08.zip,32794
AXSUSDT,1h,2021-09,True,AXSUSDT/1h/AXSUSDT-1h-2021-09.zip,31102
AXSUSDT,1h,2021-10,True,AXSUSDT/1h/AXSUSDT-1h-2021-10.zip,31885
AXSUSDT,1h,2021-11,True,AXSUSDT/1h/AXSUSDT-1h-2021-11.zip,29754
AXSUSDT,1h,2021-12,True,AXSUSDT/1h/AXSUSDT-1h-2021-12.zip,30080
AXSUSDT,1h,2022-01,True,AXSUSDT/1h/AXSUSDT-1h-2022-01.zip,30162
AXSUSDT,1h,2022-02,True,AXSUSDT/1h/AXSUSDT-1h-2022-02.zip,27719
AXSUSDT,1h,2022-03,True,AXSUSDT/1h/AXSUSDT-1h-2022-03.zip,30097
AXSUSDT,1h,2022-04,True,AXSUSDT/1h/AXSUSDT-1h-2022-04.zip,29310
AXSUSDT,1h,2022-05,True,AXSUSDT/1h/AXSUSDT-1h-2022-05.zip,30634
AXSUSDT,1h,2022-06,True,AXSUSDT/1h/AXSUSDT-1h-2022-06.zip,29149
AXSUSDT,1h,2022-07,True,AXSUSDT/1h/AXSUSDT-1h-2022-07.zip,29469
AXSUSDT,1h,2022-08,True,AXSUSDT/1h/AXSUSDT-1h-2022-08.zip,29084
AXSUSDT,1h,2022-09,True,AXSUSDT/1h/AXSUSDT-1h-2022-09.zip,27889
AXSUSDT,1h,2022-10,True,AXSUSDT/1h/AXSUSDT-1h-2022-10.zip,28318
AXSUSDT,1h,2022-11,True,AXSUSDT/1h/AXSUSDT-1h-2022-11.zip,29682
AXSUSDT,1h,2022-12,True,AXSUSDT/1h/AXSUSDT-1h-2022-12.zip,31538
AXSUSDT,1h,2023-01,True,AXSUSDT/1h/AXSUSDT-1h-2023-01.zip,32283
AXSUSDT,1h,2023-02,True,AXSUSDT/1h/AXSUSDT-1h-2023-02.zip,28803
AXSUSDT,1h,2023-03,True,AXSUSDT/1h/AXSUSDT-1h-2023-03.zip,31190
AXSUSDT,1h,2023-04,True,AXSUSDT/1h/AXSUSDT-1h-2023-04.zip,29558
AXSUSDT,1h,2023-05,False,AXSUSDT/1h/AXSUSDT-1h-2023-05.zip,30287
AXSUSDT,1h,2023-06,True,AXSUSDT/1h/AXSUSDT-1h-2023-06.zip,30028
AXSUSDT,1h,2023-07,True,AXSUSDT/1h/AXSUSDT-1h-2023-07.zip,30601
AXSUSDT,1h,2023-08,False,AXSUSDT/1h/AXSUSDT-1h-2023-08.zip,29817
AXSUSDT,1h,2023-09,False,AXSUSDT/1h/AXSUSDT-1h-2023-09.zip,28943
AXSUSDT,1h,2023-10,True,AXSUSDT/1h/AXSUSDT-1h-2023-10.zip,30257
BAKEUSDT,1h,2021-06,False,BAKEUSDT/1h/BAKEUSDT-1h-2021-06.zip,31677
BAKEUSDT,1h,2021-07,True,BAKEUSDT/1h/BAKEUSDT-1h-2021-07.zip,32776
BAKEUSDT,1h,2021-08,True,BAKEUSDT/1h/BAKEUSDT-1h-2021-08.zip,33052
BAKEUSDT,1h,2021-09,True,BAKEUSDT/1h/BAKEUSDT-1h-2021-09.zip,31501
BAKEUSDT,1h,2022-03,False,BAKEUSDT/1h/BAKEUSDT-1h-2022-03.zip,31130
BAKEUSDT,1h,2022-04,False,BAKEUSDT/1h/BAKEUSDT-1h-2022-04.zip,31555
BAKEUSDT,1h,2022-05,True,BAKEUSDT/1h/BAKEUSDT-1h-2022-05.zip,32160
BAKEUSDT,1h,2023-07,False,BAKEUSDT/1h/BAKEUSDT-1h-2023-07.zip,29235
BAKEUSDT,1h,2023-08,False,BAKEUSDT/1h/BAKEUSDT-1h-2023-08.zip,31548
BAKEUSDT,1h,2023-09,True,BAKEUSDT/1h/BAKEUSDT-1h-2023-09.zip,29766
BAKEUSDT,1h,2023-10,False,BAKEUSDT/1h/BAKEUSDT-1h-2023-10.zip,31286
BAKEUSDT,1h,2023-11,True,BAKEUSDT/1h/BAKEUSDT-1h-2023-11.zip,30275
BAKEUSDT,1h,2023-12,False,BAKEUSDT/1h/BAKEUSDT-1h-2023-12.zip,33560
BAKEUSDT,1h,2024-01,True,BAKEUSDT/1h/BAKEUSDT-1h-2024-01.zip,32761
BAKEUSDT,1h,2024-02,True,BAKEUSDT/1h/BAKEUSDT-1h-2024-02.zip,29552
BALUSDT,1h,2020-10,False,BALUSDT/1h/BALUSDT-1h-2020-10.zip,30722
BALUSDT,1h,2020-11,True,BALUSDT/1h/BALUSDT-1h-2020-11.zip,30351
BALUSDT,1h,2020-12,True,BALUSDT/1h/BALUSDT-1h-2020-12.zip,30895
BALUSDT,1h,2022-03,False,BALUSDT/1h/BALUSDT-1h-2022-03.zip,31366
BALUSDT,1h,2022-04,False,BALUSDT/1h/BALUSDT-1h-2022-04.zip,31651
BALUSDT,1h,2022-05,True,BALUSDT/1h/BALUSDT-1h-2022-05.zip,31969
BANDUSDT,1h,2020-08,False,BANDUSDT/1h/BANDUSDT-1h-2020-08.zip,35728
BANDUSDT,1h,2020-09,True,BANDUSDT/1h/BANDUSDT-1h-2020-09.zip,33447
BANDUSDT,1h,2020-10,True,BANDUSDT/1h/BANDUSDT-1h-2020-10.zip,33639
BANDUSDT,1h,2020-11,True,BANDUSDT/1h/BANDUSDT-1h-2020-11.zip,33204
BANDUSDT,1h,2020-12,True,BANDUSDT/1h/BANDUSDT-1h-2020-12.zip,33842
BANDUSDT,1h,2021-01,True,BANDUSDT/1h/BANDUSDT-1h-2021-01.zip,34986
BANDUSDT,1h,2021-02,True,BANDUSDT/1h/BANDUSDT-1h-2021-02.zip,32395
BANDUSDT,1h,2021-03,True,BANDUSDT/1h/BANDUSDT-1h-2021-03.zip,34842
BANDUSDT,1h,2022-01,False,BANDUSDT/1h/BANDUSDT-1h-2022-01.zip,34566
BANDUSDT,1h,2022-02,False,BANDUSDT/1h/BANDUSDT-1h-2022-02.zip,31591
BANDUSDT,1h,2022-03,True,BANDUSDT/1h/BANDUSDT-1h-2022-03.zip,34036
BANDUSDT,1h,2022-10,False,BANDUSDT/1h/BANDUSDT-1h-2022-10.zip,32742
BANDUSDT,1h,2022-11,False,BANDUSDT/1h/BANDUSDT-1h-2022-11.zip,34668
BANDUSDT,1h,2022-12,True,BANDUSDT/1h/BANDUSDT-1h-2022-12.zip,34477
BANDUSDT,1h,2023-01,True,BANDUSDT/1h/BANDUSDT-1h-2023-01.zip,34083
BATUSDT,1h,2020-03,False,BATUSDT/1h/BATUSDT-1h-2020-03.zip,30200
BATUSDT,1h,2020-04,True,BATUSDT/1h/BATUSDT-1h-2020-04.zip,29234
BATUSDT,1h,2020-05,True,BATUSDT/1h/BATUSDT-1h-2020-05.zip,30968
BATUSDT,1h,2020-06,True,BATUSDT/1h/BATUSDT-1h-2020-06.zip,30769
BATUSDT,1h,2020-07,True,BATUSDT/1h/BATUSDT-1h-2020-07.zip,31537
BATUSDT,1h,2020-08,True,BATUSDT/1h/BATUSDT-1h-2020-08.zip,32845
BATUSDT,1h,2020-09,True,BATUSDT/1h/BATUSDT-1h-2020-09.zip,30824
BATUSDT,1h,2020-10,True,BATUSDT/1h/BATUSDT-1h-2020-10.zip,30633
BATUSDT,1h,2021-02,False,BATUSDT/1h/BATUSDT-1h-2021-02.zip,30968
BATUSDT,1h,2021-03,False,BATUSDT/1h/BATUSDT-1h-2021-03.zip,34700
BATUSDT,1h,2021-04,True,BATUSDT/1h/BATUSDT-1h-2021-04.zip,33601
BATUSDT,1h,2021-10,False,BATUSDT/1h/BATUSDT-1h-2021-10.zip,33399
BATUSDT,1h,2021-11,False,BATUSDT/1h/BATUSDT-1h-2021-11.zip,34109
BATUSDT,1h,2021-12,True,BATUSDT/1h/BATUSDT-1h-2021-12.zip,35117
BCHUSDT,1h,2020-03,True,BCHUSDT/1h/BCHUSDT-1h-2020-03.zip,35211
BCHUSDT,1h,2020-04,True,BCHUSDT/1h/BCHUSDT-1h-2020-04.zip,33537
BCHUSDT,1h,2020-05,True,BCHUSDT/1h/BCHUSDT-1h-2020-05.zip,34234
BCHUSDT,1h,2020-06,True,BCHUSDT/1h/BCHUSDT-1h-2020-06.zip,32611
BCHUSDT,1h,2020-07,True,BCHUSDT/1h/BCHUSDT-1h-2020-07.zip,33833
BCHUSDT,1h,2020-08,True,BCHUSDT/1h/BCHUSDT-1h-2020-08.zip,34923
BCHUSDT,1h,2020-09,True,BCHUSDT/1h/BCHUSDT-1h-2020-09.zip,33066
BCHUSDT,1h,2020-10,True,BCHUSDT/1h/BCHUSDT-1h-2020-10.zip,34367
BCHUSDT,1h,2020-11,True,BCHUSDT/1h/BCHUSDT-1h-2020-11.zip,33896
BCHUSDT,1h,2020-12,True,BCHUSDT/1h/BCHUSDT-1h-2020-12.zip,35494
BCHUSDT,1h,2021-01,True,BCHUSDT/1h/BCHUSDT-1h-2021-01.zip,36437
BCHUSDT,1h,2021-02,True,BCHUSDT/1h/BCHUSDT-1h-2021-02.zip,33338
BCHUSDT,1h,2021-03,True,BCHUSDT/1h/BCHUSDT-1h-2021-03.zip,35667
BCHUSDT,1h,2021-04,True,BCHUSDT/1h/BCHUSDT-1h-2021-04.zip,35867
BCHUSDT,1h,2021-05,True,BCHUSDT/1h/BCHUSDT-1h-2021-05.zip,37918
BCHUSDT,1h,2021-06,True,BCHUSDT/1h/BCHUSDT-1h-2021-06.zip,35115
BCHUSDT,1h,2021-07,True,BCHUSDT/1h/BCHUSDT-1h-2021-07.zip,35762
BCHUSDT,1h,2021-08,True,BCHUSDT/1h/BCHUSDT-1h-2021-08.zip,36096
BCHUSDT,1h,2021-09,True,BCHUSDT/1h/BCHUSDT-1h-2021-09.zip,34785
BCHUSDT,1h,2021-10,True,BCHUSDT/1h/BCHUSDT-1h-2021-10.zip,35668
BCHUSDT,1h,2021-11,True,BCHUSDT/1h/BCHUSDT-1h-2021-11.zip,34478
BCHUSDT,1h,2021-12,True,BCHUSDT/1h/BCHUSDT-1h-2021-12.zip,35092
BCHUSDT,1h,2022-01,True,BCHUSDT/1h/BCHUSDT-1h-2022-01.zip,35124
BCHUSDT,1h,2022-02,True,BCHUSDT/1h/BCHUSDT-1h-2022-02.zip,32030
BCHUSDT,1h,2022-03,True,BCHUSDT/1h/BCHUSDT-1h-2022-03.zip,35106
BCHUSDT,1h,2022-04,True,BCHUSDT/1h/BCHUSDT-1h-2022-04.zip,34062
BCHUSDT,1h,2022-05,True,BCHUSDT/1h/BCHUSDT-1h-2022-05.zip,35303
BCHUSDT,1h,2022-06,True,BCHUSDT/1h/BCHUSDT-1h-2022-06.zip,34175
BCHUSDT,1h,2022-07,True,BCHUSDT/1h/BCHUSDT-1h-2022-07.zip,35063
BCHUSDT,1h,2022-08,True,BCHUSDT/1h/BCHUSDT-1h-2022-08.zip,34884
BCHUSDT,1h,2022-09,True,BCHUSDT/1h/BCHUSDT-1h-2022-09.zip,33850
BCHUSDT,1h,2022-10,True,BCHUSDT/1h/BCHUSDT-1h-2022-10.zip,34271
BCHUSDT,1h,2022-11,True,BCHUSDT/1h/BCHUSDT-1h-2022-11.zip,33614
BCHUSDT,1h,2022-12,True,BCHUSDT/1h/BCHUSDT-1h-2022-12.zip,33493
BCHUSDT,1h,2023-01,True,BCHUSDT/1h/BCHUSDT-1h-2023-01.zip,34436
BCHUSDT,1h,2023-02,True,BCHUSDT/1h/BCHUSDT-1h-2023-02.zip,31374
BCHUSDT,1h,2023-03,True,BCHUSDT/1h/BCHUSDT-1h-2023-03.zip,34562
BCHUSDT,1h,2023-04,True,BCHUSDT/1h/BCHUSDT-1h-2023-04.zip,32850
BCHUSDT,1h,2023-05,False,BCHUSDT/1h/BCHUSDT-1h-2023-05.zip,33737
BCHUSDT,1h,2023-06,True,BCHUSDT/1h/BCHUSDT-1h-2023-06.zip,34131
BCHUSDT,1h,2023-07,True,BCHUSDT/1h/BCHUSDT-1h-2023-07.zip,36856
BCHUSDT,1h,2023-08,True,BCHUSDT/1h/BCHUSDT-1h-2023-08.zip,35751
BCHUSDT,1h,2023-09,True,BCHUSDT/1h/BCHUSDT-1h-2023-09.zip,34489
BCHUSDT,1h,2023-10,True,BCHUSDT/1h/BCHUSDT-1h-2023-10.zip,35606
BCHUSDT,1h,2023-11,True,BCHUSDT/1h/BCHUSDT-1h-2023-11.zip,33835
BCHUSDT,1h,2023-12,True,BCHUSDT/1h/BCHUSDT-1h-2023-12.zip,35173
BCHUSDT,1h,2024-01,True,BCHUSDT/1h/BCHUSDT-1h-2024-01.zip,35177
BCHUSDT,1h,2024-02,True,BCHUSDT/1h/BCHUSDT-1h-2024-02.zip,32930
BELUSDT,1h,2020-12,False,BELUSDT/1h/BELUSDT-1h-2020-12.zip,33316
BELUSDT,1h,2021-01,True,BELUSDT/1h/BELUSDT-1h-2021-01.zip,33759
BELUSDT,1h,2022-04,False,BELUSDT/1h/BELUSDT-1h-2022-04.zip,30729
BELUSDT,1h,2022-05,False,BELUSDT/1h/BELUSDT-1h-2022-05.zip,32856
BELUSDT,1h,2022-06,True,BELUSDT/1h/BELUSDT-1h-2022-06.zip,33561
BELUSDT,1h,2022-07,True,BELUSDT/1h/BELUSDT-1h-2022-07.zip,32434
BELUSDT,1h,2023-03,False,BELUSDT/1h/BELUSDT-1h-2023-03.zip,31784
BELUSDT,1h,2023-04,False,BELUSDT/1h/BELUSDT-1h-2023-04.zip,31543
BELUSDT,1h,2023-05,True,BELUSDT/1h/BELUSDT-1h-2023-05.zip,32652
BELUSDT,1h,2023-06,True,BELUSDT/1h/BELUSDT-1h-2023-06.zip,31118
BIGTIMEUSDT,1h,2023-11,False,BIGTIMEUSDT/1h/BIGTIMEUSDT-1h-2023-11.zip,32762
BIGTIMEUSDT,1h,2023-12,False,BIGTIMEUSDT/1h/BIGTIMEUSDT-1h-2023-12.zip,35523
BIGTIMEUSDT,1h,2024-01,True,BIGTIMEUSDT/1h/BIGTIMEUSDT-1h-2024-01.zip,33797
BLURUSDT,1h,2023-09,False,BLURUSDT/1h/BLURUSDT-1h-2023-09.zip,30131
BLURUSDT,1h,2023-10,False,BLURUSDT/1h/BLURUSDT-1h-2023-10.zip,32404
BLURUSDT,1h,2023-11,True,BLURUSDT/1h/BLURUSDT-1h-2023-11.zip,34041
BLURUSDT,1h,2023-12,True,BLURUSDT/1h/BLURUSDT-1h-2023-12.zip,34375
BLURUSDT,1h,2024-01,True,BLURUSDT/1h/BLURUSDT-1h-2024-01.zip,34789
BLURUSDT,1h,2024-02,True,BLURUSDT/1h/BLURUSDT-1h-2024-02.zip,32061
BLZUSDT,1h,2022-01,False,BLZUSDT/1h/BLZUSDT-1h-2022-01.zip,33538
BLZUSDT,1h,2022-02,False,BLZUSDT/1h/BLZUSDT-1h-2022-02.zip,31516
BLZUSDT,1h,2022-03,True,BLZUSDT/1h/BLZUSDT-1h-2022-03.zip,33369
BLZUSDT,1h,2022-05,False,BLZUSDT/1h/BLZUSDT-1h-2022-05.zip,33502
BLZUSDT,1h,2022-06,False,BLZUSDT/1h/BLZUSDT-1h-2022-06.zip,33873
BLZUSDT,1h,2022-07,True,BLZUSDT/1h/BLZUSDT-1h-2022-07.zip,33284
BLZUSDT,1h,2022-08,False,BLZUSDT/1h/BLZUSDT-1h-2022-08.zip,33674
BLZUSDT,1h,2022-09,True,BLZUSDT/1h/BLZUSDT-1h-2022-09.zip,31635
BLZUSDT,1h,2023-07,False,BLZUSDT/1h/BLZUSDT-1h-2023-07.zip,31662
BLZUSDT,1h,2023-08,False,BLZUSDT/1h/BLZUSDT-1h-2023-08.zip,34703
BLZUSDT,1h,2023-09,True,BLZUSDT/1h/BLZUSDT-1h-2023-09.zip,34499
BLZUSDT,1h,2023-10,True,BLZUSDT/1h/BLZUSDT-1h-2023-10.zip,35032
BLZUSDT,1h,2023-11,True,BLZUSDT/1h/BLZUSDT-1h-2023-11.zip,33160
BNBUSDT,1h,2020-03,False,BNBUSDT/1h/BNBUSDT-1h-2020-03.zip,33836
BNBUSDT,1h,2020-04,True,BNBUSDT/1h/BNBUSDT-1h-2020-04.zip,32442
BNBUSDT,1h,2020-05,True,BNBUSDT/1h/BNBUSDT-1h-2020-05.zip,33040
BNBUSDT,1h,2020-06,True,BNBUSDT/1h/BNBUSDT-1h-2020-06.zip,31311
BNBUSDT,1h,2020-07,True,BNBUSDT/1h/BNBUSDT-1h-2020-07.zip,33454
BNBUSDT,1h,2020-08,True,BNBUSDT/1h/BNBUSDT-1h-2020-08.zip,33782
BNBUSDT,1h,2020-09,True,BNBUSDT/1h/BNBUSDT-1h-2020-09.zip,34030
BNBUSDT,1h,2020-10,True,BNBUSDT/1h/BNBUSDT-1h-2020-10.zip,34296
BNBUSDT,1h,2020-11,True,BNBUSDT/1h/BNBUSDT-1h-2020-11.zip,33367
BNBUSDT,1h,2020-12,True,BNBUSDT/1h/BNBUSDT-1h-2020-12.zip,34563
BNBUSDT,1h,2021-01,True,BNBUSDT/1h/BNBUSDT-1h-2021-01.zip,35217
BNBUSDT,1h,2021-02,True,BNBUSDT/1h/BNBUSDT-1h-2021-02.zip,34403
BNBUSDT,1h,2021-03,True,BNBUSDT/1h/BNBUSDT-1h-2021-03.zip,37864
BNBUSDT,1h,2021-04,True,BNBUSDT/1h/BNBUSDT-1h-2021-04.zip,37739
BNBUSDT,1h,2021-05,True,BNBUSDT/1h/BNBUSDT-1h-2021-05.zip,38011
BNBUSDT,1h,2021-06,True,BNBUSDT/1h/BNBUSDT-1h-2021-06.zip,36011
BNBUSDT,1h,2021-07,True,BNBUSDT/1h/BNBUSDT-1h-2021-07.zip,36160
BNBUSDT,1h,2021-08,True,BNBUSDT/1h/BNBUSDT-1h-2021-08.zip,36126
BNBUSDT,1h,2021-09,True,BNBUSDT/1h/BNBUSDT-1h-2021-09.zip,34781
BNBUSDT,1h,2021-10,True,BNBUSDT/1h/BNBUSDT-1h-2021-10.zip,35804
BNBUSDT,1h,2021-11,True,BNBUSDT/1h/BNBUSDT-1h-2021-11.zip,35132
BNBUSDT,1h,2021-12,True,BNBUSDT/1h/BNBUSDT-1h-2021-12.zip,35577
BNBUSDT,1h,2022-01,True,BNBUSDT/1h/BNBUSDT-1h-2022-01.zip,35700
BNBUSDT,1h,2022-02,True,BNBUSDT/1h/BNBUSDT-1h-2022-02.zip,32061
BNBUSDT,1h,2022-03,True,BNBUSDT/1h/BNBUSDT-1h-2022-03.zip,35050
BNBUSDT,1h,2022-04,True,BNBUSDT/1h/BNBUSDT-1h-2022-04.zip,33744
BNBUSDT,1h,2022-05,True,BNBUSDT/1h/BNBUSDT-1h-2022-05.zip,35595
BNBUSDT,1h,2022-06,True,BNBUSDT/1h/BNBUSDT-1h-2022-06.zip,34575
BNBUSDT,1h,2022-07,True,BNBUSDT/1h/BNBUSDT-1h-2022-07.zip,35199
BNBUSDT,1h,2022-08,True,BNBUSDT/1h/BNBUSDT-1h-2022-08.zip,35489
BNBUSDT,1h,2022-09,True,BNBUSDT/1h/BNBUSDT-1h-2022-09.zip,33642
BNBUSDT,1h,2022-10,True,BNBUSDT/1h/BNBUSDT-1h-2022-10.zip,34332
BNBUSDT,1h,2022-11,True,BNBUSDT/1h/BNBUSDT-1h-2022-11.zip,34783
BNBUSDT,1h,2022-12,True,BNBUSDT/1h/BNBUSDT-1h-2022-12.zip,34678
BNBUSDT,1h,2023-01,True,BNBUSDT/1h/BNBUSDT-1h-2023-01.zip,34924
BNBUSDT,1h,2023-02,True,BNBUSDT/1h/BNBUSDT-1h-2023-02.zip,31695
BNBUSDT,1h,2023-03,True,BNBUSDT/1h/BNBUSDT-1h-2023-03.zip,35049
BNBUSDT,1h,2023-04,True,BNBUSDT/1h/BNBUSDT-1h-2023-04.zip,33286
BNBUSDT,1h,2023-05,True,BNBUSDT/1h/BNBUSDT-1h-2023-05.zip,33849
BNBUSDT,1h,2023-06,True,BNBUSDT/1h/BNBUSDT-1h-2023-06.zip,33952
BNBUSDT,1h,2023-07,True,BNBUSDT/1h/BNBUSDT-1h-2023-07.zip,34110
BNBUSDT,1h,2023-08,True,BNBUSDT/1h/BNBUSDT-1h-2023-08.zip,33711
BNBUSDT,1h,2023-09,True,BNBUSDT/1h/BNBUSDT-1h-2023-09.zip,32046
BNBUSDT,1h,2023-10,True,BNBUSDT/1h/BNBUSDT-1h-2023-10.zip,33414
BNBUSDT,1h,2023-11,True,BNBUSDT/1h/BNBUSDT-1h-2023-11.zip,33363
BNBUSDT,1h,2023-12,True,BNBUSDT/1h/BNBUSDT-1h-2023-12.zip,34877
BNBUSDT,1h,2024-01,True,BNBUSDT/1h/BNBUSDT-1h-2024-01.zip,34680
BNBUSDT,1h,2024-02,True,BNBUSDT/1h/BNBUSDT-1h-2024-02.zip,32509
BNTUSDT,1h,2023-09,False,BNTUSDT/1h/BNTUSDT-1h-2023-09.zip,29343
BNTUSDT,1h,2023-10,False,BNTUSDT/1h/BNTUSDT-1h-2023-10.zip,32894
BNTUSDT,1h,2023-11,True,BNTUSDT/1h/BNTUSDT-1h-2023-11.zip,32089
BNXUSDT,1h,2022-11,False,BNXUSDT/1h/BNXUSDT-1h-2022-11.zip,29720
BNXUSDT,1h,2022-12,False,BNXUSDT/1h/BNXUSDT-1h-2022-12.zip,31843
BNXUSDT,1h,2023-01,True,BNXUSDT/1h/BNXUSDT-1h-2023-01.zip,30418
BTCUSDT,1h,2020-03,True,BTCUSDT/1h/BTCUSDT-1h-2020-03.zip,38166
BTCUSDT,1h,2020-04,True,BTCUSDT/1h/BTCUSDT-1h-2020-04.zip,36833
BTCUSDT,1h,2020-05,True,BTCUSDT/1h/BTCUSDT-1h-2020-05.zip,38289
BTCUSDT,1h,2020-06,True,BTCUSDT/1h/BTCUSDT-1h-2020-06.zip,36260
BTCUSDT,1h,2020-07,True,BTCUSDT/1h/BTCUSDT-1h-2020-07.zip,37043
BTCUSDT,1h,2020-08,True,BTCUSDT/1h/BTCUSDT-1h-2020-08.zip,37996
BTCUSDT,1h,2020-09,True,BTCUSDT/1h/BTCUSDT-1h-2020-09.zip,36859
BTCUSDT,1h,2020-10,True,BTCUSDT/1h/BTCUSDT-1h-2020-10.zip,38117
BTCUSDT,1h,2020-11,True,BTCUSDT/1h/BTCUSDT-1h-2020-11.zip,37893
BTCUSDT,1h,2020-12,True,BTCUSDT/1h/BTCUSDT-1h-2020-12.zip,39316
BTCUSDT,1h,2021-01,True,BTCUSDT/1h/BTCUSDT-1h-2021-01.zip,40346
BTCUSDT,1h,2021-02,True,BTCUSDT/1h/BTCUSDT-1h-2021-02.zip,36379
BTCUSDT,1h,2021-03,True,BTCUSDT/1h/BTCUSDT-1h-2021-03.zip,40163
BTCUSDT,1h,2021-04,True,BTCUSDT/1h/BTCUSDT-1h-2021-04.zip,38669
BTCUSDT,1h,2021-05,True,BTCUSDT/1h/BTCUSDT-1h-2021-05.zip,40697
BTCUSDT,1h,2021-06,True,BTCUSDT/1h/BTCUSDT-1h-2021-06.zip,39207
BTCUSDT,1h,2021-07,True,BTCUSDT/1h/BTCUSDT-1h-2021-07.zip,40038
BTCUSDT,1h,2021-08,True,BTCUSDT/1h/BTCUSDT-1h-2021-08.zip,40160
BTCUSDT,1h,2021-09,True,BTCUSDT/1h/BTCUSDT-1h-2021-09.zip,38738
BTCUSDT,1h,2021-10,True,BTCUSDT/1h/BTCUSDT-1h-2021-10.zip,40087
BTCUSDT,1h,2021-11,True,BTCUSDT/1h/BTCUSDT-1h-2021-11.zip,38610
BTCUSDT,1h,2021-12,True,BTCUSDT/1h/BTCUSDT-1h-2021-12.zip,40053
BTCUSDT,1h,2022-01,True,BTCUSDT/1h/BTCUSDT-1h-2022-01.zip,39953
BTCUSDT,1h,2022-02,True,BTCUSDT/1h/BTCUSDT-1h-2022-02.zip,35964
BTCUSDT,1h,2022-03,True,BTCUSDT/1h/BTCUSDT-1h-2022-03.zip,39024
BTCUSDT,1h,2022-04,True,BTCUSDT/1h/BTCUSDT-1h-2022-04.zip,37478
BTCUSDT,1h,2022-05,True,BTCUSDT/1h/BTCUSDT-1h-2022-05.zip,39107
BTCUSDT,1h,2022-06,True,BTCUSDT/1h/BTCUSDT-1h-2022-06.zip,37922
BTCUSDT,1h,2022-07,True,BTCUSDT/1h/BTCUSDT-1h-2022-07.zip,38784
BTCUSDT,1h,2022-08,True,BTCUSDT/1h/BTCUSDT-1h-2022-08.zip,38388
BTCUSDT,1h,2022-09,True,BTCUSDT/1h/BTCUSDT-1h-2022-09.zip,37283
BTCUSDT,1h,2022-10,True,BTCUSDT/1h/BTCUSDT-1h-2022-10.zip,37838
BTCUSDT,1h,2022-11,True,BTCUSDT/1h/BTCUSDT-1h-2022-11.zip,36889
BTCUSDT,1h,2022-12,True,BTCUSDT/1h/BTCUSDT-1h-2022-12.zip,36820
BTCUSDT,1h,2023-01,True,BTCUSDT/1h/BTCUSDT-1h-2023-01.zip,37766
BTCUSDT,1h,2023-02,True,BTCUSDT/1h/BTCUSDT-1h-2023-02.zip,34682
BTCUSDT,1h,2023-03,True,BTCUSDT/1h/BTCUSDT-1h-2023-03.zip,38700
BTCUSDT,1h,2023-04,True,BTCUSDT/1h/BTCUSDT-1h-2023-04.zip,37139
BTCUSDT,1h,2023-05,True,BTCUSDT/1h/BTCUSDT-1h-2023-05.zip,38198
BTCUSDT,1h,2023-06,True,BTCUSDT/1h/BTCUSDT-1h-2023-06.zip,37120
BTCUSDT,1h,2023-07,True,BTCUSDT/1h/BTCUSDT-1h-2023-07.zip,37558
BTCUSDT,1h,2023-08,True,BTCUSDT/1h/BTCUSDT-1h-2023-08.zip,37282
BTCUSDT,1h,2023-09,True,BTCUSDT/1h/BTCUSDT-1h-2023-09.zip,35974
BTCUSDT,1h,2023-10,True,BTCUSDT/1h/BTCUSDT-1h-2023-10.zip,37679
BTCUSDT,1h,2023-11,True,BTCUSDT/1h/BTCUSDT-1h-2023-11.zip,36685
BTCUSDT,1h,2023-12,True,BTCUSDT/1h/BTCUSDT-1h-2023-12.zip,38475
BTCUSDT,1h,2024-01,True,BTCUSDT/1h/BTCUSDT-1h-2024-01.zip,38890
BTCUSDT,1h,2024-02,True,BTCUSDT/1h/BTCUSDT-1h-2024-02.zip,36374
BTTUSDT,1h,2021-05,False,BTTUSDT/1h/BTTUSDT-1h-2021-05.zip,36571
BTTUSDT,1h,2021-06,True,BTTUSDT/1h/BTTUSDT-1h-2021-06.zip,34131
BTTUSDT,1h,2021-07,True,BTTUSDT/1h/BTTUSDT-1h-2021-07.zip,34221
BTTUSDT,1h,2021-08,False,BTTUSDT/1h/BTTUSDT-1h-2021-08.zip,35906
BTTUSDT,1h,2021-09,True,BTTUSDT/1h/BTTUSDT-1h-2021-09.zip,34333
BTTUSDT,1h,2021-11,False,BTTUSDT/1h/BTTUSDT-1h-2021-11.zip,34052
BTTUSDT,1h,2021-12,False,BTTUSDT/1h/BTTUSDT-1h-2021-12.zip,35679
BTTUSDT,1h,2022-01,True,BTTUSDT/1h/BTTUSDT-1h-2022-01.zip,17589
BZRXUSDT,1h,2020-10,False,BZRXUSDT/1h/BZRXUSDT-1h-2020-10.zip,29574
BZRXUSDT,1h,2020-11,True,BZRXUSDT/1h/BZRXUSDT-1h-2020-11.zip,30072
BZRXUSDT,1h,2020-12,True,BZRXUSDT/1h/BZRXUSDT-1h-2020-12.zip,30598
BZRXUSDT,1h,2021-01,True,BZRXUSDT/1h/BZRXUSDT-1h-2021-01.zip,31280
C98USDT,1h,2021-09,False,C98USDT/1h/C98USDT-1h-2021-09.zip,32569
C98USDT,1h,2021-10,True,C98USDT/1h/C98USDT-1h-2021-10.zip,33005
C98USDT,1h,2021-11,True,C98USDT/1h/C98USDT-1h-2021-11.zip,31484
C98USDT,1h,2023-07,False,C98USDT/1h/C98USDT-1h-2023-07.zip,29556
C98USDT,1h,2023-08,False,C98USDT/1h/C98USDT-1h-2023-08.zip,30857
C98USDT,1h,2023-09,True,C98USDT/1h/C98USDT-1h-2023-09.zip,28839
CELOUSDT,1h,2022-03,False,CELOUSDT/1h/CELOUSDT-1h-2022-03.zip,31829
CELOUSDT,1h,2022-04,False,CELOUSDT/1h/CELOUSDT-1h-2022-04.zip,31278
CELOUSDT,1h,2022-05,True,CELOUSDT/1h/CELOUSDT-1h-2022-05.zip,31653
CELOUSDT,1h,2022-11,False,CELOUSDT/1h/CELOUSDT-1h-2022-11.zip,29863
CELOUSDT,1h,2022-12,False,CELOUSDT/1h/CELOUSDT-1h-2022-12.zip,30363
CELOUSDT,1h,2023-01,True,CELOUSDT/1h/CELOUSDT-1h-2023-01.zip,30740
CELOUSDT,1h,2023-06,False,CELOUSDT/1h/CELOUSDT-1h-2023-06.zip,29156
CELOUSDT,1h,2023-07,False,CELOUSDT/1h/CELOUSDT-1h-2023-07.zip,30618
CELOUSDT,1h,2023-08,True,CELOUSDT/1h/CELOUSDT-1h-2023-08.zip,29784
CELRUSDT,1h,2021-08,False,CELRUSDT/1h/CELRUSDT-1h-2021-08.zip,33343
CELRUSDT,1h,2021-09,False,CELRUSDT/1h/CELRUSDT-1h-2021-09.zip,34675
CELRUSDT,1h,2021-10,True,CELRUSDT/1h/CELRUSDT-1h-2021-10.zip,35030
CELRUSDT,1h,2021-11,True,CELRUSDT/1h/CELRUSDT-1h-2021-11.zip,33673
CELRUSDT,1h,2021-12,True,CELRUSDT/1h/CELRUSDT-1h-2021-12.zip,34924
CELRUSDT,1h,2022-01,True,CELRUSDT/1h/CELRUSDT-1h-2022-01.zip,34988
CELRUSDT,1h,2022-02,True,CELRUSDT/1h/CELRUSDT-1h-2022-02.zip,31051
CELRUSDT,1h,2022-03,True,CELRUSDT/1h/CELRUSDT-1h-2022-03.zip,34068
CELRUSDT,1h,2022-04,False,CELRUSDT/1h/CELRUSDT-1h-2022-04.zip,33194
CELRUSDT,1h,2022-05,True,CELRUSDT/1h/CELRUSDT-1h-2022-05.zip,33840
CELRUSDT,1h,2023-03,False,CELRUSDT/1h/CELRUSDT-1h-2023-03.zip,33075
CELRUSDT,1h,2023-04,False,CELRUSDT/1h/CELRUSDT-1h-2023-04.zip,32384
CELRUSDT,1h,2023-05,True,CELRUSDT/1h/CELRUSDT-1h-2023-05.zip,32590
CFXUSDT,1h,2023-03,False,CFXUSDT/1h/CFXUSDT-1h-2023-03.zip,36210
CFXUSDT,1h,2023-04,True,CFXUSDT/1h/CFXUSDT-1h-2023-04.zip,33926
CFXUSDT,1h,2023-05,True,CFXUSDT/1h/CFXUSDT-1h-2023-05.zip,34532
CFXUSDT,1h,2023-06,True,CFXUSDT/1h/CFXUSDT-1h-2023-06.zip,33346
CFXUSDT,1h,2023-07,True,CFXUSDT/1h/CFXUSDT-1h-2023-07.zip,33306
CFXUSDT,1h,2023-08,True,CFXUSDT/1h/CFXUSDT-1h-2023-08.zip,32883
CFXUSDT,1h,2023-09,True,CFXUSDT/1h/CFXUSDT-1h-2023-09.zip,31552
CFXUSDT,1h,2023-10,True,CFXUSDT/1h/CFXUSDT-1h-2023-10.zip,32832
CFXUSDT,1h,2023-11,True,CFXUSDT/1h/CFXUSDT-1h-2023-11.zip,32243
CFXUSDT,1h,2023-12,False,CFXUSDT/1h/CFXUSDT-1h-2023-12.zip,33420
CFXUSDT,1h,2024-01,False,CFXUSDT/1h/CFXUSDT-1h-2024-01.zip,33898
CFXUSDT,1h,2024-02,True,CFXUSDT/1h/CFXUSDT-1h-2024-02.zip,31208
CHRUSDT,1h,2021-06,False,CHRUSDT/1h/CHRUSDT-1h-2021-06.zip,29733
CHRUSDT,1h,2021-07,False,CHRUSDT/1h/CHRUSDT-1h-2021-07.zip,32907
CHRUSDT,1h,2021-08,True,CHRUSDT/1h/CHRUSDT-1h-2021-08.zip,32731
CHRUSDT,1h,2021-09,True,CHRUSDT/1h/CHRUSDT-1h-2021-09.zip,31062
CHRUSDT,1h,2021-10,False,CHRUSDT/1h/CHRUSDT-1h-2021-10.zip,31793
CHRUSDT,1h,2021-11,False,CHRUSDT/1h/CHRUSDT-1h-2021-11.zip,33331
CHRUSDT,1h,2021-12,True,CHRUSDT/1h/CHRUSDT-1h-2021-12.zip,33143
CHRUSDT,1h,2022-01,True,CHRUSDT/1h/CHRUSDT-1h-2022-01.zip,33275
CHRUSDT,1h,2022-02,True,CHRUSDT/1h/CHRUSDT-1h-2022-02.zip,29481
CHRUSDT,1h,2022-03,True,CHRUSDT/1h/CHRUSDT-1h-2022-03.zip,31997
CHRUSDT,1h,2022-04,False,CHRUSDT/1h/CHRUSDT-1h-2022-04.zip,31006
CHRUSDT,1h,2022-05,True,CHRUSDT/1h/CHRUSDT-1h-2022-05.zip,31836
CHZUSDT,1h,2021-02,False,CHZUSDT/1h/CHZUSDT-1h-2021-02.zip,30041
CHZUSDT,1h,2021-03,False,CHZUSDT/1h/CHZUSDT-1h-2021-03.zip,36631
CHZUSDT,1h,2021-04,True,CHZUSDT/1h/CHZUSDT-1h-2021-04.zip,35264
CHZUSDT,1h,2021-05,True,CHZUSDT/1h/CHZUSDT-1h-2021-05.zip,35923
CHZUSDT,1h,2021-06,True,CHZUSDT/1h/CHZUSDT-1h-2021-06.zip,34466
CHZUSDT,1h,2021-07,True,CHZUSDT/1h/CHZUSDT-1h-2021-07.zip,34753
CHZUSDT,1h,2021-08,True,CHZUSDT/1h/CHZUSDT-1h-2021-08.zip,35236
CHZUSDT,1h,2021-09,True,CHZUSDT/1h/CHZUSDT-1h-2021-09.zip,33842
CHZUSDT,1h,2021-10,False,CHZUSDT/1h/CHZUSDT-1h-2021-10.zip,34905
CHZUSDT,1h,2021-11,True,CHZUSDT/1h/CHZUSDT-1h-2021-11.zip,34863
CHZUSDT,1h,2021-12,True,CHZUSDT/1h/CHZUSDT-1h-2021-12.zip,34891
CHZUSDT,1h,2022-01,False,CHZUSDT/1h/CHZUSDT-1h-2022-01.zip,34548
CHZUSDT,1h,2022-02,False,CHZUSDT/1h/CHZUSDT-1h-2022-02.zip,31123
CHZUSDT,1h,2022-03,True,CHZUSDT/1h/CHZUSDT-1h-2022-03.zip,34876
CHZUSDT,1h,2022-04,True,CHZUSDT/1h/CHZUSDT-1h-2022-04.zip,33615
CHZUSDT,1h,2022-05,True,CHZUSDT/1h/CHZUSDT-1h-2022-05.zip,34478
CHZUSDT,1h,2022-07,False,CHZUSDT/1h/CHZUSDT-1h-2022-07.zip,33825
CHZUSDT,1h,2022-08,False,CHZUSDT/1h/CHZUSDT-1h-2022-08.zip,35977
CHZUSDT,1h,2022-09,True,CHZUSDT/1h/CHZUSDT-1h-2022-09.zip,34997
CHZUSDT,1h,2022-10,True,CHZUSDT/1h/CHZUSDT-1h-2022-10.zip,35487
CHZUSDT,1h,2022-11,True,CHZUSDT/1h/CHZUSDT-1h-2022-11.zip,35638
CHZUSDT,1h,2022-12,True,CHZUSDT/1h/CHZUSDT-1h-2022-12.zip,34791
CHZUSDT,1h,2023-01,True,CHZUSDT/1h/CHZUSDT-1h-2023-01.zip,34602
CHZUSDT,1h,2023-02,True,CHZUSDT/1h/CHZUSDT-1h-2023-02.zip,31158
CHZUSDT,1h,2023-03,True,CHZUSDT/1h/CHZUSDT-1h-2023-03.zip,33809
CHZUSDT,1h,2023-04,False,CHZUSDT/1h/CHZUSDT-1h-2023-04.zip,33197
CHZUSDT,1h,2023-05,True,CHZUSDT/1h/CHZUSDT-1h-2023-05.zip,33283
CHZUSDT,1h,2023-12,False,CHZUSDT/1h/CHZUSDT-1h-2023-12.zip,33494
CHZUSDT,1h,2024-01,False,CHZUSDT/1h/CHZUSDT-1h-2024-01.zip,34488
CHZUSDT,1h,2024-02,True,CHZUSDT/1h/CHZUSDT-1h-2024-02.zip,31884
CKBUSDT,1h,2024-01,False,CKBUSDT/1h/CKBUSDT-1h-2024-01.zip,34140
CKBUSDT,1h,2024-02,False,CKBUSDT/1h/CKBUSDT-1h-2024-02.zip,35624
COCOSUSDT,1h,2023-03,False,COCOSUSDT/1h/COCOSUSDT-1h-2023-03.zip,32878
COCOSUSDT,1h,2023-04,False,COCOSUSDT/1h/COCOSUSDT-1h-2023-04.zip,32418
COCOSUSDT,1h,2023-05,True,COCOSUSDT/1h/COCOSUSDT-1h-2023-05.zip,27790
COMPUSDT,1h,2020-07,False,COMPUSDT/1h/COMPUSDT-1h-2020-07.zip,33117
COMPUSDT,1h,2020-08,True,COMPUSDT/1h/COMPUSDT-1h-2020-08.zip,34202
COMPUSDT,1h,2020-09,True,COMPUSDT/1h/COMPUSDT-1h-2020-09.zip,32817
COMPUSDT,1h,2020-10,True,COMPUSDT/1h/COMPUSDT-1h-2020-10.zip,33144
COMPUSDT,1h,2020-11,True,COMPUSDT/1h/COMPUSDT-1h-2020-11.zip,32614
COMPUSDT,1h,2020-12,True,COMPUSDT/1h/COMPUSDT-1h-2020-12.zip,34130
COMPUSDT,1h,2021-01,True,COMPUSDT/1h/COMPUSDT-1h-2021-01.zip,34612
COMPUSDT,1h,2021-02,True,COMPUSDT/1h/COMPUSDT-1h-2021-02.zip,31731
COMPUSDT,1h,2021-06,False,COMPUSDT/1h/COMPUSDT-1h-2021-06.zip,33443
COMPUSDT,1h,2021-07,False,COMPUSDT/1h/COMPUSDT-1h-2021-07.zip,35453
COMPUSDT,1h,2021-08,True,COMPUSDT/1h/COMPUSDT-1h-2021-08.zip,35083
COMPUSDT,1h,2022-03,False,COMPUSDT/1h/COMPUSDT-1h-2022-03.zip,33899
COMPUSDT,1h,2022-04,False,COMPUSDT/1h/COMPUSDT-1h-2022-04.zip,33435
COMPUSDT,1h,2022-05,True,COMPUSDT/1h/COMPUSDT-1h-2022-05.zip,33941
COMPUSDT,1h,2022-06,False,COMPUSDT/1h/COMPUSDT-1h-2022-06.zip,33016
COMPUSDT,1h,2022-07,False,COMPUSDT/1h/COMPUSDT-1h-2022-07.zip,33925
COMPUSDT,1h,2022-08,True,COMPUSDT/1h/COMPUSDT-1h-2022-08.zip,33393
COMPUSDT,1h,2022-09,False,COMPUSDT/1h/COMPUSDT-1h-2022-09.zip,32588
COMPUSDT,1h,2022-10,True,COMPUSDT/1h/COMPUSDT-1h-2022-10.zip,32785
COMPUSDT,1h,2023-05,False,COMPUSDT/1h/COMPUSDT-1h-2023-05.zip,31720
COMPUSDT,1h,2023-06,False,COMPUSDT/1h/COMPUSDT-1h-2023-06.zip,31847
COMPUSDT,1h,2023-07,True,COMPUSDT/1h/COMPUSDT-1h-2023-07.zip,35792
COMPUSDT,1h,2023-08,True,COMPUSDT/1h/COMPUSDT-1h-2023-08.zip,34068
COMPUSDT,1h,2023-09,True,COMPUSDT/1h/COMPUSDT-1h-2023-09.zip,32115
COMPUSDT,1h,2023-10,True,COMPUSDT/1h/COMPUSDT-1h-2023-10.zip,33102
COTIUSDT,1h,2021-08,False,COTIUSDT/1h/COTIUSDT-1h-2021-08.zip,34723
COTIUSDT,1h,2021-09,False,COTIUSDT/1h/COTIUSDT-1h-2021-09.zip,34633
COTIUSDT,1h,2021-10,True,COTIUSDT/1h/COTIUSDT-1h-2021-10.zip,35278
COTIUSDT,1h,2021-11,True,COTIUSDT/1h/COTIUSDT-1h-2021-11.zip,33798
COTIUSDT,1h,2021-12,False,COTIUSDT/1h/COTIUSDT-1h-2021-12.zip,34663
COTIUSDT,1h,2022-01,False,COTIUSDT/1h/COTIUSDT-1h-2022-01.zip,35020
COTIUSDT,1h,2022-02,True,COTIUSDT/1h/COTIUSDT-1h-2022-02.zip,31127
COTIUSDT,1h,2022-03,True,COTIUSDT/1h/COTIUSDT-1h-2022-03.zip,33850
COTIUSDT,1h,2022-04,False,COTIUSDT/1h/COTIUSDT-1h-2022-04.zip,33297
COTIUSDT,1h,2022-05,True,COTIUSDT/1h/COTIUSDT-1h-2022-05.zip,34026
COTIUSDT,1h,2024-01,False,COTIUSDT/1h/COTIUSDT-1h-2024-01.zip,32178
COTIUSDT,1h,2024-02,False,COTIUSDT/1h/COTIUSDT-1h-2024-02.zip,32627
CRVUSDT,1h,2020-10,False,CRVUSDT/1h/CRVUSDT-1h-2020-10.zip,30818
CRVUSDT,1h,2020-11,True,CRVUSDT/1h/CRVUSDT-1h-2020-11.zip,31015
CRVUSDT,1h,2020-12,True,CRVUSDT/1h/CRVUSDT-1h-2020-12.zip,30954
CRVUSDT,1h,2021-01,True,CRVUSDT/1h/CRVUSDT-1h-2021-01.zip,32604
CRVUSDT,1h,2021-02,True,CRVUSDT/1h/CRVUSDT-1h-2021-02.zip,29594
CRVUSDT,1h,2021-03,True,CRVUSDT/1h/CRVUSDT-1h-2021-03.zip,32438
CRVUSDT,1h,2021-04,True,CRVUSDT/1h/CRVUSDT-1h-2021-04.zip,31737
CRVUSDT,1h,2021-05,True,CRVUSDT/1h/CRVUSDT-1h-2021-05.zip,33071
CRVUSDT,1h,2021-06,True,CRVUSDT/1h/CRVUSDT-1h-2021-06.zip,31466
CRVUSDT,1h,2021-07,True,CRVUSDT/1h/CRVUSDT-1h-2021-07.zip,31345
CRVUSDT,1h,2021-08,False,CRVUSDT/1h/CRVUSDT-1h-2021-08.zip,32071
CRVUSDT,1h,2021-09,False,CRVUSDT/1h/CRVUSDT-1h-2021-09.zip,31798
CRVUSDT,1h,2021-10,True,CRVUSDT/1h/CRVUSDT-1h-2021-10.zip,32955
CRVUSDT,1h,2021-11,True,CRVUSDT/1h/CRVUSDT-1h-2021-11.zip,32415
CRVUSDT,1h,2021-12,True,CRVUSDT/1h/CRVUSDT-1h-2021-12.zip,33590
CRVUSDT,1h,2022-01,True,CRVUSDT/1h/CRVUSDT-1h-2022-01.zip,33992
CRVUSDT,1h,2022-02,True,CRVUSDT/1h/CRVUSDT-1h-2022-02.zip,29848
CRVUSDT,1h,2022-03,True,CRVUSDT/1h/CRVUSDT-1h-2022-03.zip,32298
CRVUSDT,1h,2022-04,True,CRVUSDT/1h/CRVUSDT-1h-2022-04.zip,31367
CRVUSDT,1h,2022-05,True,CRVUSDT/1h/CRVUSDT-1h-2022-05.zip,32862
CRVUSDT,1h,2022-06,True,CRVUSDT/1h/CRVUSDT-1h-2022-06.zip,31182
CRVUSDT,1h,2022-07,True,CRVUSDT/1h/CRVUSDT-1h-2022-07.zip,32883
CRVUSDT,1h,2022-08,True,CRVUSDT/1h/CRVUSDT-1h-2022-08.zip,32273
CRVUSDT,1h,2022-09,True,CRVUSDT/1h/CRVUSDT-1h-2022-09.zip,31012
CRVUSDT,1h,2022-10,True,CRVUSDT/1h/CRVUSDT-1h-2022-10.zip,31240
CRVUSDT,1h,2022-11,True,CRVUSDT/1h/CRVUSDT-1h-2022-11.zip,31287
CRVUSDT,1h,2022-12,True,CRVUSDT/1h/CRVUSDT-1h-2022-12.zip,30639
CRVUSDT,1h,2023-01,True,CRVUSDT/1h/CRVUSDT-1h-2023-01.zip,31931
CRVUSDT,1h,2023-02,True,CRVUSDT/1h/CRVUSDT-1h-2023-02.zip,29250
CRVUSDT,1h,2023-03,True,CRVUSDT/1h/CRVUSDT-1h-2023-03.zip,31671
CRVUSDT,1h,2023-04,True,CRVUSDT/1h/CRVUSDT-1h-2023-04.zip,29985
CRVUSDT,1h,2023-05,True,CRVUSDT/1h/CRVUSDT-1h-2023-05.zip,30503
CRVUSDT,1h,2023-06,True,CRVUSDT/1h/CRVUSDT-1h-2023-06.zip,30071
CRVUSDT,1h,2023-07,True,CRVUSDT/1h/CRVUSDT-1h-2023-07.zip,30855
CRVUSDT,1h,2023-08,True,CRVUSDT/1h/CRVUSDT-1h-2023-08.zip,31346
CRVUSDT,1h,2023-09,True,CRVUSDT/1h/CRVUSDT-1h-2023-09.zip,29353
CRVUSDT,1h,2023-10,True,CRVUSDT/1h/CRVUSDT-1h-2023-10.zip,30422
CRVUSDT,1h,2023-11,True,CRVUSDT/1h/CRVUSDT-1h-2023-11.zip,29951
CTSIUSDT,1h,2023-03,False,CTSIUSDT/1h/CTSIUSDT-1h-2023-03.zip,29723
CTSIUSDT,1h,2023-04,False,CTSIUSDT/1h/CTSIUSDT-1h-2023-04.zip,30740
CTSIUSDT,1h,2023-05,True,CTSIUSDT/1h/CTSIUSDT-1h-2023-05.zip,31685
CTSIUSDT,1h,2023-06,True,CTSIUSDT/1h/CTSIUSDT-1h-2023-06.zip,29760
CVCUSDT,1h,2020-12,False,CVCUSDT/1h/CVCUSDT-1h-2020-12.zip,32494
CVCUSDT,1h,2021-01,True,CVCUSDT/1h/CVCUSDT-1h-2021-01.zip,33141
CVCUSDT,1h,2021-08,False,CVCUSDT/1h/CVCUSDT-1h-2021-08.zip,33788
CVCUSDT,1h,2021-09,False,CVCUSDT/1h/CVCUSDT-1h-2021-09.zip,34061
CVCUSDT,1h,2021-10,True,CVCUSDT/1h/CVCUSDT-1h-2021-10.zip,34032
CYBERUSDT,1h,2023-09,False,CYBERUSDT/1h/CYBERUSDT-1h-2023-09.zip,33112
CYBERUSDT,1h,2023-10,True,CYBERUSDT/1h/CYBERUSDT-1h-2023-10.zip,32868
DARUSDT,1h,2022-05,False,DARUSDT/1h/DARUSDT-1h-2022-05.zip,33874
DARUSDT,1h,2022-06,True,DARUSDT/1h/DARUSDT-1h-2022-06.zip,32235
DASHUSDT,1h,2020-03,False,DASHUSDT/1h/DASHUSDT-1h-2020-03.zip,32173
DASHUSDT,1h,2020-04,True,DASHUSDT/1h/DASHUSDT-1h-2020-04.zip,30876
DASHUSDT,1h,2020-05,True,DASHUSDT/1h/DASHUSDT-1h-2020-05.zip,31472
DASHUSDT,1h,2020-06,True,DASHUSDT/1h/DASHUSDT-1h-2020-06.zip,29539
DASHUSDT,1h,2020-07,True,DASHUSDT/1h/DASHUSDT-1h-2020-07.zip,31160
DASHUSDT,1h,2020-08,True,DASHUSDT/1h/DASHUSDT-1h-2020-08.zip,32377
DASHUSDT,1h,2020-09,True,DASHUSDT/1h/DASHUSDT-1h-2020-09.zip,30818
DASHUSDT,1h,2020-10,True,DASHUSDT/1h/DASHUSDT-1h-2020-10.zip,31518
DASHUSDT,1h,2020-11,True,DASHUSDT/1h/DASHUSDT-1h-2020-11.zip,31908
DASHUSDT,1h,2020-12,True,DASHUSDT/1h/DASHUSDT-1h-2020-12.zip,32997
DASHUSDT,1h,2021-01,True,DASHUSDT/1h/DASHUSDT-1h-2021-01.zip,33996
DASHUSDT,1h,2021-02,True,DASHUSDT/1h/DASHUSDT-1h-2021-02.zip,31891
DASHUSDT,1h,2021-03,True,DASHUSDT/1h/DASHUSDT-1h-2021-03.zip,34264
DASHUSDT,1h,2021-04,False,DASHUSDT/1h/DASHUSDT-1h-2021-04.zip,34377
DASHUSDT,1h,2021-05,True,DASHUSDT/1h/DASHUSDT-1h-2021-05.zip,35716
DASHUSDT,1h,2021-06,True,DASHUSDT/1h/DASHUSDT-1h-2021-06.zip,33076
DASHUSDT,1h,2021-07,False,DASHUSDT/1h/DASHUSDT-1h-2021-07.zip,34026
DASHUSDT,1h,2021-08,True,DASHUSDT/1h/DASHUSDT-1h-2021-08.zip,34659
DASHUSDT,1h,2022-11,False,DASHUSDT/1h/DASHUSDT-1h-2022-11.zip,32108
DASHUSDT,1h,2022-12,False,DASHUSDT/1h/DASHUSDT-1h-2022-12.zip,33080
DASHUSDT,1h,2023-01,True,DASHUSDT/1h/DASHUSDT-1h-2023-01.zip,33340
DEFIUSDT,1h,2020-09,False,DEFIUSDT/1h/DEFIUSDT-1h-2020-09.zip,30541
DEFIUSDT,1h,2020-10,True,DEFIUSDT/1h/DEFIUSDT-1h-2020-10.zip,30185
DEFIUSDT,1h,2020-11,True,DEFIUSDT/1h/DEFIUSDT-1h-2020-11.zip,30052
DEFIUSDT,1h,2020-12,True,DEFIUSDT/1h/DEFIUSDT-1h-2020-12.zip,30253
DENTUSDT,1h,2021-04,False,DENTUSDT/1h/DENTUSDT-1h-2021-04.zip,36468
DENTUSDT,1h,2021-05,True,DENTUSDT/1h/DENTUSDT-1h-2021-05.zip,36542
DENTUSDT,1h,2021-07,False,DENTUSDT/1h/DENTUSDT-1h-2021-07.zip,34610
DENTUSDT,1h,2021-08,False,DENTUSDT/1h/DENTUSDT-1h-2021-08.zip,36686
DENTUSDT,1h,2021-09,True,DENTUSDT/1h/DENTUSDT-1h-2021-09.zip,34884
DENTUSDT,1h,2022-01,False,DENTUSDT/1h/DENTUSDT-1h-2022-01.zip,35526
DENTUSDT,1h,2022-02,False,DENTUSDT/1h/DENTUSDT-1h-2022-02.zip,32046
DENTUSDT,1h,2022-03,True,DENTUSDT/1h/DENTUSDT-1h-2022-03.zip,35054
DODOUSDT,1h,2021-06,False,DODOUSDT/1h/DODOUSDT-1h-2021-06.zip,30178
DODOUSDT,1h,2021-07,False,DODOUSDT/1h/DODOUSDT-1h-2021-07.zip,31766
DODOUSDT,1h,2021-08,True,DODOUSDT/1h/DODOUSDT-1h-2021-08.zip,32230
DODOUSDT,1h,2022-01,False,DODOUSDT/1h/DODOUSDT-1h-2022-01.zip,31094
DODOUSDT,1h,2022-02,False,DODOUSDT/1h/DODOUSDT-1h-2022-02.zip,28040
DODOUSDT,1h,2022-03,True,DODOUSDT/1h/DODOUSDT-1h-2022-03.zip,30456
DODOUSDT,1h,2022-04,False,DODOUSDT/1h/DODOUSDT-1h-2022-04.zip,30010
DODOUSDT,1h,2022-05,True,DODOUSDT/1h/DODOUSDT-1h-2022-05.zip,26195
DOGEUSDT,1h,2020-08,False,DOGEUSDT/1h/DOGEUSDT-1h-2020-08.zip,32764
DOGEUSDT,1h,2020-09,True,DOGEUSDT/1h/DOGEUSDT-1h-2020-09.zip,30961
DOGEUSDT,1h,2020-10,True,DOGEUSDT/1h/DOGEUSDT-1h-2020-10.zip,31365
DOGEUSDT,1h,2020-11,False,DOGEUSDT/1h/DOGEUSDT-1h-2020-11.zip,32156
DOGEUSDT,1h,2020-12,False,DOGEUSDT/1h/DOGEUSDT-1h-2020-12.zip,33427
DOGEUSDT,1h,2021-01,True,DOGEUSDT/1h/DOGEUSDT-1h-2021-01.zip,36432
DOGEUSDT,1h,2021-02,True,DOGEUSDT/1h/DOGEUSDT-1h-2021-02.zip,34975
DOGEUSDT,1h,2021-03,True,DOGEUSDT/1h/DOGEUSDT-1h-2021-03.zip,36417
DOGEUSDT,1h,2021-04,True,DOGEUSDT/1h/DOGEUSDT-1h-2021-04.zip,38252
DOGEUSDT,1h,2021-05,True,DOGEUSDT/1h/DOGEUSDT-1h-2021-05.zip,39860
DOGEUSDT,1h,2021-06,True,DOGEUSDT/1h/DOGEUSDT-1h-2021-06.zip,37205
DOGEUSDT,1h,2021-07,True,DOGEUSDT/1h/DOGEUSDT-1h-2021-07.zip,37372
DOGEUSDT,1h,2021-08,True,DOGEUSDT/1h/DOGEUSDT-1h-2021-08.zip,38126
DOGEUSDT,1h,2021-09,True,DOGEUSDT/1h/DOGEUSDT-1h-2021-09.zip,35914
DOGEUSDT,1h,2021-10,True,DOGEUSDT/1h/DOGEUSDT-1h-2021-10.zip,37469
DOGEUSDT,1h,2021-11,True,DOGEUSDT/1h/DOGEUSDT-1h-2021-11.zip,35761
DOGEUSDT,1h,2021-12,True,DOGEUSDT/1h/DOGEUSDT-1h-2021-12.zip,36447
DOGEUSDT,1h,2022-01,True,DOGEUSDT/1h/DOGEUSDT-1h-2022-01.zip,36706
DOGEUSDT,1h,2022-02,True,DOGEUSDT/1h/DOGEUSDT-1h-2022-02.zip,32925
DOGEUSDT,1h,2022-03,True,DOGEUSDT/1h/DOGEUSDT-1h-2022-03.zip,35893
DOGEUSDT,1h,2022-04,True,DOGEUSDT/1h/DOGEUSDT-1h-2022-04.zip,35635
DOGEUSDT,1h,2022-05,True,DOGEUSDT/1h/DOGEUSDT-1h-2022-05.zip,36161
DOGEUSDT,1h,2022-06,True,DOGEUSDT/1h/DOGEUSDT-1h-2022-06.zip,34932
DOGEUSDT,1h,2022-07,True,DOGEUSDT/1h/DOGEUSDT-1h-2022-07.zip,35507
DOGEUSDT,1h,2022-08,True,DOGEUSDT/1h/DOGEUSDT-1h-2022-08.zip,35825
DOGEUSDT,1h,2022-09,True,DOGEUSDT/1h/DOGEUSDT-1h-2022-09.zip,34051
DOGEUSDT,1h,2022-10,True,DOGEUSDT/1h/DOGEUSDT-1h-2022-10.zip,35539
DOGEUSDT,1h,2022-11,True,DOGEUSDT/1h/DOGEUSDT-1h-2022-11.zip,36608
DOGEUSDT,1h,2022-12,True,DOGEUSDT/1h/DOGEUSDT-1h-2022-12.zip,36543
DOGEUSDT,1h,2023-01,True,DOGEUSDT/1h/DOGEUSDT-1h-2023-01.zip,36362
DOGEUSDT,1h,2023-02,True,DOGEUSDT/1h/DOGEUSDT-1h-2023-02.zip,32739
DOGEUSDT,1h,2023-03,True,DOGEUSDT/1h/DOGEUSDT-1h-2023-03.zip,35748
DOGEUSDT,1h,2023-04,True,DOGEUSDT/1h/DOGEUSDT-1h-2023-04.zip,35494
DOGEUSDT,1h,2023-05,True,DOGEUSDT/1h/DOGEUSDT-1h-2023-05.zip,34960
DOGEUSDT,1h,2023-06,True,DOGEUSDT/1h/DOGEUSDT-1h-2023-06.zip,33980
DOGEUSDT,1h,2023-07,True,DOGEUSDT/1h/DOGEUSDT-1h-2023-07.zip,35913
DOGEUSDT,1h,2023-08,True,DOGEUSDT/1h/DOGEUSDT-1h-2023-08.zip,35431
DOGEUSDT,1h,2023-09,True,DOGEUSDT/1h/DOGEUSDT-1h-2023-09.zip,33200
DOGEUSDT,1h,2023-10,True,DOGEUSDT/1h/DOGEUSDT-1h-2023-10.zip,34980
DOGEUSDT,1h,2023-11,True,DOGEUSDT/1h/DOGEUSDT-1h-2023-11.zip,35227
DOGEUSDT,1h,2023-12,True,DOGEUSDT/1h/DOGEUSDT-1h-2023-12.zip,36323
DOGEUSDT,1h,2024-01,True,DOGEUSDT/1h/DOGEUSDT-1h-2024-01.zip,35795
DOGEUSDT,1h,2024-02,True,DOGEUSDT/1h/DOGEUSDT-1h-2024-02.zip,33344
DOTUSDT,1h,2020-09,False,DOTUSDT/1h/DOTUSDT-1h-2020-09.zip,31441
DOTUSDT,1h,2020-10,True,DOTUSDT/1h/DOTUSDT-1h-2020-10.zip,31332
DOTUSDT,1h,2020-11,True,DOTUSDT/1h/DOTUSDT-1h-2020-11.zip,30823
DOTUSDT,1h,2020-12,True,DOTUSDT/1h/DOTUSDT-1h-2020-12.zip,31907
DOTUSDT,1h,2021-01,True,DOTUSDT/1h/DOTUSDT-1h-2021-01.zip,34378
DOTUSDT,1h,2021-02,True,DOTUSDT/1h/DOTUSDT-1h-2021-02.zip,31750
DOTUSDT,1h,2021-03,True,DOTUSDT/1h/DOTUSDT-1h-2021-03.zip,34502
DOTUSDT,1h,2021-04,True,DOTUSDT/1h/DOTUSDT-1h-2021-04.zip,33812
DOTUSDT,1h,2021-05,True,DOTUSDT/1h/DOTUSDT-1h-2021-05.zip,35293
DOTUSDT,1h,2021-06,True,DOTUSDT/1h/DOTUSDT-1h-2021-06.zip,33854
DOTUSDT,1h,2021-07,True,DOTUSDT/1h/DOTUSDT-1h-2021-07.zip,34211
DOTUSDT,1h,2021-08,True,DOTUSDT/1h/DOTUSDT-1h-2021-08.zip,35135
DOTUSDT,1h,2021-09,True,DOTUSDT/1h/DOTUSDT-1h-2021-09.zip,34379
DOTUSDT,1h,2021-10,True,DOTUSDT/1h/DOTUSDT-1h-2021-10.zip,35009
DOTUSDT,1h,2021-11,True,DOTUSDT/1h/DOTUSDT-1h-2021-11.zip,33900
DOTUSDT,1h,2021-12,True,DOTUSDT/1h/DOTUSDT-1h-2021-12.zip,34767
DOTUSDT,1h,2022-01,True,DOTUSDT/1h/DOTUSDT-1h-2022-01.zip,34846
DOTUSDT,1h,2022-02,True,DOTUSDT/1h/DOTUSDT-1h-2022-02.zip,31292
DOTUSDT,1h,2022-03,True,DOTUSDT/1h/DOTUSDT-1h-2022-03.zip,34301
DOTUSDT,1h,2022-04,True,DOTUSDT/1h/DOTUSDT-1h-2022-04.zip,33021
DOTUSDT,1h,2022-05,True,DOTUSDT/1h/DOTUSDT-1h-2022-05.zip,34443
DOTUSDT,1h,2022-06,True,DOTUSDT/1h/DOTUSDT-1h-2022-06.zip,32702
DOTUSDT,1h,2022-07,True,DOTUSDT/1h/DOTUSDT-1h-2022-07.zip,33403
DOTUSDT,1h,2022-08,True,DOTUSDT/1h/DOTUSDT-1h-2022-08.zip,33393
DOTUSDT,1h,2022-09,True,DOTUSDT/1h/DOTUSDT-1h-2022-09.zip,31971
DOTUSDT,1h,2022-10,True,DOTUSDT/1h/DOTUSDT-1h-2022-10.zip,32272
DOTUSDT,1h,2022-11,True,DOTUSDT/1h/DOTUSDT-1h-2022-11.zip,31801
DOTUSDT,1h,2022-12,True,DOTUSDT/1h/DOTUSDT-1h-2022-12.zip,31754
DOTUSDT,1h,2023-01,True,DOTUSDT/1h/DOTUSDT-1h-2023-01.zip,32746
DOTUSDT,1h,2023-02,True,DOTUSDT/1h/DOTUSDT-1h-2023-02.zip,29955
DOTUSDT,1h,2023-03,True,DOTUSDT/1h/DOTUSDT-1h-2023-03.zip,32857
DOTUSDT,1h,2023-04,True,DOTUSDT/1h/DOTUSDT-1h-2023-04.zip,31229
DOTUSDT,1h,2023-05,True,DOTUSDT/1h/DOTUSDT-1h-2023-05.zip,31566
DOTUSDT,1h,2023-06,True,DOTUSDT/1h/DOTUSDT-1h-2023-06.zip,31179
DOTUSDT,1h,2023-07,True,DOTUSDT/1h/DOTUSDT-1h-2023-07.zip,31954
DOTUSDT,1h,2023-08,True,DOTUSDT/1h/DOTUSDT-1h-2023-08.zip,31190
DOTUSDT,1h,2023-09,True,DOTUSDT/1h/DOTUSDT-1h-2023-09.zip,29816
DOTUSDT,1h,2023-10,True,DOTUSDT/1h/DOTUSDT-1h-2023-10.zip,31717
DOTUSDT,1h,2023-11,True,DOTUSDT/1h/DOTUSDT-1h-2023-11.zip,31670
DOTUSDT,1h,2023-12,True,DOTUSDT/1h/DOTUSDT-1h-2023-12.zip,33752
DOTUSDT,1h,2024-01,True,DOTUSDT/1h/DOTUSDT-1h-2024-01.zip,33117
DOTUSDT,1h,2024-02,True,DOTUSDT/1h/DOTUSDT-1h-2024-02.zip,30712
DUSKUSDT,1h,2022-02,False,DUSKUSDT/1h/DUSKUSDT-1h-2022-02.zip,31311
DUSKUSDT,1h,2022-03,True,DUSKUSDT/1h/DUSKUSDT-1h-2022-03.zip,34359
DUSKUSDT,1h,2023-01,False,DUSKUSDT/1h/DUSKUSDT-1h-2023-01.zip,32578
DUSKUSDT,1h,2023-02,False,DUSKUSDT/1h/DUSKUSDT-1h-2023-02.zip,31683
DUSKUSDT,1h,2023-03,True,DUSKUSDT/1h/DUSKUSDT-1h-2023-03.zip,34417
DYDXUSDT,1h,2021-10,False,DYDXUSDT/1h/DYDXUSDT-1h-2021-10.zip,34577
DYDXUSDT,1h,2021-11,True,DYDXUSDT/1h/DYDXUSDT-1h-2021-11.zip,32967
DYDXUSDT,1h,2021-12,True,DYDXUSDT/1h/DYDXUSDT-1h-2021-12.zip,33485
DYDXUSDT,1h,2022-01,True,DYDXUSDT/1h/DYDXUSDT-1h-2022-01.zip,33466
DYDXUSDT,1h,2022-02,True,DYDXUSDT/1h/DYDXUSDT-1h-2022-02.zip,30153
DYDXUSDT,1h,2022-03,True,DYDXUSDT/1h/DYDXUSDT-1h-2022-03.zip,32590
DYDXUSDT,1h,2022-04,True,DYDXUSDT/1h/DYDXUSDT-1h-2022-04.zip,31678
DYDXUSDT,1h,2022-05,True,DYDXUSDT/1h/DYDXUSDT-1h-2022-05.zip,32896
DYDXUSDT,1h,2022-06,True,DYDXUSDT/1h/DYDXUSDT-1h-2022-06.zip,31099
DYDXUSDT,1h,2022-07,False,DYDXUSDT/1h/DYDXUSDT-1h-2022-07.zip,33154
DYDXUSDT,1h,2022-08,True,DYDXUSDT/1h/DYDXUSDT-1h-2022-08.zip,32244
DYDXUSDT,1h,2022-09,True,DYDXUSDT/1h/DYDXUSDT-1h-2022-09.zip,30371
DYDXUSDT,1h,2022-10,True,DYDXUSDT/1h/DYDXUSDT-1h-2022-10.zip,31700
DYDXUSDT,1h,2022-11,True,DYDXUSDT/1h/DYDXUSDT-1h-2022-11.zip,32362
DYDXUSDT,1h,2022-12,True,DYDXUSDT/1h/DYDXUSDT-1h-2022-12.zip,32164
DYDXUSDT,1h,2023-01,True,DYDXUSDT/1h/DYDXUSDT-1h-2023-01.zip,32876
DYDXUSDT,1h,2023-02,True,DYDXUSDT/1h/DYDXUSDT-1h-2023-02.zip,30608
DYDXUSDT,1h,2023-03,True,DYDXUSDT/1h/DYDXUSDT-1h-2023-03.zip,33556
DYDXUSDT,1h,2023-04,True,DYDXUSDT/1h/DYDXUSDT-1h-2023-04.zip,31590
DYDXUSDT,1h,2023-05,True,DYDXUSDT/1h/DYDXUSDT-1h-2023-05.zip,31736
DYDXUSDT,1h,2023-06,True,DYDXUSDT/1h/DYDXUSDT-1h-2023-06.zip,30871
DYDXUSDT,1h,2023-07,True,DYDXUSDT/1h/DYDXUSDT-1h-2023-07.zip,31651
DYDXUSDT,1h,2023-08,True,DYDXUSDT/1h/DYDXUSDT-1h-2023-08.zip,31588
DYDXUSDT,1h,2023-09,True,DYDXUSDT/1h/DYDXUSDT-1h-2023-09.zip,29993
DYDXUSDT,1h,2023-10,True,DYDXUSDT/1h/DYDXUSDT-1h-2023-10.zip,31399
DYDXUSDT,1h,2023-11,True,DYDXUSDT/1h/DYDXUSDT-1h-2023-11.zip,32232
DYDXUSDT,1h,2023-12,True,DYDXUSDT/1h/DYDXUSDT-1h-2023-12.zip,33086
DYDXUSDT,1h,2024-01,True,DYDXUSDT/1h/DYDXUSDT-1h-2024-01.zip,32825
DYDXUSDT,1h,2024-02,True,DYDXUSDT/1h/DYDXUSDT-1h-2024-02.zip,30571
EDUUSDT,1h,2023-05,False,EDUUSDT/1h/EDUUSDT-1h-2023-05.zip,34694
EDUUSDT,1h,2023-06,True,EDUUSDT/1h/EDUUSDT-1h-2023-06.zip,32724
EGLDUSDT,1h,2020-10,False,EGLDUSDT/1h/EGLDUSDT-1h-2020-10.zip,29763
EGLDUSDT,1h,2020-11,True,EGLDUSDT/1h/EGLDUSDT-1h-2020-11.zip,29052
EGLDUSDT,1h,2020-12,False,EGLDUSDT/1h/EGLDUSDT-1h-2020-12.zip,32599
EGLDUSDT,1h,2021-01,True,EGLDUSDT/1h/EGLDUSDT-1h-2021-01.zip,32557
EGLDUSDT,1h,2021-02,True,EGLDUSDT/1h/EGLDUSDT-1h-2021-02.zip,31202
EGLDUSDT,1h,2021-03,True,EGLDUSDT/1h/EGLDUSDT-1h-2021-03.zip,33349
EGLDUSDT,1h,2021-04,False,EGLDUSDT/1h/EGLDUSDT-1h-2021-04.zip,33114
EGLDUSDT,1h,2021-05,True,EGLDUSDT/1h/EGLDUSDT-1h-2021-05.zip,33517
EGLDUSDT,1h,2021-08,False,EGLDUSDT/1h/EGLDUSDT-1h-2021-08.zip,31674
EGLDUSDT,1h,2021-09,False,EGLDUSDT/1h/EGLDUSDT-1h-2021-09.zip,31976
EGLDUSDT,1h,2021-10,True,EGLDUSDT/1h/EGLDUSDT-1h-2021-10.zip,32100
EGLDUSDT,1h,2021-11,False,EGLDUSDT/1h/EGLDUSDT-1h-2021-11.zip,31810
EGLDUSDT,1h,2021-12,True,EGLDUSDT/1h/EGLDUSDT-1h-2021-12.zip,32842
EGLDUSDT,1h,2022-01,True,EGLDUSDT/1h/EGLDUSDT-1h-2022-01.zip,32178
EGLDUSDT,1h,2022-02,True,EGLDUSDT/1h/EGLDUSDT-1h-2022-02.zip,29304
EGLDUSDT,1h,2022-03,True,EGLDUSDT/1h/EGLDUSDT-1h-2022-03.zip,31973
EGLDUSDT,1h,2022-04,True,EGLDUSDT/1h/EGLDUSDT-1h-2022-04.zip,30401
EGLDUSDT,1h,2022-05,True,EGLDUSDT/1h/EGLDUSDT-1h-2022-05.zip,31687
EGLDUSDT,1h,2022-06,False,EGLDUSDT/1h/EGLDUSDT-1h-2022-06.zip,30756
EGLDUSDT,1h,2022-07,True,EGLDUSDT/1h/EGLDUSDT-1h-2022-07.zip,30616
EGLDUSDT,1h,2022-09,False,EGLDUSDT/1h/EGLDUSDT-1h-2022-09.zip,28763
EGLDUSDT,1h,2022-10,False,EGLDUSDT/1h/EGLDUSDT-1h-2022-10.zip,30449
EGLDUSDT,1h,2022-11,True,EGLDUSDT/1h/EGLDUSDT-1h-2022-11.zip,29212
ENJUSDT,1h,2020-12,False,ENJUSDT/1h/ENJUSDT-1h-2020-12.zip,31360
ENJUSDT,1h,2021-01,False,ENJUSDT/1h/ENJUSDT-1h-2021-01.zip,33850
ENJUSDT,1h,2021-02,True,ENJUSDT/1h/ENJUSDT-1h-2021-02.zip,30998
ENJUSDT,1h,2021-03,False,ENJUSDT/1h/ENJUSDT-1h-2021-03.zip,36389
ENJUSDT,1h,2021-04,True,ENJUSDT/1h/ENJUSDT-1h-2021-04.zip,34857
ENJUSDT,1h,2021-05,True,ENJUSDT/1h/ENJUSDT-1h-2021-05.zip,35000
ENJUSDT,1h,2021-06,True,ENJUSDT/1h/ENJUSDT-1h-2021-06.zip,32416
ENJUSDT,1h,2021-07,True,ENJUSDT/1h/ENJUSDT-1h-2021-07.zip,33568
ENJUSDT,1h,2021-08,True,ENJUSDT/1h/ENJUSDT-1h-2021-08.zip,33550
ENJUSDT,1h,2021-09,True,ENJUSDT/1h/ENJUSDT-1h-2021-09.zip,31893
ENJUSDT,1h,2021-10,False,ENJUSDT/1h/ENJUSDT-1h-2021-10.zip,33313
ENJUSDT,1h,2021-11,True,ENJUSDT/1h/ENJUSDT-1h-2021-11.zip,33694
ENJUSDT,1h,2021-12,True,ENJUSDT/1h/ENJUSDT-1h-2021-12.zip,33983
ENJUSDT,1h,2022-01,True,ENJUSDT/1h/ENJUSDT-1h-2022-01.zip,33888
ENJUSDT,1h,2022-02,True,ENJUSDT/1h/ENJUSDT-1h-2022-02.zip,30394
ENJUSDT,1h,2022-03,True,ENJUSDT/1h/ENJUSDT-1h-2022-03.zip,32913
ENJUSDT,1h,2022-04,False,ENJUSDT/1h/ENJUSDT-1h-2022-04.zip,32025
ENJUSDT,1h,2022-05,True,ENJUSDT/1h/ENJUSDT-1h-2022-05.zip,32998
ENJUSDT,1h,2022-12,False,ENJUSDT/1h/ENJUSDT-1h-2022-12.zip,30360
ENJUSDT,1h,2023-01,False,ENJUSDT/1h/ENJUSDT-1h-2023-01.zip,32125
ENJUSDT,1h,2023-02,True,ENJUSDT/1h/ENJUSDT-1h-2023-02.zip,29204
ENSUSDT,1h,2022-01,False,ENSUSDT/1h/ENSUSDT-1h-2022-01.zip,32999
ENSUSDT,1h,2022-02,False,ENSUSDT/1h/ENSUSDT-1h-2022-02.zip,29554
ENSUSDT,1h,2022-03,True,ENSUSDT/1h/ENSUSDT-1h-2022-03.zip,32883
ENSUSDT,1h,2022-04,False,ENSUSDT/1h/ENSUSDT-1h-2022-04.zip,31615
ENSUSDT,1h,2022-05,True,ENSUSDT/1h/ENSUSDT-1h-2022-05.zip,34559
ENSUSDT,1h,2022-06,True,ENSUSDT/1h/ENSUSDT-1h-2022-06.zip,31725
ENSUSDT,1h,2022-07,False,ENSUSDT/1h/ENSUSDT-1h-2022-07.zip,32789
ENSUSDT,1h,2022-08,True,ENSUSDT/1h/ENSUSDT-1h-2022-08.zip,32948
ENSUSDT,1h,2022-09,True,ENSUSDT/1h/ENSUSDT-1h-2022-09.zip,31792
ENSUSDT,1h,2022-10,True,ENSUSDT/1h/ENSUSDT-1h-2022-10.zip,33251
ENSUSDT,1h,2022-11,True,ENSUSDT/1h/ENSUSDT-1h-2022-11.zip,31516
ENSUSDT,1h,2023-12,False,ENSUSDT/1h/ENSUSDT-1h-2023-12.zip,31384
ENSUSDT,1h,2024-01,False,ENSUSDT/1h/ENSUSDT-1h-2024-01.zip,34285
ENSUSDT,1h,2024-02,True,ENSUSDT/1h/ENSUSDT-1h-2024-02.zip,31289
EOSUSDT,1h,2020-03,True,EOSUSDT/1h/EOSUSDT-1h-2020-03.zip,31238
EOSUSDT,1h,2020-04,True,EOSUSDT/1h/EOSUSDT-1h-2020-04.zip,29515
EOSUSDT,1h,2020-05,True,EOSUSDT/1h/EOSUSDT-1h-2020-05.zip,30537
EOSUSDT,1h,2020-06,True,EOSUSDT/1h/EOSUSDT-1h-2020-06.zip,29238
EOSUSDT,1h,2020-07,True,EOSUSDT/1h/EOSUSDT-1h-2020-07.zip,30577
EOSUSDT,1h,2020-08,True,EOSUSDT/1h/EOSUSDT-1h-2020-08.zip,32038
EOSUSDT,1h,2020-09,True,EOSUSDT/1h/EOSUSDT-1h-2020-09.zip,30115
EOSUSDT,1h,2020-10,True,EOSUSDT/1h/EOSUSDT-1h-2020-10.zip,30341
EOSUSDT,1h,2020-11,True,EOSUSDT/1h/EOSUSDT-1h-2020-11.zip,30831
EOSUSDT,1h,2020-12,True,EOSUSDT/1h/EOSUSDT-1h-2020-12.zip,31916
EOSUSDT,1h,2021-01,True,EOSUSDT/1h/EOSUSDT-1h-2021-01.zip,32554
EOSUSDT,1h,2021-02,True,EOSUSDT/1h/EOSUSDT-1h-2021-02.zip,30660
EOSUSDT,1h,2021-03,True,EOSUSDT/1h/EOSUSDT-1h-2021-03.zip,32859
EOSUSDT,1h,2021-04,True,EOSUSDT/1h/EOSUSDT-1h-2021-04.zip,33351
EOSUSDT,1h,2021-05,True,EOSUSDT/1h/EOSUSDT-1h-2021-05.zip,35467
EOSUSDT,1h,2021-06,True,EOSUSDT/1h/EOSUSDT-1h-2021-06.zip,32965
EOSUSDT,1h,2021-07,True,EOSUSDT/1h/EOSUSDT-1h-2021-07.zip,33355
EOSUSDT,1h,2021-08,True,EOSUSDT/1h/EOSUSDT-1h-2021-08.zip,33754
EOSUSDT,1h,2021-09,True,EOSUSDT/1h/EOSUSDT-1h-2021-09.zip,32774
EOSUSDT,1h,2021-10,True,EOSUSDT/1h/EOSUSDT-1h-2021-10.zip,33265
EOSUSDT,1h,2021-11,True,EOSUSDT/1h/EOSUSDT-1h-2021-11.zip,32074
EOSUSDT,1h,2021-12,True,EOSUSDT/1h/EOSUSDT-1h-2021-12.zip,33031
EOSUSDT,1h,2022-01,True,EOSUSDT/1h/EOSUSDT-1h-2022-01.zip,32426
EOSUSDT,1h,2022-02,True,EOSUSDT/1h/EOSUSDT-1h-2022-02.zip,29301
EOSUSDT,1h,2022-03,True,EOSUSDT/1h/EOSUSDT-1h-2022-03.zip,32087
EOSUSDT,1h,2022-04,True,EOSUSDT/1h/EOSUSDT-1h-2022-04.zip,31821
EOSUSDT,1h,2022-05,True,EOSUSDT/1h/EOSUSDT-1h-2022-05.zip,32227
EOSUSDT,1h,2022-06,True,EOSUSDT/1h/EOSUSDT-1h-2022-06.zip,30645
EOSUSDT,1h,2022-07,True,EOSUSDT/1h/EOSUSDT-1h-2022-07.zip,31719
EOSUSDT,1h,2022-08,True,EOSUSDT/1h/EOSUSDT-1h-2022-08.zip,32902
EOSUSDT,1h,2022-09,True,EOSUSDT/1h/EOSUSDT-1h-2022-09.zip,32134
EOSUSDT,1h,2022-10,True,EOSUSDT/1h/EOSUSDT-1h-2022-10.zip,31585
EOSUSDT,1h,2022-11,True,EOSUSDT/1h/EOSUSDT-1h-2022-11.zip,30338
EOSUSDT,1h,2022-12,True,EOSUSDT/1h/EOSUSDT-1h-2022-12.zip,30749
EOSUSDT,1h,2023-01,True,EOSUSDT/1h/EOSUSDT-1h-2023-01.zip,31220
EOSUSDT,1h,2023-02,True,EOSUSDT/1h/EOSUSDT-1h-2023-02.zip,28629
EOSUSDT,1h,2023-03,True,EOSUSDT/1h/EOSUSDT-1h-2023-03.zip,32377
EOSUSDT,1h,2023-04,True,EOSUSDT/1h/EOSUSDT-1h-2023-04.zip,30263
EOSUSDT,1h,2023-05,True,EOSUSDT/1h/EOSUSDT-1h-2023-05.zip,30662
EOSUSDT,1h,2023-06,True,EOSUSDT/1h/EOSUSDT-1h-2023-06.zip,30408
EOSUSDT,1h,2023-07,True,EOSUSDT/1h/EOSUSDT-1h-2023-07.zip,31154
EOSUSDT,1h,2023-08,True,EOSUSDT/1h/EOSUSDT-1h-2023-08.zip,30260
EOSUSDT,1h,2023-09,True,EOSUSDT/1h/EOSUSDT-1h-2023-09.zip,28624
EOSUSDT,1h,2023-10,False,EOSUSDT/1h/EOSUSDT-1h-2023-10.zip,30266
EOSUSDT,1h,2023-11,True,EOSUSDT/1h/EOSUSDT-1h-2023-11.zip,29989
EOSUSDT,1h,2023-12,True,EOSUSDT/1h/EOSUSDT-1h-2023-12.zip,31289
EOSUSDT,1h,2024-01,False,EOSUSDT/1h/EOSUSDT-1h-2024-01.zip,31202
EOSUSDT,1h,2024-02,True,EOSUSDT/1h/EOSUSDT-1h-2024-02.zip,28973
ETCUSDT,1h,2020-03,True,ETCUSDT/1h/ETCUSDT-1h-2020-03.zip,33550
ETCUSDT,1h,2020-04,True,ETCUSDT/1h/ETCUSDT-1h-2020-04.zip,31586
ETCUSDT,1h,2020-05,True,ETCUSDT/1h/ETCUSDT-1h-2020-05.zip,32973
ETCUSDT,1h,2020-06,True,ETCUSDT/1h/ETCUSDT-1h-2020-06.zip,30805
ETCUSDT,1h,2020-07,True,ETCUSDT/1h/ETCUSDT-1h-2020-07.zip,32391
ETCUSDT,1h,2020-08,True,ETCUSDT/1h/ETCUSDT-1h-2020-08.zip,33190
ETCUSDT,1h,2020-09,True,ETCUSDT/1h/ETCUSDT-1h-2020-09.zip,31227
ETCUSDT,1h,2020-10,True,ETCUSDT/1h/ETCUSDT-1h-2020-10.zip,31838
ETCUSDT,1h,2020-11,True,ETCUSDT/1h/ETCUSDT-1h-2020-11.zip,32257
ETCUSDT,1h,2020-12,True,ETCUSDT/1h/ETCUSDT-1h-2020-12.zip,33221
ETCUSDT,1h,2021-01,True,ETCUSDT/1h/ETCUSDT-1h-2021-01.zip,34056
ETCUSDT,1h,2021-02,True,ETCUSDT/1h/ETCUSDT-1h-2021-02.zip,32075
ETCUSDT,1h,2021-03,True,ETCUSDT/1h/ETCUSDT-1h-2021-03.zip,34651
ETCUSDT,1h,2021-04,True,ETCUSDT/1h/ETCUSDT-1h-2021-04.zip,35299
ETCUSDT,1h,2021-05,True,ETCUSDT/1h/ETCUSDT-1h-2021-05.zip,38383
ETCUSDT,1h,2021-06,True,ETCUSDT/1h/ETCUSDT-1h-2021-06.zip,35634
ETCUSDT,1h,2021-07,True,ETCUSDT/1h/ETCUSDT-1h-2021-07.zip,36550
ETCUSDT,1h,2021-08,True,ETCUSDT/1h/ETCUSDT-1h-2021-08.zip,36687
ETCUSDT,1h,2021-09,True,ETCUSDT/1h/ETCUSDT-1h-2021-09.zip,34920
ETCUSDT,1h,2021-10,True,ETCUSDT/1h/ETCUSDT-1h-2021-10.zip,35654
ETCUSDT,1h,2021-11,True,ETCUSDT/1h/ETCUSDT-1h-2021-11.zip,34560
ETCUSDT,1h,2021-12,True,ETCUSDT/1h/ETCUSDT-1h-2021-12.zip,35180
ETCUSDT,1h,2022-01,True,ETCUSDT/1h/ETCUSDT-1h-2022-01.zip,35117
ETCUSDT,1h,2022-02,True,ETCUSDT/1h/ETCUSDT-1h-2022-02.zip,32371
ETCUSDT,1h,2022-03,True,ETCUSDT/1h/ETCUSDT-1h-2022-03.zip,36061
ETCUSDT,1h,2022-04,True,ETCUSDT/1h/ETCUSDT-1h-2022-04.zip,35063
ETCUSDT,1h,2022-05,True,ETCUSDT/1h/ETCUSDT-1h-2022-05.zip,35845
ETCUSDT,1h,2022-06,True,ETCUSDT/1h/ETCUSDT-1h-2022-06.zip,34235
ETCUSDT,1h,2022-07,True,ETCUSDT/1h/ETCUSDT-1h-2022-07.zip,36202
ETCUSDT,1h,2022-08,True,ETCUSDT/1h/ETCUSDT-1h-2022-08.zip,37287
ETCUSDT,1h,2022-09,True,ETCUSDT/1h/ETCUSDT-1h-2022-09.zip,35834
ETCUSDT,1h,2022-10,True,ETCUSDT/1h/ETCUSDT-1h-2022-10.zip,35896
ETCUSDT,1h,2022-11,True,ETCUSDT/1h/ETCUSDT-1h-2022-11.zip,34674
ETCUSDT,1h,2022-12,True,ETCUSDT/1h/ETCUSDT-1h-2022-12.zip,34741
ETCUSDT,1h,2023-01,True,ETCUSDT/1h/ETCUSDT-1h-2023-01.zip,36092
ETCUSDT,1h,2023-02,True,ETCUSDT/1h/ETCUSDT-1h-2023-02.zip,32347
ETCUSDT,1h,2023-03,True,ETCUSDT/1h/ETCUSDT-1h-2023-03.zip,35548
ETCUSDT,1h,2023-04,True,ETCUSDT/1h/ETCUSDT-1h-2023-04.zip,33985
ETCUSDT,1h,2023-05,True,ETCUSDT/1h/ETCUSDT-1h-2023-05.zip,34111
ETCUSDT,1h,2023-06,True,ETCUSDT/1h/ETCUSDT-1h-2023-06.zip,33757
ETCUSDT,1h,2023-07,True,ETCUSDT/1h/ETCUSDT-1h-2023-07.zip,34779
ETCUSDT,1h,2023-08,True,ETCUSDT/1h/ETCUSDT-1h-2023-08.zip,33930
ETCUSDT,1h,2023-09,True,ETCUSDT/1h/ETCUSDT-1h-2023-09.zip,32393
ETCUSDT,1h,2023-10,True,ETCUSDT/1h/ETCUSDT-1h-2023-10.zip,34169
ETCUSDT,1h,2023-11,True,ETCUSDT/1h/ETCUSDT-1h-2023-11.zip,33970
ETCUSDT,1h,2023-12,True,ETCUSDT/1h/ETCUSDT-1h-2023-12.zip,35252
ETCUSDT,1h,2024-01,True,ETCUSDT/1h/ETCUSDT-1h-2024-01.zip,36000
ETCUSDT,1h,2024-02,True,ETCUSDT/1h/ETCUSDT-1h-2024-02.zip,33286
ETHUSDT,1h,2020-03,True,ETHUSDT/1h/ETHUSDT-1h-2020-03.zip,35834
ETHUSDT,1h,2020-04,True,ETHUSDT/1h/ETHUSDT-1h-2020-04.zip,34570
ETHUSDT,1h,2020-05,True,ETHUSDT/1h/ETHUSDT-1h-2020-05.zip,35601
ETHUSDT,1h,2020-06,True,ETHUSDT/1h/ETHUSDT-1h-2020-06.zip,34088
ETHUSDT,1h,2020-07,True,ETHUSDT/1h/ETHUSDT-1h-2020-07.zip,35287
ETHUSDT,1h,2020-08,True,ETHUSDT/1h/ETHUSDT-1h-2020-08.zip,36475
ETHUSDT,1h,2020-09,True,ETHUSDT/1h/ETHUSDT-1h-2020-09.zip,35551
ETHUSDT,1h,2020-10,True,ETHUSDT/1h/ETHUSDT-1h-2020-10.zip,36029
ETHUSDT,1h,2020-11,True,ETHUSDT/1h/ETHUSDT-1h-2020-11.zip,36130
ETHUSDT,1h,2020-12,True,ETHUSDT/1h/ETHUSDT-1h-2020-12.zip,37396
ETHUSDT,1h,2021-01,True,ETHUSDT/1h/ETHUSDT-1h-2021-01.zip,39064
ETHUSDT,1h,2021-02,True,ETHUSDT/1h/ETHUSDT-1h-2021-02.zip,35218
ETHUSDT,1h,2021-03,True,ETHUSDT/1h/ETHUSDT-1h-2021-03.zip,38670
ETHUSDT,1h,2021-04,True,ETHUSDT/1h/ETHUSDT-1h-2021-04.zip,37789
ETHUSDT,1h,2021-05,True,ETHUSDT/1h/ETHUSDT-1h-2021-05.zip,40016
ETHUSDT,1h,2021-06,True,ETHUSDT/1h/ETHUSDT-1h-2021-06.zip,38197
ETHUSDT,1h,2021-07,True,ETHUSDT/1h/ETHUSDT-1h-2021-07.zip,39189
ETHUSDT,1h,2021-08,True,ETHUSDT/1h/ETHUSDT-1h-2021-08.zip,39246
ETHUSDT,1h,2021-09,True,ETHUSDT/1h/ETHUSDT-1h-2021-09.zip,38083
ETHUSDT,1h,2021-10,True,ETHUSDT/1h/ETHUSDT-1h-2021-10.zip,39084
ETHUSDT,1h,2021-11,True,ETHUSDT/1h/ETHUSDT-1h-2021-11.zip,37694
ETHUSDT,1h,2021-12,True,ETHUSDT/1h/ETHUSDT-1h-2021-12.zip,39028
ETHUSDT,1h,2022-01,True,ETHUSDT/1h/ETHUSDT-1h-2022-01.zip,39124
ETHUSDT,1h,2022-02,True,ETHUSDT/1h/ETHUSDT-1h-2022-02.zip,35542
ETHUSDT,1h,2022-03,True,ETHUSDT/1h/ETHUSDT-1h-2022-03.zip,38896
ETHUSDT,1h,2022-04,True,ETHUSDT/1h/ETHUSDT-1h-2022-04.zip,37521
ETHUSDT,1h,2022-05,True,ETHUSDT/1h/ETHUSDT-1h-2022-05.zip,39016
ETHUSDT,1h,2022-06,True,ETHUSDT/1h/ETHUSDT-1h-2022-06.zip,38115
ETHUSDT,1h,2022-07,True,ETHUSDT/1h/ETHUSDT-1h-2022-07.zip,39382
ETHUSDT,1h,2022-08,True,ETHUSDT/1h/ETHUSDT-1h-2022-08.zip,39567
ETHUSDT,1h,2022-09,True,ETHUSDT/1h/ETHUSDT-1h-2022-09.zip,38290
ETHUSDT,1h,2022-10,True,ETHUSDT/1h/ETHUSDT-1h-2022-10.zip,38837
ETHUSDT,1h,2022-11,True,ETHUSDT/1h/ETHUSDT-1h-2022-11.zip,37911
ETHUSDT,1h,2022-12,True,ETHUSDT/1h/ETHUSDT-1h-2022-12.zip,38206
ETHUSDT,1h,2023-01,True,ETHUSDT/1h/ETHUSDT-1h-2023-01.zip,38614
ETHUSDT,1h,2023-02,True,ETHUSDT/1h/ETHUSDT-1h-2023-02.zip,35138
ETHUSDT,1h,2023-03,True,ETHUSDT/1h/ETHUSDT-1h-2023-03.zip,38991
ETHUSDT,1h,2023-04,True,ETHUSDT/1h/ETHUSDT-1h-2023-04.zip,37617
ETHUSDT,1h,2023-05,True,ETHUSDT/1h/ETHUSDT-1h-2023-05.zip,38504
ETHUSDT,1h,2023-06,True,ETHUSDT/1h/ETHUSDT-1h-2023-06.zip,37299
ETHUSDT,1h,2023-07,True,ETHUSDT/1h/ETHUSDT-1h-2023-07.zip,37939
ETHUSDT,1h,2023-08,True,ETHUSDT/1h/ETHUSDT-1h-2023-08.zip,37647
ETHUSDT,1h,2023-09,True,ETHUSDT/1h/ETHUSDT-1h-2023-09.zip,36218
ETHUSDT,1h,2023-10,True,ETHUSDT/1h/ETHUSDT-1h-2023-10.zip,38084
ETHUSDT,1h,2023-11,True,ETHUSDT/1h/ETHUSDT-1h-2023-11.zip,37387
ETHUSDT,1h,2023-12,True,ETHUSDT/1h/ETHUSDT-1h-2023-12.zip,38764
ETHUSDT,1h,2024-01,True,ETHUSDT/1h/ETHUSDT-1h-2024-01.zip,38917
ETHUSDT,1h,2024-02,True,ETHUSDT/1h/ETHUSDT-1h-2024-02.zip,36577
FETUSDT,1h,2023-02,False,FETUSDT/1h/FETUSDT-1h-2023-02.zip,31160
FETUSDT,1h,2023-03,True,FETUSDT/1h/FETUSDT-1h-2023-03.zip,33911
FETUSDT,1h,2023-04,True,FETUSDT/1h/FETUSDT-1h-2023-04.zip,32050
FETUSDT,1h,2023-10,False,FETUSDT/1h/FETUSDT-1h-2023-10.zip,32600
FETUSDT,1h,2023-11,False,FETUSDT/1h/FETUSDT-1h-2023-11.zip,33115
FETUSDT,1h,2023-12,True,FETUSDT/1h/FETUSDT-1h-2023-12.zip,34180
FETUSDT,1h,2024-01,True,FETUSDT/1h/FETUSDT-1h-2024-01.zip,33366
FETUSDT,1h,2024-02,False,FETUSDT/1h/FETUSDT-1h-2024-02.zip,32148
FILUSDT,1h,2020-11,False,FILUSDT/1h/FILUSDT-1h-2020-11.zip,31062
FILUSDT,1h,2020-12,True,FILUSDT/1h/FILUSDT-1h-2020-12.zip,31654
FILUSDT,1h,2021-01,True,FILUSDT/1h/FILUSDT-1h-2021-01.zip,31943
FILUSDT,1h,2021-02,True,FILUSDT/1h/FILUSDT-1h-2021-02.zip,30383
FILUSDT,1h,2021-03,True,FILUSDT/1h/FILUSDT-1h-2021-03.zip,34312
FILUSDT,1h,2021-04,True,FILUSDT/1h/FILUSDT-1h-2021-04.zip,34468
FILUSDT,1h,2021-05,True,FILUSDT/1h/FILUSDT-1h-2021-05.zip,34841
FILUSDT,1h,2021-06,True,FILUSDT/1h/FILUSDT-1h-2021-06.zip,33242
FILUSDT,1h,2021-07,True,FILUSDT/1h/FILUSDT-1h-2021-07.zip,33242
FILUSDT,1h,2021-08,True,FILUSDT/1h/FILUSDT-1h-2021-08.zip,34294
FILUSDT,1h,2021-09,True,FILUSDT/1h/FILUSDT-1h-2021-09.zip,33951
FILUSDT,1h,2021-10,True,FILUSDT/1h/FILUSDT-1h-2021-10.zip,34528
FILUSDT,1h,2021-11,True,FILUSDT/1h/FILUSDT-1h-2021-11.zip,33014
FILUSDT,1h,2021-12,True,FILUSDT/1h/FILUSDT-1h-2021-12.zip,33796
FILUSDT,1h,2022-01,True,FILUSDT/1h/FILUSDT-1h-2022-01.zip,33779
FILUSDT,1h,2022-02,True,FILUSDT/1h/FILUSDT-1h-2022-02.zip,27239
FILUSDT,1h,2022-03,False,FILUSDT/1h/FILUSDT-1h-2022-03.zip,33339
FILUSDT,1h,2022-04,True,FILUSDT/1h/FILUSDT-1h-2022-04.zip,30589
FILUSDT,1h,2022-05,False,FILUSDT/1h/FILUSDT-1h-2022-05.zip,33273
FILUSDT,1h,2022-06,True,FILUSDT/1h/FILUSDT-1h-2022-06.zip,31539
FILUSDT,1h,2022-07,True,FILUSDT/1h/FILUSDT-1h-2022-07.zip,32509
FILUSDT,1h,2022-08,True,FILUSDT/1h/FILUSDT-1h-2022-08.zip,33802
FILUSDT,1h,2022-09,True,FILUSDT/1h/FILUSDT-1h-2022-09.zip,31881
FILUSDT,1h,2022-10,True,FILUSDT/1h/FILUSDT-1h-2022-10.zip,32052
FILUSDT,1h,2022-11,True,FILUSDT/1h/FILUSDT-1h-2022-11.zip,31361
FILUSDT,1h,2022-12,True,FILUSDT/1h/FILUSDT-1h-2022-12.zip,31609
FILUSDT,1h,2023-01,True,FILUSDT/1h/FILUSDT-1h-2023-01.zip,32960
FILUSDT,1h,2023-02,True,FILUSDT/1h/FILUSDT-1h-2023-02.zip,30557
FILUSDT,1h,2023-03,True,FILUSDT/1h/FILUSDT-1h-2023-03.zip,33928
FILUSDT,1h,2023-04,True,FILUSDT/1h/FILUSDT-1h-2023-04.zip,31861
FILUSDT,1h,2023-05,True,FILUSDT/1h/FILUSDT-1h-2023-05.zip,31821
FILUSDT,1h,2023-06,True,FILUSDT/1h/FILUSDT-1h-2023-06.zip,31466
FILUSDT,1h,2023-07,True,FILUSDT/1h/FILUSDT-1h-2023-07.zip,32340
FILUSDT,1h,2023-08,True,FILUSDT/1h/FILUSDT-1h-2023-08.zip,31260
FILUSDT,1h,2023-09,True,FILUSDT/1h/FILUSDT-1h-2023-09.zip,29968
FILUSDT,1h,2023-10,True,FILUSDT/1h/FILUSDT-1h-2023-10.zip,31326
FILUSDT,1h,2023-11,True,FILUSDT/1h/FILUSDT-1h-2023-11.zip,31742
FILUSDT,1h,2023-12,True,FILUSDT/1h/FILUSDT-1h-2023-12.zip,33330
FILUSDT,1h,2024-01,True,FILUSDT/1h/FILUSDT-1h-2024-01.zip,33603
FILUSDT,1h,2024-02,True,FILUSDT/1h/FILUSDT-1h-2024-02.zip,31495
FLMUSDT,1h,2020-10,False,FLMUSDT/1h/FLMUSDT-1h-2020-10.zip,30755
FLMUSDT,1h,2020-11,True,FLMUSDT/1h/FLMUSDT-1h-2020-11.zip,29150
FLMUSDT,1h,2022-05,False,FLMUSDT/1h/FLMUSDT-1h-2022-05.zip,30651
FLMUSDT,1h,2022-06,False,FLMUSDT/1h/FLMUSDT-1h-2022-06.zip,30528
FLMUSDT,1h,2022-07,True,FLMUSDT/1h/FLMUSDT-1h-2022-07.zip,32379
FLMUSDT,1h,2022-08,True,FLMUSDT/1h/FLMUSDT-1h-2022-08.zip,31740
FLMUSDT,1h,2022-09,True,FLMUSDT/1h/FLMUSDT-1h-2022-09.zip,29320
FLMUSDT,1h,2023-08,False,FLMUSDT/1h/FLMUSDT-1h-2023-08.zip,28825
FLMUSDT,1h,2023-09,False,FLMUSDT/1h/FLMUSDT-1h-2023-09.zip,30592
FLMUSDT,1h,2023-10,True,FLMUSDT/1h/FLMUSDT-1h-2023-10.zip,29814
FLOWUSDT,1h,2022-07,False,FLOWUSDT/1h/FLOWUSDT-1h-2022-07.zip,30768
FLOWUSDT,1h,2022-08,False,FLOWUSDT/1h/FLOWUSDT-1h-2022-08.zip,32418
FLOWUSDT,1h,2022-09,True,FLOWUSDT/1h/FLOWUSDT-1h-2022-09.zip,29930
FLOWUSDT,1h,2023-06,False,FLOWUSDT/1h/FLOWUSDT-1h-2023-06.zip,29198
FLOWUSDT,1h,2023-07,False,FLOWUSDT/1h/FLOWUSDT-1h-2023-07.zip,30747
FLOWUSDT,1h,2023-08,True,FLOWUSDT/1h/FLOWUSDT-1h-2023-08.zip,29031
FOOTBALLUSDT,1h,2022-10,False,FOOTBALLUSDT/1h/FOOTBALLUSDT-1h-2022-10.zip,33657
FOOTBALLUSDT,1h,2022-11,False,FOOTBALLUSDT/1h/FOOTBALLUSDT-1h-2022-11.zip,33578
FOOTBALLUSDT,1h,2022-12,True,FOOTBALLUSDT/1h/FOOTBALLUSDT-1h-2022-12.zip,32819
FRONTUSDT,1h,2024-02,False,FRONTUSDT/1h/FRONTUSDT-1h-2024-02.zip,29579
FTMUSDT,1h,2020-12,False,FTMUSDT/1h/FTMUSDT-1h-2020-12.zip,33829
FTMUSDT,1h,2021-01,False,FTMUSDT/1h/FTMUSDT-1h-2021-01.zip,35861
FTMUSDT,1h,2021-02,True,FTMUSDT/1h/FTMUSDT-1h-2021-02.zip,34032
FTMUSDT,1h,2021-03,True,FTMUSDT/1h/FTMUSDT-1h-2021-03.zip,37574
FTMUSDT,1h,2021-04,True,FTMUSDT/1h/FTMUSDT-1h-2021-04.zip,36531
FTMUSDT,1h,2021-05,True,FTMUSDT/1h/FTMUSDT-1h-2021-05.zip,36909
FTMUSDT,1h,2021-06,True,FTMUSDT/1h/FTMUSDT-1h-2021-06.zip,34619
FTMUSDT,1h,2021-07,True,FTMUSDT/1h/FTMUSDT-1h-2021-07.zip,34748
FTMUSDT,1h,2021-08,False,FTMUSDT/1h/FTMUSDT-1h-2021-08.zip,36188
FTMUSDT,1h,2021-09,True,FTMUSDT/1h/FTMUSDT-1h-2021-09.zip,37028
FTMUSDT,1h,2021-10,True,FTMUSDT/1h/FTMUSDT-1h-2021-10.zip,38041
FTMUSDT,1h,2021-11,True,FTMUSDT/1h/FTMUSDT-1h-2021-11.zip,36224
FTMUSDT,1h,2021-12,True,FTMUSDT/1h/FTMUSDT-1h-2021-12.zip,36689
FTMUSDT,1h,2022-01,True,FTMUSDT/1h/FTMUSDT-1h-2022-01.zip,37418
FTMUSDT,1h,2022-02,True,FTMUSDT/1h/FTMUSDT-1h-2022-02.zip,29324
FTMUSDT,1h,2022-03,False,FTMUSDT/1h/FTMUSDT-1h-2022-03.zip,36211
FTMUSDT,1h,2022-04,True,FTMUSDT/1h/FTMUSDT-1h-2022-04.zip,32003
FTMUSDT,1h,2022-05,False,FTMUSDT/1h/FTMUSDT-1h-2022-05.zip,35853
FTMUSDT,1h,2022-06,True,FTMUSDT/1h/FTMUSDT-1h-2022-06.zip,33706
FTMUSDT,1h,2022-07,True,FTMUSDT/1h/FTMUSDT-1h-2022-07.zip,34141
FTMUSDT,1h,2022-08,True,FTMUSDT/1h/FTMUSDT-1h-2022-08.zip,33814
FTMUSDT,1h,2022-09,True,FTMUSDT/1h/FTMUSDT-1h-2022-09.zip,31571
FTMUSDT,1h,2022-10,True,FTMUSDT/1h/FTMUSDT-1h-2022-10.zip,32016
FTMUSDT,1h,2022-11,True,FTMUSDT/1h/FTMUSDT-1h-2022-11.zip,32360
FTMUSDT,1h,2022-12,True,FTMUSDT/1h/FTMUSDT-1h-2022-12.zip,32979
FTMUSDT,1h,2023-01,True,FTMUSDT/1h/FTMUSDT-1h-2023-01.zip,34234
FTMUSDT,1h,2023-02,True,FTMUSDT/1h/FTMUSDT-1h-2023-02.zip,31726
FTMUSDT,1h,2023-03,True,FTMUSDT/1h/FTMUSDT-1h-2023-03.zip,34880
FTMUSDT,1h,2023-04,True,FTMUSDT/1h/FTMUSDT-1h-2023-04.zip,32964
FTMUSDT,1h,2023-05,True,FTMUSDT/1h/FTMUSDT-1h-2023-05.zip,33325
FTMUSDT,1h,2023-06,True,FTMUSDT/1h/FTMUSDT-1h-2023-06.zip,32374
FTMUSDT,1h,2023-07,True,FTMUSDT/1h/FTMUSDT-1h-2023-07.zip,32981
FTMUSDT,1h,2023-08,True,FTMUSDT/1h/FTMUSDT-1h-2023-08.zip,32123
FTMUSDT,1h,2023-09,True,FTMUSDT/1h/FTMUSDT-1h-2023-09.zip,30419
FTMUSDT,1h,2023-10,False,FTMUSDT/1h/FTMUSDT-1h-2023-10.zip,32325
FTMUSDT,1h,2023-11,True,FTMUSDT/1h/FTMUSDT-1h-2023-11.zip,32602
FTMUSDT,1h,2023-12,True,FTMUSDT/1h/FTMUSDT-1h-2023-12.zip,34275
FTMUSDT,1h,2024-01,True,FTMUSDT/1h/FTMUSDT-1h-2024-01.zip,33612
FTMUSDT,1h,2024-02,True,FTMUSDT/1h/FTMUSDT-1h-2024-02.zip,31107
FTTUSDT,1h,2022-10,False,FTTUSDT/1h/FTTUSDT-1h-2022-10.zip,31448
FTTUSDT,1h,2022-11,False,FTTUSDT/1h/FTTUSDT-1h-2022-11.zip,18882
FTTUSDT,1h,2022-12,True,FTTUSDT/1h/FTTUSDT-1h-2022-12.zip,5038
FXSUSDT,1h,2023-02,False,FXSUSDT/1h/FXSUSDT-1h-2023-02.zip,30802
FXSUSDT,1h,2023-03,True,FXSUSDT/1h/FXSUSDT-1h-2023-03.zip,33388
GALAUSDT,1h,2021-10,False,GALAUSDT/1h/GALAUSDT-1h-2021-10.zip,34674
GALAUSDT,1h,2021-11,True,GALAUSDT/1h/GALAUSDT-1h-2021-11.zip,35258
GALAUSDT,1h,2021-12,True,GALAUSDT/1h/GALAUSDT-1h-2021-12.zip,37073
GALAUSDT,1h,2022-01,True,GALAUSDT/1h/GALAUSDT-1h-2022-01.zip,36399
GALAUSDT,1h,2022-02,True,GALAUSDT/1h/GALAUSDT-1h-2022-02.zip,33925
GALAUSDT,1h,2022-03,True,GALAUSDT/1h/GALAUSDT-1h-2022-03.zip,36343
GALAUSDT,1h,2022-04,True,GALAUSDT/1h/GALAUSDT-1h-2022-04.zip,34680
GALAUSDT,1h,2022-05,True,GALAUSDT/1h/GALAUSDT-1h-2022-05.zip,36198
GALAUSDT,1h,2022-06,True,GALAUSDT/1h/GALAUSDT-1h-2022-06.zip,34380
GALAUSDT,1h,2022-07,True,GALAUSDT/1h/GALAUSDT-1h-2022-07.zip,34592
GALAUSDT,1h,2022-08,True,GALAUSDT/1h/GALAUSDT-1h-2022-08.zip,34575
GALAUSDT,1h,2022-09,True,GALAUSDT/1h/GALAUSDT-1h-2022-09.zip,32287
GALAUSDT,1h,2022-10,True,GALAUSDT/1h/GALAUSDT-1h-2022-10.zip,33292
GALAUSDT,1h,2022-11,True,GALAUSDT/1h/GALAUSDT-1h-2022-11.zip,32786
GALAUSDT,1h,2022-12,True,GALAUSDT/1h/GALAUSDT-1h-2022-12.zip,32569
GALAUSDT,1h,2023-01,True,GALAUSDT/1h/GALAUSDT-1h-2023-01.zip,35538
GALAUSDT,1h,2023-02,True,GALAUSDT/1h/GALAUSDT-1h-2023-02.zip,31669
GALAUSDT,1h,2023-03,True,GALAUSDT/1h/GALAUSDT-1h-2023-03.zip,35070
GALAUSDT,1h,2023-04,True,GALAUSDT/1h/GALAUSDT-1h-2023-04.zip,33075
GALAUSDT,1h,2023-05,True,GALAUSDT/1h/GALAUSDT-1h-2023-05.zip,34044
GALAUSDT,1h,2023-06,True,GALAUSDT/1h/GALAUSDT-1h-2023-06.zip,32930
GALAUSDT,1h,2023-07,True,GALAUSDT/1h/GALAUSDT-1h-2023-07.zip,33447
GALAUSDT,1h,2023-08,True,GALAUSDT/1h/GALAUSDT-1h-2023-08.zip,32944
GALAUSDT,1h,2023-09,True,GALAUSDT/1h/GALAUSDT-1h-2023-09.zip,31911
GALAUSDT,1h,2023-10,True,GALAUSDT/1h/GALAUSDT-1h-2023-10.zip,33852
GALAUSDT,1h,2023-11,True,GALAUSDT/1h/GALAUSDT-1h-2023-11.zip,33607
GALAUSDT,1h,2023-12,True,GALAUSDT/1h/GALAUSDT-1h-2023-12.zip,34328
GALAUSDT,1h,2024-01,True,GALAUSDT/1h/GALAUSDT-1h-2024-01.zip,33778
GALAUSDT,1h,2024-02,False,GALAUSDT/1h/GALAUSDT-1h-2024-02.zip,31841
GALUSDT,1h,2022-06,False,GALUSDT/1h/GALUSDT-1h-2022-06.zip,32782
GALUSDT,1h,2022-07,True,GALUSDT/1h/GALUSDT-1h-2022-07.zip,33033
GALUSDT,1h,2022-08,True,GALUSDT/1h/GALUSDT-1h-2022-08.zip,32742
GASUSDT,1h,2023-11,False,GASUSDT/1h/GASUSDT-1h-2023-11.zip,34871
GASUSDT,1h,2023-12,True,GASUSDT/1h/GASUSDT-1h-2023-12.zip,33286
GMTUSDT,1h,2022-04,False,GMTUSDT/1h/GMTUSDT-1h-2022-04.zip,34484
GMTUSDT,1h,2022-05,False,GMTUSDT/1h/GMTUSDT-1h-2022-05.zip,36951
GMTUSDT,1h,2022-06,True,GMTUSDT/1h/GMTUSDT-1h-2022-06.zip,34591
GMTUSDT,1h,2022-07,True,GMTUSDT/1h/GMTUSDT-1h-2022-07.zip,35011
GMTUSDT,1h,2022-08,True,GMTUSDT/1h/GMTUSDT-1h-2022-08.zip,34387
GMTUSDT,1h,2022-09,True,GMTUSDT/1h/GMTUSDT-1h-2022-09.zip,32791
GMTUSDT,1h,2022-10,True,GMTUSDT/1h/GMTUSDT-1h-2022-10.zip,33318
GMTUSDT,1h,2022-11,True,GMTUSDT/1h/GMTUSDT-1h-2022-11.zip,32434
GMTUSDT,1h,2022-12,True,GMTUSDT/1h/GMTUSDT-1h-2022-12.zip,32208
GMTUSDT,1h,2023-01,True,GMTUSDT/1h/GMTUSDT-1h-2023-01.zip,34254
GMTUSDT,1h,2023-02,True,GMTUSDT/1h/GMTUSDT-1h-2023-02.zip,30403
GMTUSDT,1h,2023-03,True,GMTUSDT/1h/GMTUSDT-1h-2023-03.zip,33718
GMTUSDT,1h,2023-04,True,GMTUSDT/1h/GMTUSDT-1h-2023-04.zip,31236
GMTUSDT,1h,2023-05,True,GMTUSDT/1h/GMTUSDT-1h-2023-05.zip,32182
GMTUSDT,1h,2023-06,True,GMTUSDT/1h/GMTUSDT-1h-2023-06.zip,31110
GMTUSDT,1h,2023-07,False,GMTUSDT/1h/GMTUSDT-1h-2023-07.zip,32162
GMTUSDT,1h,2023-08,True,GMTUSDT/1h/GMTUSDT-1h-2023-08.zip,31044
GMTUSDT,1h,2023-10,False,GMTUSDT/1h/GMTUSDT-1h-2023-10.zip,31148
GMTUSDT,1h,2023-11,False,GMTUSDT/1h/GMTUSDT-1h-2023-11.zip,32533
GMTUSDT,1h,2023-12,True,GMTUSDT/1h/GMTUSDT-1h-2023-12.zip,33161
GMTUSDT,1h,2024-01,True,GMTUSDT/1h/GMTUSDT-1h-2024-01.zip,33246
GMTUSDT,1h,2024-02,True,GMTUSDT/1h/GMTUSDT-1h-2024-02.zip,30093
GRTUSDT,1h,2021-01,False,GRTUSDT/1h/GRTUSDT-1h-2021-01.zip,35220
GRTUSDT,1h,2021-02,True,GRTUSDT/1h/GRTUSDT-1h-2021-02.zip,32794
GRTUSDT,1h,2021-03,True,GRTUSDT/1h/GRTUSDT-1h-2021-03.zip,35133
GRTUSDT,1h,2021-04,True,GRTUSDT/1h/GRTUSDT-1h-2021-04.zip,34395
GRTUSDT,1h,2021-05,True,GRTUSDT/1h/GRTUSDT-1h-2021-05.zip,35342
GRTUSDT,1h,2021-06,False,GRTUSDT/1h/GRTUSDT-1h-2021-06.zip,33665
GRTUSDT,1h,2021-07,True,GRTUSDT/1h/GRTUSDT-1h-2021-07.zip,34680
GRTUSDT,1h,2021-08,True,GRTUSDT/1h/GRTUSDT-1h-2021-08.zip,35416
GRTUSDT,1h,2021-09,True,GRTUSDT/1h/GRTUSDT-1h-2021-09.zip,34015
GRTUSDT,1h,2022-02,False,GRTUSDT/1h/GRTUSDT-1h-2022-02.zip,28194
GRTUSDT,1h,2022-03,False,GRTUSDT/1h/GRTUSDT-1h-2022-03.zip,34747
GRTUSDT,1h,2022-04,True,GRTUSDT/1h/GRTUSDT-1h-2022-04.zip,31406
GRTUSDT,1h,2022-11,False,GRTUSDT/1h/GRTUSDT-1h-2022-11.zip,32576
GRTUSDT,1h,2022-12,False,GRTUSDT/1h/GRTUSDT-1h-2022-12.zip,32754
GRTUSDT,1h,2023-01,True,GRTUSDT/1h/GRTUSDT-1h-2023-01.zip,33977
GRTUSDT,1h,2023-02,True,GRTUSDT/1h/GRTUSDT-1h-2023-02.zip,32315
GRTUSDT,1h,2023-03,True,GRTUSDT/1h/GRTUSDT-1h-2023-03.zip,34901
GRTUSDT,1h,2023-04,True,GRTUSDT/1h/GRTUSDT-1h-2023-04.zip,32924
GTCUSDT,1h,2021-10,False,GTCUSDT/1h/GTCUSDT-1h-2021-10.zip,31875
GTCUSDT,1h,2021-11,False,GTCUSDT/1h/GTCUSDT-1h-2021-11.zip,31432
GTCUSDT,1h,2021-12,True,GTCUSDT/1h/GTCUSDT-1h-2021-12.zip,33596
GTCUSDT,1h,2022-01,True,GTCUSDT/1h/GTCUSDT-1h-2022-01.zip,33097
HBARUSDT,1h,2021-08,False,HBARUSDT/1h/HBARUSDT-1h-2021-08.zip,33799
HBARUSDT,1h,2021-09,False,HBARUSDT/1h/HBARUSDT-1h-2021-09.zip,34287
HBARUSDT,1h,2021-10,True,HBARUSDT/1h/HBARUSDT-1h-2021-10.zip,34737
HBARUSDT,1h,2023-07,False,HBARUSDT/1h/HBARUSDT-1h-2023-07.zip,32581
HBARUSDT,1h,2023-08,False,HBARUSDT/1h/HBARUSDT-1h-2023-08.zip,34330
HBARUSDT,1h,2023-09,True,HBARUSDT/1h/HBARUSDT-1h-2023-09.zip,31472
HIGHUSDT,1h,2023-04,False,HIGHUSDT/1h/HIGHUSDT-1h-2023-04.zip,31480
HIGHUSDT,1h,2023-05,False,HIGHUSDT/1h/HIGHUSDT-1h-2023-05.zip,32874
HIGHUSDT,1h,2023-06,True,HIGHUSDT/1h/HIGHUSDT-1h-2023-06.zip,31758
HIGHUSDT,1h,2023-07,False,HIGHUSDT/1h/HIGHUSDT-1h-2023-07.zip,31396
HIGHUSDT,1h,2023-08,False,HIGHUSDT/1h/HIGHUSDT-1h-2023-08.zip,32451
HIGHUSDT,1h,2023-09,True,HIGHUSDT/1h/HIGHUSDT-1h-2023-09.zip,30459
HNTUSDT,1h,2022-01,False,HNTUSDT/1h/HNTUSDT-1h-2022-01.zip,31594
HNTUSDT,1h,2022-02,False,HNTUSDT/1h/HNTUSDT-1h-2022-02.zip,28080
HNTUSDT,1h,2022-03,True,HNTUSDT/1h/HNTUSDT-1h-2022-03.zip,30778
HNTUSDT,1h,2022-05,False,HNTUSDT/1h/HNTUSDT-1h-2022-05.zip,30704
HNTUSDT,1h,2022-06,False,HNTUSDT/1h/HNTUSDT-1h-2022-06.zip,30368
HNTUSDT,1h,2022-07,True,HNTUSDT/1h/HNTUSDT-1h-2022-07.zip,29262
HNTUSDT,1h,2022-08,False,HNTUSDT/1h/HNTUSDT-1h-2022-08.zip,30006
HNTUSDT,1h,2022-09,False,HNTUSDT/1h/HNTUSDT-1h-2022-09.zip,30788
HNTUSDT,1h,2022-10,True,HNTUSDT/1h/HNTUSDT-1h-2022-10.zip,29938
HNTUSDT,1h,2022-11,True,HNTUSDT/1h/HNTUSDT-1h-2022-11.zip,28493
HNTUSDT,1h,2022-12,False,HNTUSDT/1h/HNTUSDT-1h-2022-12.zip,28829
HNTUSDT,1h,2023-01,True,HNTUSDT/1h/HNTUSDT-1h-2023-01.zip,29434
HOOKUSDT,1h,2023-02,False,HOOKUSDT/1h/HOOKUSDT-1h-2023-02.zip,31203
HOOKUSDT,1h,2023-03,True,HOOKUSDT/1h/HOOKUSDT-1h-2023-03.zip,33563
HOTUSDT,1h,2021-04,False,HOTUSDT/1h/HOTUSDT-1h-2021-04.zip,36475
HOTUSDT,1h,2021-05,True,HOTUSDT/1h/HOTUSDT-1h-2021-05.zip,36624
HOTUSDT,1h,2021-10,False,HOTUSDT/1h/HOTUSDT-1h-2021-10.zip,35757
HOTUSDT,1h,2021-11,False,HOTUSDT/1h/HOTUSDT-1h-2021-11.zip,35463
HOTUSDT,1h,2021-12,True,HOTUSDT/1h/HOTUSDT-1h-2021-12.zip,36011
ICPUSDT,1h,2021-06,False,ICPUSDT/1h/ICPUSDT-1h-2021-06.zip,32617
ICPUSDT,1h,2021-07,True,ICPUSDT/1h/ICPUSDT-1h-2021-07.zip,33281
ICPUSDT,1h,2021-08,True,ICPUSDT/1h/ICPUSDT-1h-2021-08.zip,33904
ICPUSDT,1h,2021-09,True,ICPUSDT/1h/ICPUSDT-1h-2021-09.zip,32477
ICPUSDT,1h,2021-10,True,ICPUSDT/1h/ICPUSDT-1h-2021-10.zip,33150
ICPUSDT,1h,2021-11,True,ICPUSDT/1h/ICPUSDT-1h-2021-11.zip,31915
ICPUSDT,1h,2021-12,True,ICPUSDT/1h/ICPUSDT-1h-2021-12.zip,32736
ICPUSDT,1h,2022-01,True,ICPUSDT/1h/ICPUSDT-1h-2022-01.zip,33480
ICPUSDT,1h,2022-02,True,ICPUSDT/1h/ICPUSDT-1h-2022-02.zip,29306
ICPUSDT,1h,2022-03,True,ICPUSDT/1h/ICPUSDT-1h-2022-03.zip,31889
ICPUSDT,1h,2022-04,True,ICPUSDT/1h/ICPUSDT-1h-2022-04.zip,30800
ICPUSDT,1h,2022-05,True,ICPUSDT/1h/ICPUSDT-1h-2022-05.zip,31636
ICPUSDT,1h,2023-11,False,ICPUSDT/1h/ICPUSDT-1h-2023-11.zip,29361
ICPUSDT,1h,2023-12,False,ICPUSDT/1h/ICPUSDT-1h-2023-12.zip,32232
ICPUSDT,1h,2024-01,True,ICPUSDT/1h/ICPUSDT-1h-2024-01.zip,32611
ICPUSDT,1h,2024-02,True,ICPUSDT/1h/ICPUSDT-1h-2024-02.zip,29772
ICXUSDT,1h,2023-03,False,ICXUSDT/1h/ICXUSDT-1h-2023-03.zip,30218
ICXUSDT,1h,2023-04,False,ICXUSDT/1h/ICXUSDT-1h-2023-04.zip,31471
ICXUSDT,1h,2023-05,True,ICXUSDT/1h/ICXUSDT-1h-2023-05.zip,30391
IDUSDT,1h,2023-04,False,IDUSDT/1h/IDUSDT-1h-2023-04.zip,33751
IDUSDT,1h,2023-05,True,IDUSDT/1h/IDUSDT-1h-2023-05.zip,33948
IDUSDT,1h,2023-06,True,IDUSDT/1h/IDUSDT-1h-2023-06.zip,32272
IDUSDT,1h,2024-01,False,IDUSDT/1h/IDUSDT-1h-2024-01.zip,32491
IDUSDT,1h,2024-02,False,IDUSDT/1h/IDUSDT-1h-2024-02.zip,31233
IMXUSDT,1h,2022-03,False,IMXUSDT/1h/IMXUSDT-1h-2022-03.zip,33116
IMXUSDT,1h,2022-04,True,IMXUSDT/1h/IMXUSDT-1h-2022-04.zip,29396
IMXUSDT,1h,2023-02,False,IMXUSDT/1h/IMXUSDT-1h-2023-02.zip,29528
IMXUSDT,1h,2023-03,False,IMXUSDT/1h/IMXUSDT-1h-2023-03.zip,33343
IMXUSDT,1h,2023-04,True,IMXUSDT/1h/IMXUSDT-1h-2023-04.zip,30731
IMXUSDT,1h,2023-08,False,IMXUSDT/1h/IMXUSDT-1h-2023-08.zip,30790
IMXUSDT,1h,2023-09,False,IMXUSDT/1h/IMXUSDT-1h-2023-09.zip,29984
IMXUSDT,1h,2023-10,True,IMXUSDT/1h/IMXUSDT-1h-2023-10.zip,30827
IMXUSDT,1h,2023-11,False,IMXUSDT/1h/IMXUSDT-1h-2023-11.zip,31903
IMXUSDT,1h,2023-12,False,IMXUSDT/1h/IMXUSDT-1h-2023-12.zip,33208
IMXUSDT,1h,2024-01,True,IMXUSDT/1h/IMXUSDT-1h-2024-01.zip,32116
INJUSDT,1h,2022-09,False,INJUSDT/1h/INJUSDT-1h-2022-09.zip,30852
INJUSDT,1h,2022-10,False,INJUSDT/1h/INJUSDT-1h-2022-10.zip,33079
INJUSDT,1h,2022-11,True,INJUSDT/1h/INJUSDT-1h-2022-11.zip,31813
INJUSDT,1h,2022-12,False,INJUSDT/1h/INJUSDT-1h-2022-12.zip,30471
INJUSDT,1h,2023-01,False,INJUSDT/1h/INJUSDT-1h-2023-01.zip,32088
INJUSDT,1h,2023-02,True,INJUSDT/1h/INJUSDT-1h-2023-02.zip,30728
INJUSDT,1h,2023-03,True,INJUSDT/1h/INJUSDT-1h-2023-03.zip,33903
INJUSDT,1h,2023-04,True,INJUSDT/1h/INJUSDT-1h-2023-04.zip,34272
INJUSDT,1h,2023-05,True,INJUSDT/1h/INJUSDT-1h-2023-05.zip,34774
INJUSDT,1h,2023-06,True,INJUSDT/1h/INJUSDT-1h-2023-06.zip,33688
INJUSDT,1h,2023-07,True,INJUSDT/1h/INJUSDT-1h-2023-07.zip,34259
INJUSDT,1h,2023-08,True,INJUSDT/1h/INJUSDT-1h-2023-08.zip,33585
INJUSDT,1h,2023-09,True,INJUSDT/1h/INJUSDT-1h-2023-09.zip,31597
INJUSDT,1h,2023-10,False,INJUSDT/1h/INJUSDT-1h-2023-10.zip,33761
INJUSDT,1h,2023-11,True,INJUSDT/1h/INJUSDT-1h-2023-11.zip,33788
INJUSDT,1h,2023-12,True,INJUSDT/1h/INJUSDT-1h-2023-12.zip,35941
INJUSDT,1h,2024-01,True,INJUSDT/1h/INJUSDT-1h-2024-01.zip,35665
INJUSDT,1h,2024-02,True,INJUSDT/1h/INJUSDT-1h-2024-02.zip,33112
IOSTUSDT,1h,2020-03,False,IOSTUSDT/1h/IOSTUSDT-1h-2020-03.zip,32736
IOSTUSDT,1h,2020-04,True,IOSTUSDT/1h/IOSTUSDT-1h-2020-04.zip,31134
IOSTUSDT,1h,2020-05,True,IOSTUSDT/1h/IOSTUSDT-1h-2020-05.zip,32779
IOSTUSDT,1h,2020-06,True,IOSTUSDT/1h/IOSTUSDT-1h-2020-06.zip,33172
IOSTUSDT,1h,2020-07,True,IOSTUSDT/1h/IOSTUSDT-1h-2020-07.zip,34128
IOSTUSDT,1h,2020-08,True,IOSTUSDT/1h/IOSTUSDT-1h-2020-08.zip,34551
IOSTUSDT,1h,2020-09,True,IOSTUSDT/1h/IOSTUSDT-1h-2020-09.zip,33620
IOSTUSDT,1h,2020-10,True,IOSTUSDT/1h/IOSTUSDT-1h-2020-10.zip,32841
IOSTUSDT,1h,2020-12,False,IOSTUSDT/1h/IOSTUSDT-1h-2020-12.zip,33383
IOSTUSDT,1h,2021-01,False,IOSTUSDT/1h/IOSTUSDT-1h-2021-01.zip,36177
IOSTUSDT,1h,2021-02,True,IOSTUSDT/1h/IOSTUSDT-1h-2021-02.zip,33596
IOSTUSDT,1h,2021-03,True,IOSTUSDT/1h/IOSTUSDT-1h-2021-03.zip,36556
IOSTUSDT,1h,2021-04,True,IOSTUSDT/1h/IOSTUSDT-1h-2021-04.zip,36226
IOSTUSDT,1h,2021-05,True,IOSTUSDT/1h/IOSTUSDT-1h-2021-05.zip,36987
IOSTUSDT,1h,2021-08,False,IOSTUSDT/1h/IOSTUSDT-1h-2021-08.zip,36216
IOSTUSDT,1h,2021-09,False,IOSTUSDT/1h/IOSTUSDT-1h-2021-09.zip,36494
IOSTUSDT,1h,2021-10,True,IOSTUSDT/1h/IOSTUSDT-1h-2021-10.zip,36310
IOSTUSDT,1h,2022-02,False,IOSTUSDT/1h/IOSTUSDT-1h-2022-02.zip,32196
IOSTUSDT,1h,2022-03,False,IOSTUSDT/1h/IOSTUSDT-1h-2022-03.zip,35577
IOSTUSDT,1h,2022-04,True,IOSTUSDT/1h/IOSTUSDT-1h-2022-04.zip,35464
IOSTUSDT,1h,2022-05,True,IOSTUSDT/1h/IOSTUSDT-1h-2022-05.zip,35762
IOTAUSDT,1h,2020-03,False,IOTAUSDT/1h/IOTAUSDT-1h-2020-03.zip,29984
IOTAUSDT,1h,2020-04,True,IOTAUSDT/1h/IOTAUSDT-1h-2020-04.zip,28633
IOTAUSDT,1h,2020-05,True,IOTAUSDT/1h/IOTAUSDT-1h-2020-05.zip,30530
IOTAUSDT,1h,2020-06,True,IOTAUSDT/1h/IOTAUSDT-1h-2020-06.zip,29590
IOTAUSDT,1h,2020-07,True,IOTAUSDT/1h/IOTAUSDT-1h-2020-07.zip,31193
IOTAUSDT,1h,2020-08,True,IOTAUSDT/1h/IOTAUSDT-1h-2020-08.zip,32394
IOTAUSDT,1h,2020-09,True,IOTAUSDT/1h/IOTAUSDT-1h-2020-09.zip,30507
IOTAUSDT,1h,2020-10,True,IOTAUSDT/1h/IOTAUSDT-1h-2020-10.zip,30713
IOTAUSDT,1h,2020-11,False,IOTAUSDT/1h/IOTAUSDT-1h-2020-11.zip,30988
IOTAUSDT,1h,2020-12,True,IOTAUSDT/1h/IOTAUSDT-1h-2020-12.zip,31990
IOTAUSDT,1h,2021-01,False,IOTAUSDT/1h/IOTAUSDT-1h-2021-01.zip,33288
IOTAUSDT,1h,2021-02,False,IOTAUSDT/1h/IOTAUSDT-1h-2021-02.zip,31444
IOTAUSDT,1h,2021-03,True,IOTAUSDT/1h/IOTAUSDT-1h-2021-03.zip,34145
IOTAUSDT,1h,2021-04,False,IOTAUSDT/1h/IOTAUSDT-1h-2021-04.zip,33967
IOTAUSDT,1h,2021-05,False,IOTAUSDT/1h/IOTAUSDT-1h-2021-05.zip,35208
IOTAUSDT,1h,2021-06,True,IOTAUSDT/1h/IOTAUSDT-1h-2021-06.zip,33188
IOTAUSDT,1h,2021-08,False,IOTAUSDT/1h/IOTAUSDT-1h-2021-08.zip,34112
IOTAUSDT,1h,2021-09,False,IOTAUSDT/1h/IOTAUSDT-1h-2021-09.zip,34227
IOTAUSDT,1h,2021-10,True,IOTAUSDT/1h/IOTAUSDT-1h-2021-10.zip,34439
IOTAUSDT,1h,2023-11,False,IOTAUSDT/1h/IOTAUSDT-1h-2023-11.zip,31364
IOTAUSDT,1h,2023-12,False,IOTAUSDT/1h/IOTAUSDT-1h-2023-12.zip,34227
IOTAUSDT,1h,2024-01,True,IOTAUSDT/1h/IOTAUSDT-1h-2024-01.zip,33255
IOTXUSDT,1h,2021-10,False,IOTXUSDT/1h/IOTXUSDT-1h-2021-10.zip,33349
IOTXUSDT,1h,2021-11,False,IOTXUSDT/1h/IOTXUSDT-1h-2021-11.zip,34759
IOTXUSDT,1h,2021-12,True,IOTXUSDT/1h/IOTXUSDT-1h-2021-12.zip,34543
IOTXUSDT,1h,2022-01,False,IOTXUSDT/1h/IOTXUSDT-1h-2022-01.zip,33907
IOTXUSDT,1h,2022-02,False,IOTXUSDT/1h/IOTXUSDT-1h-2022-02.zip,30931
IOTXUSDT,1h,2022-03,True,IOTXUSDT/1h/IOTXUSDT-1h-2022-03.zip,33662
JASMYUSDT,1h,2022-05,False,JASMYUSDT/1h/JASMYUSDT-1h-2022-05.zip,35164
JASMYUSDT,1h,2022-06,True,JASMYUSDT/1h/JASMYUSDT-1h-2022-06.zip,32582
JASMYUSDT,1h,2022-09,False,JASMYUSDT/1h/JASMYUSDT-1h-2022-09.zip,33879
JASMYUSDT,1h,2022-10,False,JASMYUSDT/1h/JASMYUSDT-1h-2022-10.zip,35339
JASMYUSDT,1h,2022-11,True,JASMYUSDT/1h/JASMYUSDT-1h-2022-11.zip,34391
JASMYUSDT,1h,2022-12,False,JASMYUSDT/1h/JASMYUSDT-1h-2022-12.zip,34106
JASMYUSDT,1h,2023-01,False,JASMYUSDT/1h/JASMYUSDT-1h-2023-01.zip,35665
JASMYUSDT,1h,2023-02,True,JASMYUSDT/1h/JASMYUSDT-1h-2023-02.zip,32437
JASMYUSDT,1h,2023-04,False,JASMYUSDT/1h/JASMYUSDT-1h-2023-04.zip,34447
JASMYUSDT,1h,2023-05,False,JASMYUSDT/1h/JASMYUSDT-1h-2023-05.zip,35648
JASMYUSDT,1h,2023-06,True,JASMYUSDT/1h/JASMYUSDT-1h-2023-06.zip,33886
JASMYUSDT,1h,2024-01,False,JASMYUSDT/1h/JASMYUSDT-1h-2024-01.zip,34367
JASMYUSDT,1h,2024-02,False,JASMYUSDT/1h/JASMYUSDT-1h-2024-02.zip,34055
JTOUSDT,1h,2024-01,False,JTOUSDT/1h/JTOUSDT-1h-2024-01.zip,34752
JTOUSDT,1h,2024-02,True,JTOUSDT/1h/JTOUSDT-1h-2024-02.zip,31599
KAVAUSDT,1h,2020-08,False,KAVAUSDT/1h/KAVAUSDT-1h-2020-08.zip,34550
KAVAUSDT,1h,2020-09,True,KAVAUSDT/1h/KAVAUSDT-1h-2020-09.zip,32415
KAVAUSDT,1h,2020-10,True,KAVAUSDT/1h/KAVAUSDT-1h-2020-10.zip,33036
KAVAUSDT,1h,2020-11,True,KAVAUSDT/1h/KAVAUSDT-1h-2020-11.zip,32681
KAVAUSDT,1h,2020-12,True,KAVAUSDT/1h/KAVAUSDT-1h-2020-12.zip,32888
KAVAUSDT,1h,2021-02,False,KAVAUSDT/1h/KAVAUSDT-1h-2021-02.zip,31561
KAVAUSDT,1h,2021-03,False,KAVAUSDT/1h/KAVAUSDT-1h-2021-03.zip,35059
KAVAUSDT,1h,2021-04,True,KAVAUSDT/1h/KAVAUSDT-1h-2021-04.zip,34105
KAVAUSDT,1h,2021-05,False,KAVAUSDT/1h/KAVAUSDT-1h-2021-05.zip,35093
KAVAUSDT,1h,2021-06,False,KAVAUSDT/1h/KAVAUSDT-1h-2021-06.zip,33720
KAVAUSDT,1h,2021-07,True,KAVAUSDT/1h/KAVAUSDT-1h-2021-07.zip,34487
KAVAUSDT,1h,2021-08,True,KAVAUSDT/1h/KAVAUSDT-1h-2021-08.zip,35315
KAVAUSDT,1h,2021-09,True,KAVAUSDT/1h/KAVAUSDT-1h-2021-09.zip,33823
KAVAUSDT,1h,2021-12,False,KAVAUSDT/1h/KAVAUSDT-1h-2021-12.zip,34006
KAVAUSDT,1h,2022-01,False,KAVAUSDT/1h/KAVAUSDT-1h-2022-01.zip,35346
KAVAUSDT,1h,2022-02,True,KAVAUSDT/1h/KAVAUSDT-1h-2022-02.zip,31024
KAVAUSDT,1h,2022-03,False,KAVAUSDT/1h/KAVAUSDT-1h-2022-03.zip,34088
KAVAUSDT,1h,2022-04,False,KAVAUSDT/1h/KAVAUSDT-1h-2022-04.zip,34172
KAVAUSDT,1h,2022-05,True,KAVAUSDT/1h/KAVAUSDT-1h-2022-05.zip,35522
KAVAUSDT,1h,2022-06,True,KAVAUSDT/1h/KAVAUSDT-1h-2022-06.zip,33578
KAVAUSDT,1h,2022-12,False,KAVAUSDT/1h/KAVAUSDT-1h-2022-12.zip,33302
KAVAUSDT,1h,2023-01,False,KAVAUSDT/1h/KAVAUSDT-1h-2023-01.zip,34808
KAVAUSDT,1h,2023-02,True,KAVAUSDT/1h/KAVAUSDT-1h-2023-02.zip,30864
KAVAUSDT,1h,2023-03,False,KAVAUSDT/1h/KAVAUSDT-1h-2023-03.zip,34593
KAVAUSDT,1h,2023-04,True,KAVAUSDT/1h/KAVAUSDT-1h-2023-04.zip,32257
KAVAUSDT,1h,2023-05,False,KAVAUSDT/1h/KAVAUSDT-1h-2023-05.zip,34915
KAVAUSDT,1h,2023-06,True,KAVAUSDT/1h/KAVAUSDT-1h-2023-06.zip,33541
KAVAUSDT,1h,2023-07,True,KAVAUSDT/1h/KAVAUSDT-1h-2023-07.zip,33578
KEEPUSDT,1h,2021-09,False,KEEPUSDT/1h/KEEPUSDT-1h-2021-09.zip,30600
KEEPUSDT,1h,2021-10,False,KEEPUSDT/1h/KEEPUSDT-1h-2021-10.zip,32324
KEEPUSDT,1h,2021-11,True,KEEPUSDT/1h/KEEPUSDT-1h-2021-11.zip,31350
KLAYUSDT,1h,2022-09,False,KLAYUSDT/1h/KLAYUSDT-1h-2022-09.zip,30206
KLAYUSDT,1h,2022-10,False,KLAYUSDT/1h/KLAYUSDT-1h-2022-10.zip,33035
KLAYUSDT,1h,2022-11,True,KLAYUSDT/1h/KLAYUSDT-1h-2022-11.zip,32322
KLAYUSDT,1h,2023-01,False,KLAYUSDT/1h/KLAYUSDT-1h-2023-01.zip,32049
KLAYUSDT,1h,2023-02,False,KLAYUSDT/1h/KLAYUSDT-1h-2023-02.zip,30457
KLAYUSDT,1h,2023-03,True,KLAYUSDT/1h/KLAYUSDT-1h-2023-03.zip,33113
KNCUSDT,1h,2020-07,False,KNCUSDT/1h/KNCUSDT-1h-2020-07.zip,33362
KNCUSDT,1h,2020-08,True,KNCUSDT/1h/KNCUSDT-1h-2020-08.zip,33572
KNCUSDT,1h,2020-09,True,KNCUSDT/1h/KNCUSDT-1h-2020-09.zip,31624
KNCUSDT,1h,2020-10,True,KNCUSDT/1h/KNCUSDT-1h-2020-10.zip,31931
KNCUSDT,1h,2022-02,False,KNCUSDT/1h/KNCUSDT-1h-2022-02.zip,25277
KNCUSDT,1h,2022-03,False,KNCUSDT/1h/KNCUSDT-1h-2022-03.zip,31491
KNCUSDT,1h,2022-04,True,KNCUSDT/1h/KNCUSDT-1h-2022-04.zip,29534
KNCUSDT,1h,2022-05,False,KNCUSDT/1h/KNCUSDT-1h-2022-05.zip,32805
KNCUSDT,1h,2022-06,True,KNCUSDT/1h/KNCUSDT-1h-2022-06.zip,29930
KNCUSDT,1h,2022-07,True,KNCUSDT/1h/KNCUSDT-1h-2022-07.zip,29920
KNCUSDT,1h,2022-08,False,KNCUSDT/1h/KNCUSDT-1h-2022-08.zip,30268
KNCUSDT,1h,2022-09,True,KNCUSDT/1h/KNCUSDT-1h-2022-09.zip,29444
KNCUSDT,1h,2022-10,True,KNCUSDT/1h/KNCUSDT-1h-2022-10.zip,29123
KNCUSDT,1h,2023-06,False,KNCUSDT/1h/KNCUSDT-1h-2023-06.zip,30262
KNCUSDT,1h,2023-07,False,KNCUSDT/1h/KNCUSDT-1h-2023-07.zip,32116
KNCUSDT,1h,2023-08,True,KNCUSDT/1h/KNCUSDT-1h-2023-08.zip,32259
KNCUSDT,1h,2023-09,True,KNCUSDT/1h/KNCUSDT-1h-2023-09.zip,31124
KNCUSDT,1h,2023-10,True,KNCUSDT/1h/KNCUSDT-1h-2023-10.zip,32065
KSMUSDT,1h,2020-11,False,KSMUSDT/1h/KSMUSDT-1h-2020-11.zip,30474
KSMUSDT,1h,2020-12,True,KSMUSDT/1h/KSMUSDT-1h-2020-12.zip,31945
KSMUSDT,1h,2021-01,True,KSMUSDT/1h/KSMUSDT-1h-2021-01.zip,32496
KSMUSDT,1h,2021-02,False,KSMUSDT/1h/KSMUSDT-1h-2021-02.zip,30526
KSMUSDT,1h,2021-03,True,KSMUSDT/1h/KSMUSDT-1h-2021-03.zip,34257
KSMUSDT,1h,2021-04,True,KSMUSDT/1h/KSMUSDT-1h-2021-04.zip,33203
KSMUSDT,1h,2021-05,True,KSMUSDT/1h/KSMUSDT-1h-2021-05.zip,33692
KSMUSDT,1h,2021-06,True,KSMUSDT/1h/KSMUSDT-1h-2021-06.zip,32277
KSMUSDT,1h,2021-07,True,KSMUSDT/1h/KSMUSDT-1h-2021-07.zip,31889
KSMUSDT,1h,2021-08,True,KSMUSDT/1h/KSMUSDT-1h-2021-08.zip,32551
KSMUSDT,1h,2021-09,True,KSMUSDT/1h/KSMUSDT-1h-2021-09.zip,31665
KSMUSDT,1h,2021-10,True,KSMUSDT/1h/KSMUSDT-1h-2021-10.zip,31700
LDOUSDT,1h,2022-12,False,LDOUSDT/1h/LDOUSDT-1h-2022-12.zip,31636
LDOUSDT,1h,2023-01,False,LDOUSDT/1h/LDOUSDT-1h-2023-01.zip,34704
LDOUSDT,1h,2023-02,True,LDOUSDT/1h/LDOUSDT-1h-2023-02.zip,31747
LDOUSDT,1h,2023-03,True,LDOUSDT/1h/LDOUSDT-1h-2023-03.zip,34975
LDOUSDT,1h,2023-04,True,LDOUSDT/1h/LDOUSDT-1h-2023-04.zip,32888
LDOUSDT,1h,2023-05,True,LDOUSDT/1h/LDOUSDT-1h-2023-05.zip,34310
LDOUSDT,1h,2023-06,True,LDOUSDT/1h/LDOUSDT-1h-2023-06.zip,32943
LDOUSDT,1h,2023-07,True,LDOUSDT/1h/LDOUSDT-1h-2023-07.zip,33684
LDOUSDT,1h,2023-08,True,LDOUSDT/1h/LDOUSDT-1h-2023-08.zip,32625
LDOUSDT,1h,2023-12,False,LDOUSDT/1h/LDOUSDT-1h-2023-12.zip,33775
LDOUSDT,1h,2024-01,False,LDOUSDT/1h/LDOUSDT-1h-2024-01.zip,34589
LDOUSDT,1h,2024-02,True,LDOUSDT/1h/LDOUSDT-1h-2024-02.zip,31620
LENDUSDT,1h,2020-08,False,LENDUSDT/1h/LENDUSDT-1h-2020-08.zip,34203
LENDUSDT,1h,2020-09,True,LENDUSDT/1h/LENDUSDT-1h-2020-09.zip,33029
LENDUSDT,1h,2020-10,True,LENDUSDT/1h/LENDUSDT-1h-2020-10.zip,14109
LENDUSDT,1h,2020-11,True,LENDUSDT/1h/LENDUSDT-1h-2020-11.zip,1620
LEVERUSDT,1h,2023-07,False,LEVERUSDT/1h/LEVERUSDT-1h-2023-07.zip,32871
LEVERUSDT,1h,2023-08,False,LEVERUSDT/1h/LEVERUSDT-1h-2023-08.zip,35083
LEVERUSDT,1h,2023-09,True,LEVERUSDT/1h/LEVERUSDT-1h-2023-09.zip,34761
LEVERUSDT,1h,2023-10,True,LEVERUSDT/1h/LEVERUSDT-1h-2023-10.zip,35918
LEVERUSDT,1h,2023-11,True,LEVERUSDT/1h/LEVERUSDT-1h-2023-11.zip,33357
LINAUSDT,1h,2021-06,False,LINAUSDT/1h/LINAUSDT-1h-2021-06.zip,32084
LINAUSDT,1h,2021-07,False,LINAUSDT/1h/LINAUSDT-1h-2021-07.zip,34104
LINAUSDT,1h,2021-08,True,LINAUSDT/1h/LINAUSDT-1h-2021-08.zip,34401
LINAUSDT,1h,2023-02,False,LINAUSDT/1h/LINAUSDT-1h-2023-02.zip,29445
LINAUSDT,1h,2023-03,False,LINAUSDT/1h/LINAUSDT-1h-2023-03.zip,33691
LINAUSDT,1h,2023-04,True,LINAUSDT/1h/LINAUSDT-1h-2023-04.zip,33119
LINAUSDT,1h,2023-05,True,LINAUSDT/1h/LINAUSDT-1h-2023-05.zip,34294
LINAUSDT,1h,2023-06,True,LINAUSDT/1h/LINAUSDT-1h-2023-06.zip,34320
LINAUSDT,1h,2023-07,True,LINAUSDT/1h/LINAUSDT-1h-2023-07.zip,32975
LINAUSDT,1h,2023-08,True,LINAUSDT/1h/LINAUSDT-1h-2023-08.zip,32861
LINKUSDT,1h,2020-03,True,LINKUSDT/1h/LINKUSDT-1h-2020-03.zip,34014
LINKUSDT,1h,2020-04,True,LINKUSDT/1h/LINKUSDT-1h-2020-04.zip,32826
LINKUSDT,1h,2020-05,True,LINKUSDT/1h/LINKUSDT-1h-2020-05.zip,33031
LINKUSDT,1h,2020-06,True,LINKUSDT/1h/LINKUSDT-1h-2020-06.zip,31963
LINKUSDT,1h,2020-07,True,LINKUSDT/1h/LINKUSDT-1h-2020-07.zip,34887
LINKUSDT,1h,2020-08,True,LINKUSDT/1h/LINKUSDT-1h-2020-08.zip,36403
LINKUSDT,1h,2020-09,True,LINKUSDT/1h/LINKUSDT-1h-2020-09.zip,34795
LINKUSDT,1h,2020-10,True,LINKUSDT/1h/LINKUSDT-1h-2020-10.zip,35582
LINKUSDT,1h,2020-11,True,LINKUSDT/1h/LINKUSDT-1h-2020-11.zip,34955
LINKUSDT,1h,2020-12,True,LINKUSDT/1h/LINKUSDT-1h-2020-12.zip,35625
LINKUSDT,1h,2021-01,True,LINKUSDT/1h/LINKUSDT-1h-2021-01.zip,36764
LINKUSDT,1h,2021-02,True,LINKUSDT/1h/LINKUSDT-1h-2021-02.zip,33125
LINKUSDT,1h,2021-03,True,LINKUSDT/1h/LINKUSDT-1h-2021-03.zip,35870
LINKUSDT,1h,2021-04,True,LINKUSDT/1h/LINKUSDT-1h-2021-04.zip,35609
LINKUSDT,1h,2021-05,True,LINKUSDT/1h/LINKUSDT-1h-2021-05.zip,37191
LINKUSDT,1h,2021-06,True,LINKUSDT/1h/LINKUSDT-1h-2021-06.zip,35413
LINKUSDT,1h,2021-07,True,LINKUSDT/1h/LINKUSDT-1h-2021-07.zip,36045
LINKUSDT,1h,2021-08,True,LINKUSDT/1h/LINKUSDT-1h-2021-08.zip,36416
LINKUSDT,1h,2021-09,True,LINKUSDT/1h/LINKUSDT-1h-2021-09.zip,35414
LINKUSDT,1h,2021-10,True,LINKUSDT/1h/LINKUSDT-1h-2021-10.zip,36129
LINKUSDT,1h,2021-11,True,LINKUSDT/1h/LINKUSDT-1h-2021-11.zip,35073
LINKUSDT,1h,2021-12,True,LINKUSDT/1h/LINKUSDT-1h-2021-12.zip,36126
LINKUSDT,1h,2022-01,True,LINKUSDT/1h/LINKUSDT-1h-2022-01.zip,36979
LINKUSDT,1h,2022-02,True,LINKUSDT/1h/LINKUSDT-1h-2022-02.zip,32721
LINKUSDT,1h,2022-03,True,LINKUSDT/1h/LINKUSDT-1h-2022-03.zip,35660
LINKUSDT,1h,2022-04,True,LINKUSDT/1h/LINKUSDT-1h-2022-04.zip,34250
LINKUSDT,1h,2022-05,True,LINKUSDT/1h/LINKUSDT-1h-2022-05.zip,35403
LINKUSDT,1h,2022-06,True,LINKUSDT/1h/LINKUSDT-1h-2022-06.zip,34750
LINKUSDT,1h,2022-07,True,LINKUSDT/1h/LINKUSDT-1h-2022-07.zip,34996
LINKUSDT,1h,2022-08,True,LINKUSDT/1h/LINKUSDT-1h-2022-08.zip,34999
LINKUSDT,1h,2022-09,True,LINKUSDT/1h/LINKUSDT-1h-2022-09.zip,34135
LINKUSDT,1h,2022-10,True,LINKUSDT/1h/LINKUSDT-1h-2022-10.zip,34849
LINKUSDT,1h,2022-11,True,LINKUSDT/1h/LINKUSDT-1h-2022-11.zip,34661
LINKUSDT,1h,2022-12,True,LINKUSDT/1h/LINKUSDT-1h-2022-12.zip,34558
LINKUSDT,1h,2023-01,True,LINKUSDT/1h/LINKUSDT-1h-2023-01.zip,34937
LINKUSDT,1h,2023-02,True,LINKUSDT/1h/LINKUSDT-1h-2023-02.zip,31790
LINKUSDT,1h,2023-03,True,LINKUSDT/1h/LINKUSDT-1h-2023-03.zip,34963
LINKUSDT,1h,2023-04,True,LINKUSDT/1h/LINKUSDT-1h-2023-04.zip,33538
LINKUSDT,1h,2023-05,True,LINKUSDT/1h/LINKUSDT-1h-2023-05.zip,33861
LINKUSDT,1h,2023-06,True,LINKUSDT/1h/LINKUSDT-1h-2023-06.zip,33341
LINKUSDT,1h,2023-07,True,LINKUSDT/1h/LINKUSDT-1h-2023-07.zip,35005
LINKUSDT,1h,2023-08,True,LINKUSDT/1h/LINKUSDT-1h-2023-08.zip,34425
LINKUSDT,1h,2023-09,True,LINKUSDT/1h/LINKUSDT-1h-2023-09.zip,33551
LINKUSDT,1h,2023-10,True,LINKUSDT/1h/LINKUSDT-1h-2023-10.zip,35594
LINKUSDT,1h,2023-11,True,LINKUSDT/1h/LINKUSDT-1h-2023-11.zip,35415
LINKUSDT,1h,2023-12,True,LINKUSDT/1h/LINKUSDT-1h-2023-12.zip,36125
LINKUSDT,1h,2024-01,True,LINKUSDT/1h/LINKUSDT-1h-2024-01.zip,35992
LINKUSDT,1h,2024-02,True,LINKUSDT/1h/LINKUSDT-1h-2024-02.zip,33981
LITUSDT,1h,2021-06,False,LITUSDT/1h/LITUSDT-1h-2021-06.zip,30076
LITUSDT,1h,2021-07,False,LITUSDT/1h/LITUSDT-1h-2021-07.zip,31733
LITUSDT,1h,2021-08,True,LITUSDT/1h/LITUSDT-1h-2021-08.zip,32023
LITUSDT,1h,2022-05,False,LITUSDT/1h/LITUSDT-1h-2022-05.zip,31144
LITUSDT,1h,2022-06,False,LITUSDT/1h/LITUSDT-1h-2022-06.zip,31549
LITUSDT,1h,2022-07,True,LITUSDT/1h/LITUSDT-1h-2022-07.zip,31304
LITUSDT,1h,2022-09,False,LITUSDT/1h/LITUSDT-1h-2022-09.zip,29041
LITUSDT,1h,2022-10,False,LITUSDT/1h/LITUSDT-1h-2022-10.zip,31918
LITUSDT,1h,2022-11,True,LITUSDT/1h/LITUSDT-1h-2022-11.zip,30576
LITUSDT,1h,2022-12,True,LITUSDT/1h/LITUSDT-1h-2022-12.zip,30625
LITUSDT,1h,2023-01,True,LITUSDT/1h/LITUSDT-1h-2023-01.zip,31022
LITUSDT,1h,2023-02,True,LITUSDT/1h/LITUSDT-1h-2023-02.zip,28948
LITUSDT,1h,2023-03,True,LITUSDT/1h/LITUSDT-1h-2023-03.zip,31038
LPTUSDT,1h,2023-07,False,LPTUSDT/1h/LPTUSDT-1h-2023-07.zip,29795
LPTUSDT,1h,2023-08,False,LPTUSDT/1h/LPTUSDT-1h-2023-08.zip,33245
LPTUSDT,1h,2023-09,True,LPTUSDT/1h/LPTUSDT-1h-2023-09.zip,30465
LPTUSDT,1h,2023-10,True,LPTUSDT/1h/LPTUSDT-1h-2023-10.zip,30999
LPTUSDT,1h,2024-01,False,LPTUSDT/1h/LPTUSDT-1h-2024-01.zip,31273
LPTUSDT,1h,2024-02,False,LPTUSDT/1h/LPTUSDT-1h-2024-02.zip,30528
LQTYUSDT,1h,2023-06,False,LQTYUSDT/1h/LQTYUSDT-1h-2023-06.zip,33162
LQTYUSDT,1h,2023-07,False,LQTYUSDT/1h/LQTYUSDT-1h-2023-07.zip,34880
LQTYUSDT,1h,2023-08,True,LQTYUSDT/1h/LQTYUSDT-1h-2023-08.zip,33720
LQTYUSDT,1h,2023-09,False,LQTYUSDT/1h/LQTYUSDT-1h-2023-09.zip,32249
LQTYUSDT,1h,2023-10,False,LQTYUSDT/1h/LQTYUSDT-1h-2023-10.zip,36374
LQTYUSDT,1h,2023-11,True,LQTYUSDT/1h/LQTYUSDT-1h-2023-11.zip,33538
LRCUSDT,1h,2020-12,False,LRCUSDT/1h/LRCUSDT-1h-2020-12.zip,31815
LRCUSDT,1h,2021-01,False,LRCUSDT/1h/LRCUSDT-1h-2021-01.zip,34213
LRCUSDT,1h,2021-02,True,LRCUSDT/1h/LRCUSDT-1h-2021-02.zip,31011
LRCUSDT,1h,2021-07,False,LRCUSDT/1h/LRCUSDT-1h-2021-07.zip,32918
LRCUSDT,1h,2021-08,False,LRCUSDT/1h/LRCUSDT-1h-2021-08.zip,34599
LRCUSDT,1h,2021-09,True,LRCUSDT/1h/LRCUSDT-1h-2021-09.zip,33266
LRCUSDT,1h,2021-10,False,LRCUSDT/1h/LRCUSDT-1h-2021-10.zip,34186
LRCUSDT,1h,2021-11,False,LRCUSDT/1h/LRCUSDT-1h-2021-11.zip,36486
LRCUSDT,1h,2021-12,True,LRCUSDT/1h/LRCUSDT-1h-2021-12.zip,36053
LRCUSDT,1h,2022-01,True,LRCUSDT/1h/LRCUSDT-1h-2022-01.zip,35488
LRCUSDT,1h,2022-02,True,LRCUSDT/1h/LRCUSDT-1h-2022-02.zip,27533
LRCUSDT,1h,2022-03,False,LRCUSDT/1h/LRCUSDT-1h-2022-03.zip,33556
LRCUSDT,1h,2022-04,True,LRCUSDT/1h/LRCUSDT-1h-2022-04.zip,30174
LRCUSDT,1h,2022-05,False,LRCUSDT/1h/LRCUSDT-1h-2022-05.zip,33453
LRCUSDT,1h,2022-06,True,LRCUSDT/1h/LRCUSDT-1h-2022-06.zip,31724
LRCUSDT,1h,2022-10,False,LRCUSDT/1h/LRCUSDT-1h-2022-10.zip,30529
LRCUSDT,1h,2022-11,False,LRCUSDT/1h/LRCUSDT-1h-2022-11.zip,30715
LRCUSDT,1h,2022-12,True,LRCUSDT/1h/LRCUSDT-1h-2022-12.zip,30227
LRCUSDT,1h,2023-01,False,LRCUSDT/1h/LRCUSDT-1h-2023-01.zip,31546
LRCUSDT,1h,2023-02,False,LRCUSDT/1h/LRCUSDT-1h-2023-02.zip,29751
LRCUSDT,1h,2023-03,True,LRCUSDT/1h/LRCUSDT-1h-2023-03.zip,31781
LTCUSDT,1h,2020-03,True,LTCUSDT/1h/LTCUSDT-1h-2020-03.zip,33416
LTCUSDT,1h,2020-04,True,LTCUSDT/1h/LTCUSDT-1h-2020-04.zip,31658
LTCUSDT,1h,2020-05,True,LTCUSDT/1h/LTCUSDT-1h-2020-05.zip,32696
LTCUSDT,1h,2020-06,True,LTCUSDT/1h/LTCUSDT-1h-2020-06.zip,31166
LTCUSDT,1h,2020-07,True,LTCUSDT/1h/LTCUSDT-1h-2020-07.zip,32706
LTCUSDT,1h,2020-08,True,LTCUSDT/1h/LTCUSDT-1h-2020-08.zip,34072
LTCUSDT,1h,2020-09,True,LTCUSDT/1h/LTCUSDT-1h-2020-09.zip,32137
LTCUSDT,1h,2020-10,True,LTCUSDT/1h/LTCUSDT-1h-2020-10.zip,33347
LTCUSDT,1h,2020-11,True,LTCUSDT/1h/LTCUSDT-1h-2020-11.zip,33946
LTCUSDT,1h,2020-12,True,LTCUSDT/1h/LTCUSDT-1h-2020-12.zip,35989
LTCUSDT,1h,2021-01,True,LTCUSDT/1h/LTCUSDT-1h-2021-01.zip,36543
LTCUSDT,1h,2021-02,True,LTCUSDT/1h/LTCUSDT-1h-2021-02.zip,33454
LTCUSDT,1h,2021-03,True,LTCUSDT/1h/LTCUSDT-1h-2021-03.zip,36227
LTCUSDT,1h,2021-04,True,LTCUSDT/1h/LTCUSDT-1h-2021-04.zip,35981
LTCUSDT,1h,2021-05,True,LTCUSDT/1h/LTCUSDT-1h-2021-05.zip,37628
LTCUSDT,1h,2021-06,True,LTCUSDT/1h/LTCUSDT-1h-2021-06.zip,35209
LTCUSDT,1h,2021-07,True,LTCUSDT/1h/LTCUSDT-1h-2021-07.zip,35688
LTCUSDT,1h,2021-08,True,LTCUSDT/1h/LTCUSDT-1h-2021-08.zip,36113
LTCUSDT,1h,2021-09,True,LTCUSDT/1h/LTCUSDT-1h-2021-09.zip,35374
LTCUSDT,1h,2021-10,True,LTCUSDT/1h/LTCUSDT-1h-2021-10.zip,35974
LTCUSDT,1h,2021-11,True,LTCUSDT/1h/LTCUSDT-1h-2021-11.zip,35530
LTCUSDT,1h,2021-12,True,LTCUSDT/1h/LTCUSDT-1h-2021-12.zip,35827
LTCUSDT,1h,2022-01,True,LTCUSDT/1h/LTCUSDT-1h-2022-01.zip,35657
LTCUSDT,1h,2022-02,True,LTCUSDT/1h/LTCUSDT-1h-2022-02.zip,29060
LTCUSDT,1h,2022-03,False,LTCUSDT/1h/LTCUSDT-1h-2022-03.zip,35219
LTCUSDT,1h,2022-04,True,LTCUSDT/1h/LTCUSDT-1h-2022-04.zip,31807
LTCUSDT,1h,2022-05,False,LTCUSDT/1h/LTCUSDT-1h-2022-05.zip,35069
LTCUSDT,1h,2022-06,True,LTCUSDT/1h/LTCUSDT-1h-2022-06.zip,33942
LTCUSDT,1h,2022-07,True,LTCUSDT/1h/LTCUSDT-1h-2022-07.zip,34521
LTCUSDT,1h,2022-08,True,LTCUSDT/1h/LTCUSDT-1h-2022-08.zip,34495
LTCUSDT,1h,2022-09,True,LTCUSDT/1h/LTCUSDT-1h-2022-09.zip,33742
LTCUSDT,1h,2022-10,True,LTCUSDT/1h/LTCUSDT-1h-2022-10.zip,33800
LTCUSDT,1h,2022-11,True,LTCUSDT/1h/LTCUSDT-1h-2022-11.zip,34657
LTCUSDT,1h,2022-12,True,LTCUSDT/1h/LTCUSDT-1h-2022-12.zip,34977
LTCUSDT,1h,2023-01,True,LTCUSDT/1h/LTCUSDT-1h-2023-01.zip,35231
LTCUSDT,1h,2023-02,True,LTCUSDT/1h/LTCUSDT-1h-2023-02.zip,31980
LTCUSDT,1h,2023-03,True,LTCUSDT/1h/LTCUSDT-1h-2023-03.zip,35767
LTCUSDT,1h,2023-04,True,LTCUSDT/1h/LTCUSDT-1h-2023-04.zip,34018
LTCUSDT,1h,2023-05,True,LTCUSDT/1h/LTCUSDT-1h-2023-05.zip,35029
LTCUSDT,1h,2023-06,True,LTCUSDT/1h/LTCUSDT-1h-2023-06.zip,34347
LTCUSDT,1h,2023-07,True,LTCUSDT/1h/LTCUSDT-1h-2023-07.zip,35674
LTCUSDT,1h,2023-08,True,LTCUSDT/1h/LTCUSDT-1h-2023-08.zip,34739
LTCUSDT,1h,2023-09,True,LTCUSDT/1h/LTCUSDT-1h-2023-09.zip,32985
LTCUSDT,1h,2023-10,True,LTCUSDT/1h/LTCUSDT-1h-2023-10.zip,34115
LTCUSDT,1h,2023-11,True,LTCUSDT/1h/LTCUSDT-1h-2023-11.zip,33419
LTCUSDT,1h,2023-12,True,LTCUSDT/1h/LTCUSDT-1h-2023-12.zip,34547
LTCUSDT,1h,2024-01,True,LTCUSDT/1h/LTCUSDT-1h-2024-01.zip,34414
LTCUSDT,1h,2024-02,True,LTCUSDT/1h/LTCUSDT-1h-2024-02.zip,32017
LUNA2USDT,1h,2022-10,False,LUNA2USDT/1h/LUNA2USDT-1h-2022-10.zip,33955
LUNA2USDT,1h,2022-11,True,LUNA2USDT/1h/LUNA2USDT-1h-2022-11.zip,32045
LUNA2USDT,1h,2022-12,False,LUNA2USDT/1h/LUNA2USDT-1h-2022-12.zip,31978
LUNA2USDT,1h,2023-01,False,LUNA2USDT/1h/LUNA2USDT-1h-2023-01.zip,33405
LUNA2USDT,1h,2023-02,True,LUNA2USDT/1h/LUNA2USDT-1h-2023-02.zip,29896
LUNA2USDT,1h,2023-08,False,LUNA2USDT/1h/LUNA2USDT-1h-2023-08.zip,31247
LUNA2USDT,1h,2023-09,False,LUNA2USDT/1h/LUNA2USDT-1h-2023-09.zip,31116
LUNA2USDT,1h,2023-10,True,LUNA2USDT/1h/LUNA2USDT-1h-2023-10.zip,32006
LUNA2USDT,1h,2023-11,False,LUNA2USDT/1h/LUNA2USDT-1h-2023-11.zip,32769
LUNA2USDT,1h,2023-12,True,LUNA2USDT/1h/LUNA2USDT-1h-2023-12.zip,33862
LUNAUSDT,1h,2021-02,False,LUNAUSDT/1h/LUNAUSDT-1h-2021-02.zip,29998
LUNAUSDT,1h,2021-03,True,LUNAUSDT/1h/LUNAUSDT-1h-2021-03.zip,33989
LUNAUSDT,1h,2021-04,True,LUNAUSDT/1h/LUNAUSDT-1h-2021-04.zip,32600
LUNAUSDT,1h,2021-05,True,LUNAUSDT/1h/LUNAUSDT-1h-2021-05.zip,32162
LUNAUSDT,1h,2021-06,True,LUNAUSDT/1h/LUNAUSDT-1h-2021-06.zip,30075
LUNAUSDT,1h,2021-07,True,LUNAUSDT/1h/LUNAUSDT-1h-2021-07.zip,31676
LUNAUSDT,1h,2021-08,True,LUNAUSDT/1h/LUNAUSDT-1h-2021-08.zip,33115
LUNAUSDT,1h,2021-09,True,LUNAUSDT/1h/LUNAUSDT-1h-2021-09.zip,32560
LUNAUSDT,1h,2021-10,True,LUNAUSDT/1h/LUNAUSDT-1h-2021-10.zip,33266
LUNAUSDT,1h,2021-11,True,LUNAUSDT/1h/LUNAUSDT-1h-2021-11.zip,31899
LUNAUSDT,1h,2021-12,True,LUNAUSDT/1h/LUNAUSDT-1h-2021-12.zip,34393
LUNAUSDT,1h,2022-01,True,LUNAUSDT/1h/LUNAUSDT-1h-2022-01.zip,34287
LUNAUSDT,1h,2022-02,True,LUNAUSDT/1h/LUNAUSDT-1h-2022-02.zip,27517
LUNAUSDT,1h,2022-03,False,LUNAUSDT/1h/LUNAUSDT-1h-2022-03.zip,34295
LUNAUSDT,1h,2022-04,True,LUNAUSDT/1h/LUNAUSDT-1h-2022-04.zip,30939
MAGICUSDT,1h,2023-02,False,MAGICUSDT/1h/MAGICUSDT-1h-2023-02.zip,33511
MAGICUSDT,1h,2023-03,True,MAGICUSDT/1h/MAGICUSDT-1h-2023-03.zip,36778
MAGICUSDT,1h,2023-04,True,MAGICUSDT/1h/MAGICUSDT-1h-2023-04.zip,34141
MANAUSDT,1h,2021-06,False,MANAUSDT/1h/MANAUSDT-1h-2021-06.zip,30280
MANAUSDT,1h,2021-07,False,MANAUSDT/1h/MANAUSDT-1h-2021-07.zip,32219
MANAUSDT,1h,2021-08,True,MANAUSDT/1h/MANAUSDT-1h-2021-08.zip,32257
MANAUSDT,1h,2021-09,False,MANAUSDT/1h/MANAUSDT-1h-2021-09.zip,30816
MANAUSDT,1h,2021-10,False,MANAUSDT/1h/MANAUSDT-1h-2021-10.zip,32015
MANAUSDT,1h,2021-11,True,MANAUSDT/1h/MANAUSDT-1h-2021-11.zip,34480
MANAUSDT,1h,2021-12,True,MANAUSDT/1h/MANAUSDT-1h-2021-12.zip,34669
MANAUSDT,1h,2022-01,True,MANAUSDT/1h/MANAUSDT-1h-2022-01.zip,34245
MANAUSDT,1h,2022-02,True,MANAUSDT/1h/MANAUSDT-1h-2022-02.zip,28187
MANAUSDT,1h,2022-03,False,MANAUSDT/1h/MANAUSDT-1h-2022-03.zip,33301
MANAUSDT,1h,2022-04,True,MANAUSDT/1h/MANAUSDT-1h-2022-04.zip,30006
MANAUSDT,1h,2022-05,False,MANAUSDT/1h/MANAUSDT-1h-2022-05.zip,33897
MANAUSDT,1h,2022-06,True,MANAUSDT/1h/MANAUSDT-1h-2022-06.zip,32270
MANAUSDT,1h,2022-07,True,MANAUSDT/1h/MANAUSDT-1h-2022-07.zip,32836
MANAUSDT,1h,2022-08,True,MANAUSDT/1h/MANAUSDT-1h-2022-08.zip,32448
MANAUSDT,1h,2022-09,True,MANAUSDT/1h/MANAUSDT-1h-2022-09.zip,30837
MANAUSDT,1h,2022-10,True,MANAUSDT/1h/MANAUSDT-1h-2022-10.zip,31355
MANAUSDT,1h,2022-11,True,MANAUSDT/1h/MANAUSDT-1h-2022-11.zip,31044
MANAUSDT,1h,2022-12,True,MANAUSDT/1h/MANAUSDT-1h-2022-12.zip,30971
MANAUSDT,1h,2023-01,True,MANAUSDT/1h/MANAUSDT-1h-2023-01.zip,33366
MANAUSDT,1h,2023-02,True,MANAUSDT/1h/MANAUSDT-1h-2023-02.zip,29705
MANAUSDT,1h,2023-03,True,MANAUSDT/1h/MANAUSDT-1h-2023-03.zip,32465
MANAUSDT,1h,2023-04,True,MANAUSDT/1h/MANAUSDT-1h-2023-04.zip,30767
MANTAUSDT,1h,2024-02,False,MANTAUSDT/1h/MANTAUSDT-1h-2024-02.zip,35037
MASKUSDT,1h,2021-10,False,MASKUSDT/1h/MASKUSDT-1h-2021-10.zip,32734
MASKUSDT,1h,2021-11,False,MASKUSDT/1h/MASKUSDT-1h-2021-11.zip,32728
MASKUSDT,1h,2021-12,True,MASKUSDT/1h/MASKUSDT-1h-2021-12.zip,33206
MASKUSDT,1h,2022-09,False,MASKUSDT/1h/MASKUSDT-1h-2022-09.zip,27292
MASKUSDT,1h,2022-10,False,MASKUSDT/1h/MASKUSDT-1h-2022-10.zip,28338
MASKUSDT,1h,2022-11,True,MASKUSDT/1h/MASKUSDT-1h-2022-11.zip,31818
MASKUSDT,1h,2022-12,True,MASKUSDT/1h/MASKUSDT-1h-2022-12.zip,31553
MASKUSDT,1h,2023-01,True,MASKUSDT/1h/MASKUSDT-1h-2023-01.zip,31148
MASKUSDT,1h,2023-02,True,MASKUSDT/1h/MASKUSDT-1h-2023-02.zip,28601
MASKUSDT,1h,2023-03,True,MASKUSDT/1h/MASKUSDT-1h-2023-03.zip,32736
MASKUSDT,1h,2023-04,True,MASKUSDT/1h/MASKUSDT-1h-2023-04.zip,30478
MASKUSDT,1h,2023-05,True,MASKUSDT/1h/MASKUSDT-1h-2023-05.zip,31324
MASKUSDT,1h,2023-06,True,MASKUSDT/1h/MASKUSDT-1h-2023-06.zip,30043
MASKUSDT,1h,2023-07,True,MASKUSDT/1h/MASKUSDT-1h-2023-07.zip,30654
MASKUSDT,1h,2023-08,True,MASKUSDT/1h/MASKUSDT-1h-2023-08.zip,29565
MASKUSDT,1h,2023-09,True,MASKUSDT/1h/MASKUSDT-1h-2023-09.zip,28164
MASKUSDT,1h,2023-10,False,MASKUSDT/1h/MASKUSDT-1h-2023-10.zip,29564
MASKUSDT,1h,2023-11,False,MASKUSDT/1h/MASKUSDT-1h-2023-11.zip,29662
MASKUSDT,1h,2023-12,True,MASKUSDT/1h/MASKUSDT-1h-2023-12.zip,30315
MASKUSDT,1h,2024-01,False,MASKUSDT/1h/MASKUSDT-1h-2024-01.zip,30922
MASKUSDT,1h,2024-02,True,MASKUSDT/1h/MASKUSDT-1h-2024-02.zip,28416
MATICUSDT,1h,2021-01,False,MATICUSDT/1h/MATICUSDT-1h-2021-01.zip,32923
MATICUSDT,1h,2021-02,False,MATICUSDT/1h/MATICUSDT-1h-2021-02.zip,31518
MATICUSDT,1h,2021-03,True,MATICUSDT/1h/MATICUSDT-1h-2021-03.zip,35292
MATICUSDT,1h,2021-04,True,MATICUSDT/1h/MATICUSDT-1h-2021-04.zip,34360
MATICUSDT,1h,2021-05,True,MATICUSDT/1h/MATICUSDT-1h-2021-05.zip,37768
MATICUSDT,1h,2021-06,True,MATICUSDT/1h/MATICUSDT-1h-2021-06.zip,34978
MATICUSDT,1h,2021-07,True,MATICUSDT/1h/MATICUSDT-1h-2021-07.zip,35095
MATICUSDT,1h,2021-08,True,MATICUSDT/1h/MATICUSDT-1h-2021-08.zip,35392
MATICUSDT,1h,2021-09,True,MATICUSDT/1h/MATICUSDT-1h-2021-09.zip,34024
MATICUSDT,1h,2021-10,True,MATICUSDT/1h/MATICUSDT-1h-2021-10.zip,34989
MATICUSDT,1h,2021-11,True,MATICUSDT/1h/MATICUSDT-1h-2021-11.zip,33567
MATICUSDT,1h,2021-12,True,MATICUSDT/1h/MATICUSDT-1h-2021-12.zip,36192
MATICUSDT,1h,2022-01,True,MATICUSDT/1h/MATICUSDT-1h-2022-01.zip,35388
MATICUSDT,1h,2022-02,True,MATICUSDT/1h/MATICUSDT-1h-2022-02.zip,31812
MATICUSDT,1h,2022-03,True,MATICUSDT/1h/MATICUSDT-1h-2022-03.zip,34154
MATICUSDT,1h,2022-04,True,MATICUSDT/1h/MATICUSDT-1h-2022-04.zip,32667
MATICUSDT,1h,2022-05,True,MATICUSDT/1h/MATICUSDT-1h-2022-05.zip,34021
MATICUSDT,1h,2022-06,True,MATICUSDT/1h/MATICUSDT-1h-2022-06.zip,33249
MATICUSDT,1h,2022-07,True,MATICUSDT/1h/MATICUSDT-1h-2022-07.zip,35288
MATICUSDT,1h,2022-08,True,MATICUSDT/1h/MATICUSDT-1h-2022-08.zip,34415
MATICUSDT,1h,2022-09,True,MATICUSDT/1h/MATICUSDT-1h-2022-09.zip,32926
MATICUSDT,1h,2022-10,True,MATICUSDT/1h/MATICUSDT-1h-2022-10.zip,33966
MATICUSDT,1h,2022-11,True,MATICUSDT/1h/MATICUSDT-1h-2022-11.zip,33983
MATICUSDT,1h,2022-12,True,MATICUSDT/1h/MATICUSDT-1h-2022-12.zip,33325
MATICUSDT,1h,2023-01,True,MATICUSDT/1h/MATICUSDT-1h-2023-01.zip,34154
MATICUSDT,1h,2023-02,True,MATICUSDT/1h/MATICUSDT-1h-2023-02.zip,31597
MATICUSDT,1h,2023-03,True,MATICUSDT/1h/MATICUSDT-1h-2023-03.zip,34652
MATICUSDT,1h,2023-04,True,MATICUSDT/1h/MATICUSDT-1h-2023-04.zip,32552
MATICUSDT,1h,2023-05,True,MATICUSDT/1h/MATICUSDT-1h-2023-05.zip,33503
MATICUSDT,1h,2023-06,True,MATICUSDT/1h/MATICUSDT-1h-2023-06.zip,33014
MATICUSDT,1h,2023-07,True,MATICUSDT/1h/MATICUSDT-1h-2023-07.zip,33842
MATICUSDT,1h,2023-08,True,MATICUSDT/1h/MATICUSDT-1h-2023-08.zip,33030
MATICUSDT,1h,2023-09,True,MATICUSDT/1h/MATICUSDT-1h-2023-09.zip,31359
MATICUSDT,1h,2023-10,True,MATICUSDT/1h/MATICUSDT-1h-2023-10.zip,33194
MATICUSDT,1h,2023-11,True,MATICUSDT/1h/MATICUSDT-1h-2023-11.zip,33294
MATICUSDT,1h,2023-12,True,MATICUSDT/1h/MATICUSDT-1h-2023-12.zip,34612
MATICUSDT,1h,2024-01,True,MATICUSDT/1h/MATICUSDT-1h-2024-01.zip,34181
MATICUSDT,1h,2024-02,True,MATICUSDT/1h/MATICUSDT-1h-2024-02.zip,31975
MEMEUSDT,1h,2023-12,False,MEMEUSDT/1h/MEMEUSDT-1h-2023-12.zip,38321
MEMEUSDT,1h,2024-01,True,MEMEUSDT/1h/MEMEUSDT-1h-2024-01.zip,37335
MEMEUSDT,1h,2024-02,False,MEMEUSDT/1h/MEMEUSDT-1h-2024-02.zip,34368
MINAUSDT,1h,2023-09,False,MINAUSDT/1h/MINAUSDT-1h-2023-09.zip,29559
MINAUSDT,1h,2023-10,False,MINAUSDT/1h/MINAUSDT-1h-2023-10.zip,32440
MINAUSDT,1h,2023-11,True,MINAUSDT/1h/MINAUSDT-1h-2023-11.zip,32618
MINAUSDT,1h,2023-12,False,MINAUSDT/1h/MINAUSDT-1h-2023-12.zip,34240
MINAUSDT,1h,2024-01,True,MINAUSDT/1h/MINAUSDT-1h-2024-01.zip,34199
MINAUSDT,1h,2024-02,True,MINAUSDT/1h/MINAUSDT-1h-2024-02.zip,31496
MKRUSDT,1h,2020-09,False,MKRUSDT/1h/MKRUSDT-1h-2020-09.zip,32352
MKRUSDT,1h,2020-10,True,MKRUSDT/1h/MKRUSDT-1h-2020-10.zip,33192
MKRUSDT,1h,2020-11,True,MKRUSDT/1h/MKRUSDT-1h-2020-11.zip,32077
MKRUSDT,1h,2020-12,True,MKRUSDT/1h/MKRUSDT-1h-2020-12.zip,33622
MKRUSDT,1h,2021-01,True,MKRUSDT/1h/MKRUSDT-1h-2021-01.zip,35711
MKRUSDT,1h,2021-02,True,MKRUSDT/1h/MKRUSDT-1h-2021-02.zip,32910
MKRUSDT,1h,2021-03,True,MKRUSDT/1h/MKRUSDT-1h-2021-03.zip,35230
MKRUSDT,1h,2021-04,True,MKRUSDT/1h/MKRUSDT-1h-2021-04.zip,35670
MKRUSDT,1h,2021-05,True,MKRUSDT/1h/MKRUSDT-1h-2021-05.zip,36362
MKRUSDT,1h,2021-06,True,MKRUSDT/1h/MKRUSDT-1h-2021-06.zip,32567
MKRUSDT,1h,2021-07,True,MKRUSDT/1h/MKRUSDT-1h-2021-07.zip,33035
MKRUSDT,1h,2022-09,False,MKRUSDT/1h/MKRUSDT-1h-2022-09.zip,30797
MKRUSDT,1h,2022-10,False,MKRUSDT/1h/MKRUSDT-1h-2022-10.zip,33361
MKRUSDT,1h,2022-11,True,MKRUSDT/1h/MKRUSDT-1h-2022-11.zip,31104
MKRUSDT,1h,2023-02,False,MKRUSDT/1h/MKRUSDT-1h-2023-02.zip,29274
MKRUSDT,1h,2023-03,False,MKRUSDT/1h/MKRUSDT-1h-2023-03.zip,33658
MKRUSDT,1h,2023-04,True,MKRUSDT/1h/MKRUSDT-1h-2023-04.zip,31127
MKRUSDT,1h,2023-06,False,MKRUSDT/1h/MKRUSDT-1h-2023-06.zip,31201
MKRUSDT,1h,2023-07,False,MKRUSDT/1h/MKRUSDT-1h-2023-07.zip,34571
MKRUSDT,1h,2023-08,True,MKRUSDT/1h/MKRUSDT-1h-2023-08.zip,34040
MKRUSDT,1h,2023-09,True,MKRUSDT/1h/MKRUSDT-1h-2023-09.zip,32601
MKRUSDT,1h,2023-10,True,MKRUSDT/1h/MKRUSDT-1h-2023-10.zip,33357
MKRUSDT,1h,2023-11,True,MKRUSDT/1h/MKRUSDT-1h-2023-11.zip,32071
MTLUSDT,1h,2021-05,False,MTLUSDT/1h/MTLUSDT-1h-2021-05.zip,31765
MTLUSDT,1h,2021-06,False,MTLUSDT/1h/MTLUSDT-1h-2021-06.zip,30987
MTLUSDT,1h,2021-07,True,MTLUSDT/1h/MTLUSDT-1h-2021-07.zip,31744
MTLUSDT,1h,2022-03,False,MTLUSDT/1h/MTLUSDT-1h-2022-03.zip,31211
MTLUSDT,1h,2022-04,False,MTLUSDT/1h/MTLUSDT-1h-2022-04.zip,32207
MTLUSDT,1h,2022-05,True,MTLUSDT/1h/MTLUSDT-1h-2022-05.zip,33025
MTLUSDT,1h,2022-06,True,MTLUSDT/1h/MTLUSDT-1h-2022-06.zip,31885
MTLUSDT,1h,2022-07,True,MTLUSDT/1h/MTLUSDT-1h-2022-07.zip,31447
MTLUSDT,1h,2022-11,False,MTLUSDT/1h/MTLUSDT-1h-2022-11.zip,30020
MTLUSDT,1h,2022-12,False,MTLUSDT/1h/MTLUSDT-1h-2022-12.zip,30917
MTLUSDT,1h,2023-01,True,MTLUSDT/1h/MTLUSDT-1h-2023-01.zip,31125
MTLUSDT,1h,2023-02,False,MTLUSDT/1h/MTLUSDT-1h-2023-02.zip,29072
MTLUSDT,1h,2023-03,True,MTLUSDT/1h/MTLUSDT-1h-2023-03.zip,31460
MTLUSDT,1h,2023-04,False,MTLUSDT/1h/MTLUSDT-1h-2023-04.zip,30019
MTLUSDT,1h,2023-05,False,MTLUSDT/1h/MTLUSDT-1h-2023-05.zip,31300
MTLUSDT,1h,2023-06,True,MTLUSDT/1h/MTLUSDT-1h-2023-06.zip,32415
MTLUSDT,1h,2023-07,True,MTLUSDT/1h/MTLUSDT-1h-2023-07.zip,32004
MTLUSDT,1h,2023-08,False,MTLUSDT/1h/MTLUSDT-1h-2023-08.zip,31318
MTLUSDT,1h,2023-09,False,MTLUSDT/1h/MTLUSDT-1h-2023-09.zip,30946
MTLUSDT,1h,2023-10,True,MTLUSDT/1h/MTLUSDT-1h-2023-10.zip,31130
NEARUSDT,1h,2020-11,False,NEARUSDT/1h/NEARUSDT-1h-2020-11.zip,30136
NEARUSDT,1h,2020-12,True,NEARUSDT/1h/NEARUSDT-1h-2020-12.zip,30468
NEARUSDT,1h,2021-01,True,NEARUSDT/1h/NEARUSDT-1h-2021-01.zip,31388
NEARUSDT,1h,2021-08,False,NEARUSDT/1h/NEARUSDT-1h-2021-08.zip,32787
NEARUSDT,1h,2021-09,False,NEARUSDT/1h/NEARUSDT-1h-2021-09.zip,33090
NEARUSDT,1h,2021-10,True,NEARUSDT/1h/NEARUSDT-1h-2021-10.zip,33734
NEARUSDT,1h,2021-11,True,NEARUSDT/1h/NEARUSDT-1h-2021-11.zip,32519
NEARUSDT,1h,2021-12,True,NEARUSDT/1h/NEARUSDT-1h-2021-12.zip,34723
NEARUSDT,1h,2022-01,True,NEARUSDT/1h/NEARUSDT-1h-2022-01.zip,35281
NEARUSDT,1h,2022-02,True,NEARUSDT/1h/NEARUSDT-1h-2022-02.zip,26800
NEARUSDT,1h,2022-03,False,NEARUSDT/1h/NEARUSDT-1h-2022-03.zip,32537
NEARUSDT,1h,2022-04,True,NEARUSDT/1h/NEARUSDT-1h-2022-04.zip,30593
NEARUSDT,1h,2022-05,False,NEARUSDT/1h/NEARUSDT-1h-2022-05.zip,33314
NEARUSDT,1h,2022-06,True,NEARUSDT/1h/NEARUSDT-1h-2022-06.zip,31230
NEARUSDT,1h,2022-07,True,NEARUSDT/1h/NEARUSDT-1h-2022-07.zip,31701
NEARUSDT,1h,2022-08,True,NEARUSDT/1h/NEARUSDT-1h-2022-08.zip,32039
NEARUSDT,1h,2022-09,True,NEARUSDT/1h/NEARUSDT-1h-2022-09.zip,30434
NEARUSDT,1h,2022-10,True,NEARUSDT/1h/NEARUSDT-1h-2022-10.zip,30569
NEARUSDT,1h,2022-11,True,NEARUSDT/1h/NEARUSDT-1h-2022-11.zip,30323
NEARUSDT,1h,2022-12,True,NEARUSDT/1h/NEARUSDT-1h-2022-12.zip,29780
NEARUSDT,1h,2023-01,True,NEARUSDT/1h/NEARUSDT-1h-2023-01.zip,31260
NEARUSDT,1h,2023-02,True,NEARUSDT/1h/NEARUSDT-1h-2023-02.zip,28150
NEARUSDT,1h,2023-03,True,NEARUSDT/1h/NEARUSDT-1h-2023-03.zip,30591
NEARUSDT,1h,2023-04,True,NEARUSDT/1h/NEARUSDT-1h-2023-04.zip,29218
NEARUSDT,1h,2023-05,True,NEARUSDT/1h/NEARUSDT-1h-2023-05.zip,29331
NEARUSDT,1h,2023-06,False,NEARUSDT/1h/NEARUSDT-1h-2023-06.zip,29015
NEARUSDT,1h,2023-07,True,NEARUSDT/1h/NEARUSDT-1h-2023-07.zip,29623
NEARUSDT,1h,2023-08,True,NEARUSDT/1h/NEARUSDT-1h-2023-08.zip,28871
NEARUSDT,1h,2023-10,False,NEARUSDT/1h/NEARUSDT-1h-2023-10.zip,28954
NEARUSDT,1h,2023-11,False,NEARUSDT/1h/NEARUSDT-1h-2023-11.zip,30056
NEARUSDT,1h,2023-12,True,NEARUSDT/1h/NEARUSDT-1h-2023-12.zip,31844
NEARUSDT,1h,2024-01,True,NEARUSDT/1h/NEARUSDT-1h-2024-01.zip,31573
NEARUSDT,1h,2024-02,True,NEARUSDT/1h/NEARUSDT-1h-2024-02.zip,29211
NEOUSDT,1h,2020-03,False,NEOUSDT/1h/NEOUSDT-1h-2020-03.zip,31589
NEOUSDT,1h,2020-04,True,NEOUSDT/1h/NEOUSDT-1h-2020-04.zip,30151
NEOUSDT,1h,2020-05,True,NEOUSDT/1h/NEOUSDT-1h-2020-05.zip,32031
NEOUSDT,1h,2020-06,True,NEOUSDT/1h/NEOUSDT-1h-2020-06.zip,31196
NEOUSDT,1h,2020-07,True,NEOUSDT/1h/NEOUSDT-1h-2020-07.zip,32284
NEOUSDT,1h,2020-08,True,NEOUSDT/1h/NEOUSDT-1h-2020-08.zip,33878
NEOUSDT,1h,2020-09,True,NEOUSDT/1h/NEOUSDT-1h-2020-09.zip,33214
NEOUSDT,1h,2020-10,True,NEOUSDT/1h/NEOUSDT-1h-2020-10.zip,33040
NEOUSDT,1h,2020-11,True,NEOUSDT/1h/NEOUSDT-1h-2020-11.zip,32486
NEOUSDT,1h,2020-12,True,NEOUSDT/1h/NEOUSDT-1h-2020-12.zip,33133
NEOUSDT,1h,2021-01,True,NEOUSDT/1h/NEOUSDT-1h-2021-01.zip,34292
NEOUSDT,1h,2021-02,True,NEOUSDT/1h/NEOUSDT-1h-2021-02.zip,31802
NEOUSDT,1h,2021-03,True,NEOUSDT/1h/NEOUSDT-1h-2021-03.zip,34501
NEOUSDT,1h,2021-04,False,NEOUSDT/1h/NEOUSDT-1h-2021-04.zip,35017
NEOUSDT,1h,2021-05,True,NEOUSDT/1h/NEOUSDT-1h-2021-05.zip,36478
NEOUSDT,1h,2021-06,True,NEOUSDT/1h/NEOUSDT-1h-2021-06.zip,33829
NEOUSDT,1h,2021-07,True,NEOUSDT/1h/NEOUSDT-1h-2021-07.zip,34510
NEOUSDT,1h,2021-08,True,NEOUSDT/1h/NEOUSDT-1h-2021-08.zip,35233
NEOUSDT,1h,2021-09,True,NEOUSDT/1h/NEOUSDT-1h-2021-09.zip,34035
NEOUSDT,1h,2022-01,False,NEOUSDT/1h/NEOUSDT-1h-2022-01.zip,34036
NEOUSDT,1h,2022-02,False,NEOUSDT/1h/NEOUSDT-1h-2022-02.zip,31725
NEOUSDT,1h,2022-03,True,NEOUSDT/1h/NEOUSDT-1h-2022-03.zip,34367
NEOUSDT,1h,2023-01,False,NEOUSDT/1h/NEOUSDT-1h-2023-01.zip,32818
NEOUSDT,1h,2023-02,False,NEOUSDT/1h/NEOUSDT-1h-2023-02.zip,31138
NEOUSDT,1h,2023-03,True,NEOUSDT/1h/NEOUSDT-1h-2023-03.zip,34831
NEOUSDT,1h,2023-04,True,NEOUSDT/1h/NEOUSDT-1h-2023-04.zip,32670
NEOUSDT,1h,2023-10,False,NEOUSDT/1h/NEOUSDT-1h-2023-10.zip,32579
NEOUSDT,1h,2023-11,False,NEOUSDT/1h/NEOUSDT-1h-2023-11.zip,33708
NEOUSDT,1h,2023-12,True,NEOUSDT/1h/NEOUSDT-1h-2023-12.zip,34436
NMRUSDT,1h,2023-08,False,NMRUSDT/1h/NMRUSDT-1h-2023-08.zip,27512
NMRUSDT,1h,2023-09,False,NMRUSDT/1h/NMRUSDT-1h-2023-09.zip,29061
NMRUSDT,1h,2023-10,True,NMRUSDT/1h/NMRUSDT-1h-2023-10.zip,28760
OCEANUSDT,1h,2022-11,False,OCEANUSDT/1h/OCEANUSDT-1h-2022-11.zip,32951
OCEANUSDT,1h,2022-12,False,OCEANUSDT/1h/OCEANUSDT-1h-2022-12.zip,34438
OCEANUSDT,1h,2023-01,True,OCEANUSDT/1h/OCEANUSDT-1h-2023-01.zip,35546
OCEANUSDT,1h,2023-02,True,OCEANUSDT/1h/OCEANUSDT-1h-2023-02.zip,31421
OCEANUSDT,1h,2023-03,True,OCEANUSDT/1h/OCEANUSDT-1h-2023-03.zip,33267
OCEANUSDT,1h,2023-05,False,OCEANUSDT/1h/OCEANUSDT-1h-2023-05.zip,32101
OCEANUSDT,1h,2023-06,False,OCEANUSDT/1h/OCEANUSDT-1h-2023-06.zip,31993
OCEANUSDT,1h,2023-07,True,OCEANUSDT/1h/OCEANUSDT-1h-2023-07.zip,32399
OGNUSDT,1h,2022-02,False,OGNUSDT/1h/OGNUSDT-1h-2022-02.zip,25455
OGNUSDT,1h,2022-03,False,OGNUSDT/1h/OGNUSDT-1h-2022-03.zip,32580
OGNUSDT,1h,2022-04,True,OGNUSDT/1h/OGNUSDT-1h-2022-04.zip,30174
OGNUSDT,1h,2022-05,False,OGNUSDT/1h/OGNUSDT-1h-2022-05.zip,32296
OGNUSDT,1h,2022-06,False,OGNUSDT/1h/OGNUSDT-1h-2022-06.zip,31557
OGNUSDT,1h,2022-07,True,OGNUSDT/1h/OGNUSDT-1h-2022-07.zip,31941
OGNUSDT,1h,2022-08,True,OGNUSDT/1h/OGNUSDT-1h-2022-08.zip,30731
OGNUSDT,1h,2023-06,False,OGNUSDT/1h/OGNUSDT-1h-2023-06.zip,28246
OGNUSDT,1h,2023-07,False,OGNUSDT/1h/OGNUSDT-1h-2023-07.zip,30067
OGNUSDT,1h,2023-08,True,OGNUSDT/1h/OGNUSDT-1h-2023-08.zip,30125
OGNUSDT,1h,2023-09,False,OGNUSDT/1h/OGNUSDT-1h-2023-09.zip,29771
OGNUSDT,1h,2023-10,True,OGNUSDT/1h/OGNUSDT-1h-2023-10.zip,31176
OGNUSDT,1h,2023-11,True,OGNUSDT/1h/OGNUSDT-1h-2023-11.zip,29376
OMGUSDT,1h,2020-08,False,OMGUSDT/1h/OMGUSDT-1h-2020-08.zip,34294
OMGUSDT,1h,2020-09,True,OMGUSDT/1h/OMGUSDT-1h-2020-09.zip,33300
OMGUSDT,1h,2020-10,True,OMGUSDT/1h/OMGUSDT-1h-2020-10.zip,33513
OMGUSDT,1h,2020-11,True,OMGUSDT/1h/OMGUSDT-1h-2020-11.zip,33020
OMGUSDT,1h,2020-12,True,OMGUSDT/1h/OMGUSDT-1h-2020-12.zip,33498
OMGUSDT,1h,2021-01,True,OMGUSDT/1h/OMGUSDT-1h-2021-01.zip,34476
OMGUSDT,1h,2021-02,True,OMGUSDT/1h/OMGUSDT-1h-2021-02.zip,31829
OMGUSDT,1h,2021-03,True,OMGUSDT/1h/OMGUSDT-1h-2021-03.zip,34405
OMGUSDT,1h,2021-04,False,OMGUSDT/1h/OMGUSDT-1h-2021-04.zip,34167
OMGUSDT,1h,2021-05,False,OMGUSDT/1h/OMGUSDT-1h-2021-05.zip,35790
OMGUSDT,1h,2021-06,True,OMGUSDT/1h/OMGUSDT-1h-2021-06.zip,33329
OMGUSDT,1h,2021-08,False,OMGUSDT/1h/OMGUSDT-1h-2021-08.zip,34722
OMGUSDT,1h,2021-09,False,OMGUSDT/1h/OMGUSDT-1h-2021-09.zip,34825
OMGUSDT,1h,2021-10,True,OMGUSDT/1h/OMGUSDT-1h-2021-10.zip,36186
OMGUSDT,1h,2021-11,True,OMGUSDT/1h/OMGUSDT-1h-2021-11.zip,34669
OMGUSDT,1h,2021-12,True,OMGUSDT/1h/OMGUSDT-1h-2021-12.zip,33030
OMGUSDT,1h,2023-02,False,OMGUSDT/1h/OMGUSDT-1h-2023-02.zip,28261
OMGUSDT,1h,2023-03,False,OMGUSDT/1h/OMGUSDT-1h-2023-03.zip,32106
OMGUSDT,1h,2023-04,True,OMGUSDT/1h/OMGUSDT-1h-2023-04.zip,30494
ONDOUSDT,1h,2024-02,False,ONDOUSDT/1h/ONDOUSDT-1h-2024-02.zip,34213
ONEUSDT,1h,2021-08,False,ONEUSDT/1h/ONEUSDT-1h-2021-08.zip,33852
ONEUSDT,1h,2021-09,False,ONEUSDT/1h/ONEUSDT-1h-2021-09.zip,34238
ONEUSDT,1h,2021-10,True,ONEUSDT/1h/ONEUSDT-1h-2021-10.zip,35842
ONEUSDT,1h,2021-11,True,ONEUSDT/1h/ONEUSDT-1h-2021-11.zip,34394
ONEUSDT,1h,2021-12,True,ONEUSDT/1h/ONEUSDT-1h-2021-12.zip,35341
ONEUSDT,1h,2022-01,True,ONEUSDT/1h/ONEUSDT-1h-2022-01.zip,36414
ONEUSDT,1h,2022-02,True,ONEUSDT/1h/ONEUSDT-1h-2022-02.zip,28744
ONEUSDT,1h,2022-03,False,ONEUSDT/1h/ONEUSDT-1h-2022-03.zip,34713
ONEUSDT,1h,2022-04,True,ONEUSDT/1h/ONEUSDT-1h-2022-04.zip,31229
ONEUSDT,1h,2022-06,False,ONEUSDT/1h/ONEUSDT-1h-2022-06.zip,32784
ONEUSDT,1h,2022-07,False,ONEUSDT/1h/ONEUSDT-1h-2022-07.zip,33745
ONEUSDT,1h,2022-08,True,ONEUSDT/1h/ONEUSDT-1h-2022-08.zip,33533
ONTUSDT,1h,2020-03,False,ONTUSDT/1h/ONTUSDT-1h-2020-03.zip,31131
ONTUSDT,1h,2020-04,True,ONTUSDT/1h/ONTUSDT-1h-2020-04.zip,30117
ONTUSDT,1h,2020-05,True,ONTUSDT/1h/ONTUSDT-1h-2020-05.zip,31573
ONTUSDT,1h,2020-06,True,ONTUSDT/1h/ONTUSDT-1h-2020-06.zip,31357
ONTUSDT,1h,2020-07,True,ONTUSDT/1h/ONTUSDT-1h-2020-07.zip,32810
ONTUSDT,1h,2020-08,True,ONTUSDT/1h/ONTUSDT-1h-2020-08.zip,33414
ONTUSDT,1h,2020-09,True,ONTUSDT/1h/ONTUSDT-1h-2020-09.zip,32596
ONTUSDT,1h,2020-10,True,ONTUSDT/1h/ONTUSDT-1h-2020-10.zip,31594
ONTUSDT,1h,2020-11,True,ONTUSDT/1h/ONTUSDT-1h-2020-11.zip,31323
ONTUSDT,1h,2021-01,False,ONTUSDT/1h/ONTUSDT-1h-2021-01.zip,33424
ONTUSDT,1h,2021-02,False,ONTUSDT/1h/ONTUSDT-1h-2021-02.zip,31548
ONTUSDT,1h,2021-03,True,ONTUSDT/1h/ONTUSDT-1h-2021-03.zip,34623
ONTUSDT,1h,2021-04,True,ONTUSDT/1h/ONTUSDT-1h-2021-04.zip,34385
ONTUSDT,1h,2021-05,True,ONTUSDT/1h/ONTUSDT-1h-2021-05.zip,35648
ONTUSDT,1h,2021-06,True,ONTUSDT/1h/ONTUSDT-1h-2021-06.zip,33203
ONTUSDT,1h,2022-01,False,ONTUSDT/1h/ONTUSDT-1h-2022-01.zip,33338
ONTUSDT,1h,2022-02,False,ONTUSDT/1h/ONTUSDT-1h-2022-02.zip,30598
ONTUSDT,1h,2022-03,True,ONTUSDT/1h/ONTUSDT-1h-2022-03.zip,33124
ONTUSDT,1h,2023-03,False,ONTUSDT/1h/ONTUSDT-1h-2023-03.zip,32814
ONTUSDT,1h,2023-04,False,ONTUSDT/1h/ONTUSDT-1h-2023-04.zip,32340
ONTUSDT,1h,2023-05,True,ONTUSDT/1h/ONTUSDT-1h-2023-05.zip,32563
OPUSDT,1h,2022-07,False,OPUSDT/1h/OPUSDT-1h-2022-07.zip,36905
OPUSDT,1h,2022-08,True,OPUSDT/1h/OPUSDT-1h-2022-08.zip,38025
OPUSDT,1h,2022-09,True,OPUSDT/1h/OPUSDT-1h-2022-09.zip,35654
OPUSDT,1h,2022-10,True,OPUSDT/1h/OPUSDT-1h-2022-10.zip,36153
OPUSDT,1h,2022-11,True,OPUSDT/1h/OPUSDT-1h-2022-11.zip,35419
OPUSDT,1h,2022-12,True,OPUSDT/1h/OPUSDT-1h-2022-12.zip,35798
OPUSDT,1h,2023-01,True,OPUSDT/1h/OPUSDT-1h-2023-01.zip,37169
OPUSDT,1h,2023-02,True,OPUSDT/1h/OPUSDT-1h-2023-02.zip,34559
OPUSDT,1h,2023-03,True,OPUSDT/1h/OPUSDT-1h-2023-03.zip,37988
OPUSDT,1h,2023-04,True,OPUSDT/1h/OPUSDT-1h-2023-04.zip,35710
OPUSDT,1h,2023-05,True,OPUSDT/1h/OPUSDT-1h-2023-05.zip,36834
OPUSDT,1h,2023-06,True,OPUSDT/1h/OPUSDT-1h-2023-06.zip,35863
OPUSDT,1h,2023-07,True,OPUSDT/1h/OPUSDT-1h-2023-07.zip,37021
OPUSDT,1h,2023-08,True,OPUSDT/1h/OPUSDT-1h-2023-08.zip,36997
OPUSDT,1h,2023-09,True,OPUSDT/1h/OPUSDT-1h-2023-09.zip,34738
OPUSDT,1h,2023-10,True,OPUSDT/1h/OPUSDT-1h-2023-10.zip,36047
OPUSDT,1h,2023-11,True,OPUSDT/1h/OPUSDT-1h-2023-11.zip,35525
OPUSDT,1h,2023-12,True,OPUSDT/1h/OPUSDT-1h-2023-12.zip,37822
OPUSDT,1h,2024-01,True,OPUSDT/1h/OPUSDT-1h-2024-01.zip,37765
OPUSDT,1h,2024-02,True,OPUSDT/1h/OPUSDT-1h-2024-02.zip,34868
ORDIUSDT,1h,2023-12,False,ORDIUSDT/1h/ORDIUSDT-1h-2023-12.zip,37418
ORDIUSDT,1h,2024-01,True,ORDIUSDT/1h/ORDIUSDT-1h-2024-01.zip,36862
ORDIUSDT,1h,2024-02,True,ORDIUSDT/1h/ORDIUSDT-1h-2024-02.zip,34054
PEOPLEUSDT,1h,2022-01,False,PEOPLEUSDT/1h/PEOPLEUSDT-1h-2022-01.zip,35691
PEOPLEUSDT,1h,2022-02,True,PEOPLEUSDT/1h/PEOPLEUSDT-1h-2022-02.zip,29508
PEOPLEUSDT,1h,2022-03,False,PEOPLEUSDT/1h/PEOPLEUSDT-1h-2022-03.zip,35189
PEOPLEUSDT,1h,2022-04,True,PEOPLEUSDT/1h/PEOPLEUSDT-1h-2022-04.zip,31407
PEOPLEUSDT,1h,2022-05,False,PEOPLEUSDT/1h/PEOPLEUSDT-1h-2022-05.zip,35652
PEOPLEUSDT,1h,2022-06,True,PEOPLEUSDT/1h/PEOPLEUSDT-1h-2022-06.zip,33756
PEOPLEUSDT,1h,2022-07,True,PEOPLEUSDT/1h/PEOPLEUSDT-1h-2022-07.zip,33992
PEOPLEUSDT,1h,2022-08,True,PEOPLEUSDT/1h/PEOPLEUSDT-1h-2022-08.zip,33977
PEOPLEUSDT,1h,2022-09,True,PEOPLEUSDT/1h/PEOPLEUSDT-1h-2022-09.zip,32202
PEOPLEUSDT,1h,2022-10,True,PEOPLEUSDT/1h/PEOPLEUSDT-1h-2022-10.zip,32444
PEOPLEUSDT,1h,2022-11,False,PEOPLEUSDT/1h/PEOPLEUSDT-1h-2022-11.zip,33397
PEOPLEUSDT,1h,2022-12,True,PEOPLEUSDT/1h/PEOPLEUSDT-1h-2022-12.zip,32656
PEOPLEUSDT,1h,2023-01,True,PEOPLEUSDT/1h/PEOPLEUSDT-1h-2023-01.zip,32959
PEOPLEUSDT,1h,2023-12,False,PEOPLEUSDT/1h/PEOPLEUSDT-1h-2023-12.zip,32015
PEOPLEUSDT,1h,2024-01,False,PEOPLEUSDT/1h/PEOPLEUSDT-1h-2024-01.zip,35197
PEOPLEUSDT,1h,2024-02,True,PEOPLEUSDT/1h/PEOPLEUSDT-1h-2024-02.zip,31454
PERPUSDT,1h,2023-08,False,PERPUSDT/1h/PERPUSDT-1h-2023-08.zip,32487
PERPUSDT,1h,2023-09,False,PERPUSDT/1h/PERPUSDT-1h-2023-09.zip,34683
PERPUSDT,1h,2023-10,True,PERPUSDT/1h/PERPUSDT-1h-2023-10.zip,33840
PERPUSDT,1h,2023-12,False,PERPUSDT/1h/PERPUSDT-1h-2023-12.zip,34726
PERPUSDT,1h,2024-01,False,PERPUSDT/1h/PERPUSDT-1h-2024-01.zip,35557
PERPUSDT,1h,2024-02,True,PERPUSDT/1h/PERPUSDT-1h-2024-02.zip,32224
PHBUSDT,1h,2023-04,False,PHBUSDT/1h/PHBUSDT-1h-2023-04.zip,30900
PHBUSDT,1h,2023-05,False,PHBUSDT/1h/PHBUSDT-1h-2023-05.zip,33001
PHBUSDT,1h,2023-06,True,PHBUSDT/1h/PHBUSDT-1h-2023-06.zip,31468
POLYXUSDT,1h,2024-02,False,POLYXUSDT/1h/POLYXUSDT-1h-2024-02.zip,31351
POWRUSDT,1h,2023-12,False,POWRUSDT/1h/POWRUSDT-1h-2023-12.zip,32257
POWRUSDT,1h,2024-01,False,POWRUSDT/1h/POWRUSDT-1h-2024-01.zip,33534
POWRUSDT,1h,2024-02,True,POWRUSDT/1h/POWRUSDT-1h-2024-02.zip,30152
PYTHUSDT,1h,2024-01,False,PYTHUSDT/1h/PYTHUSDT-1h-2024-01.zip,33783
PYTHUSDT,1h,2024-02,False,PYTHUSDT/1h/PYTHUSDT-1h-2024-02.zip,32403
QTUMUSDT,1h,2020-03,False,QTUMUSDT/1h/QTUMUSDT-1h-2020-03.zip,27741
QTUMUSDT,1h,2020-04,True,QTUMUSDT/1h/QTUMUSDT-1h-2020-04.zip,26797
QTUMUSDT,1h,2020-05,True,QTUMUSDT/1h/QTUMUSDT-1h-2020-05.zip,28410
QTUMUSDT,1h,2020-06,True,QTUMUSDT/1h/QTUMUSDT-1h-2020-06.zip,27407
QTUMUSDT,1h,2020-07,True,QTUMUSDT/1h/QTUMUSDT-1h-2020-07.zip,29512
QTUMUSDT,1h,2020-08,True,QTUMUSDT/1h/QTUMUSDT-1h-2020-08.zip,30928
QTUMUSDT,1h,2020-09,True,QTUMUSDT/1h/QTUMUSDT-1h-2020-09.zip,29461
QTUMUSDT,1h,2020-10,True,QTUMUSDT/1h/QTUMUSDT-1h-2020-10.zip,28785
QTUMUSDT,1h,2021-01,False,QTUMUSDT/1h/QTUMUSDT-1h-2021-01.zip,31155
QTUMUSDT,1h,2021-02,False,QTUMUSDT/1h/QTUMUSDT-1h-2021-02.zip,29224
QTUMUSDT,1h,2021-03,True,QTUMUSDT/1h/QTUMUSDT-1h-2021-03.zip,31948
QTUMUSDT,1h,2021-04,False,QTUMUSDT/1h/QTUMUSDT-1h-2021-04.zip,32677
QTUMUSDT,1h,2021-05,True,QTUMUSDT/1h/QTUMUSDT-1h-2021-05.zip,34200
QTUMUSDT,1h,2021-06,True,QTUMUSDT/1h/QTUMUSDT-1h-2021-06.zip,31513
QTUMUSDT,1h,2021-07,True,QTUMUSDT/1h/QTUMUSDT-1h-2021-07.zip,31663
QTUMUSDT,1h,2021-08,False,QTUMUSDT/1h/QTUMUSDT-1h-2021-08.zip,33254
QTUMUSDT,1h,2021-09,True,QTUMUSDT/1h/QTUMUSDT-1h-2021-09.zip,31875
QTUMUSDT,1h,2022-01,False,QTUMUSDT/1h/QTUMUSDT-1h-2022-01.zip,31669
QTUMUSDT,1h,2022-02,False,QTUMUSDT/1h/QTUMUSDT-1h-2022-02.zip,29209
QTUMUSDT,1h,2022-03,True,QTUMUSDT/1h/QTUMUSDT-1h-2022-03.zip,31817
RAYUSDT,1h,2021-09,False,RAYUSDT/1h/RAYUSDT-1h-2021-09.zip,32280
RAYUSDT,1h,2021-10,True,RAYUSDT/1h/RAYUSDT-1h-2021-10.zip,31848
REEFUSDT,1h,2021-03,False,REEFUSDT/1h/REEFUSDT-1h-2021-03.zip,36566
REEFUSDT,1h,2021-04,True,REEFUSDT/1h/REEFUSDT-1h-2021-04.zip,35465
REEFUSDT,1h,2021-05,False,REEFUSDT/1h/REEFUSDT-1h-2021-05.zip,37233
REEFUSDT,1h,2021-06,True,REEFUSDT/1h/REEFUSDT-1h-2021-06.zip,34583
REEFUSDT,1h,2022-08,False,REEFUSDT/1h/REEFUSDT-1h-2022-08.zip,34010
REEFUSDT,1h,2022-09,False,REEFUSDT/1h/REEFUSDT-1h-2022-09.zip,34531
REEFUSDT,1h,2022-10,True,REEFUSDT/1h/REEFUSDT-1h-2022-10.zip,36405
REEFUSDT,1h,2022-11,True,REEFUSDT/1h/REEFUSDT-1h-2022-11.zip,34182
REEFUSDT,1h,2022-12,True,REEFUSDT/1h/REEFUSDT-1h-2022-12.zip,33600
RENUSDT,1h,2021-01,False,RENUSDT/1h/RENUSDT-1h-2021-01.zip,34260
RENUSDT,1h,2021-02,False,RENUSDT/1h/RENUSDT-1h-2021-02.zip,31864
RENUSDT,1h,2021-03,True,RENUSDT/1h/RENUSDT-1h-2021-03.zip,34312
RENUSDT,1h,2021-08,False,RENUSDT/1h/RENUSDT-1h-2021-08.zip,34282
RENUSDT,1h,2021-09,False,RENUSDT/1h/RENUSDT-1h-2021-09.zip,34390
RENUSDT,1h,2021-10,True,RENUSDT/1h/RENUSDT-1h-2021-10.zip,34814
RENUSDT,1h,2022-10,False,RENUSDT/1h/RENUSDT-1h-2022-10.zip,30733
RENUSDT,1h,2022-11,False,RENUSDT/1h/RENUSDT-1h-2022-11.zip,32303
RENUSDT,1h,2022-12,True,RENUSDT/1h/RENUSDT-1h-2022-12.zip,33997
RENUSDT,1h,2023-01,True,RENUSDT/1h/RENUSDT-1h-2023-01.zip,33161
RENUSDT,1h,2023-02,False,RENUSDT/1h/RENUSDT-1h-2023-02.zip,30565
RENUSDT,1h,2023-03,False,RENUSDT/1h/RENUSDT-1h-2023-03.zip,34927
RENUSDT,1h,2023-04,True,RENUSDT/1h/RENUSDT-1h-2023-04.zip,32133
RLCUSDT,1h,2020-08,False,RLCUSDT/1h/RLCUSDT-1h-2020-08.zip,33857
RLCUSDT,1h,2020-09,True,RLCUSDT/1h/RLCUSDT-1h-2020-09.zip,32369
RLCUSDT,1h,2020-10,True,RLCUSDT/1h/RLCUSDT-1h-2020-10.zip,32845
RLCUSDT,1h,2020-11,True,RLCUSDT/1h/RLCUSDT-1h-2020-11.zip,32157
RLCUSDT,1h,2020-12,True,RLCUSDT/1h/RLCUSDT-1h-2020-12.zip,32534
RLCUSDT,1h,2021-04,False,RLCUSDT/1h/RLCUSDT-1h-2021-04.zip,33350
RLCUSDT,1h,2021-05,False,RLCUSDT/1h/RLCUSDT-1h-2021-05.zip,36334
RLCUSDT,1h,2021-06,True,RLCUSDT/1h/RLCUSDT-1h-2021-06.zip,33790
RLCUSDT,1h,2021-07,True,RLCUSDT/1h/RLCUSDT-1h-2021-07.zip,34313
RLCUSDT,1h,2022-06,False,RLCUSDT/1h/RLCUSDT-1h-2022-06.zip,32715
RLCUSDT,1h,2022-07,False,RLCUSDT/1h/RLCUSDT-1h-2022-07.zip,34341
RLCUSDT,1h,2022-08,True,RLCUSDT/1h/RLCUSDT-1h-2022-08.zip,34578
RLCUSDT,1h,2022-09,True,RLCUSDT/1h/RLCUSDT-1h-2022-09.zip,32824
RLCUSDT,1h,2022-10,False,RLCUSDT/1h/RLCUSDT-1h-2022-10.zip,32697
RLCUSDT,1h,2022-11,False,RLCUSDT/1h/RLCUSDT-1h-2022-11.zip,33186
RLCUSDT,1h,2022-12,True,RLCUSDT/1h/RLCUSDT-1h-2022-12.zip,34341
RLCUSDT,1h,2023-01,True,RLCUSDT/1h/RLCUSDT-1h-2023-01.zip,34686
RLCUSDT,1h,2023-02,True,RLCUSDT/1h/RLCUSDT-1h-2023-02.zip,31091
RLCUSDT,1h,2023-04,False,RLCUSDT/1h/RLCUSDT-1h-2023-04.zip,32330
RLCUSDT,1h,2023-05,False,RLCUSDT/1h/RLCUSDT-1h-2023-05.zip,34581
RLCUSDT,1h,2023-06,True,RLCUSDT/1h/RLCUSDT-1h-2023-06.zip,32248
RNDRUSDT,1h,2023-03,False,RNDRUSDT/1h/RNDRUSDT-1h-2023-03.zip,35612
RNDRUSDT,1h,2023-04,False,RNDRUSDT/1h/RNDRUSDT-1h-2023-04.zip,35072
RNDRUSDT,1h,2023-05,True,RNDRUSDT/1h/RNDRUSDT-1h-2023-05.zip,36977
RNDRUSDT,1h,2023-06,True,RNDRUSDT/1h/RNDRUSDT-1h-2023-06.zip,35276
RNDRUSDT,1h,2023-07,True,RNDRUSDT/1h/RNDRUSDT-1h-2023-07.zip,35011
RNDRUSDT,1h,2023-10,False,RNDRUSDT/1h/RNDRUSDT-1h-2023-10.zip,35282
RNDRUSDT,1h,2023-11,False,RNDRUSDT/1h/RNDRUSDT-1h-2023-11.zip,35093
RNDRUSDT,1h,2023-12,True,RNDRUSDT/1h/RNDRUSDT-1h-2023-12.zip,36299
RNDRUSDT,1h,2024-01,False,RNDRUSDT/1h/RNDRUSDT-1h-2024-01.zip,36122
RNDRUSDT,1h,2024-02,False,RNDRUSDT/1h/RNDRUSDT-1h-2024-02.zip,34452
ROSEUSDT,1h,2022-01,False,ROSEUSDT/1h/ROSEUSDT-1h-2022-01.zip,35922
ROSEUSDT,1h,2022-02,True,ROSEUSDT/1h/ROSEUSDT-1h-2022-02.zip,28583
ROSEUSDT,1h,2022-07,False,ROSEUSDT/1h/ROSEUSDT-1h-2022-07.zip,33348
ROSEUSDT,1h,2022-08,False,ROSEUSDT/1h/ROSEUSDT-1h-2022-08.zip,34472
ROSEUSDT,1h,2022-09,True,ROSEUSDT/1h/ROSEUSDT-1h-2022-09.zip,32076
RSRUSDT,1h,2020-11,False,RSRUSDT/1h/RSRUSDT-1h-2020-11.zip,34633
RSRUSDT,1h,2020-12,True,RSRUSDT/1h/RSRUSDT-1h-2020-12.zip,34967
RSRUSDT,1h,2021-01,True,RSRUSDT/1h/RSRUSDT-1h-2021-01.zip,36532
RSRUSDT,1h,2021-02,True,RSRUSDT/1h/RSRUSDT-1h-2021-02.zip,33397
RSRUSDT,1h,2021-03,True,RSRUSDT/1h/RSRUSDT-1h-2021-03.zip,36958
RSRUSDT,1h,2021-04,True,RSRUSDT/1h/RSRUSDT-1h-2021-04.zip,35955
RSRUSDT,1h,2022-04,False,RSRUSDT/1h/RSRUSDT-1h-2022-04.zip,32372
RSRUSDT,1h,2022-05,False,RSRUSDT/1h/RSRUSDT-1h-2022-05.zip,36470
RSRUSDT,1h,2022-06,True,RSRUSDT/1h/RSRUSDT-1h-2022-06.zip,36003
RSRUSDT,1h,2022-07,True,RSRUSDT/1h/RSRUSDT-1h-2022-07.zip,35765
RSRUSDT,1h,2022-08,False,RSRUSDT/1h/RSRUSDT-1h-2022-08.zip,35686
RSRUSDT,1h,2022-09,False,RSRUSDT/1h/RSRUSDT-1h-2022-09.zip,34349
RSRUSDT,1h,2022-10,True,RSRUSDT/1h/RSRUSDT-1h-2022-10.zip,36674
RSRUSDT,1h,2022-11,True,RSRUSDT/1h/RSRUSDT-1h-2022-11.zip,34427
RUNEUSDT,1h,2020-10,False,RUNEUSDT/1h/RUNEUSDT-1h-2020-10.zip,30209
RUNEUSDT,1h,2020-11,True,RUNEUSDT/1h/RUNEUSDT-1h-2020-11.zip,30125
RUNEUSDT,1h,2020-12,True,RUNEUSDT/1h/RUNEUSDT-1h-2020-12.zip,30910
RUNEUSDT,1h,2021-01,True,RUNEUSDT/1h/RUNEUSDT-1h-2021-01.zip,31875
RUNEUSDT,1h,2021-03,False,RUNEUSDT/1h/RUNEUSDT-1h-2021-03.zip,31995
RUNEUSDT,1h,2021-04,False,RUNEUSDT/1h/RUNEUSDT-1h-2021-04.zip,32584
RUNEUSDT,1h,2021-05,True,RUNEUSDT/1h/RUNEUSDT-1h-2021-05.zip,32888
RUNEUSDT,1h,2021-06,True,RUNEUSDT/1h/RUNEUSDT-1h-2021-06.zip,30751
RUNEUSDT,1h,2021-07,True,RUNEUSDT/1h/RUNEUSDT-1h-2021-07.zip,31715
RUNEUSDT,1h,2021-08,True,RUNEUSDT/1h/RUNEUSDT-1h-2021-08.zip,32186
RUNEUSDT,1h,2021-09,True,RUNEUSDT/1h/RUNEUSDT-1h-2021-09.zip,30565
RUNEUSDT,1h,2021-10,True,RUNEUSDT/1h/RUNEUSDT-1h-2021-10.zip,31567
RUNEUSDT,1h,2021-11,True,RUNEUSDT/1h/RUNEUSDT-1h-2021-11.zip,30623
RUNEUSDT,1h,2022-01,False,RUNEUSDT/1h/RUNEUSDT-1h-2022-01.zip,31110
RUNEUSDT,1h,2022-02,False,RUNEUSDT/1h/RUNEUSDT-1h-2022-02.zip,27604
RUNEUSDT,1h,2022-03,True,RUNEUSDT/1h/RUNEUSDT-1h-2022-03.zip,32892
RUNEUSDT,1h,2022-04,True,RUNEUSDT/1h/RUNEUSDT-1h-2022-04.zip,31146
RUNEUSDT,1h,2022-05,True,RUNEUSDT/1h/RUNEUSDT-1h-2022-05.zip,31734
RUNEUSDT,1h,2022-06,True,RUNEUSDT/1h/RUNEUSDT-1h-2022-06.zip,30164
RUNEUSDT,1h,2022-07,True,RUNEUSDT/1h/RUNEUSDT-1h-2022-07.zip,31003
RUNEUSDT,1h,2022-08,True,RUNEUSDT/1h/RUNEUSDT-1h-2022-08.zip,30518
RUNEUSDT,1h,2022-09,True,RUNEUSDT/1h/RUNEUSDT-1h-2022-09.zip,28667
RUNEUSDT,1h,2022-10,True,RUNEUSDT/1h/RUNEUSDT-1h-2022-10.zip,28976
RUNEUSDT,1h,2023-07,False,RUNEUSDT/1h/RUNEUSDT-1h-2023-07.zip,27540
RUNEUSDT,1h,2023-08,False,RUNEUSDT/1h/RUNEUSDT-1h-2023-08.zip,30550
RUNEUSDT,1h,2023-09,True,RUNEUSDT/1h/RUNEUSDT-1h-2023-09.zip,29108
RUNEUSDT,1h,2023-10,True,RUNEUSDT/1h/RUNEUSDT-1h-2023-10.zip,30865
RUNEUSDT,1h,2023-11,True,RUNEUSDT/1h/RUNEUSDT-1h-2023-11.zip,30914
RUNEUSDT,1h,2023-12,True,RUNEUSDT/1h/RUNEUSDT-1h-2023-12.zip,31185
RVNUSDT,1h,2021-07,False,RVNUSDT/1h/RVNUSDT-1h-2021-07.zip,32588
RVNUSDT,1h,2021-08,False,RVNUSDT/1h/RVNUSDT-1h-2021-08.zip,34537
RVNUSDT,1h,2021-09,True,RVNUSDT/1h/RVNUSDT-1h-2021-09.zip,32593
RVNUSDT,1h,2022-08,False,RVNUSDT/1h/RVNUSDT-1h-2022-08.zip,32965
RVNUSDT,1h,2022-09,False,RVNUSDT/1h/RVNUSDT-1h-2022-09.zip,34201
RVNUSDT,1h,2022-10,True,RVNUSDT/1h/RVNUSDT-1h-2022-10.zip,32887
SANDUSDT,1h,2021-02,False,SANDUSDT/1h/SANDUSDT-1h-2021-02.zip,30661
SANDUSDT,1h,2021-03,False,SANDUSDT/1h/SANDUSDT-1h-2021-03.zip,35093
SANDUSDT,1h,2021-04,True,SANDUSDT/1h/SANDUSDT-1h-2021-04.zip,33760
SANDUSDT,1h,2021-06,False,SANDUSDT/1h/SANDUSDT-1h-2021-06.zip,32834
SANDUSDT,1h,2021-07,False,SANDUSDT/1h/SANDUSDT-1h-2021-07.zip,36516
SANDUSDT,1h,2021-08,True,SANDUSDT/1h/SANDUSDT-1h-2021-08.zip,35720
SANDUSDT,1h,2021-09,True,SANDUSDT/1h/SANDUSDT-1h-2021-09.zip,34306
SANDUSDT,1h,2021-10,True,SANDUSDT/1h/SANDUSDT-1h-2021-10.zip,35210
SANDUSDT,1h,2021-11,True,SANDUSDT/1h/SANDUSDT-1h-2021-11.zip,36951
SANDUSDT,1h,2021-12,True,SANDUSDT/1h/SANDUSDT-1h-2021-12.zip,36868
SANDUSDT,1h,2022-01,True,SANDUSDT/1h/SANDUSDT-1h-2022-01.zip,36181
SANDUSDT,1h,2022-02,True,SANDUSDT/1h/SANDUSDT-1h-2022-02.zip,29270
SANDUSDT,1h,2022-03,False,SANDUSDT/1h/SANDUSDT-1h-2022-03.zip,34891
SANDUSDT,1h,2022-04,True,SANDUSDT/1h/SANDUSDT-1h-2022-04.zip,31221
SANDUSDT,1h,2022-05,False,SANDUSDT/1h/SANDUSDT-1h-2022-05.zip,34767
SANDUSDT,1h,2022-06,True,SANDUSDT/1h/SANDUSDT-1h-2022-06.zip,33374
SANDUSDT,1h,2022-07,True,SANDUSDT/1h/SANDUSDT-1h-2022-07.zip,34432
SANDUSDT,1h,2022-08,True,SANDUSDT/1h/SANDUSDT-1h-2022-08.zip,33689
SANDUSDT,1h,2022-09,True,SANDUSDT/1h/SANDUSDT-1h-2022-09.zip,32080
SANDUSDT,1h,2022-10,True,SANDUSDT/1h/SANDUSDT-1h-2022-10.zip,32685
SANDUSDT,1h,2022-11,True,SANDUSDT/1h/SANDUSDT-1h-2022-11.zip,32257
SANDUSDT,1h,2022-12,True,SANDUSDT/1h/SANDUSDT-1h-2022-12.zip,32167
SANDUSDT,1h,2023-01,True,SANDUSDT/1h/SANDUSDT-1h-2023-01.zip,33835
SANDUSDT,1h,2023-02,True,SANDUSDT/1h/SANDUSDT-1h-2023-02.zip,30857
SANDUSDT,1h,2023-03,True,SANDUSDT/1h/SANDUSDT-1h-2023-03.zip,33536
SANDUSDT,1h,2023-04,True,SANDUSDT/1h/SANDUSDT-1h-2023-04.zip,31683
SANDUSDT,1h,2023-05,True,SANDUSDT/1h/SANDUSDT-1h-2023-05.zip,32316
SANDUSDT,1h,2023-06,True,SANDUSDT/1h/SANDUSDT-1h-2023-06.zip,32088
SANDUSDT,1h,2023-07,True,SANDUSDT/1h/SANDUSDT-1h-2023-07.zip,32144
SANDUSDT,1h,2023-11,False,SANDUSDT/1h/SANDUSDT-1h-2023-11.zip,31706
SANDUSDT,1h,2023-12,False,SANDUSDT/1h/SANDUSDT-1h-2023-12.zip,33312
SANDUSDT,1h,2024-01,True,SANDUSDT/1h/SANDUSDT-1h-2024-01.zip,32630
SEIUSDT,1h,2023-10,False,SEIUSDT/1h/SEIUSDT-1h-2023-10.zip,31378
SEIUSDT,1h,2023-11,False,SEIUSDT/1h/SEIUSDT-1h-2023-11.zip,32823
SEIUSDT,1h,2023-12,True,SEIUSDT/1h/SEIUSDT-1h-2023-12.zip,34981
SEIUSDT,1h,2024-01,True,SEIUSDT/1h/SEIUSDT-1h-2024-01.zip,35606
SEIUSDT,1h,2024-02,True,SEIUSDT/1h/SEIUSDT-1h-2024-02.zip,32852
SFPUSDT,1h,2021-03,False,SFPUSDT/1h/SFPUSDT-1h-2021-03.zip,32539
SFPUSDT,1h,2021-04,True,SFPUSDT/1h/SFPUSDT-1h-2021-04.zip,31396
SFPUSDT,1h,2021-09,False,SFPUSDT/1h/SFPUSDT-1h-2021-09.zip,30656
SFPUSDT,1h,2021-10,False,SFPUSDT/1h/SFPUSDT-1h-2021-10.zip,32589
SFPUSDT,1h,2021-11,True,SFPUSDT/1h/SFPUSDT-1h-2021-11.zip,31440
SFPUSDT,1h,2021-12,False,SFPUSDT/1h/SFPUSDT-1h-2021-12.zip,33050
SFPUSDT,1h,2022-01,True,SFPUSDT/1h/SFPUSDT-1h-2022-01.zip,31759
SFPUSDT,1h,2022-10,False,SFPUSDT/1h/SFPUSDT-1h-2022-10.zip,30172
SFPUSDT,1h,2022-11,False,SFPUSDT/1h/SFPUSDT-1h-2022-11.zip,31489
SFPUSDT,1h,2022-12,True,SFPUSDT/1h/SFPUSDT-1h-2022-12.zip,30874
SFPUSDT,1h,2023-07,False,SFPUSDT/1h/SFPUSDT-1h-2023-07.zip,30071
SFPUSDT,1h,2023-08,False,SFPUSDT/1h/SFPUSDT-1h-2023-08.zip,31655
SFPUSDT,1h,2023-09,True,SFPUSDT/1h/SFPUSDT-1h-2023-09.zip,30115
SKLUSDT,1h,2021-02,False,SKLUSDT/1h/SKLUSDT-1h-2021-02.zip,30652
SKLUSDT,1h,2021-03,False,SKLUSDT/1h/SKLUSDT-1h-2021-03.zip,34868
SKLUSDT,1h,2021-04,True,SKLUSDT/1h/SKLUSDT-1h-2021-04.zip,33729
SKLUSDT,1h,2023-10,False,SKLUSDT/1h/SKLUSDT-1h-2023-10.zip,31076
SKLUSDT,1h,2023-11,False,SKLUSDT/1h/SKLUSDT-1h-2023-11.zip,32425
SKLUSDT,1h,2023-12,True,SKLUSDT/1h/SKLUSDT-1h-2023-12.zip,33787
SNXUSDT,1h,2020-09,False,SNXUSDT/1h/SNXUSDT-1h-2020-09.zip,30260
SNXUSDT,1h,2020-10,True,SNXUSDT/1h/SNXUSDT-1h-2020-10.zip,29922
SNXUSDT,1h,2020-11,True,SNXUSDT/1h/SNXUSDT-1h-2020-11.zip,30290
SNXUSDT,1h,2020-12,True,SNXUSDT/1h/SNXUSDT-1h-2020-12.zip,31279
SNXUSDT,1h,2021-01,True,SNXUSDT/1h/SNXUSDT-1h-2021-01.zip,32865
SNXUSDT,1h,2021-02,True,SNXUSDT/1h/SNXUSDT-1h-2021-02.zip,30100
SNXUSDT,1h,2021-03,True,SNXUSDT/1h/SNXUSDT-1h-2021-03.zip,32170
SNXUSDT,1h,2021-06,False,SNXUSDT/1h/SNXUSDT-1h-2021-06.zip,31015
SNXUSDT,1h,2021-07,False,SNXUSDT/1h/SNXUSDT-1h-2021-07.zip,32928
SNXUSDT,1h,2021-08,True,SNXUSDT/1h/SNXUSDT-1h-2021-08.zip,32706
SNXUSDT,1h,2022-03,False,SNXUSDT/1h/SNXUSDT-1h-2022-03.zip,32092
SNXUSDT,1h,2022-04,False,SNXUSDT/1h/SNXUSDT-1h-2022-04.zip,31603
SNXUSDT,1h,2022-05,True,SNXUSDT/1h/SNXUSDT-1h-2022-05.zip,32142
SNXUSDT,1h,2022-06,False,SNXUSDT/1h/SNXUSDT-1h-2022-06.zip,31468
SNXUSDT,1h,2022-07,True,SNXUSDT/1h/SNXUSDT-1h-2022-07.zip,32586
SNXUSDT,1h,2022-08,True,SNXUSDT/1h/SNXUSDT-1h-2022-08.zip,32456
SNXUSDT,1h,2022-09,True,SNXUSDT/1h/SNXUSDT-1h-2022-09.zip,30485
SNXUSDT,1h,2022-10,True,SNXUSDT/1h/SNXUSDT-1h-2022-10.zip,30984
SNXUSDT,1h,2023-02,False,SNXUSDT/1h/SNXUSDT-1h-2023-02.zip,28801
SNXUSDT,1h,2023-03,False,SNXUSDT/1h/SNXUSDT-1h-2023-03.zip,32908
SNXUSDT,1h,2023-04,True,SNXUSDT/1h/SNXUSDT-1h-2023-04.zip,30363
SNXUSDT,1h,2023-06,False,SNXUSDT/1h/SNXUSDT-1h-2023-06.zip,29989
SNXUSDT,1h,2023-07,False,SNXUSDT/1h/SNXUSDT-1h-2023-07.zip,32097
SNXUSDT,1h,2023-08,True,SNXUSDT/1h/SNXUSDT-1h-2023-08.zip,31229
SOLUSDT,1h,2020-10,False,SOLUSDT/1h/SOLUSDT-1h-2020-10.zip,30933
SOLUSDT,1h,2020-11,True,SOLUSDT/1h/SOLUSDT-1h-2020-11.zip,30469
SOLUSDT,1h,2020-12,True,SOLUSDT/1h/SOLUSDT-1h-2020-12.zip,31156
SOLUSDT,1h,2021-01,True,SOLUSDT/1h/SOLUSDT-1h-2021-01.zip,32709
SOLUSDT,1h,2021-02,True,SOLUSDT/1h/SOLUSDT-1h-2021-02.zip,30285
SOLUSDT,1h,2021-03,True,SOLUSDT/1h/SOLUSDT-1h-2021-03.zip,33547
SOLUSDT,1h,2021-04,True,SOLUSDT/1h/SOLUSDT-1h-2021-04.zip,33681
SOLUSDT,1h,2021-05,True,SOLUSDT/1h/SOLUSDT-1h-2021-05.zip,34221
SOLUSDT,1h,2021-06,True,SOLUSDT/1h/SOLUSDT-1h-2021-06.zip,32420
SOLUSDT,1h,2021-07,True,SOLUSDT/1h/SOLUSDT-1h-2021-07.zip,32512
SOLUSDT,1h,2021-08,True,SOLUSDT/1h/SOLUSDT-1h-2021-08.zip,33795
SOLUSDT,1h,2021-09,True,SOLUSDT/1h/SOLUSDT-1h-2021-09.zip,34447
SOLUSDT,1h,2021-10,True,SOLUSDT/1h/SOLUSDT-1h-2021-10.zip,34752
SOLUSDT,1h,2021-11,True,SOLUSDT/1h/SOLUSDT-1h-2021-11.zip,33457
SOLUSDT,1h,2021-12,True,SOLUSDT/1h/SOLUSDT-1h-2021-12.zip,33565
SOLUSDT,1h,2022-01,True,SOLUSDT/1h/SOLUSDT-1h-2022-01.zip,32432
SOLUSDT,1h,2022-02,True,SOLUSDT/1h/SOLUSDT-1h-2022-02.zip,25915
SOLUSDT,1h,2022-03,False,SOLUSDT/1h/SOLUSDT-1h-2022-03.zip,31327
SOLUSDT,1h,2022-04,True,SOLUSDT/1h/SOLUSDT-1h-2022-04.zip,28601
SOLUSDT,1h,2022-05,False,SOLUSDT/1h/SOLUSDT-1h-2022-05.zip,31712
SOLUSDT,1h,2022-06,True,SOLUSDT/1h/SOLUSDT-1h-2022-06.zip,30869
SOLUSDT,1h,2022-07,True,SOLUSDT/1h/SOLUSDT-1h-2022-07.zip,31308
SOLUSDT,1h,2022-08,True,SOLUSDT/1h/SOLUSDT-1h-2022-08.zip,30967
SOLUSDT,1h,2022-09,True,SOLUSDT/1h/SOLUSDT-1h-2022-09.zip,29608
SOLUSDT,1h,2022-10,True,SOLUSDT/1h/SOLUSDT-1h-2022-10.zip,29913
SOLUSDT,1h,2022-11,True,SOLUSDT/1h/SOLUSDT-1h-2022-11.zip,31881
SOLUSDT,1h,2022-12,True,SOLUSDT/1h/SOLUSDT-1h-2022-12.zip,31660
SOLUSDT,1h,2023-01,True,SOLUSDT/1h/SOLUSDT-1h-2023-01.zip,33659
SOLUSDT,1h,2023-02,True,SOLUSDT/1h/SOLUSDT-1h-2023-02.zip,30128
SOLUSDT,1h,2023-03,True,SOLUSDT/1h/SOLUSDT-1h-2023-03.zip,33039
SOLUSDT,1h,2023-04,True,SOLUSDT/1h/SOLUSDT-1h-2023-04.zip,31579
SOLUSDT,1h,2023-05,True,SOLUSDT/1h/SOLUSDT-1h-2023-05.zip,32149
SOLUSDT,1h,2023-06,True,SOLUSDT/1h/SOLUSDT-1h-2023-06.zip,31775
SOLUSDT,1h,2023-07,True,SOLUSDT/1h/SOLUSDT-1h-2023-07.zip,33478
SOLUSDT,1h,2023-08,True,SOLUSDT/1h/SOLUSDT-1h-2023-08.zip,32603
SOLUSDT,1h,2023-09,True,SOLUSDT/1h/SOLUSDT-1h-2023-09.zip,31342
SOLUSDT,1h,2023-10,True,SOLUSDT/1h/SOLUSDT-1h-2023-10.zip,33522
SOLUSDT,1h,2023-11,True,SOLUSDT/1h/SOLUSDT-1h-2023-11.zip,33524
SOLUSDT,1h,2023-12,True,SOLUSDT/1h/SOLUSDT-1h-2023-12.zip,34912
SOLUSDT,1h,2024-01,True,SOLUSDT/1h/SOLUSDT-1h-2024-01.zip,34837
SOLUSDT,1h,2024-02,True,SOLUSDT/1h/SOLUSDT-1h-2024-02.zip,32441
SPELLUSDT,1h,2023-08,False,SPELLUSDT/1h/SPELLUSDT-1h-2023-08.zip,34804
SPELLUSDT,1h,2023-09,False,SPELLUSDT/1h/SPELLUSDT-1h-2023-09.zip,35440
SPELLUSDT,1h,2023-10,True,SPELLUSDT/1h/SPELLUSDT-1h-2023-10.zip,35602
SRMUSDT,1h,2020-10,False,SRMUSDT/1h/SRMUSDT-1h-2020-10.zip,30393
SRMUSDT,1h,2020-11,True,SRMUSDT/1h/SRMUSDT-1h-2020-11.zip,29884
SRMUSDT,1h,2021-03,False,SRMUSDT/1h/SRMUSDT-1h-2021-03.zip,32293
SRMUSDT,1h,2021-04,False,SRMUSDT/1h/SRMUSDT-1h-2021-04.zip,32343
SRMUSDT,1h,2021-05,True,SRMUSDT/1h/SRMUSDT-1h-2021-05.zip,32634
SRMUSDT,1h,2021-06,True,SRMUSDT/1h/SRMUSDT-1h-2021-06.zip,29083
SRMUSDT,1h,2021-07,False,SRMUSDT/1h/SRMUSDT-1h-2021-07.zip,29766
SRMUSDT,1h,2021-08,False,SRMUSDT/1h/SRMUSDT-1h-2021-08.zip,31287
SRMUSDT,1h,2021-09,True,SRMUSDT/1h/SRMUSDT-1h-2021-09.zip,31250
SRMUSDT,1h,2021-10,True,SRMUSDT/1h/SRMUSDT-1h-2021-10.zip,30913
SRMUSDT,1h,2022-02,False,SRMUSDT/1h/SRMUSDT-1h-2022-02.zip,26665
SRMUSDT,1h,2022-03,False,SRMUSDT/1h/SRMUSDT-1h-2022-03.zip,29944
SRMUSDT,1h,2022-04,True,SRMUSDT/1h/SRMUSDT-1h-2022-04.zip,28791
SRMUSDT,1h,2022-06,False,SRMUSDT/1h/SRMUSDT-1h-2022-06.zip,28347
SRMUSDT,1h,2022-07,False,SRMUSDT/1h/SRMUSDT-1h-2022-07.zip,29908
SRMUSDT,1h,2022-08,True,SRMUSDT/1h/SRMUSDT-1h-2022-08.zip,28754
STGUSDT,1h,2022-09,False,STGUSDT/1h/STGUSDT-1h-2022-09.zip,32582
STGUSDT,1h,2022-10,True,STGUSDT/1h/STGUSDT-1h-2022-10.zip,32117
STGUSDT,1h,2023-01,False,STGUSDT/1h/STGUSDT-1h-2023-01.zip,32234
STGUSDT,1h,2023-02,False,STGUSDT/1h/STGUSDT-1h-2023-02.zip,31244
STGUSDT,1h,2023-03,True,STGUSDT/1h/STGUSDT-1h-2023-03.zip,33699
STMXUSDT,1h,2023-06,False,STMXUSDT/1h/STMXUSDT-1h-2023-06.zip,29920
STMXUSDT,1h,2023-07,False,STMXUSDT/1h/STMXUSDT-1h-2023-07.zip,32786
STMXUSDT,1h,2023-08,True,STMXUSDT/1h/STMXUSDT-1h-2023-08.zip,32480
STMXUSDT,1h,2023-09,True,STMXUSDT/1h/STMXUSDT-1h-2023-09.zip,31786
STMXUSDT,1h,2023-10,True,STMXUSDT/1h/STMXUSDT-1h-2023-10.zip,32574
STMXUSDT,1h,2023-11,True,STMXUSDT/1h/STMXUSDT-1h-2023-11.zip,30987
STORJUSDT,1h,2020-10,False,STORJUSDT/1h/STORJUSDT-1h-2020-10.zip,30160
STORJUSDT,1h,2020-11,True,STORJUSDT/1h/STORJUSDT-1h-2020-11.zip,28691
STORJUSDT,1h,2021-02,False,STORJUSDT/1h/STORJUSDT-1h-2021-02.zip,28537
STORJUSDT,1h,2021-03,False,STORJUSDT/1h/STORJUSDT-1h-2021-03.zip,32298
STORJUSDT,1h,2021-04,True,STORJUSDT/1h/STORJUSDT-1h-2021-04.zip,32090
STORJUSDT,1h,2021-05,True,STORJUSDT/1h/STORJUSDT-1h-2021-05.zip,32698
STORJUSDT,1h,2021-10,False,STORJUSDT/1h/STORJUSDT-1h-2021-10.zip,31726
STORJUSDT,1h,2021-11,False,STORJUSDT/1h/STORJUSDT-1h-2021-11.zip,32362
STORJUSDT,1h,2021-12,True,STORJUSDT/1h/STORJUSDT-1h-2021-12.zip,32582
STORJUSDT,1h,2022-05,False,STORJUSDT/1h/STORJUSDT-1h-2022-05.zip,31742
STORJUSDT,1h,2022-06,False,STORJUSDT/1h/STORJUSDT-1h-2022-06.zip,31788
STORJUSDT,1h,2022-07,True,STORJUSDT/1h/STORJUSDT-1h-2022-07.zip,32057
STORJUSDT,1h,2022-08,True,STORJUSDT/1h/STORJUSDT-1h-2022-08.zip,31224
STORJUSDT,1h,2023-06,False,STORJUSDT/1h/STORJUSDT-1h-2023-06.zip,30031
STORJUSDT,1h,2023-07,False,STORJUSDT/1h/STORJUSDT-1h-2023-07.zip,31915
STORJUSDT,1h,2023-08,True,STORJUSDT/1h/STORJUSDT-1h-2023-08.zip,29684
STORJUSDT,1h,2023-09,False,STORJUSDT/1h/STORJUSDT-1h-2023-09.zip,31534
STORJUSDT,1h,2023-10,True,STORJUSDT/1h/STORJUSDT-1h-2023-10.zip,32641
STORJUSDT,1h,2023-11,True,STORJUSDT/1h/STORJUSDT-1h-2023-11.zip,31687
STORJUSDT,1h,2023-12,True,STORJUSDT/1h/STORJUSDT-1h-2023-12.zip,32975
STORJUSDT,1h,2024-01,True,STORJUSDT/1h/STORJUSDT-1h-2024-01.zip,32042
STXUSDT,1h,2023-03,False,STXUSDT/1h/STXUSDT-1h-2023-03.zip,35625
STXUSDT,1h,2023-04,True,STXUSDT/1h/STXUSDT-1h-2023-04.zip,32847
STXUSDT,1h,2023-05,True,STXUSDT/1h/STXUSDT-1h-2023-05.zip,33667
STXUSDT,1h,2023-06,True,STXUSDT/1h/STXUSDT-1h-2023-06.zip,33263
STXUSDT,1h,2023-07,True,STXUSDT/1h/STXUSDT-1h-2023-07.zip,32855
STXUSDT,1h,2023-09,False,STXUSDT/1h/STXUSDT-1h-2023-09.zip,31062
STXUSDT,1h,2023-10,False,STXUSDT/1h/STXUSDT-1h-2023-10.zip,33280
STXUSDT,1h,2023-11,True,STXUSDT/1h/STXUSDT-1h-2023-11.zip,32236
STXUSDT,1h,2023-12,False,STXUSDT/1h/STXUSDT-1h-2023-12.zip,35087
STXUSDT,1h,2024-01,True,STXUSDT/1h/STXUSDT-1h-2024-01.zip,34550
STXUSDT,1h,2024-02,True,STXUSDT/1h/STXUSDT-1h-2024-02.zip,32619
SUIUSDT,1h,2023-06,False,SUIUSDT/1h/SUIUSDT-1h-2023-06.zip,35924
SUIUSDT,1h,2023-07,True,SUIUSDT/1h/SUIUSDT-1h-2023-07.zip,35756
SUIUSDT,1h,2023-08,True,SUIUSDT/1h/SUIUSDT-1h-2023-08.zip,35910
SUIUSDT,1h,2023-09,True,SUIUSDT/1h/SUIUSDT-1h-2023-09.zip,33841
SUIUSDT,1h,2023-10,True,SUIUSDT/1h/SUIUSDT-1h-2023-10.zip,35146
SUIUSDT,1h,2023-11,True,SUIUSDT/1h/SUIUSDT-1h-2023-11.zip,35069
SUIUSDT,1h,2023-12,True,SUIUSDT/1h/SUIUSDT-1h-2023-12.zip,36241
SUIUSDT,1h,2024-01,True,SUIUSDT/1h/SUIUSDT-1h-2024-01.zip,37770
SUIUSDT,1h,2024-02,True,SUIUSDT/1h/SUIUSDT-1h-2024-02.zip,34736
SUSHIUSDT,1h,2020-10,False,SUSHIUSDT/1h/SUSHIUSDT-1h-2020-10.zip,31725
SUSHIUSDT,1h,2020-11,True,SUSHIUSDT/1h/SUSHIUSDT-1h-2020-11.zip,31724
SUSHIUSDT,1h,2020-12,True,SUSHIUSDT/1h/SUSHIUSDT-1h-2020-12.zip,33373
SUSHIUSDT,1h,2021-01,True,SUSHIUSDT/1h/SUSHIUSDT-1h-2021-01.zip,33800
SUSHIUSDT,1h,2021-02,True,SUSHIUSDT/1h/SUSHIUSDT-1h-2021-02.zip,31323
SUSHIUSDT,1h,2021-03,True,SUSHIUSDT/1h/SUSHIUSDT-1h-2021-03.zip,34210
SUSHIUSDT,1h,2021-04,True,SUSHIUSDT/1h/SUSHIUSDT-1h-2021-04.zip,33090
SUSHIUSDT,1h,2021-05,True,SUSHIUSDT/1h/SUSHIUSDT-1h-2021-05.zip,33825
SUSHIUSDT,1h,2021-06,True,SUSHIUSDT/1h/SUSHIUSDT-1h-2021-06.zip,30509
SUSHIUSDT,1h,2021-07,True,SUSHIUSDT/1h/SUSHIUSDT-1h-2021-07.zip,31400
SUSHIUSDT,1h,2021-08,True,SUSHIUSDT/1h/SUSHIUSDT-1h-2021-08.zip,31797
SUSHIUSDT,1h,2021-09,True,SUSHIUSDT/1h/SUSHIUSDT-1h-2021-09.zip,31134
SUSHIUSDT,1h,2021-10,True,SUSHIUSDT/1h/SUSHIUSDT-1h-2021-10.zip,31199
SUSHIUSDT,1h,2021-11,True,SUSHIUSDT/1h/SUSHIUSDT-1h-2021-11.zip,30486
SUSHIUSDT,1h,2021-12,False,SUSHIUSDT/1h/SUSHIUSDT-1h-2021-12.zip,32146
SUSHIUSDT,1h,2022-01,True,SUSHIUSDT/1h/SUSHIUSDT-1h-2022-01.zip,32113
SUSHIUSDT,1h,2022-02,True,SUSHIUSDT/1h/SUSHIUSDT-1h-2022-02.zip,25328
SUSHIUSDT,1h,2022-03,False,SUSHIUSDT/1h/SUSHIUSDT-1h-2022-03.zip,30629
SUSHIUSDT,1h,2022-04,True,SUSHIUSDT/1h/SUSHIUSDT-1h-2022-04.zip,27710
SUSHIUSDT,1h,2022-05,False,SUSHIUSDT/1h/SUSHIUSDT-1h-2022-05.zip,30938
SUSHIUSDT,1h,2022-06,True,SUSHIUSDT/1h/SUSHIUSDT-1h-2022-06.zip,29364
SUSHIUSDT,1h,2022-07,False,SUSHIUSDT/1h/SUSHIUSDT-1h-2022-07.zip,29985
SUSHIUSDT,1h,2022-08,True,SUSHIUSDT/1h/SUSHIUSDT-1h-2022-08.zip,29398
SUSHIUSDT,1h,2022-09,False,SUSHIUSDT/1h/SUSHIUSDT-1h-2022-09.zip,28405
SUSHIUSDT,1h,2022-10,False,SUSHIUSDT/1h/SUSHIUSDT-1h-2022-10.zip,31023
SUSHIUSDT,1h,2022-11,True,SUSHIUSDT/1h/SUSHIUSDT-1h-2022-11.zip,29966
SUSHIUSDT,1h,2022-12,True,SUSHIUSDT/1h/SUSHIUSDT-1h-2022-12.zip,29196
SUSHIUSDT,1h,2023-01,True,SUSHIUSDT/1h/SUSHIUSDT-1h-2023-01.zip,29593
SUSHIUSDT,1h,2023-02,True,SUSHIUSDT/1h/SUSHIUSDT-1h-2023-02.zip,27053
SUSHIUSDT,1h,2023-10,False,SUSHIUSDT/1h/SUSHIUSDT-1h-2023-10.zip,30404
SUSHIUSDT,1h,2023-11,False,SUSHIUSDT/1h/SUSHIUSDT-1h-2023-11.zip,32389
SUSHIUSDT,1h,2023-12,True,SUSHIUSDT/1h/SUSHIUSDT-1h-2023-12.zip,32426
SXPUSDT,1h,2020-08,False,SXPUSDT/1h/SXPUSDT-1h-2020-08.zip,35335
SXPUSDT,1h,2020-09,True,SXPUSDT/1h/SXPUSDT-1h-2020-09.zip,33452
SXPUSDT,1h,2020-10,True,SXPUSDT/1h/SXPUSDT-1h-2020-10.zip,33672
SXPUSDT,1h,2020-11,True,SXPUSDT/1h/SXPUSDT-1h-2020-11.zip,33150
SXPUSDT,1h,2020-12,True,SXPUSDT/1h/SXPUSDT-1h-2020-12.zip,33470
SXPUSDT,1h,2021-01,True,SXPUSDT/1h/SXPUSDT-1h-2021-01.zip,34991
SXPUSDT,1h,2021-02,True,SXPUSDT/1h/SXPUSDT-1h-2021-02.zip,32638
SXPUSDT,1h,2021-03,True,SXPUSDT/1h/SXPUSDT-1h-2021-03.zip,35875
SXPUSDT,1h,2021-04,True,SXPUSDT/1h/SXPUSDT-1h-2021-04.zip,35235
SXPUSDT,1h,2021-05,True,SXPUSDT/1h/SXPUSDT-1h-2021-05.zip,36261
SXPUSDT,1h,2021-06,True,SXPUSDT/1h/SXPUSDT-1h-2021-06.zip,34225
SXPUSDT,1h,2021-07,True,SXPUSDT/1h/SXPUSDT-1h-2021-07.zip,34634
SXPUSDT,1h,2021-08,True,SXPUSDT/1h/SXPUSDT-1h-2021-08.zip,35296
SXPUSDT,1h,2021-09,True,SXPUSDT/1h/SXPUSDT-1h-2021-09.zip,34065
SXPUSDT,1h,2021-12,False,SXPUSDT/1h/SXPUSDT-1h-2021-12.zip,34323
SXPUSDT,1h,2022-01,False,SXPUSDT/1h/SXPUSDT-1h-2022-01.zip,35013
SXPUSDT,1h,2022-02,True,SXPUSDT/1h/SXPUSDT-1h-2022-02.zip,30999
SXPUSDT,1h,2022-03,True,SXPUSDT/1h/SXPUSDT-1h-2022-03.zip,34252
SXPUSDT,1h,2023-02,False,SXPUSDT/1h/SXPUSDT-1h-2023-02.zip,29962
SXPUSDT,1h,2023-03,False,SXPUSDT/1h/SXPUSDT-1h-2023-03.zip,33236
SXPUSDT,1h,2023-04,True,SXPUSDT/1h/SXPUSDT-1h-2023-04.zip,34531
SXPUSDT,1h,2023-05,True,SXPUSDT/1h/SXPUSDT-1h-2023-05.zip,33633
THETAUSDT,1h,2020-06,False,THETAUSDT/1h/THETAUSDT-1h-2020-06.zip,30738
THETAUSDT,1h,2020-07,True,THETAUSDT/1h/THETAUSDT-1h-2020-07.zip,31308
THETAUSDT,1h,2020-08,True,THETAUSDT/1h/THETAUSDT-1h-2020-08.zip,33364
THETAUSDT,1h,2020-09,True,THETAUSDT/1h/THETAUSDT-1h-2020-09.zip,32600
THETAUSDT,1h,2020-10,True,THETAUSDT/1h/THETAUSDT-1h-2020-10.zip,33482
THETAUSDT,1h,2020-11,True,THETAUSDT/1h/THETAUSDT-1h-2020-11.zip,31933
THETAUSDT,1h,2020-12,True,THETAUSDT/1h/THETAUSDT-1h-2020-12.zip,34251
THETAUSDT,1h,2021-01,True,THETAUSDT/1h/THETAUSDT-1h-2021-01.zip,34321
THETAUSDT,1h,2021-02,True,THETAUSDT/1h/THETAUSDT-1h-2021-02.zip,31348
THETAUSDT,1h,2021-03,False,THETAUSDT/1h/THETAUSDT-1h-2021-03.zip,36218
THETAUSDT,1h,2021-04,True,THETAUSDT/1h/THETAUSDT-1h-2021-04.zip,35248
THETAUSDT,1h,2021-05,True,THETAUSDT/1h/THETAUSDT-1h-2021-05.zip,35431
THETAUSDT,1h,2021-06,True,THETAUSDT/1h/THETAUSDT-1h-2021-06.zip,33634
THETAUSDT,1h,2021-07,True,THETAUSDT/1h/THETAUSDT-1h-2021-07.zip,33794
THETAUSDT,1h,2021-08,True,THETAUSDT/1h/THETAUSDT-1h-2021-08.zip,33807
THETAUSDT,1h,2021-09,True,THETAUSDT/1h/THETAUSDT-1h-2021-09.zip,32732
THETAUSDT,1h,2021-10,True,THETAUSDT/1h/THETAUSDT-1h-2021-10.zip,33613
THETAUSDT,1h,2021-11,True,THETAUSDT/1h/THETAUSDT-1h-2021-11.zip,32376
THETAUSDT,1h,2021-12,True,THETAUSDT/1h/THETAUSDT-1h-2021-12.zip,33177
THETAUSDT,1h,2022-01,True,THETAUSDT/1h/THETAUSDT-1h-2022-01.zip,33403
THETAUSDT,1h,2022-02,True,THETAUSDT/1h/THETAUSDT-1h-2022-02.zip,30531
THETAUSDT,1h,2022-03,True,THETAUSDT/1h/THETAUSDT-1h-2022-03.zip,33057
THETAUSDT,1h,2022-04,True,THETAUSDT/1h/THETAUSDT-1h-2022-04.zip,32003
THETAUSDT,1h,2022-05,True,THETAUSDT/1h/THETAUSDT-1h-2022-05.zip,33002
THETAUSDT,1h,2022-06,True,THETAUSDT/1h/THETAUSDT-1h-2022-06.zip,31836
THETAUSDT,1h,2022-07,True,THETAUSDT/1h/THETAUSDT-1h-2022-07.zip,31935
THETAUSDT,1h,2022-08,True,THETAUSDT/1h/THETAUSDT-1h-2022-08.zip,32433
THETAUSDT,1h,2022-09,True,THETAUSDT/1h/THETAUSDT-1h-2022-09.zip,30305
THETAUSDT,1h,2022-10,True,THETAUSDT/1h/THETAUSDT-1h-2022-10.zip,30992
TIAUSDT,1h,2023-11,False,TIAUSDT/1h/TIAUSDT-1h-2023-11.zip,34709
TIAUSDT,1h,2023-12,True,TIAUSDT/1h/TIAUSDT-1h-2023-12.zip,36481
TIAUSDT,1h,2024-01,True,TIAUSDT/1h/TIAUSDT-1h-2024-01.zip,36333
TIAUSDT,1h,2024-02,True,TIAUSDT/1h/TIAUSDT-1h-2024-02.zip,33251
TLMUSDT,1h,2021-08,False,TLMUSDT/1h/TLMUSDT-1h-2021-08.zip,33106
TLMUSDT,1h,2021-09,True,TLMUSDT/1h/TLMUSDT-1h-2021-09.zip,31348
TLMUSDT,1h,2021-10,False,TLMUSDT/1h/TLMUSDT-1h-2021-10.zip,31949
TLMUSDT,1h,2021-11,True,TLMUSDT/1h/TLMUSDT-1h-2021-11.zip,32463
TLMUSDT,1h,2021-12,True,TLMUSDT/1h/TLMUSDT-1h-2021-12.zip,32531
TLMUSDT,1h,2022-01,True,TLMUSDT/1h/TLMUSDT-1h-2022-01.zip,31651
TLMUSDT,1h,2022-02,False,TLMUSDT/1h/TLMUSDT-1h-2022-02.zip,28833
TLMUSDT,1h,2022-03,True,TLMUSDT/1h/TLMUSDT-1h-2022-03.zip,31047
TLMUSDT,1h,2022-04,False,TLMUSDT/1h/TLMUSDT-1h-2022-04.zip,30179
TLMUSDT,1h,2022-05,True,TLMUSDT/1h/TLMUSDT-1h-2022-05.zip,31024
TOMOUSDT,1h,2023-03,False,TOMOUSDT/1h/TOMOUSDT-1h-2023-03.zip,31569
TOMOUSDT,1h,2023-04,False,TOMOUSDT/1h/TOMOUSDT-1h-2023-04.zip,31193
TOMOUSDT,1h,2023-05,True,TOMOUSDT/1h/TOMOUSDT-1h-2023-05.zip,33723
TOMOUSDT,1h,2023-06,True,TOMOUSDT/1h/TOMOUSDT-1h-2023-06.zip,32856
TOMOUSDT,1h,2023-07,True,TOMOUSDT/1h/TOMOUSDT-1h-2023-07.zip,33296
TOMOUSDT,1h,2023-08,True,TOMOUSDT/1h/TOMOUSDT-1h-2023-08.zip,33518
TOMOUSDT,1h,2023-09,True,TOMOUSDT/1h/TOMOUSDT-1h-2023-09.zip,31183
TOMOUSDT,1h,2023-10,True,TOMOUSDT/1h/TOMOUSDT-1h-2023-10.zip,32197
TRBUSDT,1h,2020-10,False,TRBUSDT/1h/TRBUSDT-1h-2020-10.zip,31927
TRBUSDT,1h,2020-11,True,TRBUSDT/1h/TRBUSDT-1h-2020-11.zip,31304
TRBUSDT,1h,2020-12,True,TRBUSDT/1h/TRBUSDT-1h-2020-12.zip,31494
TRBUSDT,1h,2021-01,True,TRBUSDT/1h/TRBUSDT-1h-2021-01.zip,32252
TRBUSDT,1h,2022-06,False,TRBUSDT/1h/TRBUSDT-1h-2022-06.zip,29296
TRBUSDT,1h,2022-07,False,TRBUSDT/1h/TRBUSDT-1h-2022-07.zip,31199
TRBUSDT,1h,2022-08,True,TRBUSDT/1h/TRBUSDT-1h-2022-08.zip,32280
TRBUSDT,1h,2022-09,True,TRBUSDT/1h/TRBUSDT-1h-2022-09.zip,30043
TRBUSDT,1h,2022-10,True,TRBUSDT/1h/TRBUSDT-1h-2022-10.zip,29240
TRBUSDT,1h,2023-07,False,TRBUSDT/1h/TRBUSDT-1h-2023-07.zip,28497
TRBUSDT,1h,2023-08,False,TRBUSDT/1h/TRBUSDT-1h-2023-08.zip,29454
TRBUSDT,1h,2023-09,True,TRBUSDT/1h/TRBUSDT-1h-2023-09.zip,34314
TRBUSDT,1h,2023-10,True,TRBUSDT/1h/TRBUSDT-1h-2023-10.zip,35190
TRBUSDT,1h,2023-11,True,TRBUSDT/1h/TRBUSDT-1h-2023-11.zip,33509
TRBUSDT,1h,2023-12,True,TRBUSDT/1h/TRBUSDT-1h-2023-12.zip,35168
TRBUSDT,1h,2024-01,True,TRBUSDT/1h/TRBUSDT-1h-2024-01.zip,35418
TRBUSDT,1h,2024-02,True,TRBUSDT/1h/TRBUSDT-1h-2024-02.zip,31692
TRXUSDT,1h,2020-03,True,TRXUSDT/1h/TRXUSDT-1h-2020-03.zip,31569
TRXUSDT,1h,2020-04,True,TRXUSDT/1h/TRXUSDT-1h-2020-04.zip,29783
TRXUSDT,1h,2020-05,True,TRXUSDT/1h/TRXUSDT-1h-2020-05.zip,31086
TRXUSDT,1h,2020-06,True,TRXUSDT/1h/TRXUSDT-1h-2020-06.zip,29985
TRXUSDT,1h,2020-07,True,TRXUSDT/1h/TRXUSDT-1h-2020-07.zip,31463
TRXUSDT,1h,2020-08,True,TRXUSDT/1h/TRXUSDT-1h-2020-08.zip,32904
TRXUSDT,1h,2020-09,True,TRXUSDT/1h/TRXUSDT-1h-2020-09.zip,32904
TRXUSDT,1h,2020-10,True,TRXUSDT/1h/TRXUSDT-1h-2020-10.zip,31856
TRXUSDT,1h,2020-11,True,TRXUSDT/1h/TRXUSDT-1h-2020-11.zip,31822
TRXUSDT,1h,2020-12,True,TRXUSDT/1h/TRXUSDT-1h-2020-12.zip,32830
TRXUSDT,1h,2021-01,True,TRXUSDT/1h/TRXUSDT-1h-2021-01.zip,33669
TRXUSDT,1h,2021-02,True,TRXUSDT/1h/TRXUSDT-1h-2021-02.zip,31820
TRXUSDT,1h,2021-03,True,TRXUSDT/1h/TRXUSDT-1h-2021-03.zip,34493
TRXUSDT,1h,2021-04,True,TRXUSDT/1h/TRXUSDT-1h-2021-04.zip,35609
TRXUSDT,1h,2021-05,True,TRXUSDT/1h/TRXUSDT-1h-2021-05.zip,36010
TRXUSDT,1h,2021-06,True,TRXUSDT/1h/TRXUSDT-1h-2021-06.zip,33573
TRXUSDT,1h,2021-07,True,TRXUSDT/1h/TRXUSDT-1h-2021-07.zip,33868
TRXUSDT,1h,2021-08,True,TRXUSDT/1h/TRXUSDT-1h-2021-08.zip,34637
TRXUSDT,1h,2021-09,True,TRXUSDT/1h/TRXUSDT-1h-2021-09.zip,34299
TRXUSDT,1h,2021-10,True,TRXUSDT/1h/TRXUSDT-1h-2021-10.zip,34430
TRXUSDT,1h,2021-11,True,TRXUSDT/1h/TRXUSDT-1h-2021-11.zip,33651
TRXUSDT,1h,2021-12,True,TRXUSDT/1h/TRXUSDT-1h-2021-12.zip,34082
TRXUSDT,1h,2022-02,False,TRXUSDT/1h/TRXUSDT-1h-2022-02.zip,27494
TRXUSDT,1h,2022-03,False,TRXUSDT/1h/TRXUSDT-1h-2022-03.zip,33530
TRXUSDT,1h,2022-04,True,TRXUSDT/1h/TRXUSDT-1h-2022-04.zip,30702
TRXUSDT,1h,2022-05,False,TRXUSDT/1h/TRXUSDT-1h-2022-05.zip,36006
TRXUSDT,1h,2022-06,True,TRXUSDT/1h/TRXUSDT-1h-2022-06.zip,34196
TRXUSDT,1h,2022-07,True,TRXUSDT/1h/TRXUSDT-1h-2022-07.zip,33475
TRXUSDT,1h,2022-08,True,TRXUSDT/1h/TRXUSDT-1h-2022-08.zip,33096
TRXUSDT,1h,2022-09,True,TRXUSDT/1h/TRXUSDT-1h-2022-09.zip,31679
TRXUSDT,1h,2022-10,False,TRXUSDT/1h/TRXUSDT-1h-2022-10.zip,32693
TRXUSDT,1h,2022-11,True,TRXUSDT/1h/TRXUSDT-1h-2022-11.zip,32738
TRXUSDT,1h,2022-12,True,TRXUSDT/1h/TRXUSDT-1h-2022-12.zip,32510
TRXUSDT,1h,2023-01,True,TRXUSDT/1h/TRXUSDT-1h-2023-01.zip,33352
TRXUSDT,1h,2023-02,True,TRXUSDT/1h/TRXUSDT-1h-2023-02.zip,30197
TRXUSDT,1h,2023-03,False,TRXUSDT/1h/TRXUSDT-1h-2023-03.zip,33348
TRXUSDT,1h,2023-04,True,TRXUSDT/1h/TRXUSDT-1h-2023-04.zip,31597
TRXUSDT,1h,2023-05,False,TRXUSDT/1h/TRXUSDT-1h-2023-05.zip,33224
TRXUSDT,1h,2023-06,True,TRXUSDT/1h/TRXUSDT-1h-2023-06.zip,32628
TRXUSDT,1h,2023-07,True,TRXUSDT/1h/TRXUSDT-1h-2023-07.zip,33216
UMAUSDT,1h,2023-12,False,UMAUSDT/1h/UMAUSDT-1h-2023-12.zip,29103
UMAUSDT,1h,2024-01,False,UMAUSDT/1h/UMAUSDT-1h-2024-01.zip,31055
UMAUSDT,1h,2024-02,True,UMAUSDT/1h/UMAUSDT-1h-2024-02.zip,29048
UNFIUSDT,1h,2021-06,False,UNFIUSDT/1h/UNFIUSDT-1h-2021-06.zip,30562
UNFIUSDT,1h,2021-07,False,UNFIUSDT/1h/UNFIUSDT-1h-2021-07.zip,32242
UNFIUSDT,1h,2021-08,True,UNFIUSDT/1h/UNFIUSDT-1h-2021-08.zip,32624
UNFIUSDT,1h,2022-05,False,UNFIUSDT/1h/UNFIUSDT-1h-2022-05.zip,31922
UNFIUSDT,1h,2022-06,False,UNFIUSDT/1h/UNFIUSDT-1h-2022-06.zip,32769
UNFIUSDT,1h,2022-07,True,UNFIUSDT/1h/UNFIUSDT-1h-2022-07.zip,33715
UNFIUSDT,1h,2022-08,True,UNFIUSDT/1h/UNFIUSDT-1h-2022-08.zip,33791
UNFIUSDT,1h,2022-09,True,UNFIUSDT/1h/UNFIUSDT-1h-2022-09.zip,31432
UNFIUSDT,1h,2022-10,True,UNFIUSDT/1h/UNFIUSDT-1h-2022-10.zip,31478
UNFIUSDT,1h,2023-07,False,UNFIUSDT/1h/UNFIUSDT-1h-2023-07.zip,30324
UNFIUSDT,1h,2023-08,False,UNFIUSDT/1h/UNFIUSDT-1h-2023-08.zip,32771
UNFIUSDT,1h,2023-09,True,UNFIUSDT/1h/UNFIUSDT-1h-2023-09.zip,31821
UNFIUSDT,1h,2023-10,True,UNFIUSDT/1h/UNFIUSDT-1h-2023-10.zip,31987
UNIUSDT,1h,2020-10,False,UNIUSDT/1h/UNIUSDT-1h-2020-10.zip,32719
UNIUSDT,1h,2020-11,True,UNIUSDT/1h/UNIUSDT-1h-2020-11.zip,32222
UNIUSDT,1h,2020-12,True,UNIUSDT/1h/UNIUSDT-1h-2020-12.zip,32534
UNIUSDT,1h,2021-01,True,UNIUSDT/1h/UNIUSDT-1h-2021-01.zip,33951
UNIUSDT,1h,2021-02,True,UNIUSDT/1h/UNIUSDT-1h-2021-02.zip,31459
UNIUSDT,1h,2021-03,True,UNIUSDT/1h/UNIUSDT-1h-2021-03.zip,34599
UNIUSDT,1h,2021-04,True,UNIUSDT/1h/UNIUSDT-1h-2021-04.zip,33521
UNIUSDT,1h,2021-05,True,UNIUSDT/1h/UNIUSDT-1h-2021-05.zip,34189
UNIUSDT,1h,2021-06,True,UNIUSDT/1h/UNIUSDT-1h-2021-06.zip,31730
UNIUSDT,1h,2021-07,True,UNIUSDT/1h/UNIUSDT-1h-2021-07.zip,32581
UNIUSDT,1h,2021-08,True,UNIUSDT/1h/UNIUSDT-1h-2021-08.zip,32853
UNIUSDT,1h,2021-09,True,UNIUSDT/1h/UNIUSDT-1h-2021-09.zip,32005
UNIUSDT,1h,2021-10,True,UNIUSDT/1h/UNIUSDT-1h-2021-10.zip,32289
UNIUSDT,1h,2021-11,True,UNIUSDT/1h/UNIUSDT-1h-2021-11.zip,30940
UNIUSDT,1h,2021-12,False,UNIUSDT/1h/UNIUSDT-1h-2021-12.zip,31718
UNIUSDT,1h,2022-01,True,UNIUSDT/1h/UNIUSDT-1h-2022-01.zip,31633
UNIUSDT,1h,2022-02,True,UNIUSDT/1h/UNIUSDT-1h-2022-02.zip,28378
UNIUSDT,1h,2022-03,True,UNIUSDT/1h/UNIUSDT-1h-2022-03.zip,30918
UNIUSDT,1h,2022-04,False,UNIUSDT/1h/UNIUSDT-1h-2022-04.zip,29728
UNIUSDT,1h,2022-05,True,UNIUSDT/1h/UNIUSDT-1h-2022-05.zip,30996
UNIUSDT,1h,2022-06,False,UNIUSDT/1h/UNIUSDT-1h-2022-06.zip,29979
UNIUSDT,1h,2022-07,False,UNIUSDT/1h/UNIUSDT-1h-2022-07.zip,31267
UNIUSDT,1h,2022-08,True,UNIUSDT/1h/UNIUSDT-1h-2022-08.zip,30938
UNIUSDT,1h,2022-09,True,UNIUSDT/1h/UNIUSDT-1h-2022-09.zip,29463
UNIUSDT,1h,2022-10,True,UNIUSDT/1h/UNIUSDT-1h-2022-10.zip,30558
UNIUSDT,1h,2022-11,True,UNIUSDT/1h/UNIUSDT-1h-2022-11.zip,29852
UNIUSDT,1h,2022-12,True,UNIUSDT/1h/UNIUSDT-1h-2022-12.zip,29404
UNIUSDT,1h,2023-07,False,UNIUSDT/1h/UNIUSDT-1h-2023-07.zip,30467
UNIUSDT,1h,2023-08,False,UNIUSDT/1h/UNIUSDT-1h-2023-08.zip,30026
UNIUSDT,1h,2023-09,True,UNIUSDT/1h/UNIUSDT-1h-2023-09.zip,27974
UNIUSDT,1h,2023-10,False,UNIUSDT/1h/UNIUSDT-1h-2023-10.zip,29470
UNIUSDT,1h,2023-11,False,UNIUSDT/1h/UNIUSDT-1h-2023-11.zip,30049
UNIUSDT,1h,2023-12,True,UNIUSDT/1h/UNIUSDT-1h-2023-12.zip,30929
UNIUSDT,1h,2024-01,True,UNIUSDT/1h/UNIUSDT-1h-2024-01.zip,30296
UNIUSDT,1h,2024-02,False,UNIUSDT/1h/UNIUSDT-1h-2024-02.zip,28901
USTCUSDT,1h,2023-12,False,USTCUSDT/1h/USTCUSDT-1h-2023-12.zip,35766
USTCUSDT,1h,2024-01,True,USTCUSDT/1h/USTCUSDT-1h-2024-01.zip,34486
VETUSDT,1h,2020-03,False,VETUSDT/1h/VETUSDT-1h-2020-03.zip,32719
VETUSDT,1h,2020-04,True,VETUSDT/1h/VETUSDT-1h-2020-04.zip,31642
VETUSDT,1h,2020-05,True,VETUSDT/1h/VETUSDT-1h-2020-05.zip,33757
VETUSDT,1h,2020-06,True,VETUSDT/1h/VETUSDT-1h-2020-06.zip,34058
VETUSDT,1h,2020-07,True,VETUSDT/1h/VETUSDT-1h-2020-07.zip,36032
VETUSDT,1h,2020-08,True,VETUSDT/1h/VETUSDT-1h-2020-08.zip,35477
VETUSDT,1h,2020-09,True,VETUSDT/1h/VETUSDT-1h-2020-09.zip,33944
VETUSDT,1h,2020-10,True,VETUSDT/1h/VETUSDT-1h-2020-10.zip,34383
VETUSDT,1h,2020-11,True,VETUSDT/1h/VETUSDT-1h-2020-11.zip,34003
VETUSDT,1h,2020-12,True,VETUSDT/1h/VETUSDT-1h-2020-12.zip,35472
VETUSDT,1h,2021-01,True,VETUSDT/1h/VETUSDT-1h-2021-01.zip,36522
VETUSDT,1h,2021-02,True,VETUSDT/1h/VETUSDT-1h-2021-02.zip,33729
VETUSDT,1h,2021-03,True,VETUSDT/1h/VETUSDT-1h-2021-03.zip,37571
VETUSDT,1h,2021-04,True,VETUSDT/1h/VETUSDT-1h-2021-04.zip,37506
VETUSDT,1h,2021-05,True,VETUSDT/1h/VETUSDT-1h-2021-05.zip,37949
VETUSDT,1h,2021-06,True,VETUSDT/1h/VETUSDT-1h-2021-06.zip,34937
VETUSDT,1h,2021-07,True,VETUSDT/1h/VETUSDT-1h-2021-07.zip,35019
VETUSDT,1h,2021-08,True,VETUSDT/1h/VETUSDT-1h-2021-08.zip,35753
VETUSDT,1h,2021-09,True,VETUSDT/1h/VETUSDT-1h-2021-09.zip,34549
VETUSDT,1h,2021-10,True,VETUSDT/1h/VETUSDT-1h-2021-10.zip,35595
VETUSDT,1h,2021-11,True,VETUSDT/1h/VETUSDT-1h-2021-11.zip,34990
VETUSDT,1h,2021-12,True,VETUSDT/1h/VETUSDT-1h-2021-12.zip,35422
VETUSDT,1h,2022-01,True,VETUSDT/1h/VETUSDT-1h-2022-01.zip,35249
VETUSDT,1h,2022-02,True,VETUSDT/1h/VETUSDT-1h-2022-02.zip,28461
VETUSDT,1h,2022-03,False,VETUSDT/1h/VETUSDT-1h-2022-03.zip,34932
VETUSDT,1h,2022-04,True,VETUSDT/1h/VETUSDT-1h-2022-04.zip,31749
VETUSDT,1h,2022-05,False,VETUSDT/1h/VETUSDT-1h-2022-05.zip,34879
VETUSDT,1h,2022-06,True,VETUSDT/1h/VETUSDT-1h-2022-06.zip,33174
WAVESUSDT,1h,2020-09,False,WAVESUSDT/1h/WAVESUSDT-1h-2020-09.zip,32449
WAVESUSDT,1h,2020-10,True,WAVESUSDT/1h/WAVESUSDT-1h-2020-10.zip,33365
WAVESUSDT,1h,2020-11,True,WAVESUSDT/1h/WAVESUSDT-1h-2020-11.zip,33352
WAVESUSDT,1h,2020-12,True,WAVESUSDT/1h/WAVESUSDT-1h-2020-12.zip,34374
WAVESUSDT,1h,2021-01,True,WAVESUSDT/1h/WAVESUSDT-1h-2021-01.zip,34321
WAVESUSDT,1h,2021-02,True,WAVESUSDT/1h/WAVESUSDT-1h-2021-02.zip,31588
WAVESUSDT,1h,2021-04,False,WAVESUSDT/1h/WAVESUSDT-1h-2021-04.zip,34438
WAVESUSDT,1h,2021-05,False,WAVESUSDT/1h/WAVESUSDT-1h-2021-05.zip,35390
WAVESUSDT,1h,2021-06,True,WAVESUSDT/1h/WAVESUSDT-1h-2021-06.zip,32713
WAVESUSDT,1h,2021-07,True,WAVESUSDT/1h/WAVESUSDT-1h-2021-07.zip,32903
WAVESUSDT,1h,2022-02,False,WAVESUSDT/1h/WAVESUSDT-1h-2022-02.zip,27177
WAVESUSDT,1h,2022-03,False,WAVESUSDT/1h/WAVESUSDT-1h-2022-03.zip,35723
WAVESUSDT,1h,2022-04,True,WAVESUSDT/1h/WAVESUSDT-1h-2022-04.zip,32275
WAVESUSDT,1h,2022-05,False,WAVESUSDT/1h/WAVESUSDT-1h-2022-05.zip,35012
WAVESUSDT,1h,2022-06,True,WAVESUSDT/1h/WAVESUSDT-1h-2022-06.zip,34119
WAVESUSDT,1h,2022-07,True,WAVESUSDT/1h/WAVESUSDT-1h-2022-07.zip,33646
WAVESUSDT,1h,2022-08,True,WAVESUSDT/1h/WAVESUSDT-1h-2022-08.zip,33267
WAVESUSDT,1h,2022-09,True,WAVESUSDT/1h/WAVESUSDT-1h-2022-09.zip,31367
WAVESUSDT,1h,2022-10,True,WAVESUSDT/1h/WAVESUSDT-1h-2022-10.zip,31802
WAVESUSDT,1h,2022-11,True,WAVESUSDT/1h/WAVESUSDT-1h-2022-11.zip,31353
WAVESUSDT,1h,2022-12,True,WAVESUSDT/1h/WAVESUSDT-1h-2022-12.zip,33730
WAVESUSDT,1h,2023-01,True,WAVESUSDT/1h/WAVESUSDT-1h-2023-01.zip,34859
WAVESUSDT,1h,2023-02,True,WAVESUSDT/1h/WAVESUSDT-1h-2023-02.zip,31436
WAVESUSDT,1h,2023-05,False,WAVESUSDT/1h/WAVESUSDT-1h-2023-05.zip,33804
WAVESUSDT,1h,2023-06,False,WAVESUSDT/1h/WAVESUSDT-1h-2023-06.zip,33335
WAVESUSDT,1h,2023-07,True,WAVESUSDT/1h/WAVESUSDT-1h-2023-07.zip,34994
WAVESUSDT,1h,2023-08,True,WAVESUSDT/1h/WAVESUSDT-1h-2023-08.zip,33617
WIFUSDT,1h,2024-02,False,WIFUSDT/1h/WIFUSDT-1h-2024-02.zip,34924
WLDUSDT,1h,2023-08,False,WLDUSDT/1h/WLDUSDT-1h-2023-08.zip,34559
WLDUSDT,1h,2023-09,True,WLDUSDT/1h/WLDUSDT-1h-2023-09.zip,34433
WLDUSDT,1h,2023-10,True,WLDUSDT/1h/WLDUSDT-1h-2023-10.zip,34722
WLDUSDT,1h,2023-11,True,WLDUSDT/1h/WLDUSDT-1h-2023-11.zip,33788
WLDUSDT,1h,2023-12,True,WLDUSDT/1h/WLDUSDT-1h-2023-12.zip,34946
WLDUSDT,1h,2024-01,True,WLDUSDT/1h/WLDUSDT-1h-2024-01.zip,34329
WLDUSDT,1h,2024-02,False,WLDUSDT/1h/WLDUSDT-1h-2024-02.zip,33361
WOOUSDT,1h,2023-03,False,WOOUSDT/1h/WOOUSDT-1h-2023-03.zip,33784
WOOUSDT,1h,2023-04,False,WOOUSDT/1h/WOOUSDT-1h-2023-04.zip,33491
WOOUSDT,1h,2023-05,True,WOOUSDT/1h/WOOUSDT-1h-2023-05.zip,34216
XAIUSDT,1h,2024-02,False,XAIUSDT/1h/XAIUSDT-1h-2024-02.zip,32754
XEMUSDT,1h,2021-06,False,XEMUSDT/1h/XEMUSDT-1h-2021-06.zip,29480
XEMUSDT,1h,2021-07,False,XEMUSDT/1h/XEMUSDT-1h-2021-07.zip,30696
XEMUSDT,1h,2021-08,True,XEMUSDT/1h/XEMUSDT-1h-2021-08.zip,30797
XLMUSDT,1h,2020-03,True,XLMUSDT/1h/XLMUSDT-1h-2020-03.zip,31538
XLMUSDT,1h,2020-04,True,XLMUSDT/1h/XLMUSDT-1h-2020-04.zip,30754
XLMUSDT,1h,2020-05,True,XLMUSDT/1h/XLMUSDT-1h-2020-05.zip,32121
XLMUSDT,1h,2020-06,True,XLMUSDT/1h/XLMUSDT-1h-2020-06.zip,31008
XLMUSDT,1h,2020-07,True,XLMUSDT/1h/XLMUSDT-1h-2020-07.zip,33483
XLMUSDT,1h,2020-08,True,XLMUSDT/1h/XLMUSDT-1h-2020-08.zip,33032
XLMUSDT,1h,2020-09,True,XLMUSDT/1h/XLMUSDT-1h-2020-09.zip,31333
XLMUSDT,1h,2020-10,True,XLMUSDT/1h/XLMUSDT-1h-2020-10.zip,32206
XLMUSDT,1h,2020-11,True,XLMUSDT/1h/XLMUSDT-1h-2020-11.zip,32662
XLMUSDT,1h,2020-12,True,XLMUSDT/1h/XLMUSDT-1h-2020-12.zip,34784
XLMUSDT,1h,2021-01,True,XLMUSDT/1h/XLMUSDT-1h-2021-01.zip,35787
XLMUSDT,1h,2021-02,True,XLMUSDT/1h/XLMUSDT-1h-2021-02.zip,32756
XLMUSDT,1h,2021-03,True,XLMUSDT/1h/XLMUSDT-1h-2021-03.zip,34886
XLMUSDT,1h,2021-04,True,XLMUSDT/1h/XLMUSDT-1h-2021-04.zip,35120
XLMUSDT,1h,2021-05,True,XLMUSDT/1h/XLMUSDT-1h-2021-05.zip,36682
XLMUSDT,1h,2021-06,True,XLMUSDT/1h/XLMUSDT-1h-2021-06.zip,34203
XLMUSDT,1h,2021-07,True,XLMUSDT/1h/XLMUSDT-1h-2021-07.zip,34743
XLMUSDT,1h,2021-08,True,XLMUSDT/1h/XLMUSDT-1h-2021-08.zip,35326
XLMUSDT,1h,2021-09,True,XLMUSDT/1h/XLMUSDT-1h-2021-09.zip,33901
XLMUSDT,1h,2021-10,True,XLMUSDT/1h/XLMUSDT-1h-2021-10.zip,35325
XLMUSDT,1h,2021-11,True,XLMUSDT/1h/XLMUSDT-1h-2021-11.zip,33818
XLMUSDT,1h,2021-12,False,XLMUSDT/1h/XLMUSDT-1h-2021-12.zip,34987
XLMUSDT,1h,2022-01,True,XLMUSDT/1h/XLMUSDT-1h-2022-01.zip,34752
XLMUSDT,1h,2022-02,True,XLMUSDT/1h/XLMUSDT-1h-2022-02.zip,28059
XLMUSDT,1h,2022-08,False,XLMUSDT/1h/XLMUSDT-1h-2022-08.zip,33093
XLMUSDT,1h,2022-09,False,XLMUSDT/1h/XLMUSDT-1h-2022-09.zip,32620
XLMUSDT,1h,2022-10,True,XLMUSDT/1h/XLMUSDT-1h-2022-10.zip,33571
XLMUSDT,1h,2022-11,True,XLMUSDT/1h/XLMUSDT-1h-2022-11.zip,32317
XLMUSDT,1h,2023-06,False,XLMUSDT/1h/XLMUSDT-1h-2023-06.zip,32143
XLMUSDT,1h,2023-07,False,XLMUSDT/1h/XLMUSDT-1h-2023-07.zip,35061
XLMUSDT,1h,2023-08,True,XLMUSDT/1h/XLMUSDT-1h-2023-08.zip,34248
XLMUSDT,1h,2023-09,True,XLMUSDT/1h/XLMUSDT-1h-2023-09.zip,32636
XLMUSDT,1h,2023-10,True,XLMUSDT/1h/XLMUSDT-1h-2023-10.zip,33082
XMRUSDT,1h,2020-03,False,XMRUSDT/1h/XMRUSDT-1h-2020-03.zip,31982
XMRUSDT,1h,2020-04,True,XMRUSDT/1h/XMRUSDT-1h-2020-04.zip,30411
XMRUSDT,1h,2020-05,True,XMRUSDT/1h/XMRUSDT-1h-2020-05.zip,31253
XMRUSDT,1h,2020-06,True,XMRUSDT/1h/XMRUSDT-1h-2020-06.zip,29747
XMRUSDT,1h,2020-07,True,XMRUSDT/1h/XMRUSDT-1h-2020-07.zip,31716
XMRUSDT,1h,2020-08,True,XMRUSDT/1h/XMRUSDT-1h-2020-08.zip,32281
XMRUSDT,1h,2020-09,True,XMRUSDT/1h/XMRUSDT-1h-2020-09.zip,31445
XMRUSDT,1h,2020-10,True,XMRUSDT/1h/XMRUSDT-1h-2020-10.zip,33701
XMRUSDT,1h,2020-11,True,XMRUSDT/1h/XMRUSDT-1h-2020-11.zip,32289
XMRUSDT,1h,2020-12,True,XMRUSDT/1h/XMRUSDT-1h-2020-12.zip,33503
XMRUSDT,1h,2021-01,True,XMRUSDT/1h/XMRUSDT-1h-2021-01.zip,34237
XMRUSDT,1h,2021-02,True,XMRUSDT/1h/XMRUSDT-1h-2021-02.zip,31471
XMRUSDT,1h,2021-03,True,XMRUSDT/1h/XMRUSDT-1h-2021-03.zip,33802
XMRUSDT,1h,2021-04,False,XMRUSDT/1h/XMRUSDT-1h-2021-04.zip,33956
XMRUSDT,1h,2021-05,True,XMRUSDT/1h/XMRUSDT-1h-2021-05.zip,35621
XMRUSDT,1h,2021-06,True,XMRUSDT/1h/XMRUSDT-1h-2021-06.zip,33742
XMRUSDT,1h,2021-07,True,XMRUSDT/1h/XMRUSDT-1h-2021-07.zip,34021
XMRUSDT,1h,2022-01,False,XMRUSDT/1h/XMRUSDT-1h-2022-01.zip,34754
XMRUSDT,1h,2022-02,False,XMRUSDT/1h/XMRUSDT-1h-2022-02.zip,30951
XMRUSDT,1h,2022-03,True,XMRUSDT/1h/XMRUSDT-1h-2022-03.zip,34702
XMRUSDT,1h,2022-04,False,XMRUSDT/1h/XMRUSDT-1h-2022-04.zip,34059
XMRUSDT,1h,2022-05,True,XMRUSDT/1h/XMRUSDT-1h-2022-05.zip,35523
XMRUSDT,1h,2022-06,True,XMRUSDT/1h/XMRUSDT-1h-2022-06.zip,33750
XMRUSDT,1h,2022-11,False,XMRUSDT/1h/XMRUSDT-1h-2022-11.zip,32702
XMRUSDT,1h,2022-12,False,XMRUSDT/1h/XMRUSDT-1h-2022-12.zip,33188
XMRUSDT,1h,2023-01,True,XMRUSDT/1h/XMRUSDT-1h-2023-01.zip,34007
XRPUSDT,1h,2020-03,True,XRPUSDT/1h/XRPUSDT-1h-2020-03.zip,32931
XRPUSDT,1h,2020-04,True,XRPUSDT/1h/XRPUSDT-1h-2020-04.zip,31116
XRPUSDT,1h,2020-05,True,XRPUSDT/1h/XRPUSDT-1h-2020-05.zip,32246
XRPUSDT,1h,2020-06,True,XRPUSDT/1h/XRPUSDT-1h-2020-06.zip,30786
XRPUSDT,1h,2020-07,True,XRPUSDT/1h/XRPUSDT-1h-2020-07.zip,32877
XRPUSDT,1h,2020-08,True,XRPUSDT/1h/XRPUSDT-1h-2020-08.zip,34015
XRPUSDT,1h,2020-09,True,XRPUSDT/1h/XRPUSDT-1h-2020-09.zip,32139
XRPUSDT,1h,2020-10,True,XRPUSDT/1h/XRPUSDT-1h-2020-10.zip,32931
XRPUSDT,1h,2020-11,True,XRPUSDT/1h/XRPUSDT-1h-2020-11.zip,34146
XRPUSDT,1h,2020-12,True,XRPUSDT/1h/XRPUSDT-1h-2020-12.zip,36930
XRPUSDT,1h,2021-01,True,XRPUSDT/1h/XRPUSDT-1h-2021-01.zip,35884
XRPUSDT,1h,2021-02,True,XRPUSDT/1h/XRPUSDT-1h-2021-02.zip,33419
XRPUSDT,1h,2021-03,True,XRPUSDT/1h/XRPUSDT-1h-2021-03.zip,35588
XRPUSDT,1h,2021-04,True,XRPUSDT/1h/XRPUSDT-1h-2021-04.zip,37249
XRPUSDT,1h,2021-05,True,XRPUSDT/1h/XRPUSDT-1h-2021-05.zip,37971
XRPUSDT,1h,2021-06,True,XRPUSDT/1h/XRPUSDT-1h-2021-06.zip,35763
XRPUSDT,1h,2021-07,True,XRPUSDT/1h/XRPUSDT-1h-2021-07.zip,36108
XRPUSDT,1h,2021-08,True,XRPUSDT/1h/XRPUSDT-1h-2021-08.zip,37167
XRPUSDT,1h,2021-09,True,XRPUSDT/1h/XRPUSDT-1h-2021-09.zip,35598
XRPUSDT,1h,2021-10,True,XRPUSDT/1h/XRPUSDT-1h-2021-10.zip,36174
XRPUSDT,1h,2021-11,True,XRPUSDT/1h/XRPUSDT-1h-2021-11.zip,35169
XRPUSDT,1h,2021-12,True,XRPUSDT/1h/XRPUSDT-1h-2021-12.zip,36176
XRPUSDT,1h,2022-01,True,XRPUSDT/1h/XRPUSDT-1h-2022-01.zip,35658
XRPUSDT,1h,2022-02,True,XRPUSDT/1h/XRPUSDT-1h-2022-02.zip,29704
XRPUSDT,1h,2022-03,False,XRPUSDT/1h/XRPUSDT-1h-2022-03.zip,35753
XRPUSDT,1h,2022-04,True,XRPUSDT/1h/XRPUSDT-1h-2022-04.zip,32336
XRPUSDT,1h,2022-05,False,XRPUSDT/1h/XRPUSDT-1h-2022-05.zip,35799
XRPUSDT,1h,2022-06,True,XRPUSDT/1h/XRPUSDT-1h-2022-06.zip,34131
XRPUSDT,1h,2022-07,True,XRPUSDT/1h/XRPUSDT-1h-2022-07.zip,35007
XRPUSDT,1h,2022-08,True,XRPUSDT/1h/XRPUSDT-1h-2022-08.zip,34481
XRPUSDT,1h,2022-09,True,XRPUSDT/1h/XRPUSDT-1h-2022-09.zip,34834
XRPUSDT,1h,2022-10,True,XRPUSDT/1h/XRPUSDT-1h-2022-10.zip,36106
XRPUSDT,1h,2022-11,True,XRPUSDT/1h/XRPUSDT-1h-2022-11.zip,34794
XRPUSDT,1h,2022-12,True,XRPUSDT/1h/XRPUSDT-1h-2022-12.zip,34754
XRPUSDT,1h,2023-01,True,XRPUSDT/1h/XRPUSDT-1h-2023-01.zip,35367
XRPUSDT,1h,2023-02,True,XRPUSDT/1h/XRPUSDT-1h-2023-02.zip,31483
XRPUSDT,1h,2023-03,True,XRPUSDT/1h/XRPUSDT-1h-2023-03.zip,36192
XRPUSDT,1h,2023-04,True,XRPUSDT/1h/XRPUSDT-1h-2023-04.zip,34300
XRPUSDT,1h,2023-05,True,XRPUSDT/1h/XRPUSDT-1h-2023-05.zip,35144
XRPUSDT,1h,2023-06,True,XRPUSDT/1h/XRPUSDT-1h-2023-06.zip,34536
XRPUSDT,1h,2023-07,True,XRPUSDT/1h/XRPUSDT-1h-2023-07.zip,36026
XRPUSDT,1h,2023-08,True,XRPUSDT/1h/XRPUSDT-1h-2023-08.zip,35706
XRPUSDT,1h,2023-09,True,XRPUSDT/1h/XRPUSDT-1h-2023-09.zip,33521
XRPUSDT,1h,2023-10,True,XRPUSDT/1h/XRPUSDT-1h-2023-10.zip,34919
XRPUSDT,1h,2023-11,True,XRPUSDT/1h/XRPUSDT-1h-2023-11.zip,34561
XRPUSDT,1h,2023-12,True,XRPUSDT/1h/XRPUSDT-1h-2023-12.zip,35257
XRPUSDT,1h,2024-01,True,XRPUSDT/1h/XRPUSDT-1h-2024-01.zip,35268
XRPUSDT,1h,2024-02,True,XRPUSDT/1h/XRPUSDT-1h-2024-02.zip,33060
XTZUSDT,1h,2020-03,False,XTZUSDT/1h/XTZUSDT-1h-2020-03.zip,31518
XTZUSDT,1h,2020-04,True,XTZUSDT/1h/XTZUSDT-1h-2020-04.zip,30285
XTZUSDT,1h,2020-05,True,XTZUSDT/1h/XTZUSDT-1h-2020-05.zip,30769
XTZUSDT,1h,2020-06,True,XTZUSDT/1h/XTZUSDT-1h-2020-06.zip,29461
XTZUSDT,1h,2020-07,True,XTZUSDT/1h/XTZUSDT-1h-2020-07.zip,31525
XTZUSDT,1h,2020-08,True,XTZUSDT/1h/XTZUSDT-1h-2020-08.zip,32473
XTZUSDT,1h,2020-09,True,XTZUSDT/1h/XTZUSDT-1h-2020-09.zip,30184
XTZUSDT,1h,2020-10,True,XTZUSDT/1h/XTZUSDT-1h-2020-10.zip,30156
XTZUSDT,1h,2020-11,True,XTZUSDT/1h/XTZUSDT-1h-2020-11.zip,30090
XTZUSDT,1h,2020-12,True,XTZUSDT/1h/XTZUSDT-1h-2020-12.zip,30574
XTZUSDT,1h,2021-01,True,XTZUSDT/1h/XTZUSDT-1h-2021-01.zip,32177
XTZUSDT,1h,2021-02,True,XTZUSDT/1h/XTZUSDT-1h-2021-02.zip,29863
XTZUSDT,1h,2021-03,True,XTZUSDT/1h/XTZUSDT-1h-2021-03.zip,32029
XTZUSDT,1h,2021-04,True,XTZUSDT/1h/XTZUSDT-1h-2021-04.zip,31991
XTZUSDT,1h,2021-05,True,XTZUSDT/1h/XTZUSDT-1h-2021-05.zip,33235
XTZUSDT,1h,2021-06,True,XTZUSDT/1h/XTZUSDT-1h-2021-06.zip,30985
XTZUSDT,1h,2021-07,True,XTZUSDT/1h/XTZUSDT-1h-2021-07.zip,31381
XTZUSDT,1h,2021-08,False,XTZUSDT/1h/XTZUSDT-1h-2021-08.zip,32656
XTZUSDT,1h,2021-09,True,XTZUSDT/1h/XTZUSDT-1h-2021-09.zip,32975
XTZUSDT,1h,2021-10,True,XTZUSDT/1h/XTZUSDT-1h-2021-10.zip,33431
XTZUSDT,1h,2021-11,True,XTZUSDT/1h/XTZUSDT-1h-2021-11.zip,31532
XTZUSDT,1h,2021-12,False,XTZUSDT/1h/XTZUSDT-1h-2021-12.zip,33070
XTZUSDT,1h,2022-01,True,XTZUSDT/1h/XTZUSDT-1h-2022-01.zip,32902
XTZUSDT,1h,2022-02,True,XTZUSDT/1h/XTZUSDT-1h-2022-02.zip,29852
XTZUSDT,1h,2022-03,True,XTZUSDT/1h/XTZUSDT-1h-2022-03.zip,31903
XTZUSDT,1h,2022-04,False,XTZUSDT/1h/XTZUSDT-1h-2022-04.zip,30839
XTZUSDT,1h,2022-05,True,XTZUSDT/1h/XTZUSDT-1h-2022-05.zip,32212
XTZUSDT,1h,2022-06,False,XTZUSDT/1h/XTZUSDT-1h-2022-06.zip,31061
XTZUSDT,1h,2022-07,True,XTZUSDT/1h/XTZUSDT-1h-2022-07.zip,31370
YFIIUSDT,1h,2020-10,False,YFIIUSDT/1h/YFIIUSDT-1h-2020-10.zip,33682
YFIIUSDT,1h,2020-11,True,YFIIUSDT/1h/YFIIUSDT-1h-2020-11.zip,32613
YFIIUSDT,1h,2020-12,True,YFIIUSDT/1h/YFIIUSDT-1h-2020-12.zip,32414
YFIIUSDT,1h,2021-01,True,YFIIUSDT/1h/YFIIUSDT-1h-2021-01.zip,32758
YFIIUSDT,1h,2021-02,True,YFIIUSDT/1h/YFIIUSDT-1h-2021-02.zip,30190
YFIUSDT,1h,2020-09,False,YFIUSDT/1h/YFIUSDT-1h-2020-09.zip,33639
YFIUSDT,1h,2020-10,True,YFIUSDT/1h/YFIUSDT-1h-2020-10.zip,34770
YFIUSDT,1h,2020-11,True,YFIUSDT/1h/YFIUSDT-1h-2020-11.zip,34389
YFIUSDT,1h,2020-12,True,YFIUSDT/1h/YFIUSDT-1h-2020-12.zip,34645
YFIUSDT,1h,2021-01,True,YFIUSDT/1h/YFIUSDT-1h-2021-01.zip,34989
YFIUSDT,1h,2021-02,True,YFIUSDT/1h/YFIUSDT-1h-2021-02.zip,31637
YFIUSDT,1h,2021-03,True,YFIUSDT/1h/YFIUSDT-1h-2021-03.zip,33995
YFIUSDT,1h,2021-04,True,YFIUSDT/1h/YFIUSDT-1h-2021-04.zip,33662
YFIUSDT,1h,2021-05,True,YFIUSDT/1h/YFIUSDT-1h-2021-05.zip,35474
YFIUSDT,1h,2021-06,True,YFIUSDT/1h/YFIUSDT-1h-2021-06.zip,31884
YFIUSDT,1h,2021-07,True,YFIUSDT/1h/YFIUSDT-1h-2021-07.zip,31863
YFIUSDT,1h,2021-11,False,YFIUSDT/1h/YFIUSDT-1h-2021-11.zip,30210
YFIUSDT,1h,2021-12,False,YFIUSDT/1h/YFIUSDT-1h-2021-12.zip,32726
YFIUSDT,1h,2022-01,True,YFIUSDT/1h/YFIUSDT-1h-2022-01.zip,32863
YFIUSDT,1h,2022-02,True,YFIUSDT/1h/YFIUSDT-1h-2022-02.zip,25642
YFIUSDT,1h,2022-06,False,YFIUSDT/1h/YFIUSDT-1h-2022-06.zip,30495
YFIUSDT,1h,2022-07,False,YFIUSDT/1h/YFIUSDT-1h-2022-07.zip,31364
YFIUSDT,1h,2022-08,True,YFIUSDT/1h/YFIUSDT-1h-2022-08.zip,31437
YFIUSDT,1h,2022-09,True,YFIUSDT/1h/YFIUSDT-1h-2022-09.zip,30056
YFIUSDT,1h,2022-10,True,YFIUSDT/1h/YFIUSDT-1h-2022-10.zip,29770
YFIUSDT,1h,2023-02,False,YFIUSDT/1h/YFIUSDT-1h-2023-02.zip,28068
YFIUSDT,1h,2023-03,False,YFIUSDT/1h/YFIUSDT-1h-2023-03.zip,31805
YFIUSDT,1h,2023-04,True,YFIUSDT/1h/YFIUSDT-1h-2023-04.zip,29283
YFIUSDT,1h,2023-10,False,YFIUSDT/1h/YFIUSDT-1h-2023-10.zip,28328
YFIUSDT,1h,2023-11,False,YFIUSDT/1h/YFIUSDT-1h-2023-11.zip,29978
YFIUSDT,1h,2023-12,True,YFIUSDT/1h/YFIUSDT-1h-2023-12.zip,29935
YGGUSDT,1h,2024-02,False,YGGUSDT/1h/YGGUSDT-1h-2024-02.zip,30280
ZECUSDT,1h,2020-03,False,ZECUSDT/1h/ZECUSDT-1h-2020-03.zip,31676
ZECUSDT,1h,2020-04,True,ZECUSDT/1h/ZECUSDT-1h-2020-04.zip,30763
ZECUSDT,1h,2020-05,True,ZECUSDT/1h/ZECUSDT-1h-2020-05.zip,31493
ZECUSDT,1h,2020-06,True,ZECUSDT/1h/ZECUSDT-1h-2020-06.zip,30513
ZECUSDT,1h,2020-07,True,ZECUSDT/1h/ZECUSDT-1h-2020-07.zip,32298
ZECUSDT,1h,2020-08,True,ZECUSDT/1h/ZECUSDT-1h-2020-08.zip,33434
ZECUSDT,1h,2020-09,True,ZECUSDT/1h/ZECUSDT-1h-2020-09.zip,31674
ZECUSDT,1h,2020-10,True,ZECUSDT/1h/ZECUSDT-1h-2020-10.zip,32640
ZECUSDT,1h,2020-11,True,ZECUSDT/1h/ZECUSDT-1h-2020-11.zip,32171
ZECUSDT,1h,2020-12,True,ZECUSDT/1h/ZECUSDT-1h-2020-12.zip,32775
ZECUSDT,1h,2021-01,True,ZECUSDT/1h/ZECUSDT-1h-2021-01.zip,34170
ZECUSDT,1h,2021-02,True,ZECUSDT/1h/ZECUSDT-1h-2021-02.zip,31555
ZECUSDT,1h,2021-03,True,ZECUSDT/1h/ZECUSDT-1h-2021-03.zip,34238
ZECUSDT,1h,2021-04,False,ZECUSDT/1h/ZECUSDT-1h-2021-04.zip,34229
ZECUSDT,1h,2021-05,True,ZECUSDT/1h/ZECUSDT-1h-2021-05.zip,35899
ZECUSDT,1h,2021-06,True,ZECUSDT/1h/ZECUSDT-1h-2021-06.zip,33433
ZECUSDT,1h,2021-07,True,ZECUSDT/1h/ZECUSDT-1h-2021-07.zip,33724
ZECUSDT,1h,2021-10,False,ZECUSDT/1h/ZECUSDT-1h-2021-10.zip,34580
ZECUSDT,1h,2021-11,False,ZECUSDT/1h/ZECUSDT-1h-2021-11.zip,34429
ZECUSDT,1h,2021-12,True,ZECUSDT/1h/ZECUSDT-1h-2021-12.zip,35080
ZECUSDT,1h,2022-01,True,ZECUSDT/1h/ZECUSDT-1h-2022-01.zip,34581
ZECUSDT,1h,2022-02,False,ZECUSDT/1h/ZECUSDT-1h-2022-02.zip,28233
ZECUSDT,1h,2022-03,False,ZECUSDT/1h/ZECUSDT-1h-2022-03.zip,35587
ZECUSDT,1h,2022-04,True,ZECUSDT/1h/ZECUSDT-1h-2022-04.zip,31918
ZECUSDT,1h,2022-05,False,ZECUSDT/1h/ZECUSDT-1h-2022-05.zip,35050
ZECUSDT,1h,2022-06,True,ZECUSDT/1h/ZECUSDT-1h-2022-06.zip,32944
ZECUSDT,1h,2022-07,False,ZECUSDT/1h/ZECUSDT-1h-2022-07.zip,33492
ZECUSDT,1h,2022-08,False,ZECUSDT/1h/ZECUSDT-1h-2022-08.zip,33948
ZECUSDT,1h,2022-09,True,ZECUSDT/1h/ZECUSDT-1h-2022-09.zip,32195
ZENUSDT,1h,2020-12,False,ZENUSDT/1h/ZENUSDT-1h-2020-12.zip,31064
ZENUSDT,1h,2021-01,False,ZENUSDT/1h/ZENUSDT-1h-2021-01.zip,32298
ZENUSDT,1h,2021-02,True,ZENUSDT/1h/ZENUSDT-1h-2021-02.zip,29526
ZILUSDT,1h,2020-07,False,ZILUSDT/1h/ZILUSDT-1h-2020-07.zip,31317
ZILUSDT,1h,2020-08,True,ZILUSDT/1h/ZILUSDT-1h-2020-08.zip,32165
ZILUSDT,1h,2020-09,True,ZILUSDT/1h/ZILUSDT-1h-2020-09.zip,30343
ZILUSDT,1h,2020-10,True,ZILUSDT/1h/ZILUSDT-1h-2020-10.zip,31173
ZILUSDT,1h,2020-11,True,ZILUSDT/1h/ZILUSDT-1h-2020-11.zip,31076
ZILUSDT,1h,2020-12,True,ZILUSDT/1h/ZILUSDT-1h-2020-12.zip,33951
ZILUSDT,1h,2021-01,True,ZILUSDT/1h/ZILUSDT-1h-2021-01.zip,33771
ZILUSDT,1h,2021-02,True,ZILUSDT/1h/ZILUSDT-1h-2021-02.zip,31203
ZILUSDT,1h,2021-03,False,ZILUSDT/1h/ZILUSDT-1h-2021-03.zip,34280
ZILUSDT,1h,2021-04,True,ZILUSDT/1h/ZILUSDT-1h-2021-04.zip,33599
ZILUSDT,1h,2022-02,False,ZILUSDT/1h/ZILUSDT-1h-2022-02.zip,26997
ZILUSDT,1h,2022-03,False,ZILUSDT/1h/ZILUSDT-1h-2022-03.zip,33856
ZILUSDT,1h,2022-04,True,ZILUSDT/1h/ZILUSDT-1h-2022-04.zip,33130
ZILUSDT,1h,2022-05,False,ZILUSDT/1h/ZILUSDT-1h-2022-05.zip,35805
ZILUSDT,1h,2022-06,True,ZILUSDT/1h/ZILUSDT-1h-2022-06.zip,33555
ZILUSDT,1h,2022-07,True,ZILUSDT/1h/ZILUSDT-1h-2022-07.zip,33527
ZILUSDT,1h,2022-12,False,ZILUSDT/1h/ZILUSDT-1h-2022-12.zip,31310
ZILUSDT,1h,2023-01,False,ZILUSDT/1h/ZILUSDT-1h-2023-01.zip,33151
ZILUSDT,1h,2023-02,True,ZILUSDT/1h/ZILUSDT-1h-2023-02.zip,30235
ZILUSDT,1h,2023-03,False,ZILUSDT/1h/ZILUSDT-1h-2023-03.zip,32802
ZILUSDT,1h,2023-04,False,ZILUSDT/1h/ZILUSDT-1h-2023-04.zip,32244
ZILUSDT,1h,2023-05,True,ZILUSDT/1h/ZILUSDT-1h-2023-05.zip,31814
ZRXUSDT,1h,2020-07,False,ZRXUSDT/1h/ZRXUSDT-1h-2020-07.zip,31926
ZRXUSDT,1h,2020-08,True,ZRXUSDT/1h/ZRXUSDT-1h-2020-08.zip,33382
ZRXUSDT,1h,2020-09,True,ZRXUSDT/1h/ZRXUSDT-1h-2020-09.zip,31358
ZRXUSDT,1h,2020-10,True,ZRXUSDT/1h/ZRXUSDT-1h-2020-10.zip,31175
ZRXUSDT,1h,2021-01,False,ZRXUSDT/1h/ZRXUSDT-1h-2021-01.zip,33357
ZRXUSDT,1h,2021-02,False,ZRXUSDT/1h/ZRXUSDT-1h-2021-02.zip,31404
ZRXUSDT,1h,2021-03,True,ZRXUSDT/1h/ZRXUSDT-1h-2021-03.zip,33839
ZRXUSDT,1h,2022-03,False,ZRXUSDT/1h/ZRXUSDT-1h-2022-03.zip,33125
ZRXUSDT,1h,2022-04,False,ZRXUSDT/1h/ZRXUSDT-1h-2022-04.zip,33658
ZRXUSDT,1h,2022-05,True,ZRXUSDT/1h/ZRXUSDT-1h-2022-05.zip,34658
ZRXUSDT,1h,2023-03,False,ZRXUSDT/1h/ZRXUSDT-1h-2023-03.zip,32765
ZRXUSDT,1h,2023-04,False,ZRXUSDT/1h/ZRXUSDT-1h-2023-04.zip,32405
ZRXUSDT,1h,2023-05,True,ZRXUSDT/1h/ZRXUSDT-1h-2023-05.zip,31423
ZRXUSDT,1h,2023-09,False,ZRXUSDT/1h/ZRXUSDT-1h-2023-09.zip,30336
ZRXUSDT,1h,2023-10,False,ZRXUSDT/1h/ZRXUSDT-1h-2023-10.zip,33335
ZRXUSDT,1h,2023-11,True,ZRXUSDT/1h/ZRXUSDT-1h-2023-11.zip,33512
ZRXUSDT,1h,2023-12,True,ZRXUSDT/1h/ZRXUSDT-1h-2023-12.zip,33049
ZRXUSDT,1h,2024-02,False,ZRXUSDT/1h/ZRXUSDT-1h-2024-02.zip,30473
