symbol,timeframe,universe_month,selected_top50,relative_path,size_bytes
1000BONKUSDT,4h,2023-12,False,1000BONKUSDT/4h/1000BONKUSDT-4h-2023-12.zip,10815
1000BONKUSDT,4h,2024-01,True,1000BONKUSDT/4h/1000BONKUSDT-4h-2024-01.zip,10472
1000BONKUSDT,4h,2024-02,True,1000BONKUSDT/4h/1000BONKUSDT-4h-2024-02.zip,9591
1000FLOKIUSDT,4h,2023-09,False,1000FLOKIUSDT/4h/1000FLOKIUSDT-4h-2023-09.zip,8616
1000FLOKIUSDT,4h,2023-10,False,1000FLOKIUSDT/4h/1000FLOKIUSDT-4h-2023-10.zip,9605
1000FLOKIUSDT,4h,2023-11,True,1000FLOKIUSDT/4h/1000FLOKIUSDT-4h-2023-11.zip,9278
1000FLOKIUSDT,4h,2024-02,False,1000FLOKIUSDT/4h/1000FLOKIUSDT-4h-2024-02.zip,8737
1000LUNCUSDT,4h,2022-10,False,1000LUNCUSDT/4h/1000LUNCUSDT-4h-2022-10.zip,9604
1000LUNCUSDT,4h,2022-11,True,1000LUNCUSDT/4h/1000LUNCUSDT-4h-2022-11.zip,9004
1000LUNCUSDT,4h,2022-12,True,1000LUNCUSDT/4h/1000LUNCUSDT-4h-2022-12.zip,9162
1000LUNCUSDT,4h,2023-01,True,1000LUNCUSDT/4h/1000LUNCUSDT-4h-2023-01.zip,9199
1000LUNCUSDT,4h,2023-02,True,1000LUNCUSDT/4h/1000LUNCUSDT-4h-2023-02.zip,8303
1000LUNCUSDT,4h,2023-03,True,1000LUNCUSDT/4h/1000LUNCUSDT-4h-2023-03.zip,9076
1000LUNCUSDT,4h,2023-05,False,1000LUNCUSDT/4h/1000LUNCUSDT-4h-2023-05.zip,8911
1000LUNCUSDT,4h,2023-06,False,1000LUNCUSDT/4h/1000LUNCUSDT-4h-2023-06.zip,9421
1000LUNCUSDT,4h,2023-07,True,1000LUNCUSDT/4h/1000LUNCUSDT-4h-2023-07.zip,9499
1000LUNCUSDT,4h,2023-10,False,1000LUNCUSDT/4h/1000LUNCUSDT-4h-2023-10.zip,9264
1000LUNCUSDT,4h,2023-11,False,1000LUNCUSDT/4h/1000LUNCUSDT-4h-2023-11.zip,9426
1000LUNCUSDT,4h,2023-12,True,1000LUNCUSDT/4h/1000LUNCUSDT-4h-2023-12.zip,10214
1000LUNCUSDT,4h,2024-01,True,1000LUNCUSDT/4h/1000LUNCUSDT-4h-2024-01.zip,9802
1000PEPEUSDT,4h,2023-06,False,1000PEPEUSDT/4h/1000PEPEUSDT-4h-2023-06.zip,10732
1000PEPEUSDT,4h,2023-07,True,1000PEPEUSDT/4h/1000PEPEUSDT-4h-2023-07.zip,10859
1000PEPEUSDT,4h,2023-08,True,1000PEPEUSDT/4h/1000PEPEUSDT-4h-2023-08.zip,10820
1000PEPEUSDT,4h,2023-09,True,1000PEPEUSDT/4h/1000PEPEUSDT-4h-2023-09.zip,10264
1000PEPEUSDT,4h,2023-10,True,1000PEPEUSDT/4h/1000PEPEUSDT-4h-2023-10.zip,10706
1000PEPEUSDT,4h,2023-11,True,1000PEPEUSDT/4h/1000PEPEUSDT-4h-2023-11.zip,10364
1000PEPEUSDT,4h,2023-12,True,1000PEPEUSDT/4h/1000PEPEUSDT-4h-2023-12.zip,10782
1000PEPEUSDT,4h,2024-01,True,1000PEPEUSDT/4h/1000PEPEUSDT-4h-2024-01.zip,10626
1000PEPEUSDT,4h,2024-02,True,1000PEPEUSDT/4h/1000PEPEUSDT-4h-2024-02.zip,10064
1000SATSUSDT,4h,2024-01,False,1000SATSUSDT/4h/1000SATSUSDT-4h-2024-01.zip,10731
1000SATSUSDT,4h,2024-02,True,1000SATSUSDT/4h/1000SATSUSDT-4h-2024-02.zip,9973
1000SHIBUSDT,4h,2021-06,False,1000SHIBUSDT/4h/1000SHIBUSDT-4h-2021-06.zip,9938
1000SHIBUSDT,4h,2021-07,True,1000SHIBUSDT/4h/1000SHIBUSDT-4h-2021-07.zip,9951
1000SHIBUSDT,4h,2021-08,True,1000SHIBUSDT/4h/1000SHIBUSDT-4h-2021-08.zip,10036
1000SHIBUSDT,4h,2021-09,True,1000SHIBUSDT/4h/1000SHIBUSDT-4h-2021-09.zip,9655
1000SHIBUSDT,4h,2021-10,True,1000SHIBUSDT/4h/1000SHIBUSDT-4h-2021-10.zip,10826
1000SHIBUSDT,4h,2021-11,True,1000SHIBUSDT/4h/1000SHIBUSDT-4h-2021-11.zip,10490
1000SHIBUSDT,4h,2021-12,True,1000SHIBUSDT/4h/1000SHIBUSDT-4h-2021-12.zip,10551
1000SHIBUSDT,4h,2022-01,True,1000SHIBUSDT/4h/1000SHIBUSDT-4h-2022-01.zip,10479
1000SHIBUSDT,4h,2022-02,True,1000SHIBUSDT/4h/1000SHIBUSDT-4h-2022-02.zip,9685
1000SHIBUSDT,4h,2022-03,True,1000SHIBUSDT/4h/1000SHIBUSDT-4h-2022-03.zip,10404
1000SHIBUSDT,4h,2022-04,True,1000SHIBUSDT/4h/1000SHIBUSDT-4h-2022-04.zip,10036
1000SHIBUSDT,4h,2022-05,True,1000SHIBUSDT/4h/1000SHIBUSDT-4h-2022-05.zip,10365
1000SHIBUSDT,4h,2022-06,True,1000SHIBUSDT/4h/1000SHIBUSDT-4h-2022-06.zip,10001
1000SHIBUSDT,4h,2022-07,True,1000SHIBUSDT/4h/1000SHIBUSDT-4h-2022-07.zip,10235
1000SHIBUSDT,4h,2022-08,True,1000SHIBUSDT/4h/1000SHIBUSDT-4h-2022-08.zip,10284
1000SHIBUSDT,4h,2022-09,True,1000SHIBUSDT/4h/1000SHIBUSDT-4h-2022-09.zip,9891
1000SHIBUSDT,4h,2022-10,True,1000SHIBUSDT/4h/1000SHIBUSDT-4h-2022-10.zip,10092
1000SHIBUSDT,4h,2022-11,True,1000SHIBUSDT/4h/1000SHIBUSDT-4h-2022-11.zip,9847
1000SHIBUSDT,4h,2022-12,True,1000SHIBUSDT/4h/1000SHIBUSDT-4h-2022-12.zip,9812
1000SHIBUSDT,4h,2023-01,True,1000SHIBUSDT/4h/1000SHIBUSDT-4h-2023-01.zip,10180
1000SHIBUSDT,4h,2023-02,True,1000SHIBUSDT/4h/1000SHIBUSDT-4h-2023-02.zip,9366
1000SHIBUSDT,4h,2023-03,True,1000SHIBUSDT/4h/1000SHIBUSDT-4h-2023-03.zip,10122
1000SHIBUSDT,4h,2023-04,True,1000SHIBUSDT/4h/1000SHIBUSDT-4h-2023-04.zip,9667
1000SHIBUSDT,4h,2023-05,True,1000SHIBUSDT/4h/1000SHIBUSDT-4h-2023-05.zip,9813
1000SHIBUSDT,4h,2023-06,True,1000SHIBUSDT/4h/1000SHIBUSDT-4h-2023-06.zip,9681
1000SHIBUSDT,4h,2023-07,True,1000SHIBUSDT/4h/1000SHIBUSDT-4h-2023-07.zip,9935
1000SHIBUSDT,4h,2023-08,True,1000SHIBUSDT/4h/1000SHIBUSDT-4h-2023-08.zip,10313
1000SHIBUSDT,4h,2023-09,True,1000SHIBUSDT/4h/1000SHIBUSDT-4h-2023-09.zip,9459
1000SHIBUSDT,4h,2023-10,True,1000SHIBUSDT/4h/1000SHIBUSDT-4h-2023-10.zip,9859
1000SHIBUSDT,4h,2023-11,True,1000SHIBUSDT/4h/1000SHIBUSDT-4h-2023-11.zip,9704
1000SHIBUSDT,4h,2023-12,True,1000SHIBUSDT/4h/1000SHIBUSDT-4h-2023-12.zip,10126
1000SHIBUSDT,4h,2024-01,True,1000SHIBUSDT/4h/1000SHIBUSDT-4h-2024-01.zip,9936
1000SHIBUSDT,4h,2024-02,False,1000SHIBUSDT/4h/1000SHIBUSDT-4h-2024-02.zip,9248
1000XECUSDT,4h,2023-06,False,1000XECUSDT/4h/1000XECUSDT-4h-2023-06.zip,8498
1000XECUSDT,4h,2023-07,False,1000XECUSDT/4h/1000XECUSDT-4h-2023-07.zip,9374
1000XECUSDT,4h,2023-08,True,1000XECUSDT/4h/1000XECUSDT-4h-2023-08.zip,8832
1INCHUSDT,4h,2021-01,False,1INCHUSDT/4h/1INCHUSDT-4h-2021-01.zip,9093
1INCHUSDT,4h,2021-02,True,1INCHUSDT/4h/1INCHUSDT-4h-2021-02.zip,8349
1INCHUSDT,4h,2021-03,True,1INCHUSDT/4h/1INCHUSDT-4h-2021-03.zip,9035
1INCHUSDT,4h,2021-04,True,1INCHUSDT/4h/1INCHUSDT-4h-2021-04.zip,8888
1INCHUSDT,4h,2021-05,True,1INCHUSDT/4h/1INCHUSDT-4h-2021-05.zip,9240
1INCHUSDT,4h,2021-06,True,1INCHUSDT/4h/1INCHUSDT-4h-2021-06.zip,8831
1INCHUSDT,4h,2021-07,True,1INCHUSDT/4h/1INCHUSDT-4h-2021-07.zip,8958
1INCHUSDT,4h,2021-08,True,1INCHUSDT/4h/1INCHUSDT-4h-2021-08.zip,9051
1INCHUSDT,4h,2021-09,False,1INCHUSDT/4h/1INCHUSDT-4h-2021-09.zip,8809
1INCHUSDT,4h,2021-10,False,1INCHUSDT/4h/1INCHUSDT-4h-2021-10.zip,9144
1INCHUSDT,4h,2021-11,True,1INCHUSDT/4h/1INCHUSDT-4h-2021-11.zip,8767
1INCHUSDT,4h,2021-12,False,1INCHUSDT/4h/1INCHUSDT-4h-2021-12.zip,9054
1INCHUSDT,4h,2022-01,True,1INCHUSDT/4h/1INCHUSDT-4h-2022-01.zip,9079
1INCHUSDT,4h,2022-02,False,1INCHUSDT/4h/1INCHUSDT-4h-2022-02.zip,8121
1INCHUSDT,4h,2022-03,True,1INCHUSDT/4h/1INCHUSDT-4h-2022-03.zip,8970
1INCHUSDT,4h,2023-06,False,1INCHUSDT/4h/1INCHUSDT-4h-2023-06.zip,8361
1INCHUSDT,4h,2023-07,False,1INCHUSDT/4h/1INCHUSDT-4h-2023-07.zip,8818
1INCHUSDT,4h,2023-08,True,1INCHUSDT/4h/1INCHUSDT-4h-2023-08.zip,8486
AAVEUSDT,4h,2020-11,False,AAVEUSDT/4h/AAVEUSDT-4h-2020-11.zip,8931
AAVEUSDT,4h,2020-12,True,AAVEUSDT/4h/AAVEUSDT-4h-2020-12.zip,9045
AAVEUSDT,4h,2021-01,True,AAVEUSDT/4h/AAVEUSDT-4h-2021-01.zip,9427
AAVEUSDT,4h,2021-02,True,AAVEUSDT/4h/AAVEUSDT-4h-2021-02.zip,8769
AAVEUSDT,4h,2021-03,True,AAVEUSDT/4h/AAVEUSDT-4h-2021-03.zip,9452
AAVEUSDT,4h,2021-04,True,AAVEUSDT/4h/AAVEUSDT-4h-2021-04.zip,9322
AAVEUSDT,4h,2021-05,True,AAVEUSDT/4h/AAVEUSDT-4h-2021-05.zip,9546
AAVEUSDT,4h,2021-06,True,AAVEUSDT/4h/AAVEUSDT-4h-2021-06.zip,8785
AAVEUSDT,4h,2021-07,True,AAVEUSDT/4h/AAVEUSDT-4h-2021-07.zip,9198
AAVEUSDT,4h,2021-08,True,AAVEUSDT/4h/AAVEUSDT-4h-2021-08.zip,9082
AAVEUSDT,4h,2021-09,True,AAVEUSDT/4h/AAVEUSDT-4h-2021-09.zip,8775
AAVEUSDT,4h,2021-10,True,AAVEUSDT/4h/AAVEUSDT-4h-2021-10.zip,8924
AAVEUSDT,4h,2021-11,True,AAVEUSDT/4h/AAVEUSDT-4h-2021-11.zip,8622
AAVEUSDT,4h,2021-12,False,AAVEUSDT/4h/AAVEUSDT-4h-2021-12.zip,9024
AAVEUSDT,4h,2022-01,True,AAVEUSDT/4h/AAVEUSDT-4h-2022-01.zip,9125
AAVEUSDT,4h,2022-02,True,AAVEUSDT/4h/AAVEUSDT-4h-2022-02.zip,8092
AAVEUSDT,4h,2022-03,True,AAVEUSDT/4h/AAVEUSDT-4h-2022-03.zip,9015
AAVEUSDT,4h,2022-04,True,AAVEUSDT/4h/AAVEUSDT-4h-2022-04.zip,8873
AAVEUSDT,4h,2022-05,True,AAVEUSDT/4h/AAVEUSDT-4h-2022-05.zip,9070
AAVEUSDT,4h,2022-06,True,AAVEUSDT/4h/AAVEUSDT-4h-2022-06.zip,8715
AAVEUSDT,4h,2022-07,True,AAVEUSDT/4h/AAVEUSDT-4h-2022-07.zip,8976
AAVEUSDT,4h,2022-08,True,AAVEUSDT/4h/AAVEUSDT-4h-2022-08.zip,8902
AAVEUSDT,4h,2022-09,True,AAVEUSDT/4h/AAVEUSDT-4h-2022-09.zip,8377
AAVEUSDT,4h,2022-10,True,AAVEUSDT/4h/AAVEUSDT-4h-2022-10.zip,8611
AAVEUSDT,4h,2022-11,True,AAVEUSDT/4h/AAVEUSDT-4h-2022-11.zip,8462
AAVEUSDT,4h,2022-12,True,AAVEUSDT/4h/AAVEUSDT-4h-2022-12.zip,8397
AAVEUSDT,4h,2023-01,False,AAVEUSDT/4h/AAVEUSDT-4h-2023-01.zip,8725
AAVEUSDT,4h,2023-02,True,AAVEUSDT/4h/AAVEUSDT-4h-2023-02.zip,7846
AAVEUSDT,4h,2023-05,False,AAVEUSDT/4h/AAVEUSDT-4h-2023-05.zip,8375
AAVEUSDT,4h,2023-06,False,AAVEUSDT/4h/AAVEUSDT-4h-2023-06.zip,8318
AAVEUSDT,4h,2023-07,True,AAVEUSDT/4h/AAVEUSDT-4h-2023-07.zip,8759
AAVEUSDT,4h,2023-08,True,AAVEUSDT/4h/AAVEUSDT-4h-2023-08.zip,8480
AAVEUSDT,4h,2023-09,False,AAVEUSDT/4h/AAVEUSDT-4h-2023-09.zip,8131
AAVEUSDT,4h,2023-10,False,AAVEUSDT/4h/AAVEUSDT-4h-2023-10.zip,8586
AAVEUSDT,4h,2023-11,True,AAVEUSDT/4h/AAVEUSDT-4h-2023-11.zip,8457
ACHUSDT,4h,2023-03,False,ACHUSDT/4h/ACHUSDT-4h-2023-03.zip,9737
ACHUSDT,4h,2023-04,False,ACHUSDT/4h/ACHUSDT-4h-2023-04.zip,9370
ACHUSDT,4h,2023-05,True,ACHUSDT/4h/ACHUSDT-4h-2023-05.zip,9549
ADAUSDT,4h,2020-03,True,ADAUSDT/4h/ADAUSDT-4h-2020-03.zip,8864
ADAUSDT,4h,2020-04,True,ADAUSDT/4h/ADAUSDT-4h-2020-04.zip,8476
ADAUSDT,4h,2020-05,True,ADAUSDT/4h/ADAUSDT-4h-2020-05.zip,9044
ADAUSDT,4h,2020-06,True,ADAUSDT/4h/ADAUSDT-4h-2020-06.zip,8958
ADAUSDT,4h,2020-07,True,ADAUSDT/4h/ADAUSDT-4h-2020-07.zip,9527
ADAUSDT,4h,2020-08,True,ADAUSDT/4h/ADAUSDT-4h-2020-08.zip,9307
ADAUSDT,4h,2020-09,True,ADAUSDT/4h/ADAUSDT-4h-2020-09.zip,8988
ADAUSDT,4h,2020-10,True,ADAUSDT/4h/ADAUSDT-4h-2020-10.zip,9213
ADAUSDT,4h,2020-11,True,ADAUSDT/4h/ADAUSDT-4h-2020-11.zip,9138
ADAUSDT,4h,2020-12,True,ADAUSDT/4h/ADAUSDT-4h-2020-12.zip,9474
ADAUSDT,4h,2021-01,True,ADAUSDT/4h/ADAUSDT-4h-2021-01.zip,9856
ADAUSDT,4h,2021-02,True,ADAUSDT/4h/ADAUSDT-4h-2021-02.zip,9217
ADAUSDT,4h,2021-03,True,ADAUSDT/4h/ADAUSDT-4h-2021-03.zip,10068
ADAUSDT,4h,2021-04,True,ADAUSDT/4h/ADAUSDT-4h-2021-04.zip,9730
ADAUSDT,4h,2021-05,True,ADAUSDT/4h/ADAUSDT-4h-2021-05.zip,10092
ADAUSDT,4h,2021-06,True,ADAUSDT/4h/ADAUSDT-4h-2021-06.zip,9384
ADAUSDT,4h,2021-07,True,ADAUSDT/4h/ADAUSDT-4h-2021-07.zip,9447
ADAUSDT,4h,2021-08,True,ADAUSDT/4h/ADAUSDT-4h-2021-08.zip,9741
ADAUSDT,4h,2021-09,True,ADAUSDT/4h/ADAUSDT-4h-2021-09.zip,9421
ADAUSDT,4h,2021-10,True,ADAUSDT/4h/ADAUSDT-4h-2021-10.zip,9451
ADAUSDT,4h,2021-11,True,ADAUSDT/4h/ADAUSDT-4h-2021-11.zip,9266
ADAUSDT,4h,2021-12,True,ADAUSDT/4h/ADAUSDT-4h-2021-12.zip,9476
ADAUSDT,4h,2022-01,True,ADAUSDT/4h/ADAUSDT-4h-2022-01.zip,9744
ADAUSDT,4h,2022-02,True,ADAUSDT/4h/ADAUSDT-4h-2022-02.zip,8718
ADAUSDT,4h,2022-03,True,ADAUSDT/4h/ADAUSDT-4h-2022-03.zip,9578
ADAUSDT,4h,2022-04,True,ADAUSDT/4h/ADAUSDT-4h-2022-04.zip,9213
ADAUSDT,4h,2022-05,True,ADAUSDT/4h/ADAUSDT-4h-2022-05.zip,9641
ADAUSDT,4h,2022-06,True,ADAUSDT/4h/ADAUSDT-4h-2022-06.zip,9326
ADAUSDT,4h,2022-07,True,ADAUSDT/4h/ADAUSDT-4h-2022-07.zip,9437
ADAUSDT,4h,2022-08,True,ADAUSDT/4h/ADAUSDT-4h-2022-08.zip,9404
ADAUSDT,4h,2022-09,True,ADAUSDT/4h/ADAUSDT-4h-2022-09.zip,9116
ADAUSDT,4h,2022-10,True,ADAUSDT/4h/ADAUSDT-4h-2022-10.zip,9287
ADAUSDT,4h,2022-11,True,ADAUSDT/4h/ADAUSDT-4h-2022-11.zip,9054
ADAUSDT,4h,2022-12,True,ADAUSDT/4h/ADAUSDT-4h-2022-12.zip,9032
ADAUSDT,4h,2023-01,True,ADAUSDT/4h/ADAUSDT-4h-2023-01.zip,9343
ADAUSDT,4h,2023-02,True,ADAUSDT/4h/ADAUSDT-4h-2023-02.zip,8422
ADAUSDT,4h,2023-03,True,ADAUSDT/4h/ADAUSDT-4h-2023-03.zip,9375
ADAUSDT,4h,2023-04,True,ADAUSDT/4h/ADAUSDT-4h-2023-04.zip,8999
ADAUSDT,4h,2023-05,True,ADAUSDT/4h/ADAUSDT-4h-2023-05.zip,9085
ADAUSDT,4h,2023-06,True,ADAUSDT/4h/ADAUSDT-4h-2023-06.zip,9066
ADAUSDT,4h,2023-07,True,ADAUSDT/4h/ADAUSDT-4h-2023-07.zip,9163
ADAUSDT,4h,2023-08,True,ADAUSDT/4h/ADAUSDT-4h-2023-08.zip,9038
ADAUSDT,4h,2023-09,True,ADAUSDT/4h/ADAUSDT-4h-2023-09.zip,8541
ADAUSDT,4h,2023-10,True,ADAUSDT/4h/ADAUSDT-4h-2023-10.zip,9070
ADAUSDT,4h,2023-11,True,ADAUSDT/4h/ADAUSDT-4h-2023-11.zip,9003
ADAUSDT,4h,2023-12,True,ADAUSDT/4h/ADAUSDT-4h-2023-12.zip,9538
ADAUSDT,4h,2024-01,True,ADAUSDT/4h/ADAUSDT-4h-2024-01.zip,9382
ADAUSDT,4h,2024-02,True,ADAUSDT/4h/ADAUSDT-4h-2024-02.zip,8823
AGIXUSDT,4h,2023-03,False,AGIXUSDT/4h/AGIXUSDT-4h-2023-03.zip,9687
AGIXUSDT,4h,2023-04,True,AGIXUSDT/4h/AGIXUSDT-4h-2023-04.zip,8944
AGIXUSDT,4h,2023-05,False,AGIXUSDT/4h/AGIXUSDT-4h-2023-05.zip,9286
AGIXUSDT,4h,2023-06,True,AGIXUSDT/4h/AGIXUSDT-4h-2023-06.zip,8906
AGIXUSDT,4h,2024-01,False,AGIXUSDT/4h/AGIXUSDT-4h-2024-01.zip,8926
AGIXUSDT,4h,2024-02,False,AGIXUSDT/4h/AGIXUSDT-4h-2024-02.zip,8803
AGLDUSDT,4h,2023-09,False,AGLDUSDT/4h/AGLDUSDT-4h-2023-09.zip,8931
AGLDUSDT,4h,2023-10,False,AGLDUSDT/4h/AGLDUSDT-4h-2023-10.zip,9088
AGLDUSDT,4h,2023-11,True,AGLDUSDT/4h/AGLDUSDT-4h-2023-11.zip,8829
AIUSDT,4h,2024-02,False,AIUSDT/4h/AIUSDT-4h-2024-02.zip,9394
ALGOUSDT,4h,2020-07,False,ALGOUSDT/4h/ALGOUSDT-4h-2020-07.zip,9059
ALGOUSDT,4h,2020-08,True,ALGOUSDT/4h/ALGOUSDT-4h-2020-08.zip,9414
ALGOUSDT,4h,2020-09,True,ALGOUSDT/4h/ALGOUSDT-4h-2020-09.zip,8900
ALGOUSDT,4h,2020-10,True,ALGOUSDT/4h/ALGOUSDT-4h-2020-10.zip,8940
ALGOUSDT,4h,2020-11,True,ALGOUSDT/4h/ALGOUSDT-4h-2020-11.zip,8793
ALGOUSDT,4h,2020-12,True,ALGOUSDT/4h/ALGOUSDT-4h-2020-12.zip,9123
ALGOUSDT,4h,2021-01,True,ALGOUSDT/4h/ALGOUSDT-4h-2021-01.zip,9358
ALGOUSDT,4h,2021-02,True,ALGOUSDT/4h/ALGOUSDT-4h-2021-02.zip,8745
ALGOUSDT,4h,2021-03,True,ALGOUSDT/4h/ALGOUSDT-4h-2021-03.zip,9550
ALGOUSDT,4h,2021-04,True,ALGOUSDT/4h/ALGOUSDT-4h-2021-04.zip,9254
ALGOUSDT,4h,2021-08,False,ALGOUSDT/4h/ALGOUSDT-4h-2021-08.zip,9467
ALGOUSDT,4h,2021-09,False,ALGOUSDT/4h/ALGOUSDT-4h-2021-09.zip,9613
ALGOUSDT,4h,2021-10,True,ALGOUSDT/4h/ALGOUSDT-4h-2021-10.zip,9730
ALGOUSDT,4h,2021-11,True,ALGOUSDT/4h/ALGOUSDT-4h-2021-11.zip,9402
ALGOUSDT,4h,2021-12,True,ALGOUSDT/4h/ALGOUSDT-4h-2021-12.zip,9686
ALGOUSDT,4h,2022-01,True,ALGOUSDT/4h/ALGOUSDT-4h-2022-01.zip,9756
ALGOUSDT,4h,2022-02,True,ALGOUSDT/4h/ALGOUSDT-4h-2022-02.zip,8742
ALGOUSDT,4h,2022-03,True,ALGOUSDT/4h/ALGOUSDT-4h-2022-03.zip,9636
ALGOUSDT,4h,2022-04,True,ALGOUSDT/4h/ALGOUSDT-4h-2022-04.zip,9268
ALGOUSDT,4h,2022-05,True,ALGOUSDT/4h/ALGOUSDT-4h-2022-05.zip,9801
ALGOUSDT,4h,2022-06,True,ALGOUSDT/4h/ALGOUSDT-4h-2022-06.zip,9232
ALGOUSDT,4h,2022-08,False,ALGOUSDT/4h/ALGOUSDT-4h-2022-08.zip,9307
ALGOUSDT,4h,2022-09,False,ALGOUSDT/4h/ALGOUSDT-4h-2022-09.zip,9148
ALGOUSDT,4h,2022-10,True,ALGOUSDT/4h/ALGOUSDT-4h-2022-10.zip,9361
ALGOUSDT,4h,2022-11,True,ALGOUSDT/4h/ALGOUSDT-4h-2022-11.zip,9373
ALGOUSDT,4h,2022-12,True,ALGOUSDT/4h/ALGOUSDT-4h-2022-12.zip,9220
ALGOUSDT,4h,2023-01,True,ALGOUSDT/4h/ALGOUSDT-4h-2023-01.zip,9343
ALICEUSDT,4h,2021-04,False,ALICEUSDT/4h/ALICEUSDT-4h-2021-04.zip,8744
ALICEUSDT,4h,2021-05,False,ALICEUSDT/4h/ALICEUSDT-4h-2021-05.zip,9194
ALICEUSDT,4h,2021-06,True,ALICEUSDT/4h/ALICEUSDT-4h-2021-06.zip,8627
ALICEUSDT,4h,2021-07,True,ALICEUSDT/4h/ALICEUSDT-4h-2021-07.zip,9385
ALICEUSDT,4h,2021-08,True,ALICEUSDT/4h/ALICEUSDT-4h-2021-08.zip,9507
ALICEUSDT,4h,2021-09,True,ALICEUSDT/4h/ALICEUSDT-4h-2021-09.zip,9080
ALICEUSDT,4h,2021-10,True,ALICEUSDT/4h/ALICEUSDT-4h-2021-10.zip,9216
ALICEUSDT,4h,2021-11,True,ALICEUSDT/4h/ALICEUSDT-4h-2021-11.zip,9154
ALICEUSDT,4h,2021-12,True,ALICEUSDT/4h/ALICEUSDT-4h-2021-12.zip,9326
ALICEUSDT,4h,2022-01,True,ALICEUSDT/4h/ALICEUSDT-4h-2022-01.zip,9325
ALICEUSDT,4h,2022-02,True,ALICEUSDT/4h/ALICEUSDT-4h-2022-02.zip,8466
ALICEUSDT,4h,2022-03,True,ALICEUSDT/4h/ALICEUSDT-4h-2022-03.zip,9148
ALICEUSDT,4h,2022-04,True,ALICEUSDT/4h/ALICEUSDT-4h-2022-04.zip,8849
ALICEUSDT,4h,2022-05,True,ALICEUSDT/4h/ALICEUSDT-4h-2022-05.zip,9162
ALICEUSDT,4h,2022-06,True,ALICEUSDT/4h/ALICEUSDT-4h-2022-06.zip,8788
ALICEUSDT,4h,2022-07,True,ALICEUSDT/4h/ALICEUSDT-4h-2022-07.zip,8817
ALPHAUSDT,4h,2020-12,False,ALPHAUSDT/4h/ALPHAUSDT-4h-2020-12.zip,9019
ALPHAUSDT,4h,2021-01,False,ALPHAUSDT/4h/ALPHAUSDT-4h-2021-01.zip,9538
ALPHAUSDT,4h,2021-02,True,ALPHAUSDT/4h/ALPHAUSDT-4h-2021-02.zip,8782
ALPHAUSDT,4h,2021-03,True,ALPHAUSDT/4h/ALPHAUSDT-4h-2021-03.zip,9610
ALPHAUSDT,4h,2021-04,True,ALPHAUSDT/4h/ALPHAUSDT-4h-2021-04.zip,9331
ALPHAUSDT,4h,2021-06,False,ALPHAUSDT/4h/ALPHAUSDT-4h-2021-06.zip,8714
ALPHAUSDT,4h,2021-07,False,ALPHAUSDT/4h/ALPHAUSDT-4h-2021-07.zip,9175
ALPHAUSDT,4h,2021-08,True,ALPHAUSDT/4h/ALPHAUSDT-4h-2021-08.zip,9209
ALPHAUSDT,4h,2021-09,True,ALPHAUSDT/4h/ALPHAUSDT-4h-2021-09.zip,8793
ALPHAUSDT,4h,2022-03,False,ALPHAUSDT/4h/ALPHAUSDT-4h-2022-03.zip,8959
ALPHAUSDT,4h,2022-04,False,ALPHAUSDT/4h/ALPHAUSDT-4h-2022-04.zip,8872
ALPHAUSDT,4h,2022-05,True,ALPHAUSDT/4h/ALPHAUSDT-4h-2022-05.zip,9029
ALPHAUSDT,4h,2022-12,False,ALPHAUSDT/4h/ALPHAUSDT-4h-2022-12.zip,8961
ALPHAUSDT,4h,2023-01,False,ALPHAUSDT/4h/ALPHAUSDT-4h-2023-01.zip,9578
ALPHAUSDT,4h,2023-02,True,ALPHAUSDT/4h/ALPHAUSDT-4h-2023-02.zip,8484
ALPHAUSDT,4h,2023-03,False,ALPHAUSDT/4h/ALPHAUSDT-4h-2023-03.zip,9243
ALPHAUSDT,4h,2023-04,False,ALPHAUSDT/4h/ALPHAUSDT-4h-2023-04.zip,8932
ALPHAUSDT,4h,2023-05,True,ALPHAUSDT/4h/ALPHAUSDT-4h-2023-05.zip,9390
ALPHAUSDT,4h,2023-06,False,ALPHAUSDT/4h/ALPHAUSDT-4h-2023-06.zip,9289
ALPHAUSDT,4h,2023-07,True,ALPHAUSDT/4h/ALPHAUSDT-4h-2023-07.zip,9154
ALTUSDT,4h,2024-02,False,ALTUSDT/4h/ALTUSDT-4h-2024-02.zip,9562
AMBUSDT,4h,2023-05,False,AMBUSDT/4h/AMBUSDT-4h-2023-05.zip,9054
AMBUSDT,4h,2023-06,False,AMBUSDT/4h/AMBUSDT-4h-2023-06.zip,9167
AMBUSDT,4h,2023-07,True,AMBUSDT/4h/AMBUSDT-4h-2023-07.zip,9032
ANCUSDT,4h,2022-04,False,ANCUSDT/4h/ANCUSDT-4h-2022-04.zip,8726
ANCUSDT,4h,2022-05,True,ANCUSDT/4h/ANCUSDT-4h-2022-05.zip,3930
ANKRUSDT,4h,2021-02,False,ANKRUSDT/4h/ANKRUSDT-4h-2021-02.zip,8859
ANKRUSDT,4h,2021-03,False,ANKRUSDT/4h/ANKRUSDT-4h-2021-03.zip,10168
ANKRUSDT,4h,2021-04,True,ANKRUSDT/4h/ANKRUSDT-4h-2021-04.zip,9795
ANKRUSDT,4h,2021-10,False,ANKRUSDT/4h/ANKRUSDT-4h-2021-10.zip,9439
ANKRUSDT,4h,2021-11,False,ANKRUSDT/4h/ANKRUSDT-4h-2021-11.zip,9458
ANKRUSDT,4h,2021-12,True,ANKRUSDT/4h/ANKRUSDT-4h-2021-12.zip,9512
ANKRUSDT,4h,2022-07,False,ANKRUSDT/4h/ANKRUSDT-4h-2022-07.zip,9099
ANKRUSDT,4h,2022-08,False,ANKRUSDT/4h/ANKRUSDT-4h-2022-08.zip,9605
ANKRUSDT,4h,2022-09,True,ANKRUSDT/4h/ANKRUSDT-4h-2022-09.zip,9011
ANKRUSDT,4h,2023-01,False,ANKRUSDT/4h/ANKRUSDT-4h-2023-01.zip,9346
ANKRUSDT,4h,2023-02,False,ANKRUSDT/4h/ANKRUSDT-4h-2023-02.zip,8778
ANKRUSDT,4h,2023-03,True,ANKRUSDT/4h/ANKRUSDT-4h-2023-03.zip,9593
ANTUSDT,4h,2022-01,False,ANTUSDT/4h/ANTUSDT-4h-2022-01.zip,9199
ANTUSDT,4h,2022-02,True,ANTUSDT/4h/ANTUSDT-4h-2022-02.zip,8223
ANTUSDT,4h,2022-03,True,ANTUSDT/4h/ANTUSDT-4h-2022-03.zip,8765
APEUSDT,4h,2022-04,False,APEUSDT/4h/APEUSDT-4h-2022-04.zip,9034
APEUSDT,4h,2022-05,True,APEUSDT/4h/APEUSDT-4h-2022-05.zip,9364
APEUSDT,4h,2022-06,True,APEUSDT/4h/APEUSDT-4h-2022-06.zip,8776
APEUSDT,4h,2022-07,True,APEUSDT/4h/APEUSDT-4h-2022-07.zip,8956
APEUSDT,4h,2022-08,True,APEUSDT/4h/APEUSDT-4h-2022-08.zip,8879
APEUSDT,4h,2022-09,True,APEUSDT/4h/APEUSDT-4h-2022-09.zip,8590
APEUSDT,4h,2022-10,True,APEUSDT/4h/APEUSDT-4h-2022-10.zip,8654
APEUSDT,4h,2022-11,True,APEUSDT/4h/APEUSDT-4h-2022-11.zip,8580
APEUSDT,4h,2022-12,True,APEUSDT/4h/APEUSDT-4h-2022-12.zip,8626
APEUSDT,4h,2023-01,True,APEUSDT/4h/APEUSDT-4h-2023-01.zip,8861
APEUSDT,4h,2023-02,True,APEUSDT/4h/APEUSDT-4h-2023-02.zip,7899
APEUSDT,4h,2023-03,True,APEUSDT/4h/APEUSDT-4h-2023-03.zip,8663
APEUSDT,4h,2023-04,True,APEUSDT/4h/APEUSDT-4h-2023-04.zip,8248
APEUSDT,4h,2023-05,True,APEUSDT/4h/APEUSDT-4h-2023-05.zip,8389
APEUSDT,4h,2023-06,True,APEUSDT/4h/APEUSDT-4h-2023-06.zip,8367
APEUSDT,4h,2023-07,True,APEUSDT/4h/APEUSDT-4h-2023-07.zip,8581
APEUSDT,4h,2023-08,True,APEUSDT/4h/APEUSDT-4h-2023-08.zip,8578
APEUSDT,4h,2023-09,True,APEUSDT/4h/APEUSDT-4h-2023-09.zip,8131
APEUSDT,4h,2023-10,True,APEUSDT/4h/APEUSDT-4h-2023-10.zip,8473
APEUSDT,4h,2023-11,True,APEUSDT/4h/APEUSDT-4h-2023-11.zip,8329
APEUSDT,4h,2023-12,True,APEUSDT/4h/APEUSDT-4h-2023-12.zip,8511
APEUSDT,4h,2024-01,True,APEUSDT/4h/APEUSDT-4h-2024-01.zip,8504
APEUSDT,4h,2024-02,True,APEUSDT/4h/APEUSDT-4h-2024-02.zip,8443
API3USDT,4h,2022-03,False,API3USDT/4h/API3USDT-4h-2022-03.zip,9135
API3USDT,4h,2022-04,False,API3USDT/4h/API3USDT-4h-2022-04.zip,8795
API3USDT,4h,2022-05,True,API3USDT/4h/API3USDT-4h-2022-05.zip,8942
API3USDT,4h,2023-07,False,API3USDT/4h/API3USDT-4h-2023-07.zip,8325
API3USDT,4h,2023-08,False,API3USDT/4h/API3USDT-4h-2023-08.zip,9001
API3USDT,4h,2023-09,True,API3USDT/4h/API3USDT-4h-2023-09.zip,8944
API3USDT,4h,2023-12,False,API3USDT/4h/API3USDT-4h-2023-12.zip,9319
API3USDT,4h,2024-01,False,API3USDT/4h/API3USDT-4h-2024-01.zip,9593
API3USDT,4h,2024-02,True,API3USDT/4h/API3USDT-4h-2024-02.zip,9246
APTUSDT,4h,2022-11,False,APTUSDT/4h/APTUSDT-4h-2022-11.zip,9697
APTUSDT,4h,2022-12,True,APTUSDT/4h/APTUSDT-4h-2022-12.zip,9824
APTUSDT,4h,2023-01,True,APTUSDT/4h/APTUSDT-4h-2023-01.zip,10480
APTUSDT,4h,2023-02,True,APTUSDT/4h/APTUSDT-4h-2023-02.zip,9299
APTUSDT,4h,2023-03,True,APTUSDT/4h/APTUSDT-4h-2023-03.zip,10048
APTUSDT,4h,2023-04,True,APTUSDT/4h/APTUSDT-4h-2023-04.zip,9496
APTUSDT,4h,2023-05,True,APTUSDT/4h/APTUSDT-4h-2023-05.zip,9515
APTUSDT,4h,2023-06,True,APTUSDT/4h/APTUSDT-4h-2023-06.zip,9281
APTUSDT,4h,2023-07,True,APTUSDT/4h/APTUSDT-4h-2023-07.zip,9351
APTUSDT,4h,2023-08,True,APTUSDT/4h/APTUSDT-4h-2023-08.zip,9281
APTUSDT,4h,2023-09,True,APTUSDT/4h/APTUSDT-4h-2023-09.zip,8801
APTUSDT,4h,2023-10,True,APTUSDT/4h/APTUSDT-4h-2023-10.zip,9286
APTUSDT,4h,2023-11,True,APTUSDT/4h/APTUSDT-4h-2023-11.zip,9077
APTUSDT,4h,2023-12,True,APTUSDT/4h/APTUSDT-4h-2023-12.zip,9507
APTUSDT,4h,2024-01,True,APTUSDT/4h/APTUSDT-4h-2024-01.zip,9528
APTUSDT,4h,2024-02,True,APTUSDT/4h/APTUSDT-4h-2024-02.zip,8844
ARBUSDT,4h,2023-04,False,ARBUSDT/4h/ARBUSDT-4h-2023-04.zip,10103
ARBUSDT,4h,2023-05,True,ARBUSDT/4h/ARBUSDT-4h-2023-05.zip,10120
ARBUSDT,4h,2023-06,True,ARBUSDT/4h/ARBUSDT-4h-2023-06.zip,9806
ARBUSDT,4h,2023-07,True,ARBUSDT/4h/ARBUSDT-4h-2023-07.zip,9953
ARBUSDT,4h,2023-08,True,ARBUSDT/4h/ARBUSDT-4h-2023-08.zip,9741
ARBUSDT,4h,2023-09,True,ARBUSDT/4h/ARBUSDT-4h-2023-09.zip,9487
ARBUSDT,4h,2023-10,True,ARBUSDT/4h/ARBUSDT-4h-2023-10.zip,9868
ARBUSDT,4h,2023-11,True,ARBUSDT/4h/ARBUSDT-4h-2023-11.zip,9654
ARBUSDT,4h,2023-12,True,ARBUSDT/4h/ARBUSDT-4h-2023-12.zip,10161
ARBUSDT,4h,2024-01,True,ARBUSDT/4h/ARBUSDT-4h-2024-01.zip,10414
ARBUSDT,4h,2024-02,True,ARBUSDT/4h/ARBUSDT-4h-2024-02.zip,9500
ARKUSDT,4h,2023-10,False,ARKUSDT/4h/ARKUSDT-4h-2023-10.zip,9360
ARKUSDT,4h,2023-11,True,ARKUSDT/4h/ARKUSDT-4h-2023-11.zip,9367
ARKUSDT,4h,2023-12,True,ARKUSDT/4h/ARKUSDT-4h-2023-12.zip,9043
ARPAUSDT,4h,2022-01,False,ARPAUSDT/4h/ARPAUSDT-4h-2022-01.zip,9193
ARPAUSDT,4h,2022-02,False,ARPAUSDT/4h/ARPAUSDT-4h-2022-02.zip,8562
ARPAUSDT,4h,2022-03,True,ARPAUSDT/4h/ARPAUSDT-4h-2022-03.zip,9223
ARPAUSDT,4h,2023-04,False,ARPAUSDT/4h/ARPAUSDT-4h-2023-04.zip,8711
ARPAUSDT,4h,2023-05,False,ARPAUSDT/4h/ARPAUSDT-4h-2023-05.zip,9688
ARPAUSDT,4h,2023-06,True,ARPAUSDT/4h/ARPAUSDT-4h-2023-06.zip,9307
ARPAUSDT,4h,2023-07,True,ARPAUSDT/4h/ARPAUSDT-4h-2023-07.zip,9210
ARUSDT,4h,2022-01,False,ARUSDT/4h/ARUSDT-4h-2022-01.zip,9266
ARUSDT,4h,2022-02,False,ARUSDT/4h/ARUSDT-4h-2022-02.zip,8369
ARUSDT,4h,2022-03,True,ARUSDT/4h/ARUSDT-4h-2022-03.zip,9151
ARUSDT,4h,2022-10,False,ARUSDT/4h/ARUSDT-4h-2022-10.zip,8751
ARUSDT,4h,2022-11,False,ARUSDT/4h/ARUSDT-4h-2022-11.zip,8779
ARUSDT,4h,2022-12,True,ARUSDT/4h/ARUSDT-4h-2022-12.zip,8656
ATOMUSDT,4h,2020-03,False,ATOMUSDT/4h/ATOMUSDT-4h-2020-03.zip,8828
ATOMUSDT,4h,2020-04,True,ATOMUSDT/4h/ATOMUSDT-4h-2020-04.zip,8422
ATOMUSDT,4h,2020-05,True,ATOMUSDT/4h/ATOMUSDT-4h-2020-05.zip,8624
ATOMUSDT,4h,2020-06,True,ATOMUSDT/4h/ATOMUSDT-4h-2020-06.zip,8391
ATOMUSDT,4h,2020-07,True,ATOMUSDT/4h/ATOMUSDT-4h-2020-07.zip,9088
ATOMUSDT,4h,2020-08,True,ATOMUSDT/4h/ATOMUSDT-4h-2020-08.zip,9293
ATOMUSDT,4h,2020-09,True,ATOMUSDT/4h/ATOMUSDT-4h-2020-09.zip,8885
ATOMUSDT,4h,2020-10,True,ATOMUSDT/4h/ATOMUSDT-4h-2020-10.zip,9095
ATOMUSDT,4h,2020-11,True,ATOMUSDT/4h/ATOMUSDT-4h-2020-11.zip,8780
ATOMUSDT,4h,2020-12,True,ATOMUSDT/4h/ATOMUSDT-4h-2020-12.zip,9057
ATOMUSDT,4h,2021-01,True,ATOMUSDT/4h/ATOMUSDT-4h-2021-01.zip,9382
ATOMUSDT,4h,2021-02,True,ATOMUSDT/4h/ATOMUSDT-4h-2021-02.zip,8822
ATOMUSDT,4h,2021-03,True,ATOMUSDT/4h/ATOMUSDT-4h-2021-03.zip,9512
ATOMUSDT,4h,2021-04,True,ATOMUSDT/4h/ATOMUSDT-4h-2021-04.zip,9346
ATOMUSDT,4h,2021-05,True,ATOMUSDT/4h/ATOMUSDT-4h-2021-05.zip,9787
ATOMUSDT,4h,2021-06,True,ATOMUSDT/4h/ATOMUSDT-4h-2021-06.zip,9215
ATOMUSDT,4h,2021-07,True,ATOMUSDT/4h/ATOMUSDT-4h-2021-07.zip,9537
ATOMUSDT,4h,2021-08,True,ATOMUSDT/4h/ATOMUSDT-4h-2021-08.zip,9699
ATOMUSDT,4h,2021-09,True,ATOMUSDT/4h/ATOMUSDT-4h-2021-09.zip,9761
ATOMUSDT,4h,2021-10,True,ATOMUSDT/4h/ATOMUSDT-4h-2021-10.zip,9920
ATOMUSDT,4h,2021-11,True,ATOMUSDT/4h/ATOMUSDT-4h-2021-11.zip,9516
ATOMUSDT,4h,2021-12,True,ATOMUSDT/4h/ATOMUSDT-4h-2021-12.zip,9951
ATOMUSDT,4h,2022-01,True,ATOMUSDT/4h/ATOMUSDT-4h-2022-01.zip,10285
ATOMUSDT,4h,2022-02,True,ATOMUSDT/4h/ATOMUSDT-4h-2022-02.zip,9137
ATOMUSDT,4h,2022-03,True,ATOMUSDT/4h/ATOMUSDT-4h-2022-03.zip,9960
ATOMUSDT,4h,2022-04,True,ATOMUSDT/4h/ATOMUSDT-4h-2022-04.zip,9585
ATOMUSDT,4h,2022-05,True,ATOMUSDT/4h/ATOMUSDT-4h-2022-05.zip,9942
ATOMUSDT,4h,2022-06,True,ATOMUSDT/4h/ATOMUSDT-4h-2022-06.zip,9435
ATOMUSDT,4h,2022-07,True,ATOMUSDT/4h/ATOMUSDT-4h-2022-07.zip,9807
ATOMUSDT,4h,2022-08,True,ATOMUSDT/4h/ATOMUSDT-4h-2022-08.zip,9797
ATOMUSDT,4h,2022-09,True,ATOMUSDT/4h/ATOMUSDT-4h-2022-09.zip,9739
ATOMUSDT,4h,2022-10,True,ATOMUSDT/4h/ATOMUSDT-4h-2022-10.zip,9777
ATOMUSDT,4h,2022-11,True,ATOMUSDT/4h/ATOMUSDT-4h-2022-11.zip,9443
ATOMUSDT,4h,2022-12,True,ATOMUSDT/4h/ATOMUSDT-4h-2022-12.zip,9365
ATOMUSDT,4h,2023-01,True,ATOMUSDT/4h/ATOMUSDT-4h-2023-01.zip,9647
ATOMUSDT,4h,2023-02,True,ATOMUSDT/4h/ATOMUSDT-4h-2023-02.zip,8783
ATOMUSDT,4h,2023-03,True,ATOMUSDT/4h/ATOMUSDT-4h-2023-03.zip,9701
ATOMUSDT,4h,2023-04,True,ATOMUSDT/4h/ATOMUSDT-4h-2023-04.zip,9281
ATOMUSDT,4h,2023-05,True,ATOMUSDT/4h/ATOMUSDT-4h-2023-05.zip,9442
ATOMUSDT,4h,2023-06,True,ATOMUSDT/4h/ATOMUSDT-4h-2023-06.zip,9142
ATOMUSDT,4h,2023-07,True,ATOMUSDT/4h/ATOMUSDT-4h-2023-07.zip,9384
ATOMUSDT,4h,2023-09,False,ATOMUSDT/4h/ATOMUSDT-4h-2023-09.zip,9001
ATOMUSDT,4h,2023-10,False,ATOMUSDT/4h/ATOMUSDT-4h-2023-10.zip,9411
ATOMUSDT,4h,2023-11,True,ATOMUSDT/4h/ATOMUSDT-4h-2023-11.zip,9360
ATOMUSDT,4h,2023-12,True,ATOMUSDT/4h/ATOMUSDT-4h-2023-12.zip,9793
ATOMUSDT,4h,2024-01,True,ATOMUSDT/4h/ATOMUSDT-4h-2024-01.zip,9623
ATOMUSDT,4h,2024-02,True,ATOMUSDT/4h/ATOMUSDT-4h-2024-02.zip,8999
AUDIOUSDT,4h,2022-03,False,AUDIOUSDT/4h/AUDIOUSDT-4h-2022-03.zip,8872
AUDIOUSDT,4h,2022-04,False,AUDIOUSDT/4h/AUDIOUSDT-4h-2022-04.zip,8938
AUDIOUSDT,4h,2022-05,True,AUDIOUSDT/4h/AUDIOUSDT-4h-2022-05.zip,9035
AUDIOUSDT,4h,2022-12,False,AUDIOUSDT/4h/AUDIOUSDT-4h-2022-12.zip,8059
AUDIOUSDT,4h,2023-01,False,AUDIOUSDT/4h/AUDIOUSDT-4h-2023-01.zip,8741
AUDIOUSDT,4h,2023-02,True,AUDIOUSDT/4h/AUDIOUSDT-4h-2023-02.zip,8155
AUDIOUSDT,4h,2023-03,True,AUDIOUSDT/4h/AUDIOUSDT-4h-2023-03.zip,8735
AVAXUSDT,4h,2020-10,False,AVAXUSDT/4h/AVAXUSDT-4h-2020-10.zip,8663
AVAXUSDT,4h,2020-11,True,AVAXUSDT/4h/AVAXUSDT-4h-2020-11.zip,8374
AVAXUSDT,4h,2020-12,True,AVAXUSDT/4h/AVAXUSDT-4h-2020-12.zip,8645
AVAXUSDT,4h,2021-01,True,AVAXUSDT/4h/AVAXUSDT-4h-2021-01.zip,9096
AVAXUSDT,4h,2021-02,True,AVAXUSDT/4h/AVAXUSDT-4h-2021-02.zip,8537
AVAXUSDT,4h,2021-03,True,AVAXUSDT/4h/AVAXUSDT-4h-2021-03.zip,9384
AVAXUSDT,4h,2021-04,True,AVAXUSDT/4h/AVAXUSDT-4h-2021-04.zip,9128
AVAXUSDT,4h,2021-05,True,AVAXUSDT/4h/AVAXUSDT-4h-2021-05.zip,9295
AVAXUSDT,4h,2021-06,True,AVAXUSDT/4h/AVAXUSDT-4h-2021-06.zip,8344
AVAXUSDT,4h,2021-07,True,AVAXUSDT/4h/AVAXUSDT-4h-2021-07.zip,8457
AVAXUSDT,4h,2021-08,False,AVAXUSDT/4h/AVAXUSDT-4h-2021-08.zip,9008
AVAXUSDT,4h,2021-09,True,AVAXUSDT/4h/AVAXUSDT-4h-2021-09.zip,9143
AVAXUSDT,4h,2021-10,True,AVAXUSDT/4h/AVAXUSDT-4h-2021-10.zip,9090
AVAXUSDT,4h,2021-11,True,AVAXUSDT/4h/AVAXUSDT-4h-2021-11.zip,9108
AVAXUSDT,4h,2021-12,True,AVAXUSDT/4h/AVAXUSDT-4h-2021-12.zip,9399
AVAXUSDT,4h,2022-01,True,AVAXUSDT/4h/AVAXUSDT-4h-2022-01.zip,9231
AVAXUSDT,4h,2022-02,True,AVAXUSDT/4h/AVAXUSDT-4h-2022-02.zip,8183
AVAXUSDT,4h,2022-03,True,AVAXUSDT/4h/AVAXUSDT-4h-2022-03.zip,8981
AVAXUSDT,4h,2022-04,True,AVAXUSDT/4h/AVAXUSDT-4h-2022-04.zip,8584
AVAXUSDT,4h,2022-05,True,AVAXUSDT/4h/AVAXUSDT-4h-2022-05.zip,9013
AVAXUSDT,4h,2022-06,True,AVAXUSDT/4h/AVAXUSDT-4h-2022-06.zip,8365
AVAXUSDT,4h,2022-07,True,AVAXUSDT/4h/AVAXUSDT-4h-2022-07.zip,8468
AVAXUSDT,4h,2022-08,True,AVAXUSDT/4h/AVAXUSDT-4h-2022-08.zip,8459
AVAXUSDT,4h,2022-09,True,AVAXUSDT/4h/AVAXUSDT-4h-2022-09.zip,7979
AVAXUSDT,4h,2022-10,True,AVAXUSDT/4h/AVAXUSDT-4h-2022-10.zip,8225
AVAXUSDT,4h,2022-11,True,AVAXUSDT/4h/AVAXUSDT-4h-2022-11.zip,8593
AVAXUSDT,4h,2022-12,True,AVAXUSDT/4h/AVAXUSDT-4h-2022-12.zip,8615
AVAXUSDT,4h,2023-01,True,AVAXUSDT/4h/AVAXUSDT-4h-2023-01.zip,8994
AVAXUSDT,4h,2023-02,True,AVAXUSDT/4h/AVAXUSDT-4h-2023-02.zip,8110
AVAXUSDT,4h,2023-03,True,AVAXUSDT/4h/AVAXUSDT-4h-2023-03.zip,8893
AVAXUSDT,4h,2023-04,True,AVAXUSDT/4h/AVAXUSDT-4h-2023-04.zip,8546
AVAXUSDT,4h,2023-05,True,AVAXUSDT/4h/AVAXUSDT-4h-2023-05.zip,8656
AVAXUSDT,4h,2023-06,True,AVAXUSDT/4h/AVAXUSDT-4h-2023-06.zip,8449
AVAXUSDT,4h,2023-07,True,AVAXUSDT/4h/AVAXUSDT-4h-2023-07.zip,8753
AVAXUSDT,4h,2023-08,True,AVAXUSDT/4h/AVAXUSDT-4h-2023-08.zip,8580
AVAXUSDT,4h,2023-09,True,AVAXUSDT/4h/AVAXUSDT-4h-2023-09.zip,8176
AVAXUSDT,4h,2023-10,True,AVAXUSDT/4h/AVAXUSDT-4h-2023-10.zip,8816
AVAXUSDT,4h,2023-11,True,AVAXUSDT/4h/AVAXUSDT-4h-2023-11.zip,8871
AVAXUSDT,4h,2023-12,True,AVAXUSDT/4h/AVAXUSDT-4h-2023-12.zip,9364
AVAXUSDT,4h,2024-01,True,AVAXUSDT/4h/AVAXUSDT-4h-2024-01.zip,9166
AVAXUSDT,4h,2024-02,True,AVAXUSDT/4h/AVAXUSDT-4h-2024-02.zip,8537
AXSUSDT,4h,2020-12,False,AXSUSDT/4h/AXSUSDT-4h-2020-12.zip,9252
AXSUSDT,4h,2021-01,True,AXSUSDT/4h/AXSUSDT-4h-2021-01.zip,9266
AXSUSDT,4h,2021-03,False,AXSUSDT/4h/AXSUSDT-4h-2021-03.zip,9608
AXSUSDT,4h,2021-04,False,AXSUSDT/4h/AXSUSDT-4h-2021-04.zip,9243
AXSUSDT,4h,2021-05,True,AXSUSDT/4h/AXSUSDT-4h-2021-05.zip,8664
AXSUSDT,4h,2021-06,False,AXSUSDT/4h/AXSUSDT-4h-2021-06.zip,8207
AXSUSDT,4h,2021-07,False,AXSUSDT/4h/AXSUSDT-4h-2021-07.zip,9578
AXSUSDT,4h,2021-08,True,AXSUSDT/4h/AXSUSDT-4h-2021-08.zip,9074
AXSUSDT,4h,2021-09,True,AXSUSDT/4h/AXSUSDT-4h-2021-09.zip,8632
AXSUSDT,4h,2021-10,True,AXSUSDT/4h/AXSUSDT-4h-2021-10.zip,8825
AXSUSDT,4h,2021-11,True,AXSUSDT/4h/AXSUSDT-4h-2021-11.zip,8294
AXSUSDT,4h,2021-12,True,AXSUSDT/4h/AXSUSDT-4h-2021-12.zip,8408
AXSUSDT,4h,2022-01,True,AXSUSDT/4h/AXSUSDT-4h-2022-01.zip,8473
AXSUSDT,4h,2022-02,True,AXSUSDT/4h/AXSUSDT-4h-2022-02.zip,7759
AXSUSDT,4h,2022-03,True,AXSUSDT/4h/AXSUSDT-4h-2022-03.zip,8471
AXSUSDT,4h,2022-04,True,AXSUSDT/4h/AXSUSDT-4h-2022-04.zip,8197
AXSUSDT,4h,2022-05,True,AXSUSDT/4h/AXSUSDT-4h-2022-05.zip,8533
AXSUSDT,4h,2022-06,True,AXSUSDT/4h/AXSUSDT-4h-2022-06.zip,8165
AXSUSDT,4h,2022-07,True,AXSUSDT/4h/AXSUSDT-4h-2022-07.zip,8284
AXSUSDT,4h,2022-08,True,AXSUSDT/4h/AXSUSDT-4h-2022-08.zip,8200
AXSUSDT,4h,2022-09,True,AXSUSDT/4h/AXSUSDT-4h-2022-09.zip,7877
AXSUSDT,4h,2022-10,True,AXSUSDT/4h/AXSUSDT-4h-2022-10.zip,8060
AXSUSDT,4h,2022-11,True,AXSUSDT/4h/AXSUSDT-4h-2022-11.zip,8370
AXSUSDT,4h,2022-12,True,AXSUSDT/4h/AXSUSDT-4h-2022-12.zip,8844
AXSUSDT,4h,2023-01,True,AXSUSDT/4h/AXSUSDT-4h-2023-01.zip,9001
AXSUSDT,4h,2023-02,True,AXSUSDT/4h/AXSUSDT-4h-2023-02.zip,8075
AXSUSDT,4h,2023-03,True,AXSUSDT/4h/AXSUSDT-4h-2023-03.zip,8716
AXSUSDT,4h,2023-04,True,AXSUSDT/4h/AXSUSDT-4h-2023-04.zip,8299
AXSUSDT,4h,2023-05,False,AXSUSDT/4h/AXSUSDT-4h-2023-05.zip,8508
AXSUSDT,4h,2023-06,True,AXSUSDT/4h/AXSUSDT-4h-2023-06.zip,8393
AXSUSDT,4h,2023-07,True,AXSUSDT/4h/AXSUSDT-4h-2023-07.zip,8596
AXSUSDT,4h,2023-08,False,AXSUSDT/4h/AXSUSDT-4h-2023-08.zip,8412
AXSUSDT,4h,2023-09,False,AXSUSDT/4h/AXSUSDT-4h-2023-09.zip,8129
AXSUSDT,4h,2023-10,True,AXSUSDT/4h/AXSUSDT-4h-2023-10.zip,8539
BAKEUSDT,4h,2021-06,False,BAKEUSDT/4h/BAKEUSDT-4h-2021-06.zip,8719
BAKEUSDT,4h,2021-07,True,BAKEUSDT/4h/BAKEUSDT-4h-2021-07.zip,9003
BAKEUSDT,4h,2021-08,True,BAKEUSDT/4h/BAKEUSDT-4h-2021-08.zip,9066
BAKEUSDT,4h,2021-09,True,BAKEUSDT/4h/BAKEUSDT-4h-2021-09.zip,8678
BAKEUSDT,4h,2022-03,False,BAKEUSDT/4h/BAKEUSDT-4h-2022-03.zip,8725
BAKEUSDT,4h,2022-04,False,BAKEUSDT/4h/BAKEUSDT-4h-2022-04.zip,8752
BAKEUSDT,4h,2022-05,True,BAKEUSDT/4h/BAKEUSDT-4h-2022-05.zip,8908
BAKEUSDT,4h,2023-07,False,BAKEUSDT/4h/BAKEUSDT-4h-2023-07.zip,8268
BAKEUSDT,4h,2023-08,False,BAKEUSDT/4h/BAKEUSDT-4h-2023-08.zip,8877
BAKEUSDT,4h,2023-09,True,BAKEUSDT/4h/BAKEUSDT-4h-2023-09.zip,8396
BAKEUSDT,4h,2023-10,False,BAKEUSDT/4h/BAKEUSDT-4h-2023-10.zip,8772
BAKEUSDT,4h,2023-11,True,BAKEUSDT/4h/BAKEUSDT-4h-2023-11.zip,8488
BAKEUSDT,4h,2023-12,False,BAKEUSDT/4h/BAKEUSDT-4h-2023-12.zip,9312
BAKEUSDT,4h,2024-01,True,BAKEUSDT/4h/BAKEUSDT-4h-2024-01.zip,9124
BAKEUSDT,4h,2024-02,True,BAKEUSDT/4h/BAKEUSDT-4h-2024-02.zip,8247
BALUSDT,4h,2020-10,False,BALUSDT/4h/BALUSDT-4h-2020-10.zip,8530
BALUSDT,4h,2020-11,True,BALUSDT/4h/BALUSDT-4h-2020-11.zip,8406
BALUSDT,4h,2020-12,True,BALUSDT/4h/BALUSDT-4h-2020-12.zip,8563
BALUSDT,4h,2022-03,False,BALUSDT/4h/BALUSDT-4h-2022-03.zip,8751
BALUSDT,4h,2022-04,False,BALUSDT/4h/BALUSDT-4h-2022-04.zip,8828
BALUSDT,4h,2022-05,True,BALUSDT/4h/BALUSDT-4h-2022-05.zip,8867
BANDUSDT,4h,2020-08,False,BANDUSDT/4h/BANDUSDT-4h-2020-08.zip,9747
BANDUSDT,4h,2020-09,True,BANDUSDT/4h/BANDUSDT-4h-2020-09.zip,9162
BANDUSDT,4h,2020-10,True,BANDUSDT/4h/BANDUSDT-4h-2020-10.zip,9265
BANDUSDT,4h,2020-11,True,BANDUSDT/4h/BANDUSDT-4h-2020-11.zip,9108
BANDUSDT,4h,2020-12,True,BANDUSDT/4h/BANDUSDT-4h-2020-12.zip,9345
BANDUSDT,4h,2021-01,True,BANDUSDT/4h/BANDUSDT-4h-2021-01.zip,9528
BANDUSDT,4h,2021-02,True,BANDUSDT/4h/BANDUSDT-4h-2021-02.zip,8847
BANDUSDT,4h,2021-03,True,BANDUSDT/4h/BANDUSDT-4h-2021-03.zip,9568
BANDUSDT,4h,2022-01,False,BANDUSDT/4h/BANDUSDT-4h-2022-01.zip,9523
BANDUSDT,4h,2022-02,False,BANDUSDT/4h/BANDUSDT-4h-2022-02.zip,8735
BANDUSDT,4h,2022-03,True,BANDUSDT/4h/BANDUSDT-4h-2022-03.zip,9410
BANDUSDT,4h,2022-10,False,BANDUSDT/4h/BANDUSDT-4h-2022-10.zip,9113
BANDUSDT,4h,2022-11,False,BANDUSDT/4h/BANDUSDT-4h-2022-11.zip,9582
BANDUSDT,4h,2022-12,True,BANDUSDT/4h/BANDUSDT-4h-2022-12.zip,9572
BANDUSDT,4h,2023-01,True,BANDUSDT/4h/BANDUSDT-4h-2023-01.zip,9463
BATUSDT,4h,2020-03,False,BATUSDT/4h/BATUSDT-4h-2020-03.zip,8434
BATUSDT,4h,2020-04,True,BATUSDT/4h/BATUSDT-4h-2020-04.zip,8176
BATUSDT,4h,2020-05,True,BATUSDT/4h/BATUSDT-4h-2020-05.zip,8594
BATUSDT,4h,2020-06,True,BATUSDT/4h/BATUSDT-4h-2020-06.zip,8573
BATUSDT,4h,2020-07,True,BATUSDT/4h/BATUSDT-4h-2020-07.zip,8762
BATUSDT,4h,2020-08,True,BATUSDT/4h/BATUSDT-4h-2020-08.zip,9083
BATUSDT,4h,2020-09,True,BATUSDT/4h/BATUSDT-4h-2020-09.zip,8554
BATUSDT,4h,2020-10,True,BATUSDT/4h/BATUSDT-4h-2020-10.zip,8554
BATUSDT,4h,2021-02,False,BATUSDT/4h/BATUSDT-4h-2021-02.zip,8532
BATUSDT,4h,2021-03,False,BATUSDT/4h/BATUSDT-4h-2021-03.zip,9549
BATUSDT,4h,2021-04,True,BATUSDT/4h/BATUSDT-4h-2021-04.zip,9219
BATUSDT,4h,2021-10,False,BATUSDT/4h/BATUSDT-4h-2021-10.zip,9176
BATUSDT,4h,2021-11,False,BATUSDT/4h/BATUSDT-4h-2021-11.zip,9363
BATUSDT,4h,2021-12,True,BATUSDT/4h/BATUSDT-4h-2021-12.zip,9565
BCHUSDT,4h,2020-03,True,BCHUSDT/4h/BCHUSDT-4h-2020-03.zip,9680
BCHUSDT,4h,2020-04,True,BCHUSDT/4h/BCHUSDT-4h-2020-04.zip,9248
BCHUSDT,4h,2020-05,True,BCHUSDT/4h/BCHUSDT-4h-2020-05.zip,9428
BCHUSDT,4h,2020-06,True,BCHUSDT/4h/BCHUSDT-4h-2020-06.zip,9015
BCHUSDT,4h,2020-07,True,BCHUSDT/4h/BCHUSDT-4h-2020-07.zip,9361
BCHUSDT,4h,2020-08,True,BCHUSDT/4h/BCHUSDT-4h-2020-08.zip,9630
BCHUSDT,4h,2020-09,True,BCHUSDT/4h/BCHUSDT-4h-2020-09.zip,9143
BCHUSDT,4h,2020-10,True,BCHUSDT/4h/BCHUSDT-4h-2020-10.zip,9529
BCHUSDT,4h,2020-11,True,BCHUSDT/4h/BCHUSDT-4h-2020-11.zip,9360
BCHUSDT,4h,2020-12,True,BCHUSDT/4h/BCHUSDT-4h-2020-12.zip,9764
BCHUSDT,4h,2021-01,True,BCHUSDT/4h/BCHUSDT-4h-2021-01.zip,10040
BCHUSDT,4h,2021-02,True,BCHUSDT/4h/BCHUSDT-4h-2021-02.zip,9096
BCHUSDT,4h,2021-03,True,BCHUSDT/4h/BCHUSDT-4h-2021-03.zip,9820
BCHUSDT,4h,2021-04,True,BCHUSDT/4h/BCHUSDT-4h-2021-04.zip,9760
BCHUSDT,4h,2021-05,True,BCHUSDT/4h/BCHUSDT-4h-2021-05.zip,10312
BCHUSDT,4h,2021-06,True,BCHUSDT/4h/BCHUSDT-4h-2021-06.zip,9630
BCHUSDT,4h,2021-07,True,BCHUSDT/4h/BCHUSDT-4h-2021-07.zip,9803
BCHUSDT,4h,2021-08,True,BCHUSDT/4h/BCHUSDT-4h-2021-08.zip,9877
BCHUSDT,4h,2021-09,True,BCHUSDT/4h/BCHUSDT-4h-2021-09.zip,9559
BCHUSDT,4h,2021-10,True,BCHUSDT/4h/BCHUSDT-4h-2021-10.zip,9803
BCHUSDT,4h,2021-11,True,BCHUSDT/4h/BCHUSDT-4h-2021-11.zip,9478
BCHUSDT,4h,2021-12,True,BCHUSDT/4h/BCHUSDT-4h-2021-12.zip,9683
BCHUSDT,4h,2022-01,True,BCHUSDT/4h/BCHUSDT-4h-2022-01.zip,9750
BCHUSDT,4h,2022-02,True,BCHUSDT/4h/BCHUSDT-4h-2022-02.zip,8857
BCHUSDT,4h,2022-03,True,BCHUSDT/4h/BCHUSDT-4h-2022-03.zip,9785
BCHUSDT,4h,2022-04,True,BCHUSDT/4h/BCHUSDT-4h-2022-04.zip,9452
BCHUSDT,4h,2022-05,True,BCHUSDT/4h/BCHUSDT-4h-2022-05.zip,9768
BCHUSDT,4h,2022-06,True,BCHUSDT/4h/BCHUSDT-4h-2022-06.zip,9515
BCHUSDT,4h,2022-07,True,BCHUSDT/4h/BCHUSDT-4h-2022-07.zip,9732
BCHUSDT,4h,2022-08,True,BCHUSDT/4h/BCHUSDT-4h-2022-08.zip,9696
BCHUSDT,4h,2022-09,True,BCHUSDT/4h/BCHUSDT-4h-2022-09.zip,9351
BCHUSDT,4h,2022-10,True,BCHUSDT/4h/BCHUSDT-4h-2022-10.zip,9502
BCHUSDT,4h,2022-11,True,BCHUSDT/4h/BCHUSDT-4h-2022-11.zip,9345
BCHUSDT,4h,2022-12,True,BCHUSDT/4h/BCHUSDT-4h-2022-12.zip,9362
BCHUSDT,4h,2023-01,True,BCHUSDT/4h/BCHUSDT-4h-2023-01.zip,9622
BCHUSDT,4h,2023-02,True,BCHUSDT/4h/BCHUSDT-4h-2023-02.zip,8769
BCHUSDT,4h,2023-03,True,BCHUSDT/4h/BCHUSDT-4h-2023-03.zip,9595
BCHUSDT,4h,2023-04,True,BCHUSDT/4h/BCHUSDT-4h-2023-04.zip,9168
BCHUSDT,4h,2023-05,False,BCHUSDT/4h/BCHUSDT-4h-2023-05.zip,9393
BCHUSDT,4h,2023-06,True,BCHUSDT/4h/BCHUSDT-4h-2023-06.zip,9456
BCHUSDT,4h,2023-07,True,BCHUSDT/4h/BCHUSDT-4h-2023-07.zip,10195
BCHUSDT,4h,2023-08,True,BCHUSDT/4h/BCHUSDT-4h-2023-08.zip,9930
BCHUSDT,4h,2023-09,True,BCHUSDT/4h/BCHUSDT-4h-2023-09.zip,9569
BCHUSDT,4h,2023-10,True,BCHUSDT/4h/BCHUSDT-4h-2023-10.zip,9854
BCHUSDT,4h,2023-11,True,BCHUSDT/4h/BCHUSDT-4h-2023-11.zip,9381
BCHUSDT,4h,2023-12,True,BCHUSDT/4h/BCHUSDT-4h-2023-12.zip,9770
BCHUSDT,4h,2024-01,True,BCHUSDT/4h/BCHUSDT-4h-2024-01.zip,9795
BCHUSDT,4h,2024-02,True,BCHUSDT/4h/BCHUSDT-4h-2024-02.zip,9145
BELUSDT,4h,2020-12,False,BELUSDT/4h/BELUSDT-4h-2020-12.zip,9146
BELUSDT,4h,2021-01,True,BELUSDT/4h/BELUSDT-4h-2021-01.zip,9264
BELUSDT,4h,2022-04,False,BELUSDT/4h/BELUSDT-4h-2022-04.zip,8559
BELUSDT,4h,2022-05,False,BELUSDT/4h/BELUSDT-4h-2022-05.zip,9160
BELUSDT,4h,2022-06,True,BELUSDT/4h/BELUSDT-4h-2022-06.zip,9260
BELUSDT,4h,2022-07,True,BELUSDT/4h/BELUSDT-4h-2022-07.zip,9045
BELUSDT,4h,2023-03,False,BELUSDT/4h/BELUSDT-4h-2023-03.zip,8852
BELUSDT,4h,2023-04,False,BELUSDT/4h/BELUSDT-4h-2023-04.zip,8766
BELUSDT,4h,2023-05,True,BELUSDT/4h/BELUSDT-4h-2023-05.zip,9074
BELUSDT,4h,2023-06,True,BELUSDT/4h/BELUSDT-4h-2023-06.zip,8696
BIGTIMEUSDT,4h,2023-11,False,BIGTIMEUSDT/4h/BIGTIMEUSDT-4h-2023-11.zip,9085
BIGTIMEUSDT,4h,2023-12,False,BIGTIMEUSDT/4h/BIGTIMEUSDT-4h-2023-12.zip,9833
BIGTIMEUSDT,4h,2024-01,True,BIGTIMEUSDT/4h/BIGTIMEUSDT-4h-2024-01.zip,9352
BLURUSDT,4h,2023-09,False,BLURUSDT/4h/BLURUSDT-4h-2023-09.zip,8462
BLURUSDT,4h,2023-10,False,BLURUSDT/4h/BLURUSDT-4h-2023-10.zip,9066
BLURUSDT,4h,2023-11,True,BLURUSDT/4h/BLURUSDT-4h-2023-11.zip,9423
BLURUSDT,4h,2023-12,True,BLURUSDT/4h/BLURUSDT-4h-2023-12.zip,9576
BLURUSDT,4h,2024-01,True,BLURUSDT/4h/BLURUSDT-4h-2024-01.zip,9664
BLURUSDT,4h,2024-02,True,BLURUSDT/4h/BLURUSDT-4h-2024-02.zip,8904
BLZUSDT,4h,2022-01,False,BLZUSDT/4h/BLZUSDT-4h-2022-01.zip,9335
BLZUSDT,4h,2022-02,False,BLZUSDT/4h/BLZUSDT-4h-2022-02.zip,8685
BLZUSDT,4h,2022-03,True,BLZUSDT/4h/BLZUSDT-4h-2022-03.zip,9239
BLZUSDT,4h,2022-05,False,BLZUSDT/4h/BLZUSDT-4h-2022-05.zip,9294
BLZUSDT,4h,2022-06,False,BLZUSDT/4h/BLZUSDT-4h-2022-06.zip,9392
BLZUSDT,4h,2022-07,True,BLZUSDT/4h/BLZUSDT-4h-2022-07.zip,9250
BLZUSDT,4h,2022-08,False,BLZUSDT/4h/BLZUSDT-4h-2022-08.zip,9359
BLZUSDT,4h,2022-09,True,BLZUSDT/4h/BLZUSDT-4h-2022-09.zip,8814
BLZUSDT,4h,2023-07,False,BLZUSDT/4h/BLZUSDT-4h-2023-07.zip,8835
BLZUSDT,4h,2023-08,False,BLZUSDT/4h/BLZUSDT-4h-2023-08.zip,9617
BLZUSDT,4h,2023-09,True,BLZUSDT/4h/BLZUSDT-4h-2023-09.zip,9530
BLZUSDT,4h,2023-10,True,BLZUSDT/4h/BLZUSDT-4h-2023-10.zip,9695
BLZUSDT,4h,2023-11,True,BLZUSDT/4h/BLZUSDT-4h-2023-11.zip,9156
BNBUSDT,4h,2020-03,False,BNBUSDT/4h/BNBUSDT-4h-2020-03.zip,9296
BNBUSDT,4h,2020-04,True,BNBUSDT/4h/BNBUSDT-4h-2020-04.zip,8946
BNBUSDT,4h,2020-05,True,BNBUSDT/4h/BNBUSDT-4h-2020-05.zip,9103
BNBUSDT,4h,2020-06,True,BNBUSDT/4h/BNBUSDT-4h-2020-06.zip,8653
BNBUSDT,4h,2020-07,True,BNBUSDT/4h/BNBUSDT-4h-2020-07.zip,9222
BNBUSDT,4h,2020-08,True,BNBUSDT/4h/BNBUSDT-4h-2020-08.zip,9297
BNBUSDT,4h,2020-09,True,BNBUSDT/4h/BNBUSDT-4h-2020-09.zip,9326
BNBUSDT,4h,2020-10,True,BNBUSDT/4h/BNBUSDT-4h-2020-10.zip,9403
BNBUSDT,4h,2020-11,True,BNBUSDT/4h/BNBUSDT-4h-2020-11.zip,9176
BNBUSDT,4h,2020-12,True,BNBUSDT/4h/BNBUSDT-4h-2020-12.zip,9488
BNBUSDT,4h,2021-01,True,BNBUSDT/4h/BNBUSDT-4h-2021-01.zip,9652
BNBUSDT,4h,2021-02,True,BNBUSDT/4h/BNBUSDT-4h-2021-02.zip,9366
BNBUSDT,4h,2021-03,True,BNBUSDT/4h/BNBUSDT-4h-2021-03.zip,10327
BNBUSDT,4h,2021-04,True,BNBUSDT/4h/BNBUSDT-4h-2021-04.zip,10276
BNBUSDT,4h,2021-05,True,BNBUSDT/4h/BNBUSDT-4h-2021-05.zip,10351
BNBUSDT,4h,2021-06,True,BNBUSDT/4h/BNBUSDT-4h-2021-06.zip,9850
BNBUSDT,4h,2021-07,True,BNBUSDT/4h/BNBUSDT-4h-2021-07.zip,9940
BNBUSDT,4h,2021-08,True,BNBUSDT/4h/BNBUSDT-4h-2021-08.zip,9954
BNBUSDT,4h,2021-09,True,BNBUSDT/4h/BNBUSDT-4h-2021-09.zip,9666
BNBUSDT,4h,2021-10,True,BNBUSDT/4h/BNBUSDT-4h-2021-10.zip,9913
BNBUSDT,4h,2021-11,True,BNBUSDT/4h/BNBUSDT-4h-2021-11.zip,9699
BNBUSDT,4h,2021-12,True,BNBUSDT/4h/BNBUSDT-4h-2021-12.zip,9859
BNBUSDT,4h,2022-01,True,BNBUSDT/4h/BNBUSDT-4h-2022-01.zip,9972
BNBUSDT,4h,2022-02,True,BNBUSDT/4h/BNBUSDT-4h-2022-02.zip,8997
BNBUSDT,4h,2022-03,True,BNBUSDT/4h/BNBUSDT-4h-2022-03.zip,9776
BNBUSDT,4h,2022-04,True,BNBUSDT/4h/BNBUSDT-4h-2022-04.zip,9425
BNBUSDT,4h,2022-05,True,BNBUSDT/4h/BNBUSDT-4h-2022-05.zip,9925
BNBUSDT,4h,2022-06,True,BNBUSDT/4h/BNBUSDT-4h-2022-06.zip,9637
BNBUSDT,4h,2022-07,True,BNBUSDT/4h/BNBUSDT-4h-2022-07.zip,9850
BNBUSDT,4h,2022-08,True,BNBUSDT/4h/BNBUSDT-4h-2022-08.zip,9873
BNBUSDT,4h,2022-09,True,BNBUSDT/4h/BNBUSDT-4h-2022-09.zip,9422
BNBUSDT,4h,2022-10,True,BNBUSDT/4h/BNBUSDT-4h-2022-10.zip,9617
BNBUSDT,4h,2022-11,True,BNBUSDT/4h/BNBUSDT-4h-2022-11.zip,9692
BNBUSDT,4h,2022-12,True,BNBUSDT/4h/BNBUSDT-4h-2022-12.zip,9668
BNBUSDT,4h,2023-01,True,BNBUSDT/4h/BNBUSDT-4h-2023-01.zip,9732
BNBUSDT,4h,2023-02,True,BNBUSDT/4h/BNBUSDT-4h-2023-02.zip,8831
BNBUSDT,4h,2023-03,True,BNBUSDT/4h/BNBUSDT-4h-2023-03.zip,9753
BNBUSDT,4h,2023-04,True,BNBUSDT/4h/BNBUSDT-4h-2023-04.zip,9265
BNBUSDT,4h,2023-05,True,BNBUSDT/4h/BNBUSDT-4h-2023-05.zip,9430
BNBUSDT,4h,2023-06,True,BNBUSDT/4h/BNBUSDT-4h-2023-06.zip,9507
BNBUSDT,4h,2023-07,True,BNBUSDT/4h/BNBUSDT-4h-2023-07.zip,9520
BNBUSDT,4h,2023-08,True,BNBUSDT/4h/BNBUSDT-4h-2023-08.zip,9417
BNBUSDT,4h,2023-09,True,BNBUSDT/4h/BNBUSDT-4h-2023-09.zip,8964
BNBUSDT,4h,2023-10,True,BNBUSDT/4h/BNBUSDT-4h-2023-10.zip,9317
BNBUSDT,4h,2023-11,True,BNBUSDT/4h/BNBUSDT-4h-2023-11.zip,9284
BNBUSDT,4h,2023-12,True,BNBUSDT/4h/BNBUSDT-4h-2023-12.zip,9688
BNBUSDT,4h,2024-01,True,BNBUSDT/4h/BNBUSDT-4h-2024-01.zip,9685
BNBUSDT,4h,2024-02,True,BNBUSDT/4h/BNBUSDT-4h-2024-02.zip,9098
BNTUSDT,4h,2023-09,False,BNTUSDT/4h/BNTUSDT-4h-2023-09.zip,8288
BNTUSDT,4h,2023-10,False,BNTUSDT/4h/BNTUSDT-4h-2023-10.zip,9162
BNTUSDT,4h,2023-11,True,BNTUSDT/4h/BNTUSDT-4h-2023-11.zip,8926
BNXUSDT,4h,2022-11,False,BNXUSDT/4h/BNXUSDT-4h-2022-11.zip,8354
BNXUSDT,4h,2022-12,False,BNXUSDT/4h/BNXUSDT-4h-2022-12.zip,8941
BNXUSDT,4h,2023-01,True,BNXUSDT/4h/BNXUSDT-4h-2023-01.zip,8524
BTCUSDT,4h,2020-03,True,BTCUSDT/4h/BTCUSDT-4h-2020-03.zip,10420
BTCUSDT,4h,2020-04,True,BTCUSDT/4h/BTCUSDT-4h-2020-04.zip,10066
BTCUSDT,4h,2020-05,True,BTCUSDT/4h/BTCUSDT-4h-2020-05.zip,10405
BTCUSDT,4h,2020-06,True,BTCUSDT/4h/BTCUSDT-4h-2020-06.zip,9885
BTCUSDT,4h,2020-07,True,BTCUSDT/4h/BTCUSDT-4h-2020-07.zip,10146
BTCUSDT,4h,2020-08,True,BTCUSDT/4h/BTCUSDT-4h-2020-08.zip,10368
BTCUSDT,4h,2020-09,True,BTCUSDT/4h/BTCUSDT-4h-2020-09.zip,10042
BTCUSDT,4h,2020-10,True,BTCUSDT/4h/BTCUSDT-4h-2020-10.zip,10391
BTCUSDT,4h,2020-11,True,BTCUSDT/4h/BTCUSDT-4h-2020-11.zip,10326
BTCUSDT,4h,2020-12,True,BTCUSDT/4h/BTCUSDT-4h-2020-12.zip,10667
BTCUSDT,4h,2021-01,True,BTCUSDT/4h/BTCUSDT-4h-2021-01.zip,10935
BTCUSDT,4h,2021-02,True,BTCUSDT/4h/BTCUSDT-4h-2021-02.zip,9827
BTCUSDT,4h,2021-03,True,BTCUSDT/4h/BTCUSDT-4h-2021-03.zip,10893
BTCUSDT,4h,2021-04,True,BTCUSDT/4h/BTCUSDT-4h-2021-04.zip,10522
BTCUSDT,4h,2021-05,True,BTCUSDT/4h/BTCUSDT-4h-2021-05.zip,11057
BTCUSDT,4h,2021-06,True,BTCUSDT/4h/BTCUSDT-4h-2021-06.zip,10664
BTCUSDT,4h,2021-07,True,BTCUSDT/4h/BTCUSDT-4h-2021-07.zip,10837
BTCUSDT,4h,2021-08,True,BTCUSDT/4h/BTCUSDT-4h-2021-08.zip,10865
BTCUSDT,4h,2021-09,True,BTCUSDT/4h/BTCUSDT-4h-2021-09.zip,10510
BTCUSDT,4h,2021-10,True,BTCUSDT/4h/BTCUSDT-4h-2021-10.zip,10855
BTCUSDT,4h,2021-11,True,BTCUSDT/4h/BTCUSDT-4h-2021-11.zip,10480
BTCUSDT,4h,2021-12,True,BTCUSDT/4h/BTCUSDT-4h-2021-12.zip,10813
BTCUSDT,4h,2022-01,True,BTCUSDT/4h/BTCUSDT-4h-2022-01.zip,10902
BTCUSDT,4h,2022-02,True,BTCUSDT/4h/BTCUSDT-4h-2022-02.zip,9840
BTCUSDT,4h,2022-03,True,BTCUSDT/4h/BTCUSDT-4h-2022-03.zip,10692
BTCUSDT,4h,2022-04,True,BTCUSDT/4h/BTCUSDT-4h-2022-04.zip,10295
BTCUSDT,4h,2022-05,True,BTCUSDT/4h/BTCUSDT-4h-2022-05.zip,10748
BTCUSDT,4h,2022-06,True,BTCUSDT/4h/BTCUSDT-4h-2022-06.zip,10424
BTCUSDT,4h,2022-07,True,BTCUSDT/4h/BTCUSDT-4h-2022-07.zip,10715
BTCUSDT,4h,2022-08,True,BTCUSDT/4h/BTCUSDT-4h-2022-08.zip,10582
BTCUSDT,4h,2022-09,True,BTCUSDT/4h/BTCUSDT-4h-2022-09.zip,10305
BTCUSDT,4h,2022-10,True,BTCUSDT/4h/BTCUSDT-4h-2022-10.zip,10395
BTCUSDT,4h,2022-11,True,BTCUSDT/4h/BTCUSDT-4h-2022-11.zip,10155
BTCUSDT,4h,2022-12,True,BTCUSDT/4h/BTCUSDT-4h-2022-12.zip,10201
BTCUSDT,4h,2023-01,True,BTCUSDT/4h/BTCUSDT-4h-2023-01.zip,10465
BTCUSDT,4h,2023-02,True,BTCUSDT/4h/BTCUSDT-4h-2023-02.zip,9573
BTCUSDT,4h,2023-03,True,BTCUSDT/4h/BTCUSDT-4h-2023-03.zip,10719
BTCUSDT,4h,2023-04,True,BTCUSDT/4h/BTCUSDT-4h-2023-04.zip,10239
BTCUSDT,4h,2023-05,True,BTCUSDT/4h/BTCUSDT-4h-2023-05.zip,10548
BTCUSDT,4h,2023-06,True,BTCUSDT/4h/BTCUSDT-4h-2023-06.zip,10269
BTCUSDT,4h,2023-07,True,BTCUSDT/4h/BTCUSDT-4h-2023-07.zip,10401
BTCUSDT,4h,2023-08,True,BTCUSDT/4h/BTCUSDT-4h-2023-08.zip,10357
BTCUSDT,4h,2023-09,True,BTCUSDT/4h/BTCUSDT-4h-2023-09.zip,9962
BTCUSDT,4h,2023-10,True,BTCUSDT/4h/BTCUSDT-4h-2023-10.zip,10407
BTCUSDT,4h,2023-11,True,BTCUSDT/4h/BTCUSDT-4h-2023-11.zip,10105
BTCUSDT,4h,2023-12,True,BTCUSDT/4h/BTCUSDT-4h-2023-12.zip,10584
BTCUSDT,4h,2024-01,True,BTCUSDT/4h/BTCUSDT-4h-2024-01.zip,10664
BTCUSDT,4h,2024-02,True,BTCUSDT/4h/BTCUSDT-4h-2024-02.zip,9998
BTTUSDT,4h,2021-05,False,BTTUSDT/4h/BTTUSDT-4h-2021-05.zip,10039
BTTUSDT,4h,2021-06,True,BTTUSDT/4h/BTTUSDT-4h-2021-06.zip,9423
BTTUSDT,4h,2021-07,True,BTTUSDT/4h/BTTUSDT-4h-2021-07.zip,9455
BTTUSDT,4h,2021-08,False,BTTUSDT/4h/BTTUSDT-4h-2021-08.zip,9889
BTTUSDT,4h,2021-09,True,BTTUSDT/4h/BTTUSDT-4h-2021-09.zip,9442
BTTUSDT,4h,2021-11,False,BTTUSDT/4h/BTTUSDT-4h-2021-11.zip,9395
BTTUSDT,4h,2021-12,False,BTTUSDT/4h/BTTUSDT-4h-2021-12.zip,9805
BTTUSDT,4h,2022-01,True,BTTUSDT/4h/BTTUSDT-4h-2022-01.zip,4967
BZRXUSDT,4h,2020-10,False,BZRXUSDT/4h/BZRXUSDT-4h-2020-10.zip,8292
BZRXUSDT,4h,2020-11,True,BZRXUSDT/4h/BZRXUSDT-4h-2020-11.zip,8336
BZRXUSDT,4h,2020-12,True,BZRXUSDT/4h/BZRXUSDT-4h-2020-12.zip,8519
BZRXUSDT,4h,2021-01,True,BZRXUSDT/4h/BZRXUSDT-4h-2021-01.zip,8689
C98USDT,4h,2021-09,False,C98USDT/4h/C98USDT-4h-2021-09.zip,8926
C98USDT,4h,2021-10,True,C98USDT/4h/C98USDT-4h-2021-10.zip,9083
C98USDT,4h,2021-11,True,C98USDT/4h/C98USDT-4h-2021-11.zip,8624
C98USDT,4h,2023-07,False,C98USDT/4h/C98USDT-4h-2023-07.zip,8329
C98USDT,4h,2023-08,False,C98USDT/4h/C98USDT-4h-2023-08.zip,8706
C98USDT,4h,2023-09,True,C98USDT/4h/C98USDT-4h-2023-09.zip,8159
CELOUSDT,4h,2022-03,False,CELOUSDT/4h/CELOUSDT-4h-2022-03.zip,8896
CELOUSDT,4h,2022-04,False,CELOUSDT/4h/CELOUSDT-4h-2022-04.zip,8744
CELOUSDT,4h,2022-05,True,CELOUSDT/4h/CELOUSDT-4h-2022-05.zip,8856
CELOUSDT,4h,2022-11,False,CELOUSDT/4h/CELOUSDT-4h-2022-11.zip,8442
CELOUSDT,4h,2022-12,False,CELOUSDT/4h/CELOUSDT-4h-2022-12.zip,8640
CELOUSDT,4h,2023-01,True,CELOUSDT/4h/CELOUSDT-4h-2023-01.zip,8700
CELOUSDT,4h,2023-06,False,CELOUSDT/4h/CELOUSDT-4h-2023-06.zip,8274
CELOUSDT,4h,2023-07,False,CELOUSDT/4h/CELOUSDT-4h-2023-07.zip,8653
CELOUSDT,4h,2023-08,True,CELOUSDT/4h/CELOUSDT-4h-2023-08.zip,8404
CELRUSDT,4h,2021-08,False,CELRUSDT/4h/CELRUSDT-4h-2021-08.zip,9224
CELRUSDT,4h,2021-09,False,CELRUSDT/4h/CELRUSDT-4h-2021-09.zip,9508
CELRUSDT,4h,2021-10,True,CELRUSDT/4h/CELRUSDT-4h-2021-10.zip,9615
CELRUSDT,4h,2021-11,True,CELRUSDT/4h/CELRUSDT-4h-2021-11.zip,9261
CELRUSDT,4h,2021-12,True,CELRUSDT/4h/CELRUSDT-4h-2021-12.zip,9555
CELRUSDT,4h,2022-01,True,CELRUSDT/4h/CELRUSDT-4h-2022-01.zip,9654
CELRUSDT,4h,2022-02,True,CELRUSDT/4h/CELRUSDT-4h-2022-02.zip,8601
CELRUSDT,4h,2022-03,True,CELRUSDT/4h/CELRUSDT-4h-2022-03.zip,9445
CELRUSDT,4h,2022-04,False,CELRUSDT/4h/CELRUSDT-4h-2022-04.zip,9226
CELRUSDT,4h,2022-05,True,CELRUSDT/4h/CELRUSDT-4h-2022-05.zip,9386
CELRUSDT,4h,2023-03,False,CELRUSDT/4h/CELRUSDT-4h-2023-03.zip,9260
CELRUSDT,4h,2023-04,False,CELRUSDT/4h/CELRUSDT-4h-2023-04.zip,9043
CELRUSDT,4h,2023-05,True,CELRUSDT/4h/CELRUSDT-4h-2023-05.zip,9080
CFXUSDT,4h,2023-03,False,CFXUSDT/4h/CFXUSDT-4h-2023-03.zip,10069
CFXUSDT,4h,2023-04,True,CFXUSDT/4h/CFXUSDT-4h-2023-04.zip,9448
CFXUSDT,4h,2023-05,True,CFXUSDT/4h/CFXUSDT-4h-2023-05.zip,9599
CFXUSDT,4h,2023-06,True,CFXUSDT/4h/CFXUSDT-4h-2023-06.zip,9275
CFXUSDT,4h,2023-07,True,CFXUSDT/4h/CFXUSDT-4h-2023-07.zip,9278
CFXUSDT,4h,2023-08,True,CFXUSDT/4h/CFXUSDT-4h-2023-08.zip,9224
CFXUSDT,4h,2023-09,True,CFXUSDT/4h/CFXUSDT-4h-2023-09.zip,8805
CFXUSDT,4h,2023-10,True,CFXUSDT/4h/CFXUSDT-4h-2023-10.zip,9186
CFXUSDT,4h,2023-11,True,CFXUSDT/4h/CFXUSDT-4h-2023-11.zip,8963
CFXUSDT,4h,2023-12,False,CFXUSDT/4h/CFXUSDT-4h-2023-12.zip,9256
CFXUSDT,4h,2024-01,False,CFXUSDT/4h/CFXUSDT-4h-2024-01.zip,9409
CFXUSDT,4h,2024-02,True,CFXUSDT/4h/CFXUSDT-4h-2024-02.zip,8656
CHRUSDT,4h,2021-06,False,CHRUSDT/4h/CHRUSDT-4h-2021-06.zip,8244
CHRUSDT,4h,2021-07,False,CHRUSDT/4h/CHRUSDT-4h-2021-07.zip,9089
CHRUSDT,4h,2021-08,True,CHRUSDT/4h/CHRUSDT-4h-2021-08.zip,9015
CHRUSDT,4h,2021-09,True,CHRUSDT/4h/CHRUSDT-4h-2021-09.zip,8604
CHRUSDT,4h,2021-10,False,CHRUSDT/4h/CHRUSDT-4h-2021-10.zip,8761
CHRUSDT,4h,2021-11,False,CHRUSDT/4h/CHRUSDT-4h-2021-11.zip,9160
CHRUSDT,4h,2021-12,True,CHRUSDT/4h/CHRUSDT-4h-2021-12.zip,9085
CHRUSDT,4h,2022-01,True,CHRUSDT/4h/CHRUSDT-4h-2022-01.zip,9206
CHRUSDT,4h,2022-02,True,CHRUSDT/4h/CHRUSDT-4h-2022-02.zip,8195
CHRUSDT,4h,2022-03,True,CHRUSDT/4h/CHRUSDT-4h-2022-03.zip,8947
CHRUSDT,4h,2022-04,False,CHRUSDT/4h/CHRUSDT-4h-2022-04.zip,8656
CHRUSDT,4h,2022-05,True,CHRUSDT/4h/CHRUSDT-4h-2022-05.zip,8916
CHZUSDT,4h,2021-02,False,CHZUSDT/4h/CHZUSDT-4h-2021-02.zip,8246
CHZUSDT,4h,2021-03,False,CHZUSDT/4h/CHZUSDT-4h-2021-03.zip,10023
CHZUSDT,4h,2021-04,True,CHZUSDT/4h/CHZUSDT-4h-2021-04.zip,9620
CHZUSDT,4h,2021-05,True,CHZUSDT/4h/CHZUSDT-4h-2021-05.zip,9811
CHZUSDT,4h,2021-06,True,CHZUSDT/4h/CHZUSDT-4h-2021-06.zip,9440
CHZUSDT,4h,2021-07,True,CHZUSDT/4h/CHZUSDT-4h-2021-07.zip,9501
CHZUSDT,4h,2021-08,True,CHZUSDT/4h/CHZUSDT-4h-2021-08.zip,9666
CHZUSDT,4h,2021-09,True,CHZUSDT/4h/CHZUSDT-4h-2021-09.zip,9264
CHZUSDT,4h,2021-10,False,CHZUSDT/4h/CHZUSDT-4h-2021-10.zip,9586
CHZUSDT,4h,2021-11,True,CHZUSDT/4h/CHZUSDT-4h-2021-11.zip,9510
CHZUSDT,4h,2021-12,True,CHZUSDT/4h/CHZUSDT-4h-2021-12.zip,9530
CHZUSDT,4h,2022-01,False,CHZUSDT/4h/CHZUSDT-4h-2022-01.zip,9601
CHZUSDT,4h,2022-02,False,CHZUSDT/4h/CHZUSDT-4h-2022-02.zip,8669
CHZUSDT,4h,2022-03,True,CHZUSDT/4h/CHZUSDT-4h-2022-03.zip,9665
CHZUSDT,4h,2022-04,True,CHZUSDT/4h/CHZUSDT-4h-2022-04.zip,9280
CHZUSDT,4h,2022-05,True,CHZUSDT/4h/CHZUSDT-4h-2022-05.zip,9553
CHZUSDT,4h,2022-07,False,CHZUSDT/4h/CHZUSDT-4h-2022-07.zip,9396
CHZUSDT,4h,2022-08,False,CHZUSDT/4h/CHZUSDT-4h-2022-08.zip,9941
CHZUSDT,4h,2022-09,True,CHZUSDT/4h/CHZUSDT-4h-2022-09.zip,9674
CHZUSDT,4h,2022-10,True,CHZUSDT/4h/CHZUSDT-4h-2022-10.zip,9784
CHZUSDT,4h,2022-11,True,CHZUSDT/4h/CHZUSDT-4h-2022-11.zip,9834
CHZUSDT,4h,2022-12,True,CHZUSDT/4h/CHZUSDT-4h-2022-12.zip,9639
CHZUSDT,4h,2023-01,True,CHZUSDT/4h/CHZUSDT-4h-2023-01.zip,9584
CHZUSDT,4h,2023-02,True,CHZUSDT/4h/CHZUSDT-4h-2023-02.zip,8643
CHZUSDT,4h,2023-03,True,CHZUSDT/4h/CHZUSDT-4h-2023-03.zip,9365
CHZUSDT,4h,2023-04,False,CHZUSDT/4h/CHZUSDT-4h-2023-04.zip,9155
CHZUSDT,4h,2023-05,True,CHZUSDT/4h/CHZUSDT-4h-2023-05.zip,9297
CHZUSDT,4h,2023-12,False,CHZUSDT/4h/CHZUSDT-4h-2023-12.zip,9313
CHZUSDT,4h,2024-01,False,CHZUSDT/4h/CHZUSDT-4h-2024-01.zip,9607
CHZUSDT,4h,2024-02,True,CHZUSDT/4h/CHZUSDT-4h-2024-02.zip,8854
CKBUSDT,4h,2024-01,False,CKBUSDT/4h/CKBUSDT-4h-2024-01.zip,9480
CKBUSDT,4h,2024-02,False,CKBUSDT/4h/CKBUSDT-4h-2024-02.zip,9856
COCOSUSDT,4h,2023-03,False,COCOSUSDT/4h/COCOSUSDT-4h-2023-03.zip,9152
COCOSUSDT,4h,2023-04,False,COCOSUSDT/4h/COCOSUSDT-4h-2023-04.zip,9058
COCOSUSDT,4h,2023-05,True,COCOSUSDT/4h/COCOSUSDT-4h-2023-05.zip,7843
COMPUSDT,4h,2020-07,False,COMPUSDT/4h/COMPUSDT-4h-2020-07.zip,9154
COMPUSDT,4h,2020-08,True,COMPUSDT/4h/COMPUSDT-4h-2020-08.zip,9456
COMPUSDT,4h,2020-09,True,COMPUSDT/4h/COMPUSDT-4h-2020-09.zip,9008
COMPUSDT,4h,2020-10,True,COMPUSDT/4h/COMPUSDT-4h-2020-10.zip,9171
COMPUSDT,4h,2020-11,True,COMPUSDT/4h/COMPUSDT-4h-2020-11.zip,9035
COMPUSDT,4h,2020-12,True,COMPUSDT/4h/COMPUSDT-4h-2020-12.zip,9413
COMPUSDT,4h,2021-01,True,COMPUSDT/4h/COMPUSDT-4h-2021-01.zip,9506
COMPUSDT,4h,2021-02,True,COMPUSDT/4h/COMPUSDT-4h-2021-02.zip,8735
COMPUSDT,4h,2021-06,False,COMPUSDT/4h/COMPUSDT-4h-2021-06.zip,9212
COMPUSDT,4h,2021-07,False,COMPUSDT/4h/COMPUSDT-4h-2021-07.zip,9789
COMPUSDT,4h,2021-08,True,COMPUSDT/4h/COMPUSDT-4h-2021-08.zip,9693
COMPUSDT,4h,2022-03,False,COMPUSDT/4h/COMPUSDT-4h-2022-03.zip,9430
COMPUSDT,4h,2022-04,False,COMPUSDT/4h/COMPUSDT-4h-2022-04.zip,9312
COMPUSDT,4h,2022-05,True,COMPUSDT/4h/COMPUSDT-4h-2022-05.zip,9440
COMPUSDT,4h,2022-06,False,COMPUSDT/4h/COMPUSDT-4h-2022-06.zip,9188
COMPUSDT,4h,2022-07,False,COMPUSDT/4h/COMPUSDT-4h-2022-07.zip,9446
COMPUSDT,4h,2022-08,True,COMPUSDT/4h/COMPUSDT-4h-2022-08.zip,9335
COMPUSDT,4h,2022-09,False,COMPUSDT/4h/COMPUSDT-4h-2022-09.zip,9099
COMPUSDT,4h,2022-10,True,COMPUSDT/4h/COMPUSDT-4h-2022-10.zip,9183
COMPUSDT,4h,2023-05,False,COMPUSDT/4h/COMPUSDT-4h-2023-05.zip,8911
COMPUSDT,4h,2023-06,False,COMPUSDT/4h/COMPUSDT-4h-2023-06.zip,8946
COMPUSDT,4h,2023-07,True,COMPUSDT/4h/COMPUSDT-4h-2023-07.zip,9923
COMPUSDT,4h,2023-08,True,COMPUSDT/4h/COMPUSDT-4h-2023-08.zip,9489
COMPUSDT,4h,2023-09,True,COMPUSDT/4h/COMPUSDT-4h-2023-09.zip,8966
COMPUSDT,4h,2023-10,True,COMPUSDT/4h/COMPUSDT-4h-2023-10.zip,9232
COTIUSDT,4h,2021-08,False,COTIUSDT/4h/COTIUSDT-4h-2021-08.zip,9517
COTIUSDT,4h,2021-09,False,COTIUSDT/4h/COTIUSDT-4h-2021-09.zip,9439
COTIUSDT,4h,2021-10,True,COTIUSDT/4h/COTIUSDT-4h-2021-10.zip,9636
COTIUSDT,4h,2021-11,True,COTIUSDT/4h/COTIUSDT-4h-2021-11.zip,9246
COTIUSDT,4h,2021-12,False,COTIUSDT/4h/COTIUSDT-4h-2021-12.zip,9481
COTIUSDT,4h,2022-01,False,COTIUSDT/4h/COTIUSDT-4h-2022-01.zip,9703
COTIUSDT,4h,2022-02,True,COTIUSDT/4h/COTIUSDT-4h-2022-02.zip,8624
COTIUSDT,4h,2022-03,True,COTIUSDT/4h/COTIUSDT-4h-2022-03.zip,9384
COTIUSDT,4h,2022-04,False,COTIUSDT/4h/COTIUSDT-4h-2022-04.zip,9216
COTIUSDT,4h,2022-05,True,COTIUSDT/4h/COTIUSDT-4h-2022-05.zip,9433
COTIUSDT,4h,2024-01,False,COTIUSDT/4h/COTIUSDT-4h-2024-01.zip,8989
COTIUSDT,4h,2024-02,False,COTIUSDT/4h/COTIUSDT-4h-2024-02.zip,9077
CRVUSDT,4h,2020-10,False,CRVUSDT/4h/CRVUSDT-4h-2020-10.zip,8620
CRVUSDT,4h,2020-11,True,CRVUSDT/4h/CRVUSDT-4h-2020-11.zip,8581
CRVUSDT,4h,2020-12,True,CRVUSDT/4h/CRVUSDT-4h-2020-12.zip,8682
CRVUSDT,4h,2021-01,True,CRVUSDT/4h/CRVUSDT-4h-2021-01.zip,9000
CRVUSDT,4h,2021-02,True,CRVUSDT/4h/CRVUSDT-4h-2021-02.zip,8159
CRVUSDT,4h,2021-03,True,CRVUSDT/4h/CRVUSDT-4h-2021-03.zip,8994
CRVUSDT,4h,2021-04,True,CRVUSDT/4h/CRVUSDT-4h-2021-04.zip,8744
CRVUSDT,4h,2021-05,True,CRVUSDT/4h/CRVUSDT-4h-2021-05.zip,9090
CRVUSDT,4h,2021-06,True,CRVUSDT/4h/CRVUSDT-4h-2021-06.zip,8684
CRVUSDT,4h,2021-07,True,CRVUSDT/4h/CRVUSDT-4h-2021-07.zip,8709
CRVUSDT,4h,2021-08,False,CRVUSDT/4h/CRVUSDT-4h-2021-08.zip,8890
CRVUSDT,4h,2021-09,False,CRVUSDT/4h/CRVUSDT-4h-2021-09.zip,8757
CRVUSDT,4h,2021-10,True,CRVUSDT/4h/CRVUSDT-4h-2021-10.zip,9080
CRVUSDT,4h,2021-11,True,CRVUSDT/4h/CRVUSDT-4h-2021-11.zip,8912
CRVUSDT,4h,2021-12,True,CRVUSDT/4h/CRVUSDT-4h-2021-12.zip,9254
CRVUSDT,4h,2022-01,True,CRVUSDT/4h/CRVUSDT-4h-2022-01.zip,9371
CRVUSDT,4h,2022-02,True,CRVUSDT/4h/CRVUSDT-4h-2022-02.zip,8272
CRVUSDT,4h,2022-03,True,CRVUSDT/4h/CRVUSDT-4h-2022-03.zip,9057
CRVUSDT,4h,2022-04,True,CRVUSDT/4h/CRVUSDT-4h-2022-04.zip,8767
CRVUSDT,4h,2022-05,True,CRVUSDT/4h/CRVUSDT-4h-2022-05.zip,9133
CRVUSDT,4h,2022-06,True,CRVUSDT/4h/CRVUSDT-4h-2022-06.zip,8706
CRVUSDT,4h,2022-07,True,CRVUSDT/4h/CRVUSDT-4h-2022-07.zip,9223
CRVUSDT,4h,2022-08,True,CRVUSDT/4h/CRVUSDT-4h-2022-08.zip,9019
CRVUSDT,4h,2022-09,True,CRVUSDT/4h/CRVUSDT-4h-2022-09.zip,8643
CRVUSDT,4h,2022-10,True,CRVUSDT/4h/CRVUSDT-4h-2022-10.zip,8805
CRVUSDT,4h,2022-11,True,CRVUSDT/4h/CRVUSDT-4h-2022-11.zip,8814
CRVUSDT,4h,2022-12,True,CRVUSDT/4h/CRVUSDT-4h-2022-12.zip,8704
CRVUSDT,4h,2023-01,True,CRVUSDT/4h/CRVUSDT-4h-2023-01.zip,9006
CRVUSDT,4h,2023-02,True,CRVUSDT/4h/CRVUSDT-4h-2023-02.zip,8263
CRVUSDT,4h,2023-03,True,CRVUSDT/4h/CRVUSDT-4h-2023-03.zip,8930
CRVUSDT,4h,2023-04,True,CRVUSDT/4h/CRVUSDT-4h-2023-04.zip,8440
CRVUSDT,4h,2023-05,True,CRVUSDT/4h/CRVUSDT-4h-2023-05.zip,8639
CRVUSDT,4h,2023-06,True,CRVUSDT/4h/CRVUSDT-4h-2023-06.zip,8549
CRVUSDT,4h,2023-07,True,CRVUSDT/4h/CRVUSDT-4h-2023-07.zip,8712
CRVUSDT,4h,2023-08,True,CRVUSDT/4h/CRVUSDT-4h-2023-08.zip,8861
CRVUSDT,4h,2023-09,True,CRVUSDT/4h/CRVUSDT-4h-2023-09.zip,8364
CRVUSDT,4h,2023-10,True,CRVUSDT/4h/CRVUSDT-4h-2023-10.zip,8633
CRVUSDT,4h,2023-11,True,CRVUSDT/4h/CRVUSDT-4h-2023-11.zip,8428
CTSIUSDT,4h,2023-03,False,CTSIUSDT/4h/CTSIUSDT-4h-2023-03.zip,8388
CTSIUSDT,4h,2023-04,False,CTSIUSDT/4h/CTSIUSDT-4h-2023-04.zip,8606
CTSIUSDT,4h,2023-05,True,CTSIUSDT/4h/CTSIUSDT-4h-2023-05.zip,8911
CTSIUSDT,4h,2023-06,True,CTSIUSDT/4h/CTSIUSDT-4h-2023-06.zip,8430
CVCUSDT,4h,2020-12,False,CVCUSDT/4h/CVCUSDT-4h-2020-12.zip,8985
CVCUSDT,4h,2021-01,True,CVCUSDT/4h/CVCUSDT-4h-2021-01.zip,9103
CVCUSDT,4h,2021-08,False,CVCUSDT/4h/CVCUSDT-4h-2021-08.zip,9275
CVCUSDT,4h,2021-09,False,CVCUSDT/4h/CVCUSDT-4h-2021-09.zip,9313
CVCUSDT,4h,2021-10,True,CVCUSDT/4h/CVCUSDT-4h-2021-10.zip,9361
CYBERUSDT,4h,2023-09,False,CYBERUSDT/4h/CYBERUSDT-4h-2023-09.zip,9208
CYBERUSDT,4h,2023-10,True,CYBERUSDT/4h/CYBERUSDT-4h-2023-10.zip,9130
DARUSDT,4h,2022-05,False,DARUSDT/4h/DARUSDT-4h-2022-05.zip,9408
DARUSDT,4h,2022-06,True,DARUSDT/4h/DARUSDT-4h-2022-06.zip,8991
DASHUSDT,4h,2020-03,False,DASHUSDT/4h/DASHUSDT-4h-2020-03.zip,8934
DASHUSDT,4h,2020-04,True,DASHUSDT/4h/DASHUSDT-4h-2020-04.zip,8616
DASHUSDT,4h,2020-05,True,DASHUSDT/4h/DASHUSDT-4h-2020-05.zip,8805
DASHUSDT,4h,2020-06,True,DASHUSDT/4h/DASHUSDT-4h-2020-06.zip,8334
DASHUSDT,4h,2020-07,True,DASHUSDT/4h/DASHUSDT-4h-2020-07.zip,8728
DASHUSDT,4h,2020-08,True,DASHUSDT/4h/DASHUSDT-4h-2020-08.zip,9006
DASHUSDT,4h,2020-09,True,DASHUSDT/4h/DASHUSDT-4h-2020-09.zip,8549
DASHUSDT,4h,2020-10,True,DASHUSDT/4h/DASHUSDT-4h-2020-10.zip,8797
DASHUSDT,4h,2020-11,True,DASHUSDT/4h/DASHUSDT-4h-2020-11.zip,8857
DASHUSDT,4h,2020-12,True,DASHUSDT/4h/DASHUSDT-4h-2020-12.zip,9162
DASHUSDT,4h,2021-01,True,DASHUSDT/4h/DASHUSDT-4h-2021-01.zip,9437
DASHUSDT,4h,2021-02,True,DASHUSDT/4h/DASHUSDT-4h-2021-02.zip,8785
DASHUSDT,4h,2021-03,True,DASHUSDT/4h/DASHUSDT-4h-2021-03.zip,9447
DASHUSDT,4h,2021-04,False,DASHUSDT/4h/DASHUSDT-4h-2021-04.zip,9414
DASHUSDT,4h,2021-05,True,DASHUSDT/4h/DASHUSDT-4h-2021-05.zip,9777
DASHUSDT,4h,2021-06,True,DASHUSDT/4h/DASHUSDT-4h-2021-06.zip,9097
DASHUSDT,4h,2021-07,False,DASHUSDT/4h/DASHUSDT-4h-2021-07.zip,9357
DASHUSDT,4h,2021-08,True,DASHUSDT/4h/DASHUSDT-4h-2021-08.zip,9525
DASHUSDT,4h,2022-11,False,DASHUSDT/4h/DASHUSDT-4h-2022-11.zip,8996
DASHUSDT,4h,2022-12,False,DASHUSDT/4h/DASHUSDT-4h-2022-12.zip,9223
DASHUSDT,4h,2023-01,True,DASHUSDT/4h/DASHUSDT-4h-2023-01.zip,9304
DEFIUSDT,4h,2020-09,False,DEFIUSDT/4h/DEFIUSDT-4h-2020-09.zip,8478
DEFIUSDT,4h,2020-10,True,DEFIUSDT/4h/DEFIUSDT-4h-2020-10.zip,8485
DEFIUSDT,4h,2020-11,True,DEFIUSDT/4h/DEFIUSDT-4h-2020-11.zip,8367
DEFIUSDT,4h,2020-12,True,DEFIUSDT/4h/DEFIUSDT-4h-2020-12.zip,8505
DENTUSDT,4h,2021-04,False,DENTUSDT/4h/DENTUSDT-4h-2021-04.zip,9989
DENTUSDT,4h,2021-05,True,DENTUSDT/4h/DENTUSDT-4h-2021-05.zip,10026
DENTUSDT,4h,2021-07,False,DENTUSDT/4h/DENTUSDT-4h-2021-07.zip,9566
DENTUSDT,4h,2021-08,False,DENTUSDT/4h/DENTUSDT-4h-2021-08.zip,10100
DENTUSDT,4h,2021-09,True,DENTUSDT/4h/DENTUSDT-4h-2021-09.zip,9579
DENTUSDT,4h,2022-01,False,DENTUSDT/4h/DENTUSDT-4h-2022-01.zip,9866
DENTUSDT,4h,2022-02,False,DENTUSDT/4h/DENTUSDT-4h-2022-02.zip,8944
DENTUSDT,4h,2022-03,True,DENTUSDT/4h/DENTUSDT-4h-2022-03.zip,9744
DODOUSDT,4h,2021-06,False,DODOUSDT/4h/DODOUSDT-4h-2021-06.zip,8388
DODOUSDT,4h,2021-07,False,DODOUSDT/4h/DODOUSDT-4h-2021-07.zip,8819
DODOUSDT,4h,2021-08,True,DODOUSDT/4h/DODOUSDT-4h-2021-08.zip,8930
DODOUSDT,4h,2022-01,False,DODOUSDT/4h/DODOUSDT-4h-2022-01.zip,8782
DODOUSDT,4h,2022-02,False,DODOUSDT/4h/DODOUSDT-4h-2022-02.zip,7933
DODOUSDT,4h,2022-03,True,DODOUSDT/4h/DODOUSDT-4h-2022-03.zip,8629
DODOUSDT,4h,2022-04,False,DODOUSDT/4h/DODOUSDT-4h-2022-04.zip,8460
DODOUSDT,4h,2022-05,True,DODOUSDT/4h/DODOUSDT-4h-2022-05.zip,7452
DOGEUSDT,4h,2020-08,False,DOGEUSDT/4h/DOGEUSDT-4h-2020-08.zip,9078
DOGEUSDT,4h,2020-09,True,DOGEUSDT/4h/DOGEUSDT-4h-2020-09.zip,8618
DOGEUSDT,4h,2020-10,True,DOGEUSDT/4h/DOGEUSDT-4h-2020-10.zip,8749
DOGEUSDT,4h,2020-11,False,DOGEUSDT/4h/DOGEUSDT-4h-2020-11.zip,8919
DOGEUSDT,4h,2020-12,False,DOGEUSDT/4h/DOGEUSDT-4h-2020-12.zip,9270
DOGEUSDT,4h,2021-01,True,DOGEUSDT/4h/DOGEUSDT-4h-2021-01.zip,9993
DOGEUSDT,4h,2021-02,True,DOGEUSDT/4h/DOGEUSDT-4h-2021-02.zip,9532
DOGEUSDT,4h,2021-03,True,DOGEUSDT/4h/DOGEUSDT-4h-2021-03.zip,9979
DOGEUSDT,4h,2021-04,True,DOGEUSDT/4h/DOGEUSDT-4h-2021-04.zip,10480
DOGEUSDT,4h,2021-05,True,DOGEUSDT/4h/DOGEUSDT-4h-2021-05.zip,10765
DOGEUSDT,4h,2021-06,True,DOGEUSDT/4h/DOGEUSDT-4h-2021-06.zip,10155
DOGEUSDT,4h,2021-07,True,DOGEUSDT/4h/DOGEUSDT-4h-2021-07.zip,10221
DOGEUSDT,4h,2021-08,True,DOGEUSDT/4h/DOGEUSDT-4h-2021-08.zip,10413
DOGEUSDT,4h,2021-09,True,DOGEUSDT/4h/DOGEUSDT-4h-2021-09.zip,9812
DOGEUSDT,4h,2021-10,True,DOGEUSDT/4h/DOGEUSDT-4h-2021-10.zip,10263
DOGEUSDT,4h,2021-11,True,DOGEUSDT/4h/DOGEUSDT-4h-2021-11.zip,9779
DOGEUSDT,4h,2021-12,True,DOGEUSDT/4h/DOGEUSDT-4h-2021-12.zip,9961
DOGEUSDT,4h,2022-01,True,DOGEUSDT/4h/DOGEUSDT-4h-2022-01.zip,10113
DOGEUSDT,4h,2022-02,True,DOGEUSDT/4h/DOGEUSDT-4h-2022-02.zip,9050
DOGEUSDT,4h,2022-03,True,DOGEUSDT/4h/DOGEUSDT-4h-2022-03.zip,9901
DOGEUSDT,4h,2022-04,True,DOGEUSDT/4h/DOGEUSDT-4h-2022-04.zip,9806
DOGEUSDT,4h,2022-05,True,DOGEUSDT/4h/DOGEUSDT-4h-2022-05.zip,9988
DOGEUSDT,4h,2022-06,True,DOGEUSDT/4h/DOGEUSDT-4h-2022-06.zip,9620
DOGEUSDT,4h,2022-07,True,DOGEUSDT/4h/DOGEUSDT-4h-2022-07.zip,9806
DOGEUSDT,4h,2022-08,True,DOGEUSDT/4h/DOGEUSDT-4h-2022-08.zip,9912
DOGEUSDT,4h,2022-09,True,DOGEUSDT/4h/DOGEUSDT-4h-2022-09.zip,9410
DOGEUSDT,4h,2022-10,True,DOGEUSDT/4h/DOGEUSDT-4h-2022-10.zip,9874
DOGEUSDT,4h,2022-11,True,DOGEUSDT/4h/DOGEUSDT-4h-2022-11.zip,10066
DOGEUSDT,4h,2022-12,True,DOGEUSDT/4h/DOGEUSDT-4h-2022-12.zip,10068
DOGEUSDT,4h,2023-01,True,DOGEUSDT/4h/DOGEUSDT-4h-2023-01.zip,10039
DOGEUSDT,4h,2023-02,True,DOGEUSDT/4h/DOGEUSDT-4h-2023-02.zip,9105
DOGEUSDT,4h,2023-03,True,DOGEUSDT/4h/DOGEUSDT-4h-2023-03.zip,9864
DOGEUSDT,4h,2023-04,True,DOGEUSDT/4h/DOGEUSDT-4h-2023-04.zip,9817
DOGEUSDT,4h,2023-05,True,DOGEUSDT/4h/DOGEUSDT-4h-2023-05.zip,9702
DOGEUSDT,4h,2023-06,True,DOGEUSDT/4h/DOGEUSDT-4h-2023-06.zip,9439
DOGEUSDT,4h,2023-07,True,DOGEUSDT/4h/DOGEUSDT-4h-2023-07.zip,9958
DOGEUSDT,4h,2023-08,True,DOGEUSDT/4h/DOGEUSDT-4h-2023-08.zip,9819
DOGEUSDT,4h,2023-09,True,DOGEUSDT/4h/DOGEUSDT-4h-2023-09.zip,9234
DOGEUSDT,4h,2023-10,True,DOGEUSDT/4h/DOGEUSDT-4h-2023-10.zip,9758
DOGEUSDT,4h,2023-11,True,DOGEUSDT/4h/DOGEUSDT-4h-2023-11.zip,9723
DOGEUSDT,4h,2023-12,True,DOGEUSDT/4h/DOGEUSDT-4h-2023-12.zip,10037
DOGEUSDT,4h,2024-01,True,DOGEUSDT/4h/DOGEUSDT-4h-2024-01.zip,9897
DOGEUSDT,4h,2024-02,True,DOGEUSDT/4h/DOGEUSDT-4h-2024-02.zip,9191
DOTUSDT,4h,2020-09,False,DOTUSDT/4h/DOTUSDT-4h-2020-09.zip,8673
DOTUSDT,4h,2020-10,True,DOTUSDT/4h/DOTUSDT-4h-2020-10.zip,8722
DOTUSDT,4h,2020-11,True,DOTUSDT/4h/DOTUSDT-4h-2020-11.zip,8574
DOTUSDT,4h,2020-12,True,DOTUSDT/4h/DOTUSDT-4h-2020-12.zip,8805
DOTUSDT,4h,2021-01,True,DOTUSDT/4h/DOTUSDT-4h-2021-01.zip,9442
DOTUSDT,4h,2021-02,True,DOTUSDT/4h/DOTUSDT-4h-2021-02.zip,8709
DOTUSDT,4h,2021-03,True,DOTUSDT/4h/DOTUSDT-4h-2021-03.zip,9473
DOTUSDT,4h,2021-04,True,DOTUSDT/4h/DOTUSDT-4h-2021-04.zip,9318
DOTUSDT,4h,2021-05,True,DOTUSDT/4h/DOTUSDT-4h-2021-05.zip,9687
DOTUSDT,4h,2021-06,True,DOTUSDT/4h/DOTUSDT-4h-2021-06.zip,9274
DOTUSDT,4h,2021-07,True,DOTUSDT/4h/DOTUSDT-4h-2021-07.zip,9425
DOTUSDT,4h,2021-08,True,DOTUSDT/4h/DOTUSDT-4h-2021-08.zip,9581
DOTUSDT,4h,2021-09,True,DOTUSDT/4h/DOTUSDT-4h-2021-09.zip,9372
DOTUSDT,4h,2021-10,True,DOTUSDT/4h/DOTUSDT-4h-2021-10.zip,9585
DOTUSDT,4h,2021-11,True,DOTUSDT/4h/DOTUSDT-4h-2021-11.zip,9270
DOTUSDT,4h,2021-12,True,DOTUSDT/4h/DOTUSDT-4h-2021-12.zip,9545
DOTUSDT,4h,2022-01,True,DOTUSDT/4h/DOTUSDT-4h-2022-01.zip,9647
DOTUSDT,4h,2022-02,True,DOTUSDT/4h/DOTUSDT-4h-2022-02.zip,8675
DOTUSDT,4h,2022-03,True,DOTUSDT/4h/DOTUSDT-4h-2022-03.zip,9489
DOTUSDT,4h,2022-04,True,DOTUSDT/4h/DOTUSDT-4h-2022-04.zip,9145
DOTUSDT,4h,2022-05,True,DOTUSDT/4h/DOTUSDT-4h-2022-05.zip,9512
DOTUSDT,4h,2022-06,True,DOTUSDT/4h/DOTUSDT-4h-2022-06.zip,9071
DOTUSDT,4h,2022-07,True,DOTUSDT/4h/DOTUSDT-4h-2022-07.zip,9263
DOTUSDT,4h,2022-08,True,DOTUSDT/4h/DOTUSDT-4h-2022-08.zip,9272
DOTUSDT,4h,2022-09,True,DOTUSDT/4h/DOTUSDT-4h-2022-09.zip,8883
DOTUSDT,4h,2022-10,True,DOTUSDT/4h/DOTUSDT-4h-2022-10.zip,9041
DOTUSDT,4h,2022-11,True,DOTUSDT/4h/DOTUSDT-4h-2022-11.zip,8883
DOTUSDT,4h,2022-12,True,DOTUSDT/4h/DOTUSDT-4h-2022-12.zip,8933
DOTUSDT,4h,2023-01,True,DOTUSDT/4h/DOTUSDT-4h-2023-01.zip,9155
DOTUSDT,4h,2023-02,True,DOTUSDT/4h/DOTUSDT-4h-2023-02.zip,8352
DOTUSDT,4h,2023-03,True,DOTUSDT/4h/DOTUSDT-4h-2023-03.zip,9154
DOTUSDT,4h,2023-04,True,DOTUSDT/4h/DOTUSDT-4h-2023-04.zip,8763
DOTUSDT,4h,2023-05,True,DOTUSDT/4h/DOTUSDT-4h-2023-05.zip,8866
DOTUSDT,4h,2023-06,True,DOTUSDT/4h/DOTUSDT-4h-2023-06.zip,8741
DOTUSDT,4h,2023-07,True,DOTUSDT/4h/DOTUSDT-4h-2023-07.zip,8923
DOTUSDT,4h,2023-08,True,DOTUSDT/4h/DOTUSDT-4h-2023-08.zip,8738
DOTUSDT,4h,2023-09,True,DOTUSDT/4h/DOTUSDT-4h-2023-09.zip,8409
DOTUSDT,4h,2023-10,True,DOTUSDT/4h/DOTUSDT-4h-2023-10.zip,8908
DOTUSDT,4h,2023-11,True,DOTUSDT/4h/DOTUSDT-4h-2023-11.zip,8831
DOTUSDT,4h,2023-12,True,DOTUSDT/4h/DOTUSDT-4h-2023-12.zip,9331
DOTUSDT,4h,2024-01,True,DOTUSDT/4h/DOTUSDT-4h-2024-01.zip,9236
DOTUSDT,4h,2024-02,True,DOTUSDT/4h/DOTUSDT-4h-2024-02.zip,8555
DUSKUSDT,4h,2022-02,False,DUSKUSDT/4h/DUSKUSDT-4h-2022-02.zip,8638
DUSKUSDT,4h,2022-03,True,DUSKUSDT/4h/DUSKUSDT-4h-2022-03.zip,9521
DUSKUSDT,4h,2023-01,False,DUSKUSDT/4h/DUSKUSDT-4h-2023-01.zip,9080
DUSKUSDT,4h,2023-02,False,DUSKUSDT/4h/DUSKUSDT-4h-2023-02.zip,8764
DUSKUSDT,4h,2023-03,True,DUSKUSDT/4h/DUSKUSDT-4h-2023-03.zip,9520
DYDXUSDT,4h,2021-10,False,DYDXUSDT/4h/DYDXUSDT-4h-2021-10.zip,9470
DYDXUSDT,4h,2021-11,True,DYDXUSDT/4h/DYDXUSDT-4h-2021-11.zip,9056
DYDXUSDT,4h,2021-12,True,DYDXUSDT/4h/DYDXUSDT-4h-2021-12.zip,9212
DYDXUSDT,4h,2022-01,True,DYDXUSDT/4h/DYDXUSDT-4h-2022-01.zip,9253
DYDXUSDT,4h,2022-02,True,DYDXUSDT/4h/DYDXUSDT-4h-2022-02.zip,8387
DYDXUSDT,4h,2022-03,True,DYDXUSDT/4h/DYDXUSDT-4h-2022-03.zip,9093
DYDXUSDT,4h,2022-04,True,DYDXUSDT/4h/DYDXUSDT-4h-2022-04.zip,8845
DYDXUSDT,4h,2022-05,True,DYDXUSDT/4h/DYDXUSDT-4h-2022-05.zip,9172
DYDXUSDT,4h,2022-06,True,DYDXUSDT/4h/DYDXUSDT-4h-2022-06.zip,8716
DYDXUSDT,4h,2022-07,False,DYDXUSDT/4h/DYDXUSDT-4h-2022-07.zip,9260
DYDXUSDT,4h,2022-08,True,DYDXUSDT/4h/DYDXUSDT-4h-2022-08.zip,8989
DYDXUSDT,4h,2022-09,True,DYDXUSDT/4h/DYDXUSDT-4h-2022-09.zip,8539
DYDXUSDT,4h,2022-10,True,DYDXUSDT/4h/DYDXUSDT-4h-2022-10.zip,8911
DYDXUSDT,4h,2022-11,True,DYDXUSDT/4h/DYDXUSDT-4h-2022-11.zip,9036
DYDXUSDT,4h,2022-12,True,DYDXUSDT/4h/DYDXUSDT-4h-2022-12.zip,9026
DYDXUSDT,4h,2023-01,True,DYDXUSDT/4h/DYDXUSDT-4h-2023-01.zip,9161
DYDXUSDT,4h,2023-02,True,DYDXUSDT/4h/DYDXUSDT-4h-2023-02.zip,8552
DYDXUSDT,4h,2023-03,True,DYDXUSDT/4h/DYDXUSDT-4h-2023-03.zip,9384
DYDXUSDT,4h,2023-04,True,DYDXUSDT/4h/DYDXUSDT-4h-2023-04.zip,8854
DYDXUSDT,4h,2023-05,True,DYDXUSDT/4h/DYDXUSDT-4h-2023-05.zip,8886
DYDXUSDT,4h,2023-06,True,DYDXUSDT/4h/DYDXUSDT-4h-2023-06.zip,8704
DYDXUSDT,4h,2023-07,True,DYDXUSDT/4h/DYDXUSDT-4h-2023-07.zip,8865
DYDXUSDT,4h,2023-08,True,DYDXUSDT/4h/DYDXUSDT-4h-2023-08.zip,8880
DYDXUSDT,4h,2023-09,True,DYDXUSDT/4h/DYDXUSDT-4h-2023-09.zip,8460
DYDXUSDT,4h,2023-10,True,DYDXUSDT/4h/DYDXUSDT-4h-2023-10.zip,8849
DYDXUSDT,4h,2023-11,True,DYDXUSDT/4h/DYDXUSDT-4h-2023-11.zip,8981
DYDXUSDT,4h,2023-12,True,DYDXUSDT/4h/DYDXUSDT-4h-2023-12.zip,9233
DYDXUSDT,4h,2024-01,True,DYDXUSDT/4h/DYDXUSDT-4h-2024-01.zip,9111
DYDXUSDT,4h,2024-02,True,DYDXUSDT/4h/DYDXUSDT-4h-2024-02.zip,8533
EDUUSDT,4h,2023-05,False,EDUUSDT/4h/EDUUSDT-4h-2023-05.zip,9637
EDUUSDT,4h,2023-06,True,EDUUSDT/4h/EDUUSDT-4h-2023-06.zip,9086
EGLDUSDT,4h,2020-10,False,EGLDUSDT/4h/EGLDUSDT-4h-2020-10.zip,8302
EGLDUSDT,4h,2020-11,True,EGLDUSDT/4h/EGLDUSDT-4h-2020-11.zip,8043
EGLDUSDT,4h,2020-12,False,EGLDUSDT/4h/EGLDUSDT-4h-2020-12.zip,8993
EGLDUSDT,4h,2021-01,True,EGLDUSDT/4h/EGLDUSDT-4h-2021-01.zip,9006
EGLDUSDT,4h,2021-02,True,EGLDUSDT/4h/EGLDUSDT-4h-2021-02.zip,8592
EGLDUSDT,4h,2021-03,True,EGLDUSDT/4h/EGLDUSDT-4h-2021-03.zip,9217
EGLDUSDT,4h,2021-04,False,EGLDUSDT/4h/EGLDUSDT-4h-2021-04.zip,9123
EGLDUSDT,4h,2021-05,True,EGLDUSDT/4h/EGLDUSDT-4h-2021-05.zip,9277
EGLDUSDT,4h,2021-08,False,EGLDUSDT/4h/EGLDUSDT-4h-2021-08.zip,8847
EGLDUSDT,4h,2021-09,False,EGLDUSDT/4h/EGLDUSDT-4h-2021-09.zip,8873
EGLDUSDT,4h,2021-10,True,EGLDUSDT/4h/EGLDUSDT-4h-2021-10.zip,8896
EGLDUSDT,4h,2021-11,False,EGLDUSDT/4h/EGLDUSDT-4h-2021-11.zip,8779
EGLDUSDT,4h,2021-12,True,EGLDUSDT/4h/EGLDUSDT-4h-2021-12.zip,9077
EGLDUSDT,4h,2022-01,True,EGLDUSDT/4h/EGLDUSDT-4h-2022-01.zip,8946
EGLDUSDT,4h,2022-02,True,EGLDUSDT/4h/EGLDUSDT-4h-2022-02.zip,8175
EGLDUSDT,4h,2022-03,True,EGLDUSDT/4h/EGLDUSDT-4h-2022-03.zip,8974
EGLDUSDT,4h,2022-04,True,EGLDUSDT/4h/EGLDUSDT-4h-2022-04.zip,8501
EGLDUSDT,4h,2022-05,True,EGLDUSDT/4h/EGLDUSDT-4h-2022-05.zip,8884
EGLDUSDT,4h,2022-06,False,EGLDUSDT/4h/EGLDUSDT-4h-2022-06.zip,8605
EGLDUSDT,4h,2022-07,True,EGLDUSDT/4h/EGLDUSDT-4h-2022-07.zip,8583
EGLDUSDT,4h,2022-09,False,EGLDUSDT/4h/EGLDUSDT-4h-2022-09.zip,8065
EGLDUSDT,4h,2022-10,False,EGLDUSDT/4h/EGLDUSDT-4h-2022-10.zip,8546
EGLDUSDT,4h,2022-11,True,EGLDUSDT/4h/EGLDUSDT-4h-2022-11.zip,8235
ENJUSDT,4h,2020-12,False,ENJUSDT/4h/ENJUSDT-4h-2020-12.zip,8720
ENJUSDT,4h,2021-01,False,ENJUSDT/4h/ENJUSDT-4h-2021-01.zip,9290
ENJUSDT,4h,2021-02,True,ENJUSDT/4h/ENJUSDT-4h-2021-02.zip,8501
ENJUSDT,4h,2021-03,False,ENJUSDT/4h/ENJUSDT-4h-2021-03.zip,9891
ENJUSDT,4h,2021-04,True,ENJUSDT/4h/ENJUSDT-4h-2021-04.zip,9505
ENJUSDT,4h,2021-05,True,ENJUSDT/4h/ENJUSDT-4h-2021-05.zip,9546
ENJUSDT,4h,2021-06,True,ENJUSDT/4h/ENJUSDT-4h-2021-06.zip,8975
ENJUSDT,4h,2021-07,True,ENJUSDT/4h/ENJUSDT-4h-2021-07.zip,9187
ENJUSDT,4h,2021-08,True,ENJUSDT/4h/ENJUSDT-4h-2021-08.zip,9191
ENJUSDT,4h,2021-09,True,ENJUSDT/4h/ENJUSDT-4h-2021-09.zip,8811
ENJUSDT,4h,2021-10,False,ENJUSDT/4h/ENJUSDT-4h-2021-10.zip,9225
ENJUSDT,4h,2021-11,True,ENJUSDT/4h/ENJUSDT-4h-2021-11.zip,9220
ENJUSDT,4h,2021-12,True,ENJUSDT/4h/ENJUSDT-4h-2021-12.zip,9278
ENJUSDT,4h,2022-01,True,ENJUSDT/4h/ENJUSDT-4h-2022-01.zip,9362
ENJUSDT,4h,2022-02,True,ENJUSDT/4h/ENJUSDT-4h-2022-02.zip,8405
ENJUSDT,4h,2022-03,True,ENJUSDT/4h/ENJUSDT-4h-2022-03.zip,9123
ENJUSDT,4h,2022-04,False,ENJUSDT/4h/ENJUSDT-4h-2022-04.zip,8922
ENJUSDT,4h,2022-05,True,ENJUSDT/4h/ENJUSDT-4h-2022-05.zip,9151
ENJUSDT,4h,2022-12,False,ENJUSDT/4h/ENJUSDT-4h-2022-12.zip,8548
ENJUSDT,4h,2023-01,False,ENJUSDT/4h/ENJUSDT-4h-2023-01.zip,8992
ENJUSDT,4h,2023-02,True,ENJUSDT/4h/ENJUSDT-4h-2023-02.zip,8180
ENSUSDT,4h,2022-01,False,ENSUSDT/4h/ENSUSDT-4h-2022-01.zip,9151
ENSUSDT,4h,2022-02,False,ENSUSDT/4h/ENSUSDT-4h-2022-02.zip,8257
ENSUSDT,4h,2022-03,True,ENSUSDT/4h/ENSUSDT-4h-2022-03.zip,9157
ENSUSDT,4h,2022-04,False,ENSUSDT/4h/ENSUSDT-4h-2022-04.zip,8797
ENSUSDT,4h,2022-05,True,ENSUSDT/4h/ENSUSDT-4h-2022-05.zip,9564
ENSUSDT,4h,2022-06,True,ENSUSDT/4h/ENSUSDT-4h-2022-06.zip,8788
ENSUSDT,4h,2022-07,False,ENSUSDT/4h/ENSUSDT-4h-2022-07.zip,9150
ENSUSDT,4h,2022-08,True,ENSUSDT/4h/ENSUSDT-4h-2022-08.zip,9149
ENSUSDT,4h,2022-09,True,ENSUSDT/4h/ENSUSDT-4h-2022-09.zip,8834
ENSUSDT,4h,2022-10,True,ENSUSDT/4h/ENSUSDT-4h-2022-10.zip,9263
ENSUSDT,4h,2022-11,True,ENSUSDT/4h/ENSUSDT-4h-2022-11.zip,8776
ENSUSDT,4h,2023-12,False,ENSUSDT/4h/ENSUSDT-4h-2023-12.zip,8776
ENSUSDT,4h,2024-01,False,ENSUSDT/4h/ENSUSDT-4h-2024-01.zip,9502
ENSUSDT,4h,2024-02,True,ENSUSDT/4h/ENSUSDT-4h-2024-02.zip,8675
EOSUSDT,4h,2020-03,True,EOSUSDT/4h/EOSUSDT-4h-2020-03.zip,8648
EOSUSDT,4h,2020-04,True,EOSUSDT/4h/EOSUSDT-4h-2020-04.zip,8302
EOSUSDT,4h,2020-05,True,EOSUSDT/4h/EOSUSDT-4h-2020-05.zip,8547
EOSUSDT,4h,2020-06,True,EOSUSDT/4h/EOSUSDT-4h-2020-06.zip,8241
EOSUSDT,4h,2020-07,True,EOSUSDT/4h/EOSUSDT-4h-2020-07.zip,8610
EOSUSDT,4h,2020-08,True,EOSUSDT/4h/EOSUSDT-4h-2020-08.zip,8875
EOSUSDT,4h,2020-09,True,EOSUSDT/4h/EOSUSDT-4h-2020-09.zip,8362
EOSUSDT,4h,2020-10,True,EOSUSDT/4h/EOSUSDT-4h-2020-10.zip,8553
EOSUSDT,4h,2020-11,True,EOSUSDT/4h/EOSUSDT-4h-2020-11.zip,8563
EOSUSDT,4h,2020-12,True,EOSUSDT/4h/EOSUSDT-4h-2020-12.zip,8901
EOSUSDT,4h,2021-01,True,EOSUSDT/4h/EOSUSDT-4h-2021-01.zip,9050
EOSUSDT,4h,2021-02,True,EOSUSDT/4h/EOSUSDT-4h-2021-02.zip,8428
EOSUSDT,4h,2021-03,True,EOSUSDT/4h/EOSUSDT-4h-2021-03.zip,9066
EOSUSDT,4h,2021-04,True,EOSUSDT/4h/EOSUSDT-4h-2021-04.zip,9148
EOSUSDT,4h,2021-05,True,EOSUSDT/4h/EOSUSDT-4h-2021-05.zip,9766
EOSUSDT,4h,2021-06,True,EOSUSDT/4h/EOSUSDT-4h-2021-06.zip,9075
EOSUSDT,4h,2021-07,True,EOSUSDT/4h/EOSUSDT-4h-2021-07.zip,9252
EOSUSDT,4h,2021-08,True,EOSUSDT/4h/EOSUSDT-4h-2021-08.zip,9355
EOSUSDT,4h,2021-09,True,EOSUSDT/4h/EOSUSDT-4h-2021-09.zip,9048
EOSUSDT,4h,2021-10,True,EOSUSDT/4h/EOSUSDT-4h-2021-10.zip,9140
EOSUSDT,4h,2021-11,True,EOSUSDT/4h/EOSUSDT-4h-2021-11.zip,8868
EOSUSDT,4h,2021-12,True,EOSUSDT/4h/EOSUSDT-4h-2021-12.zip,9119
EOSUSDT,4h,2022-01,True,EOSUSDT/4h/EOSUSDT-4h-2022-01.zip,9068
EOSUSDT,4h,2022-02,True,EOSUSDT/4h/EOSUSDT-4h-2022-02.zip,8220
EOSUSDT,4h,2022-03,True,EOSUSDT/4h/EOSUSDT-4h-2022-03.zip,9010
EOSUSDT,4h,2022-04,True,EOSUSDT/4h/EOSUSDT-4h-2022-04.zip,8888
EOSUSDT,4h,2022-05,True,EOSUSDT/4h/EOSUSDT-4h-2022-05.zip,8970
EOSUSDT,4h,2022-06,True,EOSUSDT/4h/EOSUSDT-4h-2022-06.zip,8594
EOSUSDT,4h,2022-07,True,EOSUSDT/4h/EOSUSDT-4h-2022-07.zip,8910
EOSUSDT,4h,2022-08,True,EOSUSDT/4h/EOSUSDT-4h-2022-08.zip,9193
EOSUSDT,4h,2022-09,True,EOSUSDT/4h/EOSUSDT-4h-2022-09.zip,8990
EOSUSDT,4h,2022-10,True,EOSUSDT/4h/EOSUSDT-4h-2022-10.zip,8888
EOSUSDT,4h,2022-11,True,EOSUSDT/4h/EOSUSDT-4h-2022-11.zip,8543
EOSUSDT,4h,2022-12,True,EOSUSDT/4h/EOSUSDT-4h-2022-12.zip,8697
EOSUSDT,4h,2023-01,True,EOSUSDT/4h/EOSUSDT-4h-2023-01.zip,8853
EOSUSDT,4h,2023-02,True,EOSUSDT/4h/EOSUSDT-4h-2023-02.zip,8072
EOSUSDT,4h,2023-03,True,EOSUSDT/4h/EOSUSDT-4h-2023-03.zip,9140
EOSUSDT,4h,2023-04,True,EOSUSDT/4h/EOSUSDT-4h-2023-04.zip,8511
EOSUSDT,4h,2023-05,True,EOSUSDT/4h/EOSUSDT-4h-2023-05.zip,8661
EOSUSDT,4h,2023-06,True,EOSUSDT/4h/EOSUSDT-4h-2023-06.zip,8615
EOSUSDT,4h,2023-07,True,EOSUSDT/4h/EOSUSDT-4h-2023-07.zip,8812
EOSUSDT,4h,2023-08,True,EOSUSDT/4h/EOSUSDT-4h-2023-08.zip,8578
EOSUSDT,4h,2023-09,True,EOSUSDT/4h/EOSUSDT-4h-2023-09.zip,8117
EOSUSDT,4h,2023-10,False,EOSUSDT/4h/EOSUSDT-4h-2023-10.zip,8574
EOSUSDT,4h,2023-11,True,EOSUSDT/4h/EOSUSDT-4h-2023-11.zip,8449
EOSUSDT,4h,2023-12,True,EOSUSDT/4h/EOSUSDT-4h-2023-12.zip,8853
EOSUSDT,4h,2024-01,False,EOSUSDT/4h/EOSUSDT-4h-2024-01.zip,8770
EOSUSDT,4h,2024-02,True,EOSUSDT/4h/EOSUSDT-4h-2024-02.zip,8191
ETCUSDT,4h,2020-03,True,ETCUSDT/4h/ETCUSDT-4h-2020-03.zip,9250
ETCUSDT,4h,2020-04,True,ETCUSDT/4h/ETCUSDT-4h-2020-04.zip,8791
ETCUSDT,4h,2020-05,True,ETCUSDT/4h/ETCUSDT-4h-2020-05.zip,9152
ETCUSDT,4h,2020-06,True,ETCUSDT/4h/ETCUSDT-4h-2020-06.zip,8605
ETCUSDT,4h,2020-07,True,ETCUSDT/4h/ETCUSDT-4h-2020-07.zip,8988
ETCUSDT,4h,2020-08,True,ETCUSDT/4h/ETCUSDT-4h-2020-08.zip,9157
ETCUSDT,4h,2020-09,True,ETCUSDT/4h/ETCUSDT-4h-2020-09.zip,8691
ETCUSDT,4h,2020-10,True,ETCUSDT/4h/ETCUSDT-4h-2020-10.zip,8840
ETCUSDT,4h,2020-11,True,ETCUSDT/4h/ETCUSDT-4h-2020-11.zip,8921
ETCUSDT,4h,2020-12,True,ETCUSDT/4h/ETCUSDT-4h-2020-12.zip,9208
ETCUSDT,4h,2021-01,True,ETCUSDT/4h/ETCUSDT-4h-2021-01.zip,9380
ETCUSDT,4h,2021-02,True,ETCUSDT/4h/ETCUSDT-4h-2021-02.zip,8786
ETCUSDT,4h,2021-03,True,ETCUSDT/4h/ETCUSDT-4h-2021-03.zip,9505
ETCUSDT,4h,2021-04,True,ETCUSDT/4h/ETCUSDT-4h-2021-04.zip,9616
ETCUSDT,4h,2021-05,True,ETCUSDT/4h/ETCUSDT-4h-2021-05.zip,10517
ETCUSDT,4h,2021-06,True,ETCUSDT/4h/ETCUSDT-4h-2021-06.zip,9716
ETCUSDT,4h,2021-07,True,ETCUSDT/4h/ETCUSDT-4h-2021-07.zip,9995
ETCUSDT,4h,2021-08,True,ETCUSDT/4h/ETCUSDT-4h-2021-08.zip,10029
ETCUSDT,4h,2021-09,True,ETCUSDT/4h/ETCUSDT-4h-2021-09.zip,9588
ETCUSDT,4h,2021-10,True,ETCUSDT/4h/ETCUSDT-4h-2021-10.zip,9781
ETCUSDT,4h,2021-11,True,ETCUSDT/4h/ETCUSDT-4h-2021-11.zip,9448
ETCUSDT,4h,2021-12,True,ETCUSDT/4h/ETCUSDT-4h-2021-12.zip,9609
ETCUSDT,4h,2022-01,True,ETCUSDT/4h/ETCUSDT-4h-2022-01.zip,9710
ETCUSDT,4h,2022-02,True,ETCUSDT/4h/ETCUSDT-4h-2022-02.zip,8946
ETCUSDT,4h,2022-03,True,ETCUSDT/4h/ETCUSDT-4h-2022-03.zip,9988
ETCUSDT,4h,2022-04,True,ETCUSDT/4h/ETCUSDT-4h-2022-04.zip,9696
ETCUSDT,4h,2022-05,True,ETCUSDT/4h/ETCUSDT-4h-2022-05.zip,9891
ETCUSDT,4h,2022-06,True,ETCUSDT/4h/ETCUSDT-4h-2022-06.zip,9489
ETCUSDT,4h,2022-07,True,ETCUSDT/4h/ETCUSDT-4h-2022-07.zip,9982
ETCUSDT,4h,2022-08,True,ETCUSDT/4h/ETCUSDT-4h-2022-08.zip,10290
ETCUSDT,4h,2022-09,True,ETCUSDT/4h/ETCUSDT-4h-2022-09.zip,9854
ETCUSDT,4h,2022-10,True,ETCUSDT/4h/ETCUSDT-4h-2022-10.zip,9902
ETCUSDT,4h,2022-11,True,ETCUSDT/4h/ETCUSDT-4h-2022-11.zip,9572
ETCUSDT,4h,2022-12,True,ETCUSDT/4h/ETCUSDT-4h-2022-12.zip,9671
ETCUSDT,4h,2023-01,True,ETCUSDT/4h/ETCUSDT-4h-2023-01.zip,9968
ETCUSDT,4h,2023-02,True,ETCUSDT/4h/ETCUSDT-4h-2023-02.zip,8945
ETCUSDT,4h,2023-03,True,ETCUSDT/4h/ETCUSDT-4h-2023-03.zip,9825
ETCUSDT,4h,2023-04,True,ETCUSDT/4h/ETCUSDT-4h-2023-04.zip,9401
ETCUSDT,4h,2023-05,True,ETCUSDT/4h/ETCUSDT-4h-2023-05.zip,9491
ETCUSDT,4h,2023-06,True,ETCUSDT/4h/ETCUSDT-4h-2023-06.zip,9372
ETCUSDT,4h,2023-07,True,ETCUSDT/4h/ETCUSDT-4h-2023-07.zip,9669
ETCUSDT,4h,2023-08,True,ETCUSDT/4h/ETCUSDT-4h-2023-08.zip,9460
ETCUSDT,4h,2023-09,True,ETCUSDT/4h/ETCUSDT-4h-2023-09.zip,9073
ETCUSDT,4h,2023-10,True,ETCUSDT/4h/ETCUSDT-4h-2023-10.zip,9499
ETCUSDT,4h,2023-11,True,ETCUSDT/4h/ETCUSDT-4h-2023-11.zip,9428
ETCUSDT,4h,2023-12,True,ETCUSDT/4h/ETCUSDT-4h-2023-12.zip,9779
ETCUSDT,4h,2024-01,True,ETCUSDT/4h/ETCUSDT-4h-2024-01.zip,9962
ETCUSDT,4h,2024-02,True,ETCUSDT/4h/ETCUSDT-4h-2024-02.zip,9216
ETHUSDT,4h,2020-03,True,ETHUSDT/4h/ETHUSDT-4h-2020-03.zip,9840
ETHUSDT,4h,2020-04,True,ETHUSDT/4h/ETHUSDT-4h-2020-04.zip,9547
ETHUSDT,4h,2020-05,True,ETHUSDT/4h/ETHUSDT-4h-2020-05.zip,9812
ETHUSDT,4h,2020-06,True,ETHUSDT/4h/ETHUSDT-4h-2020-06.zip,9378
ETHUSDT,4h,2020-07,True,ETHUSDT/4h/ETHUSDT-4h-2020-07.zip,9765
ETHUSDT,4h,2020-08,True,ETHUSDT/4h/ETHUSDT-4h-2020-08.zip,10018
ETHUSDT,4h,2020-09,True,ETHUSDT/4h/ETHUSDT-4h-2020-09.zip,9791
ETHUSDT,4h,2020-10,True,ETHUSDT/4h/ETHUSDT-4h-2020-10.zip,9940
ETHUSDT,4h,2020-11,True,ETHUSDT/4h/ETHUSDT-4h-2020-11.zip,9915
ETHUSDT,4h,2020-12,True,ETHUSDT/4h/ETHUSDT-4h-2020-12.zip,10213
ETHUSDT,4h,2021-01,True,ETHUSDT/4h/ETHUSDT-4h-2021-01.zip,10671
ETHUSDT,4h,2021-02,True,ETHUSDT/4h/ETHUSDT-4h-2021-02.zip,9643
ETHUSDT,4h,2021-03,True,ETHUSDT/4h/ETHUSDT-4h-2021-03.zip,10521
ETHUSDT,4h,2021-04,True,ETHUSDT/4h/ETHUSDT-4h-2021-04.zip,10297
ETHUSDT,4h,2021-05,True,ETHUSDT/4h/ETHUSDT-4h-2021-05.zip,10879
ETHUSDT,4h,2021-06,True,ETHUSDT/4h/ETHUSDT-4h-2021-06.zip,10417
ETHUSDT,4h,2021-07,True,ETHUSDT/4h/ETHUSDT-4h-2021-07.zip,10685
ETHUSDT,4h,2021-08,True,ETHUSDT/4h/ETHUSDT-4h-2021-08.zip,10660
ETHUSDT,4h,2021-09,True,ETHUSDT/4h/ETHUSDT-4h-2021-09.zip,10313
ETHUSDT,4h,2021-10,True,ETHUSDT/4h/ETHUSDT-4h-2021-10.zip,10581
ETHUSDT,4h,2021-11,True,ETHUSDT/4h/ETHUSDT-4h-2021-11.zip,10250
ETHUSDT,4h,2021-12,True,ETHUSDT/4h/ETHUSDT-4h-2021-12.zip,10639
ETHUSDT,4h,2022-01,True,ETHUSDT/4h/ETHUSDT-4h-2022-01.zip,10743
ETHUSDT,4h,2022-02,True,ETHUSDT/4h/ETHUSDT-4h-2022-02.zip,9732
ETHUSDT,4h,2022-03,True,ETHUSDT/4h/ETHUSDT-4h-2022-03.zip,10684
ETHUSDT,4h,2022-04,True,ETHUSDT/4h/ETHUSDT-4h-2022-04.zip,10292
ETHUSDT,4h,2022-05,True,ETHUSDT/4h/ETHUSDT-4h-2022-05.zip,10709
ETHUSDT,4h,2022-06,True,ETHUSDT/4h/ETHUSDT-4h-2022-06.zip,10437
ETHUSDT,4h,2022-07,True,ETHUSDT/4h/ETHUSDT-4h-2022-07.zip,10780
ETHUSDT,4h,2022-08,True,ETHUSDT/4h/ETHUSDT-4h-2022-08.zip,10834
ETHUSDT,4h,2022-09,True,ETHUSDT/4h/ETHUSDT-4h-2022-09.zip,10481
ETHUSDT,4h,2022-10,True,ETHUSDT/4h/ETHUSDT-4h-2022-10.zip,10692
ETHUSDT,4h,2022-11,True,ETHUSDT/4h/ETHUSDT-4h-2022-11.zip,10404
ETHUSDT,4h,2022-12,True,ETHUSDT/4h/ETHUSDT-4h-2022-12.zip,10579
ETHUSDT,4h,2023-01,True,ETHUSDT/4h/ETHUSDT-4h-2023-01.zip,10660
ETHUSDT,4h,2023-02,True,ETHUSDT/4h/ETHUSDT-4h-2023-02.zip,9716
ETHUSDT,4h,2023-03,True,ETHUSDT/4h/ETHUSDT-4h-2023-03.zip,10723
ETHUSDT,4h,2023-04,True,ETHUSDT/4h/ETHUSDT-4h-2023-04.zip,10331
ETHUSDT,4h,2023-05,True,ETHUSDT/4h/ETHUSDT-4h-2023-05.zip,10619
ETHUSDT,4h,2023-06,True,ETHUSDT/4h/ETHUSDT-4h-2023-06.zip,10265
ETHUSDT,4h,2023-07,True,ETHUSDT/4h/ETHUSDT-4h-2023-07.zip,10439
ETHUSDT,4h,2023-08,True,ETHUSDT/4h/ETHUSDT-4h-2023-08.zip,10407
ETHUSDT,4h,2023-09,True,ETHUSDT/4h/ETHUSDT-4h-2023-09.zip,10017
ETHUSDT,4h,2023-10,True,ETHUSDT/4h/ETHUSDT-4h-2023-10.zip,10483
ETHUSDT,4h,2023-11,True,ETHUSDT/4h/ETHUSDT-4h-2023-11.zip,10236
ETHUSDT,4h,2023-12,True,ETHUSDT/4h/ETHUSDT-4h-2023-12.zip,10662
ETHUSDT,4h,2024-01,True,ETHUSDT/4h/ETHUSDT-4h-2024-01.zip,10688
ETHUSDT,4h,2024-02,True,ETHUSDT/4h/ETHUSDT-4h-2024-02.zip,10068
FETUSDT,4h,2023-02,False,FETUSDT/4h/FETUSDT-4h-2023-02.zip,8681
FETUSDT,4h,2023-03,True,FETUSDT/4h/FETUSDT-4h-2023-03.zip,9443
FETUSDT,4h,2023-04,True,FETUSDT/4h/FETUSDT-4h-2023-04.zip,8887
FETUSDT,4h,2023-10,False,FETUSDT/4h/FETUSDT-4h-2023-10.zip,9111
FETUSDT,4h,2023-11,False,FETUSDT/4h/FETUSDT-4h-2023-11.zip,9142
FETUSDT,4h,2023-12,True,FETUSDT/4h/FETUSDT-4h-2023-12.zip,9488
FETUSDT,4h,2024-01,True,FETUSDT/4h/FETUSDT-4h-2024-01.zip,9289
FETUSDT,4h,2024-02,False,FETUSDT/4h/FETUSDT-4h-2024-02.zip,8920
FILUSDT,4h,2020-11,False,FILUSDT/4h/FILUSDT-4h-2020-11.zip,8640
FILUSDT,4h,2020-12,True,FILUSDT/4h/FILUSDT-4h-2020-12.zip,8783
FILUSDT,4h,2021-01,True,FILUSDT/4h/FILUSDT-4h-2021-01.zip,8852
FILUSDT,4h,2021-02,True,FILUSDT/4h/FILUSDT-4h-2021-02.zip,8376
FILUSDT,4h,2021-03,True,FILUSDT/4h/FILUSDT-4h-2021-03.zip,9449
FILUSDT,4h,2021-04,True,FILUSDT/4h/FILUSDT-4h-2021-04.zip,9491
FILUSDT,4h,2021-05,True,FILUSDT/4h/FILUSDT-4h-2021-05.zip,9582
FILUSDT,4h,2021-06,True,FILUSDT/4h/FILUSDT-4h-2021-06.zip,9143
FILUSDT,4h,2021-07,True,FILUSDT/4h/FILUSDT-4h-2021-07.zip,9167
FILUSDT,4h,2021-08,True,FILUSDT/4h/FILUSDT-4h-2021-08.zip,9420
FILUSDT,4h,2021-09,True,FILUSDT/4h/FILUSDT-4h-2021-09.zip,9290
FILUSDT,4h,2021-10,True,FILUSDT/4h/FILUSDT-4h-2021-10.zip,9467
FILUSDT,4h,2021-11,True,FILUSDT/4h/FILUSDT-4h-2021-11.zip,9053
FILUSDT,4h,2021-12,True,FILUSDT/4h/FILUSDT-4h-2021-12.zip,9260
FILUSDT,4h,2022-01,True,FILUSDT/4h/FILUSDT-4h-2022-01.zip,9349
FILUSDT,4h,2022-02,True,FILUSDT/4h/FILUSDT-4h-2022-02.zip,7588
FILUSDT,4h,2022-03,False,FILUSDT/4h/FILUSDT-4h-2022-03.zip,9183
FILUSDT,4h,2022-04,True,FILUSDT/4h/FILUSDT-4h-2022-04.zip,8523
FILUSDT,4h,2022-05,False,FILUSDT/4h/FILUSDT-4h-2022-05.zip,9262
FILUSDT,4h,2022-06,True,FILUSDT/4h/FILUSDT-4h-2022-06.zip,8729
FILUSDT,4h,2022-07,True,FILUSDT/4h/FILUSDT-4h-2022-07.zip,9070
FILUSDT,4h,2022-08,True,FILUSDT/4h/FILUSDT-4h-2022-08.zip,9374
FILUSDT,4h,2022-09,True,FILUSDT/4h/FILUSDT-4h-2022-09.zip,8854
FILUSDT,4h,2022-10,True,FILUSDT/4h/FILUSDT-4h-2022-10.zip,8996
FILUSDT,4h,2022-11,True,FILUSDT/4h/FILUSDT-4h-2022-11.zip,8741
FILUSDT,4h,2022-12,True,FILUSDT/4h/FILUSDT-4h-2022-12.zip,8928
FILUSDT,4h,2023-01,True,FILUSDT/4h/FILUSDT-4h-2023-01.zip,9162
FILUSDT,4h,2023-02,True,FILUSDT/4h/FILUSDT-4h-2023-02.zip,8499
FILUSDT,4h,2023-03,True,FILUSDT/4h/FILUSDT-4h-2023-03.zip,9406
FILUSDT,4h,2023-04,True,FILUSDT/4h/FILUSDT-4h-2023-04.zip,8891
FILUSDT,4h,2023-05,True,FILUSDT/4h/FILUSDT-4h-2023-05.zip,8907
FILUSDT,4h,2023-06,True,FILUSDT/4h/FILUSDT-4h-2023-06.zip,8763
FILUSDT,4h,2023-07,True,FILUSDT/4h/FILUSDT-4h-2023-07.zip,9020
FILUSDT,4h,2023-08,True,FILUSDT/4h/FILUSDT-4h-2023-08.zip,8847
FILUSDT,4h,2023-09,True,FILUSDT/4h/FILUSDT-4h-2023-09.zip,8464
FILUSDT,4h,2023-10,True,FILUSDT/4h/FILUSDT-4h-2023-10.zip,8766
FILUSDT,4h,2023-11,True,FILUSDT/4h/FILUSDT-4h-2023-11.zip,8837
FILUSDT,4h,2023-12,True,FILUSDT/4h/FILUSDT-4h-2023-12.zip,9304
FILUSDT,4h,2024-01,True,FILUSDT/4h/FILUSDT-4h-2024-01.zip,9323
FILUSDT,4h,2024-02,True,FILUSDT/4h/FILUSDT-4h-2024-02.zip,8730
FLMUSDT,4h,2020-10,False,FLMUSDT/4h/FLMUSDT-4h-2020-10.zip,8580
FLMUSDT,4h,2020-11,True,FLMUSDT/4h/FLMUSDT-4h-2020-11.zip,8157
FLMUSDT,4h,2022-05,False,FLMUSDT/4h/FLMUSDT-4h-2022-05.zip,8612
FLMUSDT,4h,2022-06,False,FLMUSDT/4h/FLMUSDT-4h-2022-06.zip,8576
FLMUSDT,4h,2022-07,True,FLMUSDT/4h/FLMUSDT-4h-2022-07.zip,9061
FLMUSDT,4h,2022-08,True,FLMUSDT/4h/FLMUSDT-4h-2022-08.zip,8904
FLMUSDT,4h,2022-09,True,FLMUSDT/4h/FLMUSDT-4h-2022-09.zip,8270
FLMUSDT,4h,2023-08,False,FLMUSDT/4h/FLMUSDT-4h-2023-08.zip,8176
FLMUSDT,4h,2023-09,False,FLMUSDT/4h/FLMUSDT-4h-2023-09.zip,8640
FLMUSDT,4h,2023-10,True,FLMUSDT/4h/FLMUSDT-4h-2023-10.zip,8431
FLOWUSDT,4h,2022-07,False,FLOWUSDT/4h/FLOWUSDT-4h-2022-07.zip,8668
FLOWUSDT,4h,2022-08,False,FLOWUSDT/4h/FLOWUSDT-4h-2022-08.zip,9093
FLOWUSDT,4h,2022-09,True,FLOWUSDT/4h/FLOWUSDT-4h-2022-09.zip,8450
FLOWUSDT,4h,2023-06,False,FLOWUSDT/4h/FLOWUSDT-4h-2023-06.zip,8299
FLOWUSDT,4h,2023-07,False,FLOWUSDT/4h/FLOWUSDT-4h-2023-07.zip,8693
FLOWUSDT,4h,2023-08,True,FLOWUSDT/4h/FLOWUSDT-4h-2023-08.zip,8258
FOOTBALLUSDT,4h,2022-10,False,FOOTBALLUSDT/4h/FOOTBALLUSDT-4h-2022-10.zip,9437
FOOTBALLUSDT,4h,2022-11,False,FOOTBALLUSDT/4h/FOOTBALLUSDT-4h-2022-11.zip,9333
FOOTBALLUSDT,4h,2022-12,True,FOOTBALLUSDT/4h/FOOTBALLUSDT-4h-2022-12.zip,9159
FRONTUSDT,4h,2024-02,False,FRONTUSDT/4h/FRONTUSDT-4h-2024-02.zip,8310
FTMUSDT,4h,2020-12,False,FTMUSDT/4h/FTMUSDT-4h-2020-12.zip,9338
FTMUSDT,4h,2021-01,False,FTMUSDT/4h/FTMUSDT-4h-2021-01.zip,9812
FTMUSDT,4h,2021-02,True,FTMUSDT/4h/FTMUSDT-4h-2021-02.zip,9240
FTMUSDT,4h,2021-03,True,FTMUSDT/4h/FTMUSDT-4h-2021-03.zip,10246
FTMUSDT,4h,2021-04,True,FTMUSDT/4h/FTMUSDT-4h-2021-04.zip,9944
FTMUSDT,4h,2021-05,True,FTMUSDT/4h/FTMUSDT-4h-2021-05.zip,10051
FTMUSDT,4h,2021-06,True,FTMUSDT/4h/FTMUSDT-4h-2021-06.zip,9418
FTMUSDT,4h,2021-07,True,FTMUSDT/4h/FTMUSDT-4h-2021-07.zip,9516
FTMUSDT,4h,2021-08,False,FTMUSDT/4h/FTMUSDT-4h-2021-08.zip,9887
FTMUSDT,4h,2021-09,True,FTMUSDT/4h/FTMUSDT-4h-2021-09.zip,10069
FTMUSDT,4h,2021-10,True,FTMUSDT/4h/FTMUSDT-4h-2021-10.zip,10363
FTMUSDT,4h,2021-11,True,FTMUSDT/4h/FTMUSDT-4h-2021-11.zip,9811
FTMUSDT,4h,2021-12,True,FTMUSDT/4h/FTMUSDT-4h-2021-12.zip,10053
FTMUSDT,4h,2022-01,True,FTMUSDT/4h/FTMUSDT-4h-2022-01.zip,10261
FTMUSDT,4h,2022-02,True,FTMUSDT/4h/FTMUSDT-4h-2022-02.zip,8111
FTMUSDT,4h,2022-03,False,FTMUSDT/4h/FTMUSDT-4h-2022-03.zip,9922
FTMUSDT,4h,2022-04,True,FTMUSDT/4h/FTMUSDT-4h-2022-04.zip,8911
FTMUSDT,4h,2022-05,False,FTMUSDT/4h/FTMUSDT-4h-2022-05.zip,9897
FTMUSDT,4h,2022-06,True,FTMUSDT/4h/FTMUSDT-4h-2022-06.zip,9316
FTMUSDT,4h,2022-07,True,FTMUSDT/4h/FTMUSDT-4h-2022-07.zip,9432
FTMUSDT,4h,2022-08,True,FTMUSDT/4h/FTMUSDT-4h-2022-08.zip,9410
FTMUSDT,4h,2022-09,True,FTMUSDT/4h/FTMUSDT-4h-2022-09.zip,8761
FTMUSDT,4h,2022-10,True,FTMUSDT/4h/FTMUSDT-4h-2022-10.zip,8980
FTMUSDT,4h,2022-11,True,FTMUSDT/4h/FTMUSDT-4h-2022-11.zip,9009
FTMUSDT,4h,2022-12,True,FTMUSDT/4h/FTMUSDT-4h-2022-12.zip,9186
FTMUSDT,4h,2023-01,True,FTMUSDT/4h/FTMUSDT-4h-2023-01.zip,9530
FTMUSDT,4h,2023-02,True,FTMUSDT/4h/FTMUSDT-4h-2023-02.zip,8781
FTMUSDT,4h,2023-03,True,FTMUSDT/4h/FTMUSDT-4h-2023-03.zip,9637
FTMUSDT,4h,2023-04,True,FTMUSDT/4h/FTMUSDT-4h-2023-04.zip,9146
FTMUSDT,4h,2023-05,True,FTMUSDT/4h/FTMUSDT-4h-2023-05.zip,9283
FTMUSDT,4h,2023-06,True,FTMUSDT/4h/FTMUSDT-4h-2023-06.zip,9026
FTMUSDT,4h,2023-07,True,FTMUSDT/4h/FTMUSDT-4h-2023-07.zip,9183
FTMUSDT,4h,2023-08,True,FTMUSDT/4h/FTMUSDT-4h-2023-08.zip,9041
FTMUSDT,4h,2023-09,True,FTMUSDT/4h/FTMUSDT-4h-2023-09.zip,8555
FTMUSDT,4h,2023-10,False,FTMUSDT/4h/FTMUSDT-4h-2023-10.zip,9096
FTMUSDT,4h,2023-11,True,FTMUSDT/4h/FTMUSDT-4h-2023-11.zip,9049
FTMUSDT,4h,2023-12,True,FTMUSDT/4h/FTMUSDT-4h-2023-12.zip,9513
FTMUSDT,4h,2024-01,True,FTMUSDT/4h/FTMUSDT-4h-2024-01.zip,9315
FTMUSDT,4h,2024-02,True,FTMUSDT/4h/FTMUSDT-4h-2024-02.zip,8620
FTTUSDT,4h,2022-10,False,FTTUSDT/4h/FTTUSDT-4h-2022-10.zip,8776
FTTUSDT,4h,2022-11,False,FTTUSDT/4h/FTTUSDT-4h-2022-11.zip,5305
FTTUSDT,4h,2022-12,True,FTTUSDT/4h/FTTUSDT-4h-2022-12.zip,1589
FXSUSDT,4h,2023-02,False,FXSUSDT/4h/FXSUSDT-4h-2023-02.zip,8534
FXSUSDT,4h,2023-03,True,FXSUSDT/4h/FXSUSDT-4h-2023-03.zip,9258
GALAUSDT,4h,2021-10,False,GALAUSDT/4h/GALAUSDT-4h-2021-10.zip,9508
GALAUSDT,4h,2021-11,True,GALAUSDT/4h/GALAUSDT-4h-2021-11.zip,9646
GALAUSDT,4h,2021-12,True,GALAUSDT/4h/GALAUSDT-4h-2021-12.zip,10074
GALAUSDT,4h,2022-01,True,GALAUSDT/4h/GALAUSDT-4h-2022-01.zip,10018
GALAUSDT,4h,2022-02,True,GALAUSDT/4h/GALAUSDT-4h-2022-02.zip,9345
GALAUSDT,4h,2022-03,True,GALAUSDT/4h/GALAUSDT-4h-2022-03.zip,10036
GALAUSDT,4h,2022-04,True,GALAUSDT/4h/GALAUSDT-4h-2022-04.zip,9585
GALAUSDT,4h,2022-05,True,GALAUSDT/4h/GALAUSDT-4h-2022-05.zip,9959
GALAUSDT,4h,2022-06,True,GALAUSDT/4h/GALAUSDT-4h-2022-06.zip,9482
GALAUSDT,4h,2022-07,True,GALAUSDT/4h/GALAUSDT-4h-2022-07.zip,9564
GALAUSDT,4h,2022-08,True,GALAUSDT/4h/GALAUSDT-4h-2022-08.zip,9594
GALAUSDT,4h,2022-09,True,GALAUSDT/4h/GALAUSDT-4h-2022-09.zip,9017
GALAUSDT,4h,2022-10,True,GALAUSDT/4h/GALAUSDT-4h-2022-10.zip,9339
GALAUSDT,4h,2022-11,True,GALAUSDT/4h/GALAUSDT-4h-2022-11.zip,9120
GALAUSDT,4h,2022-12,True,GALAUSDT/4h/GALAUSDT-4h-2022-12.zip,9163
GALAUSDT,4h,2023-01,True,GALAUSDT/4h/GALAUSDT-4h-2023-01.zip,9872
GALAUSDT,4h,2023-02,True,GALAUSDT/4h/GALAUSDT-4h-2023-02.zip,8798
GALAUSDT,4h,2023-03,True,GALAUSDT/4h/GALAUSDT-4h-2023-03.zip,9729
GALAUSDT,4h,2023-04,True,GALAUSDT/4h/GALAUSDT-4h-2023-04.zip,9190
GALAUSDT,4h,2023-05,True,GALAUSDT/4h/GALAUSDT-4h-2023-05.zip,9480
GALAUSDT,4h,2023-06,True,GALAUSDT/4h/GALAUSDT-4h-2023-06.zip,9191
GALAUSDT,4h,2023-07,True,GALAUSDT/4h/GALAUSDT-4h-2023-07.zip,9321
GALAUSDT,4h,2023-08,True,GALAUSDT/4h/GALAUSDT-4h-2023-08.zip,9240
GALAUSDT,4h,2023-09,True,GALAUSDT/4h/GALAUSDT-4h-2023-09.zip,8953
GALAUSDT,4h,2023-10,True,GALAUSDT/4h/GALAUSDT-4h-2023-10.zip,9478
GALAUSDT,4h,2023-11,True,GALAUSDT/4h/GALAUSDT-4h-2023-11.zip,9348
GALAUSDT,4h,2023-12,True,GALAUSDT/4h/GALAUSDT-4h-2023-12.zip,9557
GALAUSDT,4h,2024-01,True,GALAUSDT/4h/GALAUSDT-4h-2024-01.zip,9409
GALAUSDT,4h,2024-02,False,GALAUSDT/4h/GALAUSDT-4h-2024-02.zip,8882
GALUSDT,4h,2022-06,False,GALUSDT/4h/GALUSDT-4h-2022-06.zip,9053
GALUSDT,4h,2022-07,True,GALUSDT/4h/GALUSDT-4h-2022-07.zip,9154
GALUSDT,4h,2022-08,True,GALUSDT/4h/GALUSDT-4h-2022-08.zip,9120
GASUSDT,4h,2023-11,False,GASUSDT/4h/GASUSDT-4h-2023-11.zip,9633
GASUSDT,4h,2023-12,True,GASUSDT/4h/GASUSDT-4h-2023-12.zip,9258
GMTUSDT,4h,2022-04,False,GMTUSDT/4h/GMTUSDT-4h-2022-04.zip,9453
GMTUSDT,4h,2022-05,False,GMTUSDT/4h/GMTUSDT-4h-2022-05.zip,10139
GMTUSDT,4h,2022-06,True,GMTUSDT/4h/GMTUSDT-4h-2022-06.zip,9565
GMTUSDT,4h,2022-07,True,GMTUSDT/4h/GMTUSDT-4h-2022-07.zip,9673
GMTUSDT,4h,2022-08,True,GMTUSDT/4h/GMTUSDT-4h-2022-08.zip,9509
GMTUSDT,4h,2022-09,True,GMTUSDT/4h/GMTUSDT-4h-2022-09.zip,9094
GMTUSDT,4h,2022-10,True,GMTUSDT/4h/GMTUSDT-4h-2022-10.zip,9299
GMTUSDT,4h,2022-11,True,GMTUSDT/4h/GMTUSDT-4h-2022-11.zip,9019
GMTUSDT,4h,2022-12,True,GMTUSDT/4h/GMTUSDT-4h-2022-12.zip,9035
GMTUSDT,4h,2023-01,True,GMTUSDT/4h/GMTUSDT-4h-2023-01.zip,9517
GMTUSDT,4h,2023-02,True,GMTUSDT/4h/GMTUSDT-4h-2023-02.zip,8455
GMTUSDT,4h,2023-03,True,GMTUSDT/4h/GMTUSDT-4h-2023-03.zip,9359
GMTUSDT,4h,2023-04,True,GMTUSDT/4h/GMTUSDT-4h-2023-04.zip,8704
GMTUSDT,4h,2023-05,True,GMTUSDT/4h/GMTUSDT-4h-2023-05.zip,9002
GMTUSDT,4h,2023-06,True,GMTUSDT/4h/GMTUSDT-4h-2023-06.zip,8704
GMTUSDT,4h,2023-07,False,GMTUSDT/4h/GMTUSDT-4h-2023-07.zip,8987
GMTUSDT,4h,2023-08,True,GMTUSDT/4h/GMTUSDT-4h-2023-08.zip,8729
GMTUSDT,4h,2023-10,False,GMTUSDT/4h/GMTUSDT-4h-2023-10.zip,8777
GMTUSDT,4h,2023-11,False,GMTUSDT/4h/GMTUSDT-4h-2023-11.zip,9035
GMTUSDT,4h,2023-12,True,GMTUSDT/4h/GMTUSDT-4h-2023-12.zip,9216
GMTUSDT,4h,2024-01,True,GMTUSDT/4h/GMTUSDT-4h-2024-01.zip,9267
GMTUSDT,4h,2024-02,True,GMTUSDT/4h/GMTUSDT-4h-2024-02.zip,8408
GRTUSDT,4h,2021-01,False,GRTUSDT/4h/GRTUSDT-4h-2021-01.zip,9651
GRTUSDT,4h,2021-02,True,GRTUSDT/4h/GRTUSDT-4h-2021-02.zip,8968
GRTUSDT,4h,2021-03,True,GRTUSDT/4h/GRTUSDT-4h-2021-03.zip,9644
GRTUSDT,4h,2021-04,True,GRTUSDT/4h/GRTUSDT-4h-2021-04.zip,9397
GRTUSDT,4h,2021-05,True,GRTUSDT/4h/GRTUSDT-4h-2021-05.zip,9659
GRTUSDT,4h,2021-06,False,GRTUSDT/4h/GRTUSDT-4h-2021-06.zip,9245
GRTUSDT,4h,2021-07,True,GRTUSDT/4h/GRTUSDT-4h-2021-07.zip,9493
GRTUSDT,4h,2021-08,True,GRTUSDT/4h/GRTUSDT-4h-2021-08.zip,9709
GRTUSDT,4h,2021-09,True,GRTUSDT/4h/GRTUSDT-4h-2021-09.zip,9305
GRTUSDT,4h,2022-02,False,GRTUSDT/4h/GRTUSDT-4h-2022-02.zip,7838
GRTUSDT,4h,2022-03,False,GRTUSDT/4h/GRTUSDT-4h-2022-03.zip,9529
GRTUSDT,4h,2022-04,True,GRTUSDT/4h/GRTUSDT-4h-2022-04.zip,8670
GRTUSDT,4h,2022-11,False,GRTUSDT/4h/GRTUSDT-4h-2022-11.zip,9050
GRTUSDT,4h,2022-12,False,GRTUSDT/4h/GRTUSDT-4h-2022-12.zip,9149
GRTUSDT,4h,2023-01,True,GRTUSDT/4h/GRTUSDT-4h-2023-01.zip,9430
GRTUSDT,4h,2023-02,True,GRTUSDT/4h/GRTUSDT-4h-2023-02.zip,8961
GRTUSDT,4h,2023-03,True,GRTUSDT/4h/GRTUSDT-4h-2023-03.zip,9658
GRTUSDT,4h,2023-04,True,GRTUSDT/4h/GRTUSDT-4h-2023-04.zip,9142
GTCUSDT,4h,2021-10,False,GTCUSDT/4h/GTCUSDT-4h-2021-10.zip,8836
GTCUSDT,4h,2021-11,False,GTCUSDT/4h/GTCUSDT-4h-2021-11.zip,8678
GTCUSDT,4h,2021-12,True,GTCUSDT/4h/GTCUSDT-4h-2021-12.zip,9269
GTCUSDT,4h,2022-01,True,GTCUSDT/4h/GTCUSDT-4h-2022-01.zip,9168
HBARUSDT,4h,2021-08,False,HBARUSDT/4h/HBARUSDT-4h-2021-08.zip,9302
HBARUSDT,4h,2021-09,False,HBARUSDT/4h/HBARUSDT-4h-2021-09.zip,9421
HBARUSDT,4h,2021-10,True,HBARUSDT/4h/HBARUSDT-4h-2021-10.zip,9487
HBARUSDT,4h,2023-07,False,HBARUSDT/4h/HBARUSDT-4h-2023-07.zip,9097
HBARUSDT,4h,2023-08,False,HBARUSDT/4h/HBARUSDT-4h-2023-08.zip,9545
HBARUSDT,4h,2023-09,True,HBARUSDT/4h/HBARUSDT-4h-2023-09.zip,8792
HIGHUSDT,4h,2023-04,False,HIGHUSDT/4h/HIGHUSDT-4h-2023-04.zip,8818
HIGHUSDT,4h,2023-05,False,HIGHUSDT/4h/HIGHUSDT-4h-2023-05.zip,9161
HIGHUSDT,4h,2023-06,True,HIGHUSDT/4h/HIGHUSDT-4h-2023-06.zip,8882
HIGHUSDT,4h,2023-07,False,HIGHUSDT/4h/HIGHUSDT-4h-2023-07.zip,8768
HIGHUSDT,4h,2023-08,False,HIGHUSDT/4h/HIGHUSDT-4h-2023-08.zip,9045
HIGHUSDT,4h,2023-09,True,HIGHUSDT/4h/HIGHUSDT-4h-2023-09.zip,8548
HNTUSDT,4h,2022-01,False,HNTUSDT/4h/HNTUSDT-4h-2022-01.zip,8853
HNTUSDT,4h,2022-02,False,HNTUSDT/4h/HNTUSDT-4h-2022-02.zip,7837
HNTUSDT,4h,2022-03,True,HNTUSDT/4h/HNTUSDT-4h-2022-03.zip,8584
HNTUSDT,4h,2022-05,False,HNTUSDT/4h/HNTUSDT-4h-2022-05.zip,8567
HNTUSDT,4h,2022-06,False,HNTUSDT/4h/HNTUSDT-4h-2022-06.zip,8459
HNTUSDT,4h,2022-07,True,HNTUSDT/4h/HNTUSDT-4h-2022-07.zip,8184
HNTUSDT,4h,2022-08,False,HNTUSDT/4h/HNTUSDT-4h-2022-08.zip,8421
HNTUSDT,4h,2022-09,False,HNTUSDT/4h/HNTUSDT-4h-2022-09.zip,8594
HNTUSDT,4h,2022-10,True,HNTUSDT/4h/HNTUSDT-4h-2022-10.zip,8433
HNTUSDT,4h,2022-11,True,HNTUSDT/4h/HNTUSDT-4h-2022-11.zip,7996
HNTUSDT,4h,2022-12,False,HNTUSDT/4h/HNTUSDT-4h-2022-12.zip,8107
HNTUSDT,4h,2023-01,True,HNTUSDT/4h/HNTUSDT-4h-2023-01.zip,8272
HOOKUSDT,4h,2023-02,False,HOOKUSDT/4h/HOOKUSDT-4h-2023-02.zip,8637
HOOKUSDT,4h,2023-03,True,HOOKUSDT/4h/HOOKUSDT-4h-2023-03.zip,9314
HOTUSDT,4h,2021-04,False,HOTUSDT/4h/HOTUSDT-4h-2021-04.zip,9993
HOTUSDT,4h,2021-05,True,HOTUSDT/4h/HOTUSDT-4h-2021-05.zip,10052
HOTUSDT,4h,2021-10,False,HOTUSDT/4h/HOTUSDT-4h-2021-10.zip,9857
HOTUSDT,4h,2021-11,False,HOTUSDT/4h/HOTUSDT-4h-2021-11.zip,9728
HOTUSDT,4h,2021-12,True,HOTUSDT/4h/HOTUSDT-4h-2021-12.zip,9899
ICPUSDT,4h,2021-06,False,ICPUSDT/4h/ICPUSDT-4h-2021-06.zip,9012
ICPUSDT,4h,2021-07,True,ICPUSDT/4h/ICPUSDT-4h-2021-07.zip,9142
ICPUSDT,4h,2021-08,True,ICPUSDT/4h/ICPUSDT-4h-2021-08.zip,9338
ICPUSDT,4h,2021-09,True,ICPUSDT/4h/ICPUSDT-4h-2021-09.zip,8964
ICPUSDT,4h,2021-10,True,ICPUSDT/4h/ICPUSDT-4h-2021-10.zip,9101
ICPUSDT,4h,2021-11,True,ICPUSDT/4h/ICPUSDT-4h-2021-11.zip,8837
ICPUSDT,4h,2021-12,True,ICPUSDT/4h/ICPUSDT-4h-2021-12.zip,9069
ICPUSDT,4h,2022-01,True,ICPUSDT/4h/ICPUSDT-4h-2022-01.zip,9258
ICPUSDT,4h,2022-02,True,ICPUSDT/4h/ICPUSDT-4h-2022-02.zip,8131
ICPUSDT,4h,2022-03,True,ICPUSDT/4h/ICPUSDT-4h-2022-03.zip,8869
ICPUSDT,4h,2022-04,True,ICPUSDT/4h/ICPUSDT-4h-2022-04.zip,8560
ICPUSDT,4h,2022-05,True,ICPUSDT/4h/ICPUSDT-4h-2022-05.zip,8729
ICPUSDT,4h,2023-11,False,ICPUSDT/4h/ICPUSDT-4h-2023-11.zip,8216
ICPUSDT,4h,2023-12,False,ICPUSDT/4h/ICPUSDT-4h-2023-12.zip,9012
ICPUSDT,4h,2024-01,True,ICPUSDT/4h/ICPUSDT-4h-2024-01.zip,9096
ICPUSDT,4h,2024-02,True,ICPUSDT/4h/ICPUSDT-4h-2024-02.zip,8278
ICXUSDT,4h,2023-03,False,ICXUSDT/4h/ICXUSDT-4h-2023-03.zip,8478
ICXUSDT,4h,2023-04,False,ICXUSDT/4h/ICXUSDT-4h-2023-04.zip,8812
ICXUSDT,4h,2023-05,True,ICXUSDT/4h/ICXUSDT-4h-2023-05.zip,8551
IDUSDT,4h,2023-04,False,IDUSDT/4h/IDUSDT-4h-2023-04.zip,9327
IDUSDT,4h,2023-05,True,IDUSDT/4h/IDUSDT-4h-2023-05.zip,9412
IDUSDT,4h,2023-06,True,IDUSDT/4h/IDUSDT-4h-2023-06.zip,9014
IDUSDT,4h,2024-01,False,IDUSDT/4h/IDUSDT-4h-2024-01.zip,9059
IDUSDT,4h,2024-02,False,IDUSDT/4h/IDUSDT-4h-2024-02.zip,8697
IMXUSDT,4h,2022-03,False,IMXUSDT/4h/IMXUSDT-4h-2022-03.zip,9108
IMXUSDT,4h,2022-04,True,IMXUSDT/4h/IMXUSDT-4h-2022-04.zip,8171
IMXUSDT,4h,2023-02,False,IMXUSDT/4h/IMXUSDT-4h-2023-02.zip,8219
IMXUSDT,4h,2023-03,False,IMXUSDT/4h/IMXUSDT-4h-2023-03.zip,9253
IMXUSDT,4h,2023-04,True,IMXUSDT/4h/IMXUSDT-4h-2023-04.zip,8577
IMXUSDT,4h,2023-08,False,IMXUSDT/4h/IMXUSDT-4h-2023-08.zip,8610
IMXUSDT,4h,2023-09,False,IMXUSDT/4h/IMXUSDT-4h-2023-09.zip,8431
IMXUSDT,4h,2023-10,True,IMXUSDT/4h/IMXUSDT-4h-2023-10.zip,8636
IMXUSDT,4h,2023-11,False,IMXUSDT/4h/IMXUSDT-4h-2023-11.zip,8834
IMXUSDT,4h,2023-12,False,IMXUSDT/4h/IMXUSDT-4h-2023-12.zip,9197
IMXUSDT,4h,2024-01,True,IMXUSDT/4h/IMXUSDT-4h-2024-01.zip,8959
INJUSDT,4h,2022-09,False,INJUSDT/4h/INJUSDT-4h-2022-09.zip,8593
INJUSDT,4h,2022-10,False,INJUSDT/4h/INJUSDT-4h-2022-10.zip,9214
INJUSDT,4h,2022-11,True,INJUSDT/4h/INJUSDT-4h-2022-11.zip,8843
INJUSDT,4h,2022-12,False,INJUSDT/4h/INJUSDT-4h-2022-12.zip,8623
INJUSDT,4h,2023-01,False,INJUSDT/4h/INJUSDT-4h-2023-01.zip,8963
INJUSDT,4h,2023-02,True,INJUSDT/4h/INJUSDT-4h-2023-02.zip,8538
INJUSDT,4h,2023-03,True,INJUSDT/4h/INJUSDT-4h-2023-03.zip,9392
INJUSDT,4h,2023-04,True,INJUSDT/4h/INJUSDT-4h-2023-04.zip,9455
INJUSDT,4h,2023-05,True,INJUSDT/4h/INJUSDT-4h-2023-05.zip,9587
INJUSDT,4h,2023-06,True,INJUSDT/4h/INJUSDT-4h-2023-06.zip,9348
INJUSDT,4h,2023-07,True,INJUSDT/4h/INJUSDT-4h-2023-07.zip,9465
INJUSDT,4h,2023-08,True,INJUSDT/4h/INJUSDT-4h-2023-08.zip,9341
INJUSDT,4h,2023-09,True,INJUSDT/4h/INJUSDT-4h-2023-09.zip,8787
INJUSDT,4h,2023-10,False,INJUSDT/4h/INJUSDT-4h-2023-10.zip,9335
INJUSDT,4h,2023-11,True,INJUSDT/4h/INJUSDT-4h-2023-11.zip,9308
INJUSDT,4h,2023-12,True,INJUSDT/4h/INJUSDT-4h-2023-12.zip,9968
INJUSDT,4h,2024-01,True,INJUSDT/4h/INJUSDT-4h-2024-01.zip,9910
INJUSDT,4h,2024-02,True,INJUSDT/4h/INJUSDT-4h-2024-02.zip,9195
IOSTUSDT,4h,2020-03,False,IOSTUSDT/4h/IOSTUSDT-4h-2020-03.zip,9074
IOSTUSDT,4h,2020-04,True,IOSTUSDT/4h/IOSTUSDT-4h-2020-04.zip,8632
IOSTUSDT,4h,2020-05,True,IOSTUSDT/4h/IOSTUSDT-4h-2020-05.zip,9094
IOSTUSDT,4h,2020-06,True,IOSTUSDT/4h/IOSTUSDT-4h-2020-06.zip,9152
IOSTUSDT,4h,2020-07,True,IOSTUSDT/4h/IOSTUSDT-4h-2020-07.zip,9444
IOSTUSDT,4h,2020-08,True,IOSTUSDT/4h/IOSTUSDT-4h-2020-08.zip,9553
IOSTUSDT,4h,2020-09,True,IOSTUSDT/4h/IOSTUSDT-4h-2020-09.zip,9281
IOSTUSDT,4h,2020-10,True,IOSTUSDT/4h/IOSTUSDT-4h-2020-10.zip,9064
IOSTUSDT,4h,2020-12,False,IOSTUSDT/4h/IOSTUSDT-4h-2020-12.zip,9207
IOSTUSDT,4h,2021-01,False,IOSTUSDT/4h/IOSTUSDT-4h-2021-01.zip,9908
IOSTUSDT,4h,2021-02,True,IOSTUSDT/4h/IOSTUSDT-4h-2021-02.zip,9183
IOSTUSDT,4h,2021-03,True,IOSTUSDT/4h/IOSTUSDT-4h-2021-03.zip,10004
IOSTUSDT,4h,2021-04,True,IOSTUSDT/4h/IOSTUSDT-4h-2021-04.zip,9896
IOSTUSDT,4h,2021-05,True,IOSTUSDT/4h/IOSTUSDT-4h-2021-05.zip,10086
IOSTUSDT,4h,2021-08,False,IOSTUSDT/4h/IOSTUSDT-4h-2021-08.zip,9910
IOSTUSDT,4h,2021-09,False,IOSTUSDT/4h/IOSTUSDT-4h-2021-09.zip,9926
IOSTUSDT,4h,2021-10,True,IOSTUSDT/4h/IOSTUSDT-4h-2021-10.zip,9901
IOSTUSDT,4h,2022-02,False,IOSTUSDT/4h/IOSTUSDT-4h-2022-02.zip,8889
IOSTUSDT,4h,2022-03,False,IOSTUSDT/4h/IOSTUSDT-4h-2022-03.zip,9834
IOSTUSDT,4h,2022-04,True,IOSTUSDT/4h/IOSTUSDT-4h-2022-04.zip,9832
IOSTUSDT,4h,2022-05,True,IOSTUSDT/4h/IOSTUSDT-4h-2022-05.zip,9910
IOTAUSDT,4h,2020-03,False,IOTAUSDT/4h/IOTAUSDT-4h-2020-03.zip,8387
IOTAUSDT,4h,2020-04,True,IOTAUSDT/4h/IOTAUSDT-4h-2020-04.zip,8063
IOTAUSDT,4h,2020-05,True,IOTAUSDT/4h/IOTAUSDT-4h-2020-05.zip,8536
IOTAUSDT,4h,2020-06,True,IOTAUSDT/4h/IOTAUSDT-4h-2020-06.zip,8298
IOTAUSDT,4h,2020-07,True,IOTAUSDT/4h/IOTAUSDT-4h-2020-07.zip,8706
IOTAUSDT,4h,2020-08,True,IOTAUSDT/4h/IOTAUSDT-4h-2020-08.zip,8998
IOTAUSDT,4h,2020-09,True,IOTAUSDT/4h/IOTAUSDT-4h-2020-09.zip,8571
IOTAUSDT,4h,2020-10,True,IOTAUSDT/4h/IOTAUSDT-4h-2020-10.zip,8575
IOTAUSDT,4h,2020-11,False,IOTAUSDT/4h/IOTAUSDT-4h-2020-11.zip,8588
IOTAUSDT,4h,2020-12,True,IOTAUSDT/4h/IOTAUSDT-4h-2020-12.zip,8880
IOTAUSDT,4h,2021-01,False,IOTAUSDT/4h/IOTAUSDT-4h-2021-01.zip,9184
IOTAUSDT,4h,2021-02,False,IOTAUSDT/4h/IOTAUSDT-4h-2021-02.zip,8611
IOTAUSDT,4h,2021-03,True,IOTAUSDT/4h/IOTAUSDT-4h-2021-03.zip,9415
IOTAUSDT,4h,2021-04,False,IOTAUSDT/4h/IOTAUSDT-4h-2021-04.zip,9337
IOTAUSDT,4h,2021-05,False,IOTAUSDT/4h/IOTAUSDT-4h-2021-05.zip,9653
IOTAUSDT,4h,2021-06,True,IOTAUSDT/4h/IOTAUSDT-4h-2021-06.zip,9140
IOTAUSDT,4h,2021-08,False,IOTAUSDT/4h/IOTAUSDT-4h-2021-08.zip,9381
IOTAUSDT,4h,2021-09,False,IOTAUSDT/4h/IOTAUSDT-4h-2021-09.zip,9364
IOTAUSDT,4h,2021-10,True,IOTAUSDT/4h/IOTAUSDT-4h-2021-10.zip,9465
IOTAUSDT,4h,2023-11,False,IOTAUSDT/4h/IOTAUSDT-4h-2023-11.zip,8767
IOTAUSDT,4h,2023-12,False,IOTAUSDT/4h/IOTAUSDT-4h-2023-12.zip,9522
IOTAUSDT,4h,2024-01,True,IOTAUSDT/4h/IOTAUSDT-4h-2024-01.zip,9287
IOTXUSDT,4h,2021-10,False,IOTXUSDT/4h/IOTXUSDT-4h-2021-10.zip,9197
IOTXUSDT,4h,2021-11,False,IOTXUSDT/4h/IOTXUSDT-4h-2021-11.zip,9510
IOTXUSDT,4h,2021-12,True,IOTXUSDT/4h/IOTXUSDT-4h-2021-12.zip,9452
IOTXUSDT,4h,2022-01,False,IOTXUSDT/4h/IOTXUSDT-4h-2022-01.zip,9401
IOTXUSDT,4h,2022-02,False,IOTXUSDT/4h/IOTXUSDT-4h-2022-02.zip,8570
IOTXUSDT,4h,2022-03,True,IOTXUSDT/4h/IOTXUSDT-4h-2022-03.zip,9398
JASMYUSDT,4h,2022-05,False,JASMYUSDT/4h/JASMYUSDT-4h-2022-05.zip,9771
JASMYUSDT,4h,2022-06,True,JASMYUSDT/4h/JASMYUSDT-4h-2022-06.zip,9129
JASMYUSDT,4h,2022-09,False,JASMYUSDT/4h/JASMYUSDT-4h-2022-09.zip,9438
JASMYUSDT,4h,2022-10,False,JASMYUSDT/4h/JASMYUSDT-4h-2022-10.zip,9824
JASMYUSDT,4h,2022-11,True,JASMYUSDT/4h/JASMYUSDT-4h-2022-11.zip,9575
JASMYUSDT,4h,2022-12,False,JASMYUSDT/4h/JASMYUSDT-4h-2022-12.zip,9544
JASMYUSDT,4h,2023-01,False,JASMYUSDT/4h/JASMYUSDT-4h-2023-01.zip,9904
JASMYUSDT,4h,2023-02,True,JASMYUSDT/4h/JASMYUSDT-4h-2023-02.zip,8999
JASMYUSDT,4h,2023-04,False,JASMYUSDT/4h/JASMYUSDT-4h-2023-04.zip,9555
JASMYUSDT,4h,2023-05,False,JASMYUSDT/4h/JASMYUSDT-4h-2023-05.zip,9854
JASMYUSDT,4h,2023-06,True,JASMYUSDT/4h/JASMYUSDT-4h-2023-06.zip,9405
JASMYUSDT,4h,2024-01,False,JASMYUSDT/4h/JASMYUSDT-4h-2024-01.zip,9586
JASMYUSDT,4h,2024-02,False,JASMYUSDT/4h/JASMYUSDT-4h-2024-02.zip,9404
JTOUSDT,4h,2024-01,False,JTOUSDT/4h/JTOUSDT-4h-2024-01.zip,9574
JTOUSDT,4h,2024-02,True,JTOUSDT/4h/JTOUSDT-4h-2024-02.zip,8726
KAVAUSDT,4h,2020-08,False,KAVAUSDT/4h/KAVAUSDT-4h-2020-08.zip,9468
KAVAUSDT,4h,2020-09,True,KAVAUSDT/4h/KAVAUSDT-4h-2020-09.zip,8935
KAVAUSDT,4h,2020-10,True,KAVAUSDT/4h/KAVAUSDT-4h-2020-10.zip,9111
KAVAUSDT,4h,2020-11,True,KAVAUSDT/4h/KAVAUSDT-4h-2020-11.zip,8982
KAVAUSDT,4h,2020-12,True,KAVAUSDT/4h/KAVAUSDT-4h-2020-12.zip,9058
KAVAUSDT,4h,2021-02,False,KAVAUSDT/4h/KAVAUSDT-4h-2021-02.zip,8651
KAVAUSDT,4h,2021-03,False,KAVAUSDT/4h/KAVAUSDT-4h-2021-03.zip,9621
KAVAUSDT,4h,2021-04,True,KAVAUSDT/4h/KAVAUSDT-4h-2021-04.zip,9321
KAVAUSDT,4h,2021-05,False,KAVAUSDT/4h/KAVAUSDT-4h-2021-05.zip,9605
KAVAUSDT,4h,2021-06,False,KAVAUSDT/4h/KAVAUSDT-4h-2021-06.zip,9238
KAVAUSDT,4h,2021-07,True,KAVAUSDT/4h/KAVAUSDT-4h-2021-07.zip,9452
KAVAUSDT,4h,2021-08,True,KAVAUSDT/4h/KAVAUSDT-4h-2021-08.zip,9635
KAVAUSDT,4h,2021-09,True,KAVAUSDT/4h/KAVAUSDT-4h-2021-09.zip,9253
KAVAUSDT,4h,2021-12,False,KAVAUSDT/4h/KAVAUSDT-4h-2021-12.zip,9349
KAVAUSDT,4h,2022-01,False,KAVAUSDT/4h/KAVAUSDT-4h-2022-01.zip,9764
KAVAUSDT,4h,2022-02,True,KAVAUSDT/4h/KAVAUSDT-4h-2022-02.zip,8597
KAVAUSDT,4h,2022-03,False,KAVAUSDT/4h/KAVAUSDT-4h-2022-03.zip,9438
KAVAUSDT,4h,2022-04,False,KAVAUSDT/4h/KAVAUSDT-4h-2022-04.zip,9471
KAVAUSDT,4h,2022-05,True,KAVAUSDT/4h/KAVAUSDT-4h-2022-05.zip,9801
KAVAUSDT,4h,2022-06,True,KAVAUSDT/4h/KAVAUSDT-4h-2022-06.zip,9271
KAVAUSDT,4h,2022-12,False,KAVAUSDT/4h/KAVAUSDT-4h-2022-12.zip,9303
KAVAUSDT,4h,2023-01,False,KAVAUSDT/4h/KAVAUSDT-4h-2023-01.zip,9662
KAVAUSDT,4h,2023-02,True,KAVAUSDT/4h/KAVAUSDT-4h-2023-02.zip,8555
KAVAUSDT,4h,2023-03,False,KAVAUSDT/4h/KAVAUSDT-4h-2023-03.zip,9570
KAVAUSDT,4h,2023-04,True,KAVAUSDT/4h/KAVAUSDT-4h-2023-04.zip,8975
KAVAUSDT,4h,2023-05,False,KAVAUSDT/4h/KAVAUSDT-4h-2023-05.zip,9688
KAVAUSDT,4h,2023-06,True,KAVAUSDT/4h/KAVAUSDT-4h-2023-06.zip,9283
KAVAUSDT,4h,2023-07,True,KAVAUSDT/4h/KAVAUSDT-4h-2023-07.zip,9371
KEEPUSDT,4h,2021-09,False,KEEPUSDT/4h/KEEPUSDT-4h-2021-09.zip,8472
KEEPUSDT,4h,2021-10,False,KEEPUSDT/4h/KEEPUSDT-4h-2021-10.zip,8952
KEEPUSDT,4h,2021-11,True,KEEPUSDT/4h/KEEPUSDT-4h-2021-11.zip,8657
KLAYUSDT,4h,2022-09,False,KLAYUSDT/4h/KLAYUSDT-4h-2022-09.zip,8502
KLAYUSDT,4h,2022-10,False,KLAYUSDT/4h/KLAYUSDT-4h-2022-10.zip,9255
KLAYUSDT,4h,2022-11,True,KLAYUSDT/4h/KLAYUSDT-4h-2022-11.zip,9019
KLAYUSDT,4h,2023-01,False,KLAYUSDT/4h/KLAYUSDT-4h-2023-01.zip,8997
KLAYUSDT,4h,2023-02,False,KLAYUSDT/4h/KLAYUSDT-4h-2023-02.zip,8487
KLAYUSDT,4h,2023-03,True,KLAYUSDT/4h/KLAYUSDT-4h-2023-03.zip,9256
KNCUSDT,4h,2020-07,False,KNCUSDT/4h/KNCUSDT-4h-2020-07.zip,9156
KNCUSDT,4h,2020-08,True,KNCUSDT/4h/KNCUSDT-4h-2020-08.zip,9199
KNCUSDT,4h,2020-09,True,KNCUSDT/4h/KNCUSDT-4h-2020-09.zip,8703
KNCUSDT,4h,2020-10,True,KNCUSDT/4h/KNCUSDT-4h-2020-10.zip,8846
KNCUSDT,4h,2022-02,False,KNCUSDT/4h/KNCUSDT-4h-2022-02.zip,7096
KNCUSDT,4h,2022-03,False,KNCUSDT/4h/KNCUSDT-4h-2022-03.zip,8726
KNCUSDT,4h,2022-04,True,KNCUSDT/4h/KNCUSDT-4h-2022-04.zip,8236
KNCUSDT,4h,2022-05,False,KNCUSDT/4h/KNCUSDT-4h-2022-05.zip,9144
KNCUSDT,4h,2022-06,True,KNCUSDT/4h/KNCUSDT-4h-2022-06.zip,8351
KNCUSDT,4h,2022-07,True,KNCUSDT/4h/KNCUSDT-4h-2022-07.zip,8438
KNCUSDT,4h,2022-08,False,KNCUSDT/4h/KNCUSDT-4h-2022-08.zip,8519
KNCUSDT,4h,2022-09,True,KNCUSDT/4h/KNCUSDT-4h-2022-09.zip,8299
KNCUSDT,4h,2022-10,True,KNCUSDT/4h/KNCUSDT-4h-2022-10.zip,8259
KNCUSDT,4h,2023-06,False,KNCUSDT/4h/KNCUSDT-4h-2023-06.zip,8448
KNCUSDT,4h,2023-07,False,KNCUSDT/4h/KNCUSDT-4h-2023-07.zip,8952
KNCUSDT,4h,2023-08,True,KNCUSDT/4h/KNCUSDT-4h-2023-08.zip,8974
KNCUSDT,4h,2023-09,True,KNCUSDT/4h/KNCUSDT-4h-2023-09.zip,8647
KNCUSDT,4h,2023-10,True,KNCUSDT/4h/KNCUSDT-4h-2023-10.zip,8967
KSMUSDT,4h,2020-11,False,KSMUSDT/4h/KSMUSDT-4h-2020-11.zip,8464
KSMUSDT,4h,2020-12,True,KSMUSDT/4h/KSMUSDT-4h-2020-12.zip,8890
KSMUSDT,4h,2021-01,True,KSMUSDT/4h/KSMUSDT-4h-2021-01.zip,8975
KSMUSDT,4h,2021-02,False,KSMUSDT/4h/KSMUSDT-4h-2021-02.zip,8461
KSMUSDT,4h,2021-03,True,KSMUSDT/4h/KSMUSDT-4h-2021-03.zip,9442
KSMUSDT,4h,2021-04,True,KSMUSDT/4h/KSMUSDT-4h-2021-04.zip,9161
KSMUSDT,4h,2021-05,True,KSMUSDT/4h/KSMUSDT-4h-2021-05.zip,9244
KSMUSDT,4h,2021-06,True,KSMUSDT/4h/KSMUSDT-4h-2021-06.zip,8902
KSMUSDT,4h,2021-07,True,KSMUSDT/4h/KSMUSDT-4h-2021-07.zip,8842
KSMUSDT,4h,2021-08,True,KSMUSDT/4h/KSMUSDT-4h-2021-08.zip,9001
KSMUSDT,4h,2021-09,True,KSMUSDT/4h/KSMUSDT-4h-2021-09.zip,8736
KSMUSDT,4h,2021-10,True,KSMUSDT/4h/KSMUSDT-4h-2021-10.zip,8779
LDOUSDT,4h,2022-12,False,LDOUSDT/4h/LDOUSDT-4h-2022-12.zip,8784
LDOUSDT,4h,2023-01,False,LDOUSDT/4h/LDOUSDT-4h-2023-01.zip,9603
LDOUSDT,4h,2023-02,True,LDOUSDT/4h/LDOUSDT-4h-2023-02.zip,8724
LDOUSDT,4h,2023-03,True,LDOUSDT/4h/LDOUSDT-4h-2023-03.zip,9613
LDOUSDT,4h,2023-04,True,LDOUSDT/4h/LDOUSDT-4h-2023-04.zip,9133
LDOUSDT,4h,2023-05,True,LDOUSDT/4h/LDOUSDT-4h-2023-05.zip,9508
LDOUSDT,4h,2023-06,True,LDOUSDT/4h/LDOUSDT-4h-2023-06.zip,9154
LDOUSDT,4h,2023-07,True,LDOUSDT/4h/LDOUSDT-4h-2023-07.zip,9306
LDOUSDT,4h,2023-08,True,LDOUSDT/4h/LDOUSDT-4h-2023-08.zip,9061
LDOUSDT,4h,2023-12,False,LDOUSDT/4h/LDOUSDT-4h-2023-12.zip,9352
LDOUSDT,4h,2024-01,False,LDOUSDT/4h/LDOUSDT-4h-2024-01.zip,9542
LDOUSDT,4h,2024-02,True,LDOUSDT/4h/LDOUSDT-4h-2024-02.zip,8707
LENDUSDT,4h,2020-08,False,LENDUSDT/4h/LENDUSDT-4h-2020-08.zip,9418
LENDUSDT,4h,2020-09,True,LENDUSDT/4h/LENDUSDT-4h-2020-09.zip,9068
LENDUSDT,4h,2020-10,True,LENDUSDT/4h/LENDUSDT-4h-2020-10.zip,3910
LENDUSDT,4h,2020-11,True,LENDUSDT/4h/LENDUSDT-4h-2020-11.zip,625
LEVERUSDT,4h,2023-07,False,LEVERUSDT/4h/LEVERUSDT-4h-2023-07.zip,9220
LEVERUSDT,4h,2023-08,False,LEVERUSDT/4h/LEVERUSDT-4h-2023-08.zip,9746
LEVERUSDT,4h,2023-09,True,LEVERUSDT/4h/LEVERUSDT-4h-2023-09.zip,9683
LEVERUSDT,4h,2023-10,True,LEVERUSDT/4h/LEVERUSDT-4h-2023-10.zip,10024
LEVERUSDT,4h,2023-11,True,LEVERUSDT/4h/LEVERUSDT-4h-2023-11.zip,9298
LINAUSDT,4h,2021-06,False,LINAUSDT/4h/LINAUSDT-4h-2021-06.zip,8889
LINAUSDT,4h,2021-07,False,LINAUSDT/4h/LINAUSDT-4h-2021-07.zip,9370
LINAUSDT,4h,2021-08,True,LINAUSDT/4h/LINAUSDT-4h-2021-08.zip,9474
LINAUSDT,4h,2023-02,False,LINAUSDT/4h/LINAUSDT-4h-2023-02.zip,8264
LINAUSDT,4h,2023-03,False,LINAUSDT/4h/LINAUSDT-4h-2023-03.zip,9415
LINAUSDT,4h,2023-04,True,LINAUSDT/4h/LINAUSDT-4h-2023-04.zip,9214
LINAUSDT,4h,2023-05,True,LINAUSDT/4h/LINAUSDT-4h-2023-05.zip,9539
LINAUSDT,4h,2023-06,True,LINAUSDT/4h/LINAUSDT-4h-2023-06.zip,9534
LINAUSDT,4h,2023-07,True,LINAUSDT/4h/LINAUSDT-4h-2023-07.zip,9193
LINAUSDT,4h,2023-08,True,LINAUSDT/4h/LINAUSDT-4h-2023-08.zip,9247
LINKUSDT,4h,2020-03,True,LINKUSDT/4h/LINKUSDT-4h-2020-03.zip,9374
LINKUSDT,4h,2020-04,True,LINKUSDT/4h/LINKUSDT-4h-2020-04.zip,9062
LINKUSDT,4h,2020-05,True,LINKUSDT/4h/LINKUSDT-4h-2020-05.zip,9144
LINKUSDT,4h,2020-06,True,LINKUSDT/4h/LINKUSDT-4h-2020-06.zip,8808
LINKUSDT,4h,2020-07,True,LINKUSDT/4h/LINKUSDT-4h-2020-07.zip,9545
LINKUSDT,4h,2020-08,True,LINKUSDT/4h/LINKUSDT-4h-2020-08.zip,9956
LINKUSDT,4h,2020-09,True,LINKUSDT/4h/LINKUSDT-4h-2020-09.zip,9529
LINKUSDT,4h,2020-10,True,LINKUSDT/4h/LINKUSDT-4h-2020-10.zip,9731
LINKUSDT,4h,2020-11,True,LINKUSDT/4h/LINKUSDT-4h-2020-11.zip,9591
LINKUSDT,4h,2020-12,True,LINKUSDT/4h/LINKUSDT-4h-2020-12.zip,9804
LINKUSDT,4h,2021-01,True,LINKUSDT/4h/LINKUSDT-4h-2021-01.zip,10056
LINKUSDT,4h,2021-02,True,LINKUSDT/4h/LINKUSDT-4h-2021-02.zip,9058
LINKUSDT,4h,2021-03,True,LINKUSDT/4h/LINKUSDT-4h-2021-03.zip,9825
LINKUSDT,4h,2021-04,True,LINKUSDT/4h/LINKUSDT-4h-2021-04.zip,9719
LINKUSDT,4h,2021-05,True,LINKUSDT/4h/LINKUSDT-4h-2021-05.zip,10168
LINKUSDT,4h,2021-06,True,LINKUSDT/4h/LINKUSDT-4h-2021-06.zip,9640
LINKUSDT,4h,2021-07,True,LINKUSDT/4h/LINKUSDT-4h-2021-07.zip,9869
LINKUSDT,4h,2021-08,True,LINKUSDT/4h/LINKUSDT-4h-2021-08.zip,9923
LINKUSDT,4h,2021-09,True,LINKUSDT/4h/LINKUSDT-4h-2021-09.zip,9668
LINKUSDT,4h,2021-10,True,LINKUSDT/4h/LINKUSDT-4h-2021-10.zip,9926
LINKUSDT,4h,2021-11,True,LINKUSDT/4h/LINKUSDT-4h-2021-11.zip,9564
LINKUSDT,4h,2021-12,True,LINKUSDT/4h/LINKUSDT-4h-2021-12.zip,9914
LINKUSDT,4h,2022-01,True,LINKUSDT/4h/LINKUSDT-4h-2022-01.zip,10157
LINKUSDT,4h,2022-02,True,LINKUSDT/4h/LINKUSDT-4h-2022-02.zip,9055
LINKUSDT,4h,2022-03,True,LINKUSDT/4h/LINKUSDT-4h-2022-03.zip,9840
LINKUSDT,4h,2022-04,True,LINKUSDT/4h/LINKUSDT-4h-2022-04.zip,9479
LINKUSDT,4h,2022-05,True,LINKUSDT/4h/LINKUSDT-4h-2022-05.zip,9783
LINKUSDT,4h,2022-06,True,LINKUSDT/4h/LINKUSDT-4h-2022-06.zip,9600
LINKUSDT,4h,2022-07,True,LINKUSDT/4h/LINKUSDT-4h-2022-07.zip,9685
LINKUSDT,4h,2022-08,True,LINKUSDT/4h/LINKUSDT-4h-2022-08.zip,9706
LINKUSDT,4h,2022-09,True,LINKUSDT/4h/LINKUSDT-4h-2022-09.zip,9443
LINKUSDT,4h,2022-10,True,LINKUSDT/4h/LINKUSDT-4h-2022-10.zip,9672
LINKUSDT,4h,2022-11,True,LINKUSDT/4h/LINKUSDT-4h-2022-11.zip,9575
LINKUSDT,4h,2022-12,True,LINKUSDT/4h/LINKUSDT-4h-2022-12.zip,9628
LINKUSDT,4h,2023-01,True,LINKUSDT/4h/LINKUSDT-4h-2023-01.zip,9669
LINKUSDT,4h,2023-02,True,LINKUSDT/4h/LINKUSDT-4h-2023-02.zip,8843
LINKUSDT,4h,2023-03,True,LINKUSDT/4h/LINKUSDT-4h-2023-03.zip,9697
LINKUSDT,4h,2023-04,True,LINKUSDT/4h/LINKUSDT-4h-2023-04.zip,9293
LINKUSDT,4h,2023-05,True,LINKUSDT/4h/LINKUSDT-4h-2023-05.zip,9439
LINKUSDT,4h,2023-06,True,LINKUSDT/4h/LINKUSDT-4h-2023-06.zip,9254
LINKUSDT,4h,2023-07,True,LINKUSDT/4h/LINKUSDT-4h-2023-07.zip,9698
LINKUSDT,4h,2023-08,True,LINKUSDT/4h/LINKUSDT-4h-2023-08.zip,9595
LINKUSDT,4h,2023-09,True,LINKUSDT/4h/LINKUSDT-4h-2023-09.zip,9327
LINKUSDT,4h,2023-10,True,LINKUSDT/4h/LINKUSDT-4h-2023-10.zip,9871
LINKUSDT,4h,2023-11,True,LINKUSDT/4h/LINKUSDT-4h-2023-11.zip,9763
LINKUSDT,4h,2023-12,True,LINKUSDT/4h/LINKUSDT-4h-2023-12.zip,9998
LINKUSDT,4h,2024-01,True,LINKUSDT/4h/LINKUSDT-4h-2024-01.zip,9916
LINKUSDT,4h,2024-02,True,LINKUSDT/4h/LINKUSDT-4h-2024-02.zip,9366
LITUSDT,4h,2021-06,False,LITUSDT/4h/LITUSDT-4h-2021-06.zip,8357
LITUSDT,4h,2021-07,False,LITUSDT/4h/LITUSDT-4h-2021-07.zip,8828
LITUSDT,4h,2021-08,True,LITUSDT/4h/LITUSDT-4h-2021-08.zip,8878
LITUSDT,4h,2022-05,False,LITUSDT/4h/LITUSDT-4h-2022-05.zip,8768
LITUSDT,4h,2022-06,False,LITUSDT/4h/LITUSDT-4h-2022-06.zip,8838
LITUSDT,4h,2022-07,True,LITUSDT/4h/LITUSDT-4h-2022-07.zip,8818
LITUSDT,4h,2022-09,False,LITUSDT/4h/LITUSDT-4h-2022-09.zip,8226
LITUSDT,4h,2022-10,False,LITUSDT/4h/LITUSDT-4h-2022-10.zip,8963
LITUSDT,4h,2022-11,True,LITUSDT/4h/LITUSDT-4h-2022-11.zip,8600
LITUSDT,4h,2022-12,True,LITUSDT/4h/LITUSDT-4h-2022-12.zip,8679
LITUSDT,4h,2023-01,True,LITUSDT/4h/LITUSDT-4h-2023-01.zip,8731
LITUSDT,4h,2023-02,True,LITUSDT/4h/LITUSDT-4h-2023-02.zip,8122
LITUSDT,4h,2023-03,True,LITUSDT/4h/LITUSDT-4h-2023-03.zip,8741
LPTUSDT,4h,2023-07,False,LPTUSDT/4h/LPTUSDT-4h-2023-07.zip,8407
LPTUSDT,4h,2023-08,False,LPTUSDT/4h/LPTUSDT-4h-2023-08.zip,9235
LPTUSDT,4h,2023-09,True,LPTUSDT/4h/LPTUSDT-4h-2023-09.zip,8539
LPTUSDT,4h,2023-10,True,LPTUSDT/4h/LPTUSDT-4h-2023-10.zip,8672
LPTUSDT,4h,2024-01,False,LPTUSDT/4h/LPTUSDT-4h-2024-01.zip,8744
LPTUSDT,4h,2024-02,False,LPTUSDT/4h/LPTUSDT-4h-2024-02.zip,8504
LQTYUSDT,4h,2023-06,False,LQTYUSDT/4h/LQTYUSDT-4h-2023-06.zip,9201
LQTYUSDT,4h,2023-07,False,LQTYUSDT/4h/LQTYUSDT-4h-2023-07.zip,9695
LQTYUSDT,4h,2023-08,True,LQTYUSDT/4h/LQTYUSDT-4h-2023-08.zip,9355
LQTYUSDT,4h,2023-09,False,LQTYUSDT/4h/LQTYUSDT-4h-2023-09.zip,8989
LQTYUSDT,4h,2023-10,False,LQTYUSDT/4h/LQTYUSDT-4h-2023-10.zip,9979
LQTYUSDT,4h,2023-11,True,LQTYUSDT/4h/LQTYUSDT-4h-2023-11.zip,9279
LRCUSDT,4h,2020-12,False,LRCUSDT/4h/LRCUSDT-4h-2020-12.zip,8745
LRCUSDT,4h,2021-01,False,LRCUSDT/4h/LRCUSDT-4h-2021-01.zip,9418
LRCUSDT,4h,2021-02,True,LRCUSDT/4h/LRCUSDT-4h-2021-02.zip,8469
LRCUSDT,4h,2021-07,False,LRCUSDT/4h/LRCUSDT-4h-2021-07.zip,9039
LRCUSDT,4h,2021-08,False,LRCUSDT/4h/LRCUSDT-4h-2021-08.zip,9522
LRCUSDT,4h,2021-09,True,LRCUSDT/4h/LRCUSDT-4h-2021-09.zip,9159
LRCUSDT,4h,2021-10,False,LRCUSDT/4h/LRCUSDT-4h-2021-10.zip,9406
LRCUSDT,4h,2021-11,False,LRCUSDT/4h/LRCUSDT-4h-2021-11.zip,9893
LRCUSDT,4h,2021-12,True,LRCUSDT/4h/LRCUSDT-4h-2021-12.zip,9818
LRCUSDT,4h,2022-01,True,LRCUSDT/4h/LRCUSDT-4h-2022-01.zip,9770
LRCUSDT,4h,2022-02,True,LRCUSDT/4h/LRCUSDT-4h-2022-02.zip,7674
LRCUSDT,4h,2022-03,False,LRCUSDT/4h/LRCUSDT-4h-2022-03.zip,9207
LRCUSDT,4h,2022-04,True,LRCUSDT/4h/LRCUSDT-4h-2022-04.zip,8399
LRCUSDT,4h,2022-05,False,LRCUSDT/4h/LRCUSDT-4h-2022-05.zip,9262
LRCUSDT,4h,2022-06,True,LRCUSDT/4h/LRCUSDT-4h-2022-06.zip,8846
LRCUSDT,4h,2022-10,False,LRCUSDT/4h/LRCUSDT-4h-2022-10.zip,8580
LRCUSDT,4h,2022-11,False,LRCUSDT/4h/LRCUSDT-4h-2022-11.zip,8624
LRCUSDT,4h,2022-12,True,LRCUSDT/4h/LRCUSDT-4h-2022-12.zip,8503
LRCUSDT,4h,2023-01,False,LRCUSDT/4h/LRCUSDT-4h-2023-01.zip,8869
LRCUSDT,4h,2023-02,False,LRCUSDT/4h/LRCUSDT-4h-2023-02.zip,8297
LRCUSDT,4h,2023-03,True,LRCUSDT/4h/LRCUSDT-4h-2023-03.zip,8883
LTCUSDT,4h,2020-03,True,LTCUSDT/4h/LTCUSDT-4h-2020-03.zip,9255
LTCUSDT,4h,2020-04,True,LTCUSDT/4h/LTCUSDT-4h-2020-04.zip,8757
LTCUSDT,4h,2020-05,True,LTCUSDT/4h/LTCUSDT-4h-2020-05.zip,9117
LTCUSDT,4h,2020-06,True,LTCUSDT/4h/LTCUSDT-4h-2020-06.zip,8651
LTCUSDT,4h,2020-07,True,LTCUSDT/4h/LTCUSDT-4h-2020-07.zip,9136
LTCUSDT,4h,2020-08,True,LTCUSDT/4h/LTCUSDT-4h-2020-08.zip,9391
LTCUSDT,4h,2020-09,True,LTCUSDT/4h/LTCUSDT-4h-2020-09.zip,8920
LTCUSDT,4h,2020-10,True,LTCUSDT/4h/LTCUSDT-4h-2020-10.zip,9254
LTCUSDT,4h,2020-11,True,LTCUSDT/4h/LTCUSDT-4h-2020-11.zip,9352
LTCUSDT,4h,2020-12,True,LTCUSDT/4h/LTCUSDT-4h-2020-12.zip,9882
LTCUSDT,4h,2021-01,True,LTCUSDT/4h/LTCUSDT-4h-2021-01.zip,10044
LTCUSDT,4h,2021-02,True,LTCUSDT/4h/LTCUSDT-4h-2021-02.zip,9157
LTCUSDT,4h,2021-03,True,LTCUSDT/4h/LTCUSDT-4h-2021-03.zip,9973
LTCUSDT,4h,2021-04,True,LTCUSDT/4h/LTCUSDT-4h-2021-04.zip,9860
LTCUSDT,4h,2021-05,True,LTCUSDT/4h/LTCUSDT-4h-2021-05.zip,10277
LTCUSDT,4h,2021-06,True,LTCUSDT/4h/LTCUSDT-4h-2021-06.zip,9664
LTCUSDT,4h,2021-07,True,LTCUSDT/4h/LTCUSDT-4h-2021-07.zip,9806
LTCUSDT,4h,2021-08,True,LTCUSDT/4h/LTCUSDT-4h-2021-08.zip,9921
LTCUSDT,4h,2021-09,True,LTCUSDT/4h/LTCUSDT-4h-2021-09.zip,9690
LTCUSDT,4h,2021-10,True,LTCUSDT/4h/LTCUSDT-4h-2021-10.zip,9885
LTCUSDT,4h,2021-11,True,LTCUSDT/4h/LTCUSDT-4h-2021-11.zip,9779
LTCUSDT,4h,2021-12,True,LTCUSDT/4h/LTCUSDT-4h-2021-12.zip,9821
LTCUSDT,4h,2022-01,True,LTCUSDT/4h/LTCUSDT-4h-2022-01.zip,9899
LTCUSDT,4h,2022-02,True,LTCUSDT/4h/LTCUSDT-4h-2022-02.zip,8049
LTCUSDT,4h,2022-03,False,LTCUSDT/4h/LTCUSDT-4h-2022-03.zip,9737
LTCUSDT,4h,2022-04,True,LTCUSDT/4h/LTCUSDT-4h-2022-04.zip,8804
LTCUSDT,4h,2022-05,False,LTCUSDT/4h/LTCUSDT-4h-2022-05.zip,9726
LTCUSDT,4h,2022-06,True,LTCUSDT/4h/LTCUSDT-4h-2022-06.zip,9391
LTCUSDT,4h,2022-07,True,LTCUSDT/4h/LTCUSDT-4h-2022-07.zip,9625
LTCUSDT,4h,2022-08,True,LTCUSDT/4h/LTCUSDT-4h-2022-08.zip,9595
LTCUSDT,4h,2022-09,True,LTCUSDT/4h/LTCUSDT-4h-2022-09.zip,9401
LTCUSDT,4h,2022-10,True,LTCUSDT/4h/LTCUSDT-4h-2022-10.zip,9413
LTCUSDT,4h,2022-11,True,LTCUSDT/4h/LTCUSDT-4h-2022-11.zip,9626
LTCUSDT,4h,2022-12,True,LTCUSDT/4h/LTCUSDT-4h-2022-12.zip,9697
LTCUSDT,4h,2023-01,True,LTCUSDT/4h/LTCUSDT-4h-2023-01.zip,9770
LTCUSDT,4h,2023-02,True,LTCUSDT/4h/LTCUSDT-4h-2023-02.zip,8856
LTCUSDT,4h,2023-03,True,LTCUSDT/4h/LTCUSDT-4h-2023-03.zip,9898
LTCUSDT,4h,2023-04,True,LTCUSDT/4h/LTCUSDT-4h-2023-04.zip,9461
LTCUSDT,4h,2023-05,True,LTCUSDT/4h/LTCUSDT-4h-2023-05.zip,9749
LTCUSDT,4h,2023-06,True,LTCUSDT/4h/LTCUSDT-4h-2023-06.zip,9508
LTCUSDT,4h,2023-07,True,LTCUSDT/4h/LTCUSDT-4h-2023-07.zip,9881
LTCUSDT,4h,2023-08,True,LTCUSDT/4h/LTCUSDT-4h-2023-08.zip,9678
LTCUSDT,4h,2023-09,True,LTCUSDT/4h/LTCUSDT-4h-2023-09.zip,9199
LTCUSDT,4h,2023-10,True,LTCUSDT/4h/LTCUSDT-4h-2023-10.zip,9519
LTCUSDT,4h,2023-11,True,LTCUSDT/4h/LTCUSDT-4h-2023-11.zip,9289
LTCUSDT,4h,2023-12,True,LTCUSDT/4h/LTCUSDT-4h-2023-12.zip,9558
LTCUSDT,4h,2024-01,True,LTCUSDT/4h/LTCUSDT-4h-2024-01.zip,9614
LTCUSDT,4h,2024-02,True,LTCUSDT/4h/LTCUSDT-4h-2024-02.zip,8935
LUNA2USDT,4h,2022-10,False,LUNA2USDT/4h/LUNA2USDT-4h-2022-10.zip,9425
LUNA2USDT,4h,2022-11,True,LUNA2USDT/4h/LUNA2USDT-4h-2022-11.zip,8883
LUNA2USDT,4h,2022-12,False,LUNA2USDT/4h/LUNA2USDT-4h-2022-12.zip,8943
LUNA2USDT,4h,2023-01,False,LUNA2USDT/4h/LUNA2USDT-4h-2023-01.zip,9291
LUNA2USDT,4h,2023-02,True,LUNA2USDT/4h/LUNA2USDT-4h-2023-02.zip,8305
LUNA2USDT,4h,2023-08,False,LUNA2USDT/4h/LUNA2USDT-4h-2023-08.zip,8740
LUNA2USDT,4h,2023-09,False,LUNA2USDT/4h/LUNA2USDT-4h-2023-09.zip,8671
LUNA2USDT,4h,2023-10,True,LUNA2USDT/4h/LUNA2USDT-4h-2023-10.zip,8944
LUNA2USDT,4h,2023-11,False,LUNA2USDT/4h/LUNA2USDT-4h-2023-11.zip,9074
LUNA2USDT,4h,2023-12,True,LUNA2USDT/4h/LUNA2USDT-4h-2023-12.zip,9407
LUNAUSDT,4h,2021-02,False,LUNAUSDT/4h/LUNAUSDT-4h-2021-02.zip,8243
LUNAUSDT,4h,2021-03,True,LUNAUSDT/4h/LUNAUSDT-4h-2021-03.zip,9375
LUNAUSDT,4h,2021-04,True,LUNAUSDT/4h/LUNAUSDT-4h-2021-04.zip,8950
LUNAUSDT,4h,2021-05,True,LUNAUSDT/4h/LUNAUSDT-4h-2021-05.zip,8888
LUNAUSDT,4h,2021-06,True,LUNAUSDT/4h/LUNAUSDT-4h-2021-06.zip,8333
LUNAUSDT,4h,2021-07,True,LUNAUSDT/4h/LUNAUSDT-4h-2021-07.zip,8754
LUNAUSDT,4h,2021-08,True,LUNAUSDT/4h/LUNAUSDT-4h-2021-08.zip,9095
LUNAUSDT,4h,2021-09,True,LUNAUSDT/4h/LUNAUSDT-4h-2021-09.zip,8924
LUNAUSDT,4h,2021-10,True,LUNAUSDT/4h/LUNAUSDT-4h-2021-10.zip,9131
LUNAUSDT,4h,2021-11,True,LUNAUSDT/4h/LUNAUSDT-4h-2021-11.zip,8778
LUNAUSDT,4h,2021-12,True,LUNAUSDT/4h/LUNAUSDT-4h-2021-12.zip,9490
LUNAUSDT,4h,2022-01,True,LUNAUSDT/4h/LUNAUSDT-4h-2022-01.zip,9529
LUNAUSDT,4h,2022-02,True,LUNAUSDT/4h/LUNAUSDT-4h-2022-02.zip,7644
LUNAUSDT,4h,2022-03,False,LUNAUSDT/4h/LUNAUSDT-4h-2022-03.zip,9427
LUNAUSDT,4h,2022-04,True,LUNAUSDT/4h/LUNAUSDT-4h-2022-04.zip,8631
MAGICUSDT,4h,2023-02,False,MAGICUSDT/4h/MAGICUSDT-4h-2023-02.zip,9238
MAGICUSDT,4h,2023-03,True,MAGICUSDT/4h/MAGICUSDT-4h-2023-03.zip,10102
MAGICUSDT,4h,2023-04,True,MAGICUSDT/4h/MAGICUSDT-4h-2023-04.zip,9458
MANAUSDT,4h,2021-06,False,MANAUSDT/4h/MANAUSDT-4h-2021-06.zip,8403
MANAUSDT,4h,2021-07,False,MANAUSDT/4h/MANAUSDT-4h-2021-07.zip,8872
MANAUSDT,4h,2021-08,True,MANAUSDT/4h/MANAUSDT-4h-2021-08.zip,8905
MANAUSDT,4h,2021-09,False,MANAUSDT/4h/MANAUSDT-4h-2021-09.zip,8540
MANAUSDT,4h,2021-10,False,MANAUSDT/4h/MANAUSDT-4h-2021-10.zip,8855
MANAUSDT,4h,2021-11,True,MANAUSDT/4h/MANAUSDT-4h-2021-11.zip,9386
MANAUSDT,4h,2021-12,True,MANAUSDT/4h/MANAUSDT-4h-2021-12.zip,9446
MANAUSDT,4h,2022-01,True,MANAUSDT/4h/MANAUSDT-4h-2022-01.zip,9487
MANAUSDT,4h,2022-02,True,MANAUSDT/4h/MANAUSDT-4h-2022-02.zip,7816
MANAUSDT,4h,2022-03,False,MANAUSDT/4h/MANAUSDT-4h-2022-03.zip,9128
MANAUSDT,4h,2022-04,True,MANAUSDT/4h/MANAUSDT-4h-2022-04.zip,8323
MANAUSDT,4h,2022-05,False,MANAUSDT/4h/MANAUSDT-4h-2022-05.zip,9392
MANAUSDT,4h,2022-06,True,MANAUSDT/4h/MANAUSDT-4h-2022-06.zip,8919
MANAUSDT,4h,2022-07,True,MANAUSDT/4h/MANAUSDT-4h-2022-07.zip,9138
MANAUSDT,4h,2022-08,True,MANAUSDT/4h/MANAUSDT-4h-2022-08.zip,9062
MANAUSDT,4h,2022-09,True,MANAUSDT/4h/MANAUSDT-4h-2022-09.zip,8600
MANAUSDT,4h,2022-10,True,MANAUSDT/4h/MANAUSDT-4h-2022-10.zip,8793
MANAUSDT,4h,2022-11,True,MANAUSDT/4h/MANAUSDT-4h-2022-11.zip,8692
MANAUSDT,4h,2022-12,True,MANAUSDT/4h/MANAUSDT-4h-2022-12.zip,8727
MANAUSDT,4h,2023-01,True,MANAUSDT/4h/MANAUSDT-4h-2023-01.zip,9230
MANAUSDT,4h,2023-02,True,MANAUSDT/4h/MANAUSDT-4h-2023-02.zip,8293
MANAUSDT,4h,2023-03,True,MANAUSDT/4h/MANAUSDT-4h-2023-03.zip,9052
MANAUSDT,4h,2023-04,True,MANAUSDT/4h/MANAUSDT-4h-2023-04.zip,8604
MANTAUSDT,4h,2024-02,False,MANTAUSDT/4h/MANTAUSDT-4h-2024-02.zip,9656
MASKUSDT,4h,2021-10,False,MASKUSDT/4h/MASKUSDT-4h-2021-10.zip,9033
MASKUSDT,4h,2021-11,False,MASKUSDT/4h/MASKUSDT-4h-2021-11.zip,8998
MASKUSDT,4h,2021-12,True,MASKUSDT/4h/MASKUSDT-4h-2021-12.zip,9124
MASKUSDT,4h,2022-09,False,MASKUSDT/4h/MASKUSDT-4h-2022-09.zip,7709
MASKUSDT,4h,2022-10,False,MASKUSDT/4h/MASKUSDT-4h-2022-10.zip,8022
MASKUSDT,4h,2022-11,True,MASKUSDT/4h/MASKUSDT-4h-2022-11.zip,8878
MASKUSDT,4h,2022-12,True,MASKUSDT/4h/MASKUSDT-4h-2022-12.zip,8809
MASKUSDT,4h,2023-01,True,MASKUSDT/4h/MASKUSDT-4h-2023-01.zip,8730
MASKUSDT,4h,2023-02,True,MASKUSDT/4h/MASKUSDT-4h-2023-02.zip,8002
MASKUSDT,4h,2023-03,True,MASKUSDT/4h/MASKUSDT-4h-2023-03.zip,9091
MASKUSDT,4h,2023-04,True,MASKUSDT/4h/MASKUSDT-4h-2023-04.zip,8543
MASKUSDT,4h,2023-05,True,MASKUSDT/4h/MASKUSDT-4h-2023-05.zip,8750
MASKUSDT,4h,2023-06,True,MASKUSDT/4h/MASKUSDT-4h-2023-06.zip,8389
MASKUSDT,4h,2023-07,True,MASKUSDT/4h/MASKUSDT-4h-2023-07.zip,8627
MASKUSDT,4h,2023-08,True,MASKUSDT/4h/MASKUSDT-4h-2023-08.zip,8319
MASKUSDT,4h,2023-09,True,MASKUSDT/4h/MASKUSDT-4h-2023-09.zip,7968
MASKUSDT,4h,2023-10,False,MASKUSDT/4h/MASKUSDT-4h-2023-10.zip,8354
MASKUSDT,4h,2023-11,False,MASKUSDT/4h/MASKUSDT-4h-2023-11.zip,8250
MASKUSDT,4h,2023-12,True,MASKUSDT/4h/MASKUSDT-4h-2023-12.zip,8463
MASKUSDT,4h,2024-01,False,MASKUSDT/4h/MASKUSDT-4h-2024-01.zip,8653
MASKUSDT,4h,2024-02,True,MASKUSDT/4h/MASKUSDT-4h-2024-02.zip,8002
MATICUSDT,4h,2021-01,False,MATICUSDT/4h/MATICUSDT-4h-2021-01.zip,9115
MATICUSDT,4h,2021-02,False,MATICUSDT/4h/MATICUSDT-4h-2021-02.zip,8672
MATICUSDT,4h,2021-03,True,MATICUSDT/4h/MATICUSDT-4h-2021-03.zip,9668
MATICUSDT,4h,2021-04,True,MATICUSDT/4h/MATICUSDT-4h-2021-04.zip,9398
MATICUSDT,4h,2021-05,True,MATICUSDT/4h/MATICUSDT-4h-2021-05.zip,10231
MATICUSDT,4h,2021-06,True,MATICUSDT/4h/MATICUSDT-4h-2021-06.zip,9567
MATICUSDT,4h,2021-07,True,MATICUSDT/4h/MATICUSDT-4h-2021-07.zip,9691
MATICUSDT,4h,2021-08,True,MATICUSDT/4h/MATICUSDT-4h-2021-08.zip,9712
MATICUSDT,4h,2021-09,True,MATICUSDT/4h/MATICUSDT-4h-2021-09.zip,9379
MATICUSDT,4h,2021-10,True,MATICUSDT/4h/MATICUSDT-4h-2021-10.zip,9635
MATICUSDT,4h,2021-11,True,MATICUSDT/4h/MATICUSDT-4h-2021-11.zip,9258
MATICUSDT,4h,2021-12,True,MATICUSDT/4h/MATICUSDT-4h-2021-12.zip,9923
MATICUSDT,4h,2022-01,True,MATICUSDT/4h/MATICUSDT-4h-2022-01.zip,9840
MATICUSDT,4h,2022-02,True,MATICUSDT/4h/MATICUSDT-4h-2022-02.zip,8876
MATICUSDT,4h,2022-03,True,MATICUSDT/4h/MATICUSDT-4h-2022-03.zip,9499
MATICUSDT,4h,2022-04,True,MATICUSDT/4h/MATICUSDT-4h-2022-04.zip,9037
MATICUSDT,4h,2022-05,True,MATICUSDT/4h/MATICUSDT-4h-2022-05.zip,9473
MATICUSDT,4h,2022-06,True,MATICUSDT/4h/MATICUSDT-4h-2022-06.zip,9178
MATICUSDT,4h,2022-07,True,MATICUSDT/4h/MATICUSDT-4h-2022-07.zip,9761
MATICUSDT,4h,2022-08,True,MATICUSDT/4h/MATICUSDT-4h-2022-08.zip,9503
MATICUSDT,4h,2022-09,True,MATICUSDT/4h/MATICUSDT-4h-2022-09.zip,9158
MATICUSDT,4h,2022-10,True,MATICUSDT/4h/MATICUSDT-4h-2022-10.zip,9444
MATICUSDT,4h,2022-11,True,MATICUSDT/4h/MATICUSDT-4h-2022-11.zip,9425
MATICUSDT,4h,2022-12,True,MATICUSDT/4h/MATICUSDT-4h-2022-12.zip,9260
MATICUSDT,4h,2023-01,True,MATICUSDT/4h/MATICUSDT-4h-2023-01.zip,9436
MATICUSDT,4h,2023-02,True,MATICUSDT/4h/MATICUSDT-4h-2023-02.zip,8749
MATICUSDT,4h,2023-03,True,MATICUSDT/4h/MATICUSDT-4h-2023-03.zip,9588
MATICUSDT,4h,2023-04,True,MATICUSDT/4h/MATICUSDT-4h-2023-04.zip,9071
MATICUSDT,4h,2023-05,True,MATICUSDT/4h/MATICUSDT-4h-2023-05.zip,9335
MATICUSDT,4h,2023-06,True,MATICUSDT/4h/MATICUSDT-4h-2023-06.zip,9185
MATICUSDT,4h,2023-07,True,MATICUSDT/4h/MATICUSDT-4h-2023-07.zip,9350
MATICUSDT,4h,2023-08,True,MATICUSDT/4h/MATICUSDT-4h-2023-08.zip,9235
MATICUSDT,4h,2023-09,True,MATICUSDT/4h/MATICUSDT-4h-2023-09.zip,8774
MATICUSDT,4h,2023-10,True,MATICUSDT/4h/MATICUSDT-4h-2023-10.zip,9233
MATICUSDT,4h,2023-11,True,MATICUSDT/4h/MATICUSDT-4h-2023-11.zip,9233
MATICUSDT,4h,2023-12,True,MATICUSDT/4h/MATICUSDT-4h-2023-12.zip,9550
MATICUSDT,4h,2024-01,True,MATICUSDT/4h/MATICUSDT-4h-2024-01.zip,9454
MATICUSDT,4h,2024-02,True,MATICUSDT/4h/MATICUSDT-4h-2024-02.zip,8831
MEMEUSDT,4h,2023-12,False,MEMEUSDT/4h/MEMEUSDT-4h-2023-12.zip,10564
MEMEUSDT,4h,2024-01,True,MEMEUSDT/4h/MEMEUSDT-4h-2024-01.zip,10269
MEMEUSDT,4h,2024-02,False,MEMEUSDT/4h/MEMEUSDT-4h-2024-02.zip,9514
MINAUSDT,4h,2023-09,False,MINAUSDT/4h/MINAUSDT-4h-2023-09.zip,8268
MINAUSDT,4h,2023-10,False,MINAUSDT/4h/MINAUSDT-4h-2023-10.zip,9042
MINAUSDT,4h,2023-11,True,MINAUSDT/4h/MINAUSDT-4h-2023-11.zip,9047
MINAUSDT,4h,2023-12,False,MINAUSDT/4h/MINAUSDT-4h-2023-12.zip,9499
MINAUSDT,4h,2024-01,True,MINAUSDT/4h/MINAUSDT-4h-2024-01.zip,9487
MINAUSDT,4h,2024-02,True,MINAUSDT/4h/MINAUSDT-4h-2024-02.zip,8735
MKRUSDT,4h,2020-09,False,MKRUSDT/4h/MKRUSDT-4h-2020-09.zip,8942
MKRUSDT,4h,2020-10,True,MKRUSDT/4h/MKRUSDT-4h-2020-10.zip,9186
MKRUSDT,4h,2020-11,True,MKRUSDT/4h/MKRUSDT-4h-2020-11.zip,8877
MKRUSDT,4h,2020-12,True,MKRUSDT/4h/MKRUSDT-4h-2020-12.zip,9315
MKRUSDT,4h,2021-01,True,MKRUSDT/4h/MKRUSDT-4h-2021-01.zip,9791
MKRUSDT,4h,2021-02,True,MKRUSDT/4h/MKRUSDT-4h-2021-02.zip,9067
MKRUSDT,4h,2021-03,True,MKRUSDT/4h/MKRUSDT-4h-2021-03.zip,9704
MKRUSDT,4h,2021-04,True,MKRUSDT/4h/MKRUSDT-4h-2021-04.zip,9817
MKRUSDT,4h,2021-05,True,MKRUSDT/4h/MKRUSDT-4h-2021-05.zip,9927
MKRUSDT,4h,2021-06,True,MKRUSDT/4h/MKRUSDT-4h-2021-06.zip,8975
MKRUSDT,4h,2021-07,True,MKRUSDT/4h/MKRUSDT-4h-2021-07.zip,9079
MKRUSDT,4h,2022-09,False,MKRUSDT/4h/MKRUSDT-4h-2022-09.zip,8617
MKRUSDT,4h,2022-10,False,MKRUSDT/4h/MKRUSDT-4h-2022-10.zip,9319
MKRUSDT,4h,2022-11,True,MKRUSDT/4h/MKRUSDT-4h-2022-11.zip,8724
MKRUSDT,4h,2023-02,False,MKRUSDT/4h/MKRUSDT-4h-2023-02.zip,8209
MKRUSDT,4h,2023-03,False,MKRUSDT/4h/MKRUSDT-4h-2023-03.zip,9329
MKRUSDT,4h,2023-04,True,MKRUSDT/4h/MKRUSDT-4h-2023-04.zip,8715
MKRUSDT,4h,2023-06,False,MKRUSDT/4h/MKRUSDT-4h-2023-06.zip,8715
MKRUSDT,4h,2023-07,False,MKRUSDT/4h/MKRUSDT-4h-2023-07.zip,9595
MKRUSDT,4h,2023-08,True,MKRUSDT/4h/MKRUSDT-4h-2023-08.zip,9480
MKRUSDT,4h,2023-09,True,MKRUSDT/4h/MKRUSDT-4h-2023-09.zip,9052
MKRUSDT,4h,2023-10,True,MKRUSDT/4h/MKRUSDT-4h-2023-10.zip,9275
MKRUSDT,4h,2023-11,True,MKRUSDT/4h/MKRUSDT-4h-2023-11.zip,8931
MTLUSDT,4h,2021-05,False,MTLUSDT/4h/MTLUSDT-4h-2021-05.zip,8781
MTLUSDT,4h,2021-06,False,MTLUSDT/4h/MTLUSDT-4h-2021-06.zip,8565
MTLUSDT,4h,2021-07,True,MTLUSDT/4h/MTLUSDT-4h-2021-07.zip,8794
MTLUSDT,4h,2022-03,False,MTLUSDT/4h/MTLUSDT-4h-2022-03.zip,8682
MTLUSDT,4h,2022-04,False,MTLUSDT/4h/MTLUSDT-4h-2022-04.zip,8940
MTLUSDT,4h,2022-05,True,MTLUSDT/4h/MTLUSDT-4h-2022-05.zip,9194
MTLUSDT,4h,2022-06,True,MTLUSDT/4h/MTLUSDT-4h-2022-06.zip,8839
MTLUSDT,4h,2022-07,True,MTLUSDT/4h/MTLUSDT-4h-2022-07.zip,8775
MTLUSDT,4h,2022-11,False,MTLUSDT/4h/MTLUSDT-4h-2022-11.zip,8405
MTLUSDT,4h,2022-12,False,MTLUSDT/4h/MTLUSDT-4h-2022-12.zip,8636
MTLUSDT,4h,2023-01,True,MTLUSDT/4h/MTLUSDT-4h-2023-01.zip,8712
MTLUSDT,4h,2023-02,False,MTLUSDT/4h/MTLUSDT-4h-2023-02.zip,8115
MTLUSDT,4h,2023-03,True,MTLUSDT/4h/MTLUSDT-4h-2023-03.zip,8772
MTLUSDT,4h,2023-04,False,MTLUSDT/4h/MTLUSDT-4h-2023-04.zip,8390
MTLUSDT,4h,2023-05,False,MTLUSDT/4h/MTLUSDT-4h-2023-05.zip,8740
MTLUSDT,4h,2023-06,True,MTLUSDT/4h/MTLUSDT-4h-2023-06.zip,9011
MTLUSDT,4h,2023-07,True,MTLUSDT/4h/MTLUSDT-4h-2023-07.zip,8926
MTLUSDT,4h,2023-08,False,MTLUSDT/4h/MTLUSDT-4h-2023-08.zip,8746
MTLUSDT,4h,2023-09,False,MTLUSDT/4h/MTLUSDT-4h-2023-09.zip,8630
MTLUSDT,4h,2023-10,True,MTLUSDT/4h/MTLUSDT-4h-2023-10.zip,8660
NEARUSDT,4h,2020-11,False,NEARUSDT/4h/NEARUSDT-4h-2020-11.zip,8383
NEARUSDT,4h,2020-12,True,NEARUSDT/4h/NEARUSDT-4h-2020-12.zip,8459
NEARUSDT,4h,2021-01,True,NEARUSDT/4h/NEARUSDT-4h-2021-01.zip,8648
NEARUSDT,4h,2021-08,False,NEARUSDT/4h/NEARUSDT-4h-2021-08.zip,9013
NEARUSDT,4h,2021-09,False,NEARUSDT/4h/NEARUSDT-4h-2021-09.zip,9056
NEARUSDT,4h,2021-10,True,NEARUSDT/4h/NEARUSDT-4h-2021-10.zip,9269
NEARUSDT,4h,2021-11,True,NEARUSDT/4h/NEARUSDT-4h-2021-11.zip,8897
NEARUSDT,4h,2021-12,True,NEARUSDT/4h/NEARUSDT-4h-2021-12.zip,9489
NEARUSDT,4h,2022-01,True,NEARUSDT/4h/NEARUSDT-4h-2022-01.zip,9703
NEARUSDT,4h,2022-02,True,NEARUSDT/4h/NEARUSDT-4h-2022-02.zip,7529
NEARUSDT,4h,2022-03,False,NEARUSDT/4h/NEARUSDT-4h-2022-03.zip,8978
NEARUSDT,4h,2022-04,True,NEARUSDT/4h/NEARUSDT-4h-2022-04.zip,8471
NEARUSDT,4h,2022-05,False,NEARUSDT/4h/NEARUSDT-4h-2022-05.zip,9269
NEARUSDT,4h,2022-06,True,NEARUSDT/4h/NEARUSDT-4h-2022-06.zip,8690
NEARUSDT,4h,2022-07,True,NEARUSDT/4h/NEARUSDT-4h-2022-07.zip,8803
NEARUSDT,4h,2022-08,True,NEARUSDT/4h/NEARUSDT-4h-2022-08.zip,8894
NEARUSDT,4h,2022-09,True,NEARUSDT/4h/NEARUSDT-4h-2022-09.zip,8498
NEARUSDT,4h,2022-10,True,NEARUSDT/4h/NEARUSDT-4h-2022-10.zip,8549
NEARUSDT,4h,2022-11,True,NEARUSDT/4h/NEARUSDT-4h-2022-11.zip,8496
NEARUSDT,4h,2022-12,True,NEARUSDT/4h/NEARUSDT-4h-2022-12.zip,8396
NEARUSDT,4h,2023-01,True,NEARUSDT/4h/NEARUSDT-4h-2023-01.zip,8787
NEARUSDT,4h,2023-02,True,NEARUSDT/4h/NEARUSDT-4h-2023-02.zip,7880
NEARUSDT,4h,2023-03,True,NEARUSDT/4h/NEARUSDT-4h-2023-03.zip,8564
NEARUSDT,4h,2023-04,True,NEARUSDT/4h/NEARUSDT-4h-2023-04.zip,8237
NEARUSDT,4h,2023-05,True,NEARUSDT/4h/NEARUSDT-4h-2023-05.zip,8285
NEARUSDT,4h,2023-06,False,NEARUSDT/4h/NEARUSDT-4h-2023-06.zip,8218
NEARUSDT,4h,2023-07,True,NEARUSDT/4h/NEARUSDT-4h-2023-07.zip,8390
NEARUSDT,4h,2023-08,True,NEARUSDT/4h/NEARUSDT-4h-2023-08.zip,8174
NEARUSDT,4h,2023-10,False,NEARUSDT/4h/NEARUSDT-4h-2023-10.zip,8209
NEARUSDT,4h,2023-11,False,NEARUSDT/4h/NEARUSDT-4h-2023-11.zip,8420
NEARUSDT,4h,2023-12,True,NEARUSDT/4h/NEARUSDT-4h-2023-12.zip,8861
NEARUSDT,4h,2024-01,True,NEARUSDT/4h/NEARUSDT-4h-2024-01.zip,8830
NEARUSDT,4h,2024-02,True,NEARUSDT/4h/NEARUSDT-4h-2024-02.zip,8203
NEOUSDT,4h,2020-03,False,NEOUSDT/4h/NEOUSDT-4h-2020-03.zip,8734
NEOUSDT,4h,2020-04,True,NEOUSDT/4h/NEOUSDT-4h-2020-04.zip,8414
NEOUSDT,4h,2020-05,True,NEOUSDT/4h/NEOUSDT-4h-2020-05.zip,8872
NEOUSDT,4h,2020-06,True,NEOUSDT/4h/NEOUSDT-4h-2020-06.zip,8635
NEOUSDT,4h,2020-07,True,NEOUSDT/4h/NEOUSDT-4h-2020-07.zip,8943
NEOUSDT,4h,2020-08,True,NEOUSDT/4h/NEOUSDT-4h-2020-08.zip,9293
NEOUSDT,4h,2020-09,True,NEOUSDT/4h/NEOUSDT-4h-2020-09.zip,9155
NEOUSDT,4h,2020-10,True,NEOUSDT/4h/NEOUSDT-4h-2020-10.zip,9119
NEOUSDT,4h,2020-11,True,NEOUSDT/4h/NEOUSDT-4h-2020-11.zip,8940
NEOUSDT,4h,2020-12,True,NEOUSDT/4h/NEOUSDT-4h-2020-12.zip,9138
NEOUSDT,4h,2021-01,True,NEOUSDT/4h/NEOUSDT-4h-2021-01.zip,9433
NEOUSDT,4h,2021-02,True,NEOUSDT/4h/NEOUSDT-4h-2021-02.zip,8705
NEOUSDT,4h,2021-03,True,NEOUSDT/4h/NEOUSDT-4h-2021-03.zip,9515
NEOUSDT,4h,2021-04,False,NEOUSDT/4h/NEOUSDT-4h-2021-04.zip,9563
NEOUSDT,4h,2021-05,True,NEOUSDT/4h/NEOUSDT-4h-2021-05.zip,9992
NEOUSDT,4h,2021-06,True,NEOUSDT/4h/NEOUSDT-4h-2021-06.zip,9307
NEOUSDT,4h,2021-07,True,NEOUSDT/4h/NEOUSDT-4h-2021-07.zip,9508
NEOUSDT,4h,2021-08,True,NEOUSDT/4h/NEOUSDT-4h-2021-08.zip,9672
NEOUSDT,4h,2021-09,True,NEOUSDT/4h/NEOUSDT-4h-2021-09.zip,9282
NEOUSDT,4h,2022-01,False,NEOUSDT/4h/NEOUSDT-4h-2022-01.zip,9448
NEOUSDT,4h,2022-02,False,NEOUSDT/4h/NEOUSDT-4h-2022-02.zip,8769
NEOUSDT,4h,2022-03,True,NEOUSDT/4h/NEOUSDT-4h-2022-03.zip,9483
NEOUSDT,4h,2023-01,False,NEOUSDT/4h/NEOUSDT-4h-2023-01.zip,9156
NEOUSDT,4h,2023-02,False,NEOUSDT/4h/NEOUSDT-4h-2023-02.zip,8632
NEOUSDT,4h,2023-03,True,NEOUSDT/4h/NEOUSDT-4h-2023-03.zip,9670
NEOUSDT,4h,2023-04,True,NEOUSDT/4h/NEOUSDT-4h-2023-04.zip,9113
NEOUSDT,4h,2023-10,False,NEOUSDT/4h/NEOUSDT-4h-2023-10.zip,9166
NEOUSDT,4h,2023-11,False,NEOUSDT/4h/NEOUSDT-4h-2023-11.zip,9328
NEOUSDT,4h,2023-12,True,NEOUSDT/4h/NEOUSDT-4h-2023-12.zip,9530
NMRUSDT,4h,2023-08,False,NMRUSDT/4h/NMRUSDT-4h-2023-08.zip,7898
NMRUSDT,4h,2023-09,False,NMRUSDT/4h/NMRUSDT-4h-2023-09.zip,8213
NMRUSDT,4h,2023-10,True,NMRUSDT/4h/NMRUSDT-4h-2023-10.zip,8155
OCEANUSDT,4h,2022-11,False,OCEANUSDT/4h/OCEANUSDT-4h-2022-11.zip,9135
OCEANUSDT,4h,2022-12,False,OCEANUSDT/4h/OCEANUSDT-4h-2022-12.zip,9544
OCEANUSDT,4h,2023-01,True,OCEANUSDT/4h/OCEANUSDT-4h-2023-01.zip,9820
OCEANUSDT,4h,2023-02,True,OCEANUSDT/4h/OCEANUSDT-4h-2023-02.zip,8701
OCEANUSDT,4h,2023-03,True,OCEANUSDT/4h/OCEANUSDT-4h-2023-03.zip,9276
OCEANUSDT,4h,2023-05,False,OCEANUSDT/4h/OCEANUSDT-4h-2023-05.zip,8984
OCEANUSDT,4h,2023-06,False,OCEANUSDT/4h/OCEANUSDT-4h-2023-06.zip,8924
OCEANUSDT,4h,2023-07,True,OCEANUSDT/4h/OCEANUSDT-4h-2023-07.zip,9113
OGNUSDT,4h,2022-02,False,OGNUSDT/4h/OGNUSDT-4h-2022-02.zip,7113
OGNUSDT,4h,2022-03,False,OGNUSDT/4h/OGNUSDT-4h-2022-03.zip,8998
OGNUSDT,4h,2022-04,True,OGNUSDT/4h/OGNUSDT-4h-2022-04.zip,8347
OGNUSDT,4h,2022-05,False,OGNUSDT/4h/OGNUSDT-4h-2022-05.zip,8998
OGNUSDT,4h,2022-06,False,OGNUSDT/4h/OGNUSDT-4h-2022-06.zip,8766
OGNUSDT,4h,2022-07,True,OGNUSDT/4h/OGNUSDT-4h-2022-07.zip,8958
OGNUSDT,4h,2022-08,True,OGNUSDT/4h/OGNUSDT-4h-2022-08.zip,8654
OGNUSDT,4h,2023-06,False,OGNUSDT/4h/OGNUSDT-4h-2023-06.zip,7988
OGNUSDT,4h,2023-07,False,OGNUSDT/4h/OGNUSDT-4h-2023-07.zip,8476
OGNUSDT,4h,2023-08,True,OGNUSDT/4h/OGNUSDT-4h-2023-08.zip,8550
OGNUSDT,4h,2023-09,False,OGNUSDT/4h/OGNUSDT-4h-2023-09.zip,8432
OGNUSDT,4h,2023-10,True,OGNUSDT/4h/OGNUSDT-4h-2023-10.zip,8781
OGNUSDT,4h,2023-11,True,OGNUSDT/4h/OGNUSDT-4h-2023-11.zip,8246
OMGUSDT,4h,2020-08,False,OMGUSDT/4h/OMGUSDT-4h-2020-08.zip,9399
OMGUSDT,4h,2020-09,True,OMGUSDT/4h/OMGUSDT-4h-2020-09.zip,9110
OMGUSDT,4h,2020-10,True,OMGUSDT/4h/OMGUSDT-4h-2020-10.zip,9239
OMGUSDT,4h,2020-11,True,OMGUSDT/4h/OMGUSDT-4h-2020-11.zip,9011
OMGUSDT,4h,2020-12,True,OMGUSDT/4h/OMGUSDT-4h-2020-12.zip,9227
OMGUSDT,4h,2021-01,True,OMGUSDT/4h/OMGUSDT-4h-2021-01.zip,9449
OMGUSDT,4h,2021-02,True,OMGUSDT/4h/OMGUSDT-4h-2021-02.zip,8705
OMGUSDT,4h,2021-03,True,OMGUSDT/4h/OMGUSDT-4h-2021-03.zip,9445
OMGUSDT,4h,2021-04,False,OMGUSDT/4h/OMGUSDT-4h-2021-04.zip,9360
OMGUSDT,4h,2021-05,False,OMGUSDT/4h/OMGUSDT-4h-2021-05.zip,9771
OMGUSDT,4h,2021-06,True,OMGUSDT/4h/OMGUSDT-4h-2021-06.zip,9165
OMGUSDT,4h,2021-08,False,OMGUSDT/4h/OMGUSDT-4h-2021-08.zip,9517
OMGUSDT,4h,2021-09,False,OMGUSDT/4h/OMGUSDT-4h-2021-09.zip,9522
OMGUSDT,4h,2021-10,True,OMGUSDT/4h/OMGUSDT-4h-2021-10.zip,9941
OMGUSDT,4h,2021-11,True,OMGUSDT/4h/OMGUSDT-4h-2021-11.zip,9475
OMGUSDT,4h,2021-12,True,OMGUSDT/4h/OMGUSDT-4h-2021-12.zip,9116
OMGUSDT,4h,2023-02,False,OMGUSDT/4h/OMGUSDT-4h-2023-02.zip,7973
OMGUSDT,4h,2023-03,False,OMGUSDT/4h/OMGUSDT-4h-2023-03.zip,8980
OMGUSDT,4h,2023-04,True,OMGUSDT/4h/OMGUSDT-4h-2023-04.zip,8600
ONDOUSDT,4h,2024-02,False,ONDOUSDT/4h/ONDOUSDT-4h-2024-02.zip,9466
ONEUSDT,4h,2021-08,False,ONEUSDT/4h/ONEUSDT-4h-2021-08.zip,9321
ONEUSDT,4h,2021-09,False,ONEUSDT/4h/ONEUSDT-4h-2021-09.zip,9402
ONEUSDT,4h,2021-10,True,ONEUSDT/4h/ONEUSDT-4h-2021-10.zip,9799
ONEUSDT,4h,2021-11,True,ONEUSDT/4h/ONEUSDT-4h-2021-11.zip,9392
ONEUSDT,4h,2021-12,True,ONEUSDT/4h/ONEUSDT-4h-2021-12.zip,9651
ONEUSDT,4h,2022-01,True,ONEUSDT/4h/ONEUSDT-4h-2022-01.zip,10050
ONEUSDT,4h,2022-02,True,ONEUSDT/4h/ONEUSDT-4h-2022-02.zip,7988
ONEUSDT,4h,2022-03,False,ONEUSDT/4h/ONEUSDT-4h-2022-03.zip,9473
ONEUSDT,4h,2022-04,True,ONEUSDT/4h/ONEUSDT-4h-2022-04.zip,8623
ONEUSDT,4h,2022-06,False,ONEUSDT/4h/ONEUSDT-4h-2022-06.zip,9118
ONEUSDT,4h,2022-07,False,ONEUSDT/4h/ONEUSDT-4h-2022-07.zip,9362
ONEUSDT,4h,2022-08,True,ONEUSDT/4h/ONEUSDT-4h-2022-08.zip,9343
ONTUSDT,4h,2020-03,False,ONTUSDT/4h/ONTUSDT-4h-2020-03.zip,8652
ONTUSDT,4h,2020-04,True,ONTUSDT/4h/ONTUSDT-4h-2020-04.zip,8421
ONTUSDT,4h,2020-05,True,ONTUSDT/4h/ONTUSDT-4h-2020-05.zip,8748
ONTUSDT,4h,2020-06,True,ONTUSDT/4h/ONTUSDT-4h-2020-06.zip,8686
ONTUSDT,4h,2020-07,True,ONTUSDT/4h/ONTUSDT-4h-2020-07.zip,9117
ONTUSDT,4h,2020-08,True,ONTUSDT/4h/ONTUSDT-4h-2020-08.zip,9199
ONTUSDT,4h,2020-09,True,ONTUSDT/4h/ONTUSDT-4h-2020-09.zip,8980
ONTUSDT,4h,2020-10,True,ONTUSDT/4h/ONTUSDT-4h-2020-10.zip,8775
ONTUSDT,4h,2020-11,True,ONTUSDT/4h/ONTUSDT-4h-2020-11.zip,8672
ONTUSDT,4h,2021-01,False,ONTUSDT/4h/ONTUSDT-4h-2021-01.zip,9223
ONTUSDT,4h,2021-02,False,ONTUSDT/4h/ONTUSDT-4h-2021-02.zip,8648
ONTUSDT,4h,2021-03,True,ONTUSDT/4h/ONTUSDT-4h-2021-03.zip,9510
ONTUSDT,4h,2021-04,True,ONTUSDT/4h/ONTUSDT-4h-2021-04.zip,9409
ONTUSDT,4h,2021-05,True,ONTUSDT/4h/ONTUSDT-4h-2021-05.zip,9807
ONTUSDT,4h,2021-06,True,ONTUSDT/4h/ONTUSDT-4h-2021-06.zip,9098
ONTUSDT,4h,2022-01,False,ONTUSDT/4h/ONTUSDT-4h-2022-01.zip,9279
ONTUSDT,4h,2022-02,False,ONTUSDT/4h/ONTUSDT-4h-2022-02.zip,8486
ONTUSDT,4h,2022-03,True,ONTUSDT/4h/ONTUSDT-4h-2022-03.zip,9217
ONTUSDT,4h,2023-03,False,ONTUSDT/4h/ONTUSDT-4h-2023-03.zip,9188
ONTUSDT,4h,2023-04,False,ONTUSDT/4h/ONTUSDT-4h-2023-04.zip,9048
ONTUSDT,4h,2023-05,True,ONTUSDT/4h/ONTUSDT-4h-2023-05.zip,9120
OPUSDT,4h,2022-07,False,OPUSDT/4h/OPUSDT-4h-2022-07.zip,10180
OPUSDT,4h,2022-08,True,OPUSDT/4h/OPUSDT-4h-2022-08.zip,10423
OPUSDT,4h,2022-09,True,OPUSDT/4h/OPUSDT-4h-2022-09.zip,9816
OPUSDT,4h,2022-10,True,OPUSDT/4h/OPUSDT-4h-2022-10.zip,10028
OPUSDT,4h,2022-11,True,OPUSDT/4h/OPUSDT-4h-2022-11.zip,9759
OPUSDT,4h,2022-12,True,OPUSDT/4h/OPUSDT-4h-2022-12.zip,9893
OPUSDT,4h,2023-01,True,OPUSDT/4h/OPUSDT-4h-2023-01.zip,10211
OPUSDT,4h,2023-02,True,OPUSDT/4h/OPUSDT-4h-2023-02.zip,9485
OPUSDT,4h,2023-03,True,OPUSDT/4h/OPUSDT-4h-2023-03.zip,10438
OPUSDT,4h,2023-04,True,OPUSDT/4h/OPUSDT-4h-2023-04.zip,9841
OPUSDT,4h,2023-05,True,OPUSDT/4h/OPUSDT-4h-2023-05.zip,10193
OPUSDT,4h,2023-06,True,OPUSDT/4h/OPUSDT-4h-2023-06.zip,9907
OPUSDT,4h,2023-07,True,OPUSDT/4h/OPUSDT-4h-2023-07.zip,10139
OPUSDT,4h,2023-08,True,OPUSDT/4h/OPUSDT-4h-2023-08.zip,10205
OPUSDT,4h,2023-09,True,OPUSDT/4h/OPUSDT-4h-2023-09.zip,9623
OPUSDT,4h,2023-10,True,OPUSDT/4h/OPUSDT-4h-2023-10.zip,9939
OPUSDT,4h,2023-11,True,OPUSDT/4h/OPUSDT-4h-2023-11.zip,9749
OPUSDT,4h,2023-12,True,OPUSDT/4h/OPUSDT-4h-2023-12.zip,10402
OPUSDT,4h,2024-01,True,OPUSDT/4h/OPUSDT-4h-2024-01.zip,10364
OPUSDT,4h,2024-02,True,OPUSDT/4h/OPUSDT-4h-2024-02.zip,9593
ORDIUSDT,4h,2023-12,False,ORDIUSDT/4h/ORDIUSDT-4h-2023-12.zip,10341
ORDIUSDT,4h,2024-01,True,ORDIUSDT/4h/ORDIUSDT-4h-2024-01.zip,10214
ORDIUSDT,4h,2024-02,True,ORDIUSDT/4h/ORDIUSDT-4h-2024-02.zip,9385
PEOPLEUSDT,4h,2022-01,False,PEOPLEUSDT/4h/PEOPLEUSDT-4h-2022-01.zip,9870
PEOPLEUSDT,4h,2022-02,True,PEOPLEUSDT/4h/PEOPLEUSDT-4h-2022-02.zip,8137
PEOPLEUSDT,4h,2022-03,False,PEOPLEUSDT/4h/PEOPLEUSDT-4h-2022-03.zip,9713
PEOPLEUSDT,4h,2022-04,True,PEOPLEUSDT/4h/PEOPLEUSDT-4h-2022-04.zip,8726
PEOPLEUSDT,4h,2022-05,False,PEOPLEUSDT/4h/PEOPLEUSDT-4h-2022-05.zip,9835
PEOPLEUSDT,4h,2022-06,True,PEOPLEUSDT/4h/PEOPLEUSDT-4h-2022-06.zip,9397
PEOPLEUSDT,4h,2022-07,True,PEOPLEUSDT/4h/PEOPLEUSDT-4h-2022-07.zip,9433
PEOPLEUSDT,4h,2022-08,True,PEOPLEUSDT/4h/PEOPLEUSDT-4h-2022-08.zip,9451
PEOPLEUSDT,4h,2022-09,True,PEOPLEUSDT/4h/PEOPLEUSDT-4h-2022-09.zip,8978
PEOPLEUSDT,4h,2022-10,True,PEOPLEUSDT/4h/PEOPLEUSDT-4h-2022-10.zip,9127
PEOPLEUSDT,4h,2022-11,False,PEOPLEUSDT/4h/PEOPLEUSDT-4h-2022-11.zip,9303
PEOPLEUSDT,4h,2022-12,True,PEOPLEUSDT/4h/PEOPLEUSDT-4h-2022-12.zip,9163
PEOPLEUSDT,4h,2023-01,True,PEOPLEUSDT/4h/PEOPLEUSDT-4h-2023-01.zip,9216
PEOPLEUSDT,4h,2023-12,False,PEOPLEUSDT/4h/PEOPLEUSDT-4h-2023-12.zip,8965
PEOPLEUSDT,4h,2024-01,False,PEOPLEUSDT/4h/PEOPLEUSDT-4h-2024-01.zip,9790
PEOPLEUSDT,4h,2024-02,True,PEOPLEUSDT/4h/PEOPLEUSDT-4h-2024-02.zip,8791
PERPUSDT,4h,2023-08,False,PERPUSDT/4h/PERPUSDT-4h-2023-08.zip,9083
PERPUSDT,4h,2023-09,False,PERPUSDT/4h/PERPUSDT-4h-2023-09.zip,9592
PERPUSDT,4h,2023-10,True,PERPUSDT/4h/PERPUSDT-4h-2023-10.zip,9392
PERPUSDT,4h,2023-12,False,PERPUSDT/4h/PERPUSDT-4h-2023-12.zip,9623
PERPUSDT,4h,2024-01,False,PERPUSDT/4h/PERPUSDT-4h-2024-01.zip,9798
PERPUSDT,4h,2024-02,True,PERPUSDT/4h/PERPUSDT-4h-2024-02.zip,8935
PHBUSDT,4h,2023-04,False,PHBUSDT/4h/PHBUSDT-4h-2023-04.zip,8598
PHBUSDT,4h,2023-05,False,PHBUSDT/4h/PHBUSDT-4h-2023-05.zip,9150
PHBUSDT,4h,2023-06,True,PHBUSDT/4h/PHBUSDT-4h-2023-06.zip,8762
POLYXUSDT,4h,2024-02,False,POLYXUSDT/4h/POLYXUSDT-4h-2024-02.zip,8705
POWRUSDT,4h,2023-12,False,POWRUSDT/4h/POWRUSDT-4h-2023-12.zip,9013
POWRUSDT,4h,2024-01,False,POWRUSDT/4h/POWRUSDT-4h-2024-01.zip,9317
POWRUSDT,4h,2024-02,True,POWRUSDT/4h/POWRUSDT-4h-2024-02.zip,8397
PYTHUSDT,4h,2024-01,False,PYTHUSDT/4h/PYTHUSDT-4h-2024-01.zip,9370
PYTHUSDT,4h,2024-02,False,PYTHUSDT/4h/PYTHUSDT-4h-2024-02.zip,8992
QTUMUSDT,4h,2020-03,False,QTUMUSDT/4h/QTUMUSDT-4h-2020-03.zip,7816
QTUMUSDT,4h,2020-04,True,QTUMUSDT/4h/QTUMUSDT-4h-2020-04.zip,7606
QTUMUSDT,4h,2020-05,True,QTUMUSDT/4h/QTUMUSDT-4h-2020-05.zip,7988
QTUMUSDT,4h,2020-06,True,QTUMUSDT/4h/QTUMUSDT-4h-2020-06.zip,7740
QTUMUSDT,4h,2020-07,True,QTUMUSDT/4h/QTUMUSDT-4h-2020-07.zip,8221
QTUMUSDT,4h,2020-08,True,QTUMUSDT/4h/QTUMUSDT-4h-2020-08.zip,8605
QTUMUSDT,4h,2020-09,True,QTUMUSDT/4h/QTUMUSDT-4h-2020-09.zip,8191
QTUMUSDT,4h,2020-10,True,QTUMUSDT/4h/QTUMUSDT-4h-2020-10.zip,8076
QTUMUSDT,4h,2021-01,False,QTUMUSDT/4h/QTUMUSDT-4h-2021-01.zip,8657
QTUMUSDT,4h,2021-02,False,QTUMUSDT/4h/QTUMUSDT-4h-2021-02.zip,8040
QTUMUSDT,4h,2021-03,True,QTUMUSDT/4h/QTUMUSDT-4h-2021-03.zip,8844
QTUMUSDT,4h,2021-04,False,QTUMUSDT/4h/QTUMUSDT-4h-2021-04.zip,8979
QTUMUSDT,4h,2021-05,True,QTUMUSDT/4h/QTUMUSDT-4h-2021-05.zip,9393
QTUMUSDT,4h,2021-06,True,QTUMUSDT/4h/QTUMUSDT-4h-2021-06.zip,8703
QTUMUSDT,4h,2021-07,True,QTUMUSDT/4h/QTUMUSDT-4h-2021-07.zip,8782
QTUMUSDT,4h,2021-08,False,QTUMUSDT/4h/QTUMUSDT-4h-2021-08.zip,9186
QTUMUSDT,4h,2021-09,True,QTUMUSDT/4h/QTUMUSDT-4h-2021-09.zip,8804
QTUMUSDT,4h,2022-01,False,QTUMUSDT/4h/QTUMUSDT-4h-2022-01.zip,8832
QTUMUSDT,4h,2022-02,False,QTUMUSDT/4h/QTUMUSDT-4h-2022-02.zip,8168
QTUMUSDT,4h,2022-03,True,QTUMUSDT/4h/QTUMUSDT-4h-2022-03.zip,8915
RAYUSDT,4h,2021-09,False,RAYUSDT/4h/RAYUSDT-4h-2021-09.zip,8854
RAYUSDT,4h,2021-10,True,RAYUSDT/4h/RAYUSDT-4h-2021-10.zip,8819
REEFUSDT,4h,2021-03,False,REEFUSDT/4h/REEFUSDT-4h-2021-03.zip,10017
REEFUSDT,4h,2021-04,True,REEFUSDT/4h/REEFUSDT-4h-2021-04.zip,9673
REEFUSDT,4h,2021-05,False,REEFUSDT/4h/REEFUSDT-4h-2021-05.zip,10180
REEFUSDT,4h,2021-06,True,REEFUSDT/4h/REEFUSDT-4h-2021-06.zip,9489
REEFUSDT,4h,2022-08,False,REEFUSDT/4h/REEFUSDT-4h-2022-08.zip,9465
REEFUSDT,4h,2022-09,False,REEFUSDT/4h/REEFUSDT-4h-2022-09.zip,9596
REEFUSDT,4h,2022-10,True,REEFUSDT/4h/REEFUSDT-4h-2022-10.zip,10108
REEFUSDT,4h,2022-11,True,REEFUSDT/4h/REEFUSDT-4h-2022-11.zip,9512
REEFUSDT,4h,2022-12,True,REEFUSDT/4h/REEFUSDT-4h-2022-12.zip,9404
RENUSDT,4h,2021-01,False,RENUSDT/4h/RENUSDT-4h-2021-01.zip,9383
RENUSDT,4h,2021-02,False,RENUSDT/4h/RENUSDT-4h-2021-02.zip,8700
RENUSDT,4h,2021-03,True,RENUSDT/4h/RENUSDT-4h-2021-03.zip,9430
RENUSDT,4h,2021-08,False,RENUSDT/4h/RENUSDT-4h-2021-08.zip,9421
RENUSDT,4h,2021-09,False,RENUSDT/4h/RENUSDT-4h-2021-09.zip,9404
RENUSDT,4h,2021-10,True,RENUSDT/4h/RENUSDT-4h-2021-10.zip,9516
RENUSDT,4h,2022-10,False,RENUSDT/4h/RENUSDT-4h-2022-10.zip,8645
RENUSDT,4h,2022-11,False,RENUSDT/4h/RENUSDT-4h-2022-11.zip,8998
RENUSDT,4h,2022-12,True,RENUSDT/4h/RENUSDT-4h-2022-12.zip,9457
RENUSDT,4h,2023-01,True,RENUSDT/4h/RENUSDT-4h-2023-01.zip,9243
RENUSDT,4h,2023-02,False,RENUSDT/4h/RENUSDT-4h-2023-02.zip,8516
RENUSDT,4h,2023-03,False,RENUSDT/4h/RENUSDT-4h-2023-03.zip,9607
RENUSDT,4h,2023-04,True,RENUSDT/4h/RENUSDT-4h-2023-04.zip,8951
RLCUSDT,4h,2020-08,False,RLCUSDT/4h/RLCUSDT-4h-2020-08.zip,9325
RLCUSDT,4h,2020-09,True,RLCUSDT/4h/RLCUSDT-4h-2020-09.zip,8932
RLCUSDT,4h,2020-10,True,RLCUSDT/4h/RLCUSDT-4h-2020-10.zip,9047
RLCUSDT,4h,2020-11,True,RLCUSDT/4h/RLCUSDT-4h-2020-11.zip,8873
RLCUSDT,4h,2020-12,True,RLCUSDT/4h/RLCUSDT-4h-2020-12.zip,8949
RLCUSDT,4h,2021-04,False,RLCUSDT/4h/RLCUSDT-4h-2021-04.zip,9157
RLCUSDT,4h,2021-05,False,RLCUSDT/4h/RLCUSDT-4h-2021-05.zip,9903
RLCUSDT,4h,2021-06,True,RLCUSDT/4h/RLCUSDT-4h-2021-06.zip,9240
RLCUSDT,4h,2021-07,True,RLCUSDT/4h/RLCUSDT-4h-2021-07.zip,9393
RLCUSDT,4h,2022-06,False,RLCUSDT/4h/RLCUSDT-4h-2022-06.zip,9056
RLCUSDT,4h,2022-07,False,RLCUSDT/4h/RLCUSDT-4h-2022-07.zip,9523
RLCUSDT,4h,2022-08,True,RLCUSDT/4h/RLCUSDT-4h-2022-08.zip,9563
RLCUSDT,4h,2022-09,True,RLCUSDT/4h/RLCUSDT-4h-2022-09.zip,9090
RLCUSDT,4h,2022-10,False,RLCUSDT/4h/RLCUSDT-4h-2022-10.zip,9131
RLCUSDT,4h,2022-11,False,RLCUSDT/4h/RLCUSDT-4h-2022-11.zip,9232
RLCUSDT,4h,2022-12,True,RLCUSDT/4h/RLCUSDT-4h-2022-12.zip,9530
RLCUSDT,4h,2023-01,True,RLCUSDT/4h/RLCUSDT-4h-2023-01.zip,9633
RLCUSDT,4h,2023-02,True,RLCUSDT/4h/RLCUSDT-4h-2023-02.zip,8606
RLCUSDT,4h,2023-04,False,RLCUSDT/4h/RLCUSDT-4h-2023-04.zip,8967
RLCUSDT,4h,2023-05,False,RLCUSDT/4h/RLCUSDT-4h-2023-05.zip,9561
RLCUSDT,4h,2023-06,True,RLCUSDT/4h/RLCUSDT-4h-2023-06.zip,8934
RNDRUSDT,4h,2023-03,False,RNDRUSDT/4h/RNDRUSDT-4h-2023-03.zip,9803
RNDRUSDT,4h,2023-04,False,RNDRUSDT/4h/RNDRUSDT-4h-2023-04.zip,9668
RNDRUSDT,4h,2023-05,True,RNDRUSDT/4h/RNDRUSDT-4h-2023-05.zip,10147
RNDRUSDT,4h,2023-06,True,RNDRUSDT/4h/RNDRUSDT-4h-2023-06.zip,9766
RNDRUSDT,4h,2023-07,True,RNDRUSDT/4h/RNDRUSDT-4h-2023-07.zip,9668
RNDRUSDT,4h,2023-10,False,RNDRUSDT/4h/RNDRUSDT-4h-2023-10.zip,9746
RNDRUSDT,4h,2023-11,False,RNDRUSDT/4h/RNDRUSDT-4h-2023-11.zip,9646
RNDRUSDT,4h,2023-12,True,RNDRUSDT/4h/RNDRUSDT-4h-2023-12.zip,10001
RNDRUSDT,4h,2024-01,False,RNDRUSDT/4h/RNDRUSDT-4h-2024-01.zip,9970
RNDRUSDT,4h,2024-02,False,RNDRUSDT/4h/RNDRUSDT-4h-2024-02.zip,9484
ROSEUSDT,4h,2022-01,False,ROSEUSDT/4h/ROSEUSDT-4h-2022-01.zip,9893
ROSEUSDT,4h,2022-02,True,ROSEUSDT/4h/ROSEUSDT-4h-2022-02.zip,7905
ROSEUSDT,4h,2022-07,False,ROSEUSDT/4h/ROSEUSDT-4h-2022-07.zip,9279
ROSEUSDT,4h,2022-08,False,ROSEUSDT/4h/ROSEUSDT-4h-2022-08.zip,9600
ROSEUSDT,4h,2022-09,True,ROSEUSDT/4h/ROSEUSDT-4h-2022-09.zip,8923
RSRUSDT,4h,2020-11,False,RSRUSDT/4h/RSRUSDT-4h-2020-11.zip,9464
RSRUSDT,4h,2020-12,True,RSRUSDT/4h/RSRUSDT-4h-2020-12.zip,9554
RSRUSDT,4h,2021-01,True,RSRUSDT/4h/RSRUSDT-4h-2021-01.zip,9991
RSRUSDT,4h,2021-02,True,RSRUSDT/4h/RSRUSDT-4h-2021-02.zip,9105
RSRUSDT,4h,2021-03,True,RSRUSDT/4h/RSRUSDT-4h-2021-03.zip,10082
RSRUSDT,4h,2021-04,True,RSRUSDT/4h/RSRUSDT-4h-2021-04.zip,9783
RSRUSDT,4h,2022-04,False,RSRUSDT/4h/RSRUSDT-4h-2022-04.zip,8986
RSRUSDT,4h,2022-05,False,RSRUSDT/4h/RSRUSDT-4h-2022-05.zip,10115
RSRUSDT,4h,2022-06,True,RSRUSDT/4h/RSRUSDT-4h-2022-06.zip,9922
RSRUSDT,4h,2022-07,True,RSRUSDT/4h/RSRUSDT-4h-2022-07.zip,9907
RSRUSDT,4h,2022-08,False,RSRUSDT/4h/RSRUSDT-4h-2022-08.zip,9898
RSRUSDT,4h,2022-09,False,RSRUSDT/4h/RSRUSDT-4h-2022-09.zip,9513
RSRUSDT,4h,2022-10,True,RSRUSDT/4h/RSRUSDT-4h-2022-10.zip,10158
RSRUSDT,4h,2022-11,True,RSRUSDT/4h/RSRUSDT-4h-2022-11.zip,9595
RUNEUSDT,4h,2020-10,False,RUNEUSDT/4h/RUNEUSDT-4h-2020-10.zip,8408
RUNEUSDT,4h,2020-11,True,RUNEUSDT/4h/RUNEUSDT-4h-2020-11.zip,8374
RUNEUSDT,4h,2020-12,True,RUNEUSDT/4h/RUNEUSDT-4h-2020-12.zip,8525
RUNEUSDT,4h,2021-01,True,RUNEUSDT/4h/RUNEUSDT-4h-2021-01.zip,8787
RUNEUSDT,4h,2021-03,False,RUNEUSDT/4h/RUNEUSDT-4h-2021-03.zip,8902
RUNEUSDT,4h,2021-04,False,RUNEUSDT/4h/RUNEUSDT-4h-2021-04.zip,8950
RUNEUSDT,4h,2021-05,True,RUNEUSDT/4h/RUNEUSDT-4h-2021-05.zip,9030
RUNEUSDT,4h,2021-06,True,RUNEUSDT/4h/RUNEUSDT-4h-2021-06.zip,8465
RUNEUSDT,4h,2021-07,True,RUNEUSDT/4h/RUNEUSDT-4h-2021-07.zip,8708
RUNEUSDT,4h,2021-08,True,RUNEUSDT/4h/RUNEUSDT-4h-2021-08.zip,8865
RUNEUSDT,4h,2021-09,True,RUNEUSDT/4h/RUNEUSDT-4h-2021-09.zip,8448
RUNEUSDT,4h,2021-10,True,RUNEUSDT/4h/RUNEUSDT-4h-2021-10.zip,8723
RUNEUSDT,4h,2021-11,True,RUNEUSDT/4h/RUNEUSDT-4h-2021-11.zip,8446
RUNEUSDT,4h,2022-01,False,RUNEUSDT/4h/RUNEUSDT-4h-2022-01.zip,8701
RUNEUSDT,4h,2022-02,False,RUNEUSDT/4h/RUNEUSDT-4h-2022-02.zip,7749
RUNEUSDT,4h,2022-03,True,RUNEUSDT/4h/RUNEUSDT-4h-2022-03.zip,9160
RUNEUSDT,4h,2022-04,True,RUNEUSDT/4h/RUNEUSDT-4h-2022-04.zip,8660
RUNEUSDT,4h,2022-05,True,RUNEUSDT/4h/RUNEUSDT-4h-2022-05.zip,8798
RUNEUSDT,4h,2022-06,True,RUNEUSDT/4h/RUNEUSDT-4h-2022-06.zip,8433
RUNEUSDT,4h,2022-07,True,RUNEUSDT/4h/RUNEUSDT-4h-2022-07.zip,8672
RUNEUSDT,4h,2022-08,True,RUNEUSDT/4h/RUNEUSDT-4h-2022-08.zip,8551
RUNEUSDT,4h,2022-09,True,RUNEUSDT/4h/RUNEUSDT-4h-2022-09.zip,8084
RUNEUSDT,4h,2022-10,True,RUNEUSDT/4h/RUNEUSDT-4h-2022-10.zip,8192
RUNEUSDT,4h,2023-07,False,RUNEUSDT/4h/RUNEUSDT-4h-2023-07.zip,7838
RUNEUSDT,4h,2023-08,False,RUNEUSDT/4h/RUNEUSDT-4h-2023-08.zip,8623
RUNEUSDT,4h,2023-09,True,RUNEUSDT/4h/RUNEUSDT-4h-2023-09.zip,8219
RUNEUSDT,4h,2023-10,True,RUNEUSDT/4h/RUNEUSDT-4h-2023-10.zip,8686
RUNEUSDT,4h,2023-11,True,RUNEUSDT/4h/RUNEUSDT-4h-2023-11.zip,8586
RUNEUSDT,4h,2023-12,True,RUNEUSDT/4h/RUNEUSDT-4h-2023-12.zip,8700
RVNUSDT,4h,2021-07,False,RVNUSDT/4h/RVNUSDT-4h-2021-07.zip,9003
RVNUSDT,4h,2021-08,False,RVNUSDT/4h/RVNUSDT-4h-2021-08.zip,9502
RVNUSDT,4h,2021-09,True,RVNUSDT/4h/RVNUSDT-4h-2021-09.zip,8995
RVNUSDT,4h,2022-08,False,RVNUSDT/4h/RVNUSDT-4h-2022-08.zip,9242
RVNUSDT,4h,2022-09,False,RVNUSDT/4h/RVNUSDT-4h-2022-09.zip,9501
RVNUSDT,4h,2022-10,True,RVNUSDT/4h/RVNUSDT-4h-2022-10.zip,9204
SANDUSDT,4h,2021-02,False,SANDUSDT/4h/SANDUSDT-4h-2021-02.zip,8436
SANDUSDT,4h,2021-03,False,SANDUSDT/4h/SANDUSDT-4h-2021-03.zip,9588
SANDUSDT,4h,2021-04,True,SANDUSDT/4h/SANDUSDT-4h-2021-04.zip,9232
SANDUSDT,4h,2021-06,False,SANDUSDT/4h/SANDUSDT-4h-2021-06.zip,9045
SANDUSDT,4h,2021-07,False,SANDUSDT/4h/SANDUSDT-4h-2021-07.zip,9977
SANDUSDT,4h,2021-08,True,SANDUSDT/4h/SANDUSDT-4h-2021-08.zip,9757
SANDUSDT,4h,2021-09,True,SANDUSDT/4h/SANDUSDT-4h-2021-09.zip,9379
SANDUSDT,4h,2021-10,True,SANDUSDT/4h/SANDUSDT-4h-2021-10.zip,9640
SANDUSDT,4h,2021-11,True,SANDUSDT/4h/SANDUSDT-4h-2021-11.zip,9943
SANDUSDT,4h,2021-12,True,SANDUSDT/4h/SANDUSDT-4h-2021-12.zip,10085
SANDUSDT,4h,2022-01,True,SANDUSDT/4h/SANDUSDT-4h-2022-01.zip,9953
SANDUSDT,4h,2022-02,True,SANDUSDT/4h/SANDUSDT-4h-2022-02.zip,8069
SANDUSDT,4h,2022-03,False,SANDUSDT/4h/SANDUSDT-4h-2022-03.zip,9581
SANDUSDT,4h,2022-04,True,SANDUSDT/4h/SANDUSDT-4h-2022-04.zip,8690
SANDUSDT,4h,2022-05,False,SANDUSDT/4h/SANDUSDT-4h-2022-05.zip,9626
SANDUSDT,4h,2022-06,True,SANDUSDT/4h/SANDUSDT-4h-2022-06.zip,9227
SANDUSDT,4h,2022-07,True,SANDUSDT/4h/SANDUSDT-4h-2022-07.zip,9520
SANDUSDT,4h,2022-08,True,SANDUSDT/4h/SANDUSDT-4h-2022-08.zip,9334
SANDUSDT,4h,2022-09,True,SANDUSDT/4h/SANDUSDT-4h-2022-09.zip,8937
SANDUSDT,4h,2022-10,True,SANDUSDT/4h/SANDUSDT-4h-2022-10.zip,9100
SANDUSDT,4h,2022-11,True,SANDUSDT/4h/SANDUSDT-4h-2022-11.zip,8982
SANDUSDT,4h,2022-12,True,SANDUSDT/4h/SANDUSDT-4h-2022-12.zip,9028
SANDUSDT,4h,2023-01,True,SANDUSDT/4h/SANDUSDT-4h-2023-01.zip,9414
SANDUSDT,4h,2023-02,True,SANDUSDT/4h/SANDUSDT-4h-2023-02.zip,8514
SANDUSDT,4h,2023-03,True,SANDUSDT/4h/SANDUSDT-4h-2023-03.zip,9291
SANDUSDT,4h,2023-04,True,SANDUSDT/4h/SANDUSDT-4h-2023-04.zip,8832
SANDUSDT,4h,2023-05,True,SANDUSDT/4h/SANDUSDT-4h-2023-05.zip,9035
SANDUSDT,4h,2023-06,True,SANDUSDT/4h/SANDUSDT-4h-2023-06.zip,8942
SANDUSDT,4h,2023-07,True,SANDUSDT/4h/SANDUSDT-4h-2023-07.zip,8947
SANDUSDT,4h,2023-11,False,SANDUSDT/4h/SANDUSDT-4h-2023-11.zip,8838
SANDUSDT,4h,2023-12,False,SANDUSDT/4h/SANDUSDT-4h-2023-12.zip,9245
SANDUSDT,4h,2024-01,True,SANDUSDT/4h/SANDUSDT-4h-2024-01.zip,9123
SEIUSDT,4h,2023-10,False,SEIUSDT/4h/SEIUSDT-4h-2023-10.zip,8854
SEIUSDT,4h,2023-11,False,SEIUSDT/4h/SEIUSDT-4h-2023-11.zip,9117
SEIUSDT,4h,2023-12,True,SEIUSDT/4h/SEIUSDT-4h-2023-12.zip,9714
SEIUSDT,4h,2024-01,True,SEIUSDT/4h/SEIUSDT-4h-2024-01.zip,9839
SEIUSDT,4h,2024-02,True,SEIUSDT/4h/SEIUSDT-4h-2024-02.zip,9087
SFPUSDT,4h,2021-03,False,SFPUSDT/4h/SFPUSDT-4h-2021-03.zip,8947
SFPUSDT,4h,2021-04,True,SFPUSDT/4h/SFPUSDT-4h-2021-04.zip,8655
SFPUSDT,4h,2021-09,False,SFPUSDT/4h/SFPUSDT-4h-2021-09.zip,8474
SFPUSDT,4h,2021-10,False,SFPUSDT/4h/SFPUSDT-4h-2021-10.zip,8944
SFPUSDT,4h,2021-11,True,SFPUSDT/4h/SFPUSDT-4h-2021-11.zip,8654
SFPUSDT,4h,2021-12,False,SFPUSDT/4h/SFPUSDT-4h-2021-12.zip,9089
SFPUSDT,4h,2022-01,True,SFPUSDT/4h/SFPUSDT-4h-2022-01.zip,8864
SFPUSDT,4h,2022-10,False,SFPUSDT/4h/SFPUSDT-4h-2022-10.zip,8480
SFPUSDT,4h,2022-11,False,SFPUSDT/4h/SFPUSDT-4h-2022-11.zip,8777
SFPUSDT,4h,2022-12,True,SFPUSDT/4h/SFPUSDT-4h-2022-12.zip,8667
SFPUSDT,4h,2023-07,False,SFPUSDT/4h/SFPUSDT-4h-2023-07.zip,8437
SFPUSDT,4h,2023-08,False,SFPUSDT/4h/SFPUSDT-4h-2023-08.zip,8856
SFPUSDT,4h,2023-09,True,SFPUSDT/4h/SFPUSDT-4h-2023-09.zip,8454
SKLUSDT,4h,2021-02,False,SKLUSDT/4h/SKLUSDT-4h-2021-02.zip,8438
SKLUSDT,4h,2021-03,False,SKLUSDT/4h/SKLUSDT-4h-2021-03.zip,9557
SKLUSDT,4h,2021-04,True,SKLUSDT/4h/SKLUSDT-4h-2021-04.zip,9227
SKLUSDT,4h,2023-10,False,SKLUSDT/4h/SKLUSDT-4h-2023-10.zip,8704
SKLUSDT,4h,2023-11,False,SKLUSDT/4h/SKLUSDT-4h-2023-11.zip,9029
SKLUSDT,4h,2023-12,True,SKLUSDT/4h/SKLUSDT-4h-2023-12.zip,9368
SNXUSDT,4h,2020-09,False,SNXUSDT/4h/SNXUSDT-4h-2020-09.zip,8420
SNXUSDT,4h,2020-10,True,SNXUSDT/4h/SNXUSDT-4h-2020-10.zip,8353
SNXUSDT,4h,2020-11,True,SNXUSDT/4h/SNXUSDT-4h-2020-11.zip,8414
SNXUSDT,4h,2020-12,True,SNXUSDT/4h/SNXUSDT-4h-2020-12.zip,8681
SNXUSDT,4h,2021-01,True,SNXUSDT/4h/SNXUSDT-4h-2021-01.zip,9079
SNXUSDT,4h,2021-02,True,SNXUSDT/4h/SNXUSDT-4h-2021-02.zip,8305
SNXUSDT,4h,2021-03,True,SNXUSDT/4h/SNXUSDT-4h-2021-03.zip,8878
SNXUSDT,4h,2021-06,False,SNXUSDT/4h/SNXUSDT-4h-2021-06.zip,8570
SNXUSDT,4h,2021-07,False,SNXUSDT/4h/SNXUSDT-4h-2021-07.zip,9113
SNXUSDT,4h,2021-08,True,SNXUSDT/4h/SNXUSDT-4h-2021-08.zip,8991
SNXUSDT,4h,2022-03,False,SNXUSDT/4h/SNXUSDT-4h-2022-03.zip,9002
SNXUSDT,4h,2022-04,False,SNXUSDT/4h/SNXUSDT-4h-2022-04.zip,8816
SNXUSDT,4h,2022-05,True,SNXUSDT/4h/SNXUSDT-4h-2022-05.zip,8988
SNXUSDT,4h,2022-06,False,SNXUSDT/4h/SNXUSDT-4h-2022-06.zip,8765
SNXUSDT,4h,2022-07,True,SNXUSDT/4h/SNXUSDT-4h-2022-07.zip,9152
SNXUSDT,4h,2022-08,True,SNXUSDT/4h/SNXUSDT-4h-2022-08.zip,9060
SNXUSDT,4h,2022-09,True,SNXUSDT/4h/SNXUSDT-4h-2022-09.zip,8582
SNXUSDT,4h,2022-10,True,SNXUSDT/4h/SNXUSDT-4h-2022-10.zip,8738
SNXUSDT,4h,2023-02,False,SNXUSDT/4h/SNXUSDT-4h-2023-02.zip,8069
SNXUSDT,4h,2023-03,False,SNXUSDT/4h/SNXUSDT-4h-2023-03.zip,9188
SNXUSDT,4h,2023-04,True,SNXUSDT/4h/SNXUSDT-4h-2023-04.zip,8521
SNXUSDT,4h,2023-06,False,SNXUSDT/4h/SNXUSDT-4h-2023-06.zip,8427
SNXUSDT,4h,2023-07,False,SNXUSDT/4h/SNXUSDT-4h-2023-07.zip,8974
SNXUSDT,4h,2023-08,True,SNXUSDT/4h/SNXUSDT-4h-2023-08.zip,8793
SOLUSDT,4h,2020-10,False,SOLUSDT/4h/SOLUSDT-4h-2020-10.zip,8537
SOLUSDT,4h,2020-11,True,SOLUSDT/4h/SOLUSDT-4h-2020-11.zip,8433
SOLUSDT,4h,2020-12,True,SOLUSDT/4h/SOLUSDT-4h-2020-12.zip,8623
SOLUSDT,4h,2021-01,True,SOLUSDT/4h/SOLUSDT-4h-2021-01.zip,9001
SOLUSDT,4h,2021-02,True,SOLUSDT/4h/SOLUSDT-4h-2021-02.zip,8299
SOLUSDT,4h,2021-03,True,SOLUSDT/4h/SOLUSDT-4h-2021-03.zip,9204
SOLUSDT,4h,2021-04,True,SOLUSDT/4h/SOLUSDT-4h-2021-04.zip,9238
SOLUSDT,4h,2021-05,True,SOLUSDT/4h/SOLUSDT-4h-2021-05.zip,9415
SOLUSDT,4h,2021-06,True,SOLUSDT/4h/SOLUSDT-4h-2021-06.zip,8909
SOLUSDT,4h,2021-07,True,SOLUSDT/4h/SOLUSDT-4h-2021-07.zip,8955
SOLUSDT,4h,2021-08,True,SOLUSDT/4h/SOLUSDT-4h-2021-08.zip,9294
SOLUSDT,4h,2021-09,True,SOLUSDT/4h/SOLUSDT-4h-2021-09.zip,9511
SOLUSDT,4h,2021-10,True,SOLUSDT/4h/SOLUSDT-4h-2021-10.zip,9508
SOLUSDT,4h,2021-11,True,SOLUSDT/4h/SOLUSDT-4h-2021-11.zip,9220
SOLUSDT,4h,2021-12,True,SOLUSDT/4h/SOLUSDT-4h-2021-12.zip,9245
SOLUSDT,4h,2022-01,True,SOLUSDT/4h/SOLUSDT-4h-2022-01.zip,9107
SOLUSDT,4h,2022-02,True,SOLUSDT/4h/SOLUSDT-4h-2022-02.zip,7313
SOLUSDT,4h,2022-03,False,SOLUSDT/4h/SOLUSDT-4h-2022-03.zip,8605
SOLUSDT,4h,2022-04,True,SOLUSDT/4h/SOLUSDT-4h-2022-04.zip,7948
SOLUSDT,4h,2022-05,False,SOLUSDT/4h/SOLUSDT-4h-2022-05.zip,8949
SOLUSDT,4h,2022-06,True,SOLUSDT/4h/SOLUSDT-4h-2022-06.zip,8669
SOLUSDT,4h,2022-07,True,SOLUSDT/4h/SOLUSDT-4h-2022-07.zip,8762
SOLUSDT,4h,2022-08,True,SOLUSDT/4h/SOLUSDT-4h-2022-08.zip,8636
SOLUSDT,4h,2022-09,True,SOLUSDT/4h/SOLUSDT-4h-2022-09.zip,8229
SOLUSDT,4h,2022-10,True,SOLUSDT/4h/SOLUSDT-4h-2022-10.zip,8425
SOLUSDT,4h,2022-11,True,SOLUSDT/4h/SOLUSDT-4h-2022-11.zip,8835
SOLUSDT,4h,2022-12,True,SOLUSDT/4h/SOLUSDT-4h-2022-12.zip,8856
SOLUSDT,4h,2023-01,True,SOLUSDT/4h/SOLUSDT-4h-2023-01.zip,9276
SOLUSDT,4h,2023-02,True,SOLUSDT/4h/SOLUSDT-4h-2023-02.zip,8352
SOLUSDT,4h,2023-03,True,SOLUSDT/4h/SOLUSDT-4h-2023-03.zip,9166
SOLUSDT,4h,2023-04,True,SOLUSDT/4h/SOLUSDT-4h-2023-04.zip,8790
SOLUSDT,4h,2023-05,True,SOLUSDT/4h/SOLUSDT-4h-2023-05.zip,8938
SOLUSDT,4h,2023-06,True,SOLUSDT/4h/SOLUSDT-4h-2023-06.zip,8860
SOLUSDT,4h,2023-07,True,SOLUSDT/4h/SOLUSDT-4h-2023-07.zip,9252
SOLUSDT,4h,2023-08,True,SOLUSDT/4h/SOLUSDT-4h-2023-08.zip,9072
SOLUSDT,4h,2023-09,True,SOLUSDT/4h/SOLUSDT-4h-2023-09.zip,8719
SOLUSDT,4h,2023-10,True,SOLUSDT/4h/SOLUSDT-4h-2023-10.zip,9306
SOLUSDT,4h,2023-11,True,SOLUSDT/4h/SOLUSDT-4h-2023-11.zip,9239
SOLUSDT,4h,2023-12,True,SOLUSDT/4h/SOLUSDT-4h-2023-12.zip,9654
SOLUSDT,4h,2024-01,True,SOLUSDT/4h/SOLUSDT-4h-2024-01.zip,9637
SOLUSDT,4h,2024-02,True,SOLUSDT/4h/SOLUSDT-4h-2024-02.zip,9001
SPELLUSDT,4h,2023-08,False,SPELLUSDT/4h/SPELLUSDT-4h-2023-08.zip,9688
SPELLUSDT,4h,2023-09,False,SPELLUSDT/4h/SPELLUSDT-4h-2023-09.zip,9860
SPELLUSDT,4h,2023-10,True,SPELLUSDT/4h/SPELLUSDT-4h-2023-10.zip,9948
SRMUSDT,4h,2020-10,False,SRMUSDT/4h/SRMUSDT-4h-2020-10.zip,8393
SRMUSDT,4h,2020-11,True,SRMUSDT/4h/SRMUSDT-4h-2020-11.zip,8257
SRMUSDT,4h,2021-03,False,SRMUSDT/4h/SRMUSDT-4h-2021-03.zip,8963
SRMUSDT,4h,2021-04,False,SRMUSDT/4h/SRMUSDT-4h-2021-04.zip,8882
SRMUSDT,4h,2021-05,True,SRMUSDT/4h/SRMUSDT-4h-2021-05.zip,8994
SRMUSDT,4h,2021-06,True,SRMUSDT/4h/SRMUSDT-4h-2021-06.zip,8192
SRMUSDT,4h,2021-07,False,SRMUSDT/4h/SRMUSDT-4h-2021-07.zip,8306
SRMUSDT,4h,2021-08,False,SRMUSDT/4h/SRMUSDT-4h-2021-08.zip,8687
SRMUSDT,4h,2021-09,True,SRMUSDT/4h/SRMUSDT-4h-2021-09.zip,8659
SRMUSDT,4h,2021-10,True,SRMUSDT/4h/SRMUSDT-4h-2021-10.zip,8588
SRMUSDT,4h,2022-02,False,SRMUSDT/4h/SRMUSDT-4h-2022-02.zip,7533
SRMUSDT,4h,2022-03,False,SRMUSDT/4h/SRMUSDT-4h-2022-03.zip,8405
SRMUSDT,4h,2022-04,True,SRMUSDT/4h/SRMUSDT-4h-2022-04.zip,8111
SRMUSDT,4h,2022-06,False,SRMUSDT/4h/SRMUSDT-4h-2022-06.zip,7989
SRMUSDT,4h,2022-07,False,SRMUSDT/4h/SRMUSDT-4h-2022-07.zip,8413
SRMUSDT,4h,2022-08,True,SRMUSDT/4h/SRMUSDT-4h-2022-08.zip,8132
STGUSDT,4h,2022-09,False,STGUSDT/4h/STGUSDT-4h-2022-09.zip,9028
STGUSDT,4h,2022-10,True,STGUSDT/4h/STGUSDT-4h-2022-10.zip,8971
STGUSDT,4h,2023-01,False,STGUSDT/4h/STGUSDT-4h-2023-01.zip,9001
STGUSDT,4h,2023-02,False,STGUSDT/4h/STGUSDT-4h-2023-02.zip,8676
STGUSDT,4h,2023-03,True,STGUSDT/4h/STGUSDT-4h-2023-03.zip,9345
STMXUSDT,4h,2023-06,False,STMXUSDT/4h/STMXUSDT-4h-2023-06.zip,8455
STMXUSDT,4h,2023-07,False,STMXUSDT/4h/STMXUSDT-4h-2023-07.zip,9221
STMXUSDT,4h,2023-08,True,STMXUSDT/4h/STMXUSDT-4h-2023-08.zip,9187
STMXUSDT,4h,2023-09,True,STMXUSDT/4h/STMXUSDT-4h-2023-09.zip,8958
STMXUSDT,4h,2023-10,True,STMXUSDT/4h/STMXUSDT-4h-2023-10.zip,9149
STMXUSDT,4h,2023-11,True,STMXUSDT/4h/STMXUSDT-4h-2023-11.zip,8682
STORJUSDT,4h,2020-10,False,STORJUSDT/4h/STORJUSDT-4h-2020-10.zip,8394
STORJUSDT,4h,2020-11,True,STORJUSDT/4h/STORJUSDT-4h-2020-11.zip,8018
STORJUSDT,4h,2021-02,False,STORJUSDT/4h/STORJUSDT-4h-2021-02.zip,7880
STORJUSDT,4h,2021-03,False,STORJUSDT/4h/STORJUSDT-4h-2021-03.zip,8931
STORJUSDT,4h,2021-04,True,STORJUSDT/4h/STORJUSDT-4h-2021-04.zip,8822
STORJUSDT,4h,2021-05,True,STORJUSDT/4h/STORJUSDT-4h-2021-05.zip,9018
STORJUSDT,4h,2021-10,False,STORJUSDT/4h/STORJUSDT-4h-2021-10.zip,8802
STORJUSDT,4h,2021-11,False,STORJUSDT/4h/STORJUSDT-4h-2021-11.zip,8900
STORJUSDT,4h,2021-12,True,STORJUSDT/4h/STORJUSDT-4h-2021-12.zip,9006
STORJUSDT,4h,2022-05,False,STORJUSDT/4h/STORJUSDT-4h-2022-05.zip,8848
STORJUSDT,4h,2022-06,False,STORJUSDT/4h/STORJUSDT-4h-2022-06.zip,8847
STORJUSDT,4h,2022-07,True,STORJUSDT/4h/STORJUSDT-4h-2022-07.zip,8986
STORJUSDT,4h,2022-08,True,STORJUSDT/4h/STORJUSDT-4h-2022-08.zip,8742
STORJUSDT,4h,2023-06,False,STORJUSDT/4h/STORJUSDT-4h-2023-06.zip,8454
STORJUSDT,4h,2023-07,False,STORJUSDT/4h/STORJUSDT-4h-2023-07.zip,8906
STORJUSDT,4h,2023-08,True,STORJUSDT/4h/STORJUSDT-4h-2023-08.zip,8381
STORJUSDT,4h,2023-09,False,STORJUSDT/4h/STORJUSDT-4h-2023-09.zip,8805
STORJUSDT,4h,2023-10,True,STORJUSDT/4h/STORJUSDT-4h-2023-10.zip,9112
STORJUSDT,4h,2023-11,True,STORJUSDT/4h/STORJUSDT-4h-2023-11.zip,8799
STORJUSDT,4h,2023-12,True,STORJUSDT/4h/STORJUSDT-4h-2023-12.zip,9168
STORJUSDT,4h,2024-01,True,STORJUSDT/4h/STORJUSDT-4h-2024-01.zip,8957
STXUSDT,4h,2023-03,False,STXUSDT/4h/STXUSDT-4h-2023-03.zip,9861
STXUSDT,4h,2023-04,True,STXUSDT/4h/STXUSDT-4h-2023-04.zip,9086
STXUSDT,4h,2023-05,True,STXUSDT/4h/STXUSDT-4h-2023-05.zip,9394
STXUSDT,4h,2023-06,True,STXUSDT/4h/STXUSDT-4h-2023-06.zip,9177
STXUSDT,4h,2023-07,True,STXUSDT/4h/STXUSDT-4h-2023-07.zip,9163
STXUSDT,4h,2023-09,False,STXUSDT/4h/STXUSDT-4h-2023-09.zip,8640
STXUSDT,4h,2023-10,False,STXUSDT/4h/STXUSDT-4h-2023-10.zip,9254
STXUSDT,4h,2023-11,True,STXUSDT/4h/STXUSDT-4h-2023-11.zip,8965
STXUSDT,4h,2023-12,False,STXUSDT/4h/STXUSDT-4h-2023-12.zip,9713
STXUSDT,4h,2024-01,True,STXUSDT/4h/STXUSDT-4h-2024-01.zip,9586
STXUSDT,4h,2024-02,True,STXUSDT/4h/STXUSDT-4h-2024-02.zip,9035
SUIUSDT,4h,2023-06,False,SUIUSDT/4h/SUIUSDT-4h-2023-06.zip,9939
SUIUSDT,4h,2023-07,True,SUIUSDT/4h/SUIUSDT-4h-2023-07.zip,9920
SUIUSDT,4h,2023-08,True,SUIUSDT/4h/SUIUSDT-4h-2023-08.zip,9954
SUIUSDT,4h,2023-09,True,SUIUSDT/4h/SUIUSDT-4h-2023-09.zip,9389
SUIUSDT,4h,2023-10,True,SUIUSDT/4h/SUIUSDT-4h-2023-10.zip,9751
SUIUSDT,4h,2023-11,True,SUIUSDT/4h/SUIUSDT-4h-2023-11.zip,9676
SUIUSDT,4h,2023-12,True,SUIUSDT/4h/SUIUSDT-4h-2023-12.zip,10027
SUIUSDT,4h,2024-01,True,SUIUSDT/4h/SUIUSDT-4h-2024-01.zip,10386
SUIUSDT,4h,2024-02,True,SUIUSDT/4h/SUIUSDT-4h-2024-02.zip,9571
SUSHIUSDT,4h,2020-10,False,SUSHIUSDT/4h/SUSHIUSDT-4h-2020-10.zip,8787
SUSHIUSDT,4h,2020-11,True,SUSHIUSDT/4h/SUSHIUSDT-4h-2020-11.zip,8701
SUSHIUSDT,4h,2020-12,True,SUSHIUSDT/4h/SUSHIUSDT-4h-2020-12.zip,9160
SUSHIUSDT,4h,2021-01,True,SUSHIUSDT/4h/SUSHIUSDT-4h-2021-01.zip,9299
SUSHIUSDT,4h,2021-02,True,SUSHIUSDT/4h/SUSHIUSDT-4h-2021-02.zip,8562
SUSHIUSDT,4h,2021-03,True,SUSHIUSDT/4h/SUSHIUSDT-4h-2021-03.zip,9423
SUSHIUSDT,4h,2021-04,True,SUSHIUSDT/4h/SUSHIUSDT-4h-2021-04.zip,9087
SUSHIUSDT,4h,2021-05,True,SUSHIUSDT/4h/SUSHIUSDT-4h-2021-05.zip,9292
SUSHIUSDT,4h,2021-06,True,SUSHIUSDT/4h/SUSHIUSDT-4h-2021-06.zip,8451
SUSHIUSDT,4h,2021-07,True,SUSHIUSDT/4h/SUSHIUSDT-4h-2021-07.zip,8640
SUSHIUSDT,4h,2021-08,True,SUSHIUSDT/4h/SUSHIUSDT-4h-2021-08.zip,8783
SUSHIUSDT,4h,2021-09,True,SUSHIUSDT/4h/SUSHIUSDT-4h-2021-09.zip,8595
SUSHIUSDT,4h,2021-10,True,SUSHIUSDT/4h/SUSHIUSDT-4h-2021-10.zip,8596
SUSHIUSDT,4h,2021-11,True,SUSHIUSDT/4h/SUSHIUSDT-4h-2021-11.zip,8436
SUSHIUSDT,4h,2021-12,False,SUSHIUSDT/4h/SUSHIUSDT-4h-2021-12.zip,8858
SUSHIUSDT,4h,2022-01,True,SUSHIUSDT/4h/SUSHIUSDT-4h-2022-01.zip,8922
SUSHIUSDT,4h,2022-02,True,SUSHIUSDT/4h/SUSHIUSDT-4h-2022-02.zip,7063
SUSHIUSDT,4h,2022-03,False,SUSHIUSDT/4h/SUSHIUSDT-4h-2022-03.zip,8509
SUSHIUSDT,4h,2022-04,True,SUSHIUSDT/4h/SUSHIUSDT-4h-2022-04.zip,7793
SUSHIUSDT,4h,2022-05,False,SUSHIUSDT/4h/SUSHIUSDT-4h-2022-05.zip,8664
SUSHIUSDT,4h,2022-06,True,SUSHIUSDT/4h/SUSHIUSDT-4h-2022-06.zip,8240
SUSHIUSDT,4h,2022-07,False,SUSHIUSDT/4h/SUSHIUSDT-4h-2022-07.zip,8439
SUSHIUSDT,4h,2022-08,True,SUSHIUSDT/4h/SUSHIUSDT-4h-2022-08.zip,8316
SUSHIUSDT,4h,2022-09,False,SUSHIUSDT/4h/SUSHIUSDT-4h-2022-09.zip,8048
SUSHIUSDT,4h,2022-10,False,SUSHIUSDT/4h/SUSHIUSDT-4h-2022-10.zip,8701
SUSHIUSDT,4h,2022-11,True,SUSHIUSDT/4h/SUSHIUSDT-4h-2022-11.zip,8437
SUSHIUSDT,4h,2022-12,True,SUSHIUSDT/4h/SUSHIUSDT-4h-2022-12.zip,8245
SUSHIUSDT,4h,2023-01,True,SUSHIUSDT/4h/SUSHIUSDT-4h-2023-01.zip,8380
SUSHIUSDT,4h,2023-02,True,SUSHIUSDT/4h/SUSHIUSDT-4h-2023-02.zip,7648
SUSHIUSDT,4h,2023-10,False,SUSHIUSDT/4h/SUSHIUSDT-4h-2023-10.zip,8549
SUSHIUSDT,4h,2023-11,False,SUSHIUSDT/4h/SUSHIUSDT-4h-2023-11.zip,8984
SUSHIUSDT,4h,2023-12,True,SUSHIUSDT/4h/SUSHIUSDT-4h-2023-12.zip,9008
SXPUSDT,4h,2020-08,False,SXPUSDT/4h/SXPUSDT-4h-2020-08.zip,9660
SXPUSDT,4h,2020-09,True,SXPUSDT/4h/SXPUSDT-4h-2020-09.zip,9183
SXPUSDT,4h,2020-10,True,SXPUSDT/4h/SXPUSDT-4h-2020-10.zip,9326
SXPUSDT,4h,2020-11,True,SXPUSDT/4h/SXPUSDT-4h-2020-11.zip,9130
SXPUSDT,4h,2020-12,True,SXPUSDT/4h/SXPUSDT-4h-2020-12.zip,9241
SXPUSDT,4h,2021-01,True,SXPUSDT/4h/SXPUSDT-4h-2021-01.zip,9616
SXPUSDT,4h,2021-02,True,SXPUSDT/4h/SXPUSDT-4h-2021-02.zip,8901
SXPUSDT,4h,2021-03,True,SXPUSDT/4h/SXPUSDT-4h-2021-03.zip,9807
SXPUSDT,4h,2021-04,True,SXPUSDT/4h/SXPUSDT-4h-2021-04.zip,9636
SXPUSDT,4h,2021-05,True,SXPUSDT/4h/SXPUSDT-4h-2021-05.zip,9892
SXPUSDT,4h,2021-06,True,SXPUSDT/4h/SXPUSDT-4h-2021-06.zip,9393
SXPUSDT,4h,2021-07,True,SXPUSDT/4h/SXPUSDT-4h-2021-07.zip,9512
SXPUSDT,4h,2021-08,True,SXPUSDT/4h/SXPUSDT-4h-2021-08.zip,9645
SXPUSDT,4h,2021-09,True,SXPUSDT/4h/SXPUSDT-4h-2021-09.zip,9292
SXPUSDT,4h,2021-12,False,SXPUSDT/4h/SXPUSDT-4h-2021-12.zip,9440
SXPUSDT,4h,2022-01,False,SXPUSDT/4h/SXPUSDT-4h-2022-01.zip,9696
SXPUSDT,4h,2022-02,True,SXPUSDT/4h/SXPUSDT-4h-2022-02.zip,8601
SXPUSDT,4h,2022-03,True,SXPUSDT/4h/SXPUSDT-4h-2022-03.zip,9551
SXPUSDT,4h,2023-02,False,SXPUSDT/4h/SXPUSDT-4h-2023-02.zip,8426
SXPUSDT,4h,2023-03,False,SXPUSDT/4h/SXPUSDT-4h-2023-03.zip,9266
SXPUSDT,4h,2023-04,True,SXPUSDT/4h/SXPUSDT-4h-2023-04.zip,9567
SXPUSDT,4h,2023-05,True,SXPUSDT/4h/SXPUSDT-4h-2023-05.zip,9386
THETAUSDT,4h,2020-06,False,THETAUSDT/4h/THETAUSDT-4h-2020-06.zip,8539
THETAUSDT,4h,2020-07,True,THETAUSDT/4h/THETAUSDT-4h-2020-07.zip,8719
THETAUSDT,4h,2020-08,True,THETAUSDT/4h/THETAUSDT-4h-2020-08.zip,9179
THETAUSDT,4h,2020-09,True,THETAUSDT/4h/THETAUSDT-4h-2020-09.zip,8992
THETAUSDT,4h,2020-10,True,THETAUSDT/4h/THETAUSDT-4h-2020-10.zip,9194
THETAUSDT,4h,2020-11,True,THETAUSDT/4h/THETAUSDT-4h-2020-11.zip,8832
THETAUSDT,4h,2020-12,True,THETAUSDT/4h/THETAUSDT-4h-2020-12.zip,9409
THETAUSDT,4h,2021-01,True,THETAUSDT/4h/THETAUSDT-4h-2021-01.zip,9453
THETAUSDT,4h,2021-02,True,THETAUSDT/4h/THETAUSDT-4h-2021-02.zip,8571
THETAUSDT,4h,2021-03,False,THETAUSDT/4h/THETAUSDT-4h-2021-03.zip,9887
THETAUSDT,4h,2021-04,True,THETAUSDT/4h/THETAUSDT-4h-2021-04.zip,9609
THETAUSDT,4h,2021-05,True,THETAUSDT/4h/THETAUSDT-4h-2021-05.zip,9705
THETAUSDT,4h,2021-06,True,THETAUSDT/4h/THETAUSDT-4h-2021-06.zip,9229
THETAUSDT,4h,2021-07,True,THETAUSDT/4h/THETAUSDT-4h-2021-07.zip,9272
THETAUSDT,4h,2021-08,True,THETAUSDT/4h/THETAUSDT-4h-2021-08.zip,9282
THETAUSDT,4h,2021-09,True,THETAUSDT/4h/THETAUSDT-4h-2021-09.zip,9024
THETAUSDT,4h,2021-10,True,THETAUSDT/4h/THETAUSDT-4h-2021-10.zip,9250
THETAUSDT,4h,2021-11,True,THETAUSDT/4h/THETAUSDT-4h-2021-11.zip,8894
THETAUSDT,4h,2021-12,True,THETAUSDT/4h/THETAUSDT-4h-2021-12.zip,9117
THETAUSDT,4h,2022-01,True,THETAUSDT/4h/THETAUSDT-4h-2022-01.zip,9290
THETAUSDT,4h,2022-02,True,THETAUSDT/4h/THETAUSDT-4h-2022-02.zip,8483
THETAUSDT,4h,2022-03,True,THETAUSDT/4h/THETAUSDT-4h-2022-03.zip,9233
THETAUSDT,4h,2022-04,True,THETAUSDT/4h/THETAUSDT-4h-2022-04.zip,8944
THETAUSDT,4h,2022-05,True,THETAUSDT/4h/THETAUSDT-4h-2022-05.zip,9171
THETAUSDT,4h,2022-06,True,THETAUSDT/4h/THETAUSDT-4h-2022-06.zip,8824
THETAUSDT,4h,2022-07,True,THETAUSDT/4h/THETAUSDT-4h-2022-07.zip,8956
THETAUSDT,4h,2022-08,True,THETAUSDT/4h/THETAUSDT-4h-2022-08.zip,9067
THETAUSDT,4h,2022-09,True,THETAUSDT/4h/THETAUSDT-4h-2022-09.zip,8542
THETAUSDT,4h,2022-10,True,THETAUSDT/4h/THETAUSDT-4h-2022-10.zip,8741
TIAUSDT,4h,2023-11,False,TIAUSDT/4h/TIAUSDT-4h-2023-11.zip,9569
TIAUSDT,4h,2023-12,True,TIAUSDT/4h/TIAUSDT-4h-2023-12.zip,10048
TIAUSDT,4h,2024-01,True,TIAUSDT/4h/TIAUSDT-4h-2024-01.zip,9991
TIAUSDT,4h,2024-02,True,TIAUSDT/4h/TIAUSDT-4h-2024-02.zip,9176
TLMUSDT,4h,2021-08,False,TLMUSDT/4h/TLMUSDT-4h-2021-08.zip,9138
TLMUSDT,4h,2021-09,True,TLMUSDT/4h/TLMUSDT-4h-2021-09.zip,8677
TLMUSDT,4h,2021-10,False,TLMUSDT/4h/TLMUSDT-4h-2021-10.zip,8866
TLMUSDT,4h,2021-11,True,TLMUSDT/4h/TLMUSDT-4h-2021-11.zip,8961
TLMUSDT,4h,2021-12,True,TLMUSDT/4h/TLMUSDT-4h-2021-12.zip,8986
TLMUSDT,4h,2022-01,True,TLMUSDT/4h/TLMUSDT-4h-2022-01.zip,8817
TLMUSDT,4h,2022-02,False,TLMUSDT/4h/TLMUSDT-4h-2022-02.zip,7983
TLMUSDT,4h,2022-03,True,TLMUSDT/4h/TLMUSDT-4h-2022-03.zip,8644
TLMUSDT,4h,2022-04,False,TLMUSDT/4h/TLMUSDT-4h-2022-04.zip,8507
TLMUSDT,4h,2022-05,True,TLMUSDT/4h/TLMUSDT-4h-2022-05.zip,8644
TOMOUSDT,4h,2023-03,False,TOMOUSDT/4h/TOMOUSDT-4h-2023-03.zip,8804
TOMOUSDT,4h,2023-04,False,TOMOUSDT/4h/TOMOUSDT-4h-2023-04.zip,8700
TOMOUSDT,4h,2023-05,True,TOMOUSDT/4h/TOMOUSDT-4h-2023-05.zip,9308
TOMOUSDT,4h,2023-06,True,TOMOUSDT/4h/TOMOUSDT-4h-2023-06.zip,9076
TOMOUSDT,4h,2023-07,True,TOMOUSDT/4h/TOMOUSDT-4h-2023-07.zip,9217
TOMOUSDT,4h,2023-08,True,TOMOUSDT/4h/TOMOUSDT-4h-2023-08.zip,9290
TOMOUSDT,4h,2023-09,True,TOMOUSDT/4h/TOMOUSDT-4h-2023-09.zip,8640
TOMOUSDT,4h,2023-10,True,TOMOUSDT/4h/TOMOUSDT-4h-2023-10.zip,8935
TRBUSDT,4h,2020-10,False,TRBUSDT/4h/TRBUSDT-4h-2020-10.zip,8818
TRBUSDT,4h,2020-11,True,TRBUSDT/4h/TRBUSDT-4h-2020-11.zip,8637
TRBUSDT,4h,2020-12,True,TRBUSDT/4h/TRBUSDT-4h-2020-12.zip,8726
TRBUSDT,4h,2021-01,True,TRBUSDT/4h/TRBUSDT-4h-2021-01.zip,8918
TRBUSDT,4h,2022-06,False,TRBUSDT/4h/TRBUSDT-4h-2022-06.zip,8242
TRBUSDT,4h,2022-07,False,TRBUSDT/4h/TRBUSDT-4h-2022-07.zip,8754
TRBUSDT,4h,2022-08,True,TRBUSDT/4h/TRBUSDT-4h-2022-08.zip,8998
TRBUSDT,4h,2022-09,True,TRBUSDT/4h/TRBUSDT-4h-2022-09.zip,8415
TRBUSDT,4h,2022-10,True,TRBUSDT/4h/TRBUSDT-4h-2022-10.zip,8297
TRBUSDT,4h,2023-07,False,TRBUSDT/4h/TRBUSDT-4h-2023-07.zip,8064
TRBUSDT,4h,2023-08,False,TRBUSDT/4h/TRBUSDT-4h-2023-08.zip,8266
TRBUSDT,4h,2023-09,True,TRBUSDT/4h/TRBUSDT-4h-2023-09.zip,9443
TRBUSDT,4h,2023-10,True,TRBUSDT/4h/TRBUSDT-4h-2023-10.zip,9731
TRBUSDT,4h,2023-11,True,TRBUSDT/4h/TRBUSDT-4h-2023-11.zip,9245
TRBUSDT,4h,2023-12,True,TRBUSDT/4h/TRBUSDT-4h-2023-12.zip,9693
TRBUSDT,4h,2024-01,True,TRBUSDT/4h/TRBUSDT-4h-2024-01.zip,9790
TRBUSDT,4h,2024-02,True,TRBUSDT/4h/TRBUSDT-4h-2024-02.zip,8789
TRXUSDT,4h,2020-03,True,TRXUSDT/4h/TRXUSDT-4h-2020-03.zip,8775
TRXUSDT,4h,2020-04,True,TRXUSDT/4h/TRXUSDT-4h-2020-04.zip,8350
TRXUSDT,4h,2020-05,True,TRXUSDT/4h/TRXUSDT-4h-2020-05.zip,8671
TRXUSDT,4h,2020-06,True,TRXUSDT/4h/TRXUSDT-4h-2020-06.zip,8369
TRXUSDT,4h,2020-07,True,TRXUSDT/4h/TRXUSDT-4h-2020-07.zip,8753
TRXUSDT,4h,2020-08,True,TRXUSDT/4h/TRXUSDT-4h-2020-08.zip,9141
TRXUSDT,4h,2020-09,True,TRXUSDT/4h/TRXUSDT-4h-2020-09.zip,9063
TRXUSDT,4h,2020-10,True,TRXUSDT/4h/TRXUSDT-4h-2020-10.zip,8908
TRXUSDT,4h,2020-11,True,TRXUSDT/4h/TRXUSDT-4h-2020-11.zip,8836
TRXUSDT,4h,2020-12,True,TRXUSDT/4h/TRXUSDT-4h-2020-12.zip,9115
TRXUSDT,4h,2021-01,True,TRXUSDT/4h/TRXUSDT-4h-2021-01.zip,9338
TRXUSDT,4h,2021-02,True,TRXUSDT/4h/TRXUSDT-4h-2021-02.zip,8738
TRXUSDT,4h,2021-03,True,TRXUSDT/4h/TRXUSDT-4h-2021-03.zip,9533
TRXUSDT,4h,2021-04,True,TRXUSDT/4h/TRXUSDT-4h-2021-04.zip,9726
TRXUSDT,4h,2021-05,True,TRXUSDT/4h/TRXUSDT-4h-2021-05.zip,9861
TRXUSDT,4h,2021-06,True,TRXUSDT/4h/TRXUSDT-4h-2021-06.zip,9226
TRXUSDT,4h,2021-07,True,TRXUSDT/4h/TRXUSDT-4h-2021-07.zip,9303
TRXUSDT,4h,2021-08,True,TRXUSDT/4h/TRXUSDT-4h-2021-08.zip,9560
TRXUSDT,4h,2021-09,True,TRXUSDT/4h/TRXUSDT-4h-2021-09.zip,9453
TRXUSDT,4h,2021-10,True,TRXUSDT/4h/TRXUSDT-4h-2021-10.zip,9493
TRXUSDT,4h,2021-11,True,TRXUSDT/4h/TRXUSDT-4h-2021-11.zip,9253
TRXUSDT,4h,2021-12,True,TRXUSDT/4h/TRXUSDT-4h-2021-12.zip,9398
TRXUSDT,4h,2022-02,False,TRXUSDT/4h/TRXUSDT-4h-2022-02.zip,7653
TRXUSDT,4h,2022-03,False,TRXUSDT/4h/TRXUSDT-4h-2022-03.zip,9268
TRXUSDT,4h,2022-04,True,TRXUSDT/4h/TRXUSDT-4h-2022-04.zip,8541
TRXUSDT,4h,2022-05,False,TRXUSDT/4h/TRXUSDT-4h-2022-05.zip,9955
TRXUSDT,4h,2022-06,True,TRXUSDT/4h/TRXUSDT-4h-2022-06.zip,9438
TRXUSDT,4h,2022-07,True,TRXUSDT/4h/TRXUSDT-4h-2022-07.zip,9310
TRXUSDT,4h,2022-08,True,TRXUSDT/4h/TRXUSDT-4h-2022-08.zip,9221
TRXUSDT,4h,2022-09,True,TRXUSDT/4h/TRXUSDT-4h-2022-09.zip,8814
TRXUSDT,4h,2022-10,False,TRXUSDT/4h/TRXUSDT-4h-2022-10.zip,9158
TRXUSDT,4h,2022-11,True,TRXUSDT/4h/TRXUSDT-4h-2022-11.zip,9130
TRXUSDT,4h,2022-12,True,TRXUSDT/4h/TRXUSDT-4h-2022-12.zip,9116
TRXUSDT,4h,2023-01,True,TRXUSDT/4h/TRXUSDT-4h-2023-01.zip,9321
TRXUSDT,4h,2023-02,True,TRXUSDT/4h/TRXUSDT-4h-2023-02.zip,8419
TRXUSDT,4h,2023-03,False,TRXUSDT/4h/TRXUSDT-4h-2023-03.zip,9309
TRXUSDT,4h,2023-04,True,TRXUSDT/4h/TRXUSDT-4h-2023-04.zip,8801
TRXUSDT,4h,2023-05,False,TRXUSDT/4h/TRXUSDT-4h-2023-05.zip,9282
TRXUSDT,4h,2023-06,True,TRXUSDT/4h/TRXUSDT-4h-2023-06.zip,9081
TRXUSDT,4h,2023-07,True,TRXUSDT/4h/TRXUSDT-4h-2023-07.zip,9220
UMAUSDT,4h,2023-12,False,UMAUSDT/4h/UMAUSDT-4h-2023-12.zip,8205
UMAUSDT,4h,2024-01,False,UMAUSDT/4h/UMAUSDT-4h-2024-01.zip,8755
UMAUSDT,4h,2024-02,True,UMAUSDT/4h/UMAUSDT-4h-2024-02.zip,8110
UNFIUSDT,4h,2021-06,False,UNFIUSDT/4h/UNFIUSDT-4h-2021-06.zip,8459
UNFIUSDT,4h,2021-07,False,UNFIUSDT/4h/UNFIUSDT-4h-2021-07.zip,8891
UNFIUSDT,4h,2021-08,True,UNFIUSDT/4h/UNFIUSDT-4h-2021-08.zip,8998
UNFIUSDT,4h,2022-05,False,UNFIUSDT/4h/UNFIUSDT-4h-2022-05.zip,8893
UNFIUSDT,4h,2022-06,False,UNFIUSDT/4h/UNFIUSDT-4h-2022-06.zip,9106
UNFIUSDT,4h,2022-07,True,UNFIUSDT/4h/UNFIUSDT-4h-2022-07.zip,9350
UNFIUSDT,4h,2022-08,True,UNFIUSDT/4h/UNFIUSDT-4h-2022-08.zip,9438
UNFIUSDT,4h,2022-09,True,UNFIUSDT/4h/UNFIUSDT-4h-2022-09.zip,8763
UNFIUSDT,4h,2022-10,True,UNFIUSDT/4h/UNFIUSDT-4h-2022-10.zip,8833
UNFIUSDT,4h,2023-07,False,UNFIUSDT/4h/UNFIUSDT-4h-2023-07.zip,8541
UNFIUSDT,4h,2023-08,False,UNFIUSDT/4h/UNFIUSDT-4h-2023-08.zip,9151
UNFIUSDT,4h,2023-09,True,UNFIUSDT/4h/UNFIUSDT-4h-2023-09.zip,8873
UNFIUSDT,4h,2023-10,True,UNFIUSDT/4h/UNFIUSDT-4h-2023-10.zip,8949
UNIUSDT,4h,2020-10,False,UNIUSDT/4h/UNIUSDT-4h-2020-10.zip,9023
UNIUSDT,4h,2020-11,True,UNIUSDT/4h/UNIUSDT-4h-2020-11.zip,8835
UNIUSDT,4h,2020-12,True,UNIUSDT/4h/UNIUSDT-4h-2020-12.zip,8928
UNIUSDT,4h,2021-01,True,UNIUSDT/4h/UNIUSDT-4h-2021-01.zip,9283
UNIUSDT,4h,2021-02,True,UNIUSDT/4h/UNIUSDT-4h-2021-02.zip,8592
UNIUSDT,4h,2021-03,True,UNIUSDT/4h/UNIUSDT-4h-2021-03.zip,9524
UNIUSDT,4h,2021-04,True,UNIUSDT/4h/UNIUSDT-4h-2021-04.zip,9212
UNIUSDT,4h,2021-05,True,UNIUSDT/4h/UNIUSDT-4h-2021-05.zip,9410
UNIUSDT,4h,2021-06,True,UNIUSDT/4h/UNIUSDT-4h-2021-06.zip,8751
UNIUSDT,4h,2021-07,True,UNIUSDT/4h/UNIUSDT-4h-2021-07.zip,8990
UNIUSDT,4h,2021-08,True,UNIUSDT/4h/UNIUSDT-4h-2021-08.zip,9049
UNIUSDT,4h,2021-09,True,UNIUSDT/4h/UNIUSDT-4h-2021-09.zip,8828
UNIUSDT,4h,2021-10,True,UNIUSDT/4h/UNIUSDT-4h-2021-10.zip,8960
UNIUSDT,4h,2021-11,True,UNIUSDT/4h/UNIUSDT-4h-2021-11.zip,8574
UNIUSDT,4h,2021-12,False,UNIUSDT/4h/UNIUSDT-4h-2021-12.zip,8761
UNIUSDT,4h,2022-01,True,UNIUSDT/4h/UNIUSDT-4h-2022-01.zip,8843
UNIUSDT,4h,2022-02,True,UNIUSDT/4h/UNIUSDT-4h-2022-02.zip,7894
UNIUSDT,4h,2022-03,True,UNIUSDT/4h/UNIUSDT-4h-2022-03.zip,8645
UNIUSDT,4h,2022-04,False,UNIUSDT/4h/UNIUSDT-4h-2022-04.zip,8288
UNIUSDT,4h,2022-05,True,UNIUSDT/4h/UNIUSDT-4h-2022-05.zip,8658
UNIUSDT,4h,2022-06,False,UNIUSDT/4h/UNIUSDT-4h-2022-06.zip,8349
UNIUSDT,4h,2022-07,False,UNIUSDT/4h/UNIUSDT-4h-2022-07.zip,8722
UNIUSDT,4h,2022-08,True,UNIUSDT/4h/UNIUSDT-4h-2022-08.zip,8618
UNIUSDT,4h,2022-09,True,UNIUSDT/4h/UNIUSDT-4h-2022-09.zip,8269
UNIUSDT,4h,2022-10,True,UNIUSDT/4h/UNIUSDT-4h-2022-10.zip,8561
UNIUSDT,4h,2022-11,True,UNIUSDT/4h/UNIUSDT-4h-2022-11.zip,8345
UNIUSDT,4h,2022-12,True,UNIUSDT/4h/UNIUSDT-4h-2022-12.zip,8274
UNIUSDT,4h,2023-07,False,UNIUSDT/4h/UNIUSDT-4h-2023-07.zip,8558
UNIUSDT,4h,2023-08,False,UNIUSDT/4h/UNIUSDT-4h-2023-08.zip,8470
UNIUSDT,4h,2023-09,True,UNIUSDT/4h/UNIUSDT-4h-2023-09.zip,7944
UNIUSDT,4h,2023-10,False,UNIUSDT/4h/UNIUSDT-4h-2023-10.zip,8292
UNIUSDT,4h,2023-11,False,UNIUSDT/4h/UNIUSDT-4h-2023-11.zip,8381
UNIUSDT,4h,2023-12,True,UNIUSDT/4h/UNIUSDT-4h-2023-12.zip,8655
UNIUSDT,4h,2024-01,True,UNIUSDT/4h/UNIUSDT-4h-2024-01.zip,8529
UNIUSDT,4h,2024-02,False,UNIUSDT/4h/UNIUSDT-4h-2024-02.zip,8089
USTCUSDT,4h,2023-12,False,USTCUSDT/4h/USTCUSDT-4h-2023-12.zip,9898
USTCUSDT,4h,2024-01,True,USTCUSDT/4h/USTCUSDT-4h-2024-01.zip,9550
VETUSDT,4h,2020-03,False,VETUSDT/4h/VETUSDT-4h-2020-03.zip,9066
VETUSDT,4h,2020-04,True,VETUSDT/4h/VETUSDT-4h-2020-04.zip,8775
VETUSDT,4h,2020-05,True,VETUSDT/4h/VETUSDT-4h-2020-05.zip,9279
VETUSDT,4h,2020-06,True,VETUSDT/4h/VETUSDT-4h-2020-06.zip,9404
VETUSDT,4h,2020-07,True,VETUSDT/4h/VETUSDT-4h-2020-07.zip,9858
VETUSDT,4h,2020-08,True,VETUSDT/4h/VETUSDT-4h-2020-08.zip,9776
VETUSDT,4h,2020-09,True,VETUSDT/4h/VETUSDT-4h-2020-09.zip,9320
VETUSDT,4h,2020-10,True,VETUSDT/4h/VETUSDT-4h-2020-10.zip,9431
VETUSDT,4h,2020-11,True,VETUSDT/4h/VETUSDT-4h-2020-11.zip,9333
VETUSDT,4h,2020-12,True,VETUSDT/4h/VETUSDT-4h-2020-12.zip,9745
VETUSDT,4h,2021-01,True,VETUSDT/4h/VETUSDT-4h-2021-01.zip,9979
VETUSDT,4h,2021-02,True,VETUSDT/4h/VETUSDT-4h-2021-02.zip,9185
VETUSDT,4h,2021-03,True,VETUSDT/4h/VETUSDT-4h-2021-03.zip,10289
VETUSDT,4h,2021-04,True,VETUSDT/4h/VETUSDT-4h-2021-04.zip,10188
VETUSDT,4h,2021-05,True,VETUSDT/4h/VETUSDT-4h-2021-05.zip,10347
VETUSDT,4h,2021-06,True,VETUSDT/4h/VETUSDT-4h-2021-06.zip,9549
VETUSDT,4h,2021-07,True,VETUSDT/4h/VETUSDT-4h-2021-07.zip,9592
VETUSDT,4h,2021-08,True,VETUSDT/4h/VETUSDT-4h-2021-08.zip,9810
VETUSDT,4h,2021-09,True,VETUSDT/4h/VETUSDT-4h-2021-09.zip,9472
VETUSDT,4h,2021-10,True,VETUSDT/4h/VETUSDT-4h-2021-10.zip,9752
VETUSDT,4h,2021-11,True,VETUSDT/4h/VETUSDT-4h-2021-11.zip,9572
VETUSDT,4h,2021-12,True,VETUSDT/4h/VETUSDT-4h-2021-12.zip,9662
VETUSDT,4h,2022-01,True,VETUSDT/4h/VETUSDT-4h-2022-01.zip,9761
VETUSDT,4h,2022-02,True,VETUSDT/4h/VETUSDT-4h-2022-02.zip,7851
VETUSDT,4h,2022-03,False,VETUSDT/4h/VETUSDT-4h-2022-03.zip,9581
VETUSDT,4h,2022-04,True,VETUSDT/4h/VETUSDT-4h-2022-04.zip,8796
VETUSDT,4h,2022-05,False,VETUSDT/4h/VETUSDT-4h-2022-05.zip,9662
VETUSDT,4h,2022-06,True,VETUSDT/4h/VETUSDT-4h-2022-06.zip,9228
WAVESUSDT,4h,2020-09,False,WAVESUSDT/4h/WAVESUSDT-4h-2020-09.zip,8956
WAVESUSDT,4h,2020-10,True,WAVESUSDT/4h/WAVESUSDT-4h-2020-10.zip,9205
WAVESUSDT,4h,2020-11,True,WAVESUSDT/4h/WAVESUSDT-4h-2020-11.zip,9116
WAVESUSDT,4h,2020-12,True,WAVESUSDT/4h/WAVESUSDT-4h-2020-12.zip,9441
WAVESUSDT,4h,2021-01,True,WAVESUSDT/4h/WAVESUSDT-4h-2021-01.zip,9440
WAVESUSDT,4h,2021-02,True,WAVESUSDT/4h/WAVESUSDT-4h-2021-02.zip,8667
WAVESUSDT,4h,2021-04,False,WAVESUSDT/4h/WAVESUSDT-4h-2021-04.zip,9453
WAVESUSDT,4h,2021-05,False,WAVESUSDT/4h/WAVESUSDT-4h-2021-05.zip,9692
WAVESUSDT,4h,2021-06,True,WAVESUSDT/4h/WAVESUSDT-4h-2021-06.zip,8985
WAVESUSDT,4h,2021-07,True,WAVESUSDT/4h/WAVESUSDT-4h-2021-07.zip,9094
WAVESUSDT,4h,2022-02,False,WAVESUSDT/4h/WAVESUSDT-4h-2022-02.zip,7567
WAVESUSDT,4h,2022-03,False,WAVESUSDT/4h/WAVESUSDT-4h-2022-03.zip,9808
WAVESUSDT,4h,2022-04,True,WAVESUSDT/4h/WAVESUSDT-4h-2022-04.zip,8914
WAVESUSDT,4h,2022-05,False,WAVESUSDT/4h/WAVESUSDT-4h-2022-05.zip,9645
WAVESUSDT,4h,2022-06,True,WAVESUSDT/4h/WAVESUSDT-4h-2022-06.zip,9454
WAVESUSDT,4h,2022-07,True,WAVESUSDT/4h/WAVESUSDT-4h-2022-07.zip,9285
WAVESUSDT,4h,2022-08,True,WAVESUSDT/4h/WAVESUSDT-4h-2022-08.zip,9260
WAVESUSDT,4h,2022-09,True,WAVESUSDT/4h/WAVESUSDT-4h-2022-09.zip,8784
WAVESUSDT,4h,2022-10,True,WAVESUSDT/4h/WAVESUSDT-4h-2022-10.zip,8935
WAVESUSDT,4h,2022-11,True,WAVESUSDT/4h/WAVESUSDT-4h-2022-11.zip,8767
WAVESUSDT,4h,2022-12,True,WAVESUSDT/4h/WAVESUSDT-4h-2022-12.zip,9379
WAVESUSDT,4h,2023-01,True,WAVESUSDT/4h/WAVESUSDT-4h-2023-01.zip,9665
WAVESUSDT,4h,2023-02,True,WAVESUSDT/4h/WAVESUSDT-4h-2023-02.zip,8713
WAVESUSDT,4h,2023-05,False,WAVESUSDT/4h/WAVESUSDT-4h-2023-05.zip,9405
WAVESUSDT,4h,2023-06,False,WAVESUSDT/4h/WAVESUSDT-4h-2023-06.zip,9236
WAVESUSDT,4h,2023-07,True,WAVESUSDT/4h/WAVESUSDT-4h-2023-07.zip,9690
WAVESUSDT,4h,2023-08,True,WAVESUSDT/4h/WAVESUSDT-4h-2023-08.zip,9393
WIFUSDT,4h,2024-02,False,WIFUSDT/4h/WIFUSDT-4h-2024-02.zip,9616
WLDUSDT,4h,2023-08,False,WLDUSDT/4h/WLDUSDT-4h-2023-08.zip,9575
WLDUSDT,4h,2023-09,True,WLDUSDT/4h/WLDUSDT-4h-2023-09.zip,9488
WLDUSDT,4h,2023-10,True,WLDUSDT/4h/WLDUSDT-4h-2023-10.zip,9591
WLDUSDT,4h,2023-11,True,WLDUSDT/4h/WLDUSDT-4h-2023-11.zip,9333
WLDUSDT,4h,2023-12,True,WLDUSDT/4h/WLDUSDT-4h-2023-12.zip,9644
WLDUSDT,4h,2024-01,True,WLDUSDT/4h/WLDUSDT-4h-2024-01.zip,9467
WLDUSDT,4h,2024-02,False,WLDUSDT/4h/WLDUSDT-4h-2024-02.zip,9232
WOOUSDT,4h,2023-03,False,WOOUSDT/4h/WOOUSDT-4h-2023-03.zip,9346
WOOUSDT,4h,2023-04,False,WOOUSDT/4h/WOOUSDT-4h-2023-04.zip,9262
WOOUSDT,4h,2023-05,True,WOOUSDT/4h/WOOUSDT-4h-2023-05.zip,9479
XAIUSDT,4h,2024-02,False,XAIUSDT/4h/XAIUSDT-4h-2024-02.zip,9089
XEMUSDT,4h,2021-06,False,XEMUSDT/4h/XEMUSDT-4h-2021-06.zip,8214
XEMUSDT,4h,2021-07,False,XEMUSDT/4h/XEMUSDT-4h-2021-07.zip,8562
XEMUSDT,4h,2021-08,True,XEMUSDT/4h/XEMUSDT-4h-2021-08.zip,8579
XLMUSDT,4h,2020-03,True,XLMUSDT/4h/XLMUSDT-4h-2020-03.zip,8752
XLMUSDT,4h,2020-04,True,XLMUSDT/4h/XLMUSDT-4h-2020-04.zip,8523
XLMUSDT,4h,2020-05,True,XLMUSDT/4h/XLMUSDT-4h-2020-05.zip,8846
XLMUSDT,4h,2020-06,True,XLMUSDT/4h/XLMUSDT-4h-2020-06.zip,8580
XLMUSDT,4h,2020-07,True,XLMUSDT/4h/XLMUSDT-4h-2020-07.zip,9202
XLMUSDT,4h,2020-08,True,XLMUSDT/4h/XLMUSDT-4h-2020-08.zip,9131
XLMUSDT,4h,2020-09,True,XLMUSDT/4h/XLMUSDT-4h-2020-09.zip,8671
XLMUSDT,4h,2020-10,True,XLMUSDT/4h/XLMUSDT-4h-2020-10.zip,8886
XLMUSDT,4h,2020-11,True,XLMUSDT/4h/XLMUSDT-4h-2020-11.zip,9031
XLMUSDT,4h,2020-12,True,XLMUSDT/4h/XLMUSDT-4h-2020-12.zip,9535
XLMUSDT,4h,2021-01,True,XLMUSDT/4h/XLMUSDT-4h-2021-01.zip,9751
XLMUSDT,4h,2021-02,True,XLMUSDT/4h/XLMUSDT-4h-2021-02.zip,8955
XLMUSDT,4h,2021-03,True,XLMUSDT/4h/XLMUSDT-4h-2021-03.zip,9531
XLMUSDT,4h,2021-04,True,XLMUSDT/4h/XLMUSDT-4h-2021-04.zip,9608
XLMUSDT,4h,2021-05,True,XLMUSDT/4h/XLMUSDT-4h-2021-05.zip,9998
XLMUSDT,4h,2021-06,True,XLMUSDT/4h/XLMUSDT-4h-2021-06.zip,9349
XLMUSDT,4h,2021-07,True,XLMUSDT/4h/XLMUSDT-4h-2021-07.zip,9491
XLMUSDT,4h,2021-08,True,XLMUSDT/4h/XLMUSDT-4h-2021-08.zip,9626
XLMUSDT,4h,2021-09,True,XLMUSDT/4h/XLMUSDT-4h-2021-09.zip,9287
XLMUSDT,4h,2021-10,True,XLMUSDT/4h/XLMUSDT-4h-2021-10.zip,9652
XLMUSDT,4h,2021-11,True,XLMUSDT/4h/XLMUSDT-4h-2021-11.zip,9256
XLMUSDT,4h,2021-12,False,XLMUSDT/4h/XLMUSDT-4h-2021-12.zip,9550
XLMUSDT,4h,2022-01,True,XLMUSDT/4h/XLMUSDT-4h-2022-01.zip,9633
XLMUSDT,4h,2022-02,True,XLMUSDT/4h/XLMUSDT-4h-2022-02.zip,7749
XLMUSDT,4h,2022-08,False,XLMUSDT/4h/XLMUSDT-4h-2022-08.zip,9267
XLMUSDT,4h,2022-09,False,XLMUSDT/4h/XLMUSDT-4h-2022-09.zip,9051
XLMUSDT,4h,2022-10,True,XLMUSDT/4h/XLMUSDT-4h-2022-10.zip,9363
XLMUSDT,4h,2022-11,True,XLMUSDT/4h/XLMUSDT-4h-2022-11.zip,9030
XLMUSDT,4h,2023-06,False,XLMUSDT/4h/XLMUSDT-4h-2023-06.zip,8967
XLMUSDT,4h,2023-07,False,XLMUSDT/4h/XLMUSDT-4h-2023-07.zip,9705
XLMUSDT,4h,2023-08,True,XLMUSDT/4h/XLMUSDT-4h-2023-08.zip,9506
XLMUSDT,4h,2023-09,True,XLMUSDT/4h/XLMUSDT-4h-2023-09.zip,9099
XLMUSDT,4h,2023-10,True,XLMUSDT/4h/XLMUSDT-4h-2023-10.zip,9171
XMRUSDT,4h,2020-03,False,XMRUSDT/4h/XMRUSDT-4h-2020-03.zip,8908
XMRUSDT,4h,2020-04,True,XMRUSDT/4h/XMRUSDT-4h-2020-04.zip,8523
XMRUSDT,4h,2020-05,True,XMRUSDT/4h/XMRUSDT-4h-2020-05.zip,8740
XMRUSDT,4h,2020-06,True,XMRUSDT/4h/XMRUSDT-4h-2020-06.zip,8247
XMRUSDT,4h,2020-07,True,XMRUSDT/4h/XMRUSDT-4h-2020-07.zip,8785
XMRUSDT,4h,2020-08,True,XMRUSDT/4h/XMRUSDT-4h-2020-08.zip,8965
XMRUSDT,4h,2020-09,True,XMRUSDT/4h/XMRUSDT-4h-2020-09.zip,8733
XMRUSDT,4h,2020-10,True,XMRUSDT/4h/XMRUSDT-4h-2020-10.zip,9314
XMRUSDT,4h,2020-11,True,XMRUSDT/4h/XMRUSDT-4h-2020-11.zip,8935
XMRUSDT,4h,2020-12,True,XMRUSDT/4h/XMRUSDT-4h-2020-12.zip,9228
XMRUSDT,4h,2021-01,True,XMRUSDT/4h/XMRUSDT-4h-2021-01.zip,9465
XMRUSDT,4h,2021-02,True,XMRUSDT/4h/XMRUSDT-4h-2021-02.zip,8705
XMRUSDT,4h,2021-03,True,XMRUSDT/4h/XMRUSDT-4h-2021-03.zip,9313
XMRUSDT,4h,2021-04,False,XMRUSDT/4h/XMRUSDT-4h-2021-04.zip,9358
XMRUSDT,4h,2021-05,True,XMRUSDT/4h/XMRUSDT-4h-2021-05.zip,9763
XMRUSDT,4h,2021-06,True,XMRUSDT/4h/XMRUSDT-4h-2021-06.zip,9265
XMRUSDT,4h,2021-07,True,XMRUSDT/4h/XMRUSDT-4h-2021-07.zip,9367
XMRUSDT,4h,2022-01,False,XMRUSDT/4h/XMRUSDT-4h-2022-01.zip,9637
XMRUSDT,4h,2022-02,False,XMRUSDT/4h/XMRUSDT-4h-2022-02.zip,8600
XMRUSDT,4h,2022-03,True,XMRUSDT/4h/XMRUSDT-4h-2022-03.zip,9627
XMRUSDT,4h,2022-04,False,XMRUSDT/4h/XMRUSDT-4h-2022-04.zip,9486
XMRUSDT,4h,2022-05,True,XMRUSDT/4h/XMRUSDT-4h-2022-05.zip,9841
XMRUSDT,4h,2022-06,True,XMRUSDT/4h/XMRUSDT-4h-2022-06.zip,9366
XMRUSDT,4h,2022-11,False,XMRUSDT/4h/XMRUSDT-4h-2022-11.zip,9096
XMRUSDT,4h,2022-12,False,XMRUSDT/4h/XMRUSDT-4h-2022-12.zip,9248
XMRUSDT,4h,2023-01,True,XMRUSDT/4h/XMRUSDT-4h-2023-01.zip,9443
XRPUSDT,4h,2020-03,True,XRPUSDT/4h/XRPUSDT-4h-2020-03.zip,9146
XRPUSDT,4h,2020-04,True,XRPUSDT/4h/XRPUSDT-4h-2020-04.zip,8676
XRPUSDT,4h,2020-05,True,XRPUSDT/4h/XRPUSDT-4h-2020-05.zip,8960
XRPUSDT,4h,2020-06,True,XRPUSDT/4h/XRPUSDT-4h-2020-06.zip,8625
XRPUSDT,4h,2020-07,True,XRPUSDT/4h/XRPUSDT-4h-2020-07.zip,9167
XRPUSDT,4h,2020-08,True,XRPUSDT/4h/XRPUSDT-4h-2020-08.zip,9415
XRPUSDT,4h,2020-09,True,XRPUSDT/4h/XRPUSDT-4h-2020-09.zip,8882
XRPUSDT,4h,2020-10,True,XRPUSDT/4h/XRPUSDT-4h-2020-10.zip,9117
XRPUSDT,4h,2020-11,True,XRPUSDT/4h/XRPUSDT-4h-2020-11.zip,9405
XRPUSDT,4h,2020-12,True,XRPUSDT/4h/XRPUSDT-4h-2020-12.zip,10146
XRPUSDT,4h,2021-01,True,XRPUSDT/4h/XRPUSDT-4h-2021-01.zip,9858
XRPUSDT,4h,2021-02,True,XRPUSDT/4h/XRPUSDT-4h-2021-02.zip,9135
XRPUSDT,4h,2021-03,True,XRPUSDT/4h/XRPUSDT-4h-2021-03.zip,9803
XRPUSDT,4h,2021-04,True,XRPUSDT/4h/XRPUSDT-4h-2021-04.zip,10094
XRPUSDT,4h,2021-05,True,XRPUSDT/4h/XRPUSDT-4h-2021-05.zip,10313
XRPUSDT,4h,2021-06,True,XRPUSDT/4h/XRPUSDT-4h-2021-06.zip,9783
XRPUSDT,4h,2021-07,True,XRPUSDT/4h/XRPUSDT-4h-2021-07.zip,9918
XRPUSDT,4h,2021-08,True,XRPUSDT/4h/XRPUSDT-4h-2021-08.zip,10214
XRPUSDT,4h,2021-09,True,XRPUSDT/4h/XRPUSDT-4h-2021-09.zip,9735
XRPUSDT,4h,2021-10,True,XRPUSDT/4h/XRPUSDT-4h-2021-10.zip,9935
XRPUSDT,4h,2021-11,True,XRPUSDT/4h/XRPUSDT-4h-2021-11.zip,9649
XRPUSDT,4h,2021-12,True,XRPUSDT/4h/XRPUSDT-4h-2021-12.zip,9922
XRPUSDT,4h,2022-01,True,XRPUSDT/4h/XRPUSDT-4h-2022-01.zip,9867
XRPUSDT,4h,2022-02,True,XRPUSDT/4h/XRPUSDT-4h-2022-02.zip,8193
XRPUSDT,4h,2022-03,False,XRPUSDT/4h/XRPUSDT-4h-2022-03.zip,9829
XRPUSDT,4h,2022-04,True,XRPUSDT/4h/XRPUSDT-4h-2022-04.zip,8985
XRPUSDT,4h,2022-05,False,XRPUSDT/4h/XRPUSDT-4h-2022-05.zip,9940
XRPUSDT,4h,2022-06,True,XRPUSDT/4h/XRPUSDT-4h-2022-06.zip,9451
XRPUSDT,4h,2022-07,True,XRPUSDT/4h/XRPUSDT-4h-2022-07.zip,9699
XRPUSDT,4h,2022-08,True,XRPUSDT/4h/XRPUSDT-4h-2022-08.zip,9583
XRPUSDT,4h,2022-09,True,XRPUSDT/4h/XRPUSDT-4h-2022-09.zip,9694
XRPUSDT,4h,2022-10,True,XRPUSDT/4h/XRPUSDT-4h-2022-10.zip,10015
XRPUSDT,4h,2022-11,True,XRPUSDT/4h/XRPUSDT-4h-2022-11.zip,9689
XRPUSDT,4h,2022-12,True,XRPUSDT/4h/XRPUSDT-4h-2022-12.zip,9648
XRPUSDT,4h,2023-01,True,XRPUSDT/4h/XRPUSDT-4h-2023-01.zip,9833
XRPUSDT,4h,2023-02,True,XRPUSDT/4h/XRPUSDT-4h-2023-02.zip,8789
XRPUSDT,4h,2023-03,True,XRPUSDT/4h/XRPUSDT-4h-2023-03.zip,10012
XRPUSDT,4h,2023-04,True,XRPUSDT/4h/XRPUSDT-4h-2023-04.zip,9515
XRPUSDT,4h,2023-05,True,XRPUSDT/4h/XRPUSDT-4h-2023-05.zip,9769
XRPUSDT,4h,2023-06,True,XRPUSDT/4h/XRPUSDT-4h-2023-06.zip,9583
XRPUSDT,4h,2023-07,True,XRPUSDT/4h/XRPUSDT-4h-2023-07.zip,9989
XRPUSDT,4h,2023-08,True,XRPUSDT/4h/XRPUSDT-4h-2023-08.zip,9925
XRPUSDT,4h,2023-09,True,XRPUSDT/4h/XRPUSDT-4h-2023-09.zip,9349
XRPUSDT,4h,2023-10,True,XRPUSDT/4h/XRPUSDT-4h-2023-10.zip,9756
XRPUSDT,4h,2023-11,True,XRPUSDT/4h/XRPUSDT-4h-2023-11.zip,9585
XRPUSDT,4h,2023-12,True,XRPUSDT/4h/XRPUSDT-4h-2023-12.zip,9785
XRPUSDT,4h,2024-01,True,XRPUSDT/4h/XRPUSDT-4h-2024-01.zip,9780
XRPUSDT,4h,2024-02,True,XRPUSDT/4h/XRPUSDT-4h-2024-02.zip,9184
XTZUSDT,4h,2020-03,False,XTZUSDT/4h/XTZUSDT-4h-2020-03.zip,8747
XTZUSDT,4h,2020-04,True,XTZUSDT/4h/XTZUSDT-4h-2020-04.zip,8433
XTZUSDT,4h,2020-05,True,XTZUSDT/4h/XTZUSDT-4h-2020-05.zip,8561
XTZUSDT,4h,2020-06,True,XTZUSDT/4h/XTZUSDT-4h-2020-06.zip,8254
XTZUSDT,4h,2020-07,True,XTZUSDT/4h/XTZUSDT-4h-2020-07.zip,8820
XTZUSDT,4h,2020-08,True,XTZUSDT/4h/XTZUSDT-4h-2020-08.zip,8995
XTZUSDT,4h,2020-09,True,XTZUSDT/4h/XTZUSDT-4h-2020-09.zip,8410
XTZUSDT,4h,2020-10,True,XTZUSDT/4h/XTZUSDT-4h-2020-10.zip,8421
XTZUSDT,4h,2020-11,True,XTZUSDT/4h/XTZUSDT-4h-2020-11.zip,8332
XTZUSDT,4h,2020-12,True,XTZUSDT/4h/XTZUSDT-4h-2020-12.zip,8511
XTZUSDT,4h,2021-01,True,XTZUSDT/4h/XTZUSDT-4h-2021-01.zip,8930
XTZUSDT,4h,2021-02,True,XTZUSDT/4h/XTZUSDT-4h-2021-02.zip,8213
XTZUSDT,4h,2021-03,True,XTZUSDT/4h/XTZUSDT-4h-2021-03.zip,8858
XTZUSDT,4h,2021-04,True,XTZUSDT/4h/XTZUSDT-4h-2021-04.zip,8820
XTZUSDT,4h,2021-05,True,XTZUSDT/4h/XTZUSDT-4h-2021-05.zip,9147
XTZUSDT,4h,2021-06,True,XTZUSDT/4h/XTZUSDT-4h-2021-06.zip,8605
XTZUSDT,4h,2021-07,True,XTZUSDT/4h/XTZUSDT-4h-2021-07.zip,8725
XTZUSDT,4h,2021-08,False,XTZUSDT/4h/XTZUSDT-4h-2021-08.zip,9018
XTZUSDT,4h,2021-09,True,XTZUSDT/4h/XTZUSDT-4h-2021-09.zip,9021
XTZUSDT,4h,2021-10,True,XTZUSDT/4h/XTZUSDT-4h-2021-10.zip,9197
XTZUSDT,4h,2021-11,True,XTZUSDT/4h/XTZUSDT-4h-2021-11.zip,8695
XTZUSDT,4h,2021-12,False,XTZUSDT/4h/XTZUSDT-4h-2021-12.zip,9120
XTZUSDT,4h,2022-01,True,XTZUSDT/4h/XTZUSDT-4h-2022-01.zip,9150
XTZUSDT,4h,2022-02,True,XTZUSDT/4h/XTZUSDT-4h-2022-02.zip,8345
XTZUSDT,4h,2022-03,True,XTZUSDT/4h/XTZUSDT-4h-2022-03.zip,8948
XTZUSDT,4h,2022-04,False,XTZUSDT/4h/XTZUSDT-4h-2022-04.zip,8670
XTZUSDT,4h,2022-05,True,XTZUSDT/4h/XTZUSDT-4h-2022-05.zip,9033
XTZUSDT,4h,2022-06,False,XTZUSDT/4h/XTZUSDT-4h-2022-06.zip,8693
XTZUSDT,4h,2022-07,True,XTZUSDT/4h/XTZUSDT-4h-2022-07.zip,8816
YFIIUSDT,4h,2020-10,False,YFIIUSDT/4h/YFIIUSDT-4h-2020-10.zip,9330
YFIIUSDT,4h,2020-11,True,YFIIUSDT/4h/YFIIUSDT-4h-2020-11.zip,9019
YFIIUSDT,4h,2020-12,True,YFIIUSDT/4h/YFIIUSDT-4h-2020-12.zip,8919
YFIIUSDT,4h,2021-01,True,YFIIUSDT/4h/YFIIUSDT-4h-2021-01.zip,9024
YFIIUSDT,4h,2021-02,True,YFIIUSDT/4h/YFIIUSDT-4h-2021-02.zip,8286
YFIUSDT,4h,2020-09,False,YFIUSDT/4h/YFIUSDT-4h-2020-09.zip,9258
YFIUSDT,4h,2020-10,True,YFIUSDT/4h/YFIUSDT-4h-2020-10.zip,9521
YFIUSDT,4h,2020-11,True,YFIUSDT/4h/YFIUSDT-4h-2020-11.zip,9419
YFIUSDT,4h,2020-12,True,YFIUSDT/4h/YFIUSDT-4h-2020-12.zip,9540
YFIUSDT,4h,2021-01,True,YFIUSDT/4h/YFIUSDT-4h-2021-01.zip,9625
YFIUSDT,4h,2021-02,True,YFIUSDT/4h/YFIUSDT-4h-2021-02.zip,8677
YFIUSDT,4h,2021-03,True,YFIUSDT/4h/YFIUSDT-4h-2021-03.zip,9395
YFIUSDT,4h,2021-04,True,YFIUSDT/4h/YFIUSDT-4h-2021-04.zip,9251
YFIUSDT,4h,2021-05,True,YFIUSDT/4h/YFIUSDT-4h-2021-05.zip,9731
YFIUSDT,4h,2021-06,True,YFIUSDT/4h/YFIUSDT-4h-2021-06.zip,8785
YFIUSDT,4h,2021-07,True,YFIUSDT/4h/YFIUSDT-4h-2021-07.zip,8853
YFIUSDT,4h,2021-11,False,YFIUSDT/4h/YFIUSDT-4h-2021-11.zip,8364
YFIUSDT,4h,2021-12,False,YFIUSDT/4h/YFIUSDT-4h-2021-12.zip,8976
YFIUSDT,4h,2022-01,True,YFIUSDT/4h/YFIUSDT-4h-2022-01.zip,9091
YFIUSDT,4h,2022-02,True,YFIUSDT/4h/YFIUSDT-4h-2022-02.zip,7147
YFIUSDT,4h,2022-06,False,YFIUSDT/4h/YFIUSDT-4h-2022-06.zip,8515
YFIUSDT,4h,2022-07,False,YFIUSDT/4h/YFIUSDT-4h-2022-07.zip,8787
YFIUSDT,4h,2022-08,True,YFIUSDT/4h/YFIUSDT-4h-2022-08.zip,8774
YFIUSDT,4h,2022-09,True,YFIUSDT/4h/YFIUSDT-4h-2022-09.zip,8423
YFIUSDT,4h,2022-10,True,YFIUSDT/4h/YFIUSDT-4h-2022-10.zip,8365
YFIUSDT,4h,2023-02,False,YFIUSDT/4h/YFIUSDT-4h-2023-02.zip,7892
YFIUSDT,4h,2023-03,False,YFIUSDT/4h/YFIUSDT-4h-2023-03.zip,8871
YFIUSDT,4h,2023-04,True,YFIUSDT/4h/YFIUSDT-4h-2023-04.zip,8243
YFIUSDT,4h,2023-10,False,YFIUSDT/4h/YFIUSDT-4h-2023-10.zip,8038
YFIUSDT,4h,2023-11,False,YFIUSDT/4h/YFIUSDT-4h-2023-11.zip,8408
YFIUSDT,4h,2023-12,True,YFIUSDT/4h/YFIUSDT-4h-2023-12.zip,8445
YGGUSDT,4h,2024-02,False,YGGUSDT/4h/YGGUSDT-4h-2024-02.zip,8448
ZECUSDT,4h,2020-03,False,ZECUSDT/4h/ZECUSDT-4h-2020-03.zip,8834
ZECUSDT,4h,2020-04,True,ZECUSDT/4h/ZECUSDT-4h-2020-04.zip,8554
ZECUSDT,4h,2020-05,True,ZECUSDT/4h/ZECUSDT-4h-2020-05.zip,8780
ZECUSDT,4h,2020-06,True,ZECUSDT/4h/ZECUSDT-4h-2020-06.zip,8470
ZECUSDT,4h,2020-07,True,ZECUSDT/4h/ZECUSDT-4h-2020-07.zip,8950
ZECUSDT,4h,2020-08,True,ZECUSDT/4h/ZECUSDT-4h-2020-08.zip,9231
ZECUSDT,4h,2020-09,True,ZECUSDT/4h/ZECUSDT-4h-2020-09.zip,8789
ZECUSDT,4h,2020-10,True,ZECUSDT/4h/ZECUSDT-4h-2020-10.zip,9092
ZECUSDT,4h,2020-11,True,ZECUSDT/4h/ZECUSDT-4h-2020-11.zip,8905
ZECUSDT,4h,2020-12,True,ZECUSDT/4h/ZECUSDT-4h-2020-12.zip,9093
ZECUSDT,4h,2021-01,True,ZECUSDT/4h/ZECUSDT-4h-2021-01.zip,9443
ZECUSDT,4h,2021-02,True,ZECUSDT/4h/ZECUSDT-4h-2021-02.zip,8692
ZECUSDT,4h,2021-03,True,ZECUSDT/4h/ZECUSDT-4h-2021-03.zip,9494
ZECUSDT,4h,2021-04,False,ZECUSDT/4h/ZECUSDT-4h-2021-04.zip,9419
ZECUSDT,4h,2021-05,True,ZECUSDT/4h/ZECUSDT-4h-2021-05.zip,9897
ZECUSDT,4h,2021-06,True,ZECUSDT/4h/ZECUSDT-4h-2021-06.zip,9242
ZECUSDT,4h,2021-07,True,ZECUSDT/4h/ZECUSDT-4h-2021-07.zip,9297
ZECUSDT,4h,2021-10,False,ZECUSDT/4h/ZECUSDT-4h-2021-10.zip,9517
ZECUSDT,4h,2021-11,False,ZECUSDT/4h/ZECUSDT-4h-2021-11.zip,9477
ZECUSDT,4h,2021-12,True,ZECUSDT/4h/ZECUSDT-4h-2021-12.zip,9652
ZECUSDT,4h,2022-01,True,ZECUSDT/4h/ZECUSDT-4h-2022-01.zip,9620
ZECUSDT,4h,2022-02,False,ZECUSDT/4h/ZECUSDT-4h-2022-02.zip,7842
ZECUSDT,4h,2022-03,False,ZECUSDT/4h/ZECUSDT-4h-2022-03.zip,9777
ZECUSDT,4h,2022-04,True,ZECUSDT/4h/ZECUSDT-4h-2022-04.zip,8860
ZECUSDT,4h,2022-05,False,ZECUSDT/4h/ZECUSDT-4h-2022-05.zip,9737
ZECUSDT,4h,2022-06,True,ZECUSDT/4h/ZECUSDT-4h-2022-06.zip,9182
ZECUSDT,4h,2022-07,False,ZECUSDT/4h/ZECUSDT-4h-2022-07.zip,9356
ZECUSDT,4h,2022-08,False,ZECUSDT/4h/ZECUSDT-4h-2022-08.zip,9451
ZECUSDT,4h,2022-09,True,ZECUSDT/4h/ZECUSDT-4h-2022-09.zip,8997
ZENUSDT,4h,2020-12,False,ZENUSDT/4h/ZENUSDT-4h-2020-12.zip,8589
ZENUSDT,4h,2021-01,False,ZENUSDT/4h/ZENUSDT-4h-2021-01.zip,8912
ZENUSDT,4h,2021-02,True,ZENUSDT/4h/ZENUSDT-4h-2021-02.zip,8157
ZILUSDT,4h,2020-07,False,ZILUSDT/4h/ZILUSDT-4h-2020-07.zip,8686
ZILUSDT,4h,2020-08,True,ZILUSDT/4h/ZILUSDT-4h-2020-08.zip,8896
ZILUSDT,4h,2020-09,True,ZILUSDT/4h/ZILUSDT-4h-2020-09.zip,8411
ZILUSDT,4h,2020-10,True,ZILUSDT/4h/ZILUSDT-4h-2020-10.zip,8659
ZILUSDT,4h,2020-11,True,ZILUSDT/4h/ZILUSDT-4h-2020-11.zip,8595
ZILUSDT,4h,2020-12,True,ZILUSDT/4h/ZILUSDT-4h-2020-12.zip,9351
ZILUSDT,4h,2021-01,True,ZILUSDT/4h/ZILUSDT-4h-2021-01.zip,9264
ZILUSDT,4h,2021-02,True,ZILUSDT/4h/ZILUSDT-4h-2021-02.zip,8559
ZILUSDT,4h,2021-03,False,ZILUSDT/4h/ZILUSDT-4h-2021-03.zip,9424
ZILUSDT,4h,2021-04,True,ZILUSDT/4h/ZILUSDT-4h-2021-04.zip,9218
ZILUSDT,4h,2022-02,False,ZILUSDT/4h/ZILUSDT-4h-2022-02.zip,7527
ZILUSDT,4h,2022-03,False,ZILUSDT/4h/ZILUSDT-4h-2022-03.zip,9307
ZILUSDT,4h,2022-04,True,ZILUSDT/4h/ZILUSDT-4h-2022-04.zip,9146
ZILUSDT,4h,2022-05,False,ZILUSDT/4h/ZILUSDT-4h-2022-05.zip,9921
ZILUSDT,4h,2022-06,True,ZILUSDT/4h/ZILUSDT-4h-2022-06.zip,9310
ZILUSDT,4h,2022-07,True,ZILUSDT/4h/ZILUSDT-4h-2022-07.zip,9333
ZILUSDT,4h,2022-12,False,ZILUSDT/4h/ZILUSDT-4h-2022-12.zip,8776
ZILUSDT,4h,2023-01,False,ZILUSDT/4h/ZILUSDT-4h-2023-01.zip,9269
ZILUSDT,4h,2023-02,True,ZILUSDT/4h/ZILUSDT-4h-2023-02.zip,8465
ZILUSDT,4h,2023-03,False,ZILUSDT/4h/ZILUSDT-4h-2023-03.zip,9161
ZILUSDT,4h,2023-04,False,ZILUSDT/4h/ZILUSDT-4h-2023-04.zip,8995
ZILUSDT,4h,2023-05,True,ZILUSDT/4h/ZILUSDT-4h-2023-05.zip,8979
ZRXUSDT,4h,2020-07,False,ZRXUSDT/4h/ZRXUSDT-4h-2020-07.zip,8823
ZRXUSDT,4h,2020-08,True,ZRXUSDT/4h/ZRXUSDT-4h-2020-08.zip,9219
ZRXUSDT,4h,2020-09,True,ZRXUSDT/4h/ZRXUSDT-4h-2020-09.zip,8684
ZRXUSDT,4h,2020-10,True,ZRXUSDT/4h/ZRXUSDT-4h-2020-10.zip,8643
ZRXUSDT,4h,2021-01,False,ZRXUSDT/4h/ZRXUSDT-4h-2021-01.zip,9200
ZRXUSDT,4h,2021-02,False,ZRXUSDT/4h/ZRXUSDT-4h-2021-02.zip,8630
ZRXUSDT,4h,2021-03,True,ZRXUSDT/4h/ZRXUSDT-4h-2021-03.zip,9301
ZRXUSDT,4h,2022-03,False,ZRXUSDT/4h/ZRXUSDT-4h-2022-03.zip,9272
ZRXUSDT,4h,2022-04,False,ZRXUSDT/4h/ZRXUSDT-4h-2022-04.zip,9305
ZRXUSDT,4h,2022-05,True,ZRXUSDT/4h/ZRXUSDT-4h-2022-05.zip,9607
ZRXUSDT,4h,2023-03,False,ZRXUSDT/4h/ZRXUSDT-4h-2023-03.zip,9204
ZRXUSDT,4h,2023-04,False,ZRXUSDT/4h/ZRXUSDT-4h-2023-04.zip,9078
ZRXUSDT,4h,2023-05,True,ZRXUSDT/4h/ZRXUSDT-4h-2023-05.zip,8832
ZRXUSDT,4h,2023-09,False,ZRXUSDT/4h/ZRXUSDT-4h-2023-09.zip,8577
ZRXUSDT,4h,2023-10,False,ZRXUSDT/4h/ZRXUSDT-4h-2023-10.zip,9320
ZRXUSDT,4h,2023-11,True,ZRXUSDT/4h/ZRXUSDT-4h-2023-11.zip,9300
ZRXUSDT,4h,2023-12,True,ZRXUSDT/4h/ZRXUSDT-4h-2023-12.zip,9206
ZRXUSDT,4h,2024-02,False,ZRXUSDT/4h/ZRXUSDT-4h-2024-02.zip,8512
