market,symbol,archive_month,archive_url,row_count,first_timestamp,last_timestamp,published_sha256,computed_sha256,object_size,object_last_modified,object_etag,downloaded_at,integrity_status,issue_codes
spot,BTCUSDT,2017-08,https://data.binance.vision/data/spot/monthly/klines/BTCUSDT/15m/BTCUSDT-15m-2017-08.zip,1424,2017-08-17T04:00:00+00:00,2017-08-31T23:45:00+00:00,119638682394012f715cccec421effeddf321dfd497cdace16fb6745f63716d1,119638682394012f715cccec421effeddf321dfd497cdace16fb6745f63716d1,75753,2021-06-22T11:33:48.000Z,"""e8063855aed396bc5c5380811ac386cb""",2026-08-21T06:05:02.197531+00:00,PASS,
spot,BTCUSDT,2017-09,https://data.binance.vision/data/spot/monthly/klines/BTCUSDT/15m/BTCUSDT-15m-2017-09.zip,2852,2017-09-01T00:00:00+00:00,2017-09-30T23:45:00+00:00,3f2aef6a924c4a5c392e632ddd86789a1dacebf96b4f66ed51762b8bcd46693f,3f2aef6a924c4a5c392e632ddd86789a1dacebf96b4f66ed51762b8bcd46693f,157968,2021-06-22T11:33:48.000Z,"""c3b5d32c018dd32bd218704873f4ef9e""",2026-08-21T06:05:02.243296+00:00,ISSUES,MISSING_INTERVAL
spot,BTCUSDT,2017-10,https://data.binance.vision/data/spot/monthly/klines/BTCUSDT/15m/BTCUSDT-15m-2017-10.zip,2976,2017-10-01T00:00:00+00:00,2017-10-31T23:45:00+00:00,f44f3a8ba520a4d9badfb8baf5057ca8dc39bb352be20e5d47074ff43a05e612,f44f3a8ba520a4d9badfb8baf5057ca8dc39bb352be20e5d47074ff43a05e612,166875,2021-06-22T11:33:48.000Z,"""4060e50e08bd5a7d87c6b5361ec72656""",2026-08-21T06:05:02.499750+00:00,PASS,
spot,BTCUSDT,2017-11,https://data.binance.vision/data/spot/monthly/klines/BTCUSDT/15m/BTCUSDT-15m-2017-11.zip,2880,2017-11-01T00:00:00+00:00,2017-11-30T23:45:00+00:00,e381bb68b9a1b5f51399bcce2300cf1ddd48929d16946334db958b6befb6e2e1,e381bb68b9a1b5f51399bcce2300cf1ddd48929d16946334db958b6befb6e2e1,169779,2021-06-22T11:33:48.000Z,"""150231ac7b0bb219556e670739c94875""",2026-08-21T06:05:02.674651+00:00,PASS,
spot,BTCUSDT,2017-12,https://data.binance.vision/data/spot/monthly/klines/BTCUSDT/15m/BTCUSDT-15m-2017-12.zip,2972,2017-12-01T00:00:00+00:00,2017-12-31T23:45:00+00:00,a737d013096403196346f6297fe21fce7e3e8f7b6366e517535d9835eeb2fdf4,a737d013096403196346f6297fe21fce7e3e8f7b6366e517535d9835eeb2fdf4,174601,2021-06-22T11:33:48.000Z,"""e459576d1fcb7a8b9e319df77ed6b0cd""",2026-08-21T06:05:02.820515+00:00,ISSUES,MISSING_INTERVAL
spot,BTCUSDT,2018-01,https://data.binance.vision/data/spot/monthly/klines/BTCUSDT/15m/BTCUSDT-15m-2018-01.zip,2969,2018-01-01T00:00:00+00:00,2018-01-31T23:45:00+00:00,26a667bcead0cee1b67262fab643b792675da828157c048f0ab2a55b7a0c647c,26a667bcead0cee1b67262fab643b792675da828157c048f0ab2a55b7a0c647c,163482,2021-06-22T11:33:48.000Z,"""029224f3c712cfdaa7fe0e6d6e872185""",2026-08-21T06:05:03.017032+00:00,ISSUES,MISSING_INTERVAL
spot,BTCUSDT,2018-02,https://data.binance.vision/data/spot/monthly/klines/BTCUSDT/15m/BTCUSDT-15m-2018-02.zip,2553,2018-02-01T00:00:00+00:00,2018-02-28T23:45:00+00:00,9b7f75cef2aefea621bfedb0f136f15fc60aed5e6f4da1c521765a4c267123e0,9b7f75cef2aefea621bfedb0f136f15fc60aed5e6f4da1c521765a4c267123e0,141728,2021-06-22T11:33:48.000Z,"""61687451cd58cfc58e82d0f064439241""",2026-08-21T06:05:03.121448+00:00,ISSUES,MISSING_INTERVAL;IRREGULAR_INTERVAL
spot,BTCUSDT,2018-03,https://data.binance.vision/data/spot/monthly/klines/BTCUSDT/15m/BTCUSDT-15m-2018-03.zip,2976,2018-03-01T00:00:00+00:00,2018-03-31T23:45:00+00:00,52982e2c0ceb520365cf320c631fd0603aff6d0b0b0a81d06e2c23f5a81e8be2,52982e2c0ceb520365cf320c631fd0603aff6d0b0b0a81d06e2c23f5a81e8be2,162923,2021-06-22T11:33:48.000Z,"""5194e8a2e2f6f5b2fe1289e3f05573f5""",2026-08-21T06:05:03.405992+00:00,PASS,
spot,BTCUSDT,2018-04,https://data.binance.vision/data/spot/monthly/klines/BTCUSDT/15m/BTCUSDT-15m-2018-04.zip,2880,2018-04-01T00:00:00+00:00,2018-04-30T23:45:00+00:00,d8ca1f9035eb38d4dcc0d3090217b91469a7759b971fe358b2ee94f0f9efe8c8,d8ca1f9035eb38d4dcc0d3090217b91469a7759b971fe358b2ee94f0f9efe8c8,156109,2021-06-22T11:33:48.000Z,"""1640c952685f8fe7e103a792f36439c5""",2026-08-21T06:05:03.392994+00:00,PASS,
spot,BTCUSDT,2018-05,https://data.binance.vision/data/spot/monthly/klines/BTCUSDT/15m/BTCUSDT-15m-2018-05.zip,2976,2018-05-01T00:00:00+00:00,2018-05-31T23:45:00+00:00,64f1de1e421254e6c797ccd922c83a797fdfa0ff54211216cbe0f1c00c4d2f75,64f1de1e421254e6c797ccd922c83a797fdfa0ff54211216cbe0f1c00c4d2f75,161391,2021-06-22T11:33:48.000Z,"""c94d60b78895a362db4b81a72dc7a238""",2026-08-21T06:05:03.752921+00:00,PASS,
spot,BTCUSDT,2018-06,https://data.binance.vision/data/spot/monthly/klines/BTCUSDT/15m/BTCUSDT-15m-2018-06.zip,2833,2018-06-01T00:00:00+00:00,2018-06-30T23:45:00+00:00,a80442581d5ac478c283158bc754b62c90cb45bac2081126b2a5f3400ddd74bc,a80442581d5ac478c283158bc754b62c90cb45bac2081126b2a5f3400ddd74bc,153423,2021-06-22T11:33:48.000Z,"""b7863f956760136ba8614c1e7ecf7621""",2026-08-21T06:05:03.685710+00:00,ISSUES,MISSING_INTERVAL
spot,BTCUSDT,2018-07,https://data.binance.vision/data/spot/monthly/klines/BTCUSDT/15m/BTCUSDT-15m-2018-07.zip,2946,2018-07-01T00:00:00+00:00,2018-07-31T23:45:00+00:00,51f265dad76b5d1223495a7d7516f8f4aef989b9804c883a48927ae507786aef,51f265dad76b5d1223495a7d7516f8f4aef989b9804c883a48927ae507786aef,159457,2021-06-22T11:33:49.000Z,"""8b17f0125073cce4c317a5872cd56ba0""",2026-08-21T06:05:04.020487+00:00,ISSUES,MISSING_INTERVAL
spot,BTCUSDT,2018-08,https://data.binance.vision/data/spot/monthly/klines/BTCUSDT/15m/BTCUSDT-15m-2018-08.zip,2976,2018-08-01T00:00:00+00:00,2018-08-31T23:45:00+00:00,b140dbc7b630a466d962c11f192975b1f274f650a6e55ddeea8d9874fcd8add0,b140dbc7b630a466d962c11f192975b1f274f650a6e55ddeea8d9874fcd8add0,162576,2021-06-22T11:33:49.000Z,"""d8e8db91b5a1aa62cdda0a73b2e861a0""",2026-08-21T06:05:04.223050+00:00,PASS,
spot,BTCUSDT,2018-09,https://data.binance.vision/data/spot/monthly/klines/BTCUSDT/15m/BTCUSDT-15m-2018-09.zip,2880,2018-09-01T00:00:00+00:00,2018-09-30T23:45:00+00:00,17c6956d455bcba50c83a17fb04f5c84feddfd3f217cbb117c3f6fe8fe366667,17c6956d455bcba50c83a17fb04f5c84feddfd3f217cbb117c3f6fe8fe366667,155670,2021-06-22T11:33:49.000Z,"""144492938cd01cc1df8c912d470b8f28""",2026-08-21T06:05:04.399531+00:00,PASS,
spot,BTCUSDT,2018-10,https://data.binance.vision/data/spot/monthly/klines/BTCUSDT/15m/BTCUSDT-15m-2018-10.zip,2962,2018-10-01T00:00:00+00:00,2018-10-31T23:45:00+00:00,11cbfe947954b0b3abfa3ccac9c5223112584143ccc7aef11fbfbd1fb81d0227,11cbfe947954b0b3abfa3ccac9c5223112584143ccc7aef11fbfbd1fb81d0227,156389,2021-06-22T11:33:49.000Z,"""7cfb28176bb0ef272ac9c3243d90f304""",2026-08-21T06:05:04.642551+00:00,ISSUES,MISSING_INTERVAL
spot,BTCUSDT,2018-11,https://data.binance.vision/data/spot/monthly/klines/BTCUSDT/15m/BTCUSDT-15m-2018-11.zip,2852,2018-11-01T00:00:00+00:00,2018-11-30T23:45:00+00:00,d496a440162faab404184cce0b3a3230c2d03816688b82a899222e23e86beef6,d496a440162faab404184cce0b3a3230c2d03816688b82a899222e23e86beef6,153746,2021-06-22T11:33:49.000Z,"""aedd833ddcba0045816875502ab0c58d""",2026-08-21T06:05:04.837014+00:00,ISSUES,MISSING_INTERVAL
spot,BTCUSDT,2018-12,https://data.binance.vision/data/spot/monthly/klines/BTCUSDT/15m/BTCUSDT-15m-2018-12.zip,2976,2018-12-01T00:00:00+00:00,2018-12-31T23:45:00+00:00,c40b6684abd9680124a9b9c5ddf5d77ebc00a732f26a75547d18fd6ae24eb177,c40b6684abd9680124a9b9c5ddf5d77ebc00a732f26a75547d18fd6ae24eb177,161933,2021-06-22T11:33:49.000Z,"""eeba7223e087f298d3507983eb138fa9""",2026-08-21T06:05:04.928380+00:00,PASS,
spot,BTCUSDT,2019-01,https://data.binance.vision/data/spot/monthly/klines/BTCUSDT/15m/BTCUSDT-15m-2019-01.zip,2976,2019-01-01T00:00:00+00:00,2019-01-31T23:45:00+00:00,ca05832be5e1e4b5e527976fa295017721146f5ee8591f6c8a654eb190a6086d,ca05832be5e1e4b5e527976fa295017721146f5ee8591f6c8a654eb190a6086d,158658,2021-06-22T11:33:49.000Z,"""2ff0b29337769854fe62225e8a0680fa""",2026-08-21T06:05:05.186746+00:00,PASS,
spot,BTCUSDT,2019-02,https://data.binance.vision/data/spot/monthly/klines/BTCUSDT/15m/BTCUSDT-15m-2019-02.zip,2688,2019-02-01T00:00:00+00:00,2019-02-28T23:45:00+00:00,a1ee18d725e22e40e4f8332abdcf253d3d28d60ef258a516e3bd45e6564994c2,a1ee18d725e22e40e4f8332abdcf253d3d28d60ef258a516e3bd45e6564994c2,143019,2021-06-22T11:33:49.000Z,"""e770774209519593e019dd7ee3683e11""",2026-08-21T06:05:05.251281+00:00,PASS,
spot,BTCUSDT,2019-03,https://data.binance.vision/data/spot/monthly/klines/BTCUSDT/15m/BTCUSDT-15m-2019-03.zip,2952,2019-03-01T00:00:00+00:00,2019-03-31T23:45:00+00:00,a5a0e2d00439088327fd67aaf5879feab702199c2cbc2b9a68c65a2d088479a2,a5a0e2d00439088327fd67aaf5879feab702199c2cbc2b9a68c65a2d088479a2,156436,2021-06-22T11:33:49.000Z,"""8fe2cf47494b872a1ef4143804e81d34""",2026-08-21T06:05:05.511494+00:00,ISSUES,MISSING_INTERVAL
spot,BTCUSDT,2019-04,https://data.binance.vision/data/spot/monthly/klines/BTCUSDT/15m/BTCUSDT-15m-2019-04.zip,2880,2019-04-01T00:00:00+00:00,2019-04-30T23:45:00+00:00,5e66fadf52ddff776d1653c2c3964d01bf35e685006ff9dd5eb01e8b3c49a7a5,5e66fadf52ddff776d1653c2c3964d01bf35e685006ff9dd5eb01e8b3c49a7a5,155833,2021-06-22T11:33:49.000Z,"""14e80486586b209e7f4d0ee307eab6fa""",2026-08-21T06:05:05.549006+00:00,PASS,
spot,BTCUSDT,2019-05,https://data.binance.vision/data/spot/monthly/klines/BTCUSDT/15m/BTCUSDT-15m-2019-05.zip,2936,2019-05-01T00:00:00+00:00,2019-05-31T23:45:00+00:00,dbb74d304f9e7335950e55ba1f6f2df34eae8b9b2b6451cdf98d6ae5691d88c6,dbb74d304f9e7335950e55ba1f6f2df34eae8b9b2b6451cdf98d6ae5691d88c6,162760,2021-06-22T11:33:49.000Z,"""319b0ef616d7a45aa28d9f5708741bfd""",2026-08-21T06:05:05.773865+00:00,ISSUES,MISSING_INTERVAL
spot,BTCUSDT,2019-06,https://data.binance.vision/data/spot/monthly/klines/BTCUSDT/15m/BTCUSDT-15m-2019-06.zip,2876,2019-06-01T00:00:00+00:00,2019-06-30T23:45:00+00:00,c01a2fd88d423dce6379c26e6b61e6b77b37f2b32b4c2f4e321566fe826b56d5,c01a2fd88d423dce6379c26e6b61e6b77b37f2b32b4c2f4e321566fe826b56d5,161255,2021-06-22T11:33:50.000Z,"""d5aadb7104cd2f034777a823953c140e""",2026-08-21T06:05:05.952753+00:00,ISSUES,MISSING_INTERVAL
spot,BTCUSDT,2019-07,https://data.binance.vision/data/spot/monthly/klines/BTCUSDT/15m/BTCUSDT-15m-2019-07.zip,2976,2019-07-01T00:00:00+00:00,2019-07-31T23:45:00+00:00,6afeec7968c1071d8ffb7a9349f4e04ee0240049bf96a8ae4ba22fb04552dc7e,6afeec7968c1071d8ffb7a9349f4e04ee0240049bf96a8ae4ba22fb04552dc7e,168121,2021-06-22T11:33:50.000Z,"""ea95a60c2cc92dfa2c7e993910e264e6""",2026-08-21T06:05:06.068898+00:00,PASS,
spot,BTCUSDT,2019-08,https://data.binance.vision/data/spot/monthly/klines/BTCUSDT/15m/BTCUSDT-15m-2019-08.zip,2944,2019-08-01T00:00:00+00:00,2019-08-31T23:45:00+00:00,af37942d6d6dcfa8cca23ba87cf0da704bdc816b812463c8f19b7a8a0d5aa54a,af37942d6d6dcfa8cca23ba87cf0da704bdc816b812463c8f19b7a8a0d5aa54a,164015,2021-06-22T11:33:50.000Z,"""23e806b1bfcf0672679a8e89752ab318""",2026-08-21T06:05:06.248991+00:00,ISSUES,MISSING_INTERVAL
spot,BTCUSDT,2019-09,https://data.binance.vision/data/spot/monthly/klines/BTCUSDT/15m/BTCUSDT-15m-2019-09.zip,2880,2019-09-01T00:00:00+00:00,2019-09-30T23:45:00+00:00,e26624f88f3836be3ae845ed5966f6db52c866c4c934522a98d893ccddb2f012,e26624f88f3836be3ae845ed5966f6db52c866c4c934522a98d893ccddb2f012,159207,2021-06-22T11:33:50.000Z,"""1f9e142535b751706bc8086c883db7dc""",2026-08-21T06:05:06.336680+00:00,PASS,
spot,BTCUSDT,2019-10,https://data.binance.vision/data/spot/monthly/klines/BTCUSDT/15m/BTCUSDT-15m-2019-10.zip,2976,2019-10-01T00:00:00+00:00,2019-10-31T23:45:00+00:00,d51c02da9e1ed8f33e615a5cfc5b707843861c23a734382a48e341c18e66921e,d51c02da9e1ed8f33e615a5cfc5b707843861c23a734382a48e341c18e66921e,164199,2021-06-22T11:33:50.000Z,"""eb2fedfe7eb6c5f9fe07806d67bb0941""",2026-08-21T06:05:06.508582+00:00,PASS,
spot,BTCUSDT,2019-11,https://data.binance.vision/data/spot/monthly/klines/BTCUSDT/15m/BTCUSDT-15m-2019-11.zip,2863,2019-11-01T00:00:00+00:00,2019-11-30T23:45:00+00:00,6a7dd7fa45811f4f9fcaf55a1e6f9b534714e4eb05a36f0cb9e05d550360d91d,6a7dd7fa45811f4f9fcaf55a1e6f9b534714e4eb05a36f0cb9e05d550360d91d,158173,2021-06-22T11:33:50.000Z,"""9190db35408cd041a39712019441ee29""",2026-08-21T06:05:06.570755+00:00,ISSUES,MISSING_INTERVAL
spot,BTCUSDT,2019-12,https://data.binance.vision/data/spot/monthly/klines/BTCUSDT/15m/BTCUSDT-15m-2019-12.zip,2976,2019-12-01T00:00:00+00:00,2019-12-31T23:45:00+00:00,c51a7436f0b220005d2fd3279431384b7a08166ad5ed6c114e217dc811b16fe5,c51a7436f0b220005d2fd3279431384b7a08166ad5ed6c114e217dc811b16fe5,163064,2021-06-22T11:33:50.000Z,"""0e116afa88b3f1054819e97ffff7c06f""",2026-08-21T06:05:06.741035+00:00,PASS,
spot,BTCUSDT,2020-01,https://data.binance.vision/data/spot/monthly/klines/BTCUSDT/15m/BTCUSDT-15m-2020-01.zip,2976,2020-01-01T00:00:00+00:00,2020-01-31T23:45:00+00:00,f3e6e57450b4e947aa34a0fd075ccf36be79e469a481eb08f63b1a6b299d3bdf,f3e6e57450b4e947aa34a0fd075ccf36be79e469a481eb08f63b1a6b299d3bdf,164781,2021-06-22T11:33:50.000Z,"""84717ae7c64e2a19f02b5ca3cfea45f2""",2026-08-21T06:05:06.882323+00:00,PASS,
spot,BTCUSDT,2020-02,https://data.binance.vision/data/spot/monthly/klines/BTCUSDT/15m/BTCUSDT-15m-2020-02.zip,2757,2020-02-01T00:00:00+00:00,2020-02-29T23:45:00+00:00,3986551ecbf7078c607f10199cec630c46e9b5919fb2541ef1b3abeea31eb406,3986551ecbf7078c607f10199cec630c46e9b5919fb2541ef1b3abeea31eb406,153696,2021-06-22T11:33:50.000Z,"""fb6f942d4c6530fae1875b683a7523a4""",2026-08-21T06:05:06.984181+00:00,ISSUES,MISSING_INTERVAL
spot,BTCUSDT,2020-03,https://data.binance.vision/data/spot/monthly/klines/BTCUSDT/15m/BTCUSDT-15m-2020-03.zip,2968,2020-03-01T00:00:00+00:00,2020-03-31T23:45:00+00:00,0ace9004d2a636f6cf43104ac6e862513b643576b5d94335a4342988dfbfc8be,0ace9004d2a636f6cf43104ac6e862513b643576b5d94335a4342988dfbfc8be,167677,2021-06-22T11:33:50.000Z,"""3e94262c02cb87177f270587c0dd7ca5""",2026-08-21T06:05:07.218371+00:00,ISSUES,MISSING_INTERVAL
spot,BTCUSDT,2020-04,https://data.binance.vision/data/spot/monthly/klines/BTCUSDT/15m/BTCUSDT-15m-2020-04.zip,2870,2020-04-01T00:00:00+00:00,2020-04-30T23:45:00+00:00,ba17900695e5857989877662b62f890de40074c138e8c91e05a2dbe37daa94d1,ba17900695e5857989877662b62f890de40074c138e8c91e05a2dbe37daa94d1,159804,2021-06-22T11:33:50.000Z,"""16e2863bfed416684a563403756eb3ca""",2026-08-21T06:05:07.282855+00:00,ISSUES,MISSING_INTERVAL
spot,BTCUSDT,2020-05,https://data.binance.vision/data/spot/monthly/klines/BTCUSDT/15m/BTCUSDT-15m-2020-05.zip,2976,2020-05-01T00:00:00+00:00,2020-05-31T23:45:00+00:00,474b584a088f210e6406a65402caa0e98b3c040264db93bb2cdb2d7b1ff0e350,474b584a088f210e6406a65402caa0e98b3c040264db93bb2cdb2d7b1ff0e350,167179,2021-06-22T11:33:51.000Z,"""20bda274de72cc98ab9b48d1e068da17""",2026-08-21T06:05:07.612681+00:00,PASS,
spot,BTCUSDT,2020-06,https://data.binance.vision/data/spot/monthly/klines/BTCUSDT/15m/BTCUSDT-15m-2020-06.zip,2866,2020-06-01T00:00:00+00:00,2020-06-30T23:45:00+00:00,b0c0c5d0ceeeda7619e7c014873d7b48d2b883facc591b2b4f753aa3f438c0a6,b0c0c5d0ceeeda7619e7c014873d7b48d2b883facc591b2b4f753aa3f438c0a6,158061,2021-06-22T11:33:51.000Z,"""79a2e3debdb337fe52b5764ebaaac947""",2026-08-21T06:05:07.566022+00:00,ISSUES,MISSING_INTERVAL
spot,BTCUSDT,2020-07,https://data.binance.vision/data/spot/monthly/klines/BTCUSDT/15m/BTCUSDT-15m-2020-07.zip,2976,2020-07-01T00:00:00+00:00,2020-07-31T23:45:00+00:00,608fe9683436c46bde2400a9389337a528e9df505010f64b26e5300ba48e0294,608fe9683436c46bde2400a9389337a528e9df505010f64b26e5300ba48e0294,163275,2021-06-22T11:33:51.000Z,"""7493f452b88de4180a85799fdf780e45""",2026-08-21T06:05:07.847989+00:00,PASS,
spot,BTCUSDT,2020-08,https://data.binance.vision/data/spot/monthly/klines/BTCUSDT/15m/BTCUSDT-15m-2020-08.zip,2976,2020-08-01T00:00:00+00:00,2020-08-31T23:45:00+00:00,dde79916f0d46941f4d2e8a2726ba1b9a3089361ba1f2d45360609a8d098decc,dde79916f0d46941f4d2e8a2726ba1b9a3089361ba1f2d45360609a8d098decc,166855,2021-06-22T11:33:51.000Z,"""705c70abab14f212f8d189a8e283aa35""",2026-08-21T06:05:07.893499+00:00,PASS,
spot,BTCUSDT,2020-09,https://data.binance.vision/data/spot/monthly/klines/BTCUSDT/15m/BTCUSDT-15m-2020-09.zip,2880,2020-09-01T00:00:00+00:00,2020-09-30T23:45:00+00:00,4507410af54992946ed9b317ba604e9e6a8991039242da06fb97d1b1d976b103,4507410af54992946ed9b317ba604e9e6a8991039242da06fb97d1b1d976b103,160982,2021-06-22T11:33:51.000Z,"""a53afd50f3656aa37dd4bb15294f190f""",2026-08-21T06:05:08.211803+00:00,PASS,
spot,BTCUSDT,2020-10,https://data.binance.vision/data/spot/monthly/klines/BTCUSDT/15m/BTCUSDT-15m-2020-10.zip,2976,2020-10-01T00:00:00+00:00,2020-10-31T23:45:00+00:00,ed4b16ebfeca45ddb5ba40d4cce8934166e6d95edcc1c118476eada8ff62b098,ed4b16ebfeca45ddb5ba40d4cce8934166e6d95edcc1c118476eada8ff62b098,165272,2021-06-22T11:33:51.000Z,"""9efc663b0298e796b04f8e9df396e82d""",2026-08-21T06:05:08.170993+00:00,PASS,
spot,BTCUSDT,2020-11,https://data.binance.vision/data/spot/monthly/klines/BTCUSDT/15m/BTCUSDT-15m-2020-11.zip,2876,2020-11-01T00:00:00+00:00,2020-11-30T23:45:00+00:00,f26be8af234fa6c0fb4b05af571bf533131196ebb09200aee13599e225193512,f26be8af234fa6c0fb4b05af571bf533131196ebb09200aee13599e225193512,164333,2021-06-22T11:33:51.000Z,"""62c0ccb7542aab50d5f3ce283a254720""",2026-08-21T06:05:08.477423+00:00,ISSUES,MISSING_INTERVAL
spot,BTCUSDT,2020-12,https://data.binance.vision/data/spot/monthly/klines/BTCUSDT/15m/BTCUSDT-15m-2020-12.zip,2957,2020-12-01T00:00:00+00:00,2020-12-31T23:45:00+00:00,f7fc61a0975bdd6c9d593b50964014647978f6d4ba2c85edb128a9385b9831cf,f7fc61a0975bdd6c9d593b50964014647978f6d4ba2c85edb128a9385b9831cf,169863,2021-06-22T11:33:51.000Z,"""d3fede2e772621c6b61daf097111543b""",2026-08-21T06:05:08.571322+00:00,ISSUES,MISSING_INTERVAL
spot,BTCUSDT,2021-01,https://data.binance.vision/data/spot/monthly/klines/BTCUSDT/15m/BTCUSDT-15m-2021-01.zip,2976,2021-01-01T00:00:00+00:00,2021-01-31T23:45:00+00:00,4113719e7621550c36f9e4a5b5ff99c9d03cbac5a057cff85e91c7e3bc2ad50d,4113719e7621550c36f9e4a5b5ff99c9d03cbac5a057cff85e91c7e3bc2ad50d,175462,2021-06-22T11:33:51.000Z,"""68a277926b4d67f905db82e5e252f7c3""",2026-08-21T06:05:08.795762+00:00,PASS,
spot,BTCUSDT,2021-02,https://data.binance.vision/data/spot/monthly/klines/BTCUSDT/15m/BTCUSDT-15m-2021-02.zip,2683,2021-02-01T00:00:00+00:00,2021-02-28T23:45:00+00:00,2b2658c43308a1a0ec6684f7d938879d3a6e4cc8828f0875e342e0ddf8f5f4f0,2b2658c43308a1a0ec6684f7d938879d3a6e4cc8828f0875e342e0ddf8f5f4f0,157920,2021-06-22T11:33:51.000Z,"""ab0c38204d8922530d4db1060406a9d2""",2026-08-21T06:05:08.856904+00:00,ISSUES,MISSING_INTERVAL
spot,BTCUSDT,2021-03,https://data.binance.vision/data/spot/monthly/klines/BTCUSDT/15m/BTCUSDT-15m-2021-03.zip,2970,2021-03-01T00:00:00+00:00,2021-03-31T23:45:00+00:00,ddf1acd7ccc4fe6188b2da65fecbafbfd2a1463fcb4b41419249498c9d45b70b,ddf1acd7ccc4fe6188b2da65fecbafbfd2a1463fcb4b41419249498c9d45b70b,173980,2021-06-22T11:33:51.000Z,"""2a952fb7da58b312e6e41a16625e6b1c""",2026-08-21T06:05:09.105001+00:00,ISSUES,MISSING_INTERVAL
spot,BTCUSDT,2021-04,https://data.binance.vision/data/spot/monthly/klines/BTCUSDT/15m/BTCUSDT-15m-2021-04.zip,2852,2021-04-01T00:00:00+00:00,2021-04-30T23:45:00+00:00,726f7165f3703ec852194e6fbd54157ecf54760d670db399adec8de23026a947,726f7165f3703ec852194e6fbd54157ecf54760d670db399adec8de23026a947,166103,2021-06-22T11:33:51.000Z,"""ff3892c4da8b2a4cce894505dc4997b6""",2026-08-21T06:05:09.218676+00:00,ISSUES,MISSING_INTERVAL
spot,BTCUSDT,2021-05,https://data.binance.vision/data/spot/monthly/klines/BTCUSDT/15m/BTCUSDT-15m-2021-05.zip,2976,2021-05-01T00:00:00+00:00,2021-05-31T23:45:00+00:00,23dea9f052edba2539ac8389cd4cf7ccab4871796bbbf1d2ca7cbd176f035247,23dea9f052edba2539ac8389cd4cf7ccab4871796bbbf1d2ca7cbd176f035247,176051,2021-06-22T11:33:52.000Z,"""2e44c944d86f7d5c2898afda42c06def""",2026-08-21T06:05:09.503573+00:00,PASS,
spot,BTCUSDT,2021-06,https://data.binance.vision/data/spot/monthly/klines/BTCUSDT/15m/BTCUSDT-15m-2021-06.zip,2880,2021-06-01T00:00:00+00:00,2021-06-30T23:45:00+00:00,5c21bb4a2f5ca846f01cb834d868819a308d8b5bdca702c872bfce8ea00e3318,5c21bb4a2f5ca846f01cb834d868819a308d8b5bdca702c872bfce8ea00e3318,168508,2021-07-01T06:58:11.000Z,"""f14945558c845544f6e5a7e3241c0055""",2026-08-21T06:05:09.662580+00:00,PASS,
spot,BTCUSDT,2021-07,https://data.binance.vision/data/spot/monthly/klines/BTCUSDT/15m/BTCUSDT-15m-2021-07.zip,2976,2021-07-01T00:00:00+00:00,2021-07-31T23:45:00+00:00,8ab53799a98716d11f241ccbbb9dc395bc491b58f783c7924b2e12e8606e61ac,8ab53799a98716d11f241ccbbb9dc395bc491b58f783c7924b2e12e8606e61ac,170973,2021-08-02T05:04:43.000Z,"""a50156164339b6fbb8c14bb8a6036e50""",2026-08-21T06:05:09.829212+00:00,PASS,
spot,BTCUSDT,2021-08,https://data.binance.vision/data/spot/monthly/klines/BTCUSDT/15m/BTCUSDT-15m-2021-08.zip,2958,2021-08-01T00:00:00+00:00,2021-08-31T23:45:00+00:00,e4d20bbe576a94c7474f951b4e44adb1a0d6149e6b9eed0be2ad69504ca775e0,e4d20bbe576a94c7474f951b4e44adb1a0d6149e6b9eed0be2ad69504ca775e0,169921,2021-09-04T12:32:29.000Z,"""042f323315d199eb852dff126f575256""",2026-08-21T06:05:10.046915+00:00,ISSUES,MISSING_INTERVAL
spot,BTCUSDT,2021-09,https://data.binance.vision/data/spot/monthly/klines/BTCUSDT/15m/BTCUSDT-15m-2021-09.zip,2872,2021-09-01T00:00:00+00:00,2021-09-30T23:45:00+00:00,ac69a371a9027b1dd2c05b8c6948a4f75fccf40d0788de53fc4c51a173eaff0a,ac69a371a9027b1dd2c05b8c6948a4f75fccf40d0788de53fc4c51a173eaff0a,161154,2021-10-01T03:51:47.000Z,"""944f128be35280d096e2fb1e5a1f14fd""",2026-08-21T06:05:10.192794+00:00,ISSUES,MISSING_INTERVAL
spot,BTCUSDT,2021-10,https://data.binance.vision/data/spot/monthly/klines/BTCUSDT/15m/BTCUSDT-15m-2021-10.zip,2976,2021-10-01T00:00:00+00:00,2021-10-31T23:45:00+00:00,f0bc836c1ab8edf6ff5911a75846b3d42498170117122dda41cd304e3e776c88,f0bc836c1ab8edf6ff5911a75846b3d42498170117122dda41cd304e3e776c88,167735,2021-11-16T02:05:18.000Z,"""9c8c3dda9b20733d328c10eca59e17c0""",2026-08-21T06:05:10.475651+00:00,PASS,
spot,BTCUSDT,2021-11,https://data.binance.vision/data/spot/monthly/klines/BTCUSDT/15m/BTCUSDT-15m-2021-11.zip,2880,2021-11-01T00:00:00+00:00,2021-11-30T23:45:00+00:00,59eaa87d6aad4836fff4185aa45330d513bbd639ec639087ff90ef2bd444c0c8,59eaa87d6aad4836fff4185aa45330d513bbd639ec639087ff90ef2bd444c0c8,161829,2021-12-01T06:05:15.000Z,"""0d6d3720ec6535f59b7904b90468976f""",2026-08-21T06:05:10.509656+00:00,PASS,
spot,BTCUSDT,2021-12,https://data.binance.vision/data/spot/monthly/klines/BTCUSDT/15m/BTCUSDT-15m-2021-12.zip,2976,2021-12-01T00:00:00+00:00,2021-12-31T23:45:00+00:00,5e87f4e0e328a170291c91001dd48e124533108af2c6d17315821399b43a0dd7,5e87f4e0e328a170291c91001dd48e124533108af2c6d17315821399b43a0dd7,166157,2022-01-01T12:09:49.000Z,"""cb1e17373e63fa9d191b929e8abe1dad""",2026-08-21T06:05:10.757835+00:00,PASS,
spot,BTCUSDT,2022-01,https://data.binance.vision/data/spot/monthly/klines/BTCUSDT/15m/BTCUSDT-15m-2022-01.zip,2976,2022-01-01T00:00:00+00:00,2022-01-31T23:45:00+00:00,efae265201d39fd48892ee80478aba9f3c499e4daec95b771aa922dcd1658bb7,efae265201d39fd48892ee80478aba9f3c499e4daec95b771aa922dcd1658bb7,165638,2022-02-01T08:00:05.000Z,"""ccf10b73326f2f78a9f1a77b5baad009""",2026-08-21T06:05:10.823357+00:00,PASS,
spot,BTCUSDT,2022-02,https://data.binance.vision/data/spot/monthly/klines/BTCUSDT/15m/BTCUSDT-15m-2022-02.zip,2688,2022-02-01T00:00:00+00:00,2022-02-28T23:45:00+00:00,c9e89f3f1f3c684b79d3f2785a02ccea401d5aa477c323a071b3ceec85ffaf8f,c9e89f3f1f3c684b79d3f2785a02ccea401d5aa477c323a071b3ceec85ffaf8f,149957,2022-03-02T00:47:41.000Z,"""d11ba87bab555ee6a897e2e6726f74b6""",2026-08-21T06:05:10.995582+00:00,PASS,
spot,BTCUSDT,2022-03,https://data.binance.vision/data/spot/monthly/klines/BTCUSDT/15m/BTCUSDT-15m-2022-03.zip,2976,2022-03-01T00:00:00+00:00,2022-03-31T23:45:00+00:00,be9e2af6651a4bf5cb565e508ebd62ea2773fed9eed1c8f47f1e5409fea9b96c,be9e2af6651a4bf5cb565e508ebd62ea2773fed9eed1c8f47f1e5409fea9b96c,165643,2022-09-02T11:32:05.000Z,"""7b9703386ec91488782797d235078e45""",2026-08-21T06:05:11.114055+00:00,PASS,
spot,BTCUSDT,2022-04,https://data.binance.vision/data/spot/monthly/klines/BTCUSDT/15m/BTCUSDT-15m-2022-04.zip,2880,2022-04-01T00:00:00+00:00,2022-04-30T23:45:00+00:00,d0c155a7891d8748727a475a19c6fa3013a1bc35d85a7cf8b31cb461bac6253a,d0c155a7891d8748727a475a19c6fa3013a1bc35d85a7cf8b31cb461bac6253a,159534,2022-05-02T02:07:11.000Z,"""fef4993a2313b498d0f5709a4de1b5e3""",2026-08-21T06:05:11.275947+00:00,PASS,
spot,BTCUSDT,2022-05,https://data.binance.vision/data/spot/monthly/klines/BTCUSDT/15m/BTCUSDT-15m-2022-05.zip,2976,2022-05-01T00:00:00+00:00,2022-05-31T23:45:00+00:00,b9fb6fc2c414b71b7e22dfa02e3fca57a2bab37b9223cb64abffb1bcebfed76d,b9fb6fc2c414b71b7e22dfa02e3fca57a2bab37b9223cb64abffb1bcebfed76d,166402,2022-06-02T05:14:04.000Z,"""4ab7aac122cb8fe01be3cf410fba4374""",2026-08-21T06:05:11.474017+00:00,PASS,
spot,BTCUSDT,2022-06,https://data.binance.vision/data/spot/monthly/klines/BTCUSDT/15m/BTCUSDT-15m-2022-06.zip,2880,2022-06-01T00:00:00+00:00,2022-06-30T23:45:00+00:00,580517e864e67f594b8b1397e08099bee8dbbc505010f462efadb5b7d85366b0,580517e864e67f594b8b1397e08099bee8dbbc505010f462efadb5b7d85366b0,161440,2022-07-01T04:34:45.000Z,"""7565ead88a956af2e9eb66c22b33b415""",2026-08-21T06:05:11.512016+00:00,PASS,
spot,BTCUSDT,2022-07,https://data.binance.vision/data/spot/monthly/klines/BTCUSDT/15m/BTCUSDT-15m-2022-07.zip,2976,2022-07-01T00:00:00+00:00,2022-07-31T23:45:00+00:00,7c20c2c7097815f1a4279b9d4724b6e1b90ec0ec0508aa2e9cc0dee6e4c7351c,7c20c2c7097815f1a4279b9d4724b6e1b90ec0ec0508aa2e9cc0dee6e4c7351c,169648,2022-08-01T08:59:14.000Z,"""1df9218af970ca4e221a3c4e9a428257""",2026-08-21T06:05:11.807499+00:00,PASS,
spot,BTCUSDT,2022-08,https://data.binance.vision/data/spot/monthly/klines/BTCUSDT/15m/BTCUSDT-15m-2022-08.zip,2976,2022-08-01T00:00:00+00:00,2022-08-31T23:45:00+00:00,c024cd120c2523bfc8c16f870aefbca20a5d9610020628f63ad6d681560b4ed3,c024cd120c2523bfc8c16f870aefbca20a5d9610020628f63ad6d681560b4ed3,170038,2022-09-01T05:35:06.000Z,"""355111134997b38289de69b9481e0a16""",2026-08-21T06:05:11.862866+00:00,PASS,
spot,BTCUSDT,2022-09,https://data.binance.vision/data/spot/monthly/klines/BTCUSDT/15m/BTCUSDT-15m-2022-09.zip,2880,2022-09-01T00:00:00+00:00,2022-09-30T23:45:00+00:00,c463f2e48a93de727a3c12de228cf72bdcfb8583787939dbe7c829f2916c3edf,c463f2e48a93de727a3c12de228cf72bdcfb8583787939dbe7c829f2916c3edf,166244,2022-10-03T05:42:33.000Z,"""8a7893264d269bda25508f83e63e553a""",2026-08-21T06:05:12.093830+00:00,PASS,
spot,BTCUSDT,2022-10,https://data.binance.vision/data/spot/monthly/klines/BTCUSDT/15m/BTCUSDT-15m-2022-10.zip,2976,2022-10-01T00:00:00+00:00,2022-10-31T23:45:00+00:00,a801fc927acf211940253256403d57199bed76cb179a74d407402646106b87ce,a801fc927acf211940253256403d57199bed76cb179a74d407402646106b87ce,169112,2022-11-03T13:56:04.000Z,"""1e4bd082007391ddacbfd63b768f9f9a""",2026-08-21T06:05:12.165739+00:00,PASS,
spot,BTCUSDT,2022-11,https://data.binance.vision/data/spot/monthly/klines/BTCUSDT/15m/BTCUSDT-15m-2022-11.zip,2880,2022-11-01T00:00:00+00:00,2022-11-30T23:45:00+00:00,ed6c0b186e825c38c1c3f9c1b86ae4d442309c6db7581d40e3ef979835857f84,ed6c0b186e825c38c1c3f9c1b86ae4d442309c6db7581d40e3ef979835857f84,165049,2022-12-02T09:21:31.000Z,"""1406e093609962caa27b8838941f537a""",2026-08-21T06:05:12.388497+00:00,PASS,
spot,BTCUSDT,2022-12,https://data.binance.vision/data/spot/monthly/klines/BTCUSDT/15m/BTCUSDT-15m-2022-12.zip,2976,2022-12-01T00:00:00+00:00,2022-12-31T23:45:00+00:00,e61c7c885847e5e45a4cff8800dc275bb570d3591ed66046bed2ff0b051fe8c2,e61c7c885847e5e45a4cff8800dc275bb570d3591ed66046bed2ff0b051fe8c2,166501,2023-01-04T04:45:48.000Z,"""be8a29b37d5df8829fb86bfaf8b3caa1""",2026-08-21T06:05:12.440908+00:00,PASS,
spot,BTCUSDT,2023-01,https://data.binance.vision/data/spot/monthly/klines/BTCUSDT/15m/BTCUSDT-15m-2023-01.zip,2976,2023-01-01T00:00:00+00:00,2023-01-31T23:45:00+00:00,1d03d63df33a4cdb234397054593666f6f6b31aa4d2e3d823bd4b65877fd377c,1d03d63df33a4cdb234397054593666f6f6b31aa4d2e3d823bd4b65877fd377c,169578,2023-02-18T00:36:10.000Z,"""af18690a229d2000b002e239c40ac1b6""",2026-08-21T06:05:12.674729+00:00,PASS,
spot,BTCUSDT,2023-02,https://data.binance.vision/data/spot/monthly/klines/BTCUSDT/15m/BTCUSDT-15m-2023-02.zip,2688,2023-02-01T00:00:00+00:00,2023-02-28T23:45:00+00:00,400a9759346d20189f6fd20a688dc75568f78c5a3da73f4bed0a54a0c8341b15,400a9759346d20189f6fd20a688dc75568f78c5a3da73f4bed0a54a0c8341b15,155185,2023-03-02T03:17:13.000Z,"""cfec7c758837f68c5673db3b336059a8""",2026-08-21T06:05:12.695728+00:00,PASS,
spot,BTCUSDT,2023-03,https://data.binance.vision/data/spot/monthly/klines/BTCUSDT/15m/BTCUSDT-15m-2023-03.zip,2971,2023-03-01T00:00:00+00:00,2023-03-31T23:45:00+00:00,c9871c6908687def566067cbadd1e0bab4740956f4d842992b7da52828ccae96,c9871c6908687def566067cbadd1e0bab4740956f4d842992b7da52828ccae96,170537,2023-04-05T14:40:22.000Z,"""632558615b44b5aff34eceed3843aee0""",2026-08-21T06:05:12.952265+00:00,ISSUES,MISSING_INTERVAL
spot,BTCUSDT,2023-04,https://data.binance.vision/data/spot/monthly/klines/BTCUSDT/15m/BTCUSDT-15m-2023-04.zip,2880,2023-04-01T00:00:00+00:00,2023-04-30T23:45:00+00:00,e21f8e8b6caeca003f40668496b08681856c5b0cba19f7865523426ecbbd72c6,e21f8e8b6caeca003f40668496b08681856c5b0cba19f7865523426ecbbd72c6,157828,2023-05-02T12:43:25.000Z,"""71f4733b3ac1d6af6956fab68325908f""",2026-08-21T06:05:12.989799+00:00,PASS,
spot,BTCUSDT,2023-05,https://data.binance.vision/data/spot/monthly/klines/BTCUSDT/15m/BTCUSDT-15m-2023-05.zip,2976,2023-05-01T00:00:00+00:00,2023-05-31T23:45:00+00:00,654743cddb8c3930543fd45661755aced8ec8052b33ebc6e791c44623255f30b,654743cddb8c3930543fd45661755aced8ec8052b33ebc6e791c44623255f30b,161989,2023-06-06T06:22:24.000Z,"""c2d2a65ba03944f2fd1693a87b1317f4""",2026-08-21T06:05:13.318159+00:00,PASS,
spot,BTCUSDT,2023-06,https://data.binance.vision/data/spot/monthly/klines/BTCUSDT/15m/BTCUSDT-15m-2023-06.zip,2880,2023-06-01T00:00:00+00:00,2023-06-30T23:45:00+00:00,b4a0d0d98910e37e14922ac4cbdca3f759bf511adb7ef5f067c18b154ad7da0f,b4a0d0d98910e37e14922ac4cbdca3f759bf511adb7ef5f067c18b154ad7da0f,157027,2023-07-04T05:03:48.000Z,"""9548b2dfdaf3d6e8fbfc51fd2e2452eb""",2026-08-21T06:05:13.257341+00:00,PASS,
spot,BTCUSDT,2023-07,https://data.binance.vision/data/spot/monthly/klines/BTCUSDT/15m/BTCUSDT-15m-2023-07.zip,2976,2023-07-01T00:00:00+00:00,2023-07-31T23:45:00+00:00,b7291ae9886e9d6087f3630ca6fb561eadec5162576c7979521ebedbae701dd4,b7291ae9886e9d6087f3630ca6fb561eadec5162576c7979521ebedbae701dd4,159054,2023-08-02T12:24:06.000Z,"""801f5d4d2d627b164c0e9bccb1a213be""",2026-08-21T06:05:13.502052+00:00,PASS,
spot,BTCUSDT,2023-08,https://data.binance.vision/data/spot/monthly/klines/BTCUSDT/15m/BTCUSDT-15m-2023-08.zip,2976,2023-08-01T00:00:00+00:00,2023-08-31T23:45:00+00:00,e0394875cd40e4aa5a7fb52f157b22a9a9afae1e9b7477eedb1e9d8ab936f6fa,e0394875cd40e4aa5a7fb52f157b22a9a9afae1e9b7477eedb1e9d8ab936f6fa,158269,2023-09-19T01:20:37.000Z,"""840486e3adcbcb88479d5c86b5a17998""",2026-08-21T06:05:13.610636+00:00,PASS,
spot,BTCUSDT,2023-09,https://data.binance.vision/data/spot/monthly/klines/BTCUSDT/15m/BTCUSDT-15m-2023-09.zip,2880,2023-09-01T00:00:00+00:00,2023-09-30T23:45:00+00:00,bc7164f859cedeabd940fd262616a20eb991703f1f92c3883b6ee662d9127dc1,bc7164f859cedeabd940fd262616a20eb991703f1f92c3883b6ee662d9127dc1,153465,2023-10-05T05:20:48.000Z,"""41cb17cea8a25e59a083ae835e1561a4""",2026-08-21T06:05:13.744785+00:00,PASS,
spot,BTCUSDT,2023-10,https://data.binance.vision/data/spot/monthly/klines/BTCUSDT/15m/BTCUSDT-15m-2023-10.zip,2976,2023-10-01T00:00:00+00:00,2023-10-31T23:45:00+00:00,fea186b52b2c9a4044cf6ab9cb82be5c68e70abfa39a2eb3197e084e0c331ad5,fea186b52b2c9a4044cf6ab9cb82be5c68e70abfa39a2eb3197e084e0c331ad5,161502,2023-11-03T08:19:30.000Z,"""688b3b0200376cd8485df2bbcc5161fa""",2026-08-21T06:05:13.927525+00:00,PASS,
spot,BTCUSDT,2023-11,https://data.binance.vision/data/spot/monthly/klines/BTCUSDT/15m/BTCUSDT-15m-2023-11.zip,2880,2023-11-01T00:00:00+00:00,2023-11-30T23:45:00+00:00,e9c55ca59b275a4527ccea513904dfc6579c907683de4bfc33346044ee37933c,e9c55ca59b275a4527ccea513904dfc6579c907683de4bfc33346044ee37933c,157253,2023-12-05T02:24:49.000Z,"""b2dc588925c744f52321324b1b247fa8""",2026-08-21T06:05:14.135675+00:00,PASS,
spot,BTCUSDT,2023-12,https://data.binance.vision/data/spot/monthly/klines/BTCUSDT/15m/BTCUSDT-15m-2023-12.zip,2976,2023-12-01T00:00:00+00:00,2023-12-31T23:45:00+00:00,7101778274e14957e6af9fe4c2030e7b70a20b4f3f08b8eafbafba8a3dfbe2e9,7101778274e14957e6af9fe4c2030e7b70a20b4f3f08b8eafbafba8a3dfbe2e9,163686,2024-01-10T03:04:48.000Z,"""3a5ded6bb9a0967779c5209e1fce6ced""",2026-08-21T06:05:14.277697+00:00,PASS,
spot,BTCUSDT,2024-01,https://data.binance.vision/data/spot/monthly/klines/BTCUSDT/15m/BTCUSDT-15m-2024-01.zip,2976,2024-01-01T00:00:00+00:00,2024-01-31T23:45:00+00:00,20c617e34b350f61d4bba493154ddec76b9f2ecd449a94410a60ba75efd488ce,20c617e34b350f61d4bba493154ddec76b9f2ecd449a94410a60ba75efd488ce,164409,2024-02-05T12:06:55.000Z,"""85a734496c923af75ec14ba18b0f0b26""",2026-08-21T06:05:14.505860+00:00,PASS,
spot,BTCUSDT,2024-02,https://data.binance.vision/data/spot/monthly/klines/BTCUSDT/15m/BTCUSDT-15m-2024-02.zip,2784,2024-02-01T00:00:00+00:00,2024-02-29T23:45:00+00:00,55066890cd3a76c97c05e94213311b17a4146d697f6abe8762b3edae8495b20e,55066890cd3a76c97c05e94213311b17a4146d697f6abe8762b3edae8495b20e,153686,2024-03-12T10:29:52.000Z,"""07c9da9e240a67da42d8816e3175733a""",2026-08-21T06:05:14.672511+00:00,PASS,
spot,BTCUSDT,2024-03,https://data.binance.vision/data/spot/monthly/klines/BTCUSDT/15m/BTCUSDT-15m-2024-03.zip,2976,2024-03-01T00:00:00+00:00,2024-03-31T23:45:00+00:00,d42824b930c63b31c0217e39d9ef22671a79b695330a63dda68df8ef04dc81c1,d42824b930c63b31c0217e39d9ef22671a79b695330a63dda68df8ef04dc81c1,167084,2024-04-11T13:40:01.000Z,"""0f6169e38d0c31651d2aced4f2697c1c""",2026-08-21T06:05:14.875536+00:00,PASS,
spot,BTCUSDT,2024-04,https://data.binance.vision/data/spot/monthly/klines/BTCUSDT/15m/BTCUSDT-15m-2024-04.zip,2880,2024-04-01T00:00:00+00:00,2024-04-30T23:45:00+00:00,c9d04ed29b5103131db2f9b7c7dfe1d42f10cc889a01e9cbf0dd23b00f701cab,c9d04ed29b5103131db2f9b7c7dfe1d42f10cc889a01e9cbf0dd23b00f701cab,160707,2024-05-11T14:46:42.000Z,"""0b4ef960f5b87f8c7d0691fc6b50dea2""",2026-08-21T06:05:14.992462+00:00,PASS,
spot,BTCUSDT,2024-05,https://data.binance.vision/data/spot/monthly/klines/BTCUSDT/15m/BTCUSDT-15m-2024-05.zip,2976,2024-05-01T00:00:00+00:00,2024-05-31T23:45:00+00:00,b093a42ba168fbdb34365067a3e0fa714a8856840a9abd12188378b6e54eddb2,b093a42ba168fbdb34365067a3e0fa714a8856840a9abd12188378b6e54eddb2,163851,2024-06-06T02:54:15.000Z,"""468156bfe6cfa97f32abdbeeb1cc744e""",2026-08-21T06:05:15.101905+00:00,PASS,
spot,BTCUSDT,2024-06,https://data.binance.vision/data/spot/monthly/klines/BTCUSDT/15m/BTCUSDT-15m-2024-06.zip,2880,2024-06-01T00:00:00+00:00,2024-06-30T23:45:00+00:00,41e0e7ecf5087b343daa183d2cf9a0f5e33e1f279a1d529e39845223999be0f1,41e0e7ecf5087b343daa183d2cf9a0f5e33e1f279a1d529e39845223999be0f1,156179,2024-07-09T03:58:16.000Z,"""20ad6b48c81c1d5f30970c3d0f97f5c5""",2026-08-21T06:05:15.291898+00:00,PASS,
spot,BTCUSDT,2024-07,https://data.binance.vision/data/spot/monthly/klines/BTCUSDT/15m/BTCUSDT-15m-2024-07.zip,2976,2024-07-01T00:00:00+00:00,2024-07-31T23:45:00+00:00,cd60b795c1cf5b33e6899b474152a89e0f07953a6dabb9514a3269274ad390d4,cd60b795c1cf5b33e6899b474152a89e0f07953a6dabb9514a3269274ad390d4,163056,2024-08-08T09:34:05.000Z,"""d7124e99ac5e848d987e4b3748dee8d6""",2026-08-21T06:05:15.485240+00:00,PASS,
spot,BTCUSDT,2024-08,https://data.binance.vision/data/spot/monthly/klines/BTCUSDT/15m/BTCUSDT-15m-2024-08.zip,2976,2024-08-01T00:00:00+00:00,2024-08-31T23:45:00+00:00,44e084e916a4c661b2177741d71438916388c0d34554f63cb147973aac13b094,44e084e916a4c661b2177741d71438916388c0d34554f63cb147973aac13b094,164040,2024-09-10T11:16:20.000Z,"""040eb402fde55718898f9ec7e118c764""",2026-08-21T06:05:15.634472+00:00,PASS,
spot,BTCUSDT,2024-09,https://data.binance.vision/data/spot/monthly/klines/BTCUSDT/15m/BTCUSDT-15m-2024-09.zip,2880,2024-09-01T00:00:00+00:00,2024-09-30T23:45:00+00:00,2135a835c5b7be91f6015d182b393b115a40aea8a83193a096f23d2c8447b9c0,2135a835c5b7be91f6015d182b393b115a40aea8a83193a096f23d2c8447b9c0,156476,2024-10-15T12:35:03.000Z,"""d02c8ff53e176f8080f6ddea4ec7d1ab""",2026-08-21T06:05:15.767056+00:00,PASS,
spot,BTCUSDT,2024-10,https://data.binance.vision/data/spot/monthly/klines/BTCUSDT/15m/BTCUSDT-15m-2024-10.zip,2976,2024-10-01T00:00:00+00:00,2024-10-31T23:45:00+00:00,2e5b200be53e7196f1c73b06f3fb33caee04d2efd191b08d45049dd2a287d326,2e5b200be53e7196f1c73b06f3fb33caee04d2efd191b08d45049dd2a287d326,162356,2024-11-06T10:31:47.000Z,"""707266d051dcdcdffe0b48d4fb3233e2""",2026-08-21T06:05:15.861492+00:00,PASS,
spot,BTCUSDT,2024-11,https://data.binance.vision/data/spot/monthly/klines/BTCUSDT/15m/BTCUSDT-15m-2024-11.zip,2880,2024-11-01T00:00:00+00:00,2024-11-30T23:45:00+00:00,4589ca348cb6547a59dab9cafd3ca474631f3817bfe13e692607f1074cbe2818,4589ca348cb6547a59dab9cafd3ca474631f3817bfe13e692607f1074cbe2818,161547,2024-12-02T18:21:12.000Z,"""0c3681c71af688f49224b91f05d09815""",2026-08-21T06:05:16.084599+00:00,PASS,
spot,BTCUSDT,2024-12,https://data.binance.vision/data/spot/monthly/klines/BTCUSDT/15m/BTCUSDT-15m-2024-12.zip,2976,2024-12-01T00:00:00+00:00,2024-12-31T23:45:00+00:00,f7df52b68d68c03936b886f6fa056027959e307310d27c05175fd74382e5ec9d,f7df52b68d68c03936b886f6fa056027959e307310d27c05175fd74382e5ec9d,167250,2025-01-08T00:50:27.000Z,"""18c032fd3f3efc7976b95dd6fba8247a""",2026-08-21T06:05:16.169229+00:00,PASS,
spot,BTCUSDT,2025-01,https://data.binance.vision/data/spot/monthly/klines/BTCUSDT/15m/BTCUSDT-15m-2025-01.zip,2976,2025-01-01T00:00:00+00:00,2025-01-31T23:45:00+00:00,e2070d7dfd1ad7ade38589fdaa44366f9bd686fa750259a56b39111f7f49ae73,e2070d7dfd1ad7ade38589fdaa44366f9bd686fa750259a56b39111f7f49ae73,168041,2025-02-08T12:19:52.000Z,"""4d0732ddb1ee6573b3e3f690bf224837""",2026-08-21T06:05:16.431686+00:00,PASS,
spot,BTCUSDT,2025-02,https://data.binance.vision/data/spot/monthly/klines/BTCUSDT/15m/BTCUSDT-15m-2025-02.zip,2688,2025-02-01T00:00:00+00:00,2025-02-28T23:45:00+00:00,75b92f4005f40dc8f9bb6ac2f48edef0e1fbd3d9603709b25355d11a76bde949,75b92f4005f40dc8f9bb6ac2f48edef0e1fbd3d9603709b25355d11a76bde949,151425,2025-03-04T10:35:11.000Z,"""2ec800ae3b128f96ff1fa06d9404534b""",2026-08-21T06:05:16.396774+00:00,PASS,
spot,BTCUSDT,2025-03,https://data.binance.vision/data/spot/monthly/klines/BTCUSDT/15m/BTCUSDT-15m-2025-03.zip,2976,2025-03-01T00:00:00+00:00,2025-03-31T23:45:00+00:00,ae17d51ad99cc5b7498d9fdb591af40601d001af2f08a0e08c0ac1a514d11445,ae17d51ad99cc5b7498d9fdb591af40601d001af2f08a0e08c0ac1a514d11445,167405,2025-04-12T13:51:11.000Z,"""f55e362272750b67738cf309deb3ef0e""",2026-08-21T06:05:16.705906+00:00,PASS,
spot,BTCUSDT,2025-04,https://data.binance.vision/data/spot/monthly/klines/BTCUSDT/15m/BTCUSDT-15m-2025-04.zip,2880,2025-04-01T00:00:00+00:00,2025-04-30T23:45:00+00:00,4c5e24448a99a67756d6c692239a97b9ca7607088f0822ac2a38064afe31cd8e,4c5e24448a99a67756d6c692239a97b9ca7607088f0822ac2a38064afe31cd8e,160754,2025-05-06T11:09:04.000Z,"""6f04705af30e698c99969d1c83b9527b""",2026-08-21T06:05:16.762496+00:00,PASS,
spot,BTCUSDT,2025-05,https://data.binance.vision/data/spot/monthly/klines/BTCUSDT/15m/BTCUSDT-15m-2025-05.zip,2976,2025-05-01T00:00:00+00:00,2025-05-31T23:45:00+00:00,3f281b71006c4675852627577e243106492976f1ed8bf63cb477d6c2c587b73c,3f281b71006c4675852627577e243106492976f1ed8bf63cb477d6c2c587b73c,166978,2025-06-02T08:06:00.000Z,"""9612748f4f4a0a86b81ad546f9c62265""",2026-08-21T06:05:16.947240+00:00,PASS,
spot,BTCUSDT,2025-06,https://data.binance.vision/data/spot/monthly/klines/BTCUSDT/15m/BTCUSDT-15m-2025-06.zip,2880,2025-06-01T00:00:00+00:00,2025-06-30T23:45:00+00:00,38e4a053cd454454fbd59071a7d83e1c2300cbf33244b2c7b1c8e43b0001e70c,38e4a053cd454454fbd59071a7d83e1c2300cbf33244b2c7b1c8e43b0001e70c,160347,2025-07-07T07:53:02.000Z,"""56a631de8733819d0af04b0d3551864e""",2026-08-21T06:05:17.040149+00:00,PASS,
spot,BTCUSDT,2025-07,https://data.binance.vision/data/spot/monthly/klines/BTCUSDT/15m/BTCUSDT-15m-2025-07.zip,2976,2025-07-01T00:00:00+00:00,2025-07-31T23:45:00+00:00,fde0f69099200a5c7a9e2df29c4a30192887dee417cc27b75b78ac156b82ce7e,fde0f69099200a5c7a9e2df29c4a30192887dee417cc27b75b78ac156b82ce7e,165156,2025-08-04T08:20:12.000Z,"""04a40db836deca5f58d64a7b95379cd0""",2026-08-21T06:05:17.251528+00:00,PASS,
spot,BTCUSDT,2025-08,https://data.binance.vision/data/spot/monthly/klines/BTCUSDT/15m/BTCUSDT-15m-2025-08.zip,2976,2025-08-01T00:00:00+00:00,2025-08-31T23:45:00+00:00,be96bc6cc5a7ee230e6991641d997784c9c5fa8a416ef63d09cc39c722debb02,be96bc6cc5a7ee230e6991641d997784c9c5fa8a416ef63d09cc39c722debb02,165760,2025-09-01T08:01:06.000Z,"""2ac5d6498ce77c97984fcb6204839aba""",2026-08-21T06:05:17.397353+00:00,PASS,
spot,BTCUSDT,2025-09,https://data.binance.vision/data/spot/monthly/klines/BTCUSDT/15m/BTCUSDT-15m-2025-09.zip,2880,2025-09-01T00:00:00+00:00,2025-09-30T23:45:00+00:00,b8c6bddf326809830bc5e21043222850699890ea0947d13d1fb98e13339191ca,b8c6bddf326809830bc5e21043222850699890ea0947d13d1fb98e13339191ca,159307,2025-10-06T10:25:57.000Z,"""33de4b44aecf3c962d01ecd52af2f606""",2026-08-21T06:05:17.558776+00:00,PASS,
spot,BTCUSDT,2025-10,https://data.binance.vision/data/spot/monthly/klines/BTCUSDT/15m/BTCUSDT-15m-2025-10.zip,2976,2025-10-01T00:00:00+00:00,2025-10-31T23:45:00+00:00,e70fe6171cc61d01a915c7c7c22f325723c1d7d5216223472ed487f72d693524,e70fe6171cc61d01a915c7c7c22f325723c1d7d5216223472ed487f72d693524,168896,2025-11-03T08:44:12.000Z,"""0a0427be393faa3323c1b83838ce172f""",2026-08-21T06:05:17.832168+00:00,PASS,
spot,BTCUSDT,2025-11,https://data.binance.vision/data/spot/monthly/klines/BTCUSDT/15m/BTCUSDT-15m-2025-11.zip,2880,2025-11-01T00:00:00+00:00,2025-11-30T23:45:00+00:00,23040caa8960c13e0a4875504bb6042396b9fee5eef2ea08e12c5249f51d61df,23040caa8960c13e0a4875504bb6042396b9fee5eef2ea08e12c5249f51d61df,163307,2025-12-01T08:14:38.000Z,"""fe221f3f22a04cc7ca0f28b78902a241""",2026-08-21T06:05:17.786844+00:00,PASS,
spot,BTCUSDT,2025-12,https://data.binance.vision/data/spot/monthly/klines/BTCUSDT/15m/BTCUSDT-15m-2025-12.zip,2976,2025-12-01T00:00:00+00:00,2025-12-31T23:45:00+00:00,a263be5b80c459621d1cd20018951289c64e08891b8425a1dd78c0ee1f490cea,a263be5b80c459621d1cd20018951289c64e08891b8425a1dd78c0ee1f490cea,164960,2026-01-05T10:09:15.000Z,"""e6dabafc760d74294a0b4a9f9c9196a7""",2026-08-21T06:05:18.096294+00:00,PASS,
spot,BTCUSDT,2026-01,https://data.binance.vision/data/spot/monthly/klines/BTCUSDT/15m/BTCUSDT-15m-2026-01.zip,2976,2026-01-01T00:00:00+00:00,2026-01-31T23:45:00+00:00,545a4a8f7ed9aefb9f4d785778f76ae4ce2679c2929a62c10899fee96dec82fc,545a4a8f7ed9aefb9f4d785778f76ae4ce2679c2929a62c10899fee96dec82fc,164099,2026-02-02T07:46:14.000Z,"""7b357bccab994095dbbb055da64d49f3""",2026-08-21T06:05:18.077295+00:00,PASS,
spot,BTCUSDT,2026-02,https://data.binance.vision/data/spot/monthly/klines/BTCUSDT/15m/BTCUSDT-15m-2026-02.zip,2688,2026-02-01T00:00:00+00:00,2026-02-28T23:45:00+00:00,d09bac6fc336d31e943427071bcbf448f024d3116255edbbe5c9646993f700fe,d09bac6fc336d31e943427071bcbf448f024d3116255edbbe5c9646993f700fe,151741,2026-03-02T07:22:17.000Z,"""3533511c89114b4650641d4d0a729580""",2026-08-21T06:05:18.373867+00:00,PASS,
spot,BTCUSDT,2026-03,https://data.binance.vision/data/spot/monthly/klines/BTCUSDT/15m/BTCUSDT-15m-2026-03.zip,2976,2026-03-01T00:00:00+00:00,2026-03-31T23:45:00+00:00,1ecf7fcaffea810ee26e66eac1e3aa2f1fdf4d71330ea2cb2c5e6c0195c964a5,1ecf7fcaffea810ee26e66eac1e3aa2f1fdf4d71330ea2cb2c5e6c0195c964a5,167457,2026-04-06T07:36:17.000Z,"""a3ef7219a132c893b97d0df660b4b0db""",2026-08-21T06:05:18.415878+00:00,PASS,
spot,BTCUSDT,2026-04,https://data.binance.vision/data/spot/monthly/klines/BTCUSDT/15m/BTCUSDT-15m-2026-04.zip,2880,2026-04-01T00:00:00+00:00,2026-04-30T23:45:00+00:00,ba9adf37ba8dc020618db953888cb9a6e1ccc4f1ae62c026b2d99ed66e92b853,ba9adf37ba8dc020618db953888cb9a6e1ccc4f1ae62c026b2d99ed66e92b853,159408,2026-05-04T07:27:03.000Z,"""6e03bba76e905780b0034b89f9c2542f""",2026-08-21T06:05:18.754541+00:00,PASS,
spot,BTCUSDT,2026-05,https://data.binance.vision/data/spot/monthly/klines/BTCUSDT/15m/BTCUSDT-15m-2026-05.zip,2976,2026-05-01T00:00:00+00:00,2026-05-31T23:45:00+00:00,1df53032797db1ca7ab680d9aa726b6cd591e0b7ae0e13d6b5e1bbfd1bd04b8c,1df53032797db1ca7ab680d9aa726b6cd591e0b7ae0e13d6b5e1bbfd1bd04b8c,163343,2026-06-01T07:12:38.000Z,"""8ee2ceb7799102286b054284998742bb""",2026-08-21T06:05:18.716452+00:00,PASS,
spot,BTCUSDT,2026-06,https://data.binance.vision/data/spot/monthly/klines/BTCUSDT/15m/BTCUSDT-15m-2026-06.zip,2880,2026-06-01T00:00:00+00:00,2026-06-30T23:45:00+00:00,1380a9c33e1025bdd4bbe690fd1bb67e37ca8b57d50dfc2993ba36d9dc4a1c7d,1380a9c33e1025bdd4bbe690fd1bb67e37ca8b57d50dfc2993ba36d9dc4a1c7d,158549,2026-07-06T09:19:49.000Z,"""9615d983b39feac3ba1795886e8f2089""",2026-08-21T06:05:19.031475+00:00,PASS,
spot,BTCUSDT,2026-07,https://data.binance.vision/data/spot/monthly/klines/BTCUSDT/15m/BTCUSDT-15m-2026-07.zip,2976,2026-07-01T00:00:00+00:00,2026-07-31T23:45:00+00:00,b043676622c6abcf82eaa07d9c149028aead438636fba1ef97cd88bb6ce1bab4,b043676622c6abcf82eaa07d9c149028aead438636fba1ef97cd88bb6ce1bab4,162249,2026-08-03T10:34:53.000Z,"""5c0c45f42c4281967ac1dab34fae61b4""",2026-08-21T06:05:19.212466+00:00,PASS,
spot,ETHUSDT,2017-08,https://data.binance.vision/data/spot/monthly/klines/ETHUSDT/15m/ETHUSDT-15m-2017-08.zip,1424,2017-08-17T04:00:00+00:00,2017-08-31T23:45:00+00:00,5e3dce8f43ad6e8fbd27b1a342506b8724e7a174ead1b2eb752e39f0bee5e4d7,5e3dce8f43ad6e8fbd27b1a342506b8724e7a174ead1b2eb752e39f0bee5e4d7,73202,2021-06-22T11:34:49.000Z,"""54c72e911fdc141a8bf099a46b6aa2ea""",2026-08-21T06:05:19.356669+00:00,PASS,
spot,ETHUSDT,2017-09,https://data.binance.vision/data/spot/monthly/klines/ETHUSDT/15m/ETHUSDT-15m-2017-09.zip,2852,2017-09-01T00:00:00+00:00,2017-09-30T23:45:00+00:00,563cfb82fdb1a627bdfb7e1e9ccefd203c5f2a7570493419d1292a3e9a9359b0,563cfb82fdb1a627bdfb7e1e9ccefd203c5f2a7570493419d1292a3e9a9359b0,143309,2021-06-22T11:34:49.000Z,"""0020c53225427a4301370610f0c38ded""",2026-08-21T06:05:19.607830+00:00,ISSUES,MISSING_INTERVAL
spot,ETHUSDT,2017-10,https://data.binance.vision/data/spot/monthly/klines/ETHUSDT/15m/ETHUSDT-15m-2017-10.zip,2976,2017-10-01T00:00:00+00:00,2017-10-31T23:45:00+00:00,be1663aa1144064097157d5699589aa8a6444de146c1bfee5edbcd5d234cc1f7,be1663aa1144064097157d5699589aa8a6444de146c1bfee5edbcd5d234cc1f7,157703,2021-06-22T11:34:49.000Z,"""c5a50fef1db6f819463cfaf57c79bb91""",2026-08-21T06:05:19.644830+00:00,PASS,
spot,ETHUSDT,2017-11,https://data.binance.vision/data/spot/monthly/klines/ETHUSDT/15m/ETHUSDT-15m-2017-11.zip,2880,2017-11-01T00:00:00+00:00,2017-11-30T23:45:00+00:00,b14c03f1a6a2b3aa8239abd8b41e282001b5cc5d93b80019d5f38b47e0c98de3,b14c03f1a6a2b3aa8239abd8b41e282001b5cc5d93b80019d5f38b47e0c98de3,160298,2021-06-22T11:34:49.000Z,"""acb3c589f7df8cdd114d234006e8e21d""",2026-08-21T06:05:19.934621+00:00,PASS,
spot,ETHUSDT,2017-12,https://data.binance.vision/data/spot/monthly/klines/ETHUSDT/15m/ETHUSDT-15m-2017-12.zip,2972,2017-12-01T00:00:00+00:00,2017-12-31T23:45:00+00:00,5d7d040105cf556093f51712f9f307fe824e3f82ec79af9d197f71448e13a193,5d7d040105cf556093f51712f9f307fe824e3f82ec79af9d197f71448e13a193,162264,2021-06-22T11:34:49.000Z,"""1f037523b6f2603642dd56bc5634eb95""",2026-08-21T06:05:19.971626+00:00,ISSUES,MISSING_INTERVAL
spot,ETHUSDT,2018-01,https://data.binance.vision/data/spot/monthly/klines/ETHUSDT/15m/ETHUSDT-15m-2018-01.zip,2969,2018-01-01T00:00:00+00:00,2018-01-31T23:45:00+00:00,dd0e77d9fd0c50a724eb4a1d77810cd8626879f8243f31380bccf7329f0ea42a,dd0e77d9fd0c50a724eb4a1d77810cd8626879f8243f31380bccf7329f0ea42a,154387,2021-06-22T11:34:50.000Z,"""4e09a31282314d06037fa2f8278a2b3d""",2026-08-21T06:05:20.231962+00:00,ISSUES,MISSING_INTERVAL
spot,ETHUSDT,2018-02,https://data.binance.vision/data/spot/monthly/klines/ETHUSDT/15m/ETHUSDT-15m-2018-02.zip,2553,2018-02-01T00:00:00+00:00,2018-02-28T23:45:00+00:00,5b33f85cccf38fb1f08c437bfafc1fe7ebf1abda4ca6271b8cf4718c9338dc25,5b33f85cccf38fb1f08c437bfafc1fe7ebf1abda4ca6271b8cf4718c9338dc25,132934,2021-06-22T11:34:50.000Z,"""8d4e796f8afbba82711ff88e2fe1815c""",2026-08-21T06:05:20.286650+00:00,ISSUES,MISSING_INTERVAL;IRREGULAR_INTERVAL
spot,ETHUSDT,2018-03,https://data.binance.vision/data/spot/monthly/klines/ETHUSDT/15m/ETHUSDT-15m-2018-03.zip,2976,2018-03-01T00:00:00+00:00,2018-03-31T23:45:00+00:00,16337d9a57130adb1cc33d9fc1927f63805dfe0c29ea09384343f7e8a4dc788f,16337d9a57130adb1cc33d9fc1927f63805dfe0c29ea09384343f7e8a4dc788f,150851,2021-06-22T11:34:50.000Z,"""2401f18707aede1b784b8619759c9da8""",2026-08-21T06:05:20.542256+00:00,PASS,
spot,ETHUSDT,2018-04,https://data.binance.vision/data/spot/monthly/klines/ETHUSDT/15m/ETHUSDT-15m-2018-04.zip,2880,2018-04-01T00:00:00+00:00,2018-04-30T23:45:00+00:00,c59dc84ecef8354b68d1250ce7005534a0fa2b4ea72e84874fbfda8a7e04e508,c59dc84ecef8354b68d1250ce7005534a0fa2b4ea72e84874fbfda8a7e04e508,146103,2021-06-22T11:34:50.000Z,"""9d58d0f95d3c16bf12fa84034ac529a7""",2026-08-21T06:05:20.629157+00:00,PASS,
spot,ETHUSDT,2018-05,https://data.binance.vision/data/spot/monthly/klines/ETHUSDT/15m/ETHUSDT-15m-2018-05.zip,2976,2018-05-01T00:00:00+00:00,2018-05-31T23:45:00+00:00,d4e838ffeb87cd662ef1044a9dd86c1df6c3d577e45d036f7c17f26c2543eca3,d4e838ffeb87cd662ef1044a9dd86c1df6c3d577e45d036f7c17f26c2543eca3,152659,2021-06-22T11:34:50.000Z,"""4c3a3e81bc254e7f6d277d58ed94e126""",2026-08-21T06:05:20.863938+00:00,PASS,
spot,ETHUSDT,2018-06,https://data.binance.vision/data/spot/monthly/klines/ETHUSDT/15m/ETHUSDT-15m-2018-06.zip,2833,2018-06-01T00:00:00+00:00,2018-06-30T23:45:00+00:00,68d6cec34f798cb475a2f8d1c70f5b40f98ebe9c7557b157ac1f26584c92971f,68d6cec34f798cb475a2f8d1c70f5b40f98ebe9c7557b157ac1f26584c92971f,143483,2021-06-22T11:34:50.000Z,"""529cbf3f8c8895f8e32a187a9105a3bd""",2026-08-21T06:05:20.934382+00:00,ISSUES,MISSING_INTERVAL
spot,ETHUSDT,2018-07,https://data.binance.vision/data/spot/monthly/klines/ETHUSDT/15m/ETHUSDT-15m-2018-07.zip,2946,2018-07-01T00:00:00+00:00,2018-07-31T23:45:00+00:00,28b4a610f56e1a898dfe7c1807ed13bb3d9722bf992def17da800ffc19bec677,28b4a610f56e1a898dfe7c1807ed13bb3d9722bf992def17da800ffc19bec677,149150,2021-06-22T11:34:50.000Z,"""3bd21b92e8ad8459833bfd65e2a39245""",2026-08-21T06:05:21.144025+00:00,ISSUES,MISSING_INTERVAL
spot,ETHUSDT,2018-08,https://data.binance.vision/data/spot/monthly/klines/ETHUSDT/15m/ETHUSDT-15m-2018-08.zip,2976,2018-08-01T00:00:00+00:00,2018-08-31T23:45:00+00:00,f7f3f5ac853a8182064ce722f129050ca5918a6aefeb53bf0d6bd67554acb1bf,f7f3f5ac853a8182064ce722f129050ca5918a6aefeb53bf0d6bd67554acb1bf,151866,2021-06-22T11:34:50.000Z,"""4fc60fbba0f370823742f06d9ef86856""",2026-08-21T06:05:21.252868+00:00,PASS,
spot,ETHUSDT,2018-09,https://data.binance.vision/data/spot/monthly/klines/ETHUSDT/15m/ETHUSDT-15m-2018-09.zip,2880,2018-09-01T00:00:00+00:00,2018-09-30T23:45:00+00:00,a079916d052b38ead44c7d8fac833c33cef78b295150ee5e48c7e5517b7dcc5b,a079916d052b38ead44c7d8fac833c33cef78b295150ee5e48c7e5517b7dcc5b,147970,2021-06-22T11:34:50.000Z,"""625ee0f91650426f8d9f6252f7cb6d44""",2026-08-21T06:05:21.425780+00:00,PASS,
spot,ETHUSDT,2018-10,https://data.binance.vision/data/spot/monthly/klines/ETHUSDT/15m/ETHUSDT-15m-2018-10.zip,2962,2018-10-01T00:00:00+00:00,2018-10-31T23:45:00+00:00,189b7f09f258c07417ee235dabe08b540deca01648f3f3c7f0de7d2d3b1d142c,189b7f09f258c07417ee235dabe08b540deca01648f3f3c7f0de7d2d3b1d142c,144835,2021-06-22T11:34:50.000Z,"""62a4bbd04f6134db51c013a8b051637e""",2026-08-21T06:05:21.564991+00:00,ISSUES,MISSING_INTERVAL
spot,ETHUSDT,2018-11,https://data.binance.vision/data/spot/monthly/klines/ETHUSDT/15m/ETHUSDT-15m-2018-11.zip,2852,2018-11-01T00:00:00+00:00,2018-11-30T23:45:00+00:00,03ac27d070f10e93a8075ff726e00d8ff6e938988867c80e77e705cea8567d10,03ac27d070f10e93a8075ff726e00d8ff6e938988867c80e77e705cea8567d10,142725,2021-06-22T11:34:50.000Z,"""a79312ff42475fcf16031eb82b02db74""",2026-08-21T06:05:21.740663+00:00,ISSUES,MISSING_INTERVAL
spot,ETHUSDT,2018-12,https://data.binance.vision/data/spot/monthly/klines/ETHUSDT/15m/ETHUSDT-15m-2018-12.zip,2976,2018-12-01T00:00:00+00:00,2018-12-31T23:45:00+00:00,a5d605ed8322934f7d33c22490de395c7b63efa89242475edf5872eea35305dc,a5d605ed8322934f7d33c22490de395c7b63efa89242475edf5872eea35305dc,149911,2021-06-22T11:34:51.000Z,"""edbab7d4ff81e361ca45818d7c11379d""",2026-08-21T06:05:21.895309+00:00,PASS,
spot,ETHUSDT,2019-01,https://data.binance.vision/data/spot/monthly/klines/ETHUSDT/15m/ETHUSDT-15m-2019-01.zip,2976,2019-01-01T00:00:00+00:00,2019-01-31T23:45:00+00:00,6ddd90e05d9f337fabfe32b7502ac609e231ca474a1a42b1abf97fed2bc3a636,6ddd90e05d9f337fabfe32b7502ac609e231ca474a1a42b1abf97fed2bc3a636,148551,2021-06-22T11:34:51.000Z,"""58b3f9c0bd75a643ab4d8028362b2ee2""",2026-08-21T06:05:22.079765+00:00,PASS,
spot,ETHUSDT,2019-02,https://data.binance.vision/data/spot/monthly/klines/ETHUSDT/15m/ETHUSDT-15m-2019-02.zip,2688,2019-02-01T00:00:00+00:00,2019-02-28T23:45:00+00:00,d49fdf616a1d2ff57dbe60de6ceb6b8857653680f0505a9f0e0b4ae84303d5b1,d49fdf616a1d2ff57dbe60de6ceb6b8857653680f0505a9f0e0b4ae84303d5b1,133735,2021-06-22T11:34:51.000Z,"""5b37c6d17080da923720161a6aa801d5""",2026-08-21T06:05:22.128059+00:00,PASS,
spot,ETHUSDT,2019-03,https://data.binance.vision/data/spot/monthly/klines/ETHUSDT/15m/ETHUSDT-15m-2019-03.zip,2952,2019-03-01T00:00:00+00:00,2019-03-31T23:45:00+00:00,2019a0beb78123fec7165cb21a23ba87faef86b71003e3d91c9c99f72b616cab,2019a0beb78123fec7165cb21a23ba87faef86b71003e3d91c9c99f72b616cab,144779,2021-06-22T11:34:51.000Z,"""07f5ad0768e64254b18202ece5d3c957""",2026-08-21T06:05:22.380333+00:00,ISSUES,MISSING_INTERVAL
spot,ETHUSDT,2019-04,https://data.binance.vision/data/spot/monthly/klines/ETHUSDT/15m/ETHUSDT-15m-2019-04.zip,2880,2019-04-01T00:00:00+00:00,2019-04-30T23:45:00+00:00,ae5356b6928f160d821918a91b3dd94595f8f9e9e066f89631a3425218562731,ae5356b6928f160d821918a91b3dd94595f8f9e9e066f89631a3425218562731,144434,2021-06-22T11:34:51.000Z,"""5be9210f06cfdaf89b7dd9afc79358f7""",2026-08-21T06:05:22.442964+00:00,PASS,
spot,ETHUSDT,2019-05,https://data.binance.vision/data/spot/monthly/klines/ETHUSDT/15m/ETHUSDT-15m-2019-05.zip,2936,2019-05-01T00:00:00+00:00,2019-05-31T23:45:00+00:00,789877a8c37499f999f4619e55dff2e6cd508ae8bb97d27e39fb3a4544737e10,789877a8c37499f999f4619e55dff2e6cd508ae8bb97d27e39fb3a4544737e10,150703,2021-06-22T11:34:51.000Z,"""949acbc9fcafc6ec8ccefb99ff098cce""",2026-08-21T06:05:22.656172+00:00,ISSUES,MISSING_INTERVAL
spot,ETHUSDT,2019-06,https://data.binance.vision/data/spot/monthly/klines/ETHUSDT/15m/ETHUSDT-15m-2019-06.zip,2876,2019-06-01T00:00:00+00:00,2019-06-30T23:45:00+00:00,8fa1376664631ca01229c0e8d5bdc728a86b30ad1ac197da5ba6aae6a1ef201f,8fa1376664631ca01229c0e8d5bdc728a86b30ad1ac197da5ba6aae6a1ef201f,147251,2021-06-22T11:34:51.000Z,"""41737d92498b5a30539724ec1b73ff97""",2026-08-21T06:05:22.720950+00:00,ISSUES,MISSING_INTERVAL
spot,ETHUSDT,2019-07,https://data.binance.vision/data/spot/monthly/klines/ETHUSDT/15m/ETHUSDT-15m-2019-07.zip,2976,2019-07-01T00:00:00+00:00,2019-07-31T23:45:00+00:00,11ead9bf834b2e92d5c1fe57b46c9bdd4fc4531c865e7a57bac1aba518e3a4ee,11ead9bf834b2e92d5c1fe57b46c9bdd4fc4531c865e7a57bac1aba518e3a4ee,151737,2021-06-22T11:34:51.000Z,"""0108780d719d903e64175bb6f026bf1a""",2026-08-21T06:05:22.898891+00:00,PASS,
spot,ETHUSDT,2019-08,https://data.binance.vision/data/spot/monthly/klines/ETHUSDT/15m/ETHUSDT-15m-2019-08.zip,2944,2019-08-01T00:00:00+00:00,2019-08-31T23:45:00+00:00,cf7bdc7a8063603c43d2fdf448affcd44518c2f41f885bdaf9fb0101e2ceb76c,cf7bdc7a8063603c43d2fdf448affcd44518c2f41f885bdaf9fb0101e2ceb76c,146455,2021-06-22T11:34:51.000Z,"""de63ab9fc254ed2ecc4b1bdfef5939b0""",2026-08-21T06:05:23.038585+00:00,ISSUES,MISSING_INTERVAL
spot,ETHUSDT,2019-09,https://data.binance.vision/data/spot/monthly/klines/ETHUSDT/15m/ETHUSDT-15m-2019-09.zip,2880,2019-09-01T00:00:00+00:00,2019-09-30T23:45:00+00:00,db7356e8543484bb347d486d3525d1afcaef93b4667e49194341c333f0baf166,db7356e8543484bb347d486d3525d1afcaef93b4667e49194341c333f0baf166,145269,2021-06-22T11:34:51.000Z,"""86c92a99e16029a2078e279d47b6bd08""",2026-08-21T06:05:23.216118+00:00,PASS,
spot,ETHUSDT,2019-10,https://data.binance.vision/data/spot/monthly/klines/ETHUSDT/15m/ETHUSDT-15m-2019-10.zip,2976,2019-10-01T00:00:00+00:00,2019-10-31T23:45:00+00:00,77df0079a9e1dc32e18427374b603a541bb48407798785fc7cec16e6f43002d0,77df0079a9e1dc32e18427374b603a541bb48407798785fc7cec16e6f43002d0,150021,2021-06-22T11:34:51.000Z,"""a9230c8b793ce7ea7079dccb39840099""",2026-08-21T06:05:23.282871+00:00,PASS,
spot,ETHUSDT,2019-11,https://data.binance.vision/data/spot/monthly/klines/ETHUSDT/15m/ETHUSDT-15m-2019-11.zip,2863,2019-11-01T00:00:00+00:00,2019-11-30T23:45:00+00:00,0cd2f66b328b6769fce508924732a6c31f24d934eca30d2eaa8a958e52020662,0cd2f66b328b6769fce508924732a6c31f24d934eca30d2eaa8a958e52020662,142765,2021-06-22T11:34:51.000Z,"""10fafab1d99665f418697bb1bdf4e031""",2026-08-21T06:05:23.529856+00:00,ISSUES,MISSING_INTERVAL
spot,ETHUSDT,2019-12,https://data.binance.vision/data/spot/monthly/klines/ETHUSDT/15m/ETHUSDT-15m-2019-12.zip,2976,2019-12-01T00:00:00+00:00,2019-12-31T23:45:00+00:00,b4f6449fdcfc823b5f454cac4ecd2ae7c4aaa0f946faee914880f2388e986dad,b4f6449fdcfc823b5f454cac4ecd2ae7c4aaa0f946faee914880f2388e986dad,145811,2021-06-22T11:34:52.000Z,"""acd1eb55ed750d686a6580ac6d2c9b78""",2026-08-21T06:05:23.590390+00:00,PASS,
spot,ETHUSDT,2020-01,https://data.binance.vision/data/spot/monthly/klines/ETHUSDT/15m/ETHUSDT-15m-2020-01.zip,2976,2020-01-01T00:00:00+00:00,2020-01-31T23:45:00+00:00,29bd369f073f5b31720d3a5d34f6b03edf5440fa1069a3ef2bb0fa0b7941471d,29bd369f073f5b31720d3a5d34f6b03edf5440fa1069a3ef2bb0fa0b7941471d,149268,2021-06-22T11:34:52.000Z,"""294aa49f0a3b54931c7892f61df15777""",2026-08-21T06:05:23.953284+00:00,PASS,
spot,ETHUSDT,2020-02,https://data.binance.vision/data/spot/monthly/klines/ETHUSDT/15m/ETHUSDT-15m-2020-02.zip,2757,2020-02-01T00:00:00+00:00,2020-02-29T23:45:00+00:00,0b3d30806c4bb5e61880d006fd3ec8eeaa8da413fc6e158b1f6bafcd8feb0cc5,0b3d30806c4bb5e61880d006fd3ec8eeaa8da413fc6e158b1f6bafcd8feb0cc5,142762,2021-06-22T11:34:52.000Z,"""7df5ec0695d03d81670cda5ee894569e""",2026-08-21T06:05:23.871878+00:00,ISSUES,MISSING_INTERVAL
spot,ETHUSDT,2020-03,https://data.binance.vision/data/spot/monthly/klines/ETHUSDT/15m/ETHUSDT-15m-2020-03.zip,2968,2020-03-01T00:00:00+00:00,2020-03-31T23:45:00+00:00,01698aaf54e78df4f41701571abb5907128524c684de4ca95d9855a74bf360f0,01698aaf54e78df4f41701571abb5907128524c684de4ca95d9855a74bf360f0,154110,2021-06-22T11:34:52.000Z,"""4c7bb4f4a158ba175695ee3e297ca929""",2026-08-21T06:05:24.170341+00:00,ISSUES,MISSING_INTERVAL
spot,ETHUSDT,2020-04,https://data.binance.vision/data/spot/monthly/klines/ETHUSDT/15m/ETHUSDT-15m-2020-04.zip,2870,2020-04-01T00:00:00+00:00,2020-04-30T23:45:00+00:00,b72c9f2a6b4a6d52b4dc688639b83cb023d44415ec19e75f9107188eca40a53a,b72c9f2a6b4a6d52b4dc688639b83cb023d44415ec19e75f9107188eca40a53a,147706,2021-06-22T11:34:52.000Z,"""a92c49c8d125df7017b72077c617ac99""",2026-08-21T06:05:24.295341+00:00,ISSUES,MISSING_INTERVAL
spot,ETHUSDT,2020-05,https://data.binance.vision/data/spot/monthly/klines/ETHUSDT/15m/ETHUSDT-15m-2020-05.zip,2976,2020-05-01T00:00:00+00:00,2020-05-31T23:45:00+00:00,f0883d2159492e9285c74a0245b054aea393a35bc5590d6a55f9190e8a81fd7d,f0883d2159492e9285c74a0245b054aea393a35bc5590d6a55f9190e8a81fd7d,152701,2021-06-22T11:34:52.000Z,"""58319f0672bf08750de8d089ec60b8d0""",2026-08-21T06:05:24.495344+00:00,PASS,
spot,ETHUSDT,2020-06,https://data.binance.vision/data/spot/monthly/klines/ETHUSDT/15m/ETHUSDT-15m-2020-06.zip,2866,2020-06-01T00:00:00+00:00,2020-06-30T23:45:00+00:00,232ff520baa375b6fb5c92dbfa07612104c3b1bf62063ba2ff9e4c10149058be,232ff520baa375b6fb5c92dbfa07612104c3b1bf62063ba2ff9e4c10149058be,145497,2021-06-22T11:34:52.000Z,"""160df4d792a4339b4f3ab497daea6d2f""",2026-08-21T06:05:24.632341+00:00,ISSUES,MISSING_INTERVAL
spot,ETHUSDT,2020-07,https://data.binance.vision/data/spot/monthly/klines/ETHUSDT/15m/ETHUSDT-15m-2020-07.zip,2976,2020-07-01T00:00:00+00:00,2020-07-31T23:45:00+00:00,397a07dfb7cb8d5ace27b074abe47a73bf74c7cd82bcdcf4d5241a2b3389607e,397a07dfb7cb8d5ace27b074abe47a73bf74c7cd82bcdcf4d5241a2b3389607e,151945,2021-06-22T11:34:52.000Z,"""908749c57d276d2fa0983c7f6293011c""",2026-08-21T06:05:24.742759+00:00,PASS,
spot,ETHUSDT,2020-08,https://data.binance.vision/data/spot/monthly/klines/ETHUSDT/15m/ETHUSDT-15m-2020-08.zip,2976,2020-08-01T00:00:00+00:00,2020-08-31T23:45:00+00:00,658dfdbeb68a7c691cc253a97aa275fede546159e0b2815e300606b2617308cc,658dfdbeb68a7c691cc253a97aa275fede546159e0b2815e300606b2617308cc,156010,2021-06-22T11:34:52.000Z,"""57b59b388544972f02f9d872491584b1""",2026-08-21T06:05:24.961975+00:00,PASS,
spot,ETHUSDT,2020-09,https://data.binance.vision/data/spot/monthly/klines/ETHUSDT/15m/ETHUSDT-15m-2020-09.zip,2880,2020-09-01T00:00:00+00:00,2020-09-30T23:45:00+00:00,a70e210c356176d89757fc0f4f522144c6046425e725375f7d157ea80e1369de,a70e210c356176d89757fc0f4f522144c6046425e725375f7d157ea80e1369de,151702,2021-06-22T11:34:52.000Z,"""64eb1d521f69806200841f9ac808552b""",2026-08-21T06:05:25.080523+00:00,PASS,
spot,ETHUSDT,2020-10,https://data.binance.vision/data/spot/monthly/klines/ETHUSDT/15m/ETHUSDT-15m-2020-10.zip,2976,2020-10-01T00:00:00+00:00,2020-10-31T23:45:00+00:00,1464a6821df78bd8adfc545e1657d8e7ce6b953ec27d3fe91ec9f548902acfbd,1464a6821df78bd8adfc545e1657d8e7ce6b953ec27d3fe91ec9f548902acfbd,153680,2021-06-22T11:34:52.000Z,"""c0fafe0e080a95227028fe62ff92e16d""",2026-08-21T06:05:25.314298+00:00,PASS,
spot,ETHUSDT,2020-11,https://data.binance.vision/data/spot/monthly/klines/ETHUSDT/15m/ETHUSDT-15m-2020-11.zip,2876,2020-11-01T00:00:00+00:00,2020-11-30T23:45:00+00:00,e048dde908e906136b83143e16301f529fb92faa21587a9fe158558925dd6641,e048dde908e906136b83143e16301f529fb92faa21587a9fe158558925dd6641,152925,2021-06-22T11:34:52.000Z,"""077aaa9f9476bb1e8e823c05b5d3e04a""",2026-08-21T06:05:25.351813+00:00,ISSUES,MISSING_INTERVAL
spot,ETHUSDT,2020-12,https://data.binance.vision/data/spot/monthly/klines/ETHUSDT/15m/ETHUSDT-15m-2020-12.zip,2957,2020-12-01T00:00:00+00:00,2020-12-31T23:45:00+00:00,947e21b6ee307cdbdc1dc22a556ebd5c553d1fd127993bef46ff6e085c949992,947e21b6ee307cdbdc1dc22a556ebd5c553d1fd127993bef46ff6e085c949992,157412,2021-06-22T11:34:53.000Z,"""9e023d7d5c4e66bed32528b6e164fea7""",2026-08-21T06:05:25.715876+00:00,ISSUES,MISSING_INTERVAL
spot,ETHUSDT,2021-01,https://data.binance.vision/data/spot/monthly/klines/ETHUSDT/15m/ETHUSDT-15m-2021-01.zip,2976,2021-01-01T00:00:00+00:00,2021-01-31T23:45:00+00:00,8edc903436445c97a800c3c3859a47663245bf8570b47e86c3b06736b454df00,8edc903436445c97a800c3c3859a47663245bf8570b47e86c3b06736b454df00,166008,2021-06-22T11:34:53.000Z,"""255615f7481330a259147938dfc2b4e2""",2026-08-21T06:05:25.638146+00:00,PASS,
spot,ETHUSDT,2021-02,https://data.binance.vision/data/spot/monthly/klines/ETHUSDT/15m/ETHUSDT-15m-2021-02.zip,2683,2021-02-01T00:00:00+00:00,2021-02-28T23:45:00+00:00,a89838e59572696d8524402600cb7cc6ded07eb8a4cc69d13d22514d0f088518,a89838e59572696d8524402600cb7cc6ded07eb8a4cc69d13d22514d0f088518,148858,2021-06-22T11:34:53.000Z,"""4b243cb936098d68e29cd6e4ba5d54cb""",2026-08-21T06:05:25.916094+00:00,ISSUES,MISSING_INTERVAL
spot,ETHUSDT,2021-03,https://data.binance.vision/data/spot/monthly/klines/ETHUSDT/15m/ETHUSDT-15m-2021-03.zip,2970,2021-03-01T00:00:00+00:00,2021-03-31T23:45:00+00:00,b19829af188eed9448e6dcb5d1fa5c77ae04a49b3039292faa13c5f3414d803e,b19829af188eed9448e6dcb5d1fa5c77ae04a49b3039292faa13c5f3414d803e,163017,2021-06-22T11:34:53.000Z,"""edf8944e0aab37c1ae9c6479fff1f67d""",2026-08-21T06:05:25.960569+00:00,ISSUES,MISSING_INTERVAL
spot,ETHUSDT,2021-04,https://data.binance.vision/data/spot/monthly/klines/ETHUSDT/15m/ETHUSDT-15m-2021-04.zip,2852,2021-04-01T00:00:00+00:00,2021-04-30T23:45:00+00:00,0044bc8e84a9f16285dc5f1bc1706234f61543839a8e6619b5ed069681c3d61f,0044bc8e84a9f16285dc5f1bc1706234f61543839a8e6619b5ed069681c3d61f,158710,2021-06-22T11:34:53.000Z,"""ad68ba337db014380f26018848336442""",2026-08-21T06:05:26.161986+00:00,ISSUES,MISSING_INTERVAL
spot,ETHUSDT,2021-05,https://data.binance.vision/data/spot/monthly/klines/ETHUSDT/15m/ETHUSDT-15m-2021-05.zip,2976,2021-05-01T00:00:00+00:00,2021-05-31T23:45:00+00:00,53f84fa5070ce1fc017dfdbcab02282bd9301886131d9e054f5be6c0e10dd2af,53f84fa5070ce1fc017dfdbcab02282bd9301886131d9e054f5be6c0e10dd2af,169956,2021-06-22T11:34:53.000Z,"""4659136d34482ed8a7bd4d0f991d834d""",2026-08-21T06:05:26.237351+00:00,PASS,
spot,ETHUSDT,2021-06,https://data.binance.vision/data/spot/monthly/klines/ETHUSDT/15m/ETHUSDT-15m-2021-06.zip,2880,2021-06-01T00:00:00+00:00,2021-06-30T23:45:00+00:00,12609de7cf35765a70be9380bbd839d1766d50f0675dfcedd57de807bbee46d4,12609de7cf35765a70be9380bbd839d1766d50f0675dfcedd57de807bbee46d4,160753,2021-07-01T06:58:14.000Z,"""52450020c3041b1239da99afd14bc389""",2026-08-21T06:05:26.454732+00:00,PASS,
spot,ETHUSDT,2021-07,https://data.binance.vision/data/spot/monthly/klines/ETHUSDT/15m/ETHUSDT-15m-2021-07.zip,2976,2021-07-01T00:00:00+00:00,2021-07-31T23:45:00+00:00,7894581c3e4c17f54f832c44c88ccd002d4a497e088e58f516b789bf9c82094a,7894581c3e4c17f54f832c44c88ccd002d4a497e088e58f516b789bf9c82094a,164122,2021-08-02T05:04:45.000Z,"""340c6eb2468d33bc2db228738f49c3d2""",2026-08-21T06:05:26.474733+00:00,PASS,
spot,ETHUSDT,2021-08,https://data.binance.vision/data/spot/monthly/klines/ETHUSDT/15m/ETHUSDT-15m-2021-08.zip,2958,2021-08-01T00:00:00+00:00,2021-08-31T23:45:00+00:00,f5fa5199358586df77da71ffaa6c40eccf6e53e1fc5224bac5814eec70597211,f5fa5199358586df77da71ffaa6c40eccf6e53e1fc5224bac5814eec70597211,162906,2021-09-04T12:32:31.000Z,"""6e71f26f7d95bcb1e8f6591b3177a737""",2026-08-21T06:05:26.698195+00:00,ISSUES,MISSING_INTERVAL
spot,ETHUSDT,2021-09,https://data.binance.vision/data/spot/monthly/klines/ETHUSDT/15m/ETHUSDT-15m-2021-09.zip,2872,2021-09-01T00:00:00+00:00,2021-09-30T23:45:00+00:00,5780f76bee3a169a5d13a4d2cb178c5e87f8005775b6092be24f79191fbad531,5780f76bee3a169a5d13a4d2cb178c5e87f8005775b6092be24f79191fbad531,154072,2021-10-01T03:51:51.000Z,"""c93c16e658d3e0f93ba6e1cd14125544""",2026-08-21T06:05:26.733195+00:00,ISSUES,MISSING_INTERVAL
spot,ETHUSDT,2021-10,https://data.binance.vision/data/spot/monthly/klines/ETHUSDT/15m/ETHUSDT-15m-2021-10.zip,2976,2021-10-01T00:00:00+00:00,2021-10-31T23:45:00+00:00,39189bbd2f4ab81b91f2aa73f49a97d3343c663af47b48a2d0092f11d7fc2a97,39189bbd2f4ab81b91f2aa73f49a97d3343c663af47b48a2d0092f11d7fc2a97,158940,2021-11-16T02:05:22.000Z,"""2e062bcc454c5c50c2f2353f4e5a8f74""",2026-08-21T06:05:26.910530+00:00,PASS,
spot,ETHUSDT,2021-11,https://data.binance.vision/data/spot/monthly/klines/ETHUSDT/15m/ETHUSDT-15m-2021-11.zip,2880,2021-11-01T00:00:00+00:00,2021-11-30T23:45:00+00:00,55f98422c66835dd208dcb59a8cef5f24a8e49ea164e38a811ad89dd9c86990f,55f98422c66835dd208dcb59a8cef5f24a8e49ea164e38a811ad89dd9c86990f,154104,2021-12-01T06:05:17.000Z,"""40e6743270f56a661eeec7ce39fb2fdf""",2026-08-21T06:05:27.041513+00:00,PASS,
spot,ETHUSDT,2021-12,https://data.binance.vision/data/spot/monthly/klines/ETHUSDT/15m/ETHUSDT-15m-2021-12.zip,2976,2021-12-01T00:00:00+00:00,2021-12-31T23:45:00+00:00,5f67b5cfc6122db50b2546db64fb1c135fe8ec96aa40990ecc8242ab941549db,5f67b5cfc6122db50b2546db64fb1c135fe8ec96aa40990ecc8242ab941549db,158507,2022-01-01T12:09:52.000Z,"""54b4bf340b2d673685726e4d49684d74""",2026-08-21T06:05:27.202979+00:00,PASS,
spot,ETHUSDT,2022-01,https://data.binance.vision/data/spot/monthly/klines/ETHUSDT/15m/ETHUSDT-15m-2022-01.zip,2976,2022-01-01T00:00:00+00:00,2022-01-31T23:45:00+00:00,fbf8e9d4b0f0fa533ca2efe5f9f5d5add0f0c363823f930f938907fb8fb7699c,fbf8e9d4b0f0fa533ca2efe5f9f5d5add0f0c363823f930f938907fb8fb7699c,157719,2022-02-01T08:00:08.000Z,"""5d35d519ceaf615533dc252fa3668805""",2026-08-21T06:05:27.326725+00:00,PASS,
spot,ETHUSDT,2022-02,https://data.binance.vision/data/spot/monthly/klines/ETHUSDT/15m/ETHUSDT-15m-2022-02.zip,2688,2022-02-01T00:00:00+00:00,2022-02-28T23:45:00+00:00,d883f4ee0879395dc33ad8e26ec1ea9e06f76d86b07848386557432dc7a1f5bd,d883f4ee0879395dc33ad8e26ec1ea9e06f76d86b07848386557432dc7a1f5bd,142912,2022-03-02T00:47:44.000Z,"""36c97cd7c3193a5cf214f2b481f22b8d""",2026-08-21T06:05:27.511493+00:00,PASS,
spot,ETHUSDT,2022-03,https://data.binance.vision/data/spot/monthly/klines/ETHUSDT/15m/ETHUSDT-15m-2022-03.zip,2976,2022-03-01T00:00:00+00:00,2022-03-31T23:45:00+00:00,da8f35afe58f968800ef5f32208f0092e90325f3e3d73b9e44bf551627b36195,da8f35afe58f968800ef5f32208f0092e90325f3e3d73b9e44bf551627b36195,156802,2022-09-02T11:32:09.000Z,"""ef5ccb33de45537b2c2e42cd82bd3a36""",2026-08-21T06:05:27.564044+00:00,PASS,
spot,ETHUSDT,2022-04,https://data.binance.vision/data/spot/monthly/klines/ETHUSDT/15m/ETHUSDT-15m-2022-04.zip,2880,2022-04-01T00:00:00+00:00,2022-04-30T23:45:00+00:00,00bda6572dde6a7bfdac52fc6eb5f71a35b1282edb1df5dcb38e33a0ff231e3a,00bda6572dde6a7bfdac52fc6eb5f71a35b1282edb1df5dcb38e33a0ff231e3a,151639,2022-05-02T02:07:14.000Z,"""e524fed8570ab49f607a3375159322c0""",2026-08-21T06:05:27.776411+00:00,PASS,
spot,ETHUSDT,2022-05,https://data.binance.vision/data/spot/monthly/klines/ETHUSDT/15m/ETHUSDT-15m-2022-05.zip,2976,2022-05-01T00:00:00+00:00,2022-05-31T23:45:00+00:00,17910dcd95567fc435a1f89322dc12e8bd6af471aaab8451d273b3017893a7fe,17910dcd95567fc435a1f89322dc12e8bd6af471aaab8451d273b3017893a7fe,158103,2022-06-02T05:14:07.000Z,"""c1cd246dfc597694ebe8c728c22d4030""",2026-08-21T06:05:27.811412+00:00,PASS,
spot,ETHUSDT,2022-06,https://data.binance.vision/data/spot/monthly/klines/ETHUSDT/15m/ETHUSDT-15m-2022-06.zip,2880,2022-06-01T00:00:00+00:00,2022-06-30T23:45:00+00:00,d0516b7fd012c7f5463c6176cbdd65251357ea63e336f42459e3d75e2584d0ff,d0516b7fd012c7f5463c6176cbdd65251357ea63e336f42459e3d75e2584d0ff,153751,2022-07-01T04:34:47.000Z,"""1f17488fdc79d9c88f540dfbce8ac841""",2026-08-21T06:05:28.052254+00:00,PASS,
spot,ETHUSDT,2022-07,https://data.binance.vision/data/spot/monthly/klines/ETHUSDT/15m/ETHUSDT-15m-2022-07.zip,2976,2022-07-01T00:00:00+00:00,2022-07-31T23:45:00+00:00,2382dc533b1663d3d44ec8dd778386ef97d6a4bc5c0addc075448ef8c6fedb9b,2382dc533b1663d3d44ec8dd778386ef97d6a4bc5c0addc075448ef8c6fedb9b,158434,2022-08-01T08:59:17.000Z,"""465c0b69645f59786f2ed546124ffd66""",2026-08-21T06:05:28.089768+00:00,PASS,
spot,ETHUSDT,2022-08,https://data.binance.vision/data/spot/monthly/klines/ETHUSDT/15m/ETHUSDT-15m-2022-08.zip,2976,2022-08-01T00:00:00+00:00,2022-08-31T23:45:00+00:00,abcca9d5ba3d43ea709937699dc2a705c1f15d062489375d1f98b7f34ca787ef,abcca9d5ba3d43ea709937699dc2a705c1f15d062489375d1f98b7f34ca787ef,157937,2022-09-01T05:35:09.000Z,"""93c14ead685c44615e2d9164494f7136""",2026-08-21T06:05:28.433040+00:00,PASS,
spot,ETHUSDT,2022-09,https://data.binance.vision/data/spot/monthly/klines/ETHUSDT/15m/ETHUSDT-15m-2022-09.zip,2880,2022-09-01T00:00:00+00:00,2022-09-30T23:45:00+00:00,abc5d7d500b0260cabeb5496c92db0b5b0e8b9fd4f29b3fb08d270724c98b7c6,abc5d7d500b0260cabeb5496c92db0b5b0e8b9fd4f29b3fb08d270724c98b7c6,151798,2022-10-03T06:02:13.000Z,"""03ff526d7b82a9bd98f3db68a23272c8""",2026-08-21T06:05:28.384991+00:00,PASS,
spot,ETHUSDT,2022-10,https://data.binance.vision/data/spot/monthly/klines/ETHUSDT/15m/ETHUSDT-15m-2022-10.zip,2976,2022-10-01T00:00:00+00:00,2022-10-31T23:45:00+00:00,ce3aee6ea123bea8668df209766a3fe441f0462798983b16f63bf52d61d1e028,ce3aee6ea123bea8668df209766a3fe441f0462798983b16f63bf52d61d1e028,153634,2022-11-03T20:56:17.000Z,"""4b460e5d73eed0e70122617884f092b4""",2026-08-21T06:05:28.625781+00:00,PASS,
spot,ETHUSDT,2022-11,https://data.binance.vision/data/spot/monthly/klines/ETHUSDT/15m/ETHUSDT-15m-2022-11.zip,2880,2022-11-01T00:00:00+00:00,2022-11-30T23:45:00+00:00,a85f85d6dd7b4ed2235d07de06309420bf6d4b4486adb55f978613b2e8701ccb,a85f85d6dd7b4ed2235d07de06309420bf6d4b4486adb55f978613b2e8701ccb,150749,2022-12-02T09:42:53.000Z,"""52c00fa33a5249428d3ad967f3891183""",2026-08-21T06:05:28.682470+00:00,PASS,
spot,ETHUSDT,2022-12,https://data.binance.vision/data/spot/monthly/klines/ETHUSDT/15m/ETHUSDT-15m-2022-12.zip,2976,2022-12-01T00:00:00+00:00,2022-12-31T23:45:00+00:00,a3db71ca486fc15f4cc70e1f6d3d16ded7dffb6357ed7ea0710335a38ad8a039,a3db71ca486fc15f4cc70e1f6d3d16ded7dffb6357ed7ea0710335a38ad8a039,150401,2023-01-04T05:08:01.000Z,"""3e996d5cf933b0b0ee50cccfd8ef4857""",2026-08-21T06:05:29.093908+00:00,PASS,
spot,ETHUSDT,2023-01,https://data.binance.vision/data/spot/monthly/klines/ETHUSDT/15m/ETHUSDT-15m-2023-01.zip,2976,2023-01-01T00:00:00+00:00,2023-01-31T23:45:00+00:00,1575719192e93650a4f1aea522ed4c7beb909cf7ca46beb047918aa838897d34,1575719192e93650a4f1aea522ed4c7beb909cf7ca46beb047918aa838897d34,152605,2023-02-18T01:03:28.000Z,"""5d5e18f549e7640e24df17e515faeace""",2026-08-21T06:05:28.995770+00:00,PASS,
spot,ETHUSDT,2023-02,https://data.binance.vision/data/spot/monthly/klines/ETHUSDT/15m/ETHUSDT-15m-2023-02.zip,2688,2023-02-01T00:00:00+00:00,2023-02-28T23:45:00+00:00,a76ad91c947eebdadfcc89ff7cf210204f3e4609c0716dad992db7e83ea4ad43,a76ad91c947eebdadfcc89ff7cf210204f3e4609c0716dad992db7e83ea4ad43,139152,2023-03-02T03:44:47.000Z,"""d800b8202505d347e8b7fd04ce1a94a5""",2026-08-21T06:05:29.433646+00:00,PASS,
spot,ETHUSDT,2023-03,https://data.binance.vision/data/spot/monthly/klines/ETHUSDT/15m/ETHUSDT-15m-2023-03.zip,2971,2023-03-01T00:00:00+00:00,2023-03-31T23:45:00+00:00,63f591e35691c501c232b06a980641f87aded1f9497281ad279999babaca1e71,63f591e35691c501c232b06a980641f87aded1f9497281ad279999babaca1e71,155154,2023-04-05T15:14:10.000Z,"""304be1f54a70d340b582ff684b5870d2""",2026-08-21T06:05:29.479012+00:00,ISSUES,MISSING_INTERVAL
spot,ETHUSDT,2023-04,https://data.binance.vision/data/spot/monthly/klines/ETHUSDT/15m/ETHUSDT-15m-2023-04.zip,2880,2023-04-01T00:00:00+00:00,2023-04-30T23:45:00+00:00,c4931decfaf9c153071727bfeb004c7689aeae1f7e0704b82a04edbf2834f1d1,c4931decfaf9c153071727bfeb004c7689aeae1f7e0704b82a04edbf2834f1d1,149182,2023-05-02T13:34:51.000Z,"""bdc7fb427f3406e808b0845f6a5605bc""",2026-08-21T06:05:29.824268+00:00,PASS,
spot,ETHUSDT,2023-05,https://data.binance.vision/data/spot/monthly/klines/ETHUSDT/15m/ETHUSDT-15m-2023-05.zip,2976,2023-05-01T00:00:00+00:00,2023-05-31T23:45:00+00:00,52258dbce42595e70fe2073a9f8324fca6a6da5fe4b5223e1540b82442837849,52258dbce42595e70fe2073a9f8324fca6a6da5fe4b5223e1540b82442837849,152114,2023-06-06T07:15:52.000Z,"""02eeb0b288fcb3229b004c9fa9e345bf""",2026-08-21T06:05:29.695341+00:00,PASS,
spot,ETHUSDT,2023-06,https://data.binance.vision/data/spot/monthly/klines/ETHUSDT/15m/ETHUSDT-15m-2023-06.zip,2880,2023-06-01T00:00:00+00:00,2023-06-30T23:45:00+00:00,d6b6868b735a099f099a77fe51ef5cd8eb86d83aaf85c86d5c8e745e90d4dbaf,d6b6868b735a099f099a77fe51ef5cd8eb86d83aaf85c86d5c8e745e90d4dbaf,147215,2023-07-04T05:50:04.000Z,"""5a0c9e97dbc4bc7b29272f9ba2576072""",2026-08-21T06:05:30.142746+00:00,PASS,
spot,ETHUSDT,2023-07,https://data.binance.vision/data/spot/monthly/klines/ETHUSDT/15m/ETHUSDT-15m-2023-07.zip,2976,2023-07-01T00:00:00+00:00,2023-07-31T23:45:00+00:00,b874cf5e8e2396dd8d13bab1340bc528574a658ad339b249f3f0dc95050dffd1,b874cf5e8e2396dd8d13bab1340bc528574a658ad339b249f3f0dc95050dffd1,149608,2023-08-02T12:50:18.000Z,"""7ffe3a5caa67b9c4f89c3c257375c400""",2026-08-21T06:05:30.108748+00:00,PASS,
spot,ETHUSDT,2023-08,https://data.binance.vision/data/spot/monthly/klines/ETHUSDT/15m/ETHUSDT-15m-2023-08.zip,2976,2023-08-01T00:00:00+00:00,2023-08-31T23:45:00+00:00,ba3c20e3309010d3d175cc76d13eb1acc71f6d32b483da5b48152b623e17ac38,ba3c20e3309010d3d175cc76d13eb1acc71f6d32b483da5b48152b623e17ac38,148412,2023-09-19T01:45:54.000Z,"""dd47a520dc2c3520bcb44ee7b5abf411""",2026-08-21T06:05:30.356578+00:00,PASS,
spot,ETHUSDT,2023-09,https://data.binance.vision/data/spot/monthly/klines/ETHUSDT/15m/ETHUSDT-15m-2023-09.zip,2880,2023-09-01T00:00:00+00:00,2023-09-30T23:45:00+00:00,79639262ec81de75316658777b3caf4ecbaf477c2968f56941a0a738c7d26969,79639262ec81de75316658777b3caf4ecbaf477c2968f56941a0a738c7d26969,143764,2023-10-05T05:45:26.000Z,"""85812d46e835e3438302d60f77518797""",2026-08-21T06:05:30.442388+00:00,PASS,
spot,ETHUSDT,2023-10,https://data.binance.vision/data/spot/monthly/klines/ETHUSDT/15m/ETHUSDT-15m-2023-10.zip,2976,2023-10-01T00:00:00+00:00,2023-10-31T23:45:00+00:00,6445662660f6f715b510ff8e1caf8d775cf5b72fd7b96f70082adfac1336cddf,6445662660f6f715b510ff8e1caf8d775cf5b72fd7b96f70082adfac1336cddf,151013,2023-11-03T09:01:50.000Z,"""bbe58e2d27ade0e213bf8e75921ba08b""",2026-08-21T06:05:30.616873+00:00,PASS,
spot,ETHUSDT,2023-11,https://data.binance.vision/data/spot/monthly/klines/ETHUSDT/15m/ETHUSDT-15m-2023-11.zip,2880,2023-11-01T00:00:00+00:00,2023-11-30T23:45:00+00:00,b1feac3245419158f0017a82f95f2199e2172373638f0751ace1c8323ed99f43,b1feac3245419158f0017a82f95f2199e2172373638f0751ace1c8323ed99f43,148920,2023-12-05T02:49:03.000Z,"""3ab04d77d2cec6fbdc1061700d94b530""",2026-08-21T06:05:30.887615+00:00,PASS,
spot,ETHUSDT,2023-12,https://data.binance.vision/data/spot/monthly/klines/ETHUSDT/15m/ETHUSDT-15m-2023-12.zip,2976,2023-12-01T00:00:00+00:00,2023-12-31T23:45:00+00:00,8d74c7e0013b6e5e5dd372073de9bd80d11ce271be2addf9a6b06561705e239e,8d74c7e0013b6e5e5dd372073de9bd80d11ce271be2addf9a6b06561705e239e,154754,2024-01-10T03:29:32.000Z,"""781ec689fe5ccdec8a38b40bc01b7a0e""",2026-08-21T06:05:30.967031+00:00,PASS,
spot,ETHUSDT,2024-01,https://data.binance.vision/data/spot/monthly/klines/ETHUSDT/15m/ETHUSDT-15m-2024-01.zip,2976,2024-01-01T00:00:00+00:00,2024-01-31T23:45:00+00:00,a52f64be0752ffd8f1abeed7446045ff2d3c39855e77b636c30ccf2c06ddd008,a52f64be0752ffd8f1abeed7446045ff2d3c39855e77b636c30ccf2c06ddd008,155311,2024-02-05T12:26:27.000Z,"""5a8d83a749678c19d8948f5e7ee6d5fb""",2026-08-21T06:05:31.176810+00:00,PASS,
spot,ETHUSDT,2024-02,https://data.binance.vision/data/spot/monthly/klines/ETHUSDT/15m/ETHUSDT-15m-2024-02.zip,2784,2024-02-01T00:00:00+00:00,2024-02-29T23:45:00+00:00,1e02fac59990c6eeec1f37f5e7fffb0e34279834a78c5934896c098380c59d2a,1e02fac59990c6eeec1f37f5e7fffb0e34279834a78c5934896c098380c59d2a,145728,2024-03-12T11:00:27.000Z,"""d4db3b22ca982a451faab6f400c89394""",2026-08-21T06:05:31.193809+00:00,PASS,
spot,ETHUSDT,2024-03,https://data.binance.vision/data/spot/monthly/klines/ETHUSDT/15m/ETHUSDT-15m-2024-03.zip,2976,2024-03-01T00:00:00+00:00,2024-03-31T23:45:00+00:00,0c403af70b056779054d16b81fbd904864738c8026b40622da5ae28632a8f945,0c403af70b056779054d16b81fbd904864738c8026b40622da5ae28632a8f945,158722,2024-04-11T14:01:33.000Z,"""ebdd013a634950234b7540bc72d71cab""",2026-08-21T06:05:31.474754+00:00,PASS,
spot,ETHUSDT,2024-04,https://data.binance.vision/data/spot/monthly/klines/ETHUSDT/15m/ETHUSDT-15m-2024-04.zip,2880,2024-04-01T00:00:00+00:00,2024-04-30T23:45:00+00:00,b2601ce5ceb71d46d3889beaacad971d823393a7dae78e68852e52da758a0c78,b2601ce5ceb71d46d3889beaacad971d823393a7dae78e68852e52da758a0c78,152123,2024-05-11T15:14:30.000Z,"""167fae7d7292f52e63132a9d36ffa325""",2026-08-21T06:05:31.546372+00:00,PASS,
spot,ETHUSDT,2024-05,https://data.binance.vision/data/spot/monthly/klines/ETHUSDT/15m/ETHUSDT-15m-2024-05.zip,2976,2024-05-01T00:00:00+00:00,2024-05-31T23:45:00+00:00,606e908fe6de46f3bc2e950434093be686fefaf24946d59a897ddc7a48c2b1f3,606e908fe6de46f3bc2e950434093be686fefaf24946d59a897ddc7a48c2b1f3,155654,2024-06-06T03:21:28.000Z,"""2d12e536d93175f0d4ff62bfe313d619""",2026-08-21T06:05:31.790041+00:00,PASS,
spot,ETHUSDT,2024-06,https://data.binance.vision/data/spot/monthly/klines/ETHUSDT/15m/ETHUSDT-15m-2024-06.zip,2880,2024-06-01T00:00:00+00:00,2024-06-30T23:45:00+00:00,7a79f1af25487217a1b187163a98e2df10c27b4ea2050bddf0199138feae3613,7a79f1af25487217a1b187163a98e2df10c27b4ea2050bddf0199138feae3613,148930,2024-07-09T04:25:29.000Z,"""7eda46041d7f203e8b9434c90edff845""",2026-08-21T06:05:31.826041+00:00,PASS,
spot,ETHUSDT,2024-07,https://data.binance.vision/data/spot/monthly/klines/ETHUSDT/15m/ETHUSDT-15m-2024-07.zip,2976,2024-07-01T00:00:00+00:00,2024-07-31T23:45:00+00:00,9158fc53f283c3c467a411fb4a12d235fe53225904b6c75ac4bcb237cdea364c,9158fc53f283c3c467a411fb4a12d235fe53225904b6c75ac4bcb237cdea364c,155717,2024-08-08T09:51:05.000Z,"""a1018cedee936044e015a3800be6f49f""",2026-08-21T06:05:32.069969+00:00,PASS,
spot,ETHUSDT,2024-08,https://data.binance.vision/data/spot/monthly/klines/ETHUSDT/15m/ETHUSDT-15m-2024-08.zip,2976,2024-08-01T00:00:00+00:00,2024-08-31T23:45:00+00:00,d69a001670428e83a8dea90d5fb7bacbcd777410e98293318674e0aa90a5daac,d69a001670428e83a8dea90d5fb7bacbcd777410e98293318674e0aa90a5daac,156138,2024-09-10T11:42:30.000Z,"""b41223d0700597fbf81fd694bc0e8594""",2026-08-21T06:05:32.131531+00:00,PASS,
spot,ETHUSDT,2024-09,https://data.binance.vision/data/spot/monthly/klines/ETHUSDT/15m/ETHUSDT-15m-2024-09.zip,2880,2024-09-01T00:00:00+00:00,2024-09-30T23:45:00+00:00,4ae6d427ed21138f96f8ea47257812640da2000ea72e608f86701c4983f68700,4ae6d427ed21138f96f8ea47257812640da2000ea72e608f86701c4983f68700,149267,2024-10-15T13:00:14.000Z,"""8b8b728b8fa26d1eccf972cc55ec9c43""",2026-08-21T06:05:32.351011+00:00,PASS,
spot,ETHUSDT,2024-10,https://data.binance.vision/data/spot/monthly/klines/ETHUSDT/15m/ETHUSDT-15m-2024-10.zip,2976,2024-10-01T00:00:00+00:00,2024-10-31T23:45:00+00:00,ebb1d763fabab7d32025015e0229fccedaf3d768165d03a5df2756995fb75d32,ebb1d763fabab7d32025015e0229fccedaf3d768165d03a5df2756995fb75d32,154883,2024-11-06T10:48:39.000Z,"""10eceb52940aaf1e5756b98bee7eb68d""",2026-08-21T06:05:32.392547+00:00,PASS,
spot,ETHUSDT,2024-11,https://data.binance.vision/data/spot/monthly/klines/ETHUSDT/15m/ETHUSDT-15m-2024-11.zip,2880,2024-11-01T00:00:00+00:00,2024-11-30T23:45:00+00:00,fc64a5f1201c6b59f9a3e476e17de2eecf5c2d71141be86bc50cfd10fb43f37f,fc64a5f1201c6b59f9a3e476e17de2eecf5c2d71141be86bc50cfd10fb43f37f,154025,2024-12-02T18:41:38.000Z,"""af62dab86d81a477412af45da02ed90d""",2026-08-21T06:05:32.656185+00:00,PASS,
spot,ETHUSDT,2024-12,https://data.binance.vision/data/spot/monthly/klines/ETHUSDT/15m/ETHUSDT-15m-2024-12.zip,2976,2024-12-01T00:00:00+00:00,2024-12-31T23:45:00+00:00,740ceb801c523850370500e757062a0f1fe4070f5750ef173799c6427fe4a4fd,740ceb801c523850370500e757062a0f1fe4070f5750ef173799c6427fe4a4fd,159011,2025-01-08T01:32:44.000Z,"""02d3677528935a0a1db44adca0509054""",2026-08-21T06:05:32.622186+00:00,PASS,
spot,ETHUSDT,2025-01,https://data.binance.vision/data/spot/monthly/klines/ETHUSDT/15m/ETHUSDT-15m-2025-01.zip,2976,2025-01-01T00:00:00+00:00,2025-01-31T23:45:00+00:00,84bad649817269f4e97b6c567c5dd177a4e1d21921ce216798406bf5e2dc39bd,84bad649817269f4e97b6c567c5dd177a4e1d21921ce216798406bf5e2dc39bd,159000,2025-02-08T12:45:51.000Z,"""12d435046b5b9cbcb3fd15ea60f227f2""",2026-08-21T06:05:32.867812+00:00,PASS,
spot,ETHUSDT,2025-02,https://data.binance.vision/data/spot/monthly/klines/ETHUSDT/15m/ETHUSDT-15m-2025-02.zip,2688,2025-02-01T00:00:00+00:00,2025-02-28T23:45:00+00:00,34f7721028e6a920fdfab4ba101f2ae36ad059928d2f778f062742f8281f7781,34f7721028e6a920fdfab4ba101f2ae36ad059928d2f778f062742f8281f7781,144415,2025-03-04T10:59:06.000Z,"""84b8ec030d37f351a453efc16f3cb5dc""",2026-08-21T06:05:32.896811+00:00,PASS,
spot,ETHUSDT,2025-03,https://data.binance.vision/data/spot/monthly/klines/ETHUSDT/15m/ETHUSDT-15m-2025-03.zip,2976,2025-03-01T00:00:00+00:00,2025-03-31T23:45:00+00:00,d92f5ce9a31ba3110bedff7af9cd6e0708ebe1e02e139157ff29bdc22f01fc33,d92f5ce9a31ba3110bedff7af9cd6e0708ebe1e02e139157ff29bdc22f01fc33,157828,2025-04-12T14:15:45.000Z,"""51ce8cd23aea7a2b897dee6a36e8b284""",2026-08-21T06:05:33.194165+00:00,PASS,
spot,ETHUSDT,2025-04,https://data.binance.vision/data/spot/monthly/klines/ETHUSDT/15m/ETHUSDT-15m-2025-04.zip,2880,2025-04-01T00:00:00+00:00,2025-04-30T23:45:00+00:00,106eefead6ee2254283f6b6bc6e1e6d38d7f59bb386131323fefe97dcfffae34,106eefead6ee2254283f6b6bc6e1e6d38d7f59bb386131323fefe97dcfffae34,152496,2025-05-06T11:28:24.000Z,"""07165031a4ff4816a4001038d8f9fe72""",2026-08-21T06:05:33.228076+00:00,PASS,
spot,ETHUSDT,2025-05,https://data.binance.vision/data/spot/monthly/klines/ETHUSDT/15m/ETHUSDT-15m-2025-05.zip,2976,2025-05-01T00:00:00+00:00,2025-05-31T23:45:00+00:00,cc6d10fe84ceafc6bc5a9d7364ec14d18408ddb7e19113a51dc987315566925b,cc6d10fe84ceafc6bc5a9d7364ec14d18408ddb7e19113a51dc987315566925b,159180,2025-06-02T08:26:38.000Z,"""4e033e2503a927964560e08030137a3b""",2026-08-21T06:05:33.557361+00:00,PASS,
spot,ETHUSDT,2025-06,https://data.binance.vision/data/spot/monthly/klines/ETHUSDT/15m/ETHUSDT-15m-2025-06.zip,2880,2025-06-01T00:00:00+00:00,2025-06-30T23:45:00+00:00,7b9b239a5a4954f9dbdc4e06e596075de0a3af6794952c5b1719d7efb3f60b09,7b9b239a5a4954f9dbdc4e06e596075de0a3af6794952c5b1719d7efb3f60b09,153123,2025-07-07T08:12:41.000Z,"""4adf0c631d47b2cabc4c58ebb961d8ae""",2026-08-21T06:05:33.505722+00:00,PASS,
spot,ETHUSDT,2025-07,https://data.binance.vision/data/spot/monthly/klines/ETHUSDT/15m/ETHUSDT-15m-2025-07.zip,2976,2025-07-01T00:00:00+00:00,2025-07-31T23:45:00+00:00,53df300524898205f202fc57338be2fea06fd4da2b1cc176c4de6952751176c5,53df300524898205f202fc57338be2fea06fd4da2b1cc176c4de6952751176c5,159690,2025-08-04T08:40:53.000Z,"""0697a0745941fde99a1e7ae72f1ef789""",2026-08-21T06:05:33.745325+00:00,PASS,
spot,ETHUSDT,2025-08,https://data.binance.vision/data/spot/monthly/klines/ETHUSDT/15m/ETHUSDT-15m-2025-08.zip,2976,2025-08-01T00:00:00+00:00,2025-08-31T23:45:00+00:00,f44311feba03aa7b9a81327060a58b60d738f932e73067a5f43caac804829054,f44311feba03aa7b9a81327060a58b60d738f932e73067a5f43caac804829054,161601,2025-09-01T08:22:08.000Z,"""11a60c8c6d7b728cbbca6330624355aa""",2026-08-21T06:05:33.847759+00:00,PASS,
spot,ETHUSDT,2025-09,https://data.binance.vision/data/spot/monthly/klines/ETHUSDT/15m/ETHUSDT-15m-2025-09.zip,2880,2025-09-01T00:00:00+00:00,2025-09-30T23:45:00+00:00,d9246e0929570bcbae6fce12734c025bf407af3559a02cc99418aca04b02135d,d9246e0929570bcbae6fce12734c025bf407af3559a02cc99418aca04b02135d,153815,2025-10-06T10:46:18.000Z,"""e55ed01fe01dfaee0abeee91a086254c""",2026-08-21T06:05:34.196462+00:00,PASS,
spot,ETHUSDT,2025-10,https://data.binance.vision/data/spot/monthly/klines/ETHUSDT/15m/ETHUSDT-15m-2025-10.zip,2976,2025-10-01T00:00:00+00:00,2025-10-31T23:45:00+00:00,ddb2b2851af41e31794d00d663571523a1709b631fd7444933824cb9ad5edd85,ddb2b2851af41e31794d00d663571523a1709b631fd7444933824cb9ad5edd85,161142,2025-11-03T09:07:05.000Z,"""ef9b2b2ca6bbdbd7ccfaf52cdb3ae4e6""",2026-08-21T06:05:34.201462+00:00,PASS,
spot,ETHUSDT,2025-11,https://data.binance.vision/data/spot/monthly/klines/ETHUSDT/15m/ETHUSDT-15m-2025-11.zip,2880,2025-11-01T00:00:00+00:00,2025-11-30T23:45:00+00:00,288889103766ff11ec404e74a92c1e1ceb0884e40d9f653922207dd566f35d20,288889103766ff11ec404e74a92c1e1ceb0884e40d9f653922207dd566f35d20,155342,2025-12-01T08:37:04.000Z,"""c3e80e73b3aa68c06668a3de6b3389b7""",2026-08-21T06:05:34.561202+00:00,PASS,
spot,ETHUSDT,2025-12,https://data.binance.vision/data/spot/monthly/klines/ETHUSDT/15m/ETHUSDT-15m-2025-12.zip,2976,2025-12-01T00:00:00+00:00,2025-12-31T23:45:00+00:00,b4270c918a02f78800b6390e94af525f29c8554d27cc13cf6b62537691476df8,b4270c918a02f78800b6390e94af525f29c8554d27cc13cf6b62537691476df8,157483,2026-01-05T10:31:14.000Z,"""ec76de143a5b562a1bcddb5286c45b33""",2026-08-21T06:05:34.535203+00:00,PASS,
spot,ETHUSDT,2026-01,https://data.binance.vision/data/spot/monthly/klines/ETHUSDT/15m/ETHUSDT-15m-2026-01.zip,2976,2026-01-01T00:00:00+00:00,2026-01-31T23:45:00+00:00,f9b69306bb83aabdba848b7b0e39eae08ef06bce33a8e2df43e4e4d9319c28de,f9b69306bb83aabdba848b7b0e39eae08ef06bce33a8e2df43e4e4d9319c28de,157206,2026-02-02T08:07:42.000Z,"""fd64b5ec58d330ab9b0da4c4790402af""",2026-08-21T06:05:34.967883+00:00,PASS,
spot,ETHUSDT,2026-02,https://data.binance.vision/data/spot/monthly/klines/ETHUSDT/15m/ETHUSDT-15m-2026-02.zip,2688,2026-02-01T00:00:00+00:00,2026-02-28T23:45:00+00:00,88c42f0ae1ce10df10784d00b692d59114ea3739464d2d0f1ce5a3a6726d5bf4,88c42f0ae1ce10df10784d00b692d59114ea3739464d2d0f1ce5a3a6726d5bf4,144050,2026-03-02T07:41:24.000Z,"""e70ff215cffeb5eb29318d2bf19cfea6""",2026-08-21T06:05:34.933882+00:00,PASS,
spot,ETHUSDT,2026-03,https://data.binance.vision/data/spot/monthly/klines/ETHUSDT/15m/ETHUSDT-15m-2026-03.zip,2976,2026-03-01T00:00:00+00:00,2026-03-31T23:45:00+00:00,4db1d336066d4e3a89d53f4e2c8de009ee91944de20b4096d01cee73e04f5cf2,4db1d336066d4e3a89d53f4e2c8de009ee91944de20b4096d01cee73e04f5cf2,157513,2026-04-06T07:56:18.000Z,"""8f6fbef93249fdeaff0bc518aaa5984f""",2026-08-21T06:05:35.222961+00:00,PASS,
spot,ETHUSDT,2026-04,https://data.binance.vision/data/spot/monthly/klines/ETHUSDT/15m/ETHUSDT-15m-2026-04.zip,2880,2026-04-01T00:00:00+00:00,2026-04-30T23:45:00+00:00,c86b7752f8eb21a15a20b7197d0951a5ddb523628a6756daeece3dcb96ca2f7c,c86b7752f8eb21a15a20b7197d0951a5ddb523628a6756daeece3dcb96ca2f7c,150488,2026-05-04T07:46:30.000Z,"""acf0ada36ca895d9b0b9388bac86ef9b""",2026-08-21T06:05:35.185961+00:00,PASS,
spot,ETHUSDT,2026-05,https://data.binance.vision/data/spot/monthly/klines/ETHUSDT/15m/ETHUSDT-15m-2026-05.zip,2976,2026-05-01T00:00:00+00:00,2026-05-31T23:45:00+00:00,487c08d03a03d1ff7adac5d2d61b009165bd364e4ec44a0c5ca0dda44ef780b5,487c08d03a03d1ff7adac5d2d61b009165bd364e4ec44a0c5ca0dda44ef780b5,154191,2026-06-01T07:30:53.000Z,"""e67f4bfa47d40cdd3fefca1338371539""",2026-08-21T06:05:35.506144+00:00,PASS,
spot,ETHUSDT,2026-06,https://data.binance.vision/data/spot/monthly/klines/ETHUSDT/15m/ETHUSDT-15m-2026-06.zip,2880,2026-06-01T00:00:00+00:00,2026-06-30T23:45:00+00:00,be1199a81d8064fe6193f2993de58f75f4a57fd9ca11a5e8c7c7ba2ca50fa9ce,be1199a81d8064fe6193f2993de58f75f4a57fd9ca11a5e8c7c7ba2ca50fa9ce,150677,2026-07-06T09:37:43.000Z,"""5558dca44f1fb3fc795806b0dea36f27""",2026-08-21T06:05:35.486145+00:00,PASS,
spot,ETHUSDT,2026-07,https://data.binance.vision/data/spot/monthly/klines/ETHUSDT/15m/ETHUSDT-15m-2026-07.zip,2976,2026-07-01T00:00:00+00:00,2026-07-31T23:45:00+00:00,d4742ef1a072a4662f371ddd56b4388fb2af68310c70831ccfadda89bd29b8c8,d4742ef1a072a4662f371ddd56b4388fb2af68310c70831ccfadda89bd29b8c8,153944,2026-08-03T10:56:45.000Z,"""a9fc1ddb0c3e506feaa698d1e83ae363""",2026-08-21T06:05:35.791689+00:00,PASS,
um,BTCUSDT,2020-01,https://data.binance.vision/data/futures/um/monthly/klines/BTCUSDT/15m/BTCUSDT-15m-2020-01.zip,2976,2020-01-01T00:00:00+00:00,2020-01-31T23:45:00+00:00,604e91a9db89202e87f10b610cf11d805a2a7915e28a07c53fc7d3921e384480,604e91a9db89202e87f10b610cf11d805a2a7915e28a07c53fc7d3921e384480,139485,2021-06-14T06:12:38.000Z,"""c7635a6139d8c6736a5f9df850b9ef85""",2026-08-21T06:05:35.750233+00:00,PASS,
um,BTCUSDT,2020-02,https://data.binance.vision/data/futures/um/monthly/klines/BTCUSDT/15m/BTCUSDT-15m-2020-02.zip,2784,2020-02-01T00:00:00+00:00,2020-02-29T23:45:00+00:00,a89e0dfaf3bf187d4c86c0e96c2052110682f5980c370ece041184b4615b86d6,a89e0dfaf3bf187d4c86c0e96c2052110682f5980c370ece041184b4615b86d6,131623,2021-06-14T05:03:43.000Z,"""a2d2fe0ee9990a3a2c1ec6ee15000e6d""",2026-08-21T06:05:36.022564+00:00,PASS,
um,BTCUSDT,2020-03,https://data.binance.vision/data/futures/um/monthly/klines/BTCUSDT/15m/BTCUSDT-15m-2020-03.zip,2976,2020-03-01T00:00:00+00:00,2020-03-31T23:45:00+00:00,da4596277f7e914e04497d36a733722b42a6c84b5710734e4076d50c0a6675b0,da4596277f7e914e04497d36a733722b42a6c84b5710734e4076d50c0a6675b0,143581,2021-06-28T06:11:19.000Z,"""25cc0bb32d185941a6eec22cd2f83111""",2026-08-21T06:05:36.091222+00:00,PASS,
um,BTCUSDT,2020-04,https://data.binance.vision/data/futures/um/monthly/klines/BTCUSDT/15m/BTCUSDT-15m-2020-04.zip,2880,2020-04-01T00:00:00+00:00,2020-04-30T23:45:00+00:00,ebfe6813862b72c33b9defbc32317b89c0b59e03ec7d8b1a6cf4ff161716c100,ebfe6813862b72c33b9defbc32317b89c0b59e03ec7d8b1a6cf4ff161716c100,138390,2021-06-28T07:00:17.000Z,"""39d1c57829e4cdfd2b577225c8c53f1e""",2026-08-21T06:05:36.276145+00:00,PASS,
um,BTCUSDT,2020-05,https://data.binance.vision/data/futures/um/monthly/klines/BTCUSDT/15m/BTCUSDT-15m-2020-05.zip,2976,2020-05-01T00:00:00+00:00,2020-05-31T23:45:00+00:00,8ef7d076102b7d7d5f0bbd6b0ac6b36d24c6194a4c51aa239ac68e614c1824b6,8ef7d076102b7d7d5f0bbd6b0ac6b36d24c6194a4c51aa239ac68e614c1824b6,144024,2021-06-28T08:40:18.000Z,"""15cb48c11589a06403594109a543a6d4""",2026-08-21T06:05:36.341068+00:00,PASS,
um,BTCUSDT,2020-06,https://data.binance.vision/data/futures/um/monthly/klines/BTCUSDT/15m/BTCUSDT-15m-2020-06.zip,2880,2020-06-01T00:00:00+00:00,2020-06-30T23:45:00+00:00,5674187f592088659d55aaabc8d684ba8b504e5bc7f9863b2a79ad91d46d21c3,5674187f592088659d55aaabc8d684ba8b504e5bc7f9863b2a79ad91d46d21c3,135897,2021-06-28T10:10:01.000Z,"""d46606ef59ba375228a37223f979b7ae""",2026-08-21T06:05:36.540398+00:00,PASS,
um,BTCUSDT,2020-07,https://data.binance.vision/data/futures/um/monthly/klines/BTCUSDT/15m/BTCUSDT-15m-2020-07.zip,2976,2020-07-01T00:00:00+00:00,2020-07-31T23:45:00+00:00,82c2528648b7202e329e4eb42f59fa2972ee4f59ea4720139160a4e683535193,82c2528648b7202e329e4eb42f59fa2972ee4f59ea4720139160a4e683535193,138871,2021-06-28T11:24:37.000Z,"""ad4d70fddc0c7e73efade3883bf6385d""",2026-08-21T06:05:36.590706+00:00,PASS,
um,BTCUSDT,2020-08,https://data.binance.vision/data/futures/um/monthly/klines/BTCUSDT/15m/BTCUSDT-15m-2020-08.zip,2976,2020-08-01T00:00:00+00:00,2020-08-31T23:45:00+00:00,c3b8d9ff137e32f20b2793c4f7f7eed8bfd45648674f051cb51ce9e4ab366044,c3b8d9ff137e32f20b2793c4f7f7eed8bfd45648674f051cb51ce9e4ab366044,142759,2021-06-28T12:46:42.000Z,"""cc64216df4a300f3e01b476993b266b8""",2026-08-21T06:05:36.847383+00:00,PASS,
um,BTCUSDT,2020-09,https://data.binance.vision/data/futures/um/monthly/klines/BTCUSDT/15m/BTCUSDT-15m-2020-09.zip,2880,2020-09-01T00:00:00+00:00,2020-09-30T23:45:00+00:00,b23fd2d1b8d09f8d2b10308539bbc1023b29452f2ff5365fce5bb08b7888072a,b23fd2d1b8d09f8d2b10308539bbc1023b29452f2ff5365fce5bb08b7888072a,138064,2021-06-28T16:21:02.000Z,"""6b64b2481dd1e551f7ea400a379942e0""",2026-08-21T06:05:36.883387+00:00,PASS,
um,BTCUSDT,2020-10,https://data.binance.vision/data/futures/um/monthly/klines/BTCUSDT/15m/BTCUSDT-15m-2020-10.zip,2976,2020-10-01T00:00:00+00:00,2020-10-31T23:45:00+00:00,723f3a5297b718ac1ea766933c12042f422ceb43f3dbfb1430e0ea5f55fa1e39,723f3a5297b718ac1ea766933c12042f422ceb43f3dbfb1430e0ea5f55fa1e39,142405,2021-06-28T18:26:43.000Z,"""fffaad8a99d33424df99fcfec9ac78c7""",2026-08-21T06:05:37.091059+00:00,PASS,
um,BTCUSDT,2020-11,https://data.binance.vision/data/futures/um/monthly/klines/BTCUSDT/15m/BTCUSDT-15m-2020-11.zip,2880,2020-11-01T00:00:00+00:00,2020-11-30T23:45:00+00:00,9442ac3d7c5aba02bfacfe0a35ce05756263e4f462a5a694941f27dfcd76f15d,9442ac3d7c5aba02bfacfe0a35ce05756263e4f462a5a694941f27dfcd76f15d,142846,2021-06-28T21:15:36.000Z,"""84fd1f549dc78c570bf44627ec15bc72""",2026-08-21T06:05:37.172740+00:00,PASS,
um,BTCUSDT,2020-12,https://data.binance.vision/data/futures/um/monthly/klines/BTCUSDT/15m/BTCUSDT-15m-2020-12.zip,2976,2020-12-01T00:00:00+00:00,2020-12-31T23:45:00+00:00,c824e54aec2b63ace61d29166fcf12ac15729021b13bd1b5355f3825ecb50523,c824e54aec2b63ace61d29166fcf12ac15729021b13bd1b5355f3825ecb50523,147987,2021-06-28T23:47:08.000Z,"""c9c1dc4dfd06bd44144dfb0ce865c081""",2026-08-21T06:05:37.439969+00:00,PASS,
um,BTCUSDT,2021-01,https://data.binance.vision/data/futures/um/monthly/klines/BTCUSDT/15m/BTCUSDT-15m-2021-01.zip,2976,2021-01-01T00:00:00+00:00,2021-01-31T23:45:00+00:00,3aa4530f2afd42d8cae441d2634e81a6d733a49fd33970c705afee325e4aee2c,3aa4530f2afd42d8cae441d2634e81a6d733a49fd33970c705afee325e4aee2c,152367,2021-06-29T02:46:08.000Z,"""854041628eb147db470efb64a6517175""",2026-08-21T06:05:37.460968+00:00,PASS,
um,BTCUSDT,2021-02,https://data.binance.vision/data/futures/um/monthly/klines/BTCUSDT/15m/BTCUSDT-15m-2021-02.zip,2688,2021-02-01T00:00:00+00:00,2021-02-28T23:45:00+00:00,f0c941a7ecf452a3448e4a8951948518dd47e51ad7158629d5efcf410431939f,f0c941a7ecf452a3448e4a8951948518dd47e51ad7158629d5efcf410431939f,137417,2021-03-02T20:46:34.000Z,"""1977eb8061699e0db8e3468e078b7979""",2026-08-21T06:05:37.702706+00:00,PASS,
um,BTCUSDT,2021-03,https://data.binance.vision/data/futures/um/monthly/klines/BTCUSDT/15m/BTCUSDT-15m-2021-03.zip,2976,2021-03-01T00:00:00+00:00,2021-03-31T23:45:00+00:00,d1c4cfa8137848dc3373753f8d0437eddf8db43b0e835efbc4a6da3af6935286,d1c4cfa8137848dc3373753f8d0437eddf8db43b0e835efbc4a6da3af6935286,152137,2021-06-09T14:52:28.000Z,"""91d1b02e7e3a0c01c5515bf111a6dd69""",2026-08-21T06:05:37.781254+00:00,PASS,
um,BTCUSDT,2021-04,https://data.binance.vision/data/futures/um/monthly/klines/BTCUSDT/15m/BTCUSDT-15m-2021-04.zip,2880,2021-04-01T00:00:00+00:00,2021-04-30T23:45:00+00:00,124fab2a0fe7525a5e7b2a1dbb2b776ce12e6003770dd930a10bbd56db4cdc79,124fab2a0fe7525a5e7b2a1dbb2b776ce12e6003770dd930a10bbd56db4cdc79,146457,2021-06-09T11:16:01.000Z,"""bf5314d0a06494f6a6fe2fbf21825d74""",2026-08-21T06:05:37.961421+00:00,PASS,
um,BTCUSDT,2021-05,https://data.binance.vision/data/futures/um/monthly/klines/BTCUSDT/15m/BTCUSDT-15m-2021-05.zip,2976,2021-05-01T00:00:00+00:00,2021-05-31T23:45:00+00:00,f7ef372e125f87339f45fffaa329ea386d9e8be74998577fd75f807a90abae16,f7ef372e125f87339f45fffaa329ea386d9e8be74998577fd75f807a90abae16,154209,2021-06-17T19:50:21.000Z,"""2a8e0cfab9a37d827c7f683410028e4e""",2026-08-21T06:05:38.077970+00:00,PASS,
um,BTCUSDT,2021-06,https://data.binance.vision/data/futures/um/monthly/klines/BTCUSDT/15m/BTCUSDT-15m-2021-06.zip,2880,2021-06-01T00:00:00+00:00,2021-06-30T23:45:00+00:00,9853eae293ad9c5b4a1395fe6d5e6257bfd2ff27433c4ef00b0169b54853b7a2,9853eae293ad9c5b4a1395fe6d5e6257bfd2ff27433c4ef00b0169b54853b7a2,148508,2021-09-12T08:27:56.000Z,"""76fed8ffe58fe81284b1f1dafd0d67ef""",2026-08-21T06:05:38.330182+00:00,PASS,
um,BTCUSDT,2021-07,https://data.binance.vision/data/futures/um/monthly/klines/BTCUSDT/15m/BTCUSDT-15m-2021-07.zip,2976,2021-07-01T00:00:00+00:00,2021-07-31T23:45:00+00:00,86ef554b5c3c392cff96180db24268d9273905f3e8c2ed4d5e63904b0d798096,86ef554b5c3c392cff96180db24268d9273905f3e8c2ed4d5e63904b0d798096,151061,2021-08-01T20:58:59.000Z,"""61e3354752664b9226cc38acbb90f76b""",2026-08-21T06:05:38.358182+00:00,PASS,
um,BTCUSDT,2021-08,https://data.binance.vision/data/futures/um/monthly/klines/BTCUSDT/15m/BTCUSDT-15m-2021-08.zip,2976,2021-08-01T00:00:00+00:00,2021-08-31T23:45:00+00:00,f6e0c79d84839f34de1c41993624b76b1c738101cf39622d31c926300681fc5a,f6e0c79d84839f34de1c41993624b76b1c738101cf39622d31c926300681fc5a,151593,2021-09-02T15:34:32.000Z,"""9a7c4064e8615ef4e415ee602ba97e8c""",2026-08-21T06:05:38.694863+00:00,PASS,
um,BTCUSDT,2021-09,https://data.binance.vision/data/futures/um/monthly/klines/BTCUSDT/15m/BTCUSDT-15m-2021-09.zip,2880,2021-09-01T00:00:00+00:00,2021-09-30T23:45:00+00:00,5c74e804831937235287f424a0c34eddf525b3a366249037a34288c69b2cc6ed,5c74e804831937235287f424a0c34eddf525b3a366249037a34288c69b2cc6ed,146664,2021-10-01T14:11:37.000Z,"""6e2c4776035a9702b7a8ca8518c0cfda""",2026-08-21T06:05:38.658940+00:00,PASS,
um,BTCUSDT,2021-10,https://data.binance.vision/data/futures/um/monthly/klines/BTCUSDT/15m/BTCUSDT-15m-2021-10.zip,2976,2021-10-01T00:00:00+00:00,2021-10-31T23:45:00+00:00,6fbc1ced80b2d5b722114394ce145bfe4fbc40ad233b2ec0316d3bd45b8abcaa,6fbc1ced80b2d5b722114394ce145bfe4fbc40ad233b2ec0316d3bd45b8abcaa,151726,2021-11-01T14:57:28.000Z,"""52e112171da98d8c3b2f1e47c504067d""",2026-08-21T06:05:38.943811+00:00,PASS,
um,BTCUSDT,2021-11,https://data.binance.vision/data/futures/um/monthly/klines/BTCUSDT/15m/BTCUSDT-15m-2021-11.zip,2880,2021-11-01T00:00:00+00:00,2021-11-30T23:45:00+00:00,8c3170955683fc914da107d67d8ebde0cda6f3a6250e9b4b5f6ceb94f5593712,8c3170955683fc914da107d67d8ebde0cda6f3a6250e9b4b5f6ceb94f5593712,146206,2021-12-01T11:49:51.000Z,"""0afdf2dd5c0a27c59c188166d2006a36""",2026-08-21T06:05:38.978812+00:00,PASS,
um,BTCUSDT,2021-12,https://data.binance.vision/data/futures/um/monthly/klines/BTCUSDT/15m/BTCUSDT-15m-2021-12.zip,2976,2021-12-01T00:00:00+00:00,2021-12-31T23:45:00+00:00,a216bab60744f399e55561df822644029178827b352d1878fd6116082f70273d,a216bab60744f399e55561df822644029178827b352d1878fd6116082f70273d,151429,2022-01-07T16:18:06.000Z,"""d4ee81b2ea928caf0bdbd5d93d9e57f6""",2026-08-21T06:05:39.233266+00:00,PASS,
um,BTCUSDT,2022-01,https://data.binance.vision/data/futures/um/monthly/klines/BTCUSDT/15m/BTCUSDT-15m-2022-01.zip,2976,2022-01-01T00:00:00+00:00,2022-01-31T23:45:00+00:00,46e0bc4607df992e4de6a6e76e2bf60b3a19db2b11f7b07d4a4bac4e26c6c35d,46e0bc4607df992e4de6a6e76e2bf60b3a19db2b11f7b07d4a4bac4e26c6c35d,151020,2023-12-18T13:44:21.000Z,"""a749208aa4236c0033419a7d49e3b375""",2026-08-21T06:05:39.473890+00:00,PASS,
um,BTCUSDT,2022-02,https://data.binance.vision/data/futures/um/monthly/klines/BTCUSDT/15m/BTCUSDT-15m-2022-02.zip,2688,2022-02-01T00:00:00+00:00,2022-02-28T23:45:00+00:00,7b615ec48c6bc9f4a723e08d9990136554406640055c2fd084e0c0b63d405d74,7b615ec48c6bc9f4a723e08d9990136554406640055c2fd084e0c0b63d405d74,135101,2024-01-08T12:14:15.000Z,"""86e08157587d8589bca16234abf5778f""",2026-08-21T06:05:39.589862+00:00,PASS,
um,BTCUSDT,2022-03,https://data.binance.vision/data/futures/um/monthly/klines/BTCUSDT/15m/BTCUSDT-15m-2022-03.zip,2976,2022-03-01T00:00:00+00:00,2022-03-31T23:45:00+00:00,2ddcc24fbcf2661020a218f2251b1cb3af03bf32633efed028c0d0921468cafe,2ddcc24fbcf2661020a218f2251b1cb3af03bf32633efed028c0d0921468cafe,146333,2024-01-08T13:32:59.000Z,"""9b7c34c630699854e6c707b1fbff7015""",2026-08-21T06:05:39.869790+00:00,PASS,
um,BTCUSDT,2022-04,https://data.binance.vision/data/futures/um/monthly/klines/BTCUSDT/15m/BTCUSDT-15m-2022-04.zip,2880,2022-04-01T00:00:00+00:00,2022-04-30T23:45:00+00:00,911e220f50a2a1798d35b31fce321cc4e61932a0a370c9e6837c27ff4dd8f0a8,911e220f50a2a1798d35b31fce321cc4e61932a0a370c9e6837c27ff4dd8f0a8,140454,2024-01-08T14:17:05.000Z,"""a61ba3ba0f1c6fb0bc354a571d9e2319""",2026-08-21T06:05:39.982634+00:00,PASS,
um,BTCUSDT,2022-05,https://data.binance.vision/data/futures/um/monthly/klines/BTCUSDT/15m/BTCUSDT-15m-2022-05.zip,2976,2022-05-01T00:00:00+00:00,2022-05-31T23:45:00+00:00,31a46b1ac257f1690e6b16c606b2fde22aebf2d605047943d885bf28fe813389,31a46b1ac257f1690e6b16c606b2fde22aebf2d605047943d885bf28fe813389,146513,2024-08-20T18:09:41.000Z,"""316624cd9742202044f4d5ab48630e9e""",2026-08-21T06:05:40.182627+00:00,PASS,
um,BTCUSDT,2022-06,https://data.binance.vision/data/futures/um/monthly/klines/BTCUSDT/15m/BTCUSDT-15m-2022-06.zip,2880,2022-06-01T00:00:00+00:00,2022-06-30T23:45:00+00:00,7115895dc1e8425ee5ecedb18258e293decfc7769213362d928c42a29d8b6127,7115895dc1e8425ee5ecedb18258e293decfc7769213362d928c42a29d8b6127,141973,2023-12-20T14:51:49.000Z,"""f51ce0cc0263338843eb15ea3f3b8a31""",2026-08-21T06:05:40.405869+00:00,PASS,
um,BTCUSDT,2022-07,https://data.binance.vision/data/futures/um/monthly/klines/BTCUSDT/15m/BTCUSDT-15m-2022-07.zip,2976,2022-07-01T00:00:00+00:00,2022-07-31T23:45:00+00:00,6cd98667f9b7a127a413bd061103800f2707921a9a231e18f47d71816ef86ac8,6cd98667f9b7a127a413bd061103800f2707921a9a231e18f47d71816ef86ac8,145550,2023-09-21T06:14:00.000Z,"""cb0d9ccc48851eb06afa8fc37ed09de3""",2026-08-21T06:05:40.511028+00:00,PASS,
um,BTCUSDT,2022-08,https://data.binance.vision/data/futures/um/monthly/klines/BTCUSDT/15m/BTCUSDT-15m-2022-08.zip,2976,2022-08-01T00:00:00+00:00,2022-08-31T23:45:00+00:00,517e241a31c2062c50ca9861eb832fa9b3505b0ae67350135d5a74d812228eab,517e241a31c2062c50ca9861eb832fa9b3505b0ae67350135d5a74d812228eab,143927,2023-06-12T11:48:58.000Z,"""0e5c8a1d9b8d6cfd72fe7e33a81b69fb""",2026-08-21T06:05:40.886887+00:00,PASS,
um,BTCUSDT,2022-09,https://data.binance.vision/data/futures/um/monthly/klines/BTCUSDT/15m/BTCUSDT-15m-2022-09.zip,2880,2022-09-01T00:00:00+00:00,2022-09-30T23:45:00+00:00,776bd8021ee4b7dd8dd6530bd8b0d4f4a3287df2a72810f5dcb26e35714c8903,776bd8021ee4b7dd8dd6530bd8b0d4f4a3287df2a72810f5dcb26e35714c8903,139666,2022-10-26T14:11:26.000Z,"""3e750c7eeb53d4dbca468d87ba783c43""",2026-08-21T06:05:40.793883+00:00,PASS,
um,BTCUSDT,2022-10,https://data.binance.vision/data/futures/um/monthly/klines/BTCUSDT/15m/BTCUSDT-15m-2022-10.zip,2976,2022-10-01T00:00:00+00:00,2022-10-31T23:45:00+00:00,bff25dbfad92e9c551ab77b6411e29462dbde298636144041a775330a126cd1b,bff25dbfad92e9c551ab77b6411e29462dbde298636144041a775330a126cd1b,141497,2022-11-17T18:57:20.000Z,"""0f87c144ce062cf6cffa442e00c5fc70""",2026-08-21T06:05:41.132649+00:00,PASS,
um,BTCUSDT,2022-11,https://data.binance.vision/data/futures/um/monthly/klines/BTCUSDT/15m/BTCUSDT-15m-2022-11.zip,2880,2022-11-01T00:00:00+00:00,2022-11-30T23:45:00+00:00,7f74daa2a5f1631e5b60d0dd035dfb60c0d8e5f0105820484fde8b8914d07986,7f74daa2a5f1631e5b60d0dd035dfb60c0d8e5f0105820484fde8b8914d07986,137846,2022-12-25T20:57:03.000Z,"""9b64df9de252eabd36d9bd329a741abb""",2026-08-21T06:05:41.235201+00:00,PASS,
um,BTCUSDT,2022-12,https://data.binance.vision/data/futures/um/monthly/klines/BTCUSDT/15m/BTCUSDT-15m-2022-12.zip,2976,2022-12-01T00:00:00+00:00,2022-12-31T23:45:00+00:00,acf8b92a5cea478f7c32ab863b977836f629d4ff3373d20bb2b15673b57b87ae,acf8b92a5cea478f7c32ab863b977836f629d4ff3373d20bb2b15673b57b87ae,137311,2023-01-17T18:31:33.000Z,"""56f60993772641cd05d58375f19f4c18""",2026-08-21T06:05:41.418738+00:00,PASS,
um,BTCUSDT,2023-01,https://data.binance.vision/data/futures/um/monthly/klines/BTCUSDT/15m/BTCUSDT-15m-2023-01.zip,2976,2023-01-01T00:00:00+00:00,2023-01-31T23:45:00+00:00,7d9c643f940a65eaae7f8618a5f997ada493076a5f91b02bdd77b559d2ab2514,7d9c643f940a65eaae7f8618a5f997ada493076a5f91b02bdd77b559d2ab2514,140488,2023-02-17T16:28:52.000Z,"""94bf473eaa2cbeb36102c4168a8c4b9f""",2026-08-21T06:05:41.579959+00:00,PASS,
um,BTCUSDT,2023-02,https://data.binance.vision/data/futures/um/monthly/klines/BTCUSDT/15m/BTCUSDT-15m-2023-02.zip,2688,2023-02-01T00:00:00+00:00,2023-02-28T23:45:00+00:00,3d2bf498800e0526d9e7503d8f20f7dbd4fd1908e90570053a7ec5803b31118e,3d2bf498800e0526d9e7503d8f20f7dbd4fd1908e90570053a7ec5803b31118e,129016,2023-09-19T08:44:05.000Z,"""4d741ccaf2a4e93ac99b16cfab294d37""",2026-08-21T06:05:41.820658+00:00,PASS,
um,BTCUSDT,2023-03,https://data.binance.vision/data/futures/um/monthly/klines/BTCUSDT/15m/BTCUSDT-15m-2023-03.zip,2976,2023-03-01T00:00:00+00:00,2023-03-31T23:45:00+00:00,843bdaf3f134e74e6f0efecf46dbd92952c61b9d57c6ce8b556392d81526ec48,843bdaf3f134e74e6f0efecf46dbd92952c61b9d57c6ce8b556392d81526ec48,144941,2023-04-22T17:53:45.000Z,"""9e744a6a304d9dd55667c9a7577ffab7""",2026-08-21T06:05:41.928904+00:00,PASS,
um,BTCUSDT,2023-04,https://data.binance.vision/data/futures/um/monthly/klines/BTCUSDT/15m/BTCUSDT-15m-2023-04.zip,2880,2023-04-01T00:00:00+00:00,2023-04-30T23:45:00+00:00,4a9416010259d5219c25ba8d29eac0928ecf6876fc4d6cc751228110e97f5138,4a9416010259d5219c25ba8d29eac0928ecf6876fc4d6cc751228110e97f5138,138552,2023-08-07T08:15:56.000Z,"""7c71a50fb8c70be7ee37dd467f27d1e1""",2026-08-21T06:05:42.131213+00:00,PASS,
um,BTCUSDT,2023-05,https://data.binance.vision/data/futures/um/monthly/klines/BTCUSDT/15m/BTCUSDT-15m-2023-05.zip,2976,2023-05-01T00:00:00+00:00,2023-05-31T23:45:00+00:00,f584af353ef1a3bef7f45aa17d8826c622d04a2a817fe0c6289e37b933959b54,f584af353ef1a3bef7f45aa17d8826c622d04a2a817fe0c6289e37b933959b54,142660,2024-01-08T08:00:39.000Z,"""4852d919b0404410409423aaca78135c""",2026-08-21T06:05:42.311592+00:00,PASS,
um,BTCUSDT,2023-06,https://data.binance.vision/data/futures/um/monthly/klines/BTCUSDT/15m/BTCUSDT-15m-2023-06.zip,2880,2023-06-01T00:00:00+00:00,2023-06-30T23:45:00+00:00,8fb734f8a60a161b2f17b5458ed3659017a61d2a5dd24d2d810243ce1f621032,8fb734f8a60a161b2f17b5458ed3659017a61d2a5dd24d2d810243ce1f621032,138330,2023-07-02T16:46:25.000Z,"""06b4794f0a63453de2df3cfd171f66cd""",2026-08-21T06:05:42.527120+00:00,PASS,
um,BTCUSDT,2023-07,https://data.binance.vision/data/futures/um/monthly/klines/BTCUSDT/15m/BTCUSDT-15m-2023-07.zip,2976,2023-07-01T00:00:00+00:00,2023-07-31T23:45:00+00:00,c8df4ff96d804f2f57e51049bf94c11bf8bfa2f9333c0af29ab8f2504471966d,c8df4ff96d804f2f57e51049bf94c11bf8bfa2f9333c0af29ab8f2504471966d,140229,2024-01-08T07:28:22.000Z,"""577733f96590a37527124b133811cc9a""",2026-08-21T06:05:42.629741+00:00,PASS,
um,BTCUSDT,2023-08,https://data.binance.vision/data/futures/um/monthly/klines/BTCUSDT/15m/BTCUSDT-15m-2023-08.zip,2976,2023-08-01T00:00:00+00:00,2023-08-31T23:45:00+00:00,8ba91ecc5bf5573c3840a2f22f4b0b6d307fc659a9e11df3c3a6e7bcf332150f,8ba91ecc5bf5573c3840a2f22f4b0b6d307fc659a9e11df3c3a6e7bcf332150f,138936,2024-01-08T07:47:41.000Z,"""612dd8a3c939ce7ecdac1976fbb4908a""",2026-08-21T06:05:42.893257+00:00,PASS,
um,BTCUSDT,2023-09,https://data.binance.vision/data/futures/um/monthly/klines/BTCUSDT/15m/BTCUSDT-15m-2023-09.zip,2880,2023-09-01T00:00:00+00:00,2023-09-30T23:45:00+00:00,f1f628bb4b1976ba632150bf999fde302ddcfc8899ff369a5119bdd5dba1e0d5,f1f628bb4b1976ba632150bf999fde302ddcfc8899ff369a5119bdd5dba1e0d5,134048,2024-01-08T08:19:57.000Z,"""c6a408e4ba49a4f5eb6ae8a7a97955eb""",2026-08-21T06:05:42.987431+00:00,PASS,
um,BTCUSDT,2023-10,https://data.binance.vision/data/futures/um/monthly/klines/BTCUSDT/15m/BTCUSDT-15m-2023-10.zip,2976,2023-10-01T00:00:00+00:00,2023-10-31T23:45:00+00:00,bf3f1b7d22b67155373cbc0334ec44c34c8861bf2127ccd432698d95aa31ead6,bf3f1b7d22b67155373cbc0334ec44c34c8861bf2127ccd432698d95aa31ead6,140804,2024-01-08T08:25:28.000Z,"""731c7fa6a9c8484a579cc1e66897e25c""",2026-08-21T06:05:43.238922+00:00,PASS,
um,BTCUSDT,2023-11,https://data.binance.vision/data/futures/um/monthly/klines/BTCUSDT/15m/BTCUSDT-15m-2023-11.zip,2880,2023-11-01T00:00:00+00:00,2023-11-30T23:45:00+00:00,e70b84bec57cc0a76f9066cf5277b8c2ea3f4f4f03771f478a350160fa81b564,e70b84bec57cc0a76f9066cf5277b8c2ea3f4f4f03771f478a350160fa81b564,136797,2024-01-08T08:33:32.000Z,"""c657d72e37679dd0b82b9a276a38d037""",2026-08-21T06:05:43.337962+00:00,PASS,
um,BTCUSDT,2023-12,https://data.binance.vision/data/futures/um/monthly/klines/BTCUSDT/15m/BTCUSDT-15m-2023-12.zip,2976,2023-12-01T00:00:00+00:00,2023-12-31T23:45:00+00:00,f6b191e620d269d229dee0c5b9abfb6e9610bd0a8e6718d2a96e0e820a013bb0,f6b191e620d269d229dee0c5b9abfb6e9610bd0a8e6718d2a96e0e820a013bb0,143554,2024-01-08T08:41:51.000Z,"""d3b1bc27e970f8a4b8472920aee58cc1""",2026-08-21T06:05:43.607259+00:00,PASS,
um,BTCUSDT,2024-01,https://data.binance.vision/data/futures/um/monthly/klines/BTCUSDT/15m/BTCUSDT-15m-2024-01.zip,2976,2024-01-01T00:00:00+00:00,2024-01-31T23:45:00+00:00,76953983fcd4cc35ac181c4a1c69d28cbb4ef8b983021aac84a111ea4e82ef69,76953983fcd4cc35ac181c4a1c69d28cbb4ef8b983021aac84a111ea4e82ef69,145000,2024-02-18T13:55:42.000Z,"""ccfdba28aa6dedf08ca64238b57936d8""",2026-08-21T06:05:43.721398+00:00,PASS,
um,BTCUSDT,2024-02,https://data.binance.vision/data/futures/um/monthly/klines/BTCUSDT/15m/BTCUSDT-15m-2024-02.zip,2784,2024-02-01T00:00:00+00:00,2024-02-29T23:45:00+00:00,f6a9399826f593aa23746d920e595e9705addd1154d4ec53fcf7a2564755e67b,f6a9399826f593aa23746d920e595e9705addd1154d4ec53fcf7a2564755e67b,135641,2024-03-17T15:30:57.000Z,"""f3c45cda0f92986588231f0430228607""",2026-08-21T06:05:44.010960+00:00,PASS,
um,BTCUSDT,2024-03,https://data.binance.vision/data/futures/um/monthly/klines/BTCUSDT/15m/BTCUSDT-15m-2024-03.zip,2976,2024-03-01T00:00:00+00:00,2024-03-31T23:45:00+00:00,0f7dbdf7859f36d41c1444065409b2c9c4d66f5b3008647436fbc1b7a0d9f080,0f7dbdf7859f36d41c1444065409b2c9c4d66f5b3008647436fbc1b7a0d9f080,147580,2024-04-17T19:24:58.000Z,"""00386a09391495fa783cac631f2ead21""",2026-08-21T06:05:44.100973+00:00,PASS,
um,BTCUSDT,2024-04,https://data.binance.vision/data/futures/um/monthly/klines/BTCUSDT/15m/BTCUSDT-15m-2024-04.zip,2880,2024-04-01T00:00:00+00:00,2024-04-30T23:45:00+00:00,e1e52aa89d7004e4b93af4cfa5d8f03826881604bf2a990fd2f6979ed754c7ff,e1e52aa89d7004e4b93af4cfa5d8f03826881604bf2a990fd2f6979ed754c7ff,141412,2024-05-17T14:15:15.000Z,"""e61fbd03e03f9321d14fb855d5672be8""",2026-08-21T06:05:44.523837+00:00,PASS,
um,BTCUSDT,2024-05,https://data.binance.vision/data/futures/um/monthly/klines/BTCUSDT/15m/BTCUSDT-15m-2024-05.zip,2976,2024-05-01T00:00:00+00:00,2024-05-31T23:45:00+00:00,180775c3969d5e1a4f80dab6d62639945db50ed26b7fb240e66cc384d572295b,180775c3969d5e1a4f80dab6d62639945db50ed26b7fb240e66cc384d572295b,144408,2024-06-17T13:42:53.000Z,"""a7dcbddc7ffdda40aa0e98d68e2be4ad""",2026-08-21T06:05:44.615360+00:00,PASS,
um,BTCUSDT,2024-06,https://data.binance.vision/data/futures/um/monthly/klines/BTCUSDT/15m/BTCUSDT-15m-2024-06.zip,2880,2024-06-01T00:00:00+00:00,2024-06-30T23:45:00+00:00,ff353ea993bd5db2ac704c7ab30b0f706216208da92089875daed06177b7a805,ff353ea993bd5db2ac704c7ab30b0f706216208da92089875daed06177b7a805,137470,2024-07-17T14:15:02.000Z,"""559845b4747a64b162486888825d2b3d""",2026-08-21T06:05:44.948099+00:00,PASS,
um,BTCUSDT,2024-07,https://data.binance.vision/data/futures/um/monthly/klines/BTCUSDT/15m/BTCUSDT-15m-2024-07.zip,2976,2024-07-01T00:00:00+00:00,2024-07-31T23:45:00+00:00,13cdc84f34becfaaaa9736896a0a0c92fa64bb20e84492569a1c1bb401634095,13cdc84f34becfaaaa9736896a0a0c92fa64bb20e84492569a1c1bb401634095,145340,2024-08-17T13:29:19.000Z,"""36720b1ad7645ce13d1f5df72c735bde""",2026-08-21T06:05:45.095809+00:00,PASS,
um,BTCUSDT,2024-08,https://data.binance.vision/data/futures/um/monthly/klines/BTCUSDT/15m/BTCUSDT-15m-2024-08.zip,2976,2024-08-01T00:00:00+00:00,2024-08-31T23:45:00+00:00,7db2001bc9958a0f42748ab56319a067be0610eb3f69ae7360251f9c54b933e1,7db2001bc9958a0f42748ab56319a067be0610eb3f69ae7360251f9c54b933e1,145551,2024-09-17T13:56:10.000Z,"""e58732659345308e89aaa39f2c60716f""",2026-08-21T06:05:45.312469+00:00,PASS,
um,BTCUSDT,2024-09,https://data.binance.vision/data/futures/um/monthly/klines/BTCUSDT/15m/BTCUSDT-15m-2024-09.zip,2880,2024-09-01T00:00:00+00:00,2024-09-30T23:45:00+00:00,ccc54f637eb90c3dd2bb190b3bfa40340c3812917726d203b5a9c94b8d27c727,ccc54f637eb90c3dd2bb190b3bfa40340c3812917726d203b5a9c94b8d27c727,139696,2024-10-17T15:47:40.000Z,"""fe3ddba50553868b6fc59382922aeb4f""",2026-08-21T06:05:45.474478+00:00,PASS,
um,BTCUSDT,2024-10,https://data.binance.vision/data/futures/um/monthly/klines/BTCUSDT/15m/BTCUSDT-15m-2024-10.zip,2976,2024-10-01T00:00:00+00:00,2024-10-31T23:45:00+00:00,64c3283e3e1020fb99916e908ec129c7ed2829319889db87319f3b48c72f6217,64c3283e3e1020fb99916e908ec129c7ed2829319889db87319f3b48c72f6217,143532,2024-11-21T21:56:40.000Z,"""46822864bf463a029e81407595aa9555""",2026-08-21T06:05:45.673517+00:00,PASS,
um,BTCUSDT,2024-11,https://data.binance.vision/data/futures/um/monthly/klines/BTCUSDT/15m/BTCUSDT-15m-2024-11.zip,2880,2024-11-01T00:00:00+00:00,2024-11-30T23:45:00+00:00,e54cdf3523373e2011ca133f12ee18ed54cf0e5a1a59426a9746fd2c39313a54,e54cdf3523373e2011ca133f12ee18ed54cf0e5a1a59426a9746fd2c39313a54,141946,2024-12-17T13:51:49.000Z,"""892ba82e712e8b7db99acf79cc160671""",2026-08-21T06:05:45.835407+00:00,PASS,
um,BTCUSDT,2024-12,https://data.binance.vision/data/futures/um/monthly/klines/BTCUSDT/15m/BTCUSDT-15m-2024-12.zip,2976,2024-12-01T00:00:00+00:00,2024-12-31T23:45:00+00:00,717d3e617fdc6f5c486c16d2f2c0e3e0929fd9158f75827bc603c003ad709544,717d3e617fdc6f5c486c16d2f2c0e3e0929fd9158f75827bc603c003ad709544,146336,2025-01-17T13:29:11.000Z,"""7514fc01eb56a572cf221a180a21c452""",2026-08-21T06:05:46.054686+00:00,PASS,
um,BTCUSDT,2025-01,https://data.binance.vision/data/futures/um/monthly/klines/BTCUSDT/15m/BTCUSDT-15m-2025-01.zip,2976,2025-01-01T00:00:00+00:00,2025-01-31T23:45:00+00:00,0867b0b8e22069621de45df42cc49a8df1b8217cf777529b1df6d43253927588,0867b0b8e22069621de45df42cc49a8df1b8217cf777529b1df6d43253927588,145675,2025-02-17T13:27:55.000Z,"""642c6fe042432acb0c2e29f9183b9551""",2026-08-21T06:05:46.224701+00:00,PASS,
um,BTCUSDT,2025-02,https://data.binance.vision/data/futures/um/monthly/klines/BTCUSDT/15m/BTCUSDT-15m-2025-02.zip,2688,2025-02-01T00:00:00+00:00,2025-02-28T23:45:00+00:00,44280cf80923ec6ee42e28e4606723b2f36909eab5c334ee5aee132ff989f12b,44280cf80923ec6ee42e28e4606723b2f36909eab5c334ee5aee132ff989f12b,130972,2025-03-17T13:35:18.000Z,"""6f6669bcb25606644d39ff145b6fcb5b""",2026-08-21T06:05:46.410324+00:00,PASS,
um,BTCUSDT,2025-03,https://data.binance.vision/data/futures/um/monthly/klines/BTCUSDT/15m/BTCUSDT-15m-2025-03.zip,2976,2025-03-01T00:00:00+00:00,2025-03-31T23:45:00+00:00,aea345f1561a16710812658f2d435f0e02de5fc25d7ba8ad821526d67b2ab229,aea345f1561a16710812658f2d435f0e02de5fc25d7ba8ad821526d67b2ab229,145535,2025-04-17T13:41:56.000Z,"""41d6405456846359e0cd8418ba3e6e0b""",2026-08-21T06:05:46.588993+00:00,PASS,
um,BTCUSDT,2025-04,https://data.binance.vision/data/futures/um/monthly/klines/BTCUSDT/15m/BTCUSDT-15m-2025-04.zip,2880,2025-04-01T00:00:00+00:00,2025-04-30T23:45:00+00:00,6a5166823a9e80e25f520a8e7e26f34550c975e26bd1c5bb95a20d530b89bfa5,6a5166823a9e80e25f520a8e7e26f34550c975e26bd1c5bb95a20d530b89bfa5,140475,2025-05-17T13:45:38.000Z,"""5bc20929bb8335542bc08b1990e1264a""",2026-08-21T06:05:46.779697+00:00,PASS,
um,BTCUSDT,2025-05,https://data.binance.vision/data/futures/um/monthly/klines/BTCUSDT/15m/BTCUSDT-15m-2025-05.zip,2976,2025-05-01T00:00:00+00:00,2025-05-31T23:45:00+00:00,303a174c2d15248fe00342ac2b01bec41bb4e11c4a5d26d480e2a382808bc020,303a174c2d15248fe00342ac2b01bec41bb4e11c4a5d26d480e2a382808bc020,145447,2025-06-02T09:16:12.000Z,"""53065a75b68009d3038f2a94a83d8c6e""",2026-08-21T06:05:46.943446+00:00,PASS,
um,BTCUSDT,2025-06,https://data.binance.vision/data/futures/um/monthly/klines/BTCUSDT/15m/BTCUSDT-15m-2025-06.zip,2880,2025-06-01T00:00:00+00:00,2025-06-30T23:45:00+00:00,4c980922647b630dbf146cb80934776930f8b4a9b419967710ecb8ce398e036d,4c980922647b630dbf146cb80934776930f8b4a9b419967710ecb8ce398e036d,139881,2025-07-17T14:13:00.000Z,"""db4baf690508e35fc2bec7acaa2a8412""",2026-08-21T06:05:47.246456+00:00,PASS,
um,BTCUSDT,2025-07,https://data.binance.vision/data/futures/um/monthly/klines/BTCUSDT/15m/BTCUSDT-15m-2025-07.zip,2976,2025-07-01T00:00:00+00:00,2025-07-31T23:45:00+00:00,dd5bb32a02e5a3dc93717530abe572f41e1bc50b920daad6e226bb6024e52b51,dd5bb32a02e5a3dc93717530abe572f41e1bc50b920daad6e226bb6024e52b51,143938,2025-08-02T08:58:24.000Z,"""a46d7c2826691d0fc6c1f8465362b131""",2026-08-21T06:05:47.381365+00:00,PASS,
um,BTCUSDT,2025-08,https://data.binance.vision/data/futures/um/monthly/klines/BTCUSDT/15m/BTCUSDT-15m-2025-08.zip,2976,2025-08-01T00:00:00+00:00,2025-08-31T23:45:00+00:00,b8965932ae4008e4f1f8ec1ed344f11fbd1f743b44679dacfab665f05414aced,b8965932ae4008e4f1f8ec1ed344f11fbd1f743b44679dacfab665f05414aced,144410,2025-09-02T11:16:31.000Z,"""08663de0f979243b31f43411b14cef34""",2026-08-21T06:05:47.658512+00:00,PASS,
um,BTCUSDT,2025-09,https://data.binance.vision/data/futures/um/monthly/klines/BTCUSDT/15m/BTCUSDT-15m-2025-09.zip,2880,2025-09-01T00:00:00+00:00,2025-09-30T23:45:00+00:00,fcfe6d1c17890b82788b13707bbdc99694361f701a49f15347c8f0e85e55fd1f,fcfe6d1c17890b82788b13707bbdc99694361f701a49f15347c8f0e85e55fd1f,138388,2025-10-02T09:11:51.000Z,"""6a040cfa614e22cdf2f7129efdcf2337""",2026-08-21T06:05:47.752070+00:00,PASS,
um,BTCUSDT,2025-10,https://data.binance.vision/data/futures/um/monthly/klines/BTCUSDT/15m/BTCUSDT-15m-2025-10.zip,2976,2025-10-01T00:00:00+00:00,2025-10-31T23:45:00+00:00,14f11249137327f5ecadfaceab1eea9ba87f819298af645998fc9bd2cde02b77,14f11249137327f5ecadfaceab1eea9ba87f819298af645998fc9bd2cde02b77,146246,2025-11-02T09:50:43.000Z,"""0a0879aee3931ac9692d985666b78a27""",2026-08-21T06:05:48.020102+00:00,PASS,
um,BTCUSDT,2025-11,https://data.binance.vision/data/futures/um/monthly/klines/BTCUSDT/15m/BTCUSDT-15m-2025-11.zip,2880,2025-11-01T00:00:00+00:00,2025-11-30T23:45:00+00:00,66c714d54807c313814d0aef6ee2ef21e07e311605b47c23ae32978c721a4b23,66c714d54807c313814d0aef6ee2ef21e07e311605b47c23ae32978c721a4b23,140773,2025-12-02T09:35:27.000Z,"""e030d02e7d40e5ab041a3cc5ba99b483""",2026-08-21T06:05:48.115622+00:00,PASS,
um,BTCUSDT,2025-12,https://data.binance.vision/data/futures/um/monthly/klines/BTCUSDT/15m/BTCUSDT-15m-2025-12.zip,2976,2025-12-01T00:00:00+00:00,2025-12-31T23:45:00+00:00,d497e319364b0c13a0cd59e0192568ea1542e8f430844046189a8cf534895805,d497e319364b0c13a0cd59e0192568ea1542e8f430844046189a8cf534895805,143001,2026-01-02T10:44:36.000Z,"""36e425cc3e27e99e5bdb7867182e122b""",2026-08-21T06:05:48.425192+00:00,PASS,
um,BTCUSDT,2026-01,https://data.binance.vision/data/futures/um/monthly/klines/BTCUSDT/15m/BTCUSDT-15m-2026-01.zip,2976,2026-01-01T00:00:00+00:00,2026-01-31T23:45:00+00:00,065fc8cf21f51ad6bd043fa670ba2dbc8c6030efd5dff63d5d4a9d99e0b88d0b,065fc8cf21f51ad6bd043fa670ba2dbc8c6030efd5dff63d5d4a9d99e0b88d0b,142704,2026-02-02T10:20:24.000Z,"""0531eb4482051dd54ce0109617808eaf""",2026-08-21T06:05:48.566880+00:00,PASS,
um,BTCUSDT,2026-02,https://data.binance.vision/data/futures/um/monthly/klines/BTCUSDT/15m/BTCUSDT-15m-2026-02.zip,2688,2026-02-01T00:00:00+00:00,2026-02-28T23:45:00+00:00,983c066f0cf0171466e89d7596433f5ac717ea8c805fe5b650a83b3176cd92c1,983c066f0cf0171466e89d7596433f5ac717ea8c805fe5b650a83b3176cd92c1,131955,2026-03-02T09:14:25.000Z,"""793a4b644ea9eb1ce5040af65b6f883b""",2026-08-21T06:05:48.770837+00:00,PASS,
um,BTCUSDT,2026-03,https://data.binance.vision/data/futures/um/monthly/klines/BTCUSDT/15m/BTCUSDT-15m-2026-03.zip,2976,2026-03-01T00:00:00+00:00,2026-03-31T23:45:00+00:00,ea25e84ddffdcc8b7ba68fb47363daee6a9ef53941f152c9ebf6d4e165d32bf8,ea25e84ddffdcc8b7ba68fb47363daee6a9ef53941f152c9ebf6d4e165d32bf8,145250,2026-04-02T09:16:15.000Z,"""690b20608af5c58e917a3ce8cf4c87fe""",2026-08-21T06:05:48.903532+00:00,PASS,
um,BTCUSDT,2026-04,https://data.binance.vision/data/futures/um/monthly/klines/BTCUSDT/15m/BTCUSDT-15m-2026-04.zip,2880,2026-04-01T00:00:00+00:00,2026-04-30T23:45:00+00:00,0bc151133aa47be76f535539e25c04970bd6d0afd54e532951638dc8330fcc58,0bc151133aa47be76f535539e25c04970bd6d0afd54e532951638dc8330fcc58,138462,2026-05-02T09:07:10.000Z,"""f091bf72f8b4c8c2381e6f3e6728b781""",2026-08-21T06:05:49.263037+00:00,PASS,
um,BTCUSDT,2026-05,https://data.binance.vision/data/futures/um/monthly/klines/BTCUSDT/15m/BTCUSDT-15m-2026-05.zip,2976,2026-05-01T00:00:00+00:00,2026-05-31T23:45:00+00:00,1c0a865f62ddca9890f5d7bbe901b7261a3818785594d960f5fce36ee7ce81f5,1c0a865f62ddca9890f5d7bbe901b7261a3818785594d960f5fce36ee7ce81f5,142000,2026-06-02T10:57:54.000Z,"""de8788d29b5af93542e0d4a7224564a8""",2026-08-21T06:05:49.169037+00:00,PASS,
um,BTCUSDT,2026-06,https://data.binance.vision/data/futures/um/monthly/klines/BTCUSDT/15m/BTCUSDT-15m-2026-06.zip,2880,2026-06-01T00:00:00+00:00,2026-06-30T23:45:00+00:00,54369ae74f8122e0d3c8152807f78ec3ced435a8b0ab59c5efcea2cbad878857,54369ae74f8122e0d3c8152807f78ec3ced435a8b0ab59c5efcea2cbad878857,139837,2026-07-02T12:04:38.000Z,"""34b7ee8c303e84d964905057596ddf91""",2026-08-21T06:05:49.608600+00:00,PASS,
um,BTCUSDT,2026-07,https://data.binance.vision/data/futures/um/monthly/klines/BTCUSDT/15m/BTCUSDT-15m-2026-07.zip,2976,2026-07-01T00:00:00+00:00,2026-07-31T23:45:00+00:00,10df439d8404a31fc55ed91fe0169b79db3fa3e7a8c83bc2eb704004eadea1c2,10df439d8404a31fc55ed91fe0169b79db3fa3e7a8c83bc2eb704004eadea1c2,142057,2026-08-02T10:44:42.000Z,"""043e07448646e152ea02e676d4620e9c""",2026-08-21T06:05:49.614601+00:00,PASS,
um,ETHUSDT,2020-01,https://data.binance.vision/data/futures/um/monthly/klines/ETHUSDT/15m/ETHUSDT-15m-2020-01.zip,2976,2020-01-01T00:00:00+00:00,2020-01-31T23:45:00+00:00,be850bcde4421807ca925375f9f529a94e132be473382202f57ea49ff124c8d6,be850bcde4421807ca925375f9f529a94e132be473382202f57ea49ff124c8d6,127343,2021-06-14T06:12:39.000Z,"""1ac7f4a53d9f9e8aabb5f2d6ebfc945e""",2026-08-21T06:05:49.962581+00:00,PASS,
um,ETHUSDT,2020-02,https://data.binance.vision/data/futures/um/monthly/klines/ETHUSDT/15m/ETHUSDT-15m-2020-02.zip,2784,2020-02-01T00:00:00+00:00,2020-02-29T23:45:00+00:00,1ee452ca7e0874b3170e7e170c39516da1b4cbbc7760a715733fd47fcc79187c,1ee452ca7e0874b3170e7e170c39516da1b4cbbc7760a715733fd47fcc79187c,124867,2021-06-14T05:03:44.000Z,"""9521a03039e09946d47f418b1c148f60""",2026-08-21T06:05:50.044429+00:00,PASS,
um,ETHUSDT,2020-03,https://data.binance.vision/data/futures/um/monthly/klines/ETHUSDT/15m/ETHUSDT-15m-2020-03.zip,2976,2020-03-01T00:00:00+00:00,2020-03-31T23:45:00+00:00,5c16b4231cc0366d246b60c4daafc3c7fc7127aed43a7401b7b4743d1898f505,5c16b4231cc0366d246b60c4daafc3c7fc7127aed43a7401b7b4743d1898f505,133674,2021-06-28T06:11:20.000Z,"""0088aeb0e363c0e5dddb57355c1411d6""",2026-08-21T06:05:50.213594+00:00,PASS,
um,ETHUSDT,2020-04,https://data.binance.vision/data/futures/um/monthly/klines/ETHUSDT/15m/ETHUSDT-15m-2020-04.zip,2880,2020-04-01T00:00:00+00:00,2020-04-30T23:45:00+00:00,4fd06af73bdabdf6eb668dc738550a337cb8647a0c7c60b586abb39a9e3ba6ac,4fd06af73bdabdf6eb668dc738550a337cb8647a0c7c60b586abb39a9e3ba6ac,128736,2021-06-28T07:00:18.000Z,"""3c450637d3af1bb068f7fa17a454f825""",2026-08-21T06:05:50.392385+00:00,PASS,
um,ETHUSDT,2020-05,https://data.binance.vision/data/futures/um/monthly/klines/ETHUSDT/15m/ETHUSDT-15m-2020-05.zip,2976,2020-05-01T00:00:00+00:00,2020-05-31T23:45:00+00:00,7095867a2ea3a9123469ec2bb13ea4865b7b092f6f2edf6c67c8a406852c1607,7095867a2ea3a9123469ec2bb13ea4865b7b092f6f2edf6c67c8a406852c1607,132618,2021-06-28T08:40:19.000Z,"""3537e3d44eb98c88b69e660e55e1a589""",2026-08-21T06:05:50.497269+00:00,PASS,
um,ETHUSDT,2020-06,https://data.binance.vision/data/futures/um/monthly/klines/ETHUSDT/15m/ETHUSDT-15m-2020-06.zip,2880,2020-06-01T00:00:00+00:00,2020-06-30T23:45:00+00:00,6e91d9437b28a7f6e47b43ccace4377456ca6cf75164affbbf1b5f33687f630b,6e91d9437b28a7f6e47b43ccace4377456ca6cf75164affbbf1b5f33687f630b,126296,2021-06-28T10:10:02.000Z,"""5c3aea453092e7056baf463253637318""",2026-08-21T06:05:50.604072+00:00,PASS,
um,ETHUSDT,2020-07,https://data.binance.vision/data/futures/um/monthly/klines/ETHUSDT/15m/ETHUSDT-15m-2020-07.zip,2976,2020-07-01T00:00:00+00:00,2020-07-31T23:45:00+00:00,323cdc8f50a1822c421d15f715d9d514d513c2c4ec479d4f656228b2e0f3944e,323cdc8f50a1822c421d15f715d9d514d513c2c4ec479d4f656228b2e0f3944e,131141,2021-06-28T11:24:38.000Z,"""130c840ecf40095613fd0a8029010bdb""",2026-08-21T06:05:50.860914+00:00,PASS,
um,ETHUSDT,2020-08,https://data.binance.vision/data/futures/um/monthly/klines/ETHUSDT/15m/ETHUSDT-15m-2020-08.zip,2976,2020-08-01T00:00:00+00:00,2020-08-31T23:45:00+00:00,817d409f95802453bb62d34cb3a76475d863695429b3f62304a47dc858dacb98,817d409f95802453bb62d34cb3a76475d863695429b3f62304a47dc858dacb98,136505,2021-06-28T12:46:44.000Z,"""0e6a9eaf6206fe33f46733c2dd938856""",2026-08-21T06:05:51.015102+00:00,PASS,
um,ETHUSDT,2020-09,https://data.binance.vision/data/futures/um/monthly/klines/ETHUSDT/15m/ETHUSDT-15m-2020-09.zip,2880,2020-09-01T00:00:00+00:00,2020-09-30T23:45:00+00:00,44cb7ac27035e1abbfb0877d7a32e707c8bc9b1e8c5c31e4efed45007db8715a,44cb7ac27035e1abbfb0877d7a32e707c8bc9b1e8c5c31e4efed45007db8715a,132883,2021-06-28T16:21:06.000Z,"""6eb439a4d80b05503195e3a5997df49d""",2026-08-21T06:05:51.133404+00:00,PASS,
um,ETHUSDT,2020-10,https://data.binance.vision/data/futures/um/monthly/klines/ETHUSDT/15m/ETHUSDT-15m-2020-10.zip,2976,2020-10-01T00:00:00+00:00,2020-10-31T23:45:00+00:00,9c65599b32eb9439f6ee80dcc052c111c9d1eea2fc64f858a2b78d47a516b62c,9c65599b32eb9439f6ee80dcc052c111c9d1eea2fc64f858a2b78d47a516b62c,134372,2021-06-28T18:26:46.000Z,"""2c8b283c1cf28f864f8d7248a1470729""",2026-08-21T06:05:51.265383+00:00,PASS,
um,ETHUSDT,2020-11,https://data.binance.vision/data/futures/um/monthly/klines/ETHUSDT/15m/ETHUSDT-15m-2020-11.zip,2880,2020-11-01T00:00:00+00:00,2020-11-30T23:45:00+00:00,3d5347a1174a5f641220d589877a1104241eadac7ee4a459a6b6b269329961ec,3d5347a1174a5f641220d589877a1104241eadac7ee4a459a6b6b269329961ec,135543,2021-06-28T21:15:39.000Z,"""5e1e33816fd7866ea199b2264504c4ba""",2026-08-21T06:05:51.407651+00:00,PASS,
um,ETHUSDT,2020-12,https://data.binance.vision/data/futures/um/monthly/klines/ETHUSDT/15m/ETHUSDT-15m-2020-12.zip,2976,2020-12-01T00:00:00+00:00,2020-12-31T23:45:00+00:00,5790ffe90d9808ed526b274f78f3534f7516f38d2dab69184a4d26f0846dab4a,5790ffe90d9808ed526b274f78f3534f7516f38d2dab69184a4d26f0846dab4a,140403,2021-06-28T23:47:12.000Z,"""34c22991447d4c91d7b24b594da53827""",2026-08-21T06:05:51.553489+00:00,PASS,
um,ETHUSDT,2021-01,https://data.binance.vision/data/futures/um/monthly/klines/ETHUSDT/15m/ETHUSDT-15m-2021-01.zip,2976,2021-01-01T00:00:00+00:00,2021-01-31T23:45:00+00:00,8949195778e2b05370e9082dc60c8f7a9c83631252eb9491c3c3c84b07c0bec7,8949195778e2b05370e9082dc60c8f7a9c83631252eb9491c3c3c84b07c0bec7,147930,2021-06-29T02:46:12.000Z,"""aa8493e3d7dd1255dd4dc20961dc30c0""",2026-08-21T06:05:51.625748+00:00,PASS,
um,ETHUSDT,2021-02,https://data.binance.vision/data/futures/um/monthly/klines/ETHUSDT/15m/ETHUSDT-15m-2021-02.zip,2688,2021-02-01T00:00:00+00:00,2021-02-28T23:45:00+00:00,779cc2fbd39b028049c038233b9d3c1fcfa41ea9d1c9883f33dbf7ccc3dbc847,779cc2fbd39b028049c038233b9d3c1fcfa41ea9d1c9883f33dbf7ccc3dbc847,132702,2021-03-02T20:49:32.000Z,"""b8a217a0df03b7b065cfdbeeea6fe645""",2026-08-21T06:05:51.932431+00:00,PASS,
um,ETHUSDT,2021-03,https://data.binance.vision/data/futures/um/monthly/klines/ETHUSDT/15m/ETHUSDT-15m-2021-03.zip,2976,2021-03-01T00:00:00+00:00,2021-03-31T23:45:00+00:00,26b21140c3dc70d0df78db60ca98ab1be8d5a874eefc74c72b037f720167d0c4,26b21140c3dc70d0df78db60ca98ab1be8d5a874eefc74c72b037f720167d0c4,145442,2021-06-09T14:52:34.000Z,"""928afd147bc4914d6e398cc8a1512ff4""",2026-08-21T06:05:51.904433+00:00,PASS,
um,ETHUSDT,2021-04,https://data.binance.vision/data/futures/um/monthly/klines/ETHUSDT/15m/ETHUSDT-15m-2021-04.zip,2880,2021-04-01T00:00:00+00:00,2021-04-30T23:45:00+00:00,60b7d0bfbed9bf1bbf9554dcf08f9c676740ef7161fddcc0fa408846a8072878,60b7d0bfbed9bf1bbf9554dcf08f9c676740ef7161fddcc0fa408846a8072878,142562,2021-06-09T11:16:07.000Z,"""4379ca8efc05ce4ef19458778701b9cd""",2026-08-21T06:05:52.187571+00:00,PASS,
um,ETHUSDT,2021-05,https://data.binance.vision/data/futures/um/monthly/klines/ETHUSDT/15m/ETHUSDT-15m-2021-05.zip,2976,2021-05-01T00:00:00+00:00,2021-05-31T23:45:00+00:00,77c8ca3914321c8e59c34ba7d23a3c7d63f5e83c219e55c767ce9953022dcbf2,77c8ca3914321c8e59c34ba7d23a3c7d63f5e83c219e55c767ce9953022dcbf2,151239,2021-06-17T19:50:27.000Z,"""d353a3f701b1829c8e0b69ea3a45e9a0""",2026-08-21T06:05:52.141068+00:00,PASS,
um,ETHUSDT,2021-06,https://data.binance.vision/data/futures/um/monthly/klines/ETHUSDT/15m/ETHUSDT-15m-2021-06.zip,2880,2021-06-01T00:00:00+00:00,2021-06-30T23:45:00+00:00,913546ade2f9425e89989e839ca3d3d14ac29838eb83e2fc735ea2438e2eb141,913546ade2f9425e89989e839ca3d3d14ac29838eb83e2fc735ea2438e2eb141,144396,2021-09-12T08:28:04.000Z,"""aa7a4ecd656ecb21ad71a60e1f7072c2""",2026-08-21T06:05:52.438337+00:00,PASS,
um,ETHUSDT,2021-07,https://data.binance.vision/data/futures/um/monthly/klines/ETHUSDT/15m/ETHUSDT-15m-2021-07.zip,2976,2021-07-01T00:00:00+00:00,2021-07-31T23:45:00+00:00,c5c52ba14f8964e3669c7c147358981b2d31e0b7982b0567f1ffc24ec857831d,c5c52ba14f8964e3669c7c147358981b2d31e0b7982b0567f1ffc24ec857831d,147576,2021-08-01T20:59:05.000Z,"""1b933bf4d761b4c57d8c48fc53a29b6f""",2026-08-21T06:05:52.487208+00:00,PASS,
um,ETHUSDT,2021-08,https://data.binance.vision/data/futures/um/monthly/klines/ETHUSDT/15m/ETHUSDT-15m-2021-08.zip,2976,2021-08-01T00:00:00+00:00,2021-08-31T23:45:00+00:00,95981cb8a9dda8d51be3a0d323d8d89ee4410f6e4ee3ea74e41d54b8152770b0,95981cb8a9dda8d51be3a0d323d8d89ee4410f6e4ee3ea74e41d54b8152770b0,148269,2021-09-02T15:34:40.000Z,"""534dfbd18f838dffd17b8c10434ffd5b""",2026-08-21T06:05:52.754457+00:00,PASS,
um,ETHUSDT,2021-09,https://data.binance.vision/data/futures/um/monthly/klines/ETHUSDT/15m/ETHUSDT-15m-2021-09.zip,2880,2021-09-01T00:00:00+00:00,2021-09-30T23:45:00+00:00,7e9db70488fe7324c7c58a905638bf81437f11c61018238190ca6723a828e9e9,7e9db70488fe7324c7c58a905638bf81437f11c61018238190ca6723a828e9e9,143558,2021-10-01T14:11:46.000Z,"""17cb8fa42142ac7a287467e17741dbac""",2026-08-21T06:05:52.796122+00:00,PASS,
um,ETHUSDT,2021-10,https://data.binance.vision/data/futures/um/monthly/klines/ETHUSDT/15m/ETHUSDT-15m-2021-10.zip,2976,2021-10-01T00:00:00+00:00,2021-10-31T23:45:00+00:00,755a29a1a30d7c18f6932a5ceb16288a61968fb2e1ada5611b58c5aad46947da,755a29a1a30d7c18f6932a5ceb16288a61968fb2e1ada5611b58c5aad46947da,147264,2021-11-01T14:57:35.000Z,"""0fb02755c3d59e4f50cdefcb46c8441c""",2026-08-21T06:05:53.046523+00:00,PASS,
um,ETHUSDT,2021-11,https://data.binance.vision/data/futures/um/monthly/klines/ETHUSDT/15m/ETHUSDT-15m-2021-11.zip,2880,2021-11-01T00:00:00+00:00,2021-11-30T23:45:00+00:00,016ce492025483e69485963f4d503ef0b04b7d961f2c89f2fd455d6bb15169fc,016ce492025483e69485963f4d503ef0b04b7d961f2c89f2fd455d6bb15169fc,142393,2021-12-01T11:49:58.000Z,"""25524deded33e6ee3811f4c184784357""",2026-08-21T06:05:53.083073+00:00,PASS,
um,ETHUSDT,2021-12,https://data.binance.vision/data/futures/um/monthly/klines/ETHUSDT/15m/ETHUSDT-15m-2021-12.zip,2976,2021-12-01T00:00:00+00:00,2021-12-31T23:45:00+00:00,88eda6c9262c4322022ed9017232756e9ba0aca6a3d4d34c23850da6f241812d,88eda6c9262c4322022ed9017232756e9ba0aca6a3d4d34c23850da6f241812d,147346,2022-01-07T16:18:15.000Z,"""cd21dc7decb464d3e182010e41014110""",2026-08-21T06:05:53.350073+00:00,PASS,
um,ETHUSDT,2022-01,https://data.binance.vision/data/futures/um/monthly/klines/ETHUSDT/15m/ETHUSDT-15m-2022-01.zip,2976,2022-01-01T00:00:00+00:00,2022-01-31T23:45:00+00:00,f34e867abd33f17c4c9722338d1e6098da86ceb1ed7e68da704de4a1a6fc0b62,f34e867abd33f17c4c9722338d1e6098da86ceb1ed7e68da704de4a1a6fc0b62,146670,2023-12-18T13:44:28.000Z,"""625e779e32780f5cf40dd9fcdc167abb""",2026-08-21T06:05:53.442074+00:00,PASS,
um,ETHUSDT,2022-02,https://data.binance.vision/data/futures/um/monthly/klines/ETHUSDT/15m/ETHUSDT-15m-2022-02.zip,2688,2022-02-01T00:00:00+00:00,2022-02-28T23:45:00+00:00,c4e6259d3d5bab4e1d2349c42d6ac0af6514237b55683a36364672b9be5ec77e,c4e6259d3d5bab4e1d2349c42d6ac0af6514237b55683a36364672b9be5ec77e,133502,2024-01-08T12:14:23.000Z,"""75f2d31942283f74fa6019b05f50bdee""",2026-08-21T06:05:53.609295+00:00,PASS,
um,ETHUSDT,2022-03,https://data.binance.vision/data/futures/um/monthly/klines/ETHUSDT/15m/ETHUSDT-15m-2022-03.zip,2976,2022-03-01T00:00:00+00:00,2022-03-31T23:45:00+00:00,763c04742dd6d47f2c01b3215bededcf606c07e7df0af78c341fe9590c5d7d65,763c04742dd6d47f2c01b3215bededcf606c07e7df0af78c341fe9590c5d7d65,145963,2024-01-08T13:33:05.000Z,"""13447cbc444349bbdf52e8d6101acef1""",2026-08-21T06:05:53.779347+00:00,PASS,
um,ETHUSDT,2022-04,https://data.binance.vision/data/futures/um/monthly/klines/ETHUSDT/15m/ETHUSDT-15m-2022-04.zip,2880,2022-04-01T00:00:00+00:00,2022-04-30T23:45:00+00:00,cbab8ad431d7c56272aee8eb21be74c33933e63aebeb45fdc0a51d71e3342a29,cbab8ad431d7c56272aee8eb21be74c33933e63aebeb45fdc0a51d71e3342a29,140578,2024-01-08T14:17:11.000Z,"""eb08825fe172446eac8498adf922de31""",2026-08-21T06:05:53.946202+00:00,PASS,
um,ETHUSDT,2022-05,https://data.binance.vision/data/futures/um/monthly/klines/ETHUSDT/15m/ETHUSDT-15m-2022-05.zip,2976,2022-05-01T00:00:00+00:00,2022-05-31T23:45:00+00:00,89f651e2e396166ab54a66e53fab3061eb82f7c1bdd33352752c9956da586aae,89f651e2e396166ab54a66e53fab3061eb82f7c1bdd33352752c9956da586aae,146729,2024-08-20T18:09:48.000Z,"""6ae2e5d2bf49f0130866714c1f5579d7""",2026-08-21T06:05:54.237564+00:00,PASS,
um,ETHUSDT,2022-06,https://data.binance.vision/data/futures/um/monthly/klines/ETHUSDT/15m/ETHUSDT-15m-2022-06.zip,2880,2022-06-01T00:00:00+00:00,2022-06-30T23:45:00+00:00,14a2d341f726acda252f3cd17b20a21bc75b8566fe5a4d060afbc3c763922dd6,14a2d341f726acda252f3cd17b20a21bc75b8566fe5a4d060afbc3c763922dd6,143420,2023-12-20T14:51:57.000Z,"""ce334fd1559a7f3deb469bf1c7f6965d""",2026-08-21T06:05:54.394300+00:00,PASS,
um,ETHUSDT,2022-07,https://data.binance.vision/data/futures/um/monthly/klines/ETHUSDT/15m/ETHUSDT-15m-2022-07.zip,2976,2022-07-01T00:00:00+00:00,2022-07-31T23:45:00+00:00,c248a49cae33740d26b9ba7f3828630fdf0428ad36c68c8752c276e11f4146d0,c248a49cae33740d26b9ba7f3828630fdf0428ad36c68c8752c276e11f4146d0,148525,2023-09-21T06:14:08.000Z,"""c3e30fb66c864129a2b256805e5f44e3""",2026-08-21T06:05:54.607619+00:00,PASS,
um,ETHUSDT,2022-08,https://data.binance.vision/data/futures/um/monthly/klines/ETHUSDT/15m/ETHUSDT-15m-2022-08.zip,2976,2022-08-01T00:00:00+00:00,2022-08-31T23:45:00+00:00,6a9e64b652806493ec753eec55780cad6420e8fd0daf007778641368d1d4ccc9,6a9e64b652806493ec753eec55780cad6420e8fd0daf007778641368d1d4ccc9,149065,2023-06-12T11:49:07.000Z,"""e32f39c913015f23f98673fd23476679""",2026-08-21T06:05:54.807078+00:00,PASS,
um,ETHUSDT,2022-09,https://data.binance.vision/data/futures/um/monthly/klines/ETHUSDT/15m/ETHUSDT-15m-2022-09.zip,2880,2022-09-01T00:00:00+00:00,2022-09-30T23:45:00+00:00,e3c24622eff11720bd241a37a09eee904424d5f095bed163803faaec1f8094b5,e3c24622eff11720bd241a37a09eee904424d5f095bed163803faaec1f8094b5,143819,2022-10-26T14:11:35.000Z,"""b12036016c26c41e6d751e25c821fd5e""",2026-08-21T06:05:54.949933+00:00,PASS,
um,ETHUSDT,2022-10,https://data.binance.vision/data/futures/um/monthly/klines/ETHUSDT/15m/ETHUSDT-15m-2022-10.zip,2976,2022-10-01T00:00:00+00:00,2022-10-31T23:45:00+00:00,8406a50b9db5e1b2c2753e8496372f9199193041c698aea959faf40e7786fcba,8406a50b9db5e1b2c2753e8496372f9199193041c698aea959faf40e7786fcba,145390,2022-11-17T18:57:28.000Z,"""f749425e7e261533b3052ee02e0ca967""",2026-08-21T06:05:55.115033+00:00,PASS,
um,ETHUSDT,2022-11,https://data.binance.vision/data/futures/um/monthly/klines/ETHUSDT/15m/ETHUSDT-15m-2022-11.zip,2880,2022-11-01T00:00:00+00:00,2022-11-30T23:45:00+00:00,353bbe11f3aa0dbcd0772c78232e2ec104b02d105ea4173e1f619eed943b5971,353bbe11f3aa0dbcd0772c78232e2ec104b02d105ea4173e1f619eed943b5971,142474,2022-12-09T13:39:37.000Z,"""9e498bdeef68cdb9281791623b7c47c9""",2026-08-21T06:05:55.301107+00:00,PASS,
um,ETHUSDT,2022-12,https://data.binance.vision/data/futures/um/monthly/klines/ETHUSDT/15m/ETHUSDT-15m-2022-12.zip,2976,2022-12-01T00:00:00+00:00,2022-12-31T23:45:00+00:00,d311ac52d3a542b126e1b6574498609c32c5f0adf566d9f6a5b69c0b72f5a059,d311ac52d3a542b126e1b6574498609c32c5f0adf566d9f6a5b69c0b72f5a059,142432,2023-01-17T18:31:45.000Z,"""684f45103fa1d979386c6a341ecd46b5""",2026-08-21T06:05:55.475504+00:00,PASS,
um,ETHUSDT,2023-01,https://data.binance.vision/data/futures/um/monthly/klines/ETHUSDT/15m/ETHUSDT-15m-2023-01.zip,2976,2023-01-01T00:00:00+00:00,2023-01-31T23:45:00+00:00,4b94b8078f553d56986966a816ab1888b57f1c4ac4be9385aa8eb4a0f5d0b5bf,4b94b8078f553d56986966a816ab1888b57f1c4ac4be9385aa8eb4a0f5d0b5bf,144355,2023-02-17T16:29:02.000Z,"""e5a917e4ec029ab3451cd9e6227f807d""",2026-08-21T06:05:55.611437+00:00,PASS,
um,ETHUSDT,2023-02,https://data.binance.vision/data/futures/um/monthly/klines/ETHUSDT/15m/ETHUSDT-15m-2023-02.zip,2688,2023-02-01T00:00:00+00:00,2023-02-28T23:45:00+00:00,181f161c13de3e1918f987845d0d7a3e698634d98e5ca83d2a46baaa8602feba,181f161c13de3e1918f987845d0d7a3e698634d98e5ca83d2a46baaa8602feba,131348,2023-09-19T08:44:12.000Z,"""b8d1cbce7d9f696c31df9066966cbb69""",2026-08-21T06:05:55.758247+00:00,PASS,
um,ETHUSDT,2023-03,https://data.binance.vision/data/futures/um/monthly/klines/ETHUSDT/15m/ETHUSDT-15m-2023-03.zip,2976,2023-03-01T00:00:00+00:00,2023-03-31T23:45:00+00:00,1402dfca8c6b948335ab7500cae23093e734a112c11474fab8f10bc93bdc07e9,1402dfca8c6b948335ab7500cae23093e734a112c11474fab8f10bc93bdc07e9,146259,2023-04-22T17:53:56.000Z,"""312193d984a5374d990bd6456a58d0fa""",2026-08-21T06:05:56.011273+00:00,PASS,
um,ETHUSDT,2023-04,https://data.binance.vision/data/futures/um/monthly/klines/ETHUSDT/15m/ETHUSDT-15m-2023-04.zip,2880,2023-04-01T00:00:00+00:00,2023-04-30T23:45:00+00:00,55fc2dcc0749ab4b21d12aa9f8d08148a148dc520fc0cf430409189ade9d26c1,55fc2dcc0749ab4b21d12aa9f8d08148a148dc520fc0cf430409189ade9d26c1,140454,2023-08-07T08:16:05.000Z,"""729ccd6b424f1c11c1de261f5b376f20""",2026-08-21T06:05:56.102860+00:00,PASS,
um,ETHUSDT,2023-05,https://data.binance.vision/data/futures/um/monthly/klines/ETHUSDT/15m/ETHUSDT-15m-2023-05.zip,2976,2023-05-01T00:00:00+00:00,2023-05-31T23:45:00+00:00,3b28964792ad73c04a2c95a40704b426b1ebb2d90e215531406d7b029f6b5c3c,3b28964792ad73c04a2c95a40704b426b1ebb2d90e215531406d7b029f6b5c3c,143791,2023-06-01T17:18:26.000Z,"""cd1a557e020930e73e3435de8a68944e""",2026-08-21T06:05:56.375243+00:00,PASS,
um,ETHUSDT,2023-06,https://data.binance.vision/data/futures/um/monthly/klines/ETHUSDT/15m/ETHUSDT-15m-2023-06.zip,2880,2023-06-01T00:00:00+00:00,2023-06-30T23:45:00+00:00,14cf1b27bb9325e34df4dd0cb2d2b05ae63a6d5706dbf5e0cb6b8f7e92e4cbe9,14cf1b27bb9325e34df4dd0cb2d2b05ae63a6d5706dbf5e0cb6b8f7e92e4cbe9,139195,2023-07-02T16:46:37.000Z,"""1179ab3982bd04e8fef3b68a074c9a0b""",2026-08-21T06:05:56.484597+00:00,PASS,
um,ETHUSDT,2023-07,https://data.binance.vision/data/futures/um/monthly/klines/ETHUSDT/15m/ETHUSDT-15m-2023-07.zip,2976,2023-07-01T00:00:00+00:00,2023-07-31T23:45:00+00:00,7a9c96acb0a88270fd79f7ac5b154ba34467d33c600bec63438bbefaf13e1660,7a9c96acb0a88270fd79f7ac5b154ba34467d33c600bec63438bbefaf13e1660,141673,2023-11-18T13:45:23.000Z,"""5eeacebb1f3b3cd990b3c8c9b5f200e1""",2026-08-21T06:05:56.718182+00:00,PASS,
um,ETHUSDT,2023-08,https://data.binance.vision/data/futures/um/monthly/klines/ETHUSDT/15m/ETHUSDT-15m-2023-08.zip,2976,2023-08-01T00:00:00+00:00,2023-08-31T23:45:00+00:00,b8e1882d9bf4ca6755794b20e8631fe2f030a05e252d0c94d14d4f0638aa33bf,b8e1882d9bf4ca6755794b20e8631fe2f030a05e252d0c94d14d4f0638aa33bf,139636,2023-11-18T15:44:07.000Z,"""189bacd572db6930a926af7670d2bc85""",2026-08-21T06:05:56.830061+00:00,PASS,
um,ETHUSDT,2023-09,https://data.binance.vision/data/futures/um/monthly/klines/ETHUSDT/15m/ETHUSDT-15m-2023-09.zip,2880,2023-09-01T00:00:00+00:00,2023-09-30T23:45:00+00:00,a4f6804bd2edb66ff385d70a029a52447e68f31d94cccc803aafe34bb537d8ce,a4f6804bd2edb66ff385d70a029a52447e68f31d94cccc803aafe34bb537d8ce,135001,2023-11-18T15:54:59.000Z,"""d5cd0c4ef90fe1f615f3258710231497""",2026-08-21T06:05:57.084111+00:00,PASS,
um,ETHUSDT,2023-10,https://data.binance.vision/data/futures/um/monthly/klines/ETHUSDT/15m/ETHUSDT-15m-2023-10.zip,2976,2023-10-01T00:00:00+00:00,2023-10-31T23:45:00+00:00,ecd769121c93962daf9cd5ebfc251e44466db72cf9e1487ce343888056dfadd4,ecd769121c93962daf9cd5ebfc251e44466db72cf9e1487ce343888056dfadd4,142253,2023-11-18T18:11:27.000Z,"""8d5faba04a491f158e67496f3d49e1de""",2026-08-21T06:05:57.189909+00:00,PASS,
um,ETHUSDT,2023-11,https://data.binance.vision/data/futures/um/monthly/klines/ETHUSDT/15m/ETHUSDT-15m-2023-11.zip,2880,2023-11-01T00:00:00+00:00,2023-11-30T23:45:00+00:00,cd0ddd41ffd597a7c886cc84406c7e12d8de1d1a330680e9f47fe50f474f46ec,cd0ddd41ffd597a7c886cc84406c7e12d8de1d1a330680e9f47fe50f474f46ec,140061,2023-12-17T13:30:26.000Z,"""7768b51221e0bc313bda280341e0fe40""",2026-08-21T06:05:57.399401+00:00,PASS,
um,ETHUSDT,2023-12,https://data.binance.vision/data/futures/um/monthly/klines/ETHUSDT/15m/ETHUSDT-15m-2023-12.zip,2976,2023-12-01T00:00:00+00:00,2023-12-31T23:45:00+00:00,8df8f98f81eda3ffc0a3514d9b643c0701c433fb2ee2241dac4e04abe6d312c1,8df8f98f81eda3ffc0a3514d9b643c0701c433fb2ee2241dac4e04abe6d312c1,145642,2024-01-02T06:03:42.000Z,"""6fe8d06dff5f12c3c5a4745df0a10da6""",2026-08-21T06:05:57.490723+00:00,PASS,
um,ETHUSDT,2024-01,https://data.binance.vision/data/futures/um/monthly/klines/ETHUSDT/15m/ETHUSDT-15m-2024-01.zip,2976,2024-01-01T00:00:00+00:00,2024-01-31T23:45:00+00:00,297428b35c676c697975fb7e9e9d3ca4c00f89ac7796df5560854822764b0d1c,297428b35c676c697975fb7e9e9d3ca4c00f89ac7796df5560854822764b0d1c,145864,2024-02-18T13:55:51.000Z,"""d7c56ab86cc829ef042e2ccf0c1216ed""",2026-08-21T06:05:57.697223+00:00,PASS,
um,ETHUSDT,2024-02,https://data.binance.vision/data/futures/um/monthly/klines/ETHUSDT/15m/ETHUSDT-15m-2024-02.zip,2784,2024-02-01T00:00:00+00:00,2024-02-29T23:45:00+00:00,ace924d4afcd55ee43df9ed33423196099ffa83df6043c1310a110df0b3752d5,ace924d4afcd55ee43df9ed33423196099ffa83df6043c1310a110df0b3752d5,136856,2024-03-17T15:31:06.000Z,"""9c6aff54f87e34cef81c0d80d4b519ae""",2026-08-21T06:05:57.840644+00:00,PASS,
um,ETHUSDT,2024-03,https://data.binance.vision/data/futures/um/monthly/klines/ETHUSDT/15m/ETHUSDT-15m-2024-03.zip,2976,2024-03-01T00:00:00+00:00,2024-03-31T23:45:00+00:00,9f3b2fc59cc0e30fe2baf0d27dd1f561672f1daf9575b0e7b24fab22e0231734,9f3b2fc59cc0e30fe2baf0d27dd1f561672f1daf9575b0e7b24fab22e0231734,148814,2024-04-17T19:25:09.000Z,"""63a4cc8fd59809d920f6026633200719""",2026-08-21T06:05:58.001124+00:00,PASS,
um,ETHUSDT,2024-04,https://data.binance.vision/data/futures/um/monthly/klines/ETHUSDT/15m/ETHUSDT-15m-2024-04.zip,2880,2024-04-01T00:00:00+00:00,2024-04-30T23:45:00+00:00,e9c10a021e622dd6728b6114dab2c3549e3d52d7d75ca9aea4530cf8e1313413,e9c10a021e622dd6728b6114dab2c3549e3d52d7d75ca9aea4530cf8e1313413,143276,2024-05-17T14:15:24.000Z,"""4fa14ba08789ca42919a97a2f2205853""",2026-08-21T06:05:58.164182+00:00,PASS,
um,ETHUSDT,2024-05,https://data.binance.vision/data/futures/um/monthly/klines/ETHUSDT/15m/ETHUSDT-15m-2024-05.zip,2976,2024-05-01T00:00:00+00:00,2024-05-31T23:45:00+00:00,b29d1019e7c8e01eaf9ef096b7e85932918ec652e7b67afeee86e877de6453e6,b29d1019e7c8e01eaf9ef096b7e85932918ec652e7b67afeee86e877de6453e6,147146,2024-06-17T13:43:01.000Z,"""e91d647bbc91821b48e913f1db78eeff""",2026-08-21T06:05:58.337969+00:00,PASS,
um,ETHUSDT,2024-06,https://data.binance.vision/data/futures/um/monthly/klines/ETHUSDT/15m/ETHUSDT-15m-2024-06.zip,2880,2024-06-01T00:00:00+00:00,2024-06-30T23:45:00+00:00,8185a2fec997ba390b15af9c10bfcd1373c9e2cea18eec0e1a24f2380e99de36,8185a2fec997ba390b15af9c10bfcd1373c9e2cea18eec0e1a24f2380e99de36,140804,2024-07-17T14:15:11.000Z,"""1dafc6adfec30181e818abc72a66293e""",2026-08-21T06:05:58.445037+00:00,PASS,
um,ETHUSDT,2024-07,https://data.binance.vision/data/futures/um/monthly/klines/ETHUSDT/15m/ETHUSDT-15m-2024-07.zip,2976,2024-07-01T00:00:00+00:00,2024-07-31T23:45:00+00:00,c2fded10ec36eddc4e87df6850c87d7e0d2d8b21992eb6ab693ee7913e3dd426,c2fded10ec36eddc4e87df6850c87d7e0d2d8b21992eb6ab693ee7913e3dd426,146832,2024-08-17T13:29:28.000Z,"""a7a99bcce7cd5fd6e8159572710236ad""",2026-08-21T06:05:58.613018+00:00,PASS,
um,ETHUSDT,2024-08,https://data.binance.vision/data/futures/um/monthly/klines/ETHUSDT/15m/ETHUSDT-15m-2024-08.zip,2976,2024-08-01T00:00:00+00:00,2024-08-31T23:45:00+00:00,9dbda411a4624f5546de5f42c7f49fdc50e91878d59fcd1f0cf331cb42f8a3d8,9dbda411a4624f5546de5f42c7f49fdc50e91878d59fcd1f0cf331cb42f8a3d8,147025,2024-09-17T13:56:18.000Z,"""9148e2bddebd64b671dffeafb5535160""",2026-08-21T06:05:58.799325+00:00,PASS,
um,ETHUSDT,2024-09,https://data.binance.vision/data/futures/um/monthly/klines/ETHUSDT/15m/ETHUSDT-15m-2024-09.zip,2880,2024-09-01T00:00:00+00:00,2024-09-30T23:45:00+00:00,57e07af5a0862da969e4b69e8ea0f9d303a7fb691e3b75280ed4e919aa09001a,57e07af5a0862da969e4b69e8ea0f9d303a7fb691e3b75280ed4e919aa09001a,141102,2024-10-17T15:47:50.000Z,"""587c94f0e8a9452bf9e73ae867c13efa""",2026-08-21T06:05:59.044289+00:00,PASS,
um,ETHUSDT,2024-10,https://data.binance.vision/data/futures/um/monthly/klines/ETHUSDT/15m/ETHUSDT-15m-2024-10.zip,2976,2024-10-01T00:00:00+00:00,2024-10-31T23:45:00+00:00,43e59e7052b1851de4718a041695d437b7d1839382db260002c5c184823dbf95,43e59e7052b1851de4718a041695d437b7d1839382db260002c5c184823dbf95,145396,2024-11-21T21:56:49.000Z,"""fcf64da9f40437f7e7a836aa7056932c""",2026-08-21T06:05:59.203260+00:00,PASS,
um,ETHUSDT,2024-11,https://data.binance.vision/data/futures/um/monthly/klines/ETHUSDT/15m/ETHUSDT-15m-2024-11.zip,2880,2024-11-01T00:00:00+00:00,2024-11-30T23:45:00+00:00,f44d3cbcc68e41841d473bcd04394b3479fa0ebbe7390395294f1fd177f1420c,f44d3cbcc68e41841d473bcd04394b3479fa0ebbe7390395294f1fd177f1420c,144492,2024-12-17T13:51:58.000Z,"""5fe215270b680ca8caddcf1da6207edf""",2026-08-21T06:05:59.440072+00:00,PASS,
um,ETHUSDT,2024-12,https://data.binance.vision/data/futures/um/monthly/klines/ETHUSDT/15m/ETHUSDT-15m-2024-12.zip,2976,2024-12-01T00:00:00+00:00,2024-12-31T23:45:00+00:00,9a6a745d78d3820463c93eb39e8d566f399cd6632facc5331333d8820c1ee16c,9a6a745d78d3820463c93eb39e8d566f399cd6632facc5331333d8820c1ee16c,149154,2025-01-17T13:29:21.000Z,"""6821fa8a037e3ae8e39639c6c4ac1cfb""",2026-08-21T06:05:59.638846+00:00,PASS,
um,ETHUSDT,2025-01,https://data.binance.vision/data/futures/um/monthly/klines/ETHUSDT/15m/ETHUSDT-15m-2025-01.zip,2976,2025-01-01T00:00:00+00:00,2025-01-31T23:45:00+00:00,e4583eaeb9f60a36f51edc0c420c5dae46ada08a95a2e187cc37a6d4ca01da2c,e4583eaeb9f60a36f51edc0c420c5dae46ada08a95a2e187cc37a6d4ca01da2c,148237,2025-02-17T13:28:04.000Z,"""cd8be24758580c974a7f1023ad9b0ec1""",2026-08-21T06:05:59.806834+00:00,PASS,
um,ETHUSDT,2025-02,https://data.binance.vision/data/futures/um/monthly/klines/ETHUSDT/15m/ETHUSDT-15m-2025-02.zip,2688,2025-02-01T00:00:00+00:00,2025-02-28T23:45:00+00:00,0ffea7062a8ddcce2cc352a37f0329cdb172cab2128da90f00d4e4faa276e70b,0ffea7062a8ddcce2cc352a37f0329cdb172cab2128da90f00d4e4faa276e70b,134720,2025-03-17T13:35:28.000Z,"""0aa9eb1997677e1428600c6ec3ebf4d9""",2026-08-21T06:06:00.004996+00:00,PASS,
um,ETHUSDT,2025-03,https://data.binance.vision/data/futures/um/monthly/klines/ETHUSDT/15m/ETHUSDT-15m-2025-03.zip,2976,2025-03-01T00:00:00+00:00,2025-03-31T23:45:00+00:00,b85a8fdf1e969d04b4035672b2f3e04e42dfbadf2697e103f1ce8556c9df33ba,b85a8fdf1e969d04b4035672b2f3e04e42dfbadf2697e103f1ce8556c9df33ba,148026,2025-04-17T13:42:06.000Z,"""baa1811c136b4efc0426638bfae1a15c""",2026-08-21T06:06:00.189276+00:00,PASS,
um,ETHUSDT,2025-04,https://data.binance.vision/data/futures/um/monthly/klines/ETHUSDT/15m/ETHUSDT-15m-2025-04.zip,2880,2025-04-01T00:00:00+00:00,2025-04-30T23:45:00+00:00,e0425f5d963857b2a66ed2a5a8da635182633a33d8388c723fe9e255ae9e783a,e0425f5d963857b2a66ed2a5a8da635182633a33d8388c723fe9e255ae9e783a,143377,2025-05-17T13:45:47.000Z,"""b9cc1a0eeafeb286f0b563f5bfc2bd28""",2026-08-21T06:06:00.359221+00:00,PASS,
um,ETHUSDT,2025-05,https://data.binance.vision/data/futures/um/monthly/klines/ETHUSDT/15m/ETHUSDT-15m-2025-05.zip,2976,2025-05-01T00:00:00+00:00,2025-05-31T23:45:00+00:00,08a8b62945c67b1c6cb7852290865421033e6b629585d222d0120927938b3c0e,08a8b62945c67b1c6cb7852290865421033e6b629585d222d0120927938b3c0e,149665,2025-06-02T09:16:25.000Z,"""2ecfb357dd754d1a058b0ef6c426a34a""",2026-08-21T06:06:00.624712+00:00,PASS,
um,ETHUSDT,2025-06,https://data.binance.vision/data/futures/um/monthly/klines/ETHUSDT/15m/ETHUSDT-15m-2025-06.zip,2880,2025-06-01T00:00:00+00:00,2025-06-30T23:45:00+00:00,9cf0b46281a62106d755ca9ee79b91b456dd71fad45f9e63d967f1e59fe44955,9cf0b46281a62106d755ca9ee79b91b456dd71fad45f9e63d967f1e59fe44955,144041,2025-07-17T14:13:13.000Z,"""78eae2e04b931a8e2eef2ed79b5e8585""",2026-08-21T06:06:00.819589+00:00,PASS,
um,ETHUSDT,2025-07,https://data.binance.vision/data/futures/um/monthly/klines/ETHUSDT/15m/ETHUSDT-15m-2025-07.zip,2976,2025-07-01T00:00:00+00:00,2025-07-31T23:45:00+00:00,474a1539ea3341ecd1225144d447a0e465a5bdf104a773d1466b2a69b9b285a9,474a1539ea3341ecd1225144d447a0e465a5bdf104a773d1466b2a69b9b285a9,150134,2025-08-02T08:58:36.000Z,"""1d8f2ba880e234fa5fc477e8983f2a4f""",2026-08-21T06:06:00.958527+00:00,PASS,
um,ETHUSDT,2025-08,https://data.binance.vision/data/futures/um/monthly/klines/ETHUSDT/15m/ETHUSDT-15m-2025-08.zip,2976,2025-08-01T00:00:00+00:00,2025-08-31T23:45:00+00:00,22be96c56c387830ba231b125faef3d5dca790d5bba400be1c7943e76828859f,22be96c56c387830ba231b125faef3d5dca790d5bba400be1c7943e76828859f,151325,2025-09-02T11:16:43.000Z,"""ef39c80afb66d22624a7f1db09ccec76""",2026-08-21T06:06:01.192911+00:00,PASS,
um,ETHUSDT,2025-09,https://data.binance.vision/data/futures/um/monthly/klines/ETHUSDT/15m/ETHUSDT-15m-2025-09.zip,2880,2025-09-01T00:00:00+00:00,2025-09-30T23:45:00+00:00,a13d3ec67f1d3a3a0f64958c0ebf44408f586c0763b98ad61d5a053b38e4140b,a13d3ec67f1d3a3a0f64958c0ebf44408f586c0763b98ad61d5a053b38e4140b,143942,2025-10-02T09:12:04.000Z,"""ca82c561a269cccf232744088b424592""",2026-08-21T06:06:01.386381+00:00,PASS,
um,ETHUSDT,2025-10,https://data.binance.vision/data/futures/um/monthly/klines/ETHUSDT/15m/ETHUSDT-15m-2025-10.zip,2976,2025-10-01T00:00:00+00:00,2025-10-31T23:45:00+00:00,791ea1d15568f9654251e133166b5811ed9dd2a870d0430a1f770ae1d4be9634,791ea1d15568f9654251e133166b5811ed9dd2a870d0430a1f770ae1d4be9634,150491,2025-11-02T09:50:55.000Z,"""bd9275138bb9e0903a9573f91286c5a3""",2026-08-21T06:06:01.542917+00:00,PASS,
um,ETHUSDT,2025-11,https://data.binance.vision/data/futures/um/monthly/klines/ETHUSDT/15m/ETHUSDT-15m-2025-11.zip,2880,2025-11-01T00:00:00+00:00,2025-11-30T23:45:00+00:00,c990b42346cfa801272495c3eab589298df0f53df7bf503b64c6407c8148e87e,c990b42346cfa801272495c3eab589298df0f53df7bf503b64c6407c8148e87e,145159,2025-12-02T09:35:40.000Z,"""6c39d7ee665e84e4dcd3614d010a49c1""",2026-08-21T06:06:01.807771+00:00,PASS,
um,ETHUSDT,2025-12,https://data.binance.vision/data/futures/um/monthly/klines/ETHUSDT/15m/ETHUSDT-15m-2025-12.zip,2976,2025-12-01T00:00:00+00:00,2025-12-31T23:45:00+00:00,976ec3149859d3dfcb1fad77e61765fa54e515b16191c0acc068c68a8410f344,976ec3149859d3dfcb1fad77e61765fa54e515b16191c0acc068c68a8410f344,147405,2026-01-02T10:44:50.000Z,"""4c1137d9526297306f64ac083268c199""",2026-08-21T06:06:01.981870+00:00,PASS,
um,ETHUSDT,2026-01,https://data.binance.vision/data/futures/um/monthly/klines/ETHUSDT/15m/ETHUSDT-15m-2026-01.zip,2976,2026-01-01T00:00:00+00:00,2026-01-31T23:45:00+00:00,447a9db9356fac7d162cf485d5ac4488a587dc053ac0a59f35f24cae84e6403d,447a9db9356fac7d162cf485d5ac4488a587dc053ac0a59f35f24cae84e6403d,147313,2026-02-02T10:20:38.000Z,"""b843c1732ea6f39c1d1fb01618a911fc""",2026-08-21T06:06:02.232367+00:00,PASS,
um,ETHUSDT,2026-02,https://data.binance.vision/data/futures/um/monthly/klines/ETHUSDT/15m/ETHUSDT-15m-2026-02.zip,2688,2026-02-01T00:00:00+00:00,2026-02-28T23:45:00+00:00,71de116aeb4643bad5eba4537673f1b1aea22f33064780bf6fa636429f63415a,71de116aeb4643bad5eba4537673f1b1aea22f33064780bf6fa636429f63415a,135346,2026-03-02T09:14:40.000Z,"""b0366ed320bb13f8265417b8f8f10fd4""",2026-08-21T06:06:02.368420+00:00,PASS,
um,ETHUSDT,2026-03,https://data.binance.vision/data/futures/um/monthly/klines/ETHUSDT/15m/ETHUSDT-15m-2026-03.zip,2976,2026-03-01T00:00:00+00:00,2026-03-31T23:45:00+00:00,8070870b512ab7c312329a7fc1a45217fc7aff5ed7bbb4f805d96caf7c99fd5d,8070870b512ab7c312329a7fc1a45217fc7aff5ed7bbb4f805d96caf7c99fd5d,148329,2026-04-02T09:16:30.000Z,"""76bbd24445e10c8fe184b8a8f9b1983f""",2026-08-21T06:06:02.666377+00:00,PASS,
um,ETHUSDT,2026-04,https://data.binance.vision/data/futures/um/monthly/klines/ETHUSDT/15m/ETHUSDT-15m-2026-04.zip,2880,2026-04-01T00:00:00+00:00,2026-04-30T23:45:00+00:00,d9974b77eb5b1b37c1b6b82f064a4edbb8c0b2a0531fbee487e3a34e519da6be,d9974b77eb5b1b37c1b6b82f064a4edbb8c0b2a0531fbee487e3a34e519da6be,141901,2026-05-02T09:07:25.000Z,"""7af0a305342dd66898fc326d85870919""",2026-08-21T06:06:02.773250+00:00,PASS,
um,ETHUSDT,2026-05,https://data.binance.vision/data/futures/um/monthly/klines/ETHUSDT/15m/ETHUSDT-15m-2026-05.zip,2976,2026-05-01T00:00:00+00:00,2026-05-31T23:45:00+00:00,3db40bf90a856aa0977bcac53c46750c174b58c9e0a438ea9803948e81d42260,3db40bf90a856aa0977bcac53c46750c174b58c9e0a438ea9803948e81d42260,145132,2026-06-02T10:58:12.000Z,"""5d5981ad460c5767dbbf5c6f66207e41""",2026-08-21T06:06:03.041553+00:00,PASS,
um,ETHUSDT,2026-06,https://data.binance.vision/data/futures/um/monthly/klines/ETHUSDT/15m/ETHUSDT-15m-2026-06.zip,2880,2026-06-01T00:00:00+00:00,2026-06-30T23:45:00+00:00,d4d7c7087b6813c219c39c1cfcb7b3f5c493551b94d33a8d7c6ee0b7201f010a,d4d7c7087b6813c219c39c1cfcb7b3f5c493551b94d33a8d7c6ee0b7201f010a,142640,2026-07-02T12:04:58.000Z,"""13315581fba3af31a25b7ba2b736d517""",2026-08-21T06:06:03.231488+00:00,PASS,
um,ETHUSDT,2026-07,https://data.binance.vision/data/futures/um/monthly/klines/ETHUSDT/15m/ETHUSDT-15m-2026-07.zip,2976,2026-07-01T00:00:00+00:00,2026-07-31T23:45:00+00:00,6d35d18663150fc242eec9fb2f4d3ed220081c849994020f728e93556f7a9f50,6d35d18663150fc242eec9fb2f4d3ed220081c849994020f728e93556f7a9f50,145574,2026-08-02T10:45:02.000Z,"""e435a75a9be8a16b8187e95af330aad7""",2026-08-21T06:06:03.389542+00:00,PASS,
