market,symbol,archive_month,archive_url,row_count,first_timestamp,last_timestamp,published_sha256,computed_sha256,object_size,object_last_modified,object_etag,downloaded_at,integrity_status,issue_codes,dataset,interval
spot,BTCUSDT,2017-08,https://data.binance.vision/data/spot/monthly/klines/BTCUSDT/15m/BTCUSDT-15m-2017-08.zip,1424,2017-08-17T04:00:00+00:00,2017-08-31T23:45:00+00:00,119638682394012f715cccec421effeddf321dfd497cdace16fb6745f63716d1,119638682394012f715cccec421effeddf321dfd497cdace16fb6745f63716d1,75753,2021-06-22T11:33:48.000Z,"""e8063855aed396bc5c5380811ac386cb""",2026-08-21T06:05:02.197531+00:00,PASS,,klines,15m
spot,BTCUSDT,2017-09,https://data.binance.vision/data/spot/monthly/klines/BTCUSDT/15m/BTCUSDT-15m-2017-09.zip,2852,2017-09-01T00:00:00+00:00,2017-09-30T23:45:00+00:00,3f2aef6a924c4a5c392e632ddd86789a1dacebf96b4f66ed51762b8bcd46693f,3f2aef6a924c4a5c392e632ddd86789a1dacebf96b4f66ed51762b8bcd46693f,157968,2021-06-22T11:33:48.000Z,"""c3b5d32c018dd32bd218704873f4ef9e""",2026-08-21T06:05:02.243296+00:00,ISSUES,MISSING_INTERVAL,klines,15m
spot,BTCUSDT,2017-10,https://data.binance.vision/data/spot/monthly/klines/BTCUSDT/15m/BTCUSDT-15m-2017-10.zip,2976,2017-10-01T00:00:00+00:00,2017-10-31T23:45:00+00:00,f44f3a8ba520a4d9badfb8baf5057ca8dc39bb352be20e5d47074ff43a05e612,f44f3a8ba520a4d9badfb8baf5057ca8dc39bb352be20e5d47074ff43a05e612,166875,2021-06-22T11:33:48.000Z,"""4060e50e08bd5a7d87c6b5361ec72656""",2026-08-21T06:05:02.499750+00:00,PASS,,klines,15m
spot,BTCUSDT,2017-11,https://data.binance.vision/data/spot/monthly/klines/BTCUSDT/15m/BTCUSDT-15m-2017-11.zip,2880,2017-11-01T00:00:00+00:00,2017-11-30T23:45:00+00:00,e381bb68b9a1b5f51399bcce2300cf1ddd48929d16946334db958b6befb6e2e1,e381bb68b9a1b5f51399bcce2300cf1ddd48929d16946334db958b6befb6e2e1,169779,2021-06-22T11:33:48.000Z,"""150231ac7b0bb219556e670739c94875""",2026-08-21T06:05:02.674651+00:00,PASS,,klines,15m
spot,BTCUSDT,2017-12,https://data.binance.vision/data/spot/monthly/klines/BTCUSDT/15m/BTCUSDT-15m-2017-12.zip,2972,2017-12-01T00:00:00+00:00,2017-12-31T23:45:00+00:00,a737d013096403196346f6297fe21fce7e3e8f7b6366e517535d9835eeb2fdf4,a737d013096403196346f6297fe21fce7e3e8f7b6366e517535d9835eeb2fdf4,174601,2021-06-22T11:33:48.000Z,"""e459576d1fcb7a8b9e319df77ed6b0cd""",2026-08-21T06:05:02.820515+00:00,ISSUES,MISSING_INTERVAL,klines,15m
spot,BTCUSDT,2018-01,https://data.binance.vision/data/spot/monthly/klines/BTCUSDT/15m/BTCUSDT-15m-2018-01.zip,2969,2018-01-01T00:00:00+00:00,2018-01-31T23:45:00+00:00,26a667bcead0cee1b67262fab643b792675da828157c048f0ab2a55b7a0c647c,26a667bcead0cee1b67262fab643b792675da828157c048f0ab2a55b7a0c647c,163482,2021-06-22T11:33:48.000Z,"""029224f3c712cfdaa7fe0e6d6e872185""",2026-08-21T06:05:03.017032+00:00,ISSUES,MISSING_INTERVAL,klines,15m
spot,BTCUSDT,2018-02,https://data.binance.vision/data/spot/monthly/klines/BTCUSDT/15m/BTCUSDT-15m-2018-02.zip,2553,2018-02-01T00:00:00+00:00,2018-02-28T23:45:00+00:00,9b7f75cef2aefea621bfedb0f136f15fc60aed5e6f4da1c521765a4c267123e0,9b7f75cef2aefea621bfedb0f136f15fc60aed5e6f4da1c521765a4c267123e0,141728,2021-06-22T11:33:48.000Z,"""61687451cd58cfc58e82d0f064439241""",2026-08-21T06:05:03.121448+00:00,ISSUES,MISSING_INTERVAL;IRREGULAR_INTERVAL,klines,15m
spot,BTCUSDT,2018-03,https://data.binance.vision/data/spot/monthly/klines/BTCUSDT/15m/BTCUSDT-15m-2018-03.zip,2976,2018-03-01T00:00:00+00:00,2018-03-31T23:45:00+00:00,52982e2c0ceb520365cf320c631fd0603aff6d0b0b0a81d06e2c23f5a81e8be2,52982e2c0ceb520365cf320c631fd0603aff6d0b0b0a81d06e2c23f5a81e8be2,162923,2021-06-22T11:33:48.000Z,"""5194e8a2e2f6f5b2fe1289e3f05573f5""",2026-08-21T06:05:03.405992+00:00,PASS,,klines,15m
spot,BTCUSDT,2018-04,https://data.binance.vision/data/spot/monthly/klines/BTCUSDT/15m/BTCUSDT-15m-2018-04.zip,2880,2018-04-01T00:00:00+00:00,2018-04-30T23:45:00+00:00,d8ca1f9035eb38d4dcc0d3090217b91469a7759b971fe358b2ee94f0f9efe8c8,d8ca1f9035eb38d4dcc0d3090217b91469a7759b971fe358b2ee94f0f9efe8c8,156109,2021-06-22T11:33:48.000Z,"""1640c952685f8fe7e103a792f36439c5""",2026-08-21T06:05:03.392994+00:00,PASS,,klines,15m
spot,BTCUSDT,2018-05,https://data.binance.vision/data/spot/monthly/klines/BTCUSDT/15m/BTCUSDT-15m-2018-05.zip,2976,2018-05-01T00:00:00+00:00,2018-05-31T23:45:00+00:00,64f1de1e421254e6c797ccd922c83a797fdfa0ff54211216cbe0f1c00c4d2f75,64f1de1e421254e6c797ccd922c83a797fdfa0ff54211216cbe0f1c00c4d2f75,161391,2021-06-22T11:33:48.000Z,"""c94d60b78895a362db4b81a72dc7a238""",2026-08-21T06:05:03.752921+00:00,PASS,,klines,15m
spot,BTCUSDT,2018-06,https://data.binance.vision/data/spot/monthly/klines/BTCUSDT/15m/BTCUSDT-15m-2018-06.zip,2833,2018-06-01T00:00:00+00:00,2018-06-30T23:45:00+00:00,a80442581d5ac478c283158bc754b62c90cb45bac2081126b2a5f3400ddd74bc,a80442581d5ac478c283158bc754b62c90cb45bac2081126b2a5f3400ddd74bc,153423,2021-06-22T11:33:48.000Z,"""b7863f956760136ba8614c1e7ecf7621""",2026-08-21T06:05:03.685710+00:00,ISSUES,MISSING_INTERVAL,klines,15m
spot,BTCUSDT,2018-07,https://data.binance.vision/data/spot/monthly/klines/BTCUSDT/15m/BTCUSDT-15m-2018-07.zip,2946,2018-07-01T00:00:00+00:00,2018-07-31T23:45:00+00:00,51f265dad76b5d1223495a7d7516f8f4aef989b9804c883a48927ae507786aef,51f265dad76b5d1223495a7d7516f8f4aef989b9804c883a48927ae507786aef,159457,2021-06-22T11:33:49.000Z,"""8b17f0125073cce4c317a5872cd56ba0""",2026-08-21T06:05:04.020487+00:00,ISSUES,MISSING_INTERVAL,klines,15m
spot,BTCUSDT,2018-08,https://data.binance.vision/data/spot/monthly/klines/BTCUSDT/15m/BTCUSDT-15m-2018-08.zip,2976,2018-08-01T00:00:00+00:00,2018-08-31T23:45:00+00:00,b140dbc7b630a466d962c11f192975b1f274f650a6e55ddeea8d9874fcd8add0,b140dbc7b630a466d962c11f192975b1f274f650a6e55ddeea8d9874fcd8add0,162576,2021-06-22T11:33:49.000Z,"""d8e8db91b5a1aa62cdda0a73b2e861a0""",2026-08-21T06:05:04.223050+00:00,PASS,,klines,15m
spot,BTCUSDT,2018-09,https://data.binance.vision/data/spot/monthly/klines/BTCUSDT/15m/BTCUSDT-15m-2018-09.zip,2880,2018-09-01T00:00:00+00:00,2018-09-30T23:45:00+00:00,17c6956d455bcba50c83a17fb04f5c84feddfd3f217cbb117c3f6fe8fe366667,17c6956d455bcba50c83a17fb04f5c84feddfd3f217cbb117c3f6fe8fe366667,155670,2021-06-22T11:33:49.000Z,"""144492938cd01cc1df8c912d470b8f28""",2026-08-21T06:05:04.399531+00:00,PASS,,klines,15m
spot,BTCUSDT,2018-10,https://data.binance.vision/data/spot/monthly/klines/BTCUSDT/15m/BTCUSDT-15m-2018-10.zip,2962,2018-10-01T00:00:00+00:00,2018-10-31T23:45:00+00:00,11cbfe947954b0b3abfa3ccac9c5223112584143ccc7aef11fbfbd1fb81d0227,11cbfe947954b0b3abfa3ccac9c5223112584143ccc7aef11fbfbd1fb81d0227,156389,2021-06-22T11:33:49.000Z,"""7cfb28176bb0ef272ac9c3243d90f304""",2026-08-21T06:05:04.642551+00:00,ISSUES,MISSING_INTERVAL,klines,15m
spot,BTCUSDT,2018-11,https://data.binance.vision/data/spot/monthly/klines/BTCUSDT/15m/BTCUSDT-15m-2018-11.zip,2852,2018-11-01T00:00:00+00:00,2018-11-30T23:45:00+00:00,d496a440162faab404184cce0b3a3230c2d03816688b82a899222e23e86beef6,d496a440162faab404184cce0b3a3230c2d03816688b82a899222e23e86beef6,153746,2021-06-22T11:33:49.000Z,"""aedd833ddcba0045816875502ab0c58d""",2026-08-21T06:05:04.837014+00:00,ISSUES,MISSING_INTERVAL,klines,15m
spot,BTCUSDT,2018-12,https://data.binance.vision/data/spot/monthly/klines/BTCUSDT/15m/BTCUSDT-15m-2018-12.zip,2976,2018-12-01T00:00:00+00:00,2018-12-31T23:45:00+00:00,c40b6684abd9680124a9b9c5ddf5d77ebc00a732f26a75547d18fd6ae24eb177,c40b6684abd9680124a9b9c5ddf5d77ebc00a732f26a75547d18fd6ae24eb177,161933,2021-06-22T11:33:49.000Z,"""eeba7223e087f298d3507983eb138fa9""",2026-08-21T06:05:04.928380+00:00,PASS,,klines,15m
spot,BTCUSDT,2019-01,https://data.binance.vision/data/spot/monthly/klines/BTCUSDT/15m/BTCUSDT-15m-2019-01.zip,2976,2019-01-01T00:00:00+00:00,2019-01-31T23:45:00+00:00,ca05832be5e1e4b5e527976fa295017721146f5ee8591f6c8a654eb190a6086d,ca05832be5e1e4b5e527976fa295017721146f5ee8591f6c8a654eb190a6086d,158658,2021-06-22T11:33:49.000Z,"""2ff0b29337769854fe62225e8a0680fa""",2026-08-21T06:05:05.186746+00:00,PASS,,klines,15m
spot,BTCUSDT,2019-02,https://data.binance.vision/data/spot/monthly/klines/BTCUSDT/15m/BTCUSDT-15m-2019-02.zip,2688,2019-02-01T00:00:00+00:00,2019-02-28T23:45:00+00:00,a1ee18d725e22e40e4f8332abdcf253d3d28d60ef258a516e3bd45e6564994c2,a1ee18d725e22e40e4f8332abdcf253d3d28d60ef258a516e3bd45e6564994c2,143019,2021-06-22T11:33:49.000Z,"""e770774209519593e019dd7ee3683e11""",2026-08-21T06:05:05.251281+00:00,PASS,,klines,15m
spot,BTCUSDT,2019-03,https://data.binance.vision/data/spot/monthly/klines/BTCUSDT/15m/BTCUSDT-15m-2019-03.zip,2952,2019-03-01T00:00:00+00:00,2019-03-31T23:45:00+00:00,a5a0e2d00439088327fd67aaf5879feab702199c2cbc2b9a68c65a2d088479a2,a5a0e2d00439088327fd67aaf5879feab702199c2cbc2b9a68c65a2d088479a2,156436,2021-06-22T11:33:49.000Z,"""8fe2cf47494b872a1ef4143804e81d34""",2026-08-21T06:05:05.511494+00:00,ISSUES,MISSING_INTERVAL,klines,15m
spot,BTCUSDT,2019-04,https://data.binance.vision/data/spot/monthly/klines/BTCUSDT/15m/BTCUSDT-15m-2019-04.zip,2880,2019-04-01T00:00:00+00:00,2019-04-30T23:45:00+00:00,5e66fadf52ddff776d1653c2c3964d01bf35e685006ff9dd5eb01e8b3c49a7a5,5e66fadf52ddff776d1653c2c3964d01bf35e685006ff9dd5eb01e8b3c49a7a5,155833,2021-06-22T11:33:49.000Z,"""14e80486586b209e7f4d0ee307eab6fa""",2026-08-21T06:05:05.549006+00:00,PASS,,klines,15m
spot,BTCUSDT,2019-05,https://data.binance.vision/data/spot/monthly/klines/BTCUSDT/15m/BTCUSDT-15m-2019-05.zip,2936,2019-05-01T00:00:00+00:00,2019-05-31T23:45:00+00:00,dbb74d304f9e7335950e55ba1f6f2df34eae8b9b2b6451cdf98d6ae5691d88c6,dbb74d304f9e7335950e55ba1f6f2df34eae8b9b2b6451cdf98d6ae5691d88c6,162760,2021-06-22T11:33:49.000Z,"""319b0ef616d7a45aa28d9f5708741bfd""",2026-08-21T06:05:05.773865+00:00,ISSUES,MISSING_INTERVAL,klines,15m
spot,BTCUSDT,2019-06,https://data.binance.vision/data/spot/monthly/klines/BTCUSDT/15m/BTCUSDT-15m-2019-06.zip,2876,2019-06-01T00:00:00+00:00,2019-06-30T23:45:00+00:00,c01a2fd88d423dce6379c26e6b61e6b77b37f2b32b4c2f4e321566fe826b56d5,c01a2fd88d423dce6379c26e6b61e6b77b37f2b32b4c2f4e321566fe826b56d5,161255,2021-06-22T11:33:50.000Z,"""d5aadb7104cd2f034777a823953c140e""",2026-08-21T06:05:05.952753+00:00,ISSUES,MISSING_INTERVAL,klines,15m
spot,BTCUSDT,2019-07,https://data.binance.vision/data/spot/monthly/klines/BTCUSDT/15m/BTCUSDT-15m-2019-07.zip,2976,2019-07-01T00:00:00+00:00,2019-07-31T23:45:00+00:00,6afeec7968c1071d8ffb7a9349f4e04ee0240049bf96a8ae4ba22fb04552dc7e,6afeec7968c1071d8ffb7a9349f4e04ee0240049bf96a8ae4ba22fb04552dc7e,168121,2021-06-22T11:33:50.000Z,"""ea95a60c2cc92dfa2c7e993910e264e6""",2026-08-21T06:05:06.068898+00:00,PASS,,klines,15m
spot,BTCUSDT,2019-08,https://data.binance.vision/data/spot/monthly/klines/BTCUSDT/15m/BTCUSDT-15m-2019-08.zip,2944,2019-08-01T00:00:00+00:00,2019-08-31T23:45:00+00:00,af37942d6d6dcfa8cca23ba87cf0da704bdc816b812463c8f19b7a8a0d5aa54a,af37942d6d6dcfa8cca23ba87cf0da704bdc816b812463c8f19b7a8a0d5aa54a,164015,2021-06-22T11:33:50.000Z,"""23e806b1bfcf0672679a8e89752ab318""",2026-08-21T06:05:06.248991+00:00,ISSUES,MISSING_INTERVAL,klines,15m
spot,BTCUSDT,2019-09,https://data.binance.vision/data/spot/monthly/klines/BTCUSDT/15m/BTCUSDT-15m-2019-09.zip,2880,2019-09-01T00:00:00+00:00,2019-09-30T23:45:00+00:00,e26624f88f3836be3ae845ed5966f6db52c866c4c934522a98d893ccddb2f012,e26624f88f3836be3ae845ed5966f6db52c866c4c934522a98d893ccddb2f012,159207,2021-06-22T11:33:50.000Z,"""1f9e142535b751706bc8086c883db7dc""",2026-08-21T06:05:06.336680+00:00,PASS,,klines,15m
spot,BTCUSDT,2019-10,https://data.binance.vision/data/spot/monthly/klines/BTCUSDT/15m/BTCUSDT-15m-2019-10.zip,2976,2019-10-01T00:00:00+00:00,2019-10-31T23:45:00+00:00,d51c02da9e1ed8f33e615a5cfc5b707843861c23a734382a48e341c18e66921e,d51c02da9e1ed8f33e615a5cfc5b707843861c23a734382a48e341c18e66921e,164199,2021-06-22T11:33:50.000Z,"""eb2fedfe7eb6c5f9fe07806d67bb0941""",2026-08-21T06:05:06.508582+00:00,PASS,,klines,15m
spot,BTCUSDT,2019-11,https://data.binance.vision/data/spot/monthly/klines/BTCUSDT/15m/BTCUSDT-15m-2019-11.zip,2863,2019-11-01T00:00:00+00:00,2019-11-30T23:45:00+00:00,6a7dd7fa45811f4f9fcaf55a1e6f9b534714e4eb05a36f0cb9e05d550360d91d,6a7dd7fa45811f4f9fcaf55a1e6f9b534714e4eb05a36f0cb9e05d550360d91d,158173,2021-06-22T11:33:50.000Z,"""9190db35408cd041a39712019441ee29""",2026-08-21T06:05:06.570755+00:00,ISSUES,MISSING_INTERVAL,klines,15m
spot,BTCUSDT,2019-12,https://data.binance.vision/data/spot/monthly/klines/BTCUSDT/15m/BTCUSDT-15m-2019-12.zip,2976,2019-12-01T00:00:00+00:00,2019-12-31T23:45:00+00:00,c51a7436f0b220005d2fd3279431384b7a08166ad5ed6c114e217dc811b16fe5,c51a7436f0b220005d2fd3279431384b7a08166ad5ed6c114e217dc811b16fe5,163064,2021-06-22T11:33:50.000Z,"""0e116afa88b3f1054819e97ffff7c06f""",2026-08-21T06:05:06.741035+00:00,PASS,,klines,15m
spot,BTCUSDT,2020-01,https://data.binance.vision/data/spot/monthly/klines/BTCUSDT/15m/BTCUSDT-15m-2020-01.zip,2976,2020-01-01T00:00:00+00:00,2020-01-31T23:45:00+00:00,f3e6e57450b4e947aa34a0fd075ccf36be79e469a481eb08f63b1a6b299d3bdf,f3e6e57450b4e947aa34a0fd075ccf36be79e469a481eb08f63b1a6b299d3bdf,164781,2021-06-22T11:33:50.000Z,"""84717ae7c64e2a19f02b5ca3cfea45f2""",2026-08-21T06:05:06.882323+00:00,PASS,,klines,15m
spot,BTCUSDT,2020-02,https://data.binance.vision/data/spot/monthly/klines/BTCUSDT/15m/BTCUSDT-15m-2020-02.zip,2757,2020-02-01T00:00:00+00:00,2020-02-29T23:45:00+00:00,3986551ecbf7078c607f10199cec630c46e9b5919fb2541ef1b3abeea31eb406,3986551ecbf7078c607f10199cec630c46e9b5919fb2541ef1b3abeea31eb406,153696,2021-06-22T11:33:50.000Z,"""fb6f942d4c6530fae1875b683a7523a4""",2026-08-21T06:05:06.984181+00:00,ISSUES,MISSING_INTERVAL,klines,15m
spot,BTCUSDT,2020-03,https://data.binance.vision/data/spot/monthly/klines/BTCUSDT/15m/BTCUSDT-15m-2020-03.zip,2968,2020-03-01T00:00:00+00:00,2020-03-31T23:45:00+00:00,0ace9004d2a636f6cf43104ac6e862513b643576b5d94335a4342988dfbfc8be,0ace9004d2a636f6cf43104ac6e862513b643576b5d94335a4342988dfbfc8be,167677,2021-06-22T11:33:50.000Z,"""3e94262c02cb87177f270587c0dd7ca5""",2026-08-21T06:05:07.218371+00:00,ISSUES,MISSING_INTERVAL,klines,15m
spot,BTCUSDT,2020-04,https://data.binance.vision/data/spot/monthly/klines/BTCUSDT/15m/BTCUSDT-15m-2020-04.zip,2870,2020-04-01T00:00:00+00:00,2020-04-30T23:45:00+00:00,ba17900695e5857989877662b62f890de40074c138e8c91e05a2dbe37daa94d1,ba17900695e5857989877662b62f890de40074c138e8c91e05a2dbe37daa94d1,159804,2021-06-22T11:33:50.000Z,"""16e2863bfed416684a563403756eb3ca""",2026-08-21T06:05:07.282855+00:00,ISSUES,MISSING_INTERVAL,klines,15m
spot,BTCUSDT,2020-05,https://data.binance.vision/data/spot/monthly/klines/BTCUSDT/15m/BTCUSDT-15m-2020-05.zip,2976,2020-05-01T00:00:00+00:00,2020-05-31T23:45:00+00:00,474b584a088f210e6406a65402caa0e98b3c040264db93bb2cdb2d7b1ff0e350,474b584a088f210e6406a65402caa0e98b3c040264db93bb2cdb2d7b1ff0e350,167179,2021-06-22T11:33:51.000Z,"""20bda274de72cc98ab9b48d1e068da17""",2026-08-21T06:05:07.612681+00:00,PASS,,klines,15m
spot,BTCUSDT,2020-06,https://data.binance.vision/data/spot/monthly/klines/BTCUSDT/15m/BTCUSDT-15m-2020-06.zip,2866,2020-06-01T00:00:00+00:00,2020-06-30T23:45:00+00:00,b0c0c5d0ceeeda7619e7c014873d7b48d2b883facc591b2b4f753aa3f438c0a6,b0c0c5d0ceeeda7619e7c014873d7b48d2b883facc591b2b4f753aa3f438c0a6,158061,2021-06-22T11:33:51.000Z,"""79a2e3debdb337fe52b5764ebaaac947""",2026-08-21T06:05:07.566022+00:00,ISSUES,MISSING_INTERVAL,klines,15m
spot,BTCUSDT,2020-07,https://data.binance.vision/data/spot/monthly/klines/BTCUSDT/15m/BTCUSDT-15m-2020-07.zip,2976,2020-07-01T00:00:00+00:00,2020-07-31T23:45:00+00:00,608fe9683436c46bde2400a9389337a528e9df505010f64b26e5300ba48e0294,608fe9683436c46bde2400a9389337a528e9df505010f64b26e5300ba48e0294,163275,2021-06-22T11:33:51.000Z,"""7493f452b88de4180a85799fdf780e45""",2026-08-21T06:05:07.847989+00:00,PASS,,klines,15m
spot,BTCUSDT,2020-08,https://data.binance.vision/data/spot/monthly/klines/BTCUSDT/15m/BTCUSDT-15m-2020-08.zip,2976,2020-08-01T00:00:00+00:00,2020-08-31T23:45:00+00:00,dde79916f0d46941f4d2e8a2726ba1b9a3089361ba1f2d45360609a8d098decc,dde79916f0d46941f4d2e8a2726ba1b9a3089361ba1f2d45360609a8d098decc,166855,2021-06-22T11:33:51.000Z,"""705c70abab14f212f8d189a8e283aa35""",2026-08-21T06:05:07.893499+00:00,PASS,,klines,15m
spot,BTCUSDT,2020-09,https://data.binance.vision/data/spot/monthly/klines/BTCUSDT/15m/BTCUSDT-15m-2020-09.zip,2880,2020-09-01T00:00:00+00:00,2020-09-30T23:45:00+00:00,4507410af54992946ed9b317ba604e9e6a8991039242da06fb97d1b1d976b103,4507410af54992946ed9b317ba604e9e6a8991039242da06fb97d1b1d976b103,160982,2021-06-22T11:33:51.000Z,"""a53afd50f3656aa37dd4bb15294f190f""",2026-08-21T06:05:08.211803+00:00,PASS,,klines,15m
spot,BTCUSDT,2020-10,https://data.binance.vision/data/spot/monthly/klines/BTCUSDT/15m/BTCUSDT-15m-2020-10.zip,2976,2020-10-01T00:00:00+00:00,2020-10-31T23:45:00+00:00,ed4b16ebfeca45ddb5ba40d4cce8934166e6d95edcc1c118476eada8ff62b098,ed4b16ebfeca45ddb5ba40d4cce8934166e6d95edcc1c118476eada8ff62b098,165272,2021-06-22T11:33:51.000Z,"""9efc663b0298e796b04f8e9df396e82d""",2026-08-21T06:05:08.170993+00:00,PASS,,klines,15m
spot,BTCUSDT,2020-11,https://data.binance.vision/data/spot/monthly/klines/BTCUSDT/15m/BTCUSDT-15m-2020-11.zip,2876,2020-11-01T00:00:00+00:00,2020-11-30T23:45:00+00:00,f26be8af234fa6c0fb4b05af571bf533131196ebb09200aee13599e225193512,f26be8af234fa6c0fb4b05af571bf533131196ebb09200aee13599e225193512,164333,2021-06-22T11:33:51.000Z,"""62c0ccb7542aab50d5f3ce283a254720""",2026-08-21T06:05:08.477423+00:00,ISSUES,MISSING_INTERVAL,klines,15m
spot,BTCUSDT,2020-12,https://data.binance.vision/data/spot/monthly/klines/BTCUSDT/15m/BTCUSDT-15m-2020-12.zip,2957,2020-12-01T00:00:00+00:00,2020-12-31T23:45:00+00:00,f7fc61a0975bdd6c9d593b50964014647978f6d4ba2c85edb128a9385b9831cf,f7fc61a0975bdd6c9d593b50964014647978f6d4ba2c85edb128a9385b9831cf,169863,2021-06-22T11:33:51.000Z,"""d3fede2e772621c6b61daf097111543b""",2026-08-21T06:05:08.571322+00:00,ISSUES,MISSING_INTERVAL,klines,15m
spot,BTCUSDT,2021-01,https://data.binance.vision/data/spot/monthly/klines/BTCUSDT/15m/BTCUSDT-15m-2021-01.zip,2976,2021-01-01T00:00:00+00:00,2021-01-31T23:45:00+00:00,4113719e7621550c36f9e4a5b5ff99c9d03cbac5a057cff85e91c7e3bc2ad50d,4113719e7621550c36f9e4a5b5ff99c9d03cbac5a057cff85e91c7e3bc2ad50d,175462,2021-06-22T11:33:51.000Z,"""68a277926b4d67f905db82e5e252f7c3""",2026-08-21T06:05:08.795762+00:00,PASS,,klines,15m
spot,BTCUSDT,2021-02,https://data.binance.vision/data/spot/monthly/klines/BTCUSDT/15m/BTCUSDT-15m-2021-02.zip,2683,2021-02-01T00:00:00+00:00,2021-02-28T23:45:00+00:00,2b2658c43308a1a0ec6684f7d938879d3a6e4cc8828f0875e342e0ddf8f5f4f0,2b2658c43308a1a0ec6684f7d938879d3a6e4cc8828f0875e342e0ddf8f5f4f0,157920,2021-06-22T11:33:51.000Z,"""ab0c38204d8922530d4db1060406a9d2""",2026-08-21T06:05:08.856904+00:00,ISSUES,MISSING_INTERVAL,klines,15m
spot,BTCUSDT,2021-03,https://data.binance.vision/data/spot/monthly/klines/BTCUSDT/15m/BTCUSDT-15m-2021-03.zip,2970,2021-03-01T00:00:00+00:00,2021-03-31T23:45:00+00:00,ddf1acd7ccc4fe6188b2da65fecbafbfd2a1463fcb4b41419249498c9d45b70b,ddf1acd7ccc4fe6188b2da65fecbafbfd2a1463fcb4b41419249498c9d45b70b,173980,2021-06-22T11:33:51.000Z,"""2a952fb7da58b312e6e41a16625e6b1c""",2026-08-21T06:05:09.105001+00:00,ISSUES,MISSING_INTERVAL,klines,15m
spot,BTCUSDT,2021-04,https://data.binance.vision/data/spot/monthly/klines/BTCUSDT/15m/BTCUSDT-15m-2021-04.zip,2852,2021-04-01T00:00:00+00:00,2021-04-30T23:45:00+00:00,726f7165f3703ec852194e6fbd54157ecf54760d670db399adec8de23026a947,726f7165f3703ec852194e6fbd54157ecf54760d670db399adec8de23026a947,166103,2021-06-22T11:33:51.000Z,"""ff3892c4da8b2a4cce894505dc4997b6""",2026-08-21T06:05:09.218676+00:00,ISSUES,MISSING_INTERVAL,klines,15m
spot,BTCUSDT,2021-05,https://data.binance.vision/data/spot/monthly/klines/BTCUSDT/15m/BTCUSDT-15m-2021-05.zip,2976,2021-05-01T00:00:00+00:00,2021-05-31T23:45:00+00:00,23dea9f052edba2539ac8389cd4cf7ccab4871796bbbf1d2ca7cbd176f035247,23dea9f052edba2539ac8389cd4cf7ccab4871796bbbf1d2ca7cbd176f035247,176051,2021-06-22T11:33:52.000Z,"""2e44c944d86f7d5c2898afda42c06def""",2026-08-21T06:05:09.503573+00:00,PASS,,klines,15m
spot,BTCUSDT,2021-06,https://data.binance.vision/data/spot/monthly/klines/BTCUSDT/15m/BTCUSDT-15m-2021-06.zip,2880,2021-06-01T00:00:00+00:00,2021-06-30T23:45:00+00:00,5c21bb4a2f5ca846f01cb834d868819a308d8b5bdca702c872bfce8ea00e3318,5c21bb4a2f5ca846f01cb834d868819a308d8b5bdca702c872bfce8ea00e3318,168508,2021-07-01T06:58:11.000Z,"""f14945558c845544f6e5a7e3241c0055""",2026-08-21T06:05:09.662580+00:00,PASS,,klines,15m
spot,BTCUSDT,2021-07,https://data.binance.vision/data/spot/monthly/klines/BTCUSDT/15m/BTCUSDT-15m-2021-07.zip,2976,2021-07-01T00:00:00+00:00,2021-07-31T23:45:00+00:00,8ab53799a98716d11f241ccbbb9dc395bc491b58f783c7924b2e12e8606e61ac,8ab53799a98716d11f241ccbbb9dc395bc491b58f783c7924b2e12e8606e61ac,170973,2021-08-02T05:04:43.000Z,"""a50156164339b6fbb8c14bb8a6036e50""",2026-08-21T06:05:09.829212+00:00,PASS,,klines,15m
spot,BTCUSDT,2021-08,https://data.binance.vision/data/spot/monthly/klines/BTCUSDT/15m/BTCUSDT-15m-2021-08.zip,2958,2021-08-01T00:00:00+00:00,2021-08-31T23:45:00+00:00,e4d20bbe576a94c7474f951b4e44adb1a0d6149e6b9eed0be2ad69504ca775e0,e4d20bbe576a94c7474f951b4e44adb1a0d6149e6b9eed0be2ad69504ca775e0,169921,2021-09-04T12:32:29.000Z,"""042f323315d199eb852dff126f575256""",2026-08-21T06:05:10.046915+00:00,ISSUES,MISSING_INTERVAL,klines,15m
spot,BTCUSDT,2021-09,https://data.binance.vision/data/spot/monthly/klines/BTCUSDT/15m/BTCUSDT-15m-2021-09.zip,2872,2021-09-01T00:00:00+00:00,2021-09-30T23:45:00+00:00,ac69a371a9027b1dd2c05b8c6948a4f75fccf40d0788de53fc4c51a173eaff0a,ac69a371a9027b1dd2c05b8c6948a4f75fccf40d0788de53fc4c51a173eaff0a,161154,2021-10-01T03:51:47.000Z,"""944f128be35280d096e2fb1e5a1f14fd""",2026-08-21T06:05:10.192794+00:00,ISSUES,MISSING_INTERVAL,klines,15m
spot,BTCUSDT,2021-10,https://data.binance.vision/data/spot/monthly/klines/BTCUSDT/15m/BTCUSDT-15m-2021-10.zip,2976,2021-10-01T00:00:00+00:00,2021-10-31T23:45:00+00:00,f0bc836c1ab8edf6ff5911a75846b3d42498170117122dda41cd304e3e776c88,f0bc836c1ab8edf6ff5911a75846b3d42498170117122dda41cd304e3e776c88,167735,2021-11-16T02:05:18.000Z,"""9c8c3dda9b20733d328c10eca59e17c0""",2026-08-21T06:05:10.475651+00:00,PASS,,klines,15m
spot,BTCUSDT,2021-11,https://data.binance.vision/data/spot/monthly/klines/BTCUSDT/15m/BTCUSDT-15m-2021-11.zip,2880,2021-11-01T00:00:00+00:00,2021-11-30T23:45:00+00:00,59eaa87d6aad4836fff4185aa45330d513bbd639ec639087ff90ef2bd444c0c8,59eaa87d6aad4836fff4185aa45330d513bbd639ec639087ff90ef2bd444c0c8,161829,2021-12-01T06:05:15.000Z,"""0d6d3720ec6535f59b7904b90468976f""",2026-08-21T06:05:10.509656+00:00,PASS,,klines,15m
spot,BTCUSDT,2021-12,https://data.binance.vision/data/spot/monthly/klines/BTCUSDT/15m/BTCUSDT-15m-2021-12.zip,2976,2021-12-01T00:00:00+00:00,2021-12-31T23:45:00+00:00,5e87f4e0e328a170291c91001dd48e124533108af2c6d17315821399b43a0dd7,5e87f4e0e328a170291c91001dd48e124533108af2c6d17315821399b43a0dd7,166157,2022-01-01T12:09:49.000Z,"""cb1e17373e63fa9d191b929e8abe1dad""",2026-08-21T06:05:10.757835+00:00,PASS,,klines,15m
spot,BTCUSDT,2022-01,https://data.binance.vision/data/spot/monthly/klines/BTCUSDT/15m/BTCUSDT-15m-2022-01.zip,2976,2022-01-01T00:00:00+00:00,2022-01-31T23:45:00+00:00,efae265201d39fd48892ee80478aba9f3c499e4daec95b771aa922dcd1658bb7,efae265201d39fd48892ee80478aba9f3c499e4daec95b771aa922dcd1658bb7,165638,2022-02-01T08:00:05.000Z,"""ccf10b73326f2f78a9f1a77b5baad009""",2026-08-21T06:05:10.823357+00:00,PASS,,klines,15m
spot,BTCUSDT,2022-02,https://data.binance.vision/data/spot/monthly/klines/BTCUSDT/15m/BTCUSDT-15m-2022-02.zip,2688,2022-02-01T00:00:00+00:00,2022-02-28T23:45:00+00:00,c9e89f3f1f3c684b79d3f2785a02ccea401d5aa477c323a071b3ceec85ffaf8f,c9e89f3f1f3c684b79d3f2785a02ccea401d5aa477c323a071b3ceec85ffaf8f,149957,2022-03-02T00:47:41.000Z,"""d11ba87bab555ee6a897e2e6726f74b6""",2026-08-21T06:05:10.995582+00:00,PASS,,klines,15m
spot,BTCUSDT,2022-03,https://data.binance.vision/data/spot/monthly/klines/BTCUSDT/15m/BTCUSDT-15m-2022-03.zip,2976,2022-03-01T00:00:00+00:00,2022-03-31T23:45:00+00:00,be9e2af6651a4bf5cb565e508ebd62ea2773fed9eed1c8f47f1e5409fea9b96c,be9e2af6651a4bf5cb565e508ebd62ea2773fed9eed1c8f47f1e5409fea9b96c,165643,2022-09-02T11:32:05.000Z,"""7b9703386ec91488782797d235078e45""",2026-08-21T06:05:11.114055+00:00,PASS,,klines,15m
spot,BTCUSDT,2022-04,https://data.binance.vision/data/spot/monthly/klines/BTCUSDT/15m/BTCUSDT-15m-2022-04.zip,2880,2022-04-01T00:00:00+00:00,2022-04-30T23:45:00+00:00,d0c155a7891d8748727a475a19c6fa3013a1bc35d85a7cf8b31cb461bac6253a,d0c155a7891d8748727a475a19c6fa3013a1bc35d85a7cf8b31cb461bac6253a,159534,2022-05-02T02:07:11.000Z,"""fef4993a2313b498d0f5709a4de1b5e3""",2026-08-21T06:05:11.275947+00:00,PASS,,klines,15m
spot,BTCUSDT,2022-05,https://data.binance.vision/data/spot/monthly/klines/BTCUSDT/15m/BTCUSDT-15m-2022-05.zip,2976,2022-05-01T00:00:00+00:00,2022-05-31T23:45:00+00:00,b9fb6fc2c414b71b7e22dfa02e3fca57a2bab37b9223cb64abffb1bcebfed76d,b9fb6fc2c414b71b7e22dfa02e3fca57a2bab37b9223cb64abffb1bcebfed76d,166402,2022-06-02T05:14:04.000Z,"""4ab7aac122cb8fe01be3cf410fba4374""",2026-08-21T06:05:11.474017+00:00,PASS,,klines,15m
spot,BTCUSDT,2022-06,https://data.binance.vision/data/spot/monthly/klines/BTCUSDT/15m/BTCUSDT-15m-2022-06.zip,2880,2022-06-01T00:00:00+00:00,2022-06-30T23:45:00+00:00,580517e864e67f594b8b1397e08099bee8dbbc505010f462efadb5b7d85366b0,580517e864e67f594b8b1397e08099bee8dbbc505010f462efadb5b7d85366b0,161440,2022-07-01T04:34:45.000Z,"""7565ead88a956af2e9eb66c22b33b415""",2026-08-21T06:05:11.512016+00:00,PASS,,klines,15m
spot,BTCUSDT,2022-07,https://data.binance.vision/data/spot/monthly/klines/BTCUSDT/15m/BTCUSDT-15m-2022-07.zip,2976,2022-07-01T00:00:00+00:00,2022-07-31T23:45:00+00:00,7c20c2c7097815f1a4279b9d4724b6e1b90ec0ec0508aa2e9cc0dee6e4c7351c,7c20c2c7097815f1a4279b9d4724b6e1b90ec0ec0508aa2e9cc0dee6e4c7351c,169648,2022-08-01T08:59:14.000Z,"""1df9218af970ca4e221a3c4e9a428257""",2026-08-21T06:05:11.807499+00:00,PASS,,klines,15m
spot,BTCUSDT,2022-08,https://data.binance.vision/data/spot/monthly/klines/BTCUSDT/15m/BTCUSDT-15m-2022-08.zip,2976,2022-08-01T00:00:00+00:00,2022-08-31T23:45:00+00:00,c024cd120c2523bfc8c16f870aefbca20a5d9610020628f63ad6d681560b4ed3,c024cd120c2523bfc8c16f870aefbca20a5d9610020628f63ad6d681560b4ed3,170038,2022-09-01T05:35:06.000Z,"""355111134997b38289de69b9481e0a16""",2026-08-21T06:05:11.862866+00:00,PASS,,klines,15m
spot,BTCUSDT,2022-09,https://data.binance.vision/data/spot/monthly/klines/BTCUSDT/15m/BTCUSDT-15m-2022-09.zip,2880,2022-09-01T00:00:00+00:00,2022-09-30T23:45:00+00:00,c463f2e48a93de727a3c12de228cf72bdcfb8583787939dbe7c829f2916c3edf,c463f2e48a93de727a3c12de228cf72bdcfb8583787939dbe7c829f2916c3edf,166244,2022-10-03T05:42:33.000Z,"""8a7893264d269bda25508f83e63e553a""",2026-08-21T06:05:12.093830+00:00,PASS,,klines,15m
spot,BTCUSDT,2022-10,https://data.binance.vision/data/spot/monthly/klines/BTCUSDT/15m/BTCUSDT-15m-2022-10.zip,2976,2022-10-01T00:00:00+00:00,2022-10-31T23:45:00+00:00,a801fc927acf211940253256403d57199bed76cb179a74d407402646106b87ce,a801fc927acf211940253256403d57199bed76cb179a74d407402646106b87ce,169112,2022-11-03T13:56:04.000Z,"""1e4bd082007391ddacbfd63b768f9f9a""",2026-08-21T06:05:12.165739+00:00,PASS,,klines,15m
spot,BTCUSDT,2022-11,https://data.binance.vision/data/spot/monthly/klines/BTCUSDT/15m/BTCUSDT-15m-2022-11.zip,2880,2022-11-01T00:00:00+00:00,2022-11-30T23:45:00+00:00,ed6c0b186e825c38c1c3f9c1b86ae4d442309c6db7581d40e3ef979835857f84,ed6c0b186e825c38c1c3f9c1b86ae4d442309c6db7581d40e3ef979835857f84,165049,2022-12-02T09:21:31.000Z,"""1406e093609962caa27b8838941f537a""",2026-08-21T06:05:12.388497+00:00,PASS,,klines,15m
spot,BTCUSDT,2022-12,https://data.binance.vision/data/spot/monthly/klines/BTCUSDT/15m/BTCUSDT-15m-2022-12.zip,2976,2022-12-01T00:00:00+00:00,2022-12-31T23:45:00+00:00,e61c7c885847e5e45a4cff8800dc275bb570d3591ed66046bed2ff0b051fe8c2,e61c7c885847e5e45a4cff8800dc275bb570d3591ed66046bed2ff0b051fe8c2,166501,2023-01-04T04:45:48.000Z,"""be8a29b37d5df8829fb86bfaf8b3caa1""",2026-08-21T06:05:12.440908+00:00,PASS,,klines,15m
spot,BTCUSDT,2023-01,https://data.binance.vision/data/spot/monthly/klines/BTCUSDT/15m/BTCUSDT-15m-2023-01.zip,2976,2023-01-01T00:00:00+00:00,2023-01-31T23:45:00+00:00,1d03d63df33a4cdb234397054593666f6f6b31aa4d2e3d823bd4b65877fd377c,1d03d63df33a4cdb234397054593666f6f6b31aa4d2e3d823bd4b65877fd377c,169578,2023-02-18T00:36:10.000Z,"""af18690a229d2000b002e239c40ac1b6""",2026-08-21T06:05:12.674729+00:00,PASS,,klines,15m
spot,BTCUSDT,2023-02,https://data.binance.vision/data/spot/monthly/klines/BTCUSDT/15m/BTCUSDT-15m-2023-02.zip,2688,2023-02-01T00:00:00+00:00,2023-02-28T23:45:00+00:00,400a9759346d20189f6fd20a688dc75568f78c5a3da73f4bed0a54a0c8341b15,400a9759346d20189f6fd20a688dc75568f78c5a3da73f4bed0a54a0c8341b15,155185,2023-03-02T03:17:13.000Z,"""cfec7c758837f68c5673db3b336059a8""",2026-08-21T06:05:12.695728+00:00,PASS,,klines,15m
spot,BTCUSDT,2023-03,https://data.binance.vision/data/spot/monthly/klines/BTCUSDT/15m/BTCUSDT-15m-2023-03.zip,2971,2023-03-01T00:00:00+00:00,2023-03-31T23:45:00+00:00,c9871c6908687def566067cbadd1e0bab4740956f4d842992b7da52828ccae96,c9871c6908687def566067cbadd1e0bab4740956f4d842992b7da52828ccae96,170537,2023-04-05T14:40:22.000Z,"""632558615b44b5aff34eceed3843aee0""",2026-08-21T06:05:12.952265+00:00,ISSUES,MISSING_INTERVAL,klines,15m
spot,BTCUSDT,2023-04,https://data.binance.vision/data/spot/monthly/klines/BTCUSDT/15m/BTCUSDT-15m-2023-04.zip,2880,2023-04-01T00:00:00+00:00,2023-04-30T23:45:00+00:00,e21f8e8b6caeca003f40668496b08681856c5b0cba19f7865523426ecbbd72c6,e21f8e8b6caeca003f40668496b08681856c5b0cba19f7865523426ecbbd72c6,157828,2023-05-02T12:43:25.000Z,"""71f4733b3ac1d6af6956fab68325908f""",2026-08-21T06:05:12.989799+00:00,PASS,,klines,15m
spot,BTCUSDT,2023-05,https://data.binance.vision/data/spot/monthly/klines/BTCUSDT/15m/BTCUSDT-15m-2023-05.zip,2976,2023-05-01T00:00:00+00:00,2023-05-31T23:45:00+00:00,654743cddb8c3930543fd45661755aced8ec8052b33ebc6e791c44623255f30b,654743cddb8c3930543fd45661755aced8ec8052b33ebc6e791c44623255f30b,161989,2023-06-06T06:22:24.000Z,"""c2d2a65ba03944f2fd1693a87b1317f4""",2026-08-21T06:05:13.318159+00:00,PASS,,klines,15m
spot,BTCUSDT,2023-06,https://data.binance.vision/data/spot/monthly/klines/BTCUSDT/15m/BTCUSDT-15m-2023-06.zip,2880,2023-06-01T00:00:00+00:00,2023-06-30T23:45:00+00:00,b4a0d0d98910e37e14922ac4cbdca3f759bf511adb7ef5f067c18b154ad7da0f,b4a0d0d98910e37e14922ac4cbdca3f759bf511adb7ef5f067c18b154ad7da0f,157027,2023-07-04T05:03:48.000Z,"""9548b2dfdaf3d6e8fbfc51fd2e2452eb""",2026-08-21T06:05:13.257341+00:00,PASS,,klines,15m
spot,BTCUSDT,2023-07,https://data.binance.vision/data/spot/monthly/klines/BTCUSDT/15m/BTCUSDT-15m-2023-07.zip,2976,2023-07-01T00:00:00+00:00,2023-07-31T23:45:00+00:00,b7291ae9886e9d6087f3630ca6fb561eadec5162576c7979521ebedbae701dd4,b7291ae9886e9d6087f3630ca6fb561eadec5162576c7979521ebedbae701dd4,159054,2023-08-02T12:24:06.000Z,"""801f5d4d2d627b164c0e9bccb1a213be""",2026-08-21T06:05:13.502052+00:00,PASS,,klines,15m
spot,BTCUSDT,2023-08,https://data.binance.vision/data/spot/monthly/klines/BTCUSDT/15m/BTCUSDT-15m-2023-08.zip,2976,2023-08-01T00:00:00+00:00,2023-08-31T23:45:00+00:00,e0394875cd40e4aa5a7fb52f157b22a9a9afae1e9b7477eedb1e9d8ab936f6fa,e0394875cd40e4aa5a7fb52f157b22a9a9afae1e9b7477eedb1e9d8ab936f6fa,158269,2023-09-19T01:20:37.000Z,"""840486e3adcbcb88479d5c86b5a17998""",2026-08-21T06:05:13.610636+00:00,PASS,,klines,15m
spot,BTCUSDT,2023-09,https://data.binance.vision/data/spot/monthly/klines/BTCUSDT/15m/BTCUSDT-15m-2023-09.zip,2880,2023-09-01T00:00:00+00:00,2023-09-30T23:45:00+00:00,bc7164f859cedeabd940fd262616a20eb991703f1f92c3883b6ee662d9127dc1,bc7164f859cedeabd940fd262616a20eb991703f1f92c3883b6ee662d9127dc1,153465,2023-10-05T05:20:48.000Z,"""41cb17cea8a25e59a083ae835e1561a4""",2026-08-21T06:05:13.744785+00:00,PASS,,klines,15m
spot,BTCUSDT,2023-10,https://data.binance.vision/data/spot/monthly/klines/BTCUSDT/15m/BTCUSDT-15m-2023-10.zip,2976,2023-10-01T00:00:00+00:00,2023-10-31T23:45:00+00:00,fea186b52b2c9a4044cf6ab9cb82be5c68e70abfa39a2eb3197e084e0c331ad5,fea186b52b2c9a4044cf6ab9cb82be5c68e70abfa39a2eb3197e084e0c331ad5,161502,2023-11-03T08:19:30.000Z,"""688b3b0200376cd8485df2bbcc5161fa""",2026-08-21T06:05:13.927525+00:00,PASS,,klines,15m
spot,BTCUSDT,2023-11,https://data.binance.vision/data/spot/monthly/klines/BTCUSDT/15m/BTCUSDT-15m-2023-11.zip,2880,2023-11-01T00:00:00+00:00,2023-11-30T23:45:00+00:00,e9c55ca59b275a4527ccea513904dfc6579c907683de4bfc33346044ee37933c,e9c55ca59b275a4527ccea513904dfc6579c907683de4bfc33346044ee37933c,157253,2023-12-05T02:24:49.000Z,"""b2dc588925c744f52321324b1b247fa8""",2026-08-21T06:05:14.135675+00:00,PASS,,klines,15m
spot,BTCUSDT,2023-12,https://data.binance.vision/data/spot/monthly/klines/BTCUSDT/15m/BTCUSDT-15m-2023-12.zip,2976,2023-12-01T00:00:00+00:00,2023-12-31T23:45:00+00:00,7101778274e14957e6af9fe4c2030e7b70a20b4f3f08b8eafbafba8a3dfbe2e9,7101778274e14957e6af9fe4c2030e7b70a20b4f3f08b8eafbafba8a3dfbe2e9,163686,2024-01-10T03:04:48.000Z,"""3a5ded6bb9a0967779c5209e1fce6ced""",2026-08-21T06:05:14.277697+00:00,PASS,,klines,15m
spot,BTCUSDT,2024-01,https://data.binance.vision/data/spot/monthly/klines/BTCUSDT/15m/BTCUSDT-15m-2024-01.zip,2976,2024-01-01T00:00:00+00:00,2024-01-31T23:45:00+00:00,20c617e34b350f61d4bba493154ddec76b9f2ecd449a94410a60ba75efd488ce,20c617e34b350f61d4bba493154ddec76b9f2ecd449a94410a60ba75efd488ce,164409,2024-02-05T12:06:55.000Z,"""85a734496c923af75ec14ba18b0f0b26""",2026-08-21T06:05:14.505860+00:00,PASS,,klines,15m
spot,BTCUSDT,2024-02,https://data.binance.vision/data/spot/monthly/klines/BTCUSDT/15m/BTCUSDT-15m-2024-02.zip,2784,2024-02-01T00:00:00+00:00,2024-02-29T23:45:00+00:00,55066890cd3a76c97c05e94213311b17a4146d697f6abe8762b3edae8495b20e,55066890cd3a76c97c05e94213311b17a4146d697f6abe8762b3edae8495b20e,153686,2024-03-12T10:29:52.000Z,"""07c9da9e240a67da42d8816e3175733a""",2026-08-21T06:05:14.672511+00:00,PASS,,klines,15m
spot,BTCUSDT,2024-03,https://data.binance.vision/data/spot/monthly/klines/BTCUSDT/15m/BTCUSDT-15m-2024-03.zip,2976,2024-03-01T00:00:00+00:00,2024-03-31T23:45:00+00:00,d42824b930c63b31c0217e39d9ef22671a79b695330a63dda68df8ef04dc81c1,d42824b930c63b31c0217e39d9ef22671a79b695330a63dda68df8ef04dc81c1,167084,2024-04-11T13:40:01.000Z,"""0f6169e38d0c31651d2aced4f2697c1c""",2026-08-21T06:05:14.875536+00:00,PASS,,klines,15m
spot,BTCUSDT,2024-04,https://data.binance.vision/data/spot/monthly/klines/BTCUSDT/15m/BTCUSDT-15m-2024-04.zip,2880,2024-04-01T00:00:00+00:00,2024-04-30T23:45:00+00:00,c9d04ed29b5103131db2f9b7c7dfe1d42f10cc889a01e9cbf0dd23b00f701cab,c9d04ed29b5103131db2f9b7c7dfe1d42f10cc889a01e9cbf0dd23b00f701cab,160707,2024-05-11T14:46:42.000Z,"""0b4ef960f5b87f8c7d0691fc6b50dea2""",2026-08-21T06:05:14.992462+00:00,PASS,,klines,15m
spot,BTCUSDT,2024-05,https://data.binance.vision/data/spot/monthly/klines/BTCUSDT/15m/BTCUSDT-15m-2024-05.zip,2976,2024-05-01T00:00:00+00:00,2024-05-31T23:45:00+00:00,b093a42ba168fbdb34365067a3e0fa714a8856840a9abd12188378b6e54eddb2,b093a42ba168fbdb34365067a3e0fa714a8856840a9abd12188378b6e54eddb2,163851,2024-06-06T02:54:15.000Z,"""468156bfe6cfa97f32abdbeeb1cc744e""",2026-08-21T06:05:15.101905+00:00,PASS,,klines,15m
spot,BTCUSDT,2024-06,https://data.binance.vision/data/spot/monthly/klines/BTCUSDT/15m/BTCUSDT-15m-2024-06.zip,2880,2024-06-01T00:00:00+00:00,2024-06-30T23:45:00+00:00,41e0e7ecf5087b343daa183d2cf9a0f5e33e1f279a1d529e39845223999be0f1,41e0e7ecf5087b343daa183d2cf9a0f5e33e1f279a1d529e39845223999be0f1,156179,2024-07-09T03:58:16.000Z,"""20ad6b48c81c1d5f30970c3d0f97f5c5""",2026-08-21T06:05:15.291898+00:00,PASS,,klines,15m
spot,BTCUSDT,2024-07,https://data.binance.vision/data/spot/monthly/klines/BTCUSDT/15m/BTCUSDT-15m-2024-07.zip,2976,2024-07-01T00:00:00+00:00,2024-07-31T23:45:00+00:00,cd60b795c1cf5b33e6899b474152a89e0f07953a6dabb9514a3269274ad390d4,cd60b795c1cf5b33e6899b474152a89e0f07953a6dabb9514a3269274ad390d4,163056,2024-08-08T09:34:05.000Z,"""d7124e99ac5e848d987e4b3748dee8d6""",2026-08-21T06:05:15.485240+00:00,PASS,,klines,15m
spot,BTCUSDT,2024-08,https://data.binance.vision/data/spot/monthly/klines/BTCUSDT/15m/BTCUSDT-15m-2024-08.zip,2976,2024-08-01T00:00:00+00:00,2024-08-31T23:45:00+00:00,44e084e916a4c661b2177741d71438916388c0d34554f63cb147973aac13b094,44e084e916a4c661b2177741d71438916388c0d34554f63cb147973aac13b094,164040,2024-09-10T11:16:20.000Z,"""040eb402fde55718898f9ec7e118c764""",2026-08-21T06:05:15.634472+00:00,PASS,,klines,15m
spot,BTCUSDT,2024-09,https://data.binance.vision/data/spot/monthly/klines/BTCUSDT/15m/BTCUSDT-15m-2024-09.zip,2880,2024-09-01T00:00:00+00:00,2024-09-30T23:45:00+00:00,2135a835c5b7be91f6015d182b393b115a40aea8a83193a096f23d2c8447b9c0,2135a835c5b7be91f6015d182b393b115a40aea8a83193a096f23d2c8447b9c0,156476,2024-10-15T12:35:03.000Z,"""d02c8ff53e176f8080f6ddea4ec7d1ab""",2026-08-21T06:05:15.767056+00:00,PASS,,klines,15m
spot,BTCUSDT,2024-10,https://data.binance.vision/data/spot/monthly/klines/BTCUSDT/15m/BTCUSDT-15m-2024-10.zip,2976,2024-10-01T00:00:00+00:00,2024-10-31T23:45:00+00:00,2e5b200be53e7196f1c73b06f3fb33caee04d2efd191b08d45049dd2a287d326,2e5b200be53e7196f1c73b06f3fb33caee04d2efd191b08d45049dd2a287d326,162356,2024-11-06T10:31:47.000Z,"""707266d051dcdcdffe0b48d4fb3233e2""",2026-08-21T06:05:15.861492+00:00,PASS,,klines,15m
spot,BTCUSDT,2024-11,https://data.binance.vision/data/spot/monthly/klines/BTCUSDT/15m/BTCUSDT-15m-2024-11.zip,2880,2024-11-01T00:00:00+00:00,2024-11-30T23:45:00+00:00,4589ca348cb6547a59dab9cafd3ca474631f3817bfe13e692607f1074cbe2818,4589ca348cb6547a59dab9cafd3ca474631f3817bfe13e692607f1074cbe2818,161547,2024-12-02T18:21:12.000Z,"""0c3681c71af688f49224b91f05d09815""",2026-08-21T06:05:16.084599+00:00,PASS,,klines,15m
spot,BTCUSDT,2024-12,https://data.binance.vision/data/spot/monthly/klines/BTCUSDT/15m/BTCUSDT-15m-2024-12.zip,2976,2024-12-01T00:00:00+00:00,2024-12-31T23:45:00+00:00,f7df52b68d68c03936b886f6fa056027959e307310d27c05175fd74382e5ec9d,f7df52b68d68c03936b886f6fa056027959e307310d27c05175fd74382e5ec9d,167250,2025-01-08T00:50:27.000Z,"""18c032fd3f3efc7976b95dd6fba8247a""",2026-08-21T06:05:16.169229+00:00,PASS,,klines,15m
spot,BTCUSDT,2025-01,https://data.binance.vision/data/spot/monthly/klines/BTCUSDT/15m/BTCUSDT-15m-2025-01.zip,2976,2025-01-01T00:00:00+00:00,2025-01-31T23:45:00+00:00,e2070d7dfd1ad7ade38589fdaa44366f9bd686fa750259a56b39111f7f49ae73,e2070d7dfd1ad7ade38589fdaa44366f9bd686fa750259a56b39111f7f49ae73,168041,2025-02-08T12:19:52.000Z,"""4d0732ddb1ee6573b3e3f690bf224837""",2026-08-21T06:05:16.431686+00:00,PASS,,klines,15m
spot,BTCUSDT,2025-02,https://data.binance.vision/data/spot/monthly/klines/BTCUSDT/15m/BTCUSDT-15m-2025-02.zip,2688,2025-02-01T00:00:00+00:00,2025-02-28T23:45:00+00:00,75b92f4005f40dc8f9bb6ac2f48edef0e1fbd3d9603709b25355d11a76bde949,75b92f4005f40dc8f9bb6ac2f48edef0e1fbd3d9603709b25355d11a76bde949,151425,2025-03-04T10:35:11.000Z,"""2ec800ae3b128f96ff1fa06d9404534b""",2026-08-21T06:05:16.396774+00:00,PASS,,klines,15m
spot,BTCUSDT,2025-03,https://data.binance.vision/data/spot/monthly/klines/BTCUSDT/15m/BTCUSDT-15m-2025-03.zip,2976,2025-03-01T00:00:00+00:00,2025-03-31T23:45:00+00:00,ae17d51ad99cc5b7498d9fdb591af40601d001af2f08a0e08c0ac1a514d11445,ae17d51ad99cc5b7498d9fdb591af40601d001af2f08a0e08c0ac1a514d11445,167405,2025-04-12T13:51:11.000Z,"""f55e362272750b67738cf309deb3ef0e""",2026-08-21T06:05:16.705906+00:00,PASS,,klines,15m
spot,BTCUSDT,2025-04,https://data.binance.vision/data/spot/monthly/klines/BTCUSDT/15m/BTCUSDT-15m-2025-04.zip,2880,2025-04-01T00:00:00+00:00,2025-04-30T23:45:00+00:00,4c5e24448a99a67756d6c692239a97b9ca7607088f0822ac2a38064afe31cd8e,4c5e24448a99a67756d6c692239a97b9ca7607088f0822ac2a38064afe31cd8e,160754,2025-05-06T11:09:04.000Z,"""6f04705af30e698c99969d1c83b9527b""",2026-08-21T06:05:16.762496+00:00,PASS,,klines,15m
spot,BTCUSDT,2025-05,https://data.binance.vision/data/spot/monthly/klines/BTCUSDT/15m/BTCUSDT-15m-2025-05.zip,2976,2025-05-01T00:00:00+00:00,2025-05-31T23:45:00+00:00,3f281b71006c4675852627577e243106492976f1ed8bf63cb477d6c2c587b73c,3f281b71006c4675852627577e243106492976f1ed8bf63cb477d6c2c587b73c,166978,2025-06-02T08:06:00.000Z,"""9612748f4f4a0a86b81ad546f9c62265""",2026-08-21T06:05:16.947240+00:00,PASS,,klines,15m
spot,BTCUSDT,2025-06,https://data.binance.vision/data/spot/monthly/klines/BTCUSDT/15m/BTCUSDT-15m-2025-06.zip,2880,2025-06-01T00:00:00+00:00,2025-06-30T23:45:00+00:00,38e4a053cd454454fbd59071a7d83e1c2300cbf33244b2c7b1c8e43b0001e70c,38e4a053cd454454fbd59071a7d83e1c2300cbf33244b2c7b1c8e43b0001e70c,160347,2025-07-07T07:53:02.000Z,"""56a631de8733819d0af04b0d3551864e""",2026-08-21T06:05:17.040149+00:00,PASS,,klines,15m
spot,BTCUSDT,2025-07,https://data.binance.vision/data/spot/monthly/klines/BTCUSDT/15m/BTCUSDT-15m-2025-07.zip,2976,2025-07-01T00:00:00+00:00,2025-07-31T23:45:00+00:00,fde0f69099200a5c7a9e2df29c4a30192887dee417cc27b75b78ac156b82ce7e,fde0f69099200a5c7a9e2df29c4a30192887dee417cc27b75b78ac156b82ce7e,165156,2025-08-04T08:20:12.000Z,"""04a40db836deca5f58d64a7b95379cd0""",2026-08-21T06:05:17.251528+00:00,PASS,,klines,15m
spot,BTCUSDT,2025-08,https://data.binance.vision/data/spot/monthly/klines/BTCUSDT/15m/BTCUSDT-15m-2025-08.zip,2976,2025-08-01T00:00:00+00:00,2025-08-31T23:45:00+00:00,be96bc6cc5a7ee230e6991641d997784c9c5fa8a416ef63d09cc39c722debb02,be96bc6cc5a7ee230e6991641d997784c9c5fa8a416ef63d09cc39c722debb02,165760,2025-09-01T08:01:06.000Z,"""2ac5d6498ce77c97984fcb6204839aba""",2026-08-21T06:05:17.397353+00:00,PASS,,klines,15m
spot,BTCUSDT,2025-09,https://data.binance.vision/data/spot/monthly/klines/BTCUSDT/15m/BTCUSDT-15m-2025-09.zip,2880,2025-09-01T00:00:00+00:00,2025-09-30T23:45:00+00:00,b8c6bddf326809830bc5e21043222850699890ea0947d13d1fb98e13339191ca,b8c6bddf326809830bc5e21043222850699890ea0947d13d1fb98e13339191ca,159307,2025-10-06T10:25:57.000Z,"""33de4b44aecf3c962d01ecd52af2f606""",2026-08-21T06:05:17.558776+00:00,PASS,,klines,15m
spot,BTCUSDT,2025-10,https://data.binance.vision/data/spot/monthly/klines/BTCUSDT/15m/BTCUSDT-15m-2025-10.zip,2976,2025-10-01T00:00:00+00:00,2025-10-31T23:45:00+00:00,e70fe6171cc61d01a915c7c7c22f325723c1d7d5216223472ed487f72d693524,e70fe6171cc61d01a915c7c7c22f325723c1d7d5216223472ed487f72d693524,168896,2025-11-03T08:44:12.000Z,"""0a0427be393faa3323c1b83838ce172f""",2026-08-21T06:05:17.832168+00:00,PASS,,klines,15m
spot,BTCUSDT,2025-11,https://data.binance.vision/data/spot/monthly/klines/BTCUSDT/15m/BTCUSDT-15m-2025-11.zip,2880,2025-11-01T00:00:00+00:00,2025-11-30T23:45:00+00:00,23040caa8960c13e0a4875504bb6042396b9fee5eef2ea08e12c5249f51d61df,23040caa8960c13e0a4875504bb6042396b9fee5eef2ea08e12c5249f51d61df,163307,2025-12-01T08:14:38.000Z,"""fe221f3f22a04cc7ca0f28b78902a241""",2026-08-21T06:05:17.786844+00:00,PASS,,klines,15m
spot,BTCUSDT,2025-12,https://data.binance.vision/data/spot/monthly/klines/BTCUSDT/15m/BTCUSDT-15m-2025-12.zip,2976,2025-12-01T00:00:00+00:00,2025-12-31T23:45:00+00:00,a263be5b80c459621d1cd20018951289c64e08891b8425a1dd78c0ee1f490cea,a263be5b80c459621d1cd20018951289c64e08891b8425a1dd78c0ee1f490cea,164960,2026-01-05T10:09:15.000Z,"""e6dabafc760d74294a0b4a9f9c9196a7""",2026-08-21T06:05:18.096294+00:00,PASS,,klines,15m
spot,BTCUSDT,2026-01,https://data.binance.vision/data/spot/monthly/klines/BTCUSDT/15m/BTCUSDT-15m-2026-01.zip,2976,2026-01-01T00:00:00+00:00,2026-01-31T23:45:00+00:00,545a4a8f7ed9aefb9f4d785778f76ae4ce2679c2929a62c10899fee96dec82fc,545a4a8f7ed9aefb9f4d785778f76ae4ce2679c2929a62c10899fee96dec82fc,164099,2026-02-02T07:46:14.000Z,"""7b357bccab994095dbbb055da64d49f3""",2026-08-21T06:05:18.077295+00:00,PASS,,klines,15m
spot,BTCUSDT,2026-02,https://data.binance.vision/data/spot/monthly/klines/BTCUSDT/15m/BTCUSDT-15m-2026-02.zip,2688,2026-02-01T00:00:00+00:00,2026-02-28T23:45:00+00:00,d09bac6fc336d31e943427071bcbf448f024d3116255edbbe5c9646993f700fe,d09bac6fc336d31e943427071bcbf448f024d3116255edbbe5c9646993f700fe,151741,2026-03-02T07:22:17.000Z,"""3533511c89114b4650641d4d0a729580""",2026-08-21T06:05:18.373867+00:00,PASS,,klines,15m
spot,BTCUSDT,2026-03,https://data.binance.vision/data/spot/monthly/klines/BTCUSDT/15m/BTCUSDT-15m-2026-03.zip,2976,2026-03-01T00:00:00+00:00,2026-03-31T23:45:00+00:00,1ecf7fcaffea810ee26e66eac1e3aa2f1fdf4d71330ea2cb2c5e6c0195c964a5,1ecf7fcaffea810ee26e66eac1e3aa2f1fdf4d71330ea2cb2c5e6c0195c964a5,167457,2026-04-06T07:36:17.000Z,"""a3ef7219a132c893b97d0df660b4b0db""",2026-08-21T06:05:18.415878+00:00,PASS,,klines,15m
spot,BTCUSDT,2026-04,https://data.binance.vision/data/spot/monthly/klines/BTCUSDT/15m/BTCUSDT-15m-2026-04.zip,2880,2026-04-01T00:00:00+00:00,2026-04-30T23:45:00+00:00,ba9adf37ba8dc020618db953888cb9a6e1ccc4f1ae62c026b2d99ed66e92b853,ba9adf37ba8dc020618db953888cb9a6e1ccc4f1ae62c026b2d99ed66e92b853,159408,2026-05-04T07:27:03.000Z,"""6e03bba76e905780b0034b89f9c2542f""",2026-08-21T06:05:18.754541+00:00,PASS,,klines,15m
spot,BTCUSDT,2026-05,https://data.binance.vision/data/spot/monthly/klines/BTCUSDT/15m/BTCUSDT-15m-2026-05.zip,2976,2026-05-01T00:00:00+00:00,2026-05-31T23:45:00+00:00,1df53032797db1ca7ab680d9aa726b6cd591e0b7ae0e13d6b5e1bbfd1bd04b8c,1df53032797db1ca7ab680d9aa726b6cd591e0b7ae0e13d6b5e1bbfd1bd04b8c,163343,2026-06-01T07:12:38.000Z,"""8ee2ceb7799102286b054284998742bb""",2026-08-21T06:05:18.716452+00:00,PASS,,klines,15m
spot,BTCUSDT,2026-06,https://data.binance.vision/data/spot/monthly/klines/BTCUSDT/15m/BTCUSDT-15m-2026-06.zip,2880,2026-06-01T00:00:00+00:00,2026-06-30T23:45:00+00:00,1380a9c33e1025bdd4bbe690fd1bb67e37ca8b57d50dfc2993ba36d9dc4a1c7d,1380a9c33e1025bdd4bbe690fd1bb67e37ca8b57d50dfc2993ba36d9dc4a1c7d,158549,2026-07-06T09:19:49.000Z,"""9615d983b39feac3ba1795886e8f2089""",2026-08-21T06:05:19.031475+00:00,PASS,,klines,15m
spot,BTCUSDT,2026-07,https://data.binance.vision/data/spot/monthly/klines/BTCUSDT/15m/BTCUSDT-15m-2026-07.zip,2976,2026-07-01T00:00:00+00:00,2026-07-31T23:45:00+00:00,b043676622c6abcf82eaa07d9c149028aead438636fba1ef97cd88bb6ce1bab4,b043676622c6abcf82eaa07d9c149028aead438636fba1ef97cd88bb6ce1bab4,162249,2026-08-03T10:34:53.000Z,"""5c0c45f42c4281967ac1dab34fae61b4""",2026-08-21T06:05:19.212466+00:00,PASS,,klines,15m
spot,ETHUSDT,2017-08,https://data.binance.vision/data/spot/monthly/klines/ETHUSDT/15m/ETHUSDT-15m-2017-08.zip,1424,2017-08-17T04:00:00+00:00,2017-08-31T23:45:00+00:00,5e3dce8f43ad6e8fbd27b1a342506b8724e7a174ead1b2eb752e39f0bee5e4d7,5e3dce8f43ad6e8fbd27b1a342506b8724e7a174ead1b2eb752e39f0bee5e4d7,73202,2021-06-22T11:34:49.000Z,"""54c72e911fdc141a8bf099a46b6aa2ea""",2026-08-21T06:05:19.356669+00:00,PASS,,klines,15m
spot,ETHUSDT,2017-09,https://data.binance.vision/data/spot/monthly/klines/ETHUSDT/15m/ETHUSDT-15m-2017-09.zip,2852,2017-09-01T00:00:00+00:00,2017-09-30T23:45:00+00:00,563cfb82fdb1a627bdfb7e1e9ccefd203c5f2a7570493419d1292a3e9a9359b0,563cfb82fdb1a627bdfb7e1e9ccefd203c5f2a7570493419d1292a3e9a9359b0,143309,2021-06-22T11:34:49.000Z,"""0020c53225427a4301370610f0c38ded""",2026-08-21T06:05:19.607830+00:00,ISSUES,MISSING_INTERVAL,klines,15m
spot,ETHUSDT,2017-10,https://data.binance.vision/data/spot/monthly/klines/ETHUSDT/15m/ETHUSDT-15m-2017-10.zip,2976,2017-10-01T00:00:00+00:00,2017-10-31T23:45:00+00:00,be1663aa1144064097157d5699589aa8a6444de146c1bfee5edbcd5d234cc1f7,be1663aa1144064097157d5699589aa8a6444de146c1bfee5edbcd5d234cc1f7,157703,2021-06-22T11:34:49.000Z,"""c5a50fef1db6f819463cfaf57c79bb91""",2026-08-21T06:05:19.644830+00:00,PASS,,klines,15m
spot,ETHUSDT,2017-11,https://data.binance.vision/data/spot/monthly/klines/ETHUSDT/15m/ETHUSDT-15m-2017-11.zip,2880,2017-11-01T00:00:00+00:00,2017-11-30T23:45:00+00:00,b14c03f1a6a2b3aa8239abd8b41e282001b5cc5d93b80019d5f38b47e0c98de3,b14c03f1a6a2b3aa8239abd8b41e282001b5cc5d93b80019d5f38b47e0c98de3,160298,2021-06-22T11:34:49.000Z,"""acb3c589f7df8cdd114d234006e8e21d""",2026-08-21T06:05:19.934621+00:00,PASS,,klines,15m
spot,ETHUSDT,2017-12,https://data.binance.vision/data/spot/monthly/klines/ETHUSDT/15m/ETHUSDT-15m-2017-12.zip,2972,2017-12-01T00:00:00+00:00,2017-12-31T23:45:00+00:00,5d7d040105cf556093f51712f9f307fe824e3f82ec79af9d197f71448e13a193,5d7d040105cf556093f51712f9f307fe824e3f82ec79af9d197f71448e13a193,162264,2021-06-22T11:34:49.000Z,"""1f037523b6f2603642dd56bc5634eb95""",2026-08-21T06:05:19.971626+00:00,ISSUES,MISSING_INTERVAL,klines,15m
spot,ETHUSDT,2018-01,https://data.binance.vision/data/spot/monthly/klines/ETHUSDT/15m/ETHUSDT-15m-2018-01.zip,2969,2018-01-01T00:00:00+00:00,2018-01-31T23:45:00+00:00,dd0e77d9fd0c50a724eb4a1d77810cd8626879f8243f31380bccf7329f0ea42a,dd0e77d9fd0c50a724eb4a1d77810cd8626879f8243f31380bccf7329f0ea42a,154387,2021-06-22T11:34:50.000Z,"""4e09a31282314d06037fa2f8278a2b3d""",2026-08-21T06:05:20.231962+00:00,ISSUES,MISSING_INTERVAL,klines,15m
spot,ETHUSDT,2018-02,https://data.binance.vision/data/spot/monthly/klines/ETHUSDT/15m/ETHUSDT-15m-2018-02.zip,2553,2018-02-01T00:00:00+00:00,2018-02-28T23:45:00+00:00,5b33f85cccf38fb1f08c437bfafc1fe7ebf1abda4ca6271b8cf4718c9338dc25,5b33f85cccf38fb1f08c437bfafc1fe7ebf1abda4ca6271b8cf4718c9338dc25,132934,2021-06-22T11:34:50.000Z,"""8d4e796f8afbba82711ff88e2fe1815c""",2026-08-21T06:05:20.286650+00:00,ISSUES,MISSING_INTERVAL;IRREGULAR_INTERVAL,klines,15m
spot,ETHUSDT,2018-03,https://data.binance.vision/data/spot/monthly/klines/ETHUSDT/15m/ETHUSDT-15m-2018-03.zip,2976,2018-03-01T00:00:00+00:00,2018-03-31T23:45:00+00:00,16337d9a57130adb1cc33d9fc1927f63805dfe0c29ea09384343f7e8a4dc788f,16337d9a57130adb1cc33d9fc1927f63805dfe0c29ea09384343f7e8a4dc788f,150851,2021-06-22T11:34:50.000Z,"""2401f18707aede1b784b8619759c9da8""",2026-08-21T06:05:20.542256+00:00,PASS,,klines,15m
spot,ETHUSDT,2018-04,https://data.binance.vision/data/spot/monthly/klines/ETHUSDT/15m/ETHUSDT-15m-2018-04.zip,2880,2018-04-01T00:00:00+00:00,2018-04-30T23:45:00+00:00,c59dc84ecef8354b68d1250ce7005534a0fa2b4ea72e84874fbfda8a7e04e508,c59dc84ecef8354b68d1250ce7005534a0fa2b4ea72e84874fbfda8a7e04e508,146103,2021-06-22T11:34:50.000Z,"""9d58d0f95d3c16bf12fa84034ac529a7""",2026-08-21T06:05:20.629157+00:00,PASS,,klines,15m
spot,ETHUSDT,2018-05,https://data.binance.vision/data/spot/monthly/klines/ETHUSDT/15m/ETHUSDT-15m-2018-05.zip,2976,2018-05-01T00:00:00+00:00,2018-05-31T23:45:00+00:00,d4e838ffeb87cd662ef1044a9dd86c1df6c3d577e45d036f7c17f26c2543eca3,d4e838ffeb87cd662ef1044a9dd86c1df6c3d577e45d036f7c17f26c2543eca3,152659,2021-06-22T11:34:50.000Z,"""4c3a3e81bc254e7f6d277d58ed94e126""",2026-08-21T06:05:20.863938+00:00,PASS,,klines,15m
spot,ETHUSDT,2018-06,https://data.binance.vision/data/spot/monthly/klines/ETHUSDT/15m/ETHUSDT-15m-2018-06.zip,2833,2018-06-01T00:00:00+00:00,2018-06-30T23:45:00+00:00,68d6cec34f798cb475a2f8d1c70f5b40f98ebe9c7557b157ac1f26584c92971f,68d6cec34f798cb475a2f8d1c70f5b40f98ebe9c7557b157ac1f26584c92971f,143483,2021-06-22T11:34:50.000Z,"""529cbf3f8c8895f8e32a187a9105a3bd""",2026-08-21T06:05:20.934382+00:00,ISSUES,MISSING_INTERVAL,klines,15m
spot,ETHUSDT,2018-07,https://data.binance.vision/data/spot/monthly/klines/ETHUSDT/15m/ETHUSDT-15m-2018-07.zip,2946,2018-07-01T00:00:00+00:00,2018-07-31T23:45:00+00:00,28b4a610f56e1a898dfe7c1807ed13bb3d9722bf992def17da800ffc19bec677,28b4a610f56e1a898dfe7c1807ed13bb3d9722bf992def17da800ffc19bec677,149150,2021-06-22T11:34:50.000Z,"""3bd21b92e8ad8459833bfd65e2a39245""",2026-08-21T06:05:21.144025+00:00,ISSUES,MISSING_INTERVAL,klines,15m
spot,ETHUSDT,2018-08,https://data.binance.vision/data/spot/monthly/klines/ETHUSDT/15m/ETHUSDT-15m-2018-08.zip,2976,2018-08-01T00:00:00+00:00,2018-08-31T23:45:00+00:00,f7f3f5ac853a8182064ce722f129050ca5918a6aefeb53bf0d6bd67554acb1bf,f7f3f5ac853a8182064ce722f129050ca5918a6aefeb53bf0d6bd67554acb1bf,151866,2021-06-22T11:34:50.000Z,"""4fc60fbba0f370823742f06d9ef86856""",2026-08-21T06:05:21.252868+00:00,PASS,,klines,15m
spot,ETHUSDT,2018-09,https://data.binance.vision/data/spot/monthly/klines/ETHUSDT/15m/ETHUSDT-15m-2018-09.zip,2880,2018-09-01T00:00:00+00:00,2018-09-30T23:45:00+00:00,a079916d052b38ead44c7d8fac833c33cef78b295150ee5e48c7e5517b7dcc5b,a079916d052b38ead44c7d8fac833c33cef78b295150ee5e48c7e5517b7dcc5b,147970,2021-06-22T11:34:50.000Z,"""625ee0f91650426f8d9f6252f7cb6d44""",2026-08-21T06:05:21.425780+00:00,PASS,,klines,15m
spot,ETHUSDT,2018-10,https://data.binance.vision/data/spot/monthly/klines/ETHUSDT/15m/ETHUSDT-15m-2018-10.zip,2962,2018-10-01T00:00:00+00:00,2018-10-31T23:45:00+00:00,189b7f09f258c07417ee235dabe08b540deca01648f3f3c7f0de7d2d3b1d142c,189b7f09f258c07417ee235dabe08b540deca01648f3f3c7f0de7d2d3b1d142c,144835,2021-06-22T11:34:50.000Z,"""62a4bbd04f6134db51c013a8b051637e""",2026-08-21T06:05:21.564991+00:00,ISSUES,MISSING_INTERVAL,klines,15m
spot,ETHUSDT,2018-11,https://data.binance.vision/data/spot/monthly/klines/ETHUSDT/15m/ETHUSDT-15m-2018-11.zip,2852,2018-11-01T00:00:00+00:00,2018-11-30T23:45:00+00:00,03ac27d070f10e93a8075ff726e00d8ff6e938988867c80e77e705cea8567d10,03ac27d070f10e93a8075ff726e00d8ff6e938988867c80e77e705cea8567d10,142725,2021-06-22T11:34:50.000Z,"""a79312ff42475fcf16031eb82b02db74""",2026-08-21T06:05:21.740663+00:00,ISSUES,MISSING_INTERVAL,klines,15m
spot,ETHUSDT,2018-12,https://data.binance.vision/data/spot/monthly/klines/ETHUSDT/15m/ETHUSDT-15m-2018-12.zip,2976,2018-12-01T00:00:00+00:00,2018-12-31T23:45:00+00:00,a5d605ed8322934f7d33c22490de395c7b63efa89242475edf5872eea35305dc,a5d605ed8322934f7d33c22490de395c7b63efa89242475edf5872eea35305dc,149911,2021-06-22T11:34:51.000Z,"""edbab7d4ff81e361ca45818d7c11379d""",2026-08-21T06:05:21.895309+00:00,PASS,,klines,15m
spot,ETHUSDT,2019-01,https://data.binance.vision/data/spot/monthly/klines/ETHUSDT/15m/ETHUSDT-15m-2019-01.zip,2976,2019-01-01T00:00:00+00:00,2019-01-31T23:45:00+00:00,6ddd90e05d9f337fabfe32b7502ac609e231ca474a1a42b1abf97fed2bc3a636,6ddd90e05d9f337fabfe32b7502ac609e231ca474a1a42b1abf97fed2bc3a636,148551,2021-06-22T11:34:51.000Z,"""58b3f9c0bd75a643ab4d8028362b2ee2""",2026-08-21T06:05:22.079765+00:00,PASS,,klines,15m
spot,ETHUSDT,2019-02,https://data.binance.vision/data/spot/monthly/klines/ETHUSDT/15m/ETHUSDT-15m-2019-02.zip,2688,2019-02-01T00:00:00+00:00,2019-02-28T23:45:00+00:00,d49fdf616a1d2ff57dbe60de6ceb6b8857653680f0505a9f0e0b4ae84303d5b1,d49fdf616a1d2ff57dbe60de6ceb6b8857653680f0505a9f0e0b4ae84303d5b1,133735,2021-06-22T11:34:51.000Z,"""5b37c6d17080da923720161a6aa801d5""",2026-08-21T06:05:22.128059+00:00,PASS,,klines,15m
spot,ETHUSDT,2019-03,https://data.binance.vision/data/spot/monthly/klines/ETHUSDT/15m/ETHUSDT-15m-2019-03.zip,2952,2019-03-01T00:00:00+00:00,2019-03-31T23:45:00+00:00,2019a0beb78123fec7165cb21a23ba87faef86b71003e3d91c9c99f72b616cab,2019a0beb78123fec7165cb21a23ba87faef86b71003e3d91c9c99f72b616cab,144779,2021-06-22T11:34:51.000Z,"""07f5ad0768e64254b18202ece5d3c957""",2026-08-21T06:05:22.380333+00:00,ISSUES,MISSING_INTERVAL,klines,15m
spot,ETHUSDT,2019-04,https://data.binance.vision/data/spot/monthly/klines/ETHUSDT/15m/ETHUSDT-15m-2019-04.zip,2880,2019-04-01T00:00:00+00:00,2019-04-30T23:45:00+00:00,ae5356b6928f160d821918a91b3dd94595f8f9e9e066f89631a3425218562731,ae5356b6928f160d821918a91b3dd94595f8f9e9e066f89631a3425218562731,144434,2021-06-22T11:34:51.000Z,"""5be9210f06cfdaf89b7dd9afc79358f7""",2026-08-21T06:05:22.442964+00:00,PASS,,klines,15m
spot,ETHUSDT,2019-05,https://data.binance.vision/data/spot/monthly/klines/ETHUSDT/15m/ETHUSDT-15m-2019-05.zip,2936,2019-05-01T00:00:00+00:00,2019-05-31T23:45:00+00:00,789877a8c37499f999f4619e55dff2e6cd508ae8bb97d27e39fb3a4544737e10,789877a8c37499f999f4619e55dff2e6cd508ae8bb97d27e39fb3a4544737e10,150703,2021-06-22T11:34:51.000Z,"""949acbc9fcafc6ec8ccefb99ff098cce""",2026-08-21T06:05:22.656172+00:00,ISSUES,MISSING_INTERVAL,klines,15m
spot,ETHUSDT,2019-06,https://data.binance.vision/data/spot/monthly/klines/ETHUSDT/15m/ETHUSDT-15m-2019-06.zip,2876,2019-06-01T00:00:00+00:00,2019-06-30T23:45:00+00:00,8fa1376664631ca01229c0e8d5bdc728a86b30ad1ac197da5ba6aae6a1ef201f,8fa1376664631ca01229c0e8d5bdc728a86b30ad1ac197da5ba6aae6a1ef201f,147251,2021-06-22T11:34:51.000Z,"""41737d92498b5a30539724ec1b73ff97""",2026-08-21T06:05:22.720950+00:00,ISSUES,MISSING_INTERVAL,klines,15m
spot,ETHUSDT,2019-07,https://data.binance.vision/data/spot/monthly/klines/ETHUSDT/15m/ETHUSDT-15m-2019-07.zip,2976,2019-07-01T00:00:00+00:00,2019-07-31T23:45:00+00:00,11ead9bf834b2e92d5c1fe57b46c9bdd4fc4531c865e7a57bac1aba518e3a4ee,11ead9bf834b2e92d5c1fe57b46c9bdd4fc4531c865e7a57bac1aba518e3a4ee,151737,2021-06-22T11:34:51.000Z,"""0108780d719d903e64175bb6f026bf1a""",2026-08-21T06:05:22.898891+00:00,PASS,,klines,15m
spot,ETHUSDT,2019-08,https://data.binance.vision/data/spot/monthly/klines/ETHUSDT/15m/ETHUSDT-15m-2019-08.zip,2944,2019-08-01T00:00:00+00:00,2019-08-31T23:45:00+00:00,cf7bdc7a8063603c43d2fdf448affcd44518c2f41f885bdaf9fb0101e2ceb76c,cf7bdc7a8063603c43d2fdf448affcd44518c2f41f885bdaf9fb0101e2ceb76c,146455,2021-06-22T11:34:51.000Z,"""de63ab9fc254ed2ecc4b1bdfef5939b0""",2026-08-21T06:05:23.038585+00:00,ISSUES,MISSING_INTERVAL,klines,15m
spot,ETHUSDT,2019-09,https://data.binance.vision/data/spot/monthly/klines/ETHUSDT/15m/ETHUSDT-15m-2019-09.zip,2880,2019-09-01T00:00:00+00:00,2019-09-30T23:45:00+00:00,db7356e8543484bb347d486d3525d1afcaef93b4667e49194341c333f0baf166,db7356e8543484bb347d486d3525d1afcaef93b4667e49194341c333f0baf166,145269,2021-06-22T11:34:51.000Z,"""86c92a99e16029a2078e279d47b6bd08""",2026-08-21T06:05:23.216118+00:00,PASS,,klines,15m
spot,ETHUSDT,2019-10,https://data.binance.vision/data/spot/monthly/klines/ETHUSDT/15m/ETHUSDT-15m-2019-10.zip,2976,2019-10-01T00:00:00+00:00,2019-10-31T23:45:00+00:00,77df0079a9e1dc32e18427374b603a541bb48407798785fc7cec16e6f43002d0,77df0079a9e1dc32e18427374b603a541bb48407798785fc7cec16e6f43002d0,150021,2021-06-22T11:34:51.000Z,"""a9230c8b793ce7ea7079dccb39840099""",2026-08-21T06:05:23.282871+00:00,PASS,,klines,15m
spot,ETHUSDT,2019-11,https://data.binance.vision/data/spot/monthly/klines/ETHUSDT/15m/ETHUSDT-15m-2019-11.zip,2863,2019-11-01T00:00:00+00:00,2019-11-30T23:45:00+00:00,0cd2f66b328b6769fce508924732a6c31f24d934eca30d2eaa8a958e52020662,0cd2f66b328b6769fce508924732a6c31f24d934eca30d2eaa8a958e52020662,142765,2021-06-22T11:34:51.000Z,"""10fafab1d99665f418697bb1bdf4e031""",2026-08-21T06:05:23.529856+00:00,ISSUES,MISSING_INTERVAL,klines,15m
spot,ETHUSDT,2019-12,https://data.binance.vision/data/spot/monthly/klines/ETHUSDT/15m/ETHUSDT-15m-2019-12.zip,2976,2019-12-01T00:00:00+00:00,2019-12-31T23:45:00+00:00,b4f6449fdcfc823b5f454cac4ecd2ae7c4aaa0f946faee914880f2388e986dad,b4f6449fdcfc823b5f454cac4ecd2ae7c4aaa0f946faee914880f2388e986dad,145811,2021-06-22T11:34:52.000Z,"""acd1eb55ed750d686a6580ac6d2c9b78""",2026-08-21T06:05:23.590390+00:00,PASS,,klines,15m
spot,ETHUSDT,2020-01,https://data.binance.vision/data/spot/monthly/klines/ETHUSDT/15m/ETHUSDT-15m-2020-01.zip,2976,2020-01-01T00:00:00+00:00,2020-01-31T23:45:00+00:00,29bd369f073f5b31720d3a5d34f6b03edf5440fa1069a3ef2bb0fa0b7941471d,29bd369f073f5b31720d3a5d34f6b03edf5440fa1069a3ef2bb0fa0b7941471d,149268,2021-06-22T11:34:52.000Z,"""294aa49f0a3b54931c7892f61df15777""",2026-08-21T06:05:23.953284+00:00,PASS,,klines,15m
spot,ETHUSDT,2020-02,https://data.binance.vision/data/spot/monthly/klines/ETHUSDT/15m/ETHUSDT-15m-2020-02.zip,2757,2020-02-01T00:00:00+00:00,2020-02-29T23:45:00+00:00,0b3d30806c4bb5e61880d006fd3ec8eeaa8da413fc6e158b1f6bafcd8feb0cc5,0b3d30806c4bb5e61880d006fd3ec8eeaa8da413fc6e158b1f6bafcd8feb0cc5,142762,2021-06-22T11:34:52.000Z,"""7df5ec0695d03d81670cda5ee894569e""",2026-08-21T06:05:23.871878+00:00,ISSUES,MISSING_INTERVAL,klines,15m
spot,ETHUSDT,2020-03,https://data.binance.vision/data/spot/monthly/klines/ETHUSDT/15m/ETHUSDT-15m-2020-03.zip,2968,2020-03-01T00:00:00+00:00,2020-03-31T23:45:00+00:00,01698aaf54e78df4f41701571abb5907128524c684de4ca95d9855a74bf360f0,01698aaf54e78df4f41701571abb5907128524c684de4ca95d9855a74bf360f0,154110,2021-06-22T11:34:52.000Z,"""4c7bb4f4a158ba175695ee3e297ca929""",2026-08-21T06:05:24.170341+00:00,ISSUES,MISSING_INTERVAL,klines,15m
spot,ETHUSDT,2020-04,https://data.binance.vision/data/spot/monthly/klines/ETHUSDT/15m/ETHUSDT-15m-2020-04.zip,2870,2020-04-01T00:00:00+00:00,2020-04-30T23:45:00+00:00,b72c9f2a6b4a6d52b4dc688639b83cb023d44415ec19e75f9107188eca40a53a,b72c9f2a6b4a6d52b4dc688639b83cb023d44415ec19e75f9107188eca40a53a,147706,2021-06-22T11:34:52.000Z,"""a92c49c8d125df7017b72077c617ac99""",2026-08-21T06:05:24.295341+00:00,ISSUES,MISSING_INTERVAL,klines,15m
spot,ETHUSDT,2020-05,https://data.binance.vision/data/spot/monthly/klines/ETHUSDT/15m/ETHUSDT-15m-2020-05.zip,2976,2020-05-01T00:00:00+00:00,2020-05-31T23:45:00+00:00,f0883d2159492e9285c74a0245b054aea393a35bc5590d6a55f9190e8a81fd7d,f0883d2159492e9285c74a0245b054aea393a35bc5590d6a55f9190e8a81fd7d,152701,2021-06-22T11:34:52.000Z,"""58319f0672bf08750de8d089ec60b8d0""",2026-08-21T06:05:24.495344+00:00,PASS,,klines,15m
spot,ETHUSDT,2020-06,https://data.binance.vision/data/spot/monthly/klines/ETHUSDT/15m/ETHUSDT-15m-2020-06.zip,2866,2020-06-01T00:00:00+00:00,2020-06-30T23:45:00+00:00,232ff520baa375b6fb5c92dbfa07612104c3b1bf62063ba2ff9e4c10149058be,232ff520baa375b6fb5c92dbfa07612104c3b1bf62063ba2ff9e4c10149058be,145497,2021-06-22T11:34:52.000Z,"""160df4d792a4339b4f3ab497daea6d2f""",2026-08-21T06:05:24.632341+00:00,ISSUES,MISSING_INTERVAL,klines,15m
spot,ETHUSDT,2020-07,https://data.binance.vision/data/spot/monthly/klines/ETHUSDT/15m/ETHUSDT-15m-2020-07.zip,2976,2020-07-01T00:00:00+00:00,2020-07-31T23:45:00+00:00,397a07dfb7cb8d5ace27b074abe47a73bf74c7cd82bcdcf4d5241a2b3389607e,397a07dfb7cb8d5ace27b074abe47a73bf74c7cd82bcdcf4d5241a2b3389607e,151945,2021-06-22T11:34:52.000Z,"""908749c57d276d2fa0983c7f6293011c""",2026-08-21T06:05:24.742759+00:00,PASS,,klines,15m
spot,ETHUSDT,2020-08,https://data.binance.vision/data/spot/monthly/klines/ETHUSDT/15m/ETHUSDT-15m-2020-08.zip,2976,2020-08-01T00:00:00+00:00,2020-08-31T23:45:00+00:00,658dfdbeb68a7c691cc253a97aa275fede546159e0b2815e300606b2617308cc,658dfdbeb68a7c691cc253a97aa275fede546159e0b2815e300606b2617308cc,156010,2021-06-22T11:34:52.000Z,"""57b59b388544972f02f9d872491584b1""",2026-08-21T06:05:24.961975+00:00,PASS,,klines,15m
spot,ETHUSDT,2020-09,https://data.binance.vision/data/spot/monthly/klines/ETHUSDT/15m/ETHUSDT-15m-2020-09.zip,2880,2020-09-01T00:00:00+00:00,2020-09-30T23:45:00+00:00,a70e210c356176d89757fc0f4f522144c6046425e725375f7d157ea80e1369de,a70e210c356176d89757fc0f4f522144c6046425e725375f7d157ea80e1369de,151702,2021-06-22T11:34:52.000Z,"""64eb1d521f69806200841f9ac808552b""",2026-08-21T06:05:25.080523+00:00,PASS,,klines,15m
spot,ETHUSDT,2020-10,https://data.binance.vision/data/spot/monthly/klines/ETHUSDT/15m/ETHUSDT-15m-2020-10.zip,2976,2020-10-01T00:00:00+00:00,2020-10-31T23:45:00+00:00,1464a6821df78bd8adfc545e1657d8e7ce6b953ec27d3fe91ec9f548902acfbd,1464a6821df78bd8adfc545e1657d8e7ce6b953ec27d3fe91ec9f548902acfbd,153680,2021-06-22T11:34:52.000Z,"""c0fafe0e080a95227028fe62ff92e16d""",2026-08-21T06:05:25.314298+00:00,PASS,,klines,15m
spot,ETHUSDT,2020-11,https://data.binance.vision/data/spot/monthly/klines/ETHUSDT/15m/ETHUSDT-15m-2020-11.zip,2876,2020-11-01T00:00:00+00:00,2020-11-30T23:45:00+00:00,e048dde908e906136b83143e16301f529fb92faa21587a9fe158558925dd6641,e048dde908e906136b83143e16301f529fb92faa21587a9fe158558925dd6641,152925,2021-06-22T11:34:52.000Z,"""077aaa9f9476bb1e8e823c05b5d3e04a""",2026-08-21T06:05:25.351813+00:00,ISSUES,MISSING_INTERVAL,klines,15m
spot,ETHUSDT,2020-12,https://data.binance.vision/data/spot/monthly/klines/ETHUSDT/15m/ETHUSDT-15m-2020-12.zip,2957,2020-12-01T00:00:00+00:00,2020-12-31T23:45:00+00:00,947e21b6ee307cdbdc1dc22a556ebd5c553d1fd127993bef46ff6e085c949992,947e21b6ee307cdbdc1dc22a556ebd5c553d1fd127993bef46ff6e085c949992,157412,2021-06-22T11:34:53.000Z,"""9e023d7d5c4e66bed32528b6e164fea7""",2026-08-21T06:05:25.715876+00:00,ISSUES,MISSING_INTERVAL,klines,15m
spot,ETHUSDT,2021-01,https://data.binance.vision/data/spot/monthly/klines/ETHUSDT/15m/ETHUSDT-15m-2021-01.zip,2976,2021-01-01T00:00:00+00:00,2021-01-31T23:45:00+00:00,8edc903436445c97a800c3c3859a47663245bf8570b47e86c3b06736b454df00,8edc903436445c97a800c3c3859a47663245bf8570b47e86c3b06736b454df00,166008,2021-06-22T11:34:53.000Z,"""255615f7481330a259147938dfc2b4e2""",2026-08-21T06:05:25.638146+00:00,PASS,,klines,15m
spot,ETHUSDT,2021-02,https://data.binance.vision/data/spot/monthly/klines/ETHUSDT/15m/ETHUSDT-15m-2021-02.zip,2683,2021-02-01T00:00:00+00:00,2021-02-28T23:45:00+00:00,a89838e59572696d8524402600cb7cc6ded07eb8a4cc69d13d22514d0f088518,a89838e59572696d8524402600cb7cc6ded07eb8a4cc69d13d22514d0f088518,148858,2021-06-22T11:34:53.000Z,"""4b243cb936098d68e29cd6e4ba5d54cb""",2026-08-21T06:05:25.916094+00:00,ISSUES,MISSING_INTERVAL,klines,15m
spot,ETHUSDT,2021-03,https://data.binance.vision/data/spot/monthly/klines/ETHUSDT/15m/ETHUSDT-15m-2021-03.zip,2970,2021-03-01T00:00:00+00:00,2021-03-31T23:45:00+00:00,b19829af188eed9448e6dcb5d1fa5c77ae04a49b3039292faa13c5f3414d803e,b19829af188eed9448e6dcb5d1fa5c77ae04a49b3039292faa13c5f3414d803e,163017,2021-06-22T11:34:53.000Z,"""edf8944e0aab37c1ae9c6479fff1f67d""",2026-08-21T06:05:25.960569+00:00,ISSUES,MISSING_INTERVAL,klines,15m
spot,ETHUSDT,2021-04,https://data.binance.vision/data/spot/monthly/klines/ETHUSDT/15m/ETHUSDT-15m-2021-04.zip,2852,2021-04-01T00:00:00+00:00,2021-04-30T23:45:00+00:00,0044bc8e84a9f16285dc5f1bc1706234f61543839a8e6619b5ed069681c3d61f,0044bc8e84a9f16285dc5f1bc1706234f61543839a8e6619b5ed069681c3d61f,158710,2021-06-22T11:34:53.000Z,"""ad68ba337db014380f26018848336442""",2026-08-21T06:05:26.161986+00:00,ISSUES,MISSING_INTERVAL,klines,15m
spot,ETHUSDT,2021-05,https://data.binance.vision/data/spot/monthly/klines/ETHUSDT/15m/ETHUSDT-15m-2021-05.zip,2976,2021-05-01T00:00:00+00:00,2021-05-31T23:45:00+00:00,53f84fa5070ce1fc017dfdbcab02282bd9301886131d9e054f5be6c0e10dd2af,53f84fa5070ce1fc017dfdbcab02282bd9301886131d9e054f5be6c0e10dd2af,169956,2021-06-22T11:34:53.000Z,"""4659136d34482ed8a7bd4d0f991d834d""",2026-08-21T06:05:26.237351+00:00,PASS,,klines,15m
spot,ETHUSDT,2021-06,https://data.binance.vision/data/spot/monthly/klines/ETHUSDT/15m/ETHUSDT-15m-2021-06.zip,2880,2021-06-01T00:00:00+00:00,2021-06-30T23:45:00+00:00,12609de7cf35765a70be9380bbd839d1766d50f0675dfcedd57de807bbee46d4,12609de7cf35765a70be9380bbd839d1766d50f0675dfcedd57de807bbee46d4,160753,2021-07-01T06:58:14.000Z,"""52450020c3041b1239da99afd14bc389""",2026-08-21T06:05:26.454732+00:00,PASS,,klines,15m
spot,ETHUSDT,2021-07,https://data.binance.vision/data/spot/monthly/klines/ETHUSDT/15m/ETHUSDT-15m-2021-07.zip,2976,2021-07-01T00:00:00+00:00,2021-07-31T23:45:00+00:00,7894581c3e4c17f54f832c44c88ccd002d4a497e088e58f516b789bf9c82094a,7894581c3e4c17f54f832c44c88ccd002d4a497e088e58f516b789bf9c82094a,164122,2021-08-02T05:04:45.000Z,"""340c6eb2468d33bc2db228738f49c3d2""",2026-08-21T06:05:26.474733+00:00,PASS,,klines,15m
spot,ETHUSDT,2021-08,https://data.binance.vision/data/spot/monthly/klines/ETHUSDT/15m/ETHUSDT-15m-2021-08.zip,2958,2021-08-01T00:00:00+00:00,2021-08-31T23:45:00+00:00,f5fa5199358586df77da71ffaa6c40eccf6e53e1fc5224bac5814eec70597211,f5fa5199358586df77da71ffaa6c40eccf6e53e1fc5224bac5814eec70597211,162906,2021-09-04T12:32:31.000Z,"""6e71f26f7d95bcb1e8f6591b3177a737""",2026-08-21T06:05:26.698195+00:00,ISSUES,MISSING_INTERVAL,klines,15m
spot,ETHUSDT,2021-09,https://data.binance.vision/data/spot/monthly/klines/ETHUSDT/15m/ETHUSDT-15m-2021-09.zip,2872,2021-09-01T00:00:00+00:00,2021-09-30T23:45:00+00:00,5780f76bee3a169a5d13a4d2cb178c5e87f8005775b6092be24f79191fbad531,5780f76bee3a169a5d13a4d2cb178c5e87f8005775b6092be24f79191fbad531,154072,2021-10-01T03:51:51.000Z,"""c93c16e658d3e0f93ba6e1cd14125544""",2026-08-21T06:05:26.733195+00:00,ISSUES,MISSING_INTERVAL,klines,15m
spot,ETHUSDT,2021-10,https://data.binance.vision/data/spot/monthly/klines/ETHUSDT/15m/ETHUSDT-15m-2021-10.zip,2976,2021-10-01T00:00:00+00:00,2021-10-31T23:45:00+00:00,39189bbd2f4ab81b91f2aa73f49a97d3343c663af47b48a2d0092f11d7fc2a97,39189bbd2f4ab81b91f2aa73f49a97d3343c663af47b48a2d0092f11d7fc2a97,158940,2021-11-16T02:05:22.000Z,"""2e062bcc454c5c50c2f2353f4e5a8f74""",2026-08-21T06:05:26.910530+00:00,PASS,,klines,15m
spot,ETHUSDT,2021-11,https://data.binance.vision/data/spot/monthly/klines/ETHUSDT/15m/ETHUSDT-15m-2021-11.zip,2880,2021-11-01T00:00:00+00:00,2021-11-30T23:45:00+00:00,55f98422c66835dd208dcb59a8cef5f24a8e49ea164e38a811ad89dd9c86990f,55f98422c66835dd208dcb59a8cef5f24a8e49ea164e38a811ad89dd9c86990f,154104,2021-12-01T06:05:17.000Z,"""40e6743270f56a661eeec7ce39fb2fdf""",2026-08-21T06:05:27.041513+00:00,PASS,,klines,15m
spot,ETHUSDT,2021-12,https://data.binance.vision/data/spot/monthly/klines/ETHUSDT/15m/ETHUSDT-15m-2021-12.zip,2976,2021-12-01T00:00:00+00:00,2021-12-31T23:45:00+00:00,5f67b5cfc6122db50b2546db64fb1c135fe8ec96aa40990ecc8242ab941549db,5f67b5cfc6122db50b2546db64fb1c135fe8ec96aa40990ecc8242ab941549db,158507,2022-01-01T12:09:52.000Z,"""54b4bf340b2d673685726e4d49684d74""",2026-08-21T06:05:27.202979+00:00,PASS,,klines,15m
spot,ETHUSDT,2022-01,https://data.binance.vision/data/spot/monthly/klines/ETHUSDT/15m/ETHUSDT-15m-2022-01.zip,2976,2022-01-01T00:00:00+00:00,2022-01-31T23:45:00+00:00,fbf8e9d4b0f0fa533ca2efe5f9f5d5add0f0c363823f930f938907fb8fb7699c,fbf8e9d4b0f0fa533ca2efe5f9f5d5add0f0c363823f930f938907fb8fb7699c,157719,2022-02-01T08:00:08.000Z,"""5d35d519ceaf615533dc252fa3668805""",2026-08-21T06:05:27.326725+00:00,PASS,,klines,15m
spot,ETHUSDT,2022-02,https://data.binance.vision/data/spot/monthly/klines/ETHUSDT/15m/ETHUSDT-15m-2022-02.zip,2688,2022-02-01T00:00:00+00:00,2022-02-28T23:45:00+00:00,d883f4ee0879395dc33ad8e26ec1ea9e06f76d86b07848386557432dc7a1f5bd,d883f4ee0879395dc33ad8e26ec1ea9e06f76d86b07848386557432dc7a1f5bd,142912,2022-03-02T00:47:44.000Z,"""36c97cd7c3193a5cf214f2b481f22b8d""",2026-08-21T06:05:27.511493+00:00,PASS,,klines,15m
spot,ETHUSDT,2022-03,https://data.binance.vision/data/spot/monthly/klines/ETHUSDT/15m/ETHUSDT-15m-2022-03.zip,2976,2022-03-01T00:00:00+00:00,2022-03-31T23:45:00+00:00,da8f35afe58f968800ef5f32208f0092e90325f3e3d73b9e44bf551627b36195,da8f35afe58f968800ef5f32208f0092e90325f3e3d73b9e44bf551627b36195,156802,2022-09-02T11:32:09.000Z,"""ef5ccb33de45537b2c2e42cd82bd3a36""",2026-08-21T06:05:27.564044+00:00,PASS,,klines,15m
spot,ETHUSDT,2022-04,https://data.binance.vision/data/spot/monthly/klines/ETHUSDT/15m/ETHUSDT-15m-2022-04.zip,2880,2022-04-01T00:00:00+00:00,2022-04-30T23:45:00+00:00,00bda6572dde6a7bfdac52fc6eb5f71a35b1282edb1df5dcb38e33a0ff231e3a,00bda6572dde6a7bfdac52fc6eb5f71a35b1282edb1df5dcb38e33a0ff231e3a,151639,2022-05-02T02:07:14.000Z,"""e524fed8570ab49f607a3375159322c0""",2026-08-21T06:05:27.776411+00:00,PASS,,klines,15m
spot,ETHUSDT,2022-05,https://data.binance.vision/data/spot/monthly/klines/ETHUSDT/15m/ETHUSDT-15m-2022-05.zip,2976,2022-05-01T00:00:00+00:00,2022-05-31T23:45:00+00:00,17910dcd95567fc435a1f89322dc12e8bd6af471aaab8451d273b3017893a7fe,17910dcd95567fc435a1f89322dc12e8bd6af471aaab8451d273b3017893a7fe,158103,2022-06-02T05:14:07.000Z,"""c1cd246dfc597694ebe8c728c22d4030""",2026-08-21T06:05:27.811412+00:00,PASS,,klines,15m
spot,ETHUSDT,2022-06,https://data.binance.vision/data/spot/monthly/klines/ETHUSDT/15m/ETHUSDT-15m-2022-06.zip,2880,2022-06-01T00:00:00+00:00,2022-06-30T23:45:00+00:00,d0516b7fd012c7f5463c6176cbdd65251357ea63e336f42459e3d75e2584d0ff,d0516b7fd012c7f5463c6176cbdd65251357ea63e336f42459e3d75e2584d0ff,153751,2022-07-01T04:34:47.000Z,"""1f17488fdc79d9c88f540dfbce8ac841""",2026-08-21T06:05:28.052254+00:00,PASS,,klines,15m
spot,ETHUSDT,2022-07,https://data.binance.vision/data/spot/monthly/klines/ETHUSDT/15m/ETHUSDT-15m-2022-07.zip,2976,2022-07-01T00:00:00+00:00,2022-07-31T23:45:00+00:00,2382dc533b1663d3d44ec8dd778386ef97d6a4bc5c0addc075448ef8c6fedb9b,2382dc533b1663d3d44ec8dd778386ef97d6a4bc5c0addc075448ef8c6fedb9b,158434,2022-08-01T08:59:17.000Z,"""465c0b69645f59786f2ed546124ffd66""",2026-08-21T06:05:28.089768+00:00,PASS,,klines,15m
spot,ETHUSDT,2022-08,https://data.binance.vision/data/spot/monthly/klines/ETHUSDT/15m/ETHUSDT-15m-2022-08.zip,2976,2022-08-01T00:00:00+00:00,2022-08-31T23:45:00+00:00,abcca9d5ba3d43ea709937699dc2a705c1f15d062489375d1f98b7f34ca787ef,abcca9d5ba3d43ea709937699dc2a705c1f15d062489375d1f98b7f34ca787ef,157937,2022-09-01T05:35:09.000Z,"""93c14ead685c44615e2d9164494f7136""",2026-08-21T06:05:28.433040+00:00,PASS,,klines,15m
spot,ETHUSDT,2022-09,https://data.binance.vision/data/spot/monthly/klines/ETHUSDT/15m/ETHUSDT-15m-2022-09.zip,2880,2022-09-01T00:00:00+00:00,2022-09-30T23:45:00+00:00,abc5d7d500b0260cabeb5496c92db0b5b0e8b9fd4f29b3fb08d270724c98b7c6,abc5d7d500b0260cabeb5496c92db0b5b0e8b9fd4f29b3fb08d270724c98b7c6,151798,2022-10-03T06:02:13.000Z,"""03ff526d7b82a9bd98f3db68a23272c8""",2026-08-21T06:05:28.384991+00:00,PASS,,klines,15m
spot,ETHUSDT,2022-10,https://data.binance.vision/data/spot/monthly/klines/ETHUSDT/15m/ETHUSDT-15m-2022-10.zip,2976,2022-10-01T00:00:00+00:00,2022-10-31T23:45:00+00:00,ce3aee6ea123bea8668df209766a3fe441f0462798983b16f63bf52d61d1e028,ce3aee6ea123bea8668df209766a3fe441f0462798983b16f63bf52d61d1e028,153634,2022-11-03T20:56:17.000Z,"""4b460e5d73eed0e70122617884f092b4""",2026-08-21T06:05:28.625781+00:00,PASS,,klines,15m
spot,ETHUSDT,2022-11,https://data.binance.vision/data/spot/monthly/klines/ETHUSDT/15m/ETHUSDT-15m-2022-11.zip,2880,2022-11-01T00:00:00+00:00,2022-11-30T23:45:00+00:00,a85f85d6dd7b4ed2235d07de06309420bf6d4b4486adb55f978613b2e8701ccb,a85f85d6dd7b4ed2235d07de06309420bf6d4b4486adb55f978613b2e8701ccb,150749,2022-12-02T09:42:53.000Z,"""52c00fa33a5249428d3ad967f3891183""",2026-08-21T06:05:28.682470+00:00,PASS,,klines,15m
spot,ETHUSDT,2022-12,https://data.binance.vision/data/spot/monthly/klines/ETHUSDT/15m/ETHUSDT-15m-2022-12.zip,2976,2022-12-01T00:00:00+00:00,2022-12-31T23:45:00+00:00,a3db71ca486fc15f4cc70e1f6d3d16ded7dffb6357ed7ea0710335a38ad8a039,a3db71ca486fc15f4cc70e1f6d3d16ded7dffb6357ed7ea0710335a38ad8a039,150401,2023-01-04T05:08:01.000Z,"""3e996d5cf933b0b0ee50cccfd8ef4857""",2026-08-21T06:05:29.093908+00:00,PASS,,klines,15m
spot,ETHUSDT,2023-01,https://data.binance.vision/data/spot/monthly/klines/ETHUSDT/15m/ETHUSDT-15m-2023-01.zip,2976,2023-01-01T00:00:00+00:00,2023-01-31T23:45:00+00:00,1575719192e93650a4f1aea522ed4c7beb909cf7ca46beb047918aa838897d34,1575719192e93650a4f1aea522ed4c7beb909cf7ca46beb047918aa838897d34,152605,2023-02-18T01:03:28.000Z,"""5d5e18f549e7640e24df17e515faeace""",2026-08-21T06:05:28.995770+00:00,PASS,,klines,15m
spot,ETHUSDT,2023-02,https://data.binance.vision/data/spot/monthly/klines/ETHUSDT/15m/ETHUSDT-15m-2023-02.zip,2688,2023-02-01T00:00:00+00:00,2023-02-28T23:45:00+00:00,a76ad91c947eebdadfcc89ff7cf210204f3e4609c0716dad992db7e83ea4ad43,a76ad91c947eebdadfcc89ff7cf210204f3e4609c0716dad992db7e83ea4ad43,139152,2023-03-02T03:44:47.000Z,"""d800b8202505d347e8b7fd04ce1a94a5""",2026-08-21T06:05:29.433646+00:00,PASS,,klines,15m
spot,ETHUSDT,2023-03,https://data.binance.vision/data/spot/monthly/klines/ETHUSDT/15m/ETHUSDT-15m-2023-03.zip,2971,2023-03-01T00:00:00+00:00,2023-03-31T23:45:00+00:00,63f591e35691c501c232b06a980641f87aded1f9497281ad279999babaca1e71,63f591e35691c501c232b06a980641f87aded1f9497281ad279999babaca1e71,155154,2023-04-05T15:14:10.000Z,"""304be1f54a70d340b582ff684b5870d2""",2026-08-21T06:05:29.479012+00:00,ISSUES,MISSING_INTERVAL,klines,15m
spot,ETHUSDT,2023-04,https://data.binance.vision/data/spot/monthly/klines/ETHUSDT/15m/ETHUSDT-15m-2023-04.zip,2880,2023-04-01T00:00:00+00:00,2023-04-30T23:45:00+00:00,c4931decfaf9c153071727bfeb004c7689aeae1f7e0704b82a04edbf2834f1d1,c4931decfaf9c153071727bfeb004c7689aeae1f7e0704b82a04edbf2834f1d1,149182,2023-05-02T13:34:51.000Z,"""bdc7fb427f3406e808b0845f6a5605bc""",2026-08-21T06:05:29.824268+00:00,PASS,,klines,15m
spot,ETHUSDT,2023-05,https://data.binance.vision/data/spot/monthly/klines/ETHUSDT/15m/ETHUSDT-15m-2023-05.zip,2976,2023-05-01T00:00:00+00:00,2023-05-31T23:45:00+00:00,52258dbce42595e70fe2073a9f8324fca6a6da5fe4b5223e1540b82442837849,52258dbce42595e70fe2073a9f8324fca6a6da5fe4b5223e1540b82442837849,152114,2023-06-06T07:15:52.000Z,"""02eeb0b288fcb3229b004c9fa9e345bf""",2026-08-21T06:05:29.695341+00:00,PASS,,klines,15m
spot,ETHUSDT,2023-06,https://data.binance.vision/data/spot/monthly/klines/ETHUSDT/15m/ETHUSDT-15m-2023-06.zip,2880,2023-06-01T00:00:00+00:00,2023-06-30T23:45:00+00:00,d6b6868b735a099f099a77fe51ef5cd8eb86d83aaf85c86d5c8e745e90d4dbaf,d6b6868b735a099f099a77fe51ef5cd8eb86d83aaf85c86d5c8e745e90d4dbaf,147215,2023-07-04T05:50:04.000Z,"""5a0c9e97dbc4bc7b29272f9ba2576072""",2026-08-21T06:05:30.142746+00:00,PASS,,klines,15m
spot,ETHUSDT,2023-07,https://data.binance.vision/data/spot/monthly/klines/ETHUSDT/15m/ETHUSDT-15m-2023-07.zip,2976,2023-07-01T00:00:00+00:00,2023-07-31T23:45:00+00:00,b874cf5e8e2396dd8d13bab1340bc528574a658ad339b249f3f0dc95050dffd1,b874cf5e8e2396dd8d13bab1340bc528574a658ad339b249f3f0dc95050dffd1,149608,2023-08-02T12:50:18.000Z,"""7ffe3a5caa67b9c4f89c3c257375c400""",2026-08-21T06:05:30.108748+00:00,PASS,,klines,15m
spot,ETHUSDT,2023-08,https://data.binance.vision/data/spot/monthly/klines/ETHUSDT/15m/ETHUSDT-15m-2023-08.zip,2976,2023-08-01T00:00:00+00:00,2023-08-31T23:45:00+00:00,ba3c20e3309010d3d175cc76d13eb1acc71f6d32b483da5b48152b623e17ac38,ba3c20e3309010d3d175cc76d13eb1acc71f6d32b483da5b48152b623e17ac38,148412,2023-09-19T01:45:54.000Z,"""dd47a520dc2c3520bcb44ee7b5abf411""",2026-08-21T06:05:30.356578+00:00,PASS,,klines,15m
spot,ETHUSDT,2023-09,https://data.binance.vision/data/spot/monthly/klines/ETHUSDT/15m/ETHUSDT-15m-2023-09.zip,2880,2023-09-01T00:00:00+00:00,2023-09-30T23:45:00+00:00,79639262ec81de75316658777b3caf4ecbaf477c2968f56941a0a738c7d26969,79639262ec81de75316658777b3caf4ecbaf477c2968f56941a0a738c7d26969,143764,2023-10-05T05:45:26.000Z,"""85812d46e835e3438302d60f77518797""",2026-08-21T06:05:30.442388+00:00,PASS,,klines,15m
spot,ETHUSDT,2023-10,https://data.binance.vision/data/spot/monthly/klines/ETHUSDT/15m/ETHUSDT-15m-2023-10.zip,2976,2023-10-01T00:00:00+00:00,2023-10-31T23:45:00+00:00,6445662660f6f715b510ff8e1caf8d775cf5b72fd7b96f70082adfac1336cddf,6445662660f6f715b510ff8e1caf8d775cf5b72fd7b96f70082adfac1336cddf,151013,2023-11-03T09:01:50.000Z,"""bbe58e2d27ade0e213bf8e75921ba08b""",2026-08-21T06:05:30.616873+00:00,PASS,,klines,15m
spot,ETHUSDT,2023-11,https://data.binance.vision/data/spot/monthly/klines/ETHUSDT/15m/ETHUSDT-15m-2023-11.zip,2880,2023-11-01T00:00:00+00:00,2023-11-30T23:45:00+00:00,b1feac3245419158f0017a82f95f2199e2172373638f0751ace1c8323ed99f43,b1feac3245419158f0017a82f95f2199e2172373638f0751ace1c8323ed99f43,148920,2023-12-05T02:49:03.000Z,"""3ab04d77d2cec6fbdc1061700d94b530""",2026-08-21T06:05:30.887615+00:00,PASS,,klines,15m
spot,ETHUSDT,2023-12,https://data.binance.vision/data/spot/monthly/klines/ETHUSDT/15m/ETHUSDT-15m-2023-12.zip,2976,2023-12-01T00:00:00+00:00,2023-12-31T23:45:00+00:00,8d74c7e0013b6e5e5dd372073de9bd80d11ce271be2addf9a6b06561705e239e,8d74c7e0013b6e5e5dd372073de9bd80d11ce271be2addf9a6b06561705e239e,154754,2024-01-10T03:29:32.000Z,"""781ec689fe5ccdec8a38b40bc01b7a0e""",2026-08-21T06:05:30.967031+00:00,PASS,,klines,15m
spot,ETHUSDT,2024-01,https://data.binance.vision/data/spot/monthly/klines/ETHUSDT/15m/ETHUSDT-15m-2024-01.zip,2976,2024-01-01T00:00:00+00:00,2024-01-31T23:45:00+00:00,a52f64be0752ffd8f1abeed7446045ff2d3c39855e77b636c30ccf2c06ddd008,a52f64be0752ffd8f1abeed7446045ff2d3c39855e77b636c30ccf2c06ddd008,155311,2024-02-05T12:26:27.000Z,"""5a8d83a749678c19d8948f5e7ee6d5fb""",2026-08-21T06:05:31.176810+00:00,PASS,,klines,15m
spot,ETHUSDT,2024-02,https://data.binance.vision/data/spot/monthly/klines/ETHUSDT/15m/ETHUSDT-15m-2024-02.zip,2784,2024-02-01T00:00:00+00:00,2024-02-29T23:45:00+00:00,1e02fac59990c6eeec1f37f5e7fffb0e34279834a78c5934896c098380c59d2a,1e02fac59990c6eeec1f37f5e7fffb0e34279834a78c5934896c098380c59d2a,145728,2024-03-12T11:00:27.000Z,"""d4db3b22ca982a451faab6f400c89394""",2026-08-21T06:05:31.193809+00:00,PASS,,klines,15m
spot,ETHUSDT,2024-03,https://data.binance.vision/data/spot/monthly/klines/ETHUSDT/15m/ETHUSDT-15m-2024-03.zip,2976,2024-03-01T00:00:00+00:00,2024-03-31T23:45:00+00:00,0c403af70b056779054d16b81fbd904864738c8026b40622da5ae28632a8f945,0c403af70b056779054d16b81fbd904864738c8026b40622da5ae28632a8f945,158722,2024-04-11T14:01:33.000Z,"""ebdd013a634950234b7540bc72d71cab""",2026-08-21T06:05:31.474754+00:00,PASS,,klines,15m
spot,ETHUSDT,2024-04,https://data.binance.vision/data/spot/monthly/klines/ETHUSDT/15m/ETHUSDT-15m-2024-04.zip,2880,2024-04-01T00:00:00+00:00,2024-04-30T23:45:00+00:00,b2601ce5ceb71d46d3889beaacad971d823393a7dae78e68852e52da758a0c78,b2601ce5ceb71d46d3889beaacad971d823393a7dae78e68852e52da758a0c78,152123,2024-05-11T15:14:30.000Z,"""167fae7d7292f52e63132a9d36ffa325""",2026-08-21T06:05:31.546372+00:00,PASS,,klines,15m
spot,ETHUSDT,2024-05,https://data.binance.vision/data/spot/monthly/klines/ETHUSDT/15m/ETHUSDT-15m-2024-05.zip,2976,2024-05-01T00:00:00+00:00,2024-05-31T23:45:00+00:00,606e908fe6de46f3bc2e950434093be686fefaf24946d59a897ddc7a48c2b1f3,606e908fe6de46f3bc2e950434093be686fefaf24946d59a897ddc7a48c2b1f3,155654,2024-06-06T03:21:28.000Z,"""2d12e536d93175f0d4ff62bfe313d619""",2026-08-21T06:05:31.790041+00:00,PASS,,klines,15m
spot,ETHUSDT,2024-06,https://data.binance.vision/data/spot/monthly/klines/ETHUSDT/15m/ETHUSDT-15m-2024-06.zip,2880,2024-06-01T00:00:00+00:00,2024-06-30T23:45:00+00:00,7a79f1af25487217a1b187163a98e2df10c27b4ea2050bddf0199138feae3613,7a79f1af25487217a1b187163a98e2df10c27b4ea2050bddf0199138feae3613,148930,2024-07-09T04:25:29.000Z,"""7eda46041d7f203e8b9434c90edff845""",2026-08-21T06:05:31.826041+00:00,PASS,,klines,15m
spot,ETHUSDT,2024-07,https://data.binance.vision/data/spot/monthly/klines/ETHUSDT/15m/ETHUSDT-15m-2024-07.zip,2976,2024-07-01T00:00:00+00:00,2024-07-31T23:45:00+00:00,9158fc53f283c3c467a411fb4a12d235fe53225904b6c75ac4bcb237cdea364c,9158fc53f283c3c467a411fb4a12d235fe53225904b6c75ac4bcb237cdea364c,155717,2024-08-08T09:51:05.000Z,"""a1018cedee936044e015a3800be6f49f""",2026-08-21T06:05:32.069969+00:00,PASS,,klines,15m
spot,ETHUSDT,2024-08,https://data.binance.vision/data/spot/monthly/klines/ETHUSDT/15m/ETHUSDT-15m-2024-08.zip,2976,2024-08-01T00:00:00+00:00,2024-08-31T23:45:00+00:00,d69a001670428e83a8dea90d5fb7bacbcd777410e98293318674e0aa90a5daac,d69a001670428e83a8dea90d5fb7bacbcd777410e98293318674e0aa90a5daac,156138,2024-09-10T11:42:30.000Z,"""b41223d0700597fbf81fd694bc0e8594""",2026-08-21T06:05:32.131531+00:00,PASS,,klines,15m
spot,ETHUSDT,2024-09,https://data.binance.vision/data/spot/monthly/klines/ETHUSDT/15m/ETHUSDT-15m-2024-09.zip,2880,2024-09-01T00:00:00+00:00,2024-09-30T23:45:00+00:00,4ae6d427ed21138f96f8ea47257812640da2000ea72e608f86701c4983f68700,4ae6d427ed21138f96f8ea47257812640da2000ea72e608f86701c4983f68700,149267,2024-10-15T13:00:14.000Z,"""8b8b728b8fa26d1eccf972cc55ec9c43""",2026-08-21T06:05:32.351011+00:00,PASS,,klines,15m
spot,ETHUSDT,2024-10,https://data.binance.vision/data/spot/monthly/klines/ETHUSDT/15m/ETHUSDT-15m-2024-10.zip,2976,2024-10-01T00:00:00+00:00,2024-10-31T23:45:00+00:00,ebb1d763fabab7d32025015e0229fccedaf3d768165d03a5df2756995fb75d32,ebb1d763fabab7d32025015e0229fccedaf3d768165d03a5df2756995fb75d32,154883,2024-11-06T10:48:39.000Z,"""10eceb52940aaf1e5756b98bee7eb68d""",2026-08-21T06:05:32.392547+00:00,PASS,,klines,15m
spot,ETHUSDT,2024-11,https://data.binance.vision/data/spot/monthly/klines/ETHUSDT/15m/ETHUSDT-15m-2024-11.zip,2880,2024-11-01T00:00:00+00:00,2024-11-30T23:45:00+00:00,fc64a5f1201c6b59f9a3e476e17de2eecf5c2d71141be86bc50cfd10fb43f37f,fc64a5f1201c6b59f9a3e476e17de2eecf5c2d71141be86bc50cfd10fb43f37f,154025,2024-12-02T18:41:38.000Z,"""af62dab86d81a477412af45da02ed90d""",2026-08-21T06:05:32.656185+00:00,PASS,,klines,15m
spot,ETHUSDT,2024-12,https://data.binance.vision/data/spot/monthly/klines/ETHUSDT/15m/ETHUSDT-15m-2024-12.zip,2976,2024-12-01T00:00:00+00:00,2024-12-31T23:45:00+00:00,740ceb801c523850370500e757062a0f1fe4070f5750ef173799c6427fe4a4fd,740ceb801c523850370500e757062a0f1fe4070f5750ef173799c6427fe4a4fd,159011,2025-01-08T01:32:44.000Z,"""02d3677528935a0a1db44adca0509054""",2026-08-21T06:05:32.622186+00:00,PASS,,klines,15m
spot,ETHUSDT,2025-01,https://data.binance.vision/data/spot/monthly/klines/ETHUSDT/15m/ETHUSDT-15m-2025-01.zip,2976,2025-01-01T00:00:00+00:00,2025-01-31T23:45:00+00:00,84bad649817269f4e97b6c567c5dd177a4e1d21921ce216798406bf5e2dc39bd,84bad649817269f4e97b6c567c5dd177a4e1d21921ce216798406bf5e2dc39bd,159000,2025-02-08T12:45:51.000Z,"""12d435046b5b9cbcb3fd15ea60f227f2""",2026-08-21T06:05:32.867812+00:00,PASS,,klines,15m
spot,ETHUSDT,2025-02,https://data.binance.vision/data/spot/monthly/klines/ETHUSDT/15m/ETHUSDT-15m-2025-02.zip,2688,2025-02-01T00:00:00+00:00,2025-02-28T23:45:00+00:00,34f7721028e6a920fdfab4ba101f2ae36ad059928d2f778f062742f8281f7781,34f7721028e6a920fdfab4ba101f2ae36ad059928d2f778f062742f8281f7781,144415,2025-03-04T10:59:06.000Z,"""84b8ec030d37f351a453efc16f3cb5dc""",2026-08-21T06:05:32.896811+00:00,PASS,,klines,15m
spot,ETHUSDT,2025-03,https://data.binance.vision/data/spot/monthly/klines/ETHUSDT/15m/ETHUSDT-15m-2025-03.zip,2976,2025-03-01T00:00:00+00:00,2025-03-31T23:45:00+00:00,d92f5ce9a31ba3110bedff7af9cd6e0708ebe1e02e139157ff29bdc22f01fc33,d92f5ce9a31ba3110bedff7af9cd6e0708ebe1e02e139157ff29bdc22f01fc33,157828,2025-04-12T14:15:45.000Z,"""51ce8cd23aea7a2b897dee6a36e8b284""",2026-08-21T06:05:33.194165+00:00,PASS,,klines,15m
spot,ETHUSDT,2025-04,https://data.binance.vision/data/spot/monthly/klines/ETHUSDT/15m/ETHUSDT-15m-2025-04.zip,2880,2025-04-01T00:00:00+00:00,2025-04-30T23:45:00+00:00,106eefead6ee2254283f6b6bc6e1e6d38d7f59bb386131323fefe97dcfffae34,106eefead6ee2254283f6b6bc6e1e6d38d7f59bb386131323fefe97dcfffae34,152496,2025-05-06T11:28:24.000Z,"""07165031a4ff4816a4001038d8f9fe72""",2026-08-21T06:05:33.228076+00:00,PASS,,klines,15m
spot,ETHUSDT,2025-05,https://data.binance.vision/data/spot/monthly/klines/ETHUSDT/15m/ETHUSDT-15m-2025-05.zip,2976,2025-05-01T00:00:00+00:00,2025-05-31T23:45:00+00:00,cc6d10fe84ceafc6bc5a9d7364ec14d18408ddb7e19113a51dc987315566925b,cc6d10fe84ceafc6bc5a9d7364ec14d18408ddb7e19113a51dc987315566925b,159180,2025-06-02T08:26:38.000Z,"""4e033e2503a927964560e08030137a3b""",2026-08-21T06:05:33.557361+00:00,PASS,,klines,15m
spot,ETHUSDT,2025-06,https://data.binance.vision/data/spot/monthly/klines/ETHUSDT/15m/ETHUSDT-15m-2025-06.zip,2880,2025-06-01T00:00:00+00:00,2025-06-30T23:45:00+00:00,7b9b239a5a4954f9dbdc4e06e596075de0a3af6794952c5b1719d7efb3f60b09,7b9b239a5a4954f9dbdc4e06e596075de0a3af6794952c5b1719d7efb3f60b09,153123,2025-07-07T08:12:41.000Z,"""4adf0c631d47b2cabc4c58ebb961d8ae""",2026-08-21T06:05:33.505722+00:00,PASS,,klines,15m
spot,ETHUSDT,2025-07,https://data.binance.vision/data/spot/monthly/klines/ETHUSDT/15m/ETHUSDT-15m-2025-07.zip,2976,2025-07-01T00:00:00+00:00,2025-07-31T23:45:00+00:00,53df300524898205f202fc57338be2fea06fd4da2b1cc176c4de6952751176c5,53df300524898205f202fc57338be2fea06fd4da2b1cc176c4de6952751176c5,159690,2025-08-04T08:40:53.000Z,"""0697a0745941fde99a1e7ae72f1ef789""",2026-08-21T06:05:33.745325+00:00,PASS,,klines,15m
spot,ETHUSDT,2025-08,https://data.binance.vision/data/spot/monthly/klines/ETHUSDT/15m/ETHUSDT-15m-2025-08.zip,2976,2025-08-01T00:00:00+00:00,2025-08-31T23:45:00+00:00,f44311feba03aa7b9a81327060a58b60d738f932e73067a5f43caac804829054,f44311feba03aa7b9a81327060a58b60d738f932e73067a5f43caac804829054,161601,2025-09-01T08:22:08.000Z,"""11a60c8c6d7b728cbbca6330624355aa""",2026-08-21T06:05:33.847759+00:00,PASS,,klines,15m
spot,ETHUSDT,2025-09,https://data.binance.vision/data/spot/monthly/klines/ETHUSDT/15m/ETHUSDT-15m-2025-09.zip,2880,2025-09-01T00:00:00+00:00,2025-09-30T23:45:00+00:00,d9246e0929570bcbae6fce12734c025bf407af3559a02cc99418aca04b02135d,d9246e0929570bcbae6fce12734c025bf407af3559a02cc99418aca04b02135d,153815,2025-10-06T10:46:18.000Z,"""e55ed01fe01dfaee0abeee91a086254c""",2026-08-21T06:05:34.196462+00:00,PASS,,klines,15m
spot,ETHUSDT,2025-10,https://data.binance.vision/data/spot/monthly/klines/ETHUSDT/15m/ETHUSDT-15m-2025-10.zip,2976,2025-10-01T00:00:00+00:00,2025-10-31T23:45:00+00:00,ddb2b2851af41e31794d00d663571523a1709b631fd7444933824cb9ad5edd85,ddb2b2851af41e31794d00d663571523a1709b631fd7444933824cb9ad5edd85,161142,2025-11-03T09:07:05.000Z,"""ef9b2b2ca6bbdbd7ccfaf52cdb3ae4e6""",2026-08-21T06:05:34.201462+00:00,PASS,,klines,15m
spot,ETHUSDT,2025-11,https://data.binance.vision/data/spot/monthly/klines/ETHUSDT/15m/ETHUSDT-15m-2025-11.zip,2880,2025-11-01T00:00:00+00:00,2025-11-30T23:45:00+00:00,288889103766ff11ec404e74a92c1e1ceb0884e40d9f653922207dd566f35d20,288889103766ff11ec404e74a92c1e1ceb0884e40d9f653922207dd566f35d20,155342,2025-12-01T08:37:04.000Z,"""c3e80e73b3aa68c06668a3de6b3389b7""",2026-08-21T06:05:34.561202+00:00,PASS,,klines,15m
spot,ETHUSDT,2025-12,https://data.binance.vision/data/spot/monthly/klines/ETHUSDT/15m/ETHUSDT-15m-2025-12.zip,2976,2025-12-01T00:00:00+00:00,2025-12-31T23:45:00+00:00,b4270c918a02f78800b6390e94af525f29c8554d27cc13cf6b62537691476df8,b4270c918a02f78800b6390e94af525f29c8554d27cc13cf6b62537691476df8,157483,2026-01-05T10:31:14.000Z,"""ec76de143a5b562a1bcddb5286c45b33""",2026-08-21T06:05:34.535203+00:00,PASS,,klines,15m
spot,ETHUSDT,2026-01,https://data.binance.vision/data/spot/monthly/klines/ETHUSDT/15m/ETHUSDT-15m-2026-01.zip,2976,2026-01-01T00:00:00+00:00,2026-01-31T23:45:00+00:00,f9b69306bb83aabdba848b7b0e39eae08ef06bce33a8e2df43e4e4d9319c28de,f9b69306bb83aabdba848b7b0e39eae08ef06bce33a8e2df43e4e4d9319c28de,157206,2026-02-02T08:07:42.000Z,"""fd64b5ec58d330ab9b0da4c4790402af""",2026-08-21T06:05:34.967883+00:00,PASS,,klines,15m
spot,ETHUSDT,2026-02,https://data.binance.vision/data/spot/monthly/klines/ETHUSDT/15m/ETHUSDT-15m-2026-02.zip,2688,2026-02-01T00:00:00+00:00,2026-02-28T23:45:00+00:00,88c42f0ae1ce10df10784d00b692d59114ea3739464d2d0f1ce5a3a6726d5bf4,88c42f0ae1ce10df10784d00b692d59114ea3739464d2d0f1ce5a3a6726d5bf4,144050,2026-03-02T07:41:24.000Z,"""e70ff215cffeb5eb29318d2bf19cfea6""",2026-08-21T06:05:34.933882+00:00,PASS,,klines,15m
spot,ETHUSDT,2026-03,https://data.binance.vision/data/spot/monthly/klines/ETHUSDT/15m/ETHUSDT-15m-2026-03.zip,2976,2026-03-01T00:00:00+00:00,2026-03-31T23:45:00+00:00,4db1d336066d4e3a89d53f4e2c8de009ee91944de20b4096d01cee73e04f5cf2,4db1d336066d4e3a89d53f4e2c8de009ee91944de20b4096d01cee73e04f5cf2,157513,2026-04-06T07:56:18.000Z,"""8f6fbef93249fdeaff0bc518aaa5984f""",2026-08-21T06:05:35.222961+00:00,PASS,,klines,15m
spot,ETHUSDT,2026-04,https://data.binance.vision/data/spot/monthly/klines/ETHUSDT/15m/ETHUSDT-15m-2026-04.zip,2880,2026-04-01T00:00:00+00:00,2026-04-30T23:45:00+00:00,c86b7752f8eb21a15a20b7197d0951a5ddb523628a6756daeece3dcb96ca2f7c,c86b7752f8eb21a15a20b7197d0951a5ddb523628a6756daeece3dcb96ca2f7c,150488,2026-05-04T07:46:30.000Z,"""acf0ada36ca895d9b0b9388bac86ef9b""",2026-08-21T06:05:35.185961+00:00,PASS,,klines,15m
spot,ETHUSDT,2026-05,https://data.binance.vision/data/spot/monthly/klines/ETHUSDT/15m/ETHUSDT-15m-2026-05.zip,2976,2026-05-01T00:00:00+00:00,2026-05-31T23:45:00+00:00,487c08d03a03d1ff7adac5d2d61b009165bd364e4ec44a0c5ca0dda44ef780b5,487c08d03a03d1ff7adac5d2d61b009165bd364e4ec44a0c5ca0dda44ef780b5,154191,2026-06-01T07:30:53.000Z,"""e67f4bfa47d40cdd3fefca1338371539""",2026-08-21T06:05:35.506144+00:00,PASS,,klines,15m
spot,ETHUSDT,2026-06,https://data.binance.vision/data/spot/monthly/klines/ETHUSDT/15m/ETHUSDT-15m-2026-06.zip,2880,2026-06-01T00:00:00+00:00,2026-06-30T23:45:00+00:00,be1199a81d8064fe6193f2993de58f75f4a57fd9ca11a5e8c7c7ba2ca50fa9ce,be1199a81d8064fe6193f2993de58f75f4a57fd9ca11a5e8c7c7ba2ca50fa9ce,150677,2026-07-06T09:37:43.000Z,"""5558dca44f1fb3fc795806b0dea36f27""",2026-08-21T06:05:35.486145+00:00,PASS,,klines,15m
spot,ETHUSDT,2026-07,https://data.binance.vision/data/spot/monthly/klines/ETHUSDT/15m/ETHUSDT-15m-2026-07.zip,2976,2026-07-01T00:00:00+00:00,2026-07-31T23:45:00+00:00,d4742ef1a072a4662f371ddd56b4388fb2af68310c70831ccfadda89bd29b8c8,d4742ef1a072a4662f371ddd56b4388fb2af68310c70831ccfadda89bd29b8c8,153944,2026-08-03T10:56:45.000Z,"""a9fc1ddb0c3e506feaa698d1e83ae363""",2026-08-21T06:05:35.791689+00:00,PASS,,klines,15m
um,BTCUSDT,2020-01,https://data.binance.vision/data/futures/um/monthly/fundingRate/BTCUSDT/BTCUSDT-fundingRate-2020-01.zip,93,2020-01-01T00:00:00+00:00,2020-01-31T16:00:00+00:00,7f81b2f3694d13779e7e896b69d60cd61e9444d7b9f9e90df761935e1c1b76e2,7f81b2f3694d13779e7e896b69d60cd61e9444d7b9f9e90df761935e1c1b76e2,825,2023-05-09T22:02:30.000Z,"""6c7662c6241e9883ae85a610db8306b5""",2026-08-21T06:06:16.357370+00:00,PASS,,fundingRate,event
um,BTCUSDT,2020-02,https://data.binance.vision/data/futures/um/monthly/fundingRate/BTCUSDT/BTCUSDT-fundingRate-2020-02.zip,87,2020-02-01T00:00:00+00:00,2020-02-29T16:00:00+00:00,6599466d108d120c64a078824326c063ed2d4335b3292e52c5e572f79166533a,6599466d108d120c64a078824326c063ed2d4335b3292e52c5e572f79166533a,885,2023-05-09T22:02:30.000Z,"""cd035de64dd3b5e2e1d348108e4ace69""",2026-08-21T06:06:16.389369+00:00,PASS,,fundingRate,event
um,BTCUSDT,2020-03,https://data.binance.vision/data/futures/um/monthly/fundingRate/BTCUSDT/BTCUSDT-fundingRate-2020-03.zip,93,2020-03-01T00:00:00+00:00,2020-03-31T16:00:00.001000+00:00,eee845fde6336e29d25889563cba3d2cff2d4d640e51fb1f82ae9b28cedaee77,eee845fde6336e29d25889563cba3d2cff2d4d640e51fb1f82ae9b28cedaee77,928,2023-05-09T22:02:30.000Z,"""08193b54c6a704b3c9605828cb12825e""",2026-08-21T06:06:16.702524+00:00,PASS,,fundingRate,event
um,BTCUSDT,2020-04,https://data.binance.vision/data/futures/um/monthly/fundingRate/BTCUSDT/BTCUSDT-fundingRate-2020-04.zip,90,2020-04-01T00:00:00.002000+00:00,2020-04-30T16:00:00+00:00,d009ce034d08c3dcf3e7f874b0f8b0ec76ba507bc6bb4e007e541df537bafbce,d009ce034d08c3dcf3e7f874b0f8b0ec76ba507bc6bb4e007e541df537bafbce,867,2023-05-09T22:02:30.000Z,"""128fa6f324911dd8cf4474c858d54d36""",2026-08-21T06:06:16.661847+00:00,PASS,,fundingRate,event
um,BTCUSDT,2020-05,https://data.binance.vision/data/futures/um/monthly/fundingRate/BTCUSDT/BTCUSDT-fundingRate-2020-05.zip,93,2020-05-01T00:00:00+00:00,2020-05-31T16:00:00+00:00,3f2b56dd6b9a42457009bb367d0adadd3cf7e2216cd325172d0089e3883125a8,3f2b56dd6b9a42457009bb367d0adadd3cf7e2216cd325172d0089e3883125a8,839,2023-05-09T22:02:30.000Z,"""36149bdfa414b1cd744bfbcccfa8fe8f""",2026-08-21T06:06:16.851735+00:00,PASS,,fundingRate,event
um,BTCUSDT,2020-06,https://data.binance.vision/data/futures/um/monthly/fundingRate/BTCUSDT/BTCUSDT-fundingRate-2020-06.zip,90,2020-06-01T00:00:00+00:00,2020-06-30T16:00:00.002000+00:00,30b3470ff98576578973d75e3c157a5cbf1778b11e4c26b4b4ff70a3cbb348ec,30b3470ff98576578973d75e3c157a5cbf1778b11e4c26b4b4ff70a3cbb348ec,791,2023-05-09T22:02:30.000Z,"""b4cf30202bb5ff17c133f16796facf7e""",2026-08-21T06:06:16.897734+00:00,PASS,,fundingRate,event
um,BTCUSDT,2020-07,https://data.binance.vision/data/futures/um/monthly/fundingRate/BTCUSDT/BTCUSDT-fundingRate-2020-07.zip,93,2020-07-01T00:00:00.002000+00:00,2020-07-31T16:00:00+00:00,18dae7b11075fc0fba79ad47df46683415cba5d027caa69c66bc2a5c9d9b459a,18dae7b11075fc0fba79ad47df46683415cba5d027caa69c66bc2a5c9d9b459a,712,2023-05-09T22:02:30.000Z,"""c6b5b79dad945fd66e6156eaea42888e""",2026-08-21T06:06:17.068730+00:00,PASS,,fundingRate,event
um,BTCUSDT,2020-08,https://data.binance.vision/data/futures/um/monthly/fundingRate/BTCUSDT/BTCUSDT-fundingRate-2020-08.zip,93,2020-08-01T00:00:00.005000+00:00,2020-08-31T16:00:00.001000+00:00,e6f6d1749f674c85d4766e0eb36af6ea40d91a0674234d30df80eb9876b094e3,e6f6d1749f674c85d4766e0eb36af6ea40d91a0674234d30df80eb9876b094e3,854,2023-05-09T22:02:30.000Z,"""6b081566f989ee41d714b51e2f097777""",2026-08-21T06:06:17.101113+00:00,PASS,,fundingRate,event
um,BTCUSDT,2020-09,https://data.binance.vision/data/futures/um/monthly/fundingRate/BTCUSDT/BTCUSDT-fundingRate-2020-09.zip,90,2020-09-01T00:00:00+00:00,2020-09-30T16:00:00+00:00,7ae9a3b6afb2dc06e46080582908ec8c27063b707a14c7f1e679dc991ff48032,7ae9a3b6afb2dc06e46080582908ec8c27063b707a14c7f1e679dc991ff48032,838,2023-05-09T22:02:30.000Z,"""68e5f1f04d1aee1b17ab7691c45fe656""",2026-08-21T06:06:17.287800+00:00,PASS,,fundingRate,event
um,BTCUSDT,2020-10,https://data.binance.vision/data/futures/um/monthly/fundingRate/BTCUSDT/BTCUSDT-fundingRate-2020-10.zip,93,2020-10-01T00:00:00+00:00,2020-10-31T16:00:00+00:00,4c55b191c101f39c7fb193a6529665dd9e83302ca21876521e4c93b3902e9fb1,4c55b191c101f39c7fb193a6529665dd9e83302ca21876521e4c93b3902e9fb1,828,2023-05-09T22:02:30.000Z,"""8b8cb683b091905b27f4ce0733d3a3aa""",2026-08-21T06:06:17.366810+00:00,PASS,,fundingRate,event
um,BTCUSDT,2020-11,https://data.binance.vision/data/futures/um/monthly/fundingRate/BTCUSDT/BTCUSDT-fundingRate-2020-11.zip,90,2020-11-01T00:00:00+00:00,2020-11-30T16:00:00+00:00,676356a2d075caa51b4f8ada026e9430dc320ffd23d2343b13b7aa25324ed6d1,676356a2d075caa51b4f8ada026e9430dc320ffd23d2343b13b7aa25324ed6d1,854,2023-05-09T22:02:30.000Z,"""f58cea5abb68abb0842edf166196ec17""",2026-08-21T06:06:17.549725+00:00,PASS,,fundingRate,event
um,BTCUSDT,2020-12,https://data.binance.vision/data/futures/um/monthly/fundingRate/BTCUSDT/BTCUSDT-fundingRate-2020-12.zip,93,2020-12-01T00:00:00+00:00,2020-12-31T16:00:00.010000+00:00,d7390f90edf54cc4ad9bbe78e2f6b291ae06ad9539f591a2d0fce445873bbd63,d7390f90edf54cc4ad9bbe78e2f6b291ae06ad9539f591a2d0fce445873bbd63,852,2023-05-09T22:02:30.000Z,"""d147f0887a4377b63d138892af33c72e""",2026-08-21T06:06:17.538640+00:00,PASS,,fundingRate,event
um,BTCUSDT,2021-01,https://data.binance.vision/data/futures/um/monthly/fundingRate/BTCUSDT/BTCUSDT-fundingRate-2021-01.zip,93,2021-01-01T00:00:00.002000+00:00,2021-01-31T16:00:00+00:00,cff916dc4b638ec3de97828e8911cd91cf7d7a3d0836ec0175869c374e66823d,cff916dc4b638ec3de97828e8911cd91cf7d7a3d0836ec0175869c374e66823d,981,2023-05-09T22:02:30.000Z,"""db233904eb72336cbcf781550ed73b69""",2026-08-21T06:06:17.725219+00:00,PASS,,fundingRate,event
um,BTCUSDT,2021-02,https://data.binance.vision/data/futures/um/monthly/fundingRate/BTCUSDT/BTCUSDT-fundingRate-2021-02.zip,84,2021-02-01T00:00:00.001000+00:00,2021-02-28T16:00:00+00:00,819a7b107443686adb313fc5fc223302a29f3981e1d1bd9828ad0ade65a8a8af,819a7b107443686adb313fc5fc223302a29f3981e1d1bd9828ad0ade65a8a8af,956,2023-05-09T22:02:30.000Z,"""92d23ad4d881e47d75fcb54b7f01ea7e""",2026-08-21T06:06:17.736305+00:00,PASS,,fundingRate,event
um,BTCUSDT,2021-03,https://data.binance.vision/data/futures/um/monthly/fundingRate/BTCUSDT/BTCUSDT-fundingRate-2021-03.zip,93,2021-03-01T00:00:00+00:00,2021-03-31T16:00:00+00:00,2125fd300848938c7b992b8f7b7b5007d5b277a4ff1ebda7da083b40242729da,2125fd300848938c7b992b8f7b7b5007d5b277a4ff1ebda7da083b40242729da,918,2023-05-09T22:02:30.000Z,"""f37170002d128f8728490e28b19b89b4""",2026-08-21T06:06:17.898321+00:00,PASS,,fundingRate,event
um,BTCUSDT,2021-04,https://data.binance.vision/data/futures/um/monthly/fundingRate/BTCUSDT/BTCUSDT-fundingRate-2021-04.zip,90,2021-04-01T00:00:00.025000+00:00,2021-04-30T16:00:00.003000+00:00,9cd888e3b0a1954813d0062c2e60426fdc8e34a7f258f6838371ec67f535b028,9cd888e3b0a1954813d0062c2e60426fdc8e34a7f258f6838371ec67f535b028,914,2023-05-09T22:02:30.000Z,"""128d16abea0b41aad414082af26e8846""",2026-08-21T06:06:17.908317+00:00,PASS,,fundingRate,event
um,BTCUSDT,2021-05,https://data.binance.vision/data/futures/um/monthly/fundingRate/BTCUSDT/BTCUSDT-fundingRate-2021-05.zip,93,2021-05-01T00:00:00.002000+00:00,2021-05-31T16:00:00+00:00,ed934afb9cf84df6ecae742e755147333a84244836a66b51523abc66dd5f63af,ed934afb9cf84df6ecae742e755147333a84244836a66b51523abc66dd5f63af,960,2023-05-09T22:02:30.000Z,"""6ce65daa7a292bafa6d794a3d498f0f1""",2026-08-21T06:06:18.073901+00:00,PASS,,fundingRate,event
um,BTCUSDT,2021-06,https://data.binance.vision/data/futures/um/monthly/fundingRate/BTCUSDT/BTCUSDT-fundingRate-2021-06.zip,90,2021-06-01T00:00:00.001000+00:00,2021-06-30T16:00:00.005000+00:00,7b8d9bfb8816636b800764dafb2aa2307d19166c695bfa245adbf7d01d61f766,7b8d9bfb8816636b800764dafb2aa2307d19166c695bfa245adbf7d01d61f766,883,2023-05-09T22:02:30.000Z,"""e0e0fc219226b42d3af60361d1579033""",2026-08-21T06:06:18.098954+00:00,PASS,,fundingRate,event
um,BTCUSDT,2021-07,https://data.binance.vision/data/futures/um/monthly/fundingRate/BTCUSDT/BTCUSDT-fundingRate-2021-07.zip,93,2021-07-01T00:00:00+00:00,2021-07-31T16:00:00.003000+00:00,8ab3df641d3bcf40527491f8e26d046ad2b662d1950ead9555ad32975571b7fe,8ab3df641d3bcf40527491f8e26d046ad2b662d1950ead9555ad32975571b7fe,973,2023-05-09T22:02:30.000Z,"""b5d073bef3a65b44b2debe6b9893759c""",2026-08-21T06:06:18.321805+00:00,PASS,,fundingRate,event
um,BTCUSDT,2021-08,https://data.binance.vision/data/futures/um/monthly/fundingRate/BTCUSDT/BTCUSDT-fundingRate-2021-08.zip,93,2021-08-01T00:00:00.005000+00:00,2021-08-31T16:00:00.003000+00:00,7eb681cc45b94176f4b9192a62c3a1925d79031ba001cea2d8dec6ff6e5b9c35,7eb681cc45b94176f4b9192a62c3a1925d79031ba001cea2d8dec6ff6e5b9c35,781,2023-05-09T22:02:30.000Z,"""ee734dc1e7750bb837f163bc26f843ab""",2026-08-21T06:06:18.286001+00:00,PASS,,fundingRate,event
um,BTCUSDT,2021-09,https://data.binance.vision/data/futures/um/monthly/fundingRate/BTCUSDT/BTCUSDT-fundingRate-2021-09.zip,90,2021-09-01T00:00:00+00:00,2021-09-30T16:00:00.005000+00:00,03f25a7c25eef18d5f5b5b7bb0b664cab7a210b409f37e95a54e141808a0752d,03f25a7c25eef18d5f5b5b7bb0b664cab7a210b409f37e95a54e141808a0752d,828,2023-05-09T22:02:30.000Z,"""e90f650a485413eb4517c84233ab6b8f""",2026-08-21T06:06:18.551562+00:00,PASS,,fundingRate,event
um,BTCUSDT,2021-10,https://data.binance.vision/data/futures/um/monthly/fundingRate/BTCUSDT/BTCUSDT-fundingRate-2021-10.zip,93,2021-10-01T00:00:00.012000+00:00,2021-10-31T16:00:00.001000+00:00,f25820d6add687addbca3ef43bee58f70853a6da53832a0c1bc22d00dc8ec64a,f25820d6add687addbca3ef43bee58f70853a6da53832a0c1bc22d00dc8ec64a,951,2023-05-09T22:02:30.000Z,"""4cfcc79b8024fce2ee1c8b6014e4f63d""",2026-08-21T06:06:18.509731+00:00,PASS,,fundingRate,event
um,BTCUSDT,2021-11,https://data.binance.vision/data/futures/um/monthly/fundingRate/BTCUSDT/BTCUSDT-fundingRate-2021-11.zip,90,2021-11-01T00:00:00.009000+00:00,2021-11-30T16:00:00+00:00,e2e6b2d7218607e7e4a38137d50f553c2cfb901275c19edf567024c1cc6de85f,e2e6b2d7218607e7e4a38137d50f553c2cfb901275c19edf567024c1cc6de85f,919,2023-05-09T22:02:30.000Z,"""653b11fdf95b321d8d5aae680e0a82b6""",2026-08-21T06:06:18.754274+00:00,PASS,,fundingRate,event
um,BTCUSDT,2021-12,https://data.binance.vision/data/futures/um/monthly/fundingRate/BTCUSDT/BTCUSDT-fundingRate-2021-12.zip,93,2021-12-01T00:00:00+00:00,2021-12-31T16:00:00+00:00,bf3ce484faf41d7dccfd38c5cc3d8de34d8297df30ab10784e874cc10fd1b310,bf3ce484faf41d7dccfd38c5cc3d8de34d8297df30ab10784e874cc10fd1b310,815,2023-05-09T22:02:30.000Z,"""d47b947de3ddece15050501d0488df8a""",2026-08-21T06:06:18.726646+00:00,PASS,,fundingRate,event
um,BTCUSDT,2022-01,https://data.binance.vision/data/futures/um/monthly/fundingRate/BTCUSDT/BTCUSDT-fundingRate-2022-01.zip,93,2022-01-01T00:00:00.006000+00:00,2022-01-31T16:00:00+00:00,22ee19079b620f5c6d820e7d7f8bafa7fde866d89bd664863b8bd527749c12cb,22ee19079b620f5c6d820e7d7f8bafa7fde866d89bd664863b8bd527749c12cb,906,2023-05-09T22:02:30.000Z,"""fbb0f9edf41b98b1145d2c3890dbe36f""",2026-08-21T06:06:19.007938+00:00,PASS,,fundingRate,event
um,BTCUSDT,2022-02,https://data.binance.vision/data/futures/um/monthly/fundingRate/BTCUSDT/BTCUSDT-fundingRate-2022-02.zip,84,2022-02-01T00:00:00.010000+00:00,2022-02-28T16:00:00.002000+00:00,fa95088258a905c79ab79e8984d2f6f66933ec2e814dbab4ef9da89b01ab484a,fa95088258a905c79ab79e8984d2f6f66933ec2e814dbab4ef9da89b01ab484a,890,2023-05-09T22:02:30.000Z,"""a09a6d945778fdfc2db4939098bb8513""",2026-08-21T06:06:19.019937+00:00,PASS,,fundingRate,event
um,BTCUSDT,2022-03,https://data.binance.vision/data/futures/um/monthly/fundingRate/BTCUSDT/BTCUSDT-fundingRate-2022-03.zip,93,2022-03-01T00:00:00.002000+00:00,2022-03-31T16:00:00.015000+00:00,4cf0883bc07f4ed4cdd3b0d8c0d166b4d15d21e666ab752f9f44401af4d6172f,4cf0883bc07f4ed4cdd3b0d8c0d166b4d15d21e666ab752f9f44401af4d6172f,904,2023-05-09T22:02:30.000Z,"""321d2a7c33602bbb5c97db58b137681e""",2026-08-21T06:06:19.254106+00:00,PASS,,fundingRate,event
um,BTCUSDT,2022-04,https://data.binance.vision/data/futures/um/monthly/fundingRate/BTCUSDT/BTCUSDT-fundingRate-2022-04.zip,90,2022-04-01T00:00:00+00:00,2022-04-30T16:00:00.015000+00:00,57e2776cc68b3169fc9f8632dad67278f470cd453407a8ebe6c87963c8a31357,57e2776cc68b3169fc9f8632dad67278f470cd453407a8ebe6c87963c8a31357,926,2023-05-09T22:02:30.000Z,"""5c22112ce9723c0386cb70d3ffaa6d4a""",2026-08-21T06:06:19.279716+00:00,PASS,,fundingRate,event
um,BTCUSDT,2022-05,https://data.binance.vision/data/futures/um/monthly/fundingRate/BTCUSDT/BTCUSDT-fundingRate-2022-05.zip,93,2022-05-01T00:00:00+00:00,2022-05-31T16:00:00+00:00,bced8a5013d09742b96682e6fd01ad4456213515a03d7586ec2b1f2689af5255,bced8a5013d09742b96682e6fd01ad4456213515a03d7586ec2b1f2689af5255,915,2023-05-09T22:02:30.000Z,"""91a46dfff43db64abfd421413a4ce617""",2026-08-21T06:06:19.450283+00:00,PASS,,fundingRate,event
um,BTCUSDT,2022-06,https://data.binance.vision/data/futures/um/monthly/fundingRate/BTCUSDT/BTCUSDT-fundingRate-2022-06.zip,90,2022-06-01T00:00:00+00:00,2022-06-30T16:00:00+00:00,0cd0708f8903829eb46f98cf60f4b2516c986e1ccddf6620a5912b48e16baf93,0cd0708f8903829eb46f98cf60f4b2516c986e1ccddf6620a5912b48e16baf93,966,2023-05-09T22:02:30.000Z,"""72a7f42246beb162c2830dcd740143e7""",2026-08-21T06:06:19.610672+00:00,PASS,,fundingRate,event
um,BTCUSDT,2022-07,https://data.binance.vision/data/futures/um/monthly/fundingRate/BTCUSDT/BTCUSDT-fundingRate-2022-07.zip,93,2022-07-01T00:00:00.001000+00:00,2022-07-31T16:00:00.019000+00:00,29d58cce0cd45f74c6a112039835c6d9ee5a7e60e7c38c2503beb7930453a4fe,29d58cce0cd45f74c6a112039835c6d9ee5a7e60e7c38c2503beb7930453a4fe,917,2023-05-09T22:02:30.000Z,"""10c679138bf78e07087eccb4ade15e4b""",2026-08-21T06:06:19.637064+00:00,PASS,,fundingRate,event
um,BTCUSDT,2022-08,https://data.binance.vision/data/futures/um/monthly/fundingRate/BTCUSDT/BTCUSDT-fundingRate-2022-08.zip,93,2022-08-01T00:00:00.010000+00:00,2022-08-31T16:00:00.013000+00:00,6f4f0c6c84c05694b4b4a5c085776730fd4059723eecd98ee6ffeb3fde4da811,6f4f0c6c84c05694b4b4a5c085776730fd4059723eecd98ee6ffeb3fde4da811,997,2023-05-09T22:02:30.000Z,"""5705075459f37a06c3c5582c01feae84""",2026-08-21T06:06:19.775883+00:00,PASS,,fundingRate,event
um,BTCUSDT,2022-09,https://data.binance.vision/data/futures/um/monthly/fundingRate/BTCUSDT/BTCUSDT-fundingRate-2022-09.zip,90,2022-09-01T00:00:00.012000+00:00,2022-09-30T16:00:00.007000+00:00,d62cd4e13009de37add446dc4f63ead4c56dcc4955a1e60f6726bcadc5a68fa9,d62cd4e13009de37add446dc4f63ead4c56dcc4955a1e60f6726bcadc5a68fa9,960,2023-05-09T22:02:30.000Z,"""12c341a02a4b4fb8d0303e6c27de9533""",2026-08-21T06:06:19.905738+00:00,PASS,,fundingRate,event
um,BTCUSDT,2022-10,https://data.binance.vision/data/futures/um/monthly/fundingRate/BTCUSDT/BTCUSDT-fundingRate-2022-10.zip,93,2022-10-01T00:00:00.008000+00:00,2022-10-31T16:00:00.010000+00:00,ad9efed10d4ca1567b865d7a158790977cec1b925395634217069df6696c8bc9,ad9efed10d4ca1567b865d7a158790977cec1b925395634217069df6696c8bc9,950,2023-05-09T22:02:30.000Z,"""82547d0669e06479d981d405782adb9c""",2026-08-21T06:06:19.981370+00:00,PASS,,fundingRate,event
um,BTCUSDT,2022-11,https://data.binance.vision/data/futures/um/monthly/fundingRate/BTCUSDT/BTCUSDT-fundingRate-2022-11.zip,90,2022-11-01T00:00:00+00:00,2022-11-30T16:00:00.015000+00:00,8febe5bec1a029e993bbf27490761f8c47c32849bf7dd13441b2b2f6ec1ffb51,8febe5bec1a029e993bbf27490761f8c47c32849bf7dd13441b2b2f6ec1ffb51,1000,2023-05-09T22:02:30.000Z,"""9abc3d5d9289514800fac0144d1861cf""",2026-08-21T06:06:20.096430+00:00,PASS,,fundingRate,event
um,BTCUSDT,2022-12,https://data.binance.vision/data/futures/um/monthly/fundingRate/BTCUSDT/BTCUSDT-fundingRate-2022-12.zip,93,2022-12-01T00:00:00.001000+00:00,2022-12-31T16:00:00+00:00,4218c78331bcc4dbeb5768fa112242a880971c1f2cfd1d3f32aaa26ca34069af,4218c78331bcc4dbeb5768fa112242a880971c1f2cfd1d3f32aaa26ca34069af,982,2023-05-09T22:02:30.000Z,"""7a98ebd623f728f665c7223c9a7f7b1a""",2026-08-21T06:06:20.183500+00:00,PASS,,fundingRate,event
um,BTCUSDT,2023-01,https://data.binance.vision/data/futures/um/monthly/fundingRate/BTCUSDT/BTCUSDT-fundingRate-2023-01.zip,93,2023-01-01T00:00:00+00:00,2023-01-31T16:00:00.007000+00:00,05e3df32f28d0d50f4c5a280adee9368b4a66fc68c6ddca1b3277087ac0d19f5,05e3df32f28d0d50f4c5a280adee9368b4a66fc68c6ddca1b3277087ac0d19f5,863,2023-05-09T22:02:30.000Z,"""6a1b561c3f3d53416d950fdbe53fda63""",2026-08-21T06:06:20.298019+00:00,PASS,,fundingRate,event
um,BTCUSDT,2023-02,https://data.binance.vision/data/futures/um/monthly/fundingRate/BTCUSDT/BTCUSDT-fundingRate-2023-02.zip,84,2023-02-01T00:00:00.013000+00:00,2023-02-28T16:00:00.005000+00:00,5227accd9aaa59f71f5e682abffb58be5f99573ed208ab968b1704c81ac11345,5227accd9aaa59f71f5e682abffb58be5f99573ed208ab968b1704c81ac11345,808,2023-05-09T22:02:30.000Z,"""2c1caa962e91504a1b87bb1a5413dc89""",2026-08-21T06:06:20.416398+00:00,PASS,,fundingRate,event
um,BTCUSDT,2023-03,https://data.binance.vision/data/futures/um/monthly/fundingRate/BTCUSDT/BTCUSDT-fundingRate-2023-03.zip,93,2023-03-01T00:00:00.016000+00:00,2023-03-31T16:00:00.011000+00:00,ab022adff9b853d2f33cf80154e77c770f57c3392f0bbc36564b2e2cdbd0e872,ab022adff9b853d2f33cf80154e77c770f57c3392f0bbc36564b2e2cdbd0e872,956,2023-05-09T22:02:30.000Z,"""0fe48d6a28a29d46c7a86b04005c6f2c""",2026-08-21T06:06:20.497519+00:00,PASS,,fundingRate,event
um,BTCUSDT,2023-04,https://data.binance.vision/data/futures/um/monthly/fundingRate/BTCUSDT/BTCUSDT-fundingRate-2023-04.zip,90,2023-04-01T00:00:00+00:00,2023-04-30T16:00:00.010000+00:00,2931039d26818edc65d4faefba84945fd1ba52989dd58fb127dc3cd7a12c7fbf,2931039d26818edc65d4faefba84945fd1ba52989dd58fb127dc3cd7a12c7fbf,952,2023-05-25T10:12:32.000Z,"""1afc0e7a1f3790125ea57e90351d9c8a""",2026-08-21T06:06:20.611995+00:00,PASS,,fundingRate,event
um,BTCUSDT,2023-05,https://data.binance.vision/data/futures/um/monthly/fundingRate/BTCUSDT/BTCUSDT-fundingRate-2023-05.zip,93,2023-05-01T00:00:00.004000+00:00,2023-05-31T16:00:00+00:00,5d026fece46df86293054c8c56c2c8de575d30161b82979b11831831217a246e,5d026fece46df86293054c8c56c2c8de575d30161b82979b11831831217a246e,983,2023-06-17T09:59:46.000Z,"""c8c5dc538076006c8e0ddaa0a545b9a3""",2026-08-21T06:06:20.694662+00:00,PASS,,fundingRate,event
um,BTCUSDT,2023-06,https://data.binance.vision/data/futures/um/monthly/fundingRate/BTCUSDT/BTCUSDT-fundingRate-2023-06.zip,90,2023-06-01T00:00:00.008000+00:00,2023-06-30T16:00:00.001000+00:00,3ffdde6f1dc9c3c065d77ae43f3ba64d19d4cb76512d4bc1d541933d4fb2e6f7,3ffdde6f1dc9c3c065d77ae43f3ba64d19d4cb76512d4bc1d541933d4fb2e6f7,845,2023-07-17T10:34:42.000Z,"""d33f2379783b8bd2f6a0949c02660106""",2026-08-21T06:06:20.896535+00:00,PASS,,fundingRate,event
um,BTCUSDT,2023-07,https://data.binance.vision/data/futures/um/monthly/fundingRate/BTCUSDT/BTCUSDT-fundingRate-2023-07.zip,93,2023-07-01T00:00:00+00:00,2023-07-31T16:00:00.001000+00:00,0304baed9fd407293a8a8040b30a1b68bd344803b630d33530375b421733a930,0304baed9fd407293a8a8040b30a1b68bd344803b630d33530375b421733a930,861,2023-08-17T10:39:33.000Z,"""c23d6bcfbf7aafe622327ffc8484437b""",2026-08-21T06:06:20.910448+00:00,PASS,,fundingRate,event
um,BTCUSDT,2023-08,https://data.binance.vision/data/futures/um/monthly/fundingRate/BTCUSDT/BTCUSDT-fundingRate-2023-08.zip,93,2023-08-01T00:00:00+00:00,2023-08-31T16:00:00+00:00,516a8f50631c6ede6a9642f6d1590b6a22c33ba09935501d2ace8dc1396501fd,516a8f50631c6ede6a9642f6d1590b6a22c33ba09935501d2ace8dc1396501fd,846,2023-09-17T10:01:59.000Z,"""1280c13016487cc177428198c99d30ac""",2026-08-21T06:06:21.182099+00:00,PASS,,fundingRate,event
um,BTCUSDT,2023-09,https://data.binance.vision/data/futures/um/monthly/fundingRate/BTCUSDT/BTCUSDT-fundingRate-2023-09.zip,90,2023-09-01T00:00:00+00:00,2023-09-30T16:00:00+00:00,3fd9df6fd1eef33cf5fe625c27012359bc6d64a68c109305d7b44a0354f533c2,3fd9df6fd1eef33cf5fe625c27012359bc6d64a68c109305d7b44a0354f533c2,914,2023-10-17T10:55:27.000Z,"""bc2f306ec012d820826055d09b30d7bd""",2026-08-21T06:06:21.121878+00:00,PASS,,fundingRate,event
um,BTCUSDT,2023-10,https://data.binance.vision/data/futures/um/monthly/fundingRate/BTCUSDT/BTCUSDT-fundingRate-2023-10.zip,93,2023-10-01T00:00:00+00:00,2023-10-31T16:00:00+00:00,03105cc140150bffca834bcccbddc6cfee245e079d2df1759653243bd6e92448,03105cc140150bffca834bcccbddc6cfee245e079d2df1759653243bd6e92448,865,2023-11-18T13:17:48.000Z,"""a48ed86ae5519e54fbd6928a0f6b2644""",2026-08-21T06:06:21.303341+00:00,PASS,,fundingRate,event
um,BTCUSDT,2023-11,https://data.binance.vision/data/futures/um/monthly/fundingRate/BTCUSDT/BTCUSDT-fundingRate-2023-11.zip,90,2023-11-01T00:00:00+00:00,2023-11-30T16:00:00+00:00,8015d2997f8d5e757ff3707ee87800ca30a74da0129daa747b64117f07bcc186,8015d2997f8d5e757ff3707ee87800ca30a74da0129daa747b64117f07bcc186,696,2023-12-16T12:51:18.000Z,"""d4d7adcabd88d60d20fbbd9618bec66b""",2026-08-21T06:06:21.456347+00:00,PASS,,fundingRate,event
um,BTCUSDT,2023-12,https://data.binance.vision/data/futures/um/monthly/fundingRate/BTCUSDT/BTCUSDT-fundingRate-2023-12.zip,93,2023-12-01T00:00:00+00:00,2023-12-31T16:00:00+00:00,8f02fdd2a2da261bbf13ab301c74bdb57fae005f19d5088e9ece5f8824c1a2a7,8f02fdd2a2da261bbf13ab301c74bdb57fae005f19d5088e9ece5f8824c1a2a7,810,2024-01-19T02:29:23.000Z,"""5249206401c51f615ff847422fd04934""",2026-08-21T06:06:21.491053+00:00,PASS,,fundingRate,event
um,BTCUSDT,2024-01,https://data.binance.vision/data/futures/um/monthly/fundingRate/BTCUSDT/BTCUSDT-fundingRate-2024-01.zip,93,2024-01-01T00:00:00+00:00,2024-01-31T16:00:00+00:00,3e0d30870672aa8f0f937881056e3cfd55913ae5c780cd50b33f2763aa0ba58e,3e0d30870672aa8f0f937881056e3cfd55913ae5c780cd50b33f2763aa0ba58e,696,2024-02-17T14:53:07.000Z,"""282e0cccda862a3465a629f6b2c0b40b""",2026-08-21T06:06:21.661524+00:00,PASS,,fundingRate,event
um,BTCUSDT,2024-02,https://data.binance.vision/data/futures/um/monthly/fundingRate/BTCUSDT/BTCUSDT-fundingRate-2024-02.zip,87,2024-02-01T00:00:00+00:00,2024-02-29T16:00:00+00:00,daf1e4901e3d6436d82ad60f90d007eb5300be8047cfef121007203a7212cde6,daf1e4901e3d6436d82ad60f90d007eb5300be8047cfef121007203a7212cde6,776,2024-03-18T12:44:11.000Z,"""92ceb164681847114d8b0d33ab739f42""",2026-08-21T06:06:21.708737+00:00,PASS,,fundingRate,event
um,BTCUSDT,2024-03,https://data.binance.vision/data/futures/um/monthly/fundingRate/BTCUSDT/BTCUSDT-fundingRate-2024-03.zip,93,2024-03-01T00:00:00+00:00,2024-03-31T16:00:00.001000+00:00,711dcaf2a341aedfd06447b4117b540f60adb0784c5e64a313c718e4cf092bc3,711dcaf2a341aedfd06447b4117b540f60adb0784c5e64a313c718e4cf092bc3,939,2024-04-17T12:49:54.000Z,"""ab7de93c188422d7dbc0a9fff632575b""",2026-08-21T06:06:21.834437+00:00,PASS,,fundingRate,event
um,BTCUSDT,2024-04,https://data.binance.vision/data/futures/um/monthly/fundingRate/BTCUSDT/BTCUSDT-fundingRate-2024-04.zip,90,2024-04-01T00:00:00+00:00,2024-04-30T16:00:00+00:00,6d220b8e2815362a11d294d35dbca28568370d8295351937eceec10f2b359b85,6d220b8e2815362a11d294d35dbca28568370d8295351937eceec10f2b359b85,842,2024-05-16T14:36:04.000Z,"""a101d9a3affe71b49848f9c321c8f39a""",2026-08-21T06:06:21.980588+00:00,PASS,,fundingRate,event
um,BTCUSDT,2024-05,https://data.binance.vision/data/futures/um/monthly/fundingRate/BTCUSDT/BTCUSDT-fundingRate-2024-05.zip,93,2024-05-01T00:00:00+00:00,2024-05-31T16:00:00+00:00,aef8c5fdce1493fd570b5829a72f2f17c7e459483390f25544d16c2a30be592e,aef8c5fdce1493fd570b5829a72f2f17c7e459483390f25544d16c2a30be592e,830,2024-06-16T13:11:37.000Z,"""8a9d10b3e6de5580af139d96da9e7b47""",2026-08-21T06:06:22.008137+00:00,PASS,,fundingRate,event
um,BTCUSDT,2024-06,https://data.binance.vision/data/futures/um/monthly/fundingRate/BTCUSDT/BTCUSDT-fundingRate-2024-06.zip,90,2024-06-01T00:00:00+00:00,2024-06-30T16:00:00+00:00,43fc4473820d1fb4fe340d1b1951a87555f6841aa352e684fa95d6adffce04c6,43fc4473820d1fb4fe340d1b1951a87555f6841aa352e684fa95d6adffce04c6,721,2024-07-16T13:10:21.000Z,"""363a2bc8cdeb9616830a41f6c83948c1""",2026-08-21T06:06:22.177860+00:00,PASS,,fundingRate,event
um,BTCUSDT,2024-07,https://data.binance.vision/data/futures/um/monthly/fundingRate/BTCUSDT/BTCUSDT-fundingRate-2024-07.zip,93,2024-07-01T00:00:00+00:00,2024-07-31T16:00:00+00:00,acab0593c1452660ce74a6c239fb215c1192b0a9c6e8c1689e6495de40a0174b,acab0593c1452660ce74a6c239fb215c1192b0a9c6e8c1689e6495de40a0174b,847,2024-08-16T12:57:47.000Z,"""068702dc376babca91a75fd4380fc6f5""",2026-08-21T06:06:22.187861+00:00,PASS,,fundingRate,event
um,BTCUSDT,2024-08,https://data.binance.vision/data/futures/um/monthly/fundingRate/BTCUSDT/BTCUSDT-fundingRate-2024-08.zip,93,2024-08-01T00:00:00+00:00,2024-08-31T16:00:00+00:00,7003d29a43dd5f9357f838da8766834954939e22c1d80af682d9f33984f67b71,7003d29a43dd5f9357f838da8766834954939e22c1d80af682d9f33984f67b71,904,2024-09-16T13:09:57.000Z,"""11c65f0cfd2ec2c643c9dd6c5dfdf12a""",2026-08-21T06:06:22.373380+00:00,PASS,,fundingRate,event
um,BTCUSDT,2024-09,https://data.binance.vision/data/futures/um/monthly/fundingRate/BTCUSDT/BTCUSDT-fundingRate-2024-09.zip,90,2024-09-01T00:00:00+00:00,2024-09-30T16:00:00+00:00,6ef23b02392b481ef9c3855434bf3644289fb6e228b4f7d9a0dfc6d3cdff1116,6ef23b02392b481ef9c3855434bf3644289fb6e228b4f7d9a0dfc6d3cdff1116,924,2024-10-16T12:57:27.000Z,"""7c09155dbb8949acd63fcae86761d9f2""",2026-08-21T06:06:22.383379+00:00,PASS,,fundingRate,event
um,BTCUSDT,2024-10,https://data.binance.vision/data/futures/um/monthly/fundingRate/BTCUSDT/BTCUSDT-fundingRate-2024-10.zip,93,2024-10-01T00:00:00+00:00,2024-10-31T16:00:00+00:00,26db65ac8020d80ece35df79c254c5f7e24427529bcceeb2972748c4fe2d2707,26db65ac8020d80ece35df79c254c5f7e24427529bcceeb2972748c4fe2d2707,801,2024-11-21T20:50:52.000Z,"""e3935878eb156f45ef1ab5961eda1c4a""",2026-08-21T06:06:22.563402+00:00,PASS,,fundingRate,event
um,BTCUSDT,2024-11,https://data.binance.vision/data/futures/um/monthly/fundingRate/BTCUSDT/BTCUSDT-fundingRate-2024-11.zip,90,2024-11-01T00:00:00+00:00,2024-11-30T16:00:00+00:00,e1b19cccfe2cdcba48b022790789b7b01edd86c075f39bc152e44c267d43bd51,e1b19cccfe2cdcba48b022790789b7b01edd86c075f39bc152e44c267d43bd51,746,2024-12-17T12:45:32.000Z,"""485f8c0e395f480fb9a4a29afca75c41""",2026-08-21T06:06:22.594547+00:00,PASS,,fundingRate,event
um,BTCUSDT,2024-12,https://data.binance.vision/data/futures/um/monthly/fundingRate/BTCUSDT/BTCUSDT-fundingRate-2024-12.zip,93,2024-12-01T00:00:00+00:00,2024-12-31T16:00:00+00:00,069409f525ebf6370ee1c7defe475167de4b97284c5ac8e68768652968cd3dc9,069409f525ebf6370ee1c7defe475167de4b97284c5ac8e68768652968cd3dc9,808,2025-01-16T12:43:24.000Z,"""cb534034fc4b2c9e38b92d6bbce33473""",2026-08-21T06:06:22.742783+00:00,PASS,,fundingRate,event
um,BTCUSDT,2025-01,https://data.binance.vision/data/futures/um/monthly/fundingRate/BTCUSDT/BTCUSDT-fundingRate-2025-01.zip,93,2025-01-01T00:00:00.015000+00:00,2025-01-31T16:00:00+00:00,df725010d55458866eb5a47e9ee708c6796c9d7e77b14c38342cea11f381815e,df725010d55458866eb5a47e9ee708c6796c9d7e77b14c38342cea11f381815e,825,2025-02-16T12:52:38.000Z,"""4fd4114380875c1ea8a32019977f951a""",2026-08-21T06:06:22.822487+00:00,PASS,,fundingRate,event
um,BTCUSDT,2025-02,https://data.binance.vision/data/futures/um/monthly/fundingRate/BTCUSDT/BTCUSDT-fundingRate-2025-02.zip,84,2025-02-01T00:00:00+00:00,2025-02-28T16:00:00+00:00,e918b90fb33df3a3317feea13807a892047f1ec86eeac100bdb7b3dd83285d46,e918b90fb33df3a3317feea13807a892047f1ec86eeac100bdb7b3dd83285d46,854,2025-03-16T13:03:19.000Z,"""06bac48505803ab88917dcf439c81464""",2026-08-21T06:06:22.927752+00:00,PASS,,fundingRate,event
um,BTCUSDT,2025-03,https://data.binance.vision/data/futures/um/monthly/fundingRate/BTCUSDT/BTCUSDT-fundingRate-2025-03.zip,93,2025-03-01T00:00:00+00:00,2025-03-31T16:00:00+00:00,a3b95cfb315641fbfddc61eb32adf2a2588afb7a3973a61f464aca007ad43e3f,a3b95cfb315641fbfddc61eb32adf2a2588afb7a3973a61f464aca007ad43e3f,938,2025-04-17T12:53:37.000Z,"""7fe92c40b5bb2db05d4f56871373b552""",2026-08-21T06:06:23.000310+00:00,PASS,,fundingRate,event
um,BTCUSDT,2025-04,https://data.binance.vision/data/futures/um/monthly/fundingRate/BTCUSDT/BTCUSDT-fundingRate-2025-04.zip,90,2025-04-01T00:00:00+00:00,2025-04-30T16:00:00.003000+00:00,01dbb7bd0135f98bd63bdde6b943cde1accc1770cabf92f68a1ec0653ced3888,01dbb7bd0135f98bd63bdde6b943cde1accc1770cabf92f68a1ec0653ced3888,929,2025-05-16T12:59:26.000Z,"""4924be8de3d1cb5eb1a6b1091195a47d""",2026-08-21T06:06:23.173601+00:00,PASS,,fundingRate,event
um,BTCUSDT,2025-05,https://data.binance.vision/data/futures/um/monthly/fundingRate/BTCUSDT/BTCUSDT-fundingRate-2025-05.zip,93,2025-05-01T00:00:00+00:00,2025-05-31T16:00:00+00:00,e7355e2775b88009c984db1783bb8ed6b5f24ede2b52bb764151b5722d6a5e42,e7355e2775b88009c984db1783bb8ed6b5f24ede2b52bb764151b5722d6a5e42,943,2025-06-16T13:08:34.000Z,"""ec0f1cc8275534c3df5271e09ae8280b""",2026-08-21T06:06:23.223803+00:00,PASS,,fundingRate,event
um,BTCUSDT,2025-06,https://data.binance.vision/data/futures/um/monthly/fundingRate/BTCUSDT/BTCUSDT-fundingRate-2025-06.zip,90,2025-06-01T00:00:00.001000+00:00,2025-06-30T16:00:00.002000+00:00,a1f4a40953740fa83ee9ad97776ff8325d1958654a67f1325614071a983819d4,a1f4a40953740fa83ee9ad97776ff8325d1958654a67f1325614071a983819d4,946,2025-07-16T13:17:25.000Z,"""d611a86336a7a11159b456358423e953""",2026-08-21T06:06:23.410753+00:00,PASS,,fundingRate,event
um,BTCUSDT,2025-07,https://data.binance.vision/data/futures/um/monthly/fundingRate/BTCUSDT/BTCUSDT-fundingRate-2025-07.zip,93,2025-07-01T00:00:00.007000+00:00,2025-07-31T16:00:00+00:00,b097dff828f6e43fece23db0d3cb98042a9d7bc19693b8cbfd051d88eb973b7b,b097dff828f6e43fece23db0d3cb98042a9d7bc19693b8cbfd051d88eb973b7b,796,2025-08-01T07:47:26.000Z,"""965a3150a74cc2a67a36d645275f59d2""",2026-08-21T06:06:23.421754+00:00,PASS,,fundingRate,event
um,BTCUSDT,2025-08,https://data.binance.vision/data/futures/um/monthly/fundingRate/BTCUSDT/BTCUSDT-fundingRate-2025-08.zip,93,2025-08-01T00:00:00.001000+00:00,2025-08-31T16:00:00.001000+00:00,1180129860b6e196e8d70bb9719e81573aa6b4acb423ba5ee7f82f10c836f7ab,1180129860b6e196e8d70bb9719e81573aa6b4acb423ba5ee7f82f10c836f7ab,927,2025-09-01T07:48:10.000Z,"""8f3acfc0e4a1ca2f353e3d4556e01299""",2026-08-21T06:06:23.660317+00:00,PASS,,fundingRate,event
um,BTCUSDT,2025-09,https://data.binance.vision/data/futures/um/monthly/fundingRate/BTCUSDT/BTCUSDT-fundingRate-2025-09.zip,90,2025-09-01T00:00:00+00:00,2025-09-30T16:00:00+00:00,21dc6570fc6bffad0e7b5f9e99211b82ad07c95ab4f18c3a2daa3b95ec98344c,21dc6570fc6bffad0e7b5f9e99211b82ad07c95ab4f18c3a2daa3b95ec98344c,941,2025-10-01T07:43:22.000Z,"""9149d4ffa950f3a2796e34a3b8c0674b""",2026-08-21T06:06:23.599956+00:00,PASS,,fundingRate,event
um,BTCUSDT,2025-10,https://data.binance.vision/data/futures/um/monthly/fundingRate/BTCUSDT/BTCUSDT-fundingRate-2025-10.zip,93,2025-10-01T00:00:00+00:00,2025-10-31T16:00:00.007000+00:00,9ecdedab6344fc4cdb154763266b8e09627a71c3cc5574cf868158b541c259c2,9ecdedab6344fc4cdb154763266b8e09627a71c3cc5574cf868158b541c259c2,944,2025-11-01T09:42:52.000Z,"""b7eebc5fc208a60f36db5b8043e3c7fe""",2026-08-21T06:06:23.933202+00:00,PASS,,fundingRate,event
um,BTCUSDT,2025-11,https://data.binance.vision/data/futures/um/monthly/fundingRate/BTCUSDT/BTCUSDT-fundingRate-2025-11.zip,90,2025-11-01T00:00:00.001000+00:00,2025-11-30T16:00:00.004000+00:00,23735400405627d610123e3a43db3e98ae7addb93459cd670e65a7659a5f081b,23735400405627d610123e3a43db3e98ae7addb93459cd670e65a7659a5f081b,941,2025-12-01T08:20:49.000Z,"""696255cd15fb99b05a3000504c360fc8""",2026-08-21T06:06:23.944201+00:00,PASS,,fundingRate,event
um,BTCUSDT,2025-12,https://data.binance.vision/data/futures/um/monthly/fundingRate/BTCUSDT/BTCUSDT-fundingRate-2025-12.zip,93,2025-12-01T00:00:00+00:00,2025-12-31T16:00:00.001000+00:00,35318b789f020b0e04c9043112480743855554e52e1d188437cbdaa67246d51d,35318b789f020b0e04c9043112480743855554e52e1d188437cbdaa67246d51d,963,2026-01-01T08:04:00.000Z,"""25bcebe0c7e7b12e85286cad93fcbeed""",2026-08-21T06:06:24.183893+00:00,PASS,,fundingRate,event
um,BTCUSDT,2026-01,https://data.binance.vision/data/futures/um/monthly/fundingRate/BTCUSDT/BTCUSDT-fundingRate-2026-01.zip,93,2026-01-01T00:00:00.008000+00:00,2026-01-31T16:00:00.009000+00:00,fcdc796484f395830d418588a34a26baed8849dbef0ff2b56173247e493ff51f,fcdc796484f395830d418588a34a26baed8849dbef0ff2b56173247e493ff51f,965,2026-02-01T07:59:29.000Z,"""3ca7cc6a9cfc96513cc0f5c5ac410d87""",2026-08-21T06:06:24.253201+00:00,PASS,,fundingRate,event
um,BTCUSDT,2026-02,https://data.binance.vision/data/futures/um/monthly/fundingRate/BTCUSDT/BTCUSDT-fundingRate-2026-02.zip,84,2026-02-01T00:00:00.001000+00:00,2026-02-28T16:00:00.004000+00:00,80df1dd669dc1e3afc360c9da8b9a949a127fce088eedbf5bf708bd37b0a1f58,80df1dd669dc1e3afc360c9da8b9a949a127fce088eedbf5bf708bd37b0a1f58,937,2026-03-01T08:10:26.000Z,"""de51daacc364af0b53c88b3b97d849e1""",2026-08-21T06:06:24.367422+00:00,PASS,,fundingRate,event
um,BTCUSDT,2026-03,https://data.binance.vision/data/futures/um/monthly/fundingRate/BTCUSDT/BTCUSDT-fundingRate-2026-03.zip,93,2026-03-01T00:00:00.005000+00:00,2026-03-31T16:00:00+00:00,5c069d5e9597a44fd0e213395082e59ff223fb99c9eab3a2a5a2a5622ba7867c,5c069d5e9597a44fd0e213395082e59ff223fb99c9eab3a2a5a2a5622ba7867c,1008,2026-04-01T08:06:34.000Z,"""4e8579385efc17e554ecd4cd6a59ffe1""",2026-08-21T06:06:24.426296+00:00,PASS,,fundingRate,event
um,BTCUSDT,2026-04,https://data.binance.vision/data/futures/um/monthly/fundingRate/BTCUSDT/BTCUSDT-fundingRate-2026-04.zip,90,2026-04-01T00:00:00+00:00,2026-04-30T16:00:00+00:00,51cdeb4de7d5ef1d4eece80b6115e391bdf7a2d0803bf9ad8371ab23340b22d3,51cdeb4de7d5ef1d4eece80b6115e391bdf7a2d0803bf9ad8371ab23340b22d3,960,2026-05-01T08:16:04.000Z,"""8a874434916b7d035ab17d3d1f3a795f""",2026-08-21T06:06:24.641444+00:00,PASS,,fundingRate,event
um,BTCUSDT,2026-05,https://data.binance.vision/data/futures/um/monthly/fundingRate/BTCUSDT/BTCUSDT-fundingRate-2026-05.zip,93,2026-05-01T00:00:00+00:00,2026-05-31T16:00:00.004000+00:00,445b65fd6b17bfcfb5e4d035db29fad34f729fa078f0449024db42621be84e6e,445b65fd6b17bfcfb5e4d035db29fad34f729fa078f0449024db42621be84e6e,980,2026-06-01T08:47:56.000Z,"""031ce830558eb3dcc97944c494304b07""",2026-08-21T06:06:24.695565+00:00,PASS,,fundingRate,event
um,BTCUSDT,2026-06,https://data.binance.vision/data/futures/um/monthly/fundingRate/BTCUSDT/BTCUSDT-fundingRate-2026-06.zip,90,2026-06-01T00:00:00.001000+00:00,2026-06-30T16:00:00.005000+00:00,cff97ce688329592bccbbf5873b5c7021649e093f5f5806e332c5b4fb7fd6a00,cff97ce688329592bccbbf5873b5c7021649e093f5f5806e332c5b4fb7fd6a00,964,2026-07-01T09:42:05.000Z,"""2e52ce00e499b41e0604dedcdfade045""",2026-08-21T06:06:24.843947+00:00,PASS,,fundingRate,event
um,BTCUSDT,2026-07,https://data.binance.vision/data/futures/um/monthly/fundingRate/BTCUSDT/BTCUSDT-fundingRate-2026-07.zip,93,2026-07-01T00:00:00+00:00,2026-07-31T16:00:00+00:00,e36fcc66f493d7d9ec348c852fc22e9f318c79cf7adae17398a3994ae0adc41e,e36fcc66f493d7d9ec348c852fc22e9f318c79cf7adae17398a3994ae0adc41e,914,2026-08-01T08:09:06.000Z,"""49406c38fb0b470fed5627a37c217ac8""",2026-08-21T06:06:24.870699+00:00,PASS,,fundingRate,event
um,ETHUSDT,2020-01,https://data.binance.vision/data/futures/um/monthly/fundingRate/ETHUSDT/ETHUSDT-fundingRate-2020-01.zip,93,2020-01-01T00:00:00+00:00,2020-01-31T16:00:00+00:00,0ce8da3b2ee7eceb6616efa215a2a1b1aab7b5b04becebe73634a95ec0abfa90,0ce8da3b2ee7eceb6616efa215a2a1b1aab7b5b04becebe73634a95ec0abfa90,795,2023-05-09T22:02:43.000Z,"""5cfe16d432b150d7e223b6e15700c9d6""",2026-08-21T06:06:25.012315+00:00,PASS,,fundingRate,event
um,ETHUSDT,2020-02,https://data.binance.vision/data/futures/um/monthly/fundingRate/ETHUSDT/ETHUSDT-fundingRate-2020-02.zip,87,2020-02-01T00:00:00+00:00,2020-02-29T16:00:00+00:00,5a1de843dc3f098e86ca3c0979b38591d57d18664a1079588e61def93224fa06,5a1de843dc3f098e86ca3c0979b38591d57d18664a1079588e61def93224fa06,911,2023-05-09T22:02:43.000Z,"""94ce4f4c7059ebc72cfe41e279baf1ba""",2026-08-21T06:06:25.041657+00:00,PASS,,fundingRate,event
um,ETHUSDT,2020-03,https://data.binance.vision/data/futures/um/monthly/fundingRate/ETHUSDT/ETHUSDT-fundingRate-2020-03.zip,93,2020-03-01T00:00:00+00:00,2020-03-31T16:00:00.001000+00:00,0b9edb31ec6aedad0248d54e89b7ea5ff3cc4ab719519751db3de334caf54303,0b9edb31ec6aedad0248d54e89b7ea5ff3cc4ab719519751db3de334caf54303,785,2023-05-09T22:02:43.000Z,"""abb73a6146cc29e41717b5d9e26ec52f""",2026-08-21T06:06:25.276403+00:00,PASS,,fundingRate,event
um,ETHUSDT,2020-04,https://data.binance.vision/data/futures/um/monthly/fundingRate/ETHUSDT/ETHUSDT-fundingRate-2020-04.zip,90,2020-04-01T00:00:00.002000+00:00,2020-04-30T16:00:00+00:00,ce2208113358208182eaae41971fb5762e1794a04b4a606368416d08eea2d41b,ce2208113358208182eaae41971fb5762e1794a04b4a606368416d08eea2d41b,698,2023-05-09T22:02:43.000Z,"""0a365eee9215e3f6341fa8592be78305""",2026-08-21T06:06:25.219316+00:00,PASS,,fundingRate,event
um,ETHUSDT,2020-05,https://data.binance.vision/data/futures/um/monthly/fundingRate/ETHUSDT/ETHUSDT-fundingRate-2020-05.zip,93,2020-05-01T00:00:00+00:00,2020-05-31T16:00:00+00:00,77f5790ae26f95caee52b58317ee65d13b0eeb61f73d83482fd5d3aa153ab300,77f5790ae26f95caee52b58317ee65d13b0eeb61f73d83482fd5d3aa153ab300,769,2023-05-09T22:02:43.000Z,"""71b32f5d06455fc556b5997e958ab723""",2026-08-21T06:06:25.479147+00:00,PASS,,fundingRate,event
um,ETHUSDT,2020-06,https://data.binance.vision/data/futures/um/monthly/fundingRate/ETHUSDT/ETHUSDT-fundingRate-2020-06.zip,90,2020-06-01T00:00:00+00:00,2020-06-30T16:00:00.002000+00:00,2e6af078edbe3e0df30d12d0d381652949572ce514222a257efe1f4eb145dae0,2e6af078edbe3e0df30d12d0d381652949572ce514222a257efe1f4eb145dae0,700,2023-05-09T22:02:43.000Z,"""cd4474b22653545908511f7d743b0cb3""",2026-08-21T06:06:25.500881+00:00,PASS,,fundingRate,event
um,ETHUSDT,2020-07,https://data.binance.vision/data/futures/um/monthly/fundingRate/ETHUSDT/ETHUSDT-fundingRate-2020-07.zip,93,2020-07-01T00:00:00.002000+00:00,2020-07-31T16:00:00+00:00,1983ad90e1d1f98eefd2c23b9eb209d26e4e2efba2f4e8b5e662e8a7d563bc56,1983ad90e1d1f98eefd2c23b9eb209d26e4e2efba2f4e8b5e662e8a7d563bc56,774,2023-05-09T22:02:43.000Z,"""c1d5a591be687c1feb5f5b6ca044d700""",2026-08-21T06:06:25.686000+00:00,PASS,,fundingRate,event
um,ETHUSDT,2020-08,https://data.binance.vision/data/futures/um/monthly/fundingRate/ETHUSDT/ETHUSDT-fundingRate-2020-08.zip,93,2020-08-01T00:00:00.005000+00:00,2020-08-31T16:00:00.001000+00:00,d4e766270a078741387ba564103d285ad9a2c05c7e6df9ad0b03619248bb041f,d4e766270a078741387ba564103d285ad9a2c05c7e6df9ad0b03619248bb041f,918,2023-05-09T22:02:43.000Z,"""b75399cc2914f854d1f324e852608306""",2026-08-21T06:06:25.759592+00:00,PASS,,fundingRate,event
um,ETHUSDT,2020-09,https://data.binance.vision/data/futures/um/monthly/fundingRate/ETHUSDT/ETHUSDT-fundingRate-2020-09.zip,90,2020-09-01T00:00:00+00:00,2020-09-30T16:00:00+00:00,cdee5c299c22dda85a5d5449e19250f7bc66c0d52759f9de0a49cc233520510d,cdee5c299c22dda85a5d5449e19250f7bc66c0d52759f9de0a49cc233520510d,807,2023-05-09T22:02:43.000Z,"""952b2ce01255bc9d14bca0340f41e77e""",2026-08-21T06:06:25.902385+00:00,PASS,,fundingRate,event
um,ETHUSDT,2020-10,https://data.binance.vision/data/futures/um/monthly/fundingRate/ETHUSDT/ETHUSDT-fundingRate-2020-10.zip,93,2020-10-01T00:00:00+00:00,2020-10-31T16:00:00+00:00,47749a38b41b185d786af96bf41c796edf8ea517cf76d6d61402974c629e0239,47749a38b41b185d786af96bf41c796edf8ea517cf76d6d61402974c629e0239,852,2023-05-09T22:02:43.000Z,"""8fb20205a17315407aad2e9264692eed""",2026-08-21T06:06:25.962753+00:00,PASS,,fundingRate,event
um,ETHUSDT,2020-11,https://data.binance.vision/data/futures/um/monthly/fundingRate/ETHUSDT/ETHUSDT-fundingRate-2020-11.zip,90,2020-11-01T00:00:00+00:00,2020-11-30T16:00:00+00:00,9b02376eaa04be4ec2e201b492ef2a3c34dc61542492c715b5cea5dec5f01d36,9b02376eaa04be4ec2e201b492ef2a3c34dc61542492c715b5cea5dec5f01d36,889,2023-05-09T22:02:43.000Z,"""1d0d7824baf7b1c78b66928e7405e172""",2026-08-21T06:06:26.098083+00:00,PASS,,fundingRate,event
um,ETHUSDT,2020-12,https://data.binance.vision/data/futures/um/monthly/fundingRate/ETHUSDT/ETHUSDT-fundingRate-2020-12.zip,93,2020-12-01T00:00:00+00:00,2020-12-31T16:00:00.010000+00:00,f99267a3fef35dd201e76c8338be877fb52883376b4cd0acb890a1387de0b0d4,f99267a3fef35dd201e76c8338be877fb52883376b4cd0acb890a1387de0b0d4,901,2023-05-09T22:02:43.000Z,"""28c50c4a73d73e7f49c5c09b0dd86087""",2026-08-21T06:06:26.180410+00:00,PASS,,fundingRate,event
um,ETHUSDT,2021-01,https://data.binance.vision/data/futures/um/monthly/fundingRate/ETHUSDT/ETHUSDT-fundingRate-2021-01.zip,93,2021-01-01T00:00:00.002000+00:00,2021-01-31T16:00:00+00:00,4c18c1df8904dea9770aeba5326d26b3fa9a3ffac4891f5f7125d4be2da847c0,4c18c1df8904dea9770aeba5326d26b3fa9a3ffac4891f5f7125d4be2da847c0,1017,2023-05-09T22:02:43.000Z,"""bd4c8db7ed39bad5241352de4f836c41""",2026-08-21T06:06:26.296129+00:00,PASS,,fundingRate,event
um,ETHUSDT,2021-02,https://data.binance.vision/data/futures/um/monthly/fundingRate/ETHUSDT/ETHUSDT-fundingRate-2021-02.zip,84,2021-02-01T00:00:00.001000+00:00,2021-02-28T16:00:00+00:00,15e9a939f253a11fc1af2858bb3844f3d39019ccf7efa66a9456f0f60afba3dd,15e9a939f253a11fc1af2858bb3844f3d39019ccf7efa66a9456f0f60afba3dd,950,2023-05-09T22:02:43.000Z,"""dfe4f8af4fc7a2e33590c8b7263460a4""",2026-08-21T06:06:26.353371+00:00,PASS,,fundingRate,event
um,ETHUSDT,2021-03,https://data.binance.vision/data/futures/um/monthly/fundingRate/ETHUSDT/ETHUSDT-fundingRate-2021-03.zip,93,2021-03-01T00:00:00+00:00,2021-03-31T16:00:00+00:00,2bcaadc8206cb8d76a26f0f3cbf97020b747545b0e75c3dd8a3b195b435478a5,2bcaadc8206cb8d76a26f0f3cbf97020b747545b0e75c3dd8a3b195b435478a5,997,2023-05-09T22:02:43.000Z,"""5c4891da43e52b7801d9d1e345b20b85""",2026-08-21T06:06:26.516912+00:00,PASS,,fundingRate,event
um,ETHUSDT,2021-04,https://data.binance.vision/data/futures/um/monthly/fundingRate/ETHUSDT/ETHUSDT-fundingRate-2021-04.zip,90,2021-04-01T00:00:00.025000+00:00,2021-04-30T16:00:00.003000+00:00,2fee34e8b9b6e828d01bab0df1c67104f7a98f3c063668c8db627b802ffa5a95,2fee34e8b9b6e828d01bab0df1c67104f7a98f3c063668c8db627b802ffa5a95,954,2023-05-09T22:02:43.000Z,"""aa18fba423eed19eac0e037021ad2d52""",2026-08-21T06:06:26.545242+00:00,PASS,,fundingRate,event
um,ETHUSDT,2021-05,https://data.binance.vision/data/futures/um/monthly/fundingRate/ETHUSDT/ETHUSDT-fundingRate-2021-05.zip,93,2021-05-01T00:00:00.002000+00:00,2021-05-31T16:00:00+00:00,21809ef6691a1441bd55ba4af4494a038d1a399ae0ae432e80cb41b47d71f3bd,21809ef6691a1441bd55ba4af4494a038d1a399ae0ae432e80cb41b47d71f3bd,913,2023-05-09T22:02:43.000Z,"""a4b9eeaa5f9641ba12b4c39aa5bb0eb9""",2026-08-21T06:06:26.735305+00:00,PASS,,fundingRate,event
um,ETHUSDT,2021-06,https://data.binance.vision/data/futures/um/monthly/fundingRate/ETHUSDT/ETHUSDT-fundingRate-2021-06.zip,90,2021-06-01T00:00:00.001000+00:00,2021-06-30T16:00:00.005000+00:00,8e58ccf8f52c69c55754492daafadab92d4ca8c8bd027f4532582d06e9f36063,8e58ccf8f52c69c55754492daafadab92d4ca8c8bd027f4532582d06e9f36063,827,2023-05-09T22:02:43.000Z,"""cc1add31e9ddf1a04d9ba30f7d56983c""",2026-08-21T06:06:26.763959+00:00,PASS,,fundingRate,event
um,ETHUSDT,2021-07,https://data.binance.vision/data/futures/um/monthly/fundingRate/ETHUSDT/ETHUSDT-fundingRate-2021-07.zip,93,2021-07-01T00:00:00+00:00,2021-07-31T16:00:00.003000+00:00,f8f538bedf642052e428cd25f3134784de6e62a136e76f6a07ea6e79dfc9c39d,f8f538bedf642052e428cd25f3134784de6e62a136e76f6a07ea6e79dfc9c39d,892,2023-05-09T22:02:43.000Z,"""869deb0200fc630f3d914bfb2774de62""",2026-08-21T06:06:26.924538+00:00,PASS,,fundingRate,event
um,ETHUSDT,2021-08,https://data.binance.vision/data/futures/um/monthly/fundingRate/ETHUSDT/ETHUSDT-fundingRate-2021-08.zip,93,2021-08-01T00:00:00.005000+00:00,2021-08-31T16:00:00.003000+00:00,0120b284bde23d077e1e26e5e4b56fd3e2d1d82a3a7fe0e9de26825b9fc9c0db,0120b284bde23d077e1e26e5e4b56fd3e2d1d82a3a7fe0e9de26825b9fc9c0db,857,2023-05-09T22:02:43.000Z,"""3e7135494dd7338996796e3b54285a6c""",2026-08-21T06:06:26.950805+00:00,PASS,,fundingRate,event
um,ETHUSDT,2021-09,https://data.binance.vision/data/futures/um/monthly/fundingRate/ETHUSDT/ETHUSDT-fundingRate-2021-09.zip,90,2021-09-01T00:00:00+00:00,2021-09-30T16:00:00.005000+00:00,4b4a94cdafbb8fea7762c266aa79b183700b7c9dcf7e981f7fdbe9372f2eec66,4b4a94cdafbb8fea7762c266aa79b183700b7c9dcf7e981f7fdbe9372f2eec66,826,2023-05-09T22:02:43.000Z,"""67eaef8668392d8f19d6703707f8a528""",2026-08-21T06:06:27.099236+00:00,PASS,,fundingRate,event
um,ETHUSDT,2021-10,https://data.binance.vision/data/futures/um/monthly/fundingRate/ETHUSDT/ETHUSDT-fundingRate-2021-10.zip,93,2021-10-01T00:00:00.012000+00:00,2021-10-31T16:00:00.001000+00:00,4dfb8698f6951b2c66229e1c687977eae0778bb703d6268232da2ceb3e9b5e6d,4dfb8698f6951b2c66229e1c687977eae0778bb703d6268232da2ceb3e9b5e6d,935,2023-05-09T22:02:43.000Z,"""09baeb59bfa98d4f1ef83af9e6fe56b5""",2026-08-21T06:06:27.141883+00:00,PASS,,fundingRate,event
um,ETHUSDT,2021-11,https://data.binance.vision/data/futures/um/monthly/fundingRate/ETHUSDT/ETHUSDT-fundingRate-2021-11.zip,90,2021-11-01T00:00:00.009000+00:00,2021-11-30T16:00:00+00:00,d9a7e22a237717f23d4b0505f14613359b7ea7831b23a78653a891cbbe3d521c,d9a7e22a237717f23d4b0505f14613359b7ea7831b23a78653a891cbbe3d521c,838,2023-05-09T22:02:43.000Z,"""2d2022074d99086dd88bc413d0cc4b12""",2026-08-21T06:06:27.293146+00:00,PASS,,fundingRate,event
um,ETHUSDT,2021-12,https://data.binance.vision/data/futures/um/monthly/fundingRate/ETHUSDT/ETHUSDT-fundingRate-2021-12.zip,93,2021-12-01T00:00:00+00:00,2021-12-31T16:00:00+00:00,788d5c57e7cbc8e6b94ed4d7672618a85311edf1d7f0888083410d0d3389d811,788d5c57e7cbc8e6b94ed4d7672618a85311edf1d7f0888083410d0d3389d811,806,2023-05-09T22:02:43.000Z,"""c3735770bf1acede06e7f48d8b59cba1""",2026-08-21T06:06:27.341793+00:00,PASS,,fundingRate,event
um,ETHUSDT,2022-01,https://data.binance.vision/data/futures/um/monthly/fundingRate/ETHUSDT/ETHUSDT-fundingRate-2022-01.zip,93,2022-01-01T00:00:00.006000+00:00,2022-01-31T16:00:00+00:00,9f5bd01450b05a8c5e48cdc99fa147e85c82ecf7ee7919fa543a4e6039a2b98d,9f5bd01450b05a8c5e48cdc99fa147e85c82ecf7ee7919fa543a4e6039a2b98d,950,2023-05-09T22:02:43.000Z,"""d3e014250aec8ee23763392ede8f8517""",2026-08-21T06:06:27.486126+00:00,PASS,,fundingRate,event
um,ETHUSDT,2022-02,https://data.binance.vision/data/futures/um/monthly/fundingRate/ETHUSDT/ETHUSDT-fundingRate-2022-02.zip,84,2022-02-01T00:00:00.010000+00:00,2022-02-28T16:00:00.002000+00:00,9c35e30327ac8915cc1333415b7d5018425781c81918e349d26b734525fcdfe5,9c35e30327ac8915cc1333415b7d5018425781c81918e349d26b734525fcdfe5,898,2023-05-09T22:02:43.000Z,"""e43578d9fbec48eab695d4697b41a68b""",2026-08-21T06:06:27.583857+00:00,PASS,,fundingRate,event
um,ETHUSDT,2022-03,https://data.binance.vision/data/futures/um/monthly/fundingRate/ETHUSDT/ETHUSDT-fundingRate-2022-03.zip,93,2022-03-01T00:00:00.002000+00:00,2022-03-31T16:00:00.015000+00:00,3de0714a2b2582029b32147815298b6e67e972e776ca3f68a4208823b4109404,3de0714a2b2582029b32147815298b6e67e972e776ca3f68a4208823b4109404,866,2023-05-09T22:02:43.000Z,"""a46dda65651ac242f9804d2fd2f77fe9""",2026-08-21T06:06:27.661431+00:00,PASS,,fundingRate,event
um,ETHUSDT,2022-04,https://data.binance.vision/data/futures/um/monthly/fundingRate/ETHUSDT/ETHUSDT-fundingRate-2022-04.zip,90,2022-04-01T00:00:00+00:00,2022-04-30T16:00:00.015000+00:00,7c306ac8b6275a857b064916080e0b6ec502b25a4501c84c3fd2c0b077425de3,7c306ac8b6275a857b064916080e0b6ec502b25a4501c84c3fd2c0b077425de3,941,2023-05-09T22:02:43.000Z,"""d9ca1b65f3aa31a8aa622ed201b132f2""",2026-08-21T06:06:27.837387+00:00,PASS,,fundingRate,event
um,ETHUSDT,2022-05,https://data.binance.vision/data/futures/um/monthly/fundingRate/ETHUSDT/ETHUSDT-fundingRate-2022-05.zip,93,2022-05-01T00:00:00+00:00,2022-05-31T16:00:00+00:00,c458330243c9d8e048ffc7168c9e3c077c01bb82b1644097a4893fee34069b78,c458330243c9d8e048ffc7168c9e3c077c01bb82b1644097a4893fee34069b78,972,2023-05-09T22:02:43.000Z,"""37ce5af00fa5bfb7f5da13903079248c""",2026-08-21T06:06:27.871013+00:00,PASS,,fundingRate,event
um,ETHUSDT,2022-06,https://data.binance.vision/data/futures/um/monthly/fundingRate/ETHUSDT/ETHUSDT-fundingRate-2022-06.zip,90,2022-06-01T00:00:00+00:00,2022-06-30T16:00:00+00:00,f6f3a69b656b91500b41501a230e663ccc3c1a65f46273595b00682d8f6fabb1,f6f3a69b656b91500b41501a230e663ccc3c1a65f46273595b00682d8f6fabb1,980,2023-05-09T22:02:43.000Z,"""607b1dc1a3428a05bcde1564d3153b99""",2026-08-21T06:06:28.015159+00:00,PASS,,fundingRate,event
um,ETHUSDT,2022-07,https://data.binance.vision/data/futures/um/monthly/fundingRate/ETHUSDT/ETHUSDT-fundingRate-2022-07.zip,93,2022-07-01T00:00:00.001000+00:00,2022-07-31T16:00:00.019000+00:00,17826e5591af8660a7fed74d60e24eee77c822cf0d901dd8af355a10a36699aa,17826e5591af8660a7fed74d60e24eee77c822cf0d901dd8af355a10a36699aa,953,2023-05-09T22:02:43.000Z,"""aafac937adaf417bc71eca4fd47af4ae""",2026-08-21T06:06:28.048248+00:00,PASS,,fundingRate,event
um,ETHUSDT,2022-08,https://data.binance.vision/data/futures/um/monthly/fundingRate/ETHUSDT/ETHUSDT-fundingRate-2022-08.zip,93,2022-08-01T00:00:00.010000+00:00,2022-08-31T16:00:00.013000+00:00,a2680549de5e087566f4d323b3a812c2b9863528c6bc49b0e551cb42c381bb4d,a2680549de5e087566f4d323b3a812c2b9863528c6bc49b0e551cb42c381bb4d,1000,2023-05-09T22:02:43.000Z,"""feca06f623d99afb5d005bb775b3005b""",2026-08-21T06:06:28.247132+00:00,PASS,,fundingRate,event
um,ETHUSDT,2022-09,https://data.binance.vision/data/futures/um/monthly/fundingRate/ETHUSDT/ETHUSDT-fundingRate-2022-09.zip,90,2022-09-01T00:00:00.012000+00:00,2022-09-30T16:00:00.007000+00:00,816e4de946d9f854cc457c86ca396b9cb49b46e80cf44941b59b9ad2124f2ef8,816e4de946d9f854cc457c86ca396b9cb49b46e80cf44941b59b9ad2124f2ef8,1016,2023-05-09T22:02:43.000Z,"""6e17935fe6099af0fb2e20efb29419f3""",2026-08-21T06:06:28.294600+00:00,PASS,,fundingRate,event
um,ETHUSDT,2022-10,https://data.binance.vision/data/futures/um/monthly/fundingRate/ETHUSDT/ETHUSDT-fundingRate-2022-10.zip,93,2022-10-01T00:00:00.008000+00:00,2022-10-31T16:00:00.010000+00:00,e434c29eb544cc57ff574e38685535bb7d04703aee54bc5d52f53cea372810e6,e434c29eb544cc57ff574e38685535bb7d04703aee54bc5d52f53cea372810e6,1004,2023-05-09T22:02:43.000Z,"""a0898e2e620fc6570db828b9ef9f44d4""",2026-08-21T06:06:28.427065+00:00,PASS,,fundingRate,event
um,ETHUSDT,2022-11,https://data.binance.vision/data/futures/um/monthly/fundingRate/ETHUSDT/ETHUSDT-fundingRate-2022-11.zip,90,2022-11-01T00:00:00+00:00,2022-11-30T16:00:00.015000+00:00,4f4e52f176f69e99353959d287874a4d4a135b5bb4ea85514dd5a3e65958b2d7,4f4e52f176f69e99353959d287874a4d4a135b5bb4ea85514dd5a3e65958b2d7,987,2023-05-09T22:02:43.000Z,"""cc85fedb326c32048f77ceeb1254904e""",2026-08-21T06:06:28.542048+00:00,PASS,,fundingRate,event
um,ETHUSDT,2022-12,https://data.binance.vision/data/futures/um/monthly/fundingRate/ETHUSDT/ETHUSDT-fundingRate-2022-12.zip,93,2022-12-01T00:00:00.001000+00:00,2022-12-31T16:00:00+00:00,8cd0e885d63b85ee602d80eaae956f9ee3e0e25db264eb5c74026a9ae0d71f4e,8cd0e885d63b85ee602d80eaae956f9ee3e0e25db264eb5c74026a9ae0d71f4e,964,2023-05-09T22:02:43.000Z,"""8231fb5871b106c1057fc0c7aa309fe4""",2026-08-21T06:06:28.616905+00:00,PASS,,fundingRate,event
um,ETHUSDT,2023-01,https://data.binance.vision/data/futures/um/monthly/fundingRate/ETHUSDT/ETHUSDT-fundingRate-2023-01.zip,93,2023-01-01T00:00:00+00:00,2023-01-31T16:00:00.007000+00:00,5647d5978092d220eb14e11c7854d86815d0eb6204197e37b4808cc599e986f3,5647d5978092d220eb14e11c7854d86815d0eb6204197e37b4808cc599e986f3,819,2023-05-09T22:02:43.000Z,"""1925a8c330ed56b73ed7110607f47688""",2026-08-21T06:06:28.765726+00:00,PASS,,fundingRate,event
um,ETHUSDT,2023-02,https://data.binance.vision/data/futures/um/monthly/fundingRate/ETHUSDT/ETHUSDT-fundingRate-2023-02.zip,84,2023-02-01T00:00:00.013000+00:00,2023-02-28T16:00:00.005000+00:00,7da37820c15fb08600ae668551d0b724326b8f71d761582990721059280a221b,7da37820c15fb08600ae668551d0b724326b8f71d761582990721059280a221b,821,2023-05-09T22:02:43.000Z,"""d52f7a052632e3a94e70f46128b73c11""",2026-08-21T06:06:28.875592+00:00,PASS,,fundingRate,event
um,ETHUSDT,2023-03,https://data.binance.vision/data/futures/um/monthly/fundingRate/ETHUSDT/ETHUSDT-fundingRate-2023-03.zip,93,2023-03-01T00:00:00.016000+00:00,2023-03-31T16:00:00.011000+00:00,5110b60cbbc5f26048ce02575c26444ea2ed497baed9a5609e118359e1ca3b51,5110b60cbbc5f26048ce02575c26444ea2ed497baed9a5609e118359e1ca3b51,963,2023-05-09T22:02:43.000Z,"""e469a69db059d326219dd1ca10e73e60""",2026-08-21T06:06:29.034503+00:00,PASS,,fundingRate,event
um,ETHUSDT,2023-04,https://data.binance.vision/data/futures/um/monthly/fundingRate/ETHUSDT/ETHUSDT-fundingRate-2023-04.zip,90,2023-04-01T00:00:00+00:00,2023-04-30T16:00:00.010000+00:00,fa3a3cf7c3b8285687ae8c8014eed8bc58ad3ceb33ccb62ff4298048213c0e6c,fa3a3cf7c3b8285687ae8c8014eed8bc58ad3ceb33ccb62ff4298048213c0e6c,945,2023-05-25T10:12:32.000Z,"""ee1338afb12d77cccfb66ed7153de0c1""",2026-08-21T06:06:29.074863+00:00,PASS,,fundingRate,event
um,ETHUSDT,2023-05,https://data.binance.vision/data/futures/um/monthly/fundingRate/ETHUSDT/ETHUSDT-fundingRate-2023-05.zip,93,2023-05-01T00:00:00.004000+00:00,2023-05-31T16:00:00+00:00,bf890ea68d979942ed296b058390eb98b0b495547fee2117d3b76d5e7f629b24,bf890ea68d979942ed296b058390eb98b0b495547fee2117d3b76d5e7f629b24,990,2023-06-17T09:59:47.000Z,"""d305021c5fc1d7c75f1322af40bfdb74""",2026-08-21T06:06:29.259660+00:00,PASS,,fundingRate,event
um,ETHUSDT,2023-06,https://data.binance.vision/data/futures/um/monthly/fundingRate/ETHUSDT/ETHUSDT-fundingRate-2023-06.zip,90,2023-06-01T00:00:00.008000+00:00,2023-06-30T16:00:00.001000+00:00,b3ddac1309f9a684f4e811776a6c09fb2239bb8d1ae0ff4bd342a1c32a5e171f,b3ddac1309f9a684f4e811776a6c09fb2239bb8d1ae0ff4bd342a1c32a5e171f,888,2023-07-17T10:34:43.000Z,"""e932efcdfeaf69c8f1cbb43a99f14ce4""",2026-08-21T06:06:29.338278+00:00,PASS,,fundingRate,event
um,ETHUSDT,2023-07,https://data.binance.vision/data/futures/um/monthly/fundingRate/ETHUSDT/ETHUSDT-fundingRate-2023-07.zip,93,2023-07-01T00:00:00+00:00,2023-07-31T16:00:00.001000+00:00,82577976d8acd886fda84179ee38c9e7ef445732c3b6a062d6ffd2a9e3cc30bf,82577976d8acd886fda84179ee38c9e7ef445732c3b6a062d6ffd2a9e3cc30bf,861,2023-08-17T10:39:34.000Z,"""60c14e8f19b8ab3a44d2802df1d0cedb""",2026-08-21T06:06:29.445454+00:00,PASS,,fundingRate,event
um,ETHUSDT,2023-08,https://data.binance.vision/data/futures/um/monthly/fundingRate/ETHUSDT/ETHUSDT-fundingRate-2023-08.zip,93,2023-08-01T00:00:00+00:00,2023-08-31T16:00:00+00:00,cf749429c366cef3302a804b3e702937e5f1a77aeddc5b628dca7da547a8935a,cf749429c366cef3302a804b3e702937e5f1a77aeddc5b628dca7da547a8935a,897,2023-09-17T10:02:00.000Z,"""b73b02e9a2a6416ad0537aac4bf85ee7""",2026-08-21T06:06:29.596476+00:00,PASS,,fundingRate,event
um,ETHUSDT,2023-09,https://data.binance.vision/data/futures/um/monthly/fundingRate/ETHUSDT/ETHUSDT-fundingRate-2023-09.zip,90,2023-09-01T00:00:00+00:00,2023-09-30T16:00:00+00:00,41ac7eb67a46d14d97daec4c37e8229df5ac6b165639ad4b2c54bc7374930341,41ac7eb67a46d14d97daec4c37e8229df5ac6b165639ad4b2c54bc7374930341,902,2023-10-17T10:55:27.000Z,"""749b4d88e0bc5c538ce18eedca754df6""",2026-08-21T06:06:29.631409+00:00,PASS,,fundingRate,event
um,ETHUSDT,2023-10,https://data.binance.vision/data/futures/um/monthly/fundingRate/ETHUSDT/ETHUSDT-fundingRate-2023-10.zip,93,2023-10-01T00:00:00+00:00,2023-10-31T16:00:00+00:00,ccaf4474f0dc94adedd4330c14995f338186caa2cc9fd0d2e2c55f74cf263a5c,ccaf4474f0dc94adedd4330c14995f338186caa2cc9fd0d2e2c55f74cf263a5c,849,2023-11-18T13:17:49.000Z,"""d19cf589ca536cc4ccf7c98af0dbf350""",2026-08-21T06:06:29.865145+00:00,PASS,,fundingRate,event
um,ETHUSDT,2023-11,https://data.binance.vision/data/futures/um/monthly/fundingRate/ETHUSDT/ETHUSDT-fundingRate-2023-11.zip,90,2023-11-01T00:00:00+00:00,2023-11-30T16:00:00+00:00,153ec1450eb5d999ce253e2c7ca2e81b79a523ff52dd18b14faefab8212b999b,153ec1450eb5d999ce253e2c7ca2e81b79a523ff52dd18b14faefab8212b999b,699,2023-12-16T12:51:19.000Z,"""b9743c7a81a8490f265469d04293e1eb""",2026-08-21T06:06:29.797633+00:00,PASS,,fundingRate,event
um,ETHUSDT,2023-12,https://data.binance.vision/data/futures/um/monthly/fundingRate/ETHUSDT/ETHUSDT-fundingRate-2023-12.zip,93,2023-12-01T00:00:00+00:00,2023-12-31T16:00:00+00:00,91bdf41566cebb86c6f0e3646b0037de9c22e14ee2f592c5722c7e4a19c91119,91bdf41566cebb86c6f0e3646b0037de9c22e14ee2f592c5722c7e4a19c91119,801,2024-01-19T02:29:24.000Z,"""f627fbd6d0e9eed9d66ab0a60a31aca3""",2026-08-21T06:06:30.000545+00:00,PASS,,fundingRate,event
um,ETHUSDT,2024-01,https://data.binance.vision/data/futures/um/monthly/fundingRate/ETHUSDT/ETHUSDT-fundingRate-2024-01.zip,93,2024-01-01T00:00:00+00:00,2024-01-31T16:00:00+00:00,5a71469b0b363886df904e784dddefc484dd943334b1fb7454713ce4ed715a4b,5a71469b0b363886df904e784dddefc484dd943334b1fb7454713ce4ed715a4b,685,2024-02-17T14:53:07.000Z,"""236e2e172c3ed60247ec9d547a7068aa""",2026-08-21T06:06:30.127801+00:00,PASS,,fundingRate,event
um,ETHUSDT,2024-02,https://data.binance.vision/data/futures/um/monthly/fundingRate/ETHUSDT/ETHUSDT-fundingRate-2024-02.zip,87,2024-02-01T00:00:00+00:00,2024-02-29T16:00:00+00:00,915fad950c48935f3875d88992b8d78290bc8a6fada44408e3ed14aef9a56670,915fad950c48935f3875d88992b8d78290bc8a6fada44408e3ed14aef9a56670,770,2024-03-18T12:44:11.000Z,"""0b59384843691c4ae1fdec3e29f831c7""",2026-08-21T06:06:30.223002+00:00,PASS,,fundingRate,event
um,ETHUSDT,2024-03,https://data.binance.vision/data/futures/um/monthly/fundingRate/ETHUSDT/ETHUSDT-fundingRate-2024-03.zip,93,2024-03-01T00:00:00+00:00,2024-03-31T16:00:00.001000+00:00,e9c1d0f3e7e3b493277c7f826afb223482d56bdc7611144d398ac10e47307907,e9c1d0f3e7e3b493277c7f826afb223482d56bdc7611144d398ac10e47307907,941,2024-04-17T12:49:55.000Z,"""4d9c60ea21e9aa09d9bbc8d529785800""",2026-08-21T06:06:30.340011+00:00,PASS,,fundingRate,event
um,ETHUSDT,2024-04,https://data.binance.vision/data/futures/um/monthly/fundingRate/ETHUSDT/ETHUSDT-fundingRate-2024-04.zip,90,2024-04-01T00:00:00+00:00,2024-04-30T16:00:00+00:00,b54c9f05af116ccd921b32b25960ae26954c4983992d44f2390bf1de08b2c724,b54c9f05af116ccd921b32b25960ae26954c4983992d44f2390bf1de08b2c724,834,2024-05-16T14:36:05.000Z,"""b8d5f037c41afab1d17fb00d1ce3ae03""",2026-08-21T06:06:30.402022+00:00,PASS,,fundingRate,event
um,ETHUSDT,2024-05,https://data.binance.vision/data/futures/um/monthly/fundingRate/ETHUSDT/ETHUSDT-fundingRate-2024-05.zip,93,2024-05-01T00:00:00+00:00,2024-05-31T16:00:00+00:00,8350ab4d61b12ec61539611e30809039f54814213bc4c937609360b1ff28b5e0,8350ab4d61b12ec61539611e30809039f54814213bc4c937609360b1ff28b5e0,836,2024-06-16T13:11:37.000Z,"""3289a832eb45ea611e72cd12e821a422""",2026-08-21T06:06:30.508269+00:00,PASS,,fundingRate,event
um,ETHUSDT,2024-06,https://data.binance.vision/data/futures/um/monthly/fundingRate/ETHUSDT/ETHUSDT-fundingRate-2024-06.zip,90,2024-06-01T00:00:00+00:00,2024-06-30T16:00:00+00:00,def13f4a478c28b0111fb24c57f95fcee80e71982ed74f12e465d20d328e2275,def13f4a478c28b0111fb24c57f95fcee80e71982ed74f12e465d20d328e2275,758,2024-07-16T13:10:21.000Z,"""bc3e9a80fb12c23238c3f72a8d0301e7""",2026-08-21T06:06:30.582568+00:00,PASS,,fundingRate,event
um,ETHUSDT,2024-07,https://data.binance.vision/data/futures/um/monthly/fundingRate/ETHUSDT/ETHUSDT-fundingRate-2024-07.zip,93,2024-07-01T00:00:00+00:00,2024-07-31T16:00:00+00:00,9d236281ab6430250ad2b472cbbf03812a40aed42e73c8339fc6be55a2417a82,9d236281ab6430250ad2b472cbbf03812a40aed42e73c8339fc6be55a2417a82,831,2024-08-16T12:57:47.000Z,"""a08323714ab21abec240dc294bc559ba""",2026-08-21T06:06:30.684145+00:00,PASS,,fundingRate,event
um,ETHUSDT,2024-08,https://data.binance.vision/data/futures/um/monthly/fundingRate/ETHUSDT/ETHUSDT-fundingRate-2024-08.zip,93,2024-08-01T00:00:00+00:00,2024-08-31T16:00:00+00:00,e17684bc761924eb5e1912c52cfa997eddeb99da303e68e28f6f37369f672b9d,e17684bc761924eb5e1912c52cfa997eddeb99da303e68e28f6f37369f672b9d,944,2024-09-16T13:09:58.000Z,"""4a3dee488b16155d7ccc58359312574b""",2026-08-21T06:06:30.833381+00:00,PASS,,fundingRate,event
um,ETHUSDT,2024-09,https://data.binance.vision/data/futures/um/monthly/fundingRate/ETHUSDT/ETHUSDT-fundingRate-2024-09.zip,90,2024-09-01T00:00:00+00:00,2024-09-30T16:00:00+00:00,ffb6e7441053137cb7ca81cc83bcdd996612f7dbb15aa2e168a7ee521f8cbbca,ffb6e7441053137cb7ca81cc83bcdd996612f7dbb15aa2e168a7ee521f8cbbca,908,2024-10-16T12:57:28.000Z,"""f7a9d943da9d6083836c4f0466319155""",2026-08-21T06:06:30.871780+00:00,PASS,,fundingRate,event
um,ETHUSDT,2024-10,https://data.binance.vision/data/futures/um/monthly/fundingRate/ETHUSDT/ETHUSDT-fundingRate-2024-10.zip,93,2024-10-01T00:00:00+00:00,2024-10-31T16:00:00+00:00,2124978c335473a5d9c0f0e9f238193d56c21ac7e250e065a36e9d1201beb049,2124978c335473a5d9c0f0e9f238193d56c21ac7e250e065a36e9d1201beb049,748,2024-11-21T20:50:52.000Z,"""03e46ca9df7c25cd7fe3edd6cf7f295d""",2026-08-21T06:06:31.077464+00:00,PASS,,fundingRate,event
um,ETHUSDT,2024-11,https://data.binance.vision/data/futures/um/monthly/fundingRate/ETHUSDT/ETHUSDT-fundingRate-2024-11.zip,90,2024-11-01T00:00:00+00:00,2024-11-30T16:00:00+00:00,636a4c7c86445c2774b4eae8598c480fcbc57de7dde5d40f6937c7fac510797c,636a4c7c86445c2774b4eae8598c480fcbc57de7dde5d40f6937c7fac510797c,809,2024-12-17T12:45:33.000Z,"""33975dab008ef7d3c63aeb16101181d4""",2026-08-21T06:06:31.060463+00:00,PASS,,fundingRate,event
um,ETHUSDT,2024-12,https://data.binance.vision/data/futures/um/monthly/fundingRate/ETHUSDT/ETHUSDT-fundingRate-2024-12.zip,93,2024-12-01T00:00:00+00:00,2024-12-31T16:00:00+00:00,11a0847e8aacb32eeb725611fda4fe6a8419c03eb0c16e14dfc3b9287e78ecc9,11a0847e8aacb32eeb725611fda4fe6a8419c03eb0c16e14dfc3b9287e78ecc9,837,2025-01-16T12:43:25.000Z,"""ba2f801e5af27aa486f35c125d7d93f4""",2026-08-21T06:06:31.323146+00:00,PASS,,fundingRate,event
um,ETHUSDT,2025-01,https://data.binance.vision/data/futures/um/monthly/fundingRate/ETHUSDT/ETHUSDT-fundingRate-2025-01.zip,93,2025-01-01T00:00:00.015000+00:00,2025-01-31T16:00:00+00:00,88c95b99d2784a7baac529fe578563d7e05038a1b8a498b2f59bf81b216fee20,88c95b99d2784a7baac529fe578563d7e05038a1b8a498b2f59bf81b216fee20,768,2025-02-16T12:52:38.000Z,"""12095cff98c7ce97d27b5a5aadc2ed2e""",2026-08-21T06:06:31.261721+00:00,PASS,,fundingRate,event
um,ETHUSDT,2025-02,https://data.binance.vision/data/futures/um/monthly/fundingRate/ETHUSDT/ETHUSDT-fundingRate-2025-02.zip,84,2025-02-01T00:00:00+00:00,2025-02-28T16:00:00+00:00,9e116dd6754484a19ecc41ced40b8dfa7f62c33d41cdc3317336b1e1f043767f,9e116dd6754484a19ecc41ced40b8dfa7f62c33d41cdc3317336b1e1f043767f,868,2025-03-16T13:03:19.000Z,"""02c01d5639542550179985b3a052526c""",2026-08-21T06:06:31.426934+00:00,PASS,,fundingRate,event
um,ETHUSDT,2025-03,https://data.binance.vision/data/futures/um/monthly/fundingRate/ETHUSDT/ETHUSDT-fundingRate-2025-03.zip,93,2025-03-01T00:00:00+00:00,2025-03-31T16:00:00+00:00,62464a8bfb7ba515628acb76d3e2172d33b88805faa2e701a22537c51a17d139,62464a8bfb7ba515628acb76d3e2172d33b88805faa2e701a22537c51a17d139,934,2025-04-17T12:53:38.000Z,"""b0fe6d3b327f102635dbf1abf6e5fe09""",2026-08-21T06:06:31.506265+00:00,PASS,,fundingRate,event
um,ETHUSDT,2025-04,https://data.binance.vision/data/futures/um/monthly/fundingRate/ETHUSDT/ETHUSDT-fundingRate-2025-04.zip,90,2025-04-01T00:00:00+00:00,2025-04-30T16:00:00.003000+00:00,7db62cb5e9f32397dacabb3d571b96397024bda3810bde0799c90f61cb773679,7db62cb5e9f32397dacabb3d571b96397024bda3810bde0799c90f61cb773679,940,2025-05-16T12:59:27.000Z,"""1d644a11d8853e0f22db998a0b2cc9e4""",2026-08-21T06:06:31.601392+00:00,PASS,,fundingRate,event
um,ETHUSDT,2025-05,https://data.binance.vision/data/futures/um/monthly/fundingRate/ETHUSDT/ETHUSDT-fundingRate-2025-05.zip,93,2025-05-01T00:00:00+00:00,2025-05-31T16:00:00+00:00,996aff38f046b50510301532ac5cbdca115afca971c49cb548f50e5d70e18d99,996aff38f046b50510301532ac5cbdca115afca971c49cb548f50e5d70e18d99,919,2025-06-16T13:08:35.000Z,"""79c7aa0dc043b86fd9e7f4041e211d3e""",2026-08-21T06:06:31.681992+00:00,PASS,,fundingRate,event
um,ETHUSDT,2025-06,https://data.binance.vision/data/futures/um/monthly/fundingRate/ETHUSDT/ETHUSDT-fundingRate-2025-06.zip,90,2025-06-01T00:00:00.001000+00:00,2025-06-30T16:00:00.002000+00:00,ae7ca242249ca3df06d1222a0c264fe83b18c4b2c19fe656e864f7d081d5e198,ae7ca242249ca3df06d1222a0c264fe83b18c4b2c19fe656e864f7d081d5e198,928,2025-07-16T13:17:26.000Z,"""cca5c587b9cbfdf33b8553941de9619d""",2026-08-21T06:06:31.770979+00:00,PASS,,fundingRate,event
um,ETHUSDT,2025-07,https://data.binance.vision/data/futures/um/monthly/fundingRate/ETHUSDT/ETHUSDT-fundingRate-2025-07.zip,93,2025-07-01T00:00:00.007000+00:00,2025-07-31T16:00:00+00:00,5f2d840c5669ca946529c33f6df32433c5d0cd973eb4adfd40459270c460e7f8,5f2d840c5669ca946529c33f6df32433c5d0cd973eb4adfd40459270c460e7f8,854,2025-08-01T07:47:27.000Z,"""3de9c93d6f6a4f41ae31edf4a182eacc""",2026-08-21T06:06:31.869311+00:00,PASS,,fundingRate,event
um,ETHUSDT,2025-08,https://data.binance.vision/data/futures/um/monthly/fundingRate/ETHUSDT/ETHUSDT-fundingRate-2025-08.zip,93,2025-08-01T00:00:00.001000+00:00,2025-08-31T16:00:00.001000+00:00,c3fca21c71afb4962e89f8e3d84afe5832019ed8f570ee7c7c299f2436a28b62,c3fca21c71afb4962e89f8e3d84afe5832019ed8f570ee7c7c299f2436a28b62,922,2025-09-01T07:48:11.000Z,"""35ba672c634b9fbbdfd4b5e74f9a4ad9""",2026-08-21T06:06:31.948002+00:00,PASS,,fundingRate,event
um,ETHUSDT,2025-09,https://data.binance.vision/data/futures/um/monthly/fundingRate/ETHUSDT/ETHUSDT-fundingRate-2025-09.zip,90,2025-09-01T00:00:00+00:00,2025-09-30T16:00:00+00:00,2fa09df245aadc73cf43f837a72c3009fcd7d10c8c4e3db48b2d1021c331841a,2fa09df245aadc73cf43f837a72c3009fcd7d10c8c4e3db48b2d1021c331841a,934,2025-10-01T07:43:23.000Z,"""35de699244e6072fc07f6dbc52f75c72""",2026-08-21T06:06:32.064821+00:00,PASS,,fundingRate,event
um,ETHUSDT,2025-10,https://data.binance.vision/data/futures/um/monthly/fundingRate/ETHUSDT/ETHUSDT-fundingRate-2025-10.zip,93,2025-10-01T00:00:00+00:00,2025-10-31T16:00:00.007000+00:00,1ae86c5fb1f15d8792906b746cc7598ebe7e6e7194b74501db79c874e37d7e14,1ae86c5fb1f15d8792906b746cc7598ebe7e6e7194b74501db79c874e37d7e14,953,2025-11-01T09:42:53.000Z,"""be77b01b1888ba416dc78746bd619c5b""",2026-08-21T06:06:32.159422+00:00,PASS,,fundingRate,event
um,ETHUSDT,2025-11,https://data.binance.vision/data/futures/um/monthly/fundingRate/ETHUSDT/ETHUSDT-fundingRate-2025-11.zip,90,2025-11-01T00:00:00.001000+00:00,2025-11-30T16:00:00.004000+00:00,a3a8abb219373ec1e02e8d1a47015665d180d6130cfe1df71d2fa8fc9de59e59,a3a8abb219373ec1e02e8d1a47015665d180d6130cfe1df71d2fa8fc9de59e59,956,2025-12-01T08:20:50.000Z,"""4baec07962084d40311001d4888fff5b""",2026-08-21T06:06:32.244268+00:00,PASS,,fundingRate,event
um,ETHUSDT,2025-12,https://data.binance.vision/data/futures/um/monthly/fundingRate/ETHUSDT/ETHUSDT-fundingRate-2025-12.zip,93,2025-12-01T00:00:00+00:00,2025-12-31T16:00:00.001000+00:00,ef9e84f53a5fa07702958c8700077c8be0a90ec8b3e25110f5611109c3c0090c,ef9e84f53a5fa07702958c8700077c8be0a90ec8b3e25110f5611109c3c0090c,985,2026-01-01T08:04:01.000Z,"""d56775cfe844ebf3dbcc3d23c0365b80""",2026-08-21T06:06:32.349630+00:00,PASS,,fundingRate,event
um,ETHUSDT,2026-01,https://data.binance.vision/data/futures/um/monthly/fundingRate/ETHUSDT/ETHUSDT-fundingRate-2026-01.zip,93,2026-01-01T00:00:00.008000+00:00,2026-01-31T16:00:00.009000+00:00,830cf7797ea6ecdc554ac2d9047a141df1a6a544f4ea58e7028227930462b139,830cf7797ea6ecdc554ac2d9047a141df1a6a544f4ea58e7028227930462b139,979,2026-02-01T07:59:30.000Z,"""91ee194ed35b6b68b84e07c27dc96a66""",2026-08-21T06:06:32.411653+00:00,PASS,,fundingRate,event
um,ETHUSDT,2026-02,https://data.binance.vision/data/futures/um/monthly/fundingRate/ETHUSDT/ETHUSDT-fundingRate-2026-02.zip,84,2026-02-01T00:00:00.001000+00:00,2026-02-28T16:00:00.004000+00:00,e445f00c81a7fa8361d99b3660f24b4f58e5d952fe301d70bbc72c319bc01a77,e445f00c81a7fa8361d99b3660f24b4f58e5d952fe301d70bbc72c319bc01a77,939,2026-03-01T08:10:27.000Z,"""e022d6f717fd3d6e7bc7cc803e31b827""",2026-08-21T06:06:32.590648+00:00,PASS,,fundingRate,event
um,ETHUSDT,2026-03,https://data.binance.vision/data/futures/um/monthly/fundingRate/ETHUSDT/ETHUSDT-fundingRate-2026-03.zip,93,2026-03-01T00:00:00.005000+00:00,2026-03-31T16:00:00+00:00,9f5625846c503a1e94fcdecd2deb37dc8852e341add353fa48c2b9a0cc70df6a,9f5625846c503a1e94fcdecd2deb37dc8852e341add353fa48c2b9a0cc70df6a,1002,2026-04-01T08:06:35.000Z,"""f986e86f69c425b3f1f440877291400e""",2026-08-21T06:06:32.600647+00:00,PASS,,fundingRate,event
um,ETHUSDT,2026-04,https://data.binance.vision/data/futures/um/monthly/fundingRate/ETHUSDT/ETHUSDT-fundingRate-2026-04.zip,90,2026-04-01T00:00:00+00:00,2026-04-30T16:00:00+00:00,86160f455478a8b262d96d1516f583355e6e0cec7beeb5784e69dda76f599e98,86160f455478a8b262d96d1516f583355e6e0cec7beeb5784e69dda76f599e98,963,2026-05-01T08:16:05.000Z,"""692f4a5298cc67b7f58306297e5a0480""",2026-08-21T06:06:32.770121+00:00,PASS,,fundingRate,event
um,ETHUSDT,2026-05,https://data.binance.vision/data/futures/um/monthly/fundingRate/ETHUSDT/ETHUSDT-fundingRate-2026-05.zip,93,2026-05-01T00:00:00+00:00,2026-05-31T16:00:00.004000+00:00,ff926ad3fc48493c26c85af16620b19c695cc1854faa1e7f0ea2ab9fdafc2084,ff926ad3fc48493c26c85af16620b19c695cc1854faa1e7f0ea2ab9fdafc2084,980,2026-06-01T08:47:57.000Z,"""fc38a6ef6c4973e9c48d74319bad14cd""",2026-08-21T06:06:32.781120+00:00,PASS,,fundingRate,event
um,ETHUSDT,2026-06,https://data.binance.vision/data/futures/um/monthly/fundingRate/ETHUSDT/ETHUSDT-fundingRate-2026-06.zip,90,2026-06-01T00:00:00.001000+00:00,2026-06-30T16:00:00.005000+00:00,cc6fb028a811bc423b711f6b89de067bf92a2eda61303e1ce0b219b5d3210e47,cc6fb028a811bc423b711f6b89de067bf92a2eda61303e1ce0b219b5d3210e47,967,2026-07-01T09:42:06.000Z,"""1f4211140ecc1f990397fa0e6698388f""",2026-08-21T06:06:32.952697+00:00,PASS,,fundingRate,event
um,ETHUSDT,2026-07,https://data.binance.vision/data/futures/um/monthly/fundingRate/ETHUSDT/ETHUSDT-fundingRate-2026-07.zip,93,2026-07-01T00:00:00+00:00,2026-07-31T16:00:00+00:00,ece7f6c64d0e45fbd64929dec40bae525fe365381046e367de5ca0827bc623d3,ece7f6c64d0e45fbd64929dec40bae525fe365381046e367de5ca0827bc623d3,941,2026-08-01T08:09:07.000Z,"""0a8a9e3d0f514dbc2af655bbf820044d""",2026-08-21T06:06:32.968060+00:00,PASS,,fundingRate,event
um,BTCUSDT,2020-01,https://data.binance.vision/data/futures/um/monthly/klines/BTCUSDT/15m/BTCUSDT-15m-2020-01.zip,2976,2020-01-01T00:00:00+00:00,2020-01-31T23:45:00+00:00,604e91a9db89202e87f10b610cf11d805a2a7915e28a07c53fc7d3921e384480,604e91a9db89202e87f10b610cf11d805a2a7915e28a07c53fc7d3921e384480,139485,2021-06-14T06:12:38.000Z,"""c7635a6139d8c6736a5f9df850b9ef85""",2026-08-21T06:05:35.750233+00:00,PASS,,klines,15m
um,BTCUSDT,2020-02,https://data.binance.vision/data/futures/um/monthly/klines/BTCUSDT/15m/BTCUSDT-15m-2020-02.zip,2784,2020-02-01T00:00:00+00:00,2020-02-29T23:45:00+00:00,a89e0dfaf3bf187d4c86c0e96c2052110682f5980c370ece041184b4615b86d6,a89e0dfaf3bf187d4c86c0e96c2052110682f5980c370ece041184b4615b86d6,131623,2021-06-14T05:03:43.000Z,"""a2d2fe0ee9990a3a2c1ec6ee15000e6d""",2026-08-21T06:05:36.022564+00:00,PASS,,klines,15m
um,BTCUSDT,2020-03,https://data.binance.vision/data/futures/um/monthly/klines/BTCUSDT/15m/BTCUSDT-15m-2020-03.zip,2976,2020-03-01T00:00:00+00:00,2020-03-31T23:45:00+00:00,da4596277f7e914e04497d36a733722b42a6c84b5710734e4076d50c0a6675b0,da4596277f7e914e04497d36a733722b42a6c84b5710734e4076d50c0a6675b0,143581,2021-06-28T06:11:19.000Z,"""25cc0bb32d185941a6eec22cd2f83111""",2026-08-21T06:05:36.091222+00:00,PASS,,klines,15m
um,BTCUSDT,2020-04,https://data.binance.vision/data/futures/um/monthly/klines/BTCUSDT/15m/BTCUSDT-15m-2020-04.zip,2880,2020-04-01T00:00:00+00:00,2020-04-30T23:45:00+00:00,ebfe6813862b72c33b9defbc32317b89c0b59e03ec7d8b1a6cf4ff161716c100,ebfe6813862b72c33b9defbc32317b89c0b59e03ec7d8b1a6cf4ff161716c100,138390,2021-06-28T07:00:17.000Z,"""39d1c57829e4cdfd2b577225c8c53f1e""",2026-08-21T06:05:36.276145+00:00,PASS,,klines,15m
um,BTCUSDT,2020-05,https://data.binance.vision/data/futures/um/monthly/klines/BTCUSDT/15m/BTCUSDT-15m-2020-05.zip,2976,2020-05-01T00:00:00+00:00,2020-05-31T23:45:00+00:00,8ef7d076102b7d7d5f0bbd6b0ac6b36d24c6194a4c51aa239ac68e614c1824b6,8ef7d076102b7d7d5f0bbd6b0ac6b36d24c6194a4c51aa239ac68e614c1824b6,144024,2021-06-28T08:40:18.000Z,"""15cb48c11589a06403594109a543a6d4""",2026-08-21T06:05:36.341068+00:00,PASS,,klines,15m
um,BTCUSDT,2020-06,https://data.binance.vision/data/futures/um/monthly/klines/BTCUSDT/15m/BTCUSDT-15m-2020-06.zip,2880,2020-06-01T00:00:00+00:00,2020-06-30T23:45:00+00:00,5674187f592088659d55aaabc8d684ba8b504e5bc7f9863b2a79ad91d46d21c3,5674187f592088659d55aaabc8d684ba8b504e5bc7f9863b2a79ad91d46d21c3,135897,2021-06-28T10:10:01.000Z,"""d46606ef59ba375228a37223f979b7ae""",2026-08-21T06:05:36.540398+00:00,PASS,,klines,15m
um,BTCUSDT,2020-07,https://data.binance.vision/data/futures/um/monthly/klines/BTCUSDT/15m/BTCUSDT-15m-2020-07.zip,2976,2020-07-01T00:00:00+00:00,2020-07-31T23:45:00+00:00,82c2528648b7202e329e4eb42f59fa2972ee4f59ea4720139160a4e683535193,82c2528648b7202e329e4eb42f59fa2972ee4f59ea4720139160a4e683535193,138871,2021-06-28T11:24:37.000Z,"""ad4d70fddc0c7e73efade3883bf6385d""",2026-08-21T06:05:36.590706+00:00,PASS,,klines,15m
um,BTCUSDT,2020-08,https://data.binance.vision/data/futures/um/monthly/klines/BTCUSDT/15m/BTCUSDT-15m-2020-08.zip,2976,2020-08-01T00:00:00+00:00,2020-08-31T23:45:00+00:00,c3b8d9ff137e32f20b2793c4f7f7eed8bfd45648674f051cb51ce9e4ab366044,c3b8d9ff137e32f20b2793c4f7f7eed8bfd45648674f051cb51ce9e4ab366044,142759,2021-06-28T12:46:42.000Z,"""cc64216df4a300f3e01b476993b266b8""",2026-08-21T06:05:36.847383+00:00,PASS,,klines,15m
um,BTCUSDT,2020-09,https://data.binance.vision/data/futures/um/monthly/klines/BTCUSDT/15m/BTCUSDT-15m-2020-09.zip,2880,2020-09-01T00:00:00+00:00,2020-09-30T23:45:00+00:00,b23fd2d1b8d09f8d2b10308539bbc1023b29452f2ff5365fce5bb08b7888072a,b23fd2d1b8d09f8d2b10308539bbc1023b29452f2ff5365fce5bb08b7888072a,138064,2021-06-28T16:21:02.000Z,"""6b64b2481dd1e551f7ea400a379942e0""",2026-08-21T06:05:36.883387+00:00,PASS,,klines,15m
um,BTCUSDT,2020-10,https://data.binance.vision/data/futures/um/monthly/klines/BTCUSDT/15m/BTCUSDT-15m-2020-10.zip,2976,2020-10-01T00:00:00+00:00,2020-10-31T23:45:00+00:00,723f3a5297b718ac1ea766933c12042f422ceb43f3dbfb1430e0ea5f55fa1e39,723f3a5297b718ac1ea766933c12042f422ceb43f3dbfb1430e0ea5f55fa1e39,142405,2021-06-28T18:26:43.000Z,"""fffaad8a99d33424df99fcfec9ac78c7""",2026-08-21T06:05:37.091059+00:00,PASS,,klines,15m
um,BTCUSDT,2020-11,https://data.binance.vision/data/futures/um/monthly/klines/BTCUSDT/15m/BTCUSDT-15m-2020-11.zip,2880,2020-11-01T00:00:00+00:00,2020-11-30T23:45:00+00:00,9442ac3d7c5aba02bfacfe0a35ce05756263e4f462a5a694941f27dfcd76f15d,9442ac3d7c5aba02bfacfe0a35ce05756263e4f462a5a694941f27dfcd76f15d,142846,2021-06-28T21:15:36.000Z,"""84fd1f549dc78c570bf44627ec15bc72""",2026-08-21T06:05:37.172740+00:00,PASS,,klines,15m
um,BTCUSDT,2020-12,https://data.binance.vision/data/futures/um/monthly/klines/BTCUSDT/15m/BTCUSDT-15m-2020-12.zip,2976,2020-12-01T00:00:00+00:00,2020-12-31T23:45:00+00:00,c824e54aec2b63ace61d29166fcf12ac15729021b13bd1b5355f3825ecb50523,c824e54aec2b63ace61d29166fcf12ac15729021b13bd1b5355f3825ecb50523,147987,2021-06-28T23:47:08.000Z,"""c9c1dc4dfd06bd44144dfb0ce865c081""",2026-08-21T06:05:37.439969+00:00,PASS,,klines,15m
um,BTCUSDT,2021-01,https://data.binance.vision/data/futures/um/monthly/klines/BTCUSDT/15m/BTCUSDT-15m-2021-01.zip,2976,2021-01-01T00:00:00+00:00,2021-01-31T23:45:00+00:00,3aa4530f2afd42d8cae441d2634e81a6d733a49fd33970c705afee325e4aee2c,3aa4530f2afd42d8cae441d2634e81a6d733a49fd33970c705afee325e4aee2c,152367,2021-06-29T02:46:08.000Z,"""854041628eb147db470efb64a6517175""",2026-08-21T06:05:37.460968+00:00,PASS,,klines,15m
um,BTCUSDT,2021-02,https://data.binance.vision/data/futures/um/monthly/klines/BTCUSDT/15m/BTCUSDT-15m-2021-02.zip,2688,2021-02-01T00:00:00+00:00,2021-02-28T23:45:00+00:00,f0c941a7ecf452a3448e4a8951948518dd47e51ad7158629d5efcf410431939f,f0c941a7ecf452a3448e4a8951948518dd47e51ad7158629d5efcf410431939f,137417,2021-03-02T20:46:34.000Z,"""1977eb8061699e0db8e3468e078b7979""",2026-08-21T06:05:37.702706+00:00,PASS,,klines,15m
um,BTCUSDT,2021-03,https://data.binance.vision/data/futures/um/monthly/klines/BTCUSDT/15m/BTCUSDT-15m-2021-03.zip,2976,2021-03-01T00:00:00+00:00,2021-03-31T23:45:00+00:00,d1c4cfa8137848dc3373753f8d0437eddf8db43b0e835efbc4a6da3af6935286,d1c4cfa8137848dc3373753f8d0437eddf8db43b0e835efbc4a6da3af6935286,152137,2021-06-09T14:52:28.000Z,"""91d1b02e7e3a0c01c5515bf111a6dd69""",2026-08-21T06:05:37.781254+00:00,PASS,,klines,15m
um,BTCUSDT,2021-04,https://data.binance.vision/data/futures/um/monthly/klines/BTCUSDT/15m/BTCUSDT-15m-2021-04.zip,2880,2021-04-01T00:00:00+00:00,2021-04-30T23:45:00+00:00,124fab2a0fe7525a5e7b2a1dbb2b776ce12e6003770dd930a10bbd56db4cdc79,124fab2a0fe7525a5e7b2a1dbb2b776ce12e6003770dd930a10bbd56db4cdc79,146457,2021-06-09T11:16:01.000Z,"""bf5314d0a06494f6a6fe2fbf21825d74""",2026-08-21T06:05:37.961421+00:00,PASS,,klines,15m
um,BTCUSDT,2021-05,https://data.binance.vision/data/futures/um/monthly/klines/BTCUSDT/15m/BTCUSDT-15m-2021-05.zip,2976,2021-05-01T00:00:00+00:00,2021-05-31T23:45:00+00:00,f7ef372e125f87339f45fffaa329ea386d9e8be74998577fd75f807a90abae16,f7ef372e125f87339f45fffaa329ea386d9e8be74998577fd75f807a90abae16,154209,2021-06-17T19:50:21.000Z,"""2a8e0cfab9a37d827c7f683410028e4e""",2026-08-21T06:05:38.077970+00:00,PASS,,klines,15m
um,BTCUSDT,2021-06,https://data.binance.vision/data/futures/um/monthly/klines/BTCUSDT/15m/BTCUSDT-15m-2021-06.zip,2880,2021-06-01T00:00:00+00:00,2021-06-30T23:45:00+00:00,9853eae293ad9c5b4a1395fe6d5e6257bfd2ff27433c4ef00b0169b54853b7a2,9853eae293ad9c5b4a1395fe6d5e6257bfd2ff27433c4ef00b0169b54853b7a2,148508,2021-09-12T08:27:56.000Z,"""76fed8ffe58fe81284b1f1dafd0d67ef""",2026-08-21T06:05:38.330182+00:00,PASS,,klines,15m
um,BTCUSDT,2021-07,https://data.binance.vision/data/futures/um/monthly/klines/BTCUSDT/15m/BTCUSDT-15m-2021-07.zip,2976,2021-07-01T00:00:00+00:00,2021-07-31T23:45:00+00:00,86ef554b5c3c392cff96180db24268d9273905f3e8c2ed4d5e63904b0d798096,86ef554b5c3c392cff96180db24268d9273905f3e8c2ed4d5e63904b0d798096,151061,2021-08-01T20:58:59.000Z,"""61e3354752664b9226cc38acbb90f76b""",2026-08-21T06:05:38.358182+00:00,PASS,,klines,15m
um,BTCUSDT,2021-08,https://data.binance.vision/data/futures/um/monthly/klines/BTCUSDT/15m/BTCUSDT-15m-2021-08.zip,2976,2021-08-01T00:00:00+00:00,2021-08-31T23:45:00+00:00,f6e0c79d84839f34de1c41993624b76b1c738101cf39622d31c926300681fc5a,f6e0c79d84839f34de1c41993624b76b1c738101cf39622d31c926300681fc5a,151593,2021-09-02T15:34:32.000Z,"""9a7c4064e8615ef4e415ee602ba97e8c""",2026-08-21T06:05:38.694863+00:00,PASS,,klines,15m
um,BTCUSDT,2021-09,https://data.binance.vision/data/futures/um/monthly/klines/BTCUSDT/15m/BTCUSDT-15m-2021-09.zip,2880,2021-09-01T00:00:00+00:00,2021-09-30T23:45:00+00:00,5c74e804831937235287f424a0c34eddf525b3a366249037a34288c69b2cc6ed,5c74e804831937235287f424a0c34eddf525b3a366249037a34288c69b2cc6ed,146664,2021-10-01T14:11:37.000Z,"""6e2c4776035a9702b7a8ca8518c0cfda""",2026-08-21T06:05:38.658940+00:00,PASS,,klines,15m
um,BTCUSDT,2021-10,https://data.binance.vision/data/futures/um/monthly/klines/BTCUSDT/15m/BTCUSDT-15m-2021-10.zip,2976,2021-10-01T00:00:00+00:00,2021-10-31T23:45:00+00:00,6fbc1ced80b2d5b722114394ce145bfe4fbc40ad233b2ec0316d3bd45b8abcaa,6fbc1ced80b2d5b722114394ce145bfe4fbc40ad233b2ec0316d3bd45b8abcaa,151726,2021-11-01T14:57:28.000Z,"""52e112171da98d8c3b2f1e47c504067d""",2026-08-21T06:05:38.943811+00:00,PASS,,klines,15m
um,BTCUSDT,2021-11,https://data.binance.vision/data/futures/um/monthly/klines/BTCUSDT/15m/BTCUSDT-15m-2021-11.zip,2880,2021-11-01T00:00:00+00:00,2021-11-30T23:45:00+00:00,8c3170955683fc914da107d67d8ebde0cda6f3a6250e9b4b5f6ceb94f5593712,8c3170955683fc914da107d67d8ebde0cda6f3a6250e9b4b5f6ceb94f5593712,146206,2021-12-01T11:49:51.000Z,"""0afdf2dd5c0a27c59c188166d2006a36""",2026-08-21T06:05:38.978812+00:00,PASS,,klines,15m
um,BTCUSDT,2021-12,https://data.binance.vision/data/futures/um/monthly/klines/BTCUSDT/15m/BTCUSDT-15m-2021-12.zip,2976,2021-12-01T00:00:00+00:00,2021-12-31T23:45:00+00:00,a216bab60744f399e55561df822644029178827b352d1878fd6116082f70273d,a216bab60744f399e55561df822644029178827b352d1878fd6116082f70273d,151429,2022-01-07T16:18:06.000Z,"""d4ee81b2ea928caf0bdbd5d93d9e57f6""",2026-08-21T06:05:39.233266+00:00,PASS,,klines,15m
um,BTCUSDT,2022-01,https://data.binance.vision/data/futures/um/monthly/klines/BTCUSDT/15m/BTCUSDT-15m-2022-01.zip,2976,2022-01-01T00:00:00+00:00,2022-01-31T23:45:00+00:00,46e0bc4607df992e4de6a6e76e2bf60b3a19db2b11f7b07d4a4bac4e26c6c35d,46e0bc4607df992e4de6a6e76e2bf60b3a19db2b11f7b07d4a4bac4e26c6c35d,151020,2023-12-18T13:44:21.000Z,"""a749208aa4236c0033419a7d49e3b375""",2026-08-21T06:05:39.473890+00:00,PASS,,klines,15m
um,BTCUSDT,2022-02,https://data.binance.vision/data/futures/um/monthly/klines/BTCUSDT/15m/BTCUSDT-15m-2022-02.zip,2688,2022-02-01T00:00:00+00:00,2022-02-28T23:45:00+00:00,7b615ec48c6bc9f4a723e08d9990136554406640055c2fd084e0c0b63d405d74,7b615ec48c6bc9f4a723e08d9990136554406640055c2fd084e0c0b63d405d74,135101,2024-01-08T12:14:15.000Z,"""86e08157587d8589bca16234abf5778f""",2026-08-21T06:05:39.589862+00:00,PASS,,klines,15m
um,BTCUSDT,2022-03,https://data.binance.vision/data/futures/um/monthly/klines/BTCUSDT/15m/BTCUSDT-15m-2022-03.zip,2976,2022-03-01T00:00:00+00:00,2022-03-31T23:45:00+00:00,2ddcc24fbcf2661020a218f2251b1cb3af03bf32633efed028c0d0921468cafe,2ddcc24fbcf2661020a218f2251b1cb3af03bf32633efed028c0d0921468cafe,146333,2024-01-08T13:32:59.000Z,"""9b7c34c630699854e6c707b1fbff7015""",2026-08-21T06:05:39.869790+00:00,PASS,,klines,15m
um,BTCUSDT,2022-04,https://data.binance.vision/data/futures/um/monthly/klines/BTCUSDT/15m/BTCUSDT-15m-2022-04.zip,2880,2022-04-01T00:00:00+00:00,2022-04-30T23:45:00+00:00,911e220f50a2a1798d35b31fce321cc4e61932a0a370c9e6837c27ff4dd8f0a8,911e220f50a2a1798d35b31fce321cc4e61932a0a370c9e6837c27ff4dd8f0a8,140454,2024-01-08T14:17:05.000Z,"""a61ba3ba0f1c6fb0bc354a571d9e2319""",2026-08-21T06:05:39.982634+00:00,PASS,,klines,15m
um,BTCUSDT,2022-05,https://data.binance.vision/data/futures/um/monthly/klines/BTCUSDT/15m/BTCUSDT-15m-2022-05.zip,2976,2022-05-01T00:00:00+00:00,2022-05-31T23:45:00+00:00,31a46b1ac257f1690e6b16c606b2fde22aebf2d605047943d885bf28fe813389,31a46b1ac257f1690e6b16c606b2fde22aebf2d605047943d885bf28fe813389,146513,2024-08-20T18:09:41.000Z,"""316624cd9742202044f4d5ab48630e9e""",2026-08-21T06:05:40.182627+00:00,PASS,,klines,15m
um,BTCUSDT,2022-06,https://data.binance.vision/data/futures/um/monthly/klines/BTCUSDT/15m/BTCUSDT-15m-2022-06.zip,2880,2022-06-01T00:00:00+00:00,2022-06-30T23:45:00+00:00,7115895dc1e8425ee5ecedb18258e293decfc7769213362d928c42a29d8b6127,7115895dc1e8425ee5ecedb18258e293decfc7769213362d928c42a29d8b6127,141973,2023-12-20T14:51:49.000Z,"""f51ce0cc0263338843eb15ea3f3b8a31""",2026-08-21T06:05:40.405869+00:00,PASS,,klines,15m
um,BTCUSDT,2022-07,https://data.binance.vision/data/futures/um/monthly/klines/BTCUSDT/15m/BTCUSDT-15m-2022-07.zip,2976,2022-07-01T00:00:00+00:00,2022-07-31T23:45:00+00:00,6cd98667f9b7a127a413bd061103800f2707921a9a231e18f47d71816ef86ac8,6cd98667f9b7a127a413bd061103800f2707921a9a231e18f47d71816ef86ac8,145550,2023-09-21T06:14:00.000Z,"""cb0d9ccc48851eb06afa8fc37ed09de3""",2026-08-21T06:05:40.511028+00:00,PASS,,klines,15m
um,BTCUSDT,2022-08,https://data.binance.vision/data/futures/um/monthly/klines/BTCUSDT/15m/BTCUSDT-15m-2022-08.zip,2976,2022-08-01T00:00:00+00:00,2022-08-31T23:45:00+00:00,517e241a31c2062c50ca9861eb832fa9b3505b0ae67350135d5a74d812228eab,517e241a31c2062c50ca9861eb832fa9b3505b0ae67350135d5a74d812228eab,143927,2023-06-12T11:48:58.000Z,"""0e5c8a1d9b8d6cfd72fe7e33a81b69fb""",2026-08-21T06:05:40.886887+00:00,PASS,,klines,15m
um,BTCUSDT,2022-09,https://data.binance.vision/data/futures/um/monthly/klines/BTCUSDT/15m/BTCUSDT-15m-2022-09.zip,2880,2022-09-01T00:00:00+00:00,2022-09-30T23:45:00+00:00,776bd8021ee4b7dd8dd6530bd8b0d4f4a3287df2a72810f5dcb26e35714c8903,776bd8021ee4b7dd8dd6530bd8b0d4f4a3287df2a72810f5dcb26e35714c8903,139666,2022-10-26T14:11:26.000Z,"""3e750c7eeb53d4dbca468d87ba783c43""",2026-08-21T06:05:40.793883+00:00,PASS,,klines,15m
um,BTCUSDT,2022-10,https://data.binance.vision/data/futures/um/monthly/klines/BTCUSDT/15m/BTCUSDT-15m-2022-10.zip,2976,2022-10-01T00:00:00+00:00,2022-10-31T23:45:00+00:00,bff25dbfad92e9c551ab77b6411e29462dbde298636144041a775330a126cd1b,bff25dbfad92e9c551ab77b6411e29462dbde298636144041a775330a126cd1b,141497,2022-11-17T18:57:20.000Z,"""0f87c144ce062cf6cffa442e00c5fc70""",2026-08-21T06:05:41.132649+00:00,PASS,,klines,15m
um,BTCUSDT,2022-11,https://data.binance.vision/data/futures/um/monthly/klines/BTCUSDT/15m/BTCUSDT-15m-2022-11.zip,2880,2022-11-01T00:00:00+00:00,2022-11-30T23:45:00+00:00,7f74daa2a5f1631e5b60d0dd035dfb60c0d8e5f0105820484fde8b8914d07986,7f74daa2a5f1631e5b60d0dd035dfb60c0d8e5f0105820484fde8b8914d07986,137846,2022-12-25T20:57:03.000Z,"""9b64df9de252eabd36d9bd329a741abb""",2026-08-21T06:05:41.235201+00:00,PASS,,klines,15m
um,BTCUSDT,2022-12,https://data.binance.vision/data/futures/um/monthly/klines/BTCUSDT/15m/BTCUSDT-15m-2022-12.zip,2976,2022-12-01T00:00:00+00:00,2022-12-31T23:45:00+00:00,acf8b92a5cea478f7c32ab863b977836f629d4ff3373d20bb2b15673b57b87ae,acf8b92a5cea478f7c32ab863b977836f629d4ff3373d20bb2b15673b57b87ae,137311,2023-01-17T18:31:33.000Z,"""56f60993772641cd05d58375f19f4c18""",2026-08-21T06:05:41.418738+00:00,PASS,,klines,15m
um,BTCUSDT,2023-01,https://data.binance.vision/data/futures/um/monthly/klines/BTCUSDT/15m/BTCUSDT-15m-2023-01.zip,2976,2023-01-01T00:00:00+00:00,2023-01-31T23:45:00+00:00,7d9c643f940a65eaae7f8618a5f997ada493076a5f91b02bdd77b559d2ab2514,7d9c643f940a65eaae7f8618a5f997ada493076a5f91b02bdd77b559d2ab2514,140488,2023-02-17T16:28:52.000Z,"""94bf473eaa2cbeb36102c4168a8c4b9f""",2026-08-21T06:05:41.579959+00:00,PASS,,klines,15m
um,BTCUSDT,2023-02,https://data.binance.vision/data/futures/um/monthly/klines/BTCUSDT/15m/BTCUSDT-15m-2023-02.zip,2688,2023-02-01T00:00:00+00:00,2023-02-28T23:45:00+00:00,3d2bf498800e0526d9e7503d8f20f7dbd4fd1908e90570053a7ec5803b31118e,3d2bf498800e0526d9e7503d8f20f7dbd4fd1908e90570053a7ec5803b31118e,129016,2023-09-19T08:44:05.000Z,"""4d741ccaf2a4e93ac99b16cfab294d37""",2026-08-21T06:05:41.820658+00:00,PASS,,klines,15m
um,BTCUSDT,2023-03,https://data.binance.vision/data/futures/um/monthly/klines/BTCUSDT/15m/BTCUSDT-15m-2023-03.zip,2976,2023-03-01T00:00:00+00:00,2023-03-31T23:45:00+00:00,843bdaf3f134e74e6f0efecf46dbd92952c61b9d57c6ce8b556392d81526ec48,843bdaf3f134e74e6f0efecf46dbd92952c61b9d57c6ce8b556392d81526ec48,144941,2023-04-22T17:53:45.000Z,"""9e744a6a304d9dd55667c9a7577ffab7""",2026-08-21T06:05:41.928904+00:00,PASS,,klines,15m
um,BTCUSDT,2023-04,https://data.binance.vision/data/futures/um/monthly/klines/BTCUSDT/15m/BTCUSDT-15m-2023-04.zip,2880,2023-04-01T00:00:00+00:00,2023-04-30T23:45:00+00:00,4a9416010259d5219c25ba8d29eac0928ecf6876fc4d6cc751228110e97f5138,4a9416010259d5219c25ba8d29eac0928ecf6876fc4d6cc751228110e97f5138,138552,2023-08-07T08:15:56.000Z,"""7c71a50fb8c70be7ee37dd467f27d1e1""",2026-08-21T06:05:42.131213+00:00,PASS,,klines,15m
um,BTCUSDT,2023-05,https://data.binance.vision/data/futures/um/monthly/klines/BTCUSDT/15m/BTCUSDT-15m-2023-05.zip,2976,2023-05-01T00:00:00+00:00,2023-05-31T23:45:00+00:00,f584af353ef1a3bef7f45aa17d8826c622d04a2a817fe0c6289e37b933959b54,f584af353ef1a3bef7f45aa17d8826c622d04a2a817fe0c6289e37b933959b54,142660,2024-01-08T08:00:39.000Z,"""4852d919b0404410409423aaca78135c""",2026-08-21T06:05:42.311592+00:00,PASS,,klines,15m
um,BTCUSDT,2023-06,https://data.binance.vision/data/futures/um/monthly/klines/BTCUSDT/15m/BTCUSDT-15m-2023-06.zip,2880,2023-06-01T00:00:00+00:00,2023-06-30T23:45:00+00:00,8fb734f8a60a161b2f17b5458ed3659017a61d2a5dd24d2d810243ce1f621032,8fb734f8a60a161b2f17b5458ed3659017a61d2a5dd24d2d810243ce1f621032,138330,2023-07-02T16:46:25.000Z,"""06b4794f0a63453de2df3cfd171f66cd""",2026-08-21T06:05:42.527120+00:00,PASS,,klines,15m
um,BTCUSDT,2023-07,https://data.binance.vision/data/futures/um/monthly/klines/BTCUSDT/15m/BTCUSDT-15m-2023-07.zip,2976,2023-07-01T00:00:00+00:00,2023-07-31T23:45:00+00:00,c8df4ff96d804f2f57e51049bf94c11bf8bfa2f9333c0af29ab8f2504471966d,c8df4ff96d804f2f57e51049bf94c11bf8bfa2f9333c0af29ab8f2504471966d,140229,2024-01-08T07:28:22.000Z,"""577733f96590a37527124b133811cc9a""",2026-08-21T06:05:42.629741+00:00,PASS,,klines,15m
um,BTCUSDT,2023-08,https://data.binance.vision/data/futures/um/monthly/klines/BTCUSDT/15m/BTCUSDT-15m-2023-08.zip,2976,2023-08-01T00:00:00+00:00,2023-08-31T23:45:00+00:00,8ba91ecc5bf5573c3840a2f22f4b0b6d307fc659a9e11df3c3a6e7bcf332150f,8ba91ecc5bf5573c3840a2f22f4b0b6d307fc659a9e11df3c3a6e7bcf332150f,138936,2024-01-08T07:47:41.000Z,"""612dd8a3c939ce7ecdac1976fbb4908a""",2026-08-21T06:05:42.893257+00:00,PASS,,klines,15m
um,BTCUSDT,2023-09,https://data.binance.vision/data/futures/um/monthly/klines/BTCUSDT/15m/BTCUSDT-15m-2023-09.zip,2880,2023-09-01T00:00:00+00:00,2023-09-30T23:45:00+00:00,f1f628bb4b1976ba632150bf999fde302ddcfc8899ff369a5119bdd5dba1e0d5,f1f628bb4b1976ba632150bf999fde302ddcfc8899ff369a5119bdd5dba1e0d5,134048,2024-01-08T08:19:57.000Z,"""c6a408e4ba49a4f5eb6ae8a7a97955eb""",2026-08-21T06:05:42.987431+00:00,PASS,,klines,15m
um,BTCUSDT,2023-10,https://data.binance.vision/data/futures/um/monthly/klines/BTCUSDT/15m/BTCUSDT-15m-2023-10.zip,2976,2023-10-01T00:00:00+00:00,2023-10-31T23:45:00+00:00,bf3f1b7d22b67155373cbc0334ec44c34c8861bf2127ccd432698d95aa31ead6,bf3f1b7d22b67155373cbc0334ec44c34c8861bf2127ccd432698d95aa31ead6,140804,2024-01-08T08:25:28.000Z,"""731c7fa6a9c8484a579cc1e66897e25c""",2026-08-21T06:05:43.238922+00:00,PASS,,klines,15m
um,BTCUSDT,2023-11,https://data.binance.vision/data/futures/um/monthly/klines/BTCUSDT/15m/BTCUSDT-15m-2023-11.zip,2880,2023-11-01T00:00:00+00:00,2023-11-30T23:45:00+00:00,e70b84bec57cc0a76f9066cf5277b8c2ea3f4f4f03771f478a350160fa81b564,e70b84bec57cc0a76f9066cf5277b8c2ea3f4f4f03771f478a350160fa81b564,136797,2024-01-08T08:33:32.000Z,"""c657d72e37679dd0b82b9a276a38d037""",2026-08-21T06:05:43.337962+00:00,PASS,,klines,15m
um,BTCUSDT,2023-12,https://data.binance.vision/data/futures/um/monthly/klines/BTCUSDT/15m/BTCUSDT-15m-2023-12.zip,2976,2023-12-01T00:00:00+00:00,2023-12-31T23:45:00+00:00,f6b191e620d269d229dee0c5b9abfb6e9610bd0a8e6718d2a96e0e820a013bb0,f6b191e620d269d229dee0c5b9abfb6e9610bd0a8e6718d2a96e0e820a013bb0,143554,2024-01-08T08:41:51.000Z,"""d3b1bc27e970f8a4b8472920aee58cc1""",2026-08-21T06:05:43.607259+00:00,PASS,,klines,15m
um,BTCUSDT,2024-01,https://data.binance.vision/data/futures/um/monthly/klines/BTCUSDT/15m/BTCUSDT-15m-2024-01.zip,2976,2024-01-01T00:00:00+00:00,2024-01-31T23:45:00+00:00,76953983fcd4cc35ac181c4a1c69d28cbb4ef8b983021aac84a111ea4e82ef69,76953983fcd4cc35ac181c4a1c69d28cbb4ef8b983021aac84a111ea4e82ef69,145000,2024-02-18T13:55:42.000Z,"""ccfdba28aa6dedf08ca64238b57936d8""",2026-08-21T06:05:43.721398+00:00,PASS,,klines,15m
um,BTCUSDT,2024-02,https://data.binance.vision/data/futures/um/monthly/klines/BTCUSDT/15m/BTCUSDT-15m-2024-02.zip,2784,2024-02-01T00:00:00+00:00,2024-02-29T23:45:00+00:00,f6a9399826f593aa23746d920e595e9705addd1154d4ec53fcf7a2564755e67b,f6a9399826f593aa23746d920e595e9705addd1154d4ec53fcf7a2564755e67b,135641,2024-03-17T15:30:57.000Z,"""f3c45cda0f92986588231f0430228607""",2026-08-21T06:05:44.010960+00:00,PASS,,klines,15m
um,BTCUSDT,2024-03,https://data.binance.vision/data/futures/um/monthly/klines/BTCUSDT/15m/BTCUSDT-15m-2024-03.zip,2976,2024-03-01T00:00:00+00:00,2024-03-31T23:45:00+00:00,0f7dbdf7859f36d41c1444065409b2c9c4d66f5b3008647436fbc1b7a0d9f080,0f7dbdf7859f36d41c1444065409b2c9c4d66f5b3008647436fbc1b7a0d9f080,147580,2024-04-17T19:24:58.000Z,"""00386a09391495fa783cac631f2ead21""",2026-08-21T06:05:44.100973+00:00,PASS,,klines,15m
um,BTCUSDT,2024-04,https://data.binance.vision/data/futures/um/monthly/klines/BTCUSDT/15m/BTCUSDT-15m-2024-04.zip,2880,2024-04-01T00:00:00+00:00,2024-04-30T23:45:00+00:00,e1e52aa89d7004e4b93af4cfa5d8f03826881604bf2a990fd2f6979ed754c7ff,e1e52aa89d7004e4b93af4cfa5d8f03826881604bf2a990fd2f6979ed754c7ff,141412,2024-05-17T14:15:15.000Z,"""e61fbd03e03f9321d14fb855d5672be8""",2026-08-21T06:05:44.523837+00:00,PASS,,klines,15m
um,BTCUSDT,2024-05,https://data.binance.vision/data/futures/um/monthly/klines/BTCUSDT/15m/BTCUSDT-15m-2024-05.zip,2976,2024-05-01T00:00:00+00:00,2024-05-31T23:45:00+00:00,180775c3969d5e1a4f80dab6d62639945db50ed26b7fb240e66cc384d572295b,180775c3969d5e1a4f80dab6d62639945db50ed26b7fb240e66cc384d572295b,144408,2024-06-17T13:42:53.000Z,"""a7dcbddc7ffdda40aa0e98d68e2be4ad""",2026-08-21T06:05:44.615360+00:00,PASS,,klines,15m
um,BTCUSDT,2024-06,https://data.binance.vision/data/futures/um/monthly/klines/BTCUSDT/15m/BTCUSDT-15m-2024-06.zip,2880,2024-06-01T00:00:00+00:00,2024-06-30T23:45:00+00:00,ff353ea993bd5db2ac704c7ab30b0f706216208da92089875daed06177b7a805,ff353ea993bd5db2ac704c7ab30b0f706216208da92089875daed06177b7a805,137470,2024-07-17T14:15:02.000Z,"""559845b4747a64b162486888825d2b3d""",2026-08-21T06:05:44.948099+00:00,PASS,,klines,15m
um,BTCUSDT,2024-07,https://data.binance.vision/data/futures/um/monthly/klines/BTCUSDT/15m/BTCUSDT-15m-2024-07.zip,2976,2024-07-01T00:00:00+00:00,2024-07-31T23:45:00+00:00,13cdc84f34becfaaaa9736896a0a0c92fa64bb20e84492569a1c1bb401634095,13cdc84f34becfaaaa9736896a0a0c92fa64bb20e84492569a1c1bb401634095,145340,2024-08-17T13:29:19.000Z,"""36720b1ad7645ce13d1f5df72c735bde""",2026-08-21T06:05:45.095809+00:00,PASS,,klines,15m
um,BTCUSDT,2024-08,https://data.binance.vision/data/futures/um/monthly/klines/BTCUSDT/15m/BTCUSDT-15m-2024-08.zip,2976,2024-08-01T00:00:00+00:00,2024-08-31T23:45:00+00:00,7db2001bc9958a0f42748ab56319a067be0610eb3f69ae7360251f9c54b933e1,7db2001bc9958a0f42748ab56319a067be0610eb3f69ae7360251f9c54b933e1,145551,2024-09-17T13:56:10.000Z,"""e58732659345308e89aaa39f2c60716f""",2026-08-21T06:05:45.312469+00:00,PASS,,klines,15m
um,BTCUSDT,2024-09,https://data.binance.vision/data/futures/um/monthly/klines/BTCUSDT/15m/BTCUSDT-15m-2024-09.zip,2880,2024-09-01T00:00:00+00:00,2024-09-30T23:45:00+00:00,ccc54f637eb90c3dd2bb190b3bfa40340c3812917726d203b5a9c94b8d27c727,ccc54f637eb90c3dd2bb190b3bfa40340c3812917726d203b5a9c94b8d27c727,139696,2024-10-17T15:47:40.000Z,"""fe3ddba50553868b6fc59382922aeb4f""",2026-08-21T06:05:45.474478+00:00,PASS,,klines,15m
um,BTCUSDT,2024-10,https://data.binance.vision/data/futures/um/monthly/klines/BTCUSDT/15m/BTCUSDT-15m-2024-10.zip,2976,2024-10-01T00:00:00+00:00,2024-10-31T23:45:00+00:00,64c3283e3e1020fb99916e908ec129c7ed2829319889db87319f3b48c72f6217,64c3283e3e1020fb99916e908ec129c7ed2829319889db87319f3b48c72f6217,143532,2024-11-21T21:56:40.000Z,"""46822864bf463a029e81407595aa9555""",2026-08-21T06:05:45.673517+00:00,PASS,,klines,15m
um,BTCUSDT,2024-11,https://data.binance.vision/data/futures/um/monthly/klines/BTCUSDT/15m/BTCUSDT-15m-2024-11.zip,2880,2024-11-01T00:00:00+00:00,2024-11-30T23:45:00+00:00,e54cdf3523373e2011ca133f12ee18ed54cf0e5a1a59426a9746fd2c39313a54,e54cdf3523373e2011ca133f12ee18ed54cf0e5a1a59426a9746fd2c39313a54,141946,2024-12-17T13:51:49.000Z,"""892ba82e712e8b7db99acf79cc160671""",2026-08-21T06:05:45.835407+00:00,PASS,,klines,15m
um,BTCUSDT,2024-12,https://data.binance.vision/data/futures/um/monthly/klines/BTCUSDT/15m/BTCUSDT-15m-2024-12.zip,2976,2024-12-01T00:00:00+00:00,2024-12-31T23:45:00+00:00,717d3e617fdc6f5c486c16d2f2c0e3e0929fd9158f75827bc603c003ad709544,717d3e617fdc6f5c486c16d2f2c0e3e0929fd9158f75827bc603c003ad709544,146336,2025-01-17T13:29:11.000Z,"""7514fc01eb56a572cf221a180a21c452""",2026-08-21T06:05:46.054686+00:00,PASS,,klines,15m
um,BTCUSDT,2025-01,https://data.binance.vision/data/futures/um/monthly/klines/BTCUSDT/15m/BTCUSDT-15m-2025-01.zip,2976,2025-01-01T00:00:00+00:00,2025-01-31T23:45:00+00:00,0867b0b8e22069621de45df42cc49a8df1b8217cf777529b1df6d43253927588,0867b0b8e22069621de45df42cc49a8df1b8217cf777529b1df6d43253927588,145675,2025-02-17T13:27:55.000Z,"""642c6fe042432acb0c2e29f9183b9551""",2026-08-21T06:05:46.224701+00:00,PASS,,klines,15m
um,BTCUSDT,2025-02,https://data.binance.vision/data/futures/um/monthly/klines/BTCUSDT/15m/BTCUSDT-15m-2025-02.zip,2688,2025-02-01T00:00:00+00:00,2025-02-28T23:45:00+00:00,44280cf80923ec6ee42e28e4606723b2f36909eab5c334ee5aee132ff989f12b,44280cf80923ec6ee42e28e4606723b2f36909eab5c334ee5aee132ff989f12b,130972,2025-03-17T13:35:18.000Z,"""6f6669bcb25606644d39ff145b6fcb5b""",2026-08-21T06:05:46.410324+00:00,PASS,,klines,15m
um,BTCUSDT,2025-03,https://data.binance.vision/data/futures/um/monthly/klines/BTCUSDT/15m/BTCUSDT-15m-2025-03.zip,2976,2025-03-01T00:00:00+00:00,2025-03-31T23:45:00+00:00,aea345f1561a16710812658f2d435f0e02de5fc25d7ba8ad821526d67b2ab229,aea345f1561a16710812658f2d435f0e02de5fc25d7ba8ad821526d67b2ab229,145535,2025-04-17T13:41:56.000Z,"""41d6405456846359e0cd8418ba3e6e0b""",2026-08-21T06:05:46.588993+00:00,PASS,,klines,15m
um,BTCUSDT,2025-04,https://data.binance.vision/data/futures/um/monthly/klines/BTCUSDT/15m/BTCUSDT-15m-2025-04.zip,2880,2025-04-01T00:00:00+00:00,2025-04-30T23:45:00+00:00,6a5166823a9e80e25f520a8e7e26f34550c975e26bd1c5bb95a20d530b89bfa5,6a5166823a9e80e25f520a8e7e26f34550c975e26bd1c5bb95a20d530b89bfa5,140475,2025-05-17T13:45:38.000Z,"""5bc20929bb8335542bc08b1990e1264a""",2026-08-21T06:05:46.779697+00:00,PASS,,klines,15m
um,BTCUSDT,2025-05,https://data.binance.vision/data/futures/um/monthly/klines/BTCUSDT/15m/BTCUSDT-15m-2025-05.zip,2976,2025-05-01T00:00:00+00:00,2025-05-31T23:45:00+00:00,303a174c2d15248fe00342ac2b01bec41bb4e11c4a5d26d480e2a382808bc020,303a174c2d15248fe00342ac2b01bec41bb4e11c4a5d26d480e2a382808bc020,145447,2025-06-02T09:16:12.000Z,"""53065a75b68009d3038f2a94a83d8c6e""",2026-08-21T06:05:46.943446+00:00,PASS,,klines,15m
um,BTCUSDT,2025-06,https://data.binance.vision/data/futures/um/monthly/klines/BTCUSDT/15m/BTCUSDT-15m-2025-06.zip,2880,2025-06-01T00:00:00+00:00,2025-06-30T23:45:00+00:00,4c980922647b630dbf146cb80934776930f8b4a9b419967710ecb8ce398e036d,4c980922647b630dbf146cb80934776930f8b4a9b419967710ecb8ce398e036d,139881,2025-07-17T14:13:00.000Z,"""db4baf690508e35fc2bec7acaa2a8412""",2026-08-21T06:05:47.246456+00:00,PASS,,klines,15m
um,BTCUSDT,2025-07,https://data.binance.vision/data/futures/um/monthly/klines/BTCUSDT/15m/BTCUSDT-15m-2025-07.zip,2976,2025-07-01T00:00:00+00:00,2025-07-31T23:45:00+00:00,dd5bb32a02e5a3dc93717530abe572f41e1bc50b920daad6e226bb6024e52b51,dd5bb32a02e5a3dc93717530abe572f41e1bc50b920daad6e226bb6024e52b51,143938,2025-08-02T08:58:24.000Z,"""a46d7c2826691d0fc6c1f8465362b131""",2026-08-21T06:05:47.381365+00:00,PASS,,klines,15m
um,BTCUSDT,2025-08,https://data.binance.vision/data/futures/um/monthly/klines/BTCUSDT/15m/BTCUSDT-15m-2025-08.zip,2976,2025-08-01T00:00:00+00:00,2025-08-31T23:45:00+00:00,b8965932ae4008e4f1f8ec1ed344f11fbd1f743b44679dacfab665f05414aced,b8965932ae4008e4f1f8ec1ed344f11fbd1f743b44679dacfab665f05414aced,144410,2025-09-02T11:16:31.000Z,"""08663de0f979243b31f43411b14cef34""",2026-08-21T06:05:47.658512+00:00,PASS,,klines,15m
um,BTCUSDT,2025-09,https://data.binance.vision/data/futures/um/monthly/klines/BTCUSDT/15m/BTCUSDT-15m-2025-09.zip,2880,2025-09-01T00:00:00+00:00,2025-09-30T23:45:00+00:00,fcfe6d1c17890b82788b13707bbdc99694361f701a49f15347c8f0e85e55fd1f,fcfe6d1c17890b82788b13707bbdc99694361f701a49f15347c8f0e85e55fd1f,138388,2025-10-02T09:11:51.000Z,"""6a040cfa614e22cdf2f7129efdcf2337""",2026-08-21T06:05:47.752070+00:00,PASS,,klines,15m
um,BTCUSDT,2025-10,https://data.binance.vision/data/futures/um/monthly/klines/BTCUSDT/15m/BTCUSDT-15m-2025-10.zip,2976,2025-10-01T00:00:00+00:00,2025-10-31T23:45:00+00:00,14f11249137327f5ecadfaceab1eea9ba87f819298af645998fc9bd2cde02b77,14f11249137327f5ecadfaceab1eea9ba87f819298af645998fc9bd2cde02b77,146246,2025-11-02T09:50:43.000Z,"""0a0879aee3931ac9692d985666b78a27""",2026-08-21T06:05:48.020102+00:00,PASS,,klines,15m
um,BTCUSDT,2025-11,https://data.binance.vision/data/futures/um/monthly/klines/BTCUSDT/15m/BTCUSDT-15m-2025-11.zip,2880,2025-11-01T00:00:00+00:00,2025-11-30T23:45:00+00:00,66c714d54807c313814d0aef6ee2ef21e07e311605b47c23ae32978c721a4b23,66c714d54807c313814d0aef6ee2ef21e07e311605b47c23ae32978c721a4b23,140773,2025-12-02T09:35:27.000Z,"""e030d02e7d40e5ab041a3cc5ba99b483""",2026-08-21T06:05:48.115622+00:00,PASS,,klines,15m
um,BTCUSDT,2025-12,https://data.binance.vision/data/futures/um/monthly/klines/BTCUSDT/15m/BTCUSDT-15m-2025-12.zip,2976,2025-12-01T00:00:00+00:00,2025-12-31T23:45:00+00:00,d497e319364b0c13a0cd59e0192568ea1542e8f430844046189a8cf534895805,d497e319364b0c13a0cd59e0192568ea1542e8f430844046189a8cf534895805,143001,2026-01-02T10:44:36.000Z,"""36e425cc3e27e99e5bdb7867182e122b""",2026-08-21T06:05:48.425192+00:00,PASS,,klines,15m
um,BTCUSDT,2026-01,https://data.binance.vision/data/futures/um/monthly/klines/BTCUSDT/15m/BTCUSDT-15m-2026-01.zip,2976,2026-01-01T00:00:00+00:00,2026-01-31T23:45:00+00:00,065fc8cf21f51ad6bd043fa670ba2dbc8c6030efd5dff63d5d4a9d99e0b88d0b,065fc8cf21f51ad6bd043fa670ba2dbc8c6030efd5dff63d5d4a9d99e0b88d0b,142704,2026-02-02T10:20:24.000Z,"""0531eb4482051dd54ce0109617808eaf""",2026-08-21T06:05:48.566880+00:00,PASS,,klines,15m
um,BTCUSDT,2026-02,https://data.binance.vision/data/futures/um/monthly/klines/BTCUSDT/15m/BTCUSDT-15m-2026-02.zip,2688,2026-02-01T00:00:00+00:00,2026-02-28T23:45:00+00:00,983c066f0cf0171466e89d7596433f5ac717ea8c805fe5b650a83b3176cd92c1,983c066f0cf0171466e89d7596433f5ac717ea8c805fe5b650a83b3176cd92c1,131955,2026-03-02T09:14:25.000Z,"""793a4b644ea9eb1ce5040af65b6f883b""",2026-08-21T06:05:48.770837+00:00,PASS,,klines,15m
um,BTCUSDT,2026-03,https://data.binance.vision/data/futures/um/monthly/klines/BTCUSDT/15m/BTCUSDT-15m-2026-03.zip,2976,2026-03-01T00:00:00+00:00,2026-03-31T23:45:00+00:00,ea25e84ddffdcc8b7ba68fb47363daee6a9ef53941f152c9ebf6d4e165d32bf8,ea25e84ddffdcc8b7ba68fb47363daee6a9ef53941f152c9ebf6d4e165d32bf8,145250,2026-04-02T09:16:15.000Z,"""690b20608af5c58e917a3ce8cf4c87fe""",2026-08-21T06:05:48.903532+00:00,PASS,,klines,15m
um,BTCUSDT,2026-04,https://data.binance.vision/data/futures/um/monthly/klines/BTCUSDT/15m/BTCUSDT-15m-2026-04.zip,2880,2026-04-01T00:00:00+00:00,2026-04-30T23:45:00+00:00,0bc151133aa47be76f535539e25c04970bd6d0afd54e532951638dc8330fcc58,0bc151133aa47be76f535539e25c04970bd6d0afd54e532951638dc8330fcc58,138462,2026-05-02T09:07:10.000Z,"""f091bf72f8b4c8c2381e6f3e6728b781""",2026-08-21T06:05:49.263037+00:00,PASS,,klines,15m
um,BTCUSDT,2026-05,https://data.binance.vision/data/futures/um/monthly/klines/BTCUSDT/15m/BTCUSDT-15m-2026-05.zip,2976,2026-05-01T00:00:00+00:00,2026-05-31T23:45:00+00:00,1c0a865f62ddca9890f5d7bbe901b7261a3818785594d960f5fce36ee7ce81f5,1c0a865f62ddca9890f5d7bbe901b7261a3818785594d960f5fce36ee7ce81f5,142000,2026-06-02T10:57:54.000Z,"""de8788d29b5af93542e0d4a7224564a8""",2026-08-21T06:05:49.169037+00:00,PASS,,klines,15m
um,BTCUSDT,2026-06,https://data.binance.vision/data/futures/um/monthly/klines/BTCUSDT/15m/BTCUSDT-15m-2026-06.zip,2880,2026-06-01T00:00:00+00:00,2026-06-30T23:45:00+00:00,54369ae74f8122e0d3c8152807f78ec3ced435a8b0ab59c5efcea2cbad878857,54369ae74f8122e0d3c8152807f78ec3ced435a8b0ab59c5efcea2cbad878857,139837,2026-07-02T12:04:38.000Z,"""34b7ee8c303e84d964905057596ddf91""",2026-08-21T06:05:49.608600+00:00,PASS,,klines,15m
um,BTCUSDT,2026-07,https://data.binance.vision/data/futures/um/monthly/klines/BTCUSDT/15m/BTCUSDT-15m-2026-07.zip,2976,2026-07-01T00:00:00+00:00,2026-07-31T23:45:00+00:00,10df439d8404a31fc55ed91fe0169b79db3fa3e7a8c83bc2eb704004eadea1c2,10df439d8404a31fc55ed91fe0169b79db3fa3e7a8c83bc2eb704004eadea1c2,142057,2026-08-02T10:44:42.000Z,"""043e07448646e152ea02e676d4620e9c""",2026-08-21T06:05:49.614601+00:00,PASS,,klines,15m
um,ETHUSDT,2020-01,https://data.binance.vision/data/futures/um/monthly/klines/ETHUSDT/15m/ETHUSDT-15m-2020-01.zip,2976,2020-01-01T00:00:00+00:00,2020-01-31T23:45:00+00:00,be850bcde4421807ca925375f9f529a94e132be473382202f57ea49ff124c8d6,be850bcde4421807ca925375f9f529a94e132be473382202f57ea49ff124c8d6,127343,2021-06-14T06:12:39.000Z,"""1ac7f4a53d9f9e8aabb5f2d6ebfc945e""",2026-08-21T06:05:49.962581+00:00,PASS,,klines,15m
um,ETHUSDT,2020-02,https://data.binance.vision/data/futures/um/monthly/klines/ETHUSDT/15m/ETHUSDT-15m-2020-02.zip,2784,2020-02-01T00:00:00+00:00,2020-02-29T23:45:00+00:00,1ee452ca7e0874b3170e7e170c39516da1b4cbbc7760a715733fd47fcc79187c,1ee452ca7e0874b3170e7e170c39516da1b4cbbc7760a715733fd47fcc79187c,124867,2021-06-14T05:03:44.000Z,"""9521a03039e09946d47f418b1c148f60""",2026-08-21T06:05:50.044429+00:00,PASS,,klines,15m
um,ETHUSDT,2020-03,https://data.binance.vision/data/futures/um/monthly/klines/ETHUSDT/15m/ETHUSDT-15m-2020-03.zip,2976,2020-03-01T00:00:00+00:00,2020-03-31T23:45:00+00:00,5c16b4231cc0366d246b60c4daafc3c7fc7127aed43a7401b7b4743d1898f505,5c16b4231cc0366d246b60c4daafc3c7fc7127aed43a7401b7b4743d1898f505,133674,2021-06-28T06:11:20.000Z,"""0088aeb0e363c0e5dddb57355c1411d6""",2026-08-21T06:05:50.213594+00:00,PASS,,klines,15m
um,ETHUSDT,2020-04,https://data.binance.vision/data/futures/um/monthly/klines/ETHUSDT/15m/ETHUSDT-15m-2020-04.zip,2880,2020-04-01T00:00:00+00:00,2020-04-30T23:45:00+00:00,4fd06af73bdabdf6eb668dc738550a337cb8647a0c7c60b586abb39a9e3ba6ac,4fd06af73bdabdf6eb668dc738550a337cb8647a0c7c60b586abb39a9e3ba6ac,128736,2021-06-28T07:00:18.000Z,"""3c450637d3af1bb068f7fa17a454f825""",2026-08-21T06:05:50.392385+00:00,PASS,,klines,15m
um,ETHUSDT,2020-05,https://data.binance.vision/data/futures/um/monthly/klines/ETHUSDT/15m/ETHUSDT-15m-2020-05.zip,2976,2020-05-01T00:00:00+00:00,2020-05-31T23:45:00+00:00,7095867a2ea3a9123469ec2bb13ea4865b7b092f6f2edf6c67c8a406852c1607,7095867a2ea3a9123469ec2bb13ea4865b7b092f6f2edf6c67c8a406852c1607,132618,2021-06-28T08:40:19.000Z,"""3537e3d44eb98c88b69e660e55e1a589""",2026-08-21T06:05:50.497269+00:00,PASS,,klines,15m
um,ETHUSDT,2020-06,https://data.binance.vision/data/futures/um/monthly/klines/ETHUSDT/15m/ETHUSDT-15m-2020-06.zip,2880,2020-06-01T00:00:00+00:00,2020-06-30T23:45:00+00:00,6e91d9437b28a7f6e47b43ccace4377456ca6cf75164affbbf1b5f33687f630b,6e91d9437b28a7f6e47b43ccace4377456ca6cf75164affbbf1b5f33687f630b,126296,2021-06-28T10:10:02.000Z,"""5c3aea453092e7056baf463253637318""",2026-08-21T06:05:50.604072+00:00,PASS,,klines,15m
um,ETHUSDT,2020-07,https://data.binance.vision/data/futures/um/monthly/klines/ETHUSDT/15m/ETHUSDT-15m-2020-07.zip,2976,2020-07-01T00:00:00+00:00,2020-07-31T23:45:00+00:00,323cdc8f50a1822c421d15f715d9d514d513c2c4ec479d4f656228b2e0f3944e,323cdc8f50a1822c421d15f715d9d514d513c2c4ec479d4f656228b2e0f3944e,131141,2021-06-28T11:24:38.000Z,"""130c840ecf40095613fd0a8029010bdb""",2026-08-21T06:05:50.860914+00:00,PASS,,klines,15m
um,ETHUSDT,2020-08,https://data.binance.vision/data/futures/um/monthly/klines/ETHUSDT/15m/ETHUSDT-15m-2020-08.zip,2976,2020-08-01T00:00:00+00:00,2020-08-31T23:45:00+00:00,817d409f95802453bb62d34cb3a76475d863695429b3f62304a47dc858dacb98,817d409f95802453bb62d34cb3a76475d863695429b3f62304a47dc858dacb98,136505,2021-06-28T12:46:44.000Z,"""0e6a9eaf6206fe33f46733c2dd938856""",2026-08-21T06:05:51.015102+00:00,PASS,,klines,15m
um,ETHUSDT,2020-09,https://data.binance.vision/data/futures/um/monthly/klines/ETHUSDT/15m/ETHUSDT-15m-2020-09.zip,2880,2020-09-01T00:00:00+00:00,2020-09-30T23:45:00+00:00,44cb7ac27035e1abbfb0877d7a32e707c8bc9b1e8c5c31e4efed45007db8715a,44cb7ac27035e1abbfb0877d7a32e707c8bc9b1e8c5c31e4efed45007db8715a,132883,2021-06-28T16:21:06.000Z,"""6eb439a4d80b05503195e3a5997df49d""",2026-08-21T06:05:51.133404+00:00,PASS,,klines,15m
um,ETHUSDT,2020-10,https://data.binance.vision/data/futures/um/monthly/klines/ETHUSDT/15m/ETHUSDT-15m-2020-10.zip,2976,2020-10-01T00:00:00+00:00,2020-10-31T23:45:00+00:00,9c65599b32eb9439f6ee80dcc052c111c9d1eea2fc64f858a2b78d47a516b62c,9c65599b32eb9439f6ee80dcc052c111c9d1eea2fc64f858a2b78d47a516b62c,134372,2021-06-28T18:26:46.000Z,"""2c8b283c1cf28f864f8d7248a1470729""",2026-08-21T06:05:51.265383+00:00,PASS,,klines,15m
um,ETHUSDT,2020-11,https://data.binance.vision/data/futures/um/monthly/klines/ETHUSDT/15m/ETHUSDT-15m-2020-11.zip,2880,2020-11-01T00:00:00+00:00,2020-11-30T23:45:00+00:00,3d5347a1174a5f641220d589877a1104241eadac7ee4a459a6b6b269329961ec,3d5347a1174a5f641220d589877a1104241eadac7ee4a459a6b6b269329961ec,135543,2021-06-28T21:15:39.000Z,"""5e1e33816fd7866ea199b2264504c4ba""",2026-08-21T06:05:51.407651+00:00,PASS,,klines,15m
um,ETHUSDT,2020-12,https://data.binance.vision/data/futures/um/monthly/klines/ETHUSDT/15m/ETHUSDT-15m-2020-12.zip,2976,2020-12-01T00:00:00+00:00,2020-12-31T23:45:00+00:00,5790ffe90d9808ed526b274f78f3534f7516f38d2dab69184a4d26f0846dab4a,5790ffe90d9808ed526b274f78f3534f7516f38d2dab69184a4d26f0846dab4a,140403,2021-06-28T23:47:12.000Z,"""34c22991447d4c91d7b24b594da53827""",2026-08-21T06:05:51.553489+00:00,PASS,,klines,15m
um,ETHUSDT,2021-01,https://data.binance.vision/data/futures/um/monthly/klines/ETHUSDT/15m/ETHUSDT-15m-2021-01.zip,2976,2021-01-01T00:00:00+00:00,2021-01-31T23:45:00+00:00,8949195778e2b05370e9082dc60c8f7a9c83631252eb9491c3c3c84b07c0bec7,8949195778e2b05370e9082dc60c8f7a9c83631252eb9491c3c3c84b07c0bec7,147930,2021-06-29T02:46:12.000Z,"""aa8493e3d7dd1255dd4dc20961dc30c0""",2026-08-21T06:05:51.625748+00:00,PASS,,klines,15m
um,ETHUSDT,2021-02,https://data.binance.vision/data/futures/um/monthly/klines/ETHUSDT/15m/ETHUSDT-15m-2021-02.zip,2688,2021-02-01T00:00:00+00:00,2021-02-28T23:45:00+00:00,779cc2fbd39b028049c038233b9d3c1fcfa41ea9d1c9883f33dbf7ccc3dbc847,779cc2fbd39b028049c038233b9d3c1fcfa41ea9d1c9883f33dbf7ccc3dbc847,132702,2021-03-02T20:49:32.000Z,"""b8a217a0df03b7b065cfdbeeea6fe645""",2026-08-21T06:05:51.932431+00:00,PASS,,klines,15m
um,ETHUSDT,2021-03,https://data.binance.vision/data/futures/um/monthly/klines/ETHUSDT/15m/ETHUSDT-15m-2021-03.zip,2976,2021-03-01T00:00:00+00:00,2021-03-31T23:45:00+00:00,26b21140c3dc70d0df78db60ca98ab1be8d5a874eefc74c72b037f720167d0c4,26b21140c3dc70d0df78db60ca98ab1be8d5a874eefc74c72b037f720167d0c4,145442,2021-06-09T14:52:34.000Z,"""928afd147bc4914d6e398cc8a1512ff4""",2026-08-21T06:05:51.904433+00:00,PASS,,klines,15m
um,ETHUSDT,2021-04,https://data.binance.vision/data/futures/um/monthly/klines/ETHUSDT/15m/ETHUSDT-15m-2021-04.zip,2880,2021-04-01T00:00:00+00:00,2021-04-30T23:45:00+00:00,60b7d0bfbed9bf1bbf9554dcf08f9c676740ef7161fddcc0fa408846a8072878,60b7d0bfbed9bf1bbf9554dcf08f9c676740ef7161fddcc0fa408846a8072878,142562,2021-06-09T11:16:07.000Z,"""4379ca8efc05ce4ef19458778701b9cd""",2026-08-21T06:05:52.187571+00:00,PASS,,klines,15m
um,ETHUSDT,2021-05,https://data.binance.vision/data/futures/um/monthly/klines/ETHUSDT/15m/ETHUSDT-15m-2021-05.zip,2976,2021-05-01T00:00:00+00:00,2021-05-31T23:45:00+00:00,77c8ca3914321c8e59c34ba7d23a3c7d63f5e83c219e55c767ce9953022dcbf2,77c8ca3914321c8e59c34ba7d23a3c7d63f5e83c219e55c767ce9953022dcbf2,151239,2021-06-17T19:50:27.000Z,"""d353a3f701b1829c8e0b69ea3a45e9a0""",2026-08-21T06:05:52.141068+00:00,PASS,,klines,15m
um,ETHUSDT,2021-06,https://data.binance.vision/data/futures/um/monthly/klines/ETHUSDT/15m/ETHUSDT-15m-2021-06.zip,2880,2021-06-01T00:00:00+00:00,2021-06-30T23:45:00+00:00,913546ade2f9425e89989e839ca3d3d14ac29838eb83e2fc735ea2438e2eb141,913546ade2f9425e89989e839ca3d3d14ac29838eb83e2fc735ea2438e2eb141,144396,2021-09-12T08:28:04.000Z,"""aa7a4ecd656ecb21ad71a60e1f7072c2""",2026-08-21T06:05:52.438337+00:00,PASS,,klines,15m
um,ETHUSDT,2021-07,https://data.binance.vision/data/futures/um/monthly/klines/ETHUSDT/15m/ETHUSDT-15m-2021-07.zip,2976,2021-07-01T00:00:00+00:00,2021-07-31T23:45:00+00:00,c5c52ba14f8964e3669c7c147358981b2d31e0b7982b0567f1ffc24ec857831d,c5c52ba14f8964e3669c7c147358981b2d31e0b7982b0567f1ffc24ec857831d,147576,2021-08-01T20:59:05.000Z,"""1b933bf4d761b4c57d8c48fc53a29b6f""",2026-08-21T06:05:52.487208+00:00,PASS,,klines,15m
um,ETHUSDT,2021-08,https://data.binance.vision/data/futures/um/monthly/klines/ETHUSDT/15m/ETHUSDT-15m-2021-08.zip,2976,2021-08-01T00:00:00+00:00,2021-08-31T23:45:00+00:00,95981cb8a9dda8d51be3a0d323d8d89ee4410f6e4ee3ea74e41d54b8152770b0,95981cb8a9dda8d51be3a0d323d8d89ee4410f6e4ee3ea74e41d54b8152770b0,148269,2021-09-02T15:34:40.000Z,"""534dfbd18f838dffd17b8c10434ffd5b""",2026-08-21T06:05:52.754457+00:00,PASS,,klines,15m
um,ETHUSDT,2021-09,https://data.binance.vision/data/futures/um/monthly/klines/ETHUSDT/15m/ETHUSDT-15m-2021-09.zip,2880,2021-09-01T00:00:00+00:00,2021-09-30T23:45:00+00:00,7e9db70488fe7324c7c58a905638bf81437f11c61018238190ca6723a828e9e9,7e9db70488fe7324c7c58a905638bf81437f11c61018238190ca6723a828e9e9,143558,2021-10-01T14:11:46.000Z,"""17cb8fa42142ac7a287467e17741dbac""",2026-08-21T06:05:52.796122+00:00,PASS,,klines,15m
um,ETHUSDT,2021-10,https://data.binance.vision/data/futures/um/monthly/klines/ETHUSDT/15m/ETHUSDT-15m-2021-10.zip,2976,2021-10-01T00:00:00+00:00,2021-10-31T23:45:00+00:00,755a29a1a30d7c18f6932a5ceb16288a61968fb2e1ada5611b58c5aad46947da,755a29a1a30d7c18f6932a5ceb16288a61968fb2e1ada5611b58c5aad46947da,147264,2021-11-01T14:57:35.000Z,"""0fb02755c3d59e4f50cdefcb46c8441c""",2026-08-21T06:05:53.046523+00:00,PASS,,klines,15m
um,ETHUSDT,2021-11,https://data.binance.vision/data/futures/um/monthly/klines/ETHUSDT/15m/ETHUSDT-15m-2021-11.zip,2880,2021-11-01T00:00:00+00:00,2021-11-30T23:45:00+00:00,016ce492025483e69485963f4d503ef0b04b7d961f2c89f2fd455d6bb15169fc,016ce492025483e69485963f4d503ef0b04b7d961f2c89f2fd455d6bb15169fc,142393,2021-12-01T11:49:58.000Z,"""25524deded33e6ee3811f4c184784357""",2026-08-21T06:05:53.083073+00:00,PASS,,klines,15m
um,ETHUSDT,2021-12,https://data.binance.vision/data/futures/um/monthly/klines/ETHUSDT/15m/ETHUSDT-15m-2021-12.zip,2976,2021-12-01T00:00:00+00:00,2021-12-31T23:45:00+00:00,88eda6c9262c4322022ed9017232756e9ba0aca6a3d4d34c23850da6f241812d,88eda6c9262c4322022ed9017232756e9ba0aca6a3d4d34c23850da6f241812d,147346,2022-01-07T16:18:15.000Z,"""cd21dc7decb464d3e182010e41014110""",2026-08-21T06:05:53.350073+00:00,PASS,,klines,15m
um,ETHUSDT,2022-01,https://data.binance.vision/data/futures/um/monthly/klines/ETHUSDT/15m/ETHUSDT-15m-2022-01.zip,2976,2022-01-01T00:00:00+00:00,2022-01-31T23:45:00+00:00,f34e867abd33f17c4c9722338d1e6098da86ceb1ed7e68da704de4a1a6fc0b62,f34e867abd33f17c4c9722338d1e6098da86ceb1ed7e68da704de4a1a6fc0b62,146670,2023-12-18T13:44:28.000Z,"""625e779e32780f5cf40dd9fcdc167abb""",2026-08-21T06:05:53.442074+00:00,PASS,,klines,15m
um,ETHUSDT,2022-02,https://data.binance.vision/data/futures/um/monthly/klines/ETHUSDT/15m/ETHUSDT-15m-2022-02.zip,2688,2022-02-01T00:00:00+00:00,2022-02-28T23:45:00+00:00,c4e6259d3d5bab4e1d2349c42d6ac0af6514237b55683a36364672b9be5ec77e,c4e6259d3d5bab4e1d2349c42d6ac0af6514237b55683a36364672b9be5ec77e,133502,2024-01-08T12:14:23.000Z,"""75f2d31942283f74fa6019b05f50bdee""",2026-08-21T06:05:53.609295+00:00,PASS,,klines,15m
um,ETHUSDT,2022-03,https://data.binance.vision/data/futures/um/monthly/klines/ETHUSDT/15m/ETHUSDT-15m-2022-03.zip,2976,2022-03-01T00:00:00+00:00,2022-03-31T23:45:00+00:00,763c04742dd6d47f2c01b3215bededcf606c07e7df0af78c341fe9590c5d7d65,763c04742dd6d47f2c01b3215bededcf606c07e7df0af78c341fe9590c5d7d65,145963,2024-01-08T13:33:05.000Z,"""13447cbc444349bbdf52e8d6101acef1""",2026-08-21T06:05:53.779347+00:00,PASS,,klines,15m
um,ETHUSDT,2022-04,https://data.binance.vision/data/futures/um/monthly/klines/ETHUSDT/15m/ETHUSDT-15m-2022-04.zip,2880,2022-04-01T00:00:00+00:00,2022-04-30T23:45:00+00:00,cbab8ad431d7c56272aee8eb21be74c33933e63aebeb45fdc0a51d71e3342a29,cbab8ad431d7c56272aee8eb21be74c33933e63aebeb45fdc0a51d71e3342a29,140578,2024-01-08T14:17:11.000Z,"""eb08825fe172446eac8498adf922de31""",2026-08-21T06:05:53.946202+00:00,PASS,,klines,15m
um,ETHUSDT,2022-05,https://data.binance.vision/data/futures/um/monthly/klines/ETHUSDT/15m/ETHUSDT-15m-2022-05.zip,2976,2022-05-01T00:00:00+00:00,2022-05-31T23:45:00+00:00,89f651e2e396166ab54a66e53fab3061eb82f7c1bdd33352752c9956da586aae,89f651e2e396166ab54a66e53fab3061eb82f7c1bdd33352752c9956da586aae,146729,2024-08-20T18:09:48.000Z,"""6ae2e5d2bf49f0130866714c1f5579d7""",2026-08-21T06:05:54.237564+00:00,PASS,,klines,15m
um,ETHUSDT,2022-06,https://data.binance.vision/data/futures/um/monthly/klines/ETHUSDT/15m/ETHUSDT-15m-2022-06.zip,2880,2022-06-01T00:00:00+00:00,2022-06-30T23:45:00+00:00,14a2d341f726acda252f3cd17b20a21bc75b8566fe5a4d060afbc3c763922dd6,14a2d341f726acda252f3cd17b20a21bc75b8566fe5a4d060afbc3c763922dd6,143420,2023-12-20T14:51:57.000Z,"""ce334fd1559a7f3deb469bf1c7f6965d""",2026-08-21T06:05:54.394300+00:00,PASS,,klines,15m
um,ETHUSDT,2022-07,https://data.binance.vision/data/futures/um/monthly/klines/ETHUSDT/15m/ETHUSDT-15m-2022-07.zip,2976,2022-07-01T00:00:00+00:00,2022-07-31T23:45:00+00:00,c248a49cae33740d26b9ba7f3828630fdf0428ad36c68c8752c276e11f4146d0,c248a49cae33740d26b9ba7f3828630fdf0428ad36c68c8752c276e11f4146d0,148525,2023-09-21T06:14:08.000Z,"""c3e30fb66c864129a2b256805e5f44e3""",2026-08-21T06:05:54.607619+00:00,PASS,,klines,15m
um,ETHUSDT,2022-08,https://data.binance.vision/data/futures/um/monthly/klines/ETHUSDT/15m/ETHUSDT-15m-2022-08.zip,2976,2022-08-01T00:00:00+00:00,2022-08-31T23:45:00+00:00,6a9e64b652806493ec753eec55780cad6420e8fd0daf007778641368d1d4ccc9,6a9e64b652806493ec753eec55780cad6420e8fd0daf007778641368d1d4ccc9,149065,2023-06-12T11:49:07.000Z,"""e32f39c913015f23f98673fd23476679""",2026-08-21T06:05:54.807078+00:00,PASS,,klines,15m
um,ETHUSDT,2022-09,https://data.binance.vision/data/futures/um/monthly/klines/ETHUSDT/15m/ETHUSDT-15m-2022-09.zip,2880,2022-09-01T00:00:00+00:00,2022-09-30T23:45:00+00:00,e3c24622eff11720bd241a37a09eee904424d5f095bed163803faaec1f8094b5,e3c24622eff11720bd241a37a09eee904424d5f095bed163803faaec1f8094b5,143819,2022-10-26T14:11:35.000Z,"""b12036016c26c41e6d751e25c821fd5e""",2026-08-21T06:05:54.949933+00:00,PASS,,klines,15m
um,ETHUSDT,2022-10,https://data.binance.vision/data/futures/um/monthly/klines/ETHUSDT/15m/ETHUSDT-15m-2022-10.zip,2976,2022-10-01T00:00:00+00:00,2022-10-31T23:45:00+00:00,8406a50b9db5e1b2c2753e8496372f9199193041c698aea959faf40e7786fcba,8406a50b9db5e1b2c2753e8496372f9199193041c698aea959faf40e7786fcba,145390,2022-11-17T18:57:28.000Z,"""f749425e7e261533b3052ee02e0ca967""",2026-08-21T06:05:55.115033+00:00,PASS,,klines,15m
um,ETHUSDT,2022-11,https://data.binance.vision/data/futures/um/monthly/klines/ETHUSDT/15m/ETHUSDT-15m-2022-11.zip,2880,2022-11-01T00:00:00+00:00,2022-11-30T23:45:00+00:00,353bbe11f3aa0dbcd0772c78232e2ec104b02d105ea4173e1f619eed943b5971,353bbe11f3aa0dbcd0772c78232e2ec104b02d105ea4173e1f619eed943b5971,142474,2022-12-09T13:39:37.000Z,"""9e498bdeef68cdb9281791623b7c47c9""",2026-08-21T06:05:55.301107+00:00,PASS,,klines,15m
um,ETHUSDT,2022-12,https://data.binance.vision/data/futures/um/monthly/klines/ETHUSDT/15m/ETHUSDT-15m-2022-12.zip,2976,2022-12-01T00:00:00+00:00,2022-12-31T23:45:00+00:00,d311ac52d3a542b126e1b6574498609c32c5f0adf566d9f6a5b69c0b72f5a059,d311ac52d3a542b126e1b6574498609c32c5f0adf566d9f6a5b69c0b72f5a059,142432,2023-01-17T18:31:45.000Z,"""684f45103fa1d979386c6a341ecd46b5""",2026-08-21T06:05:55.475504+00:00,PASS,,klines,15m
um,ETHUSDT,2023-01,https://data.binance.vision/data/futures/um/monthly/klines/ETHUSDT/15m/ETHUSDT-15m-2023-01.zip,2976,2023-01-01T00:00:00+00:00,2023-01-31T23:45:00+00:00,4b94b8078f553d56986966a816ab1888b57f1c4ac4be9385aa8eb4a0f5d0b5bf,4b94b8078f553d56986966a816ab1888b57f1c4ac4be9385aa8eb4a0f5d0b5bf,144355,2023-02-17T16:29:02.000Z,"""e5a917e4ec029ab3451cd9e6227f807d""",2026-08-21T06:05:55.611437+00:00,PASS,,klines,15m
um,ETHUSDT,2023-02,https://data.binance.vision/data/futures/um/monthly/klines/ETHUSDT/15m/ETHUSDT-15m-2023-02.zip,2688,2023-02-01T00:00:00+00:00,2023-02-28T23:45:00+00:00,181f161c13de3e1918f987845d0d7a3e698634d98e5ca83d2a46baaa8602feba,181f161c13de3e1918f987845d0d7a3e698634d98e5ca83d2a46baaa8602feba,131348,2023-09-19T08:44:12.000Z,"""b8d1cbce7d9f696c31df9066966cbb69""",2026-08-21T06:05:55.758247+00:00,PASS,,klines,15m
um,ETHUSDT,2023-03,https://data.binance.vision/data/futures/um/monthly/klines/ETHUSDT/15m/ETHUSDT-15m-2023-03.zip,2976,2023-03-01T00:00:00+00:00,2023-03-31T23:45:00+00:00,1402dfca8c6b948335ab7500cae23093e734a112c11474fab8f10bc93bdc07e9,1402dfca8c6b948335ab7500cae23093e734a112c11474fab8f10bc93bdc07e9,146259,2023-04-22T17:53:56.000Z,"""312193d984a5374d990bd6456a58d0fa""",2026-08-21T06:05:56.011273+00:00,PASS,,klines,15m
um,ETHUSDT,2023-04,https://data.binance.vision/data/futures/um/monthly/klines/ETHUSDT/15m/ETHUSDT-15m-2023-04.zip,2880,2023-04-01T00:00:00+00:00,2023-04-30T23:45:00+00:00,55fc2dcc0749ab4b21d12aa9f8d08148a148dc520fc0cf430409189ade9d26c1,55fc2dcc0749ab4b21d12aa9f8d08148a148dc520fc0cf430409189ade9d26c1,140454,2023-08-07T08:16:05.000Z,"""729ccd6b424f1c11c1de261f5b376f20""",2026-08-21T06:05:56.102860+00:00,PASS,,klines,15m
um,ETHUSDT,2023-05,https://data.binance.vision/data/futures/um/monthly/klines/ETHUSDT/15m/ETHUSDT-15m-2023-05.zip,2976,2023-05-01T00:00:00+00:00,2023-05-31T23:45:00+00:00,3b28964792ad73c04a2c95a40704b426b1ebb2d90e215531406d7b029f6b5c3c,3b28964792ad73c04a2c95a40704b426b1ebb2d90e215531406d7b029f6b5c3c,143791,2023-06-01T17:18:26.000Z,"""cd1a557e020930e73e3435de8a68944e""",2026-08-21T06:05:56.375243+00:00,PASS,,klines,15m
um,ETHUSDT,2023-06,https://data.binance.vision/data/futures/um/monthly/klines/ETHUSDT/15m/ETHUSDT-15m-2023-06.zip,2880,2023-06-01T00:00:00+00:00,2023-06-30T23:45:00+00:00,14cf1b27bb9325e34df4dd0cb2d2b05ae63a6d5706dbf5e0cb6b8f7e92e4cbe9,14cf1b27bb9325e34df4dd0cb2d2b05ae63a6d5706dbf5e0cb6b8f7e92e4cbe9,139195,2023-07-02T16:46:37.000Z,"""1179ab3982bd04e8fef3b68a074c9a0b""",2026-08-21T06:05:56.484597+00:00,PASS,,klines,15m
um,ETHUSDT,2023-07,https://data.binance.vision/data/futures/um/monthly/klines/ETHUSDT/15m/ETHUSDT-15m-2023-07.zip,2976,2023-07-01T00:00:00+00:00,2023-07-31T23:45:00+00:00,7a9c96acb0a88270fd79f7ac5b154ba34467d33c600bec63438bbefaf13e1660,7a9c96acb0a88270fd79f7ac5b154ba34467d33c600bec63438bbefaf13e1660,141673,2023-11-18T13:45:23.000Z,"""5eeacebb1f3b3cd990b3c8c9b5f200e1""",2026-08-21T06:05:56.718182+00:00,PASS,,klines,15m
um,ETHUSDT,2023-08,https://data.binance.vision/data/futures/um/monthly/klines/ETHUSDT/15m/ETHUSDT-15m-2023-08.zip,2976,2023-08-01T00:00:00+00:00,2023-08-31T23:45:00+00:00,b8e1882d9bf4ca6755794b20e8631fe2f030a05e252d0c94d14d4f0638aa33bf,b8e1882d9bf4ca6755794b20e8631fe2f030a05e252d0c94d14d4f0638aa33bf,139636,2023-11-18T15:44:07.000Z,"""189bacd572db6930a926af7670d2bc85""",2026-08-21T06:05:56.830061+00:00,PASS,,klines,15m
um,ETHUSDT,2023-09,https://data.binance.vision/data/futures/um/monthly/klines/ETHUSDT/15m/ETHUSDT-15m-2023-09.zip,2880,2023-09-01T00:00:00+00:00,2023-09-30T23:45:00+00:00,a4f6804bd2edb66ff385d70a029a52447e68f31d94cccc803aafe34bb537d8ce,a4f6804bd2edb66ff385d70a029a52447e68f31d94cccc803aafe34bb537d8ce,135001,2023-11-18T15:54:59.000Z,"""d5cd0c4ef90fe1f615f3258710231497""",2026-08-21T06:05:57.084111+00:00,PASS,,klines,15m
um,ETHUSDT,2023-10,https://data.binance.vision/data/futures/um/monthly/klines/ETHUSDT/15m/ETHUSDT-15m-2023-10.zip,2976,2023-10-01T00:00:00+00:00,2023-10-31T23:45:00+00:00,ecd769121c93962daf9cd5ebfc251e44466db72cf9e1487ce343888056dfadd4,ecd769121c93962daf9cd5ebfc251e44466db72cf9e1487ce343888056dfadd4,142253,2023-11-18T18:11:27.000Z,"""8d5faba04a491f158e67496f3d49e1de""",2026-08-21T06:05:57.189909+00:00,PASS,,klines,15m
um,ETHUSDT,2023-11,https://data.binance.vision/data/futures/um/monthly/klines/ETHUSDT/15m/ETHUSDT-15m-2023-11.zip,2880,2023-11-01T00:00:00+00:00,2023-11-30T23:45:00+00:00,cd0ddd41ffd597a7c886cc84406c7e12d8de1d1a330680e9f47fe50f474f46ec,cd0ddd41ffd597a7c886cc84406c7e12d8de1d1a330680e9f47fe50f474f46ec,140061,2023-12-17T13:30:26.000Z,"""7768b51221e0bc313bda280341e0fe40""",2026-08-21T06:05:57.399401+00:00,PASS,,klines,15m
um,ETHUSDT,2023-12,https://data.binance.vision/data/futures/um/monthly/klines/ETHUSDT/15m/ETHUSDT-15m-2023-12.zip,2976,2023-12-01T00:00:00+00:00,2023-12-31T23:45:00+00:00,8df8f98f81eda3ffc0a3514d9b643c0701c433fb2ee2241dac4e04abe6d312c1,8df8f98f81eda3ffc0a3514d9b643c0701c433fb2ee2241dac4e04abe6d312c1,145642,2024-01-02T06:03:42.000Z,"""6fe8d06dff5f12c3c5a4745df0a10da6""",2026-08-21T06:05:57.490723+00:00,PASS,,klines,15m
um,ETHUSDT,2024-01,https://data.binance.vision/data/futures/um/monthly/klines/ETHUSDT/15m/ETHUSDT-15m-2024-01.zip,2976,2024-01-01T00:00:00+00:00,2024-01-31T23:45:00+00:00,297428b35c676c697975fb7e9e9d3ca4c00f89ac7796df5560854822764b0d1c,297428b35c676c697975fb7e9e9d3ca4c00f89ac7796df5560854822764b0d1c,145864,2024-02-18T13:55:51.000Z,"""d7c56ab86cc829ef042e2ccf0c1216ed""",2026-08-21T06:05:57.697223+00:00,PASS,,klines,15m
um,ETHUSDT,2024-02,https://data.binance.vision/data/futures/um/monthly/klines/ETHUSDT/15m/ETHUSDT-15m-2024-02.zip,2784,2024-02-01T00:00:00+00:00,2024-02-29T23:45:00+00:00,ace924d4afcd55ee43df9ed33423196099ffa83df6043c1310a110df0b3752d5,ace924d4afcd55ee43df9ed33423196099ffa83df6043c1310a110df0b3752d5,136856,2024-03-17T15:31:06.000Z,"""9c6aff54f87e34cef81c0d80d4b519ae""",2026-08-21T06:05:57.840644+00:00,PASS,,klines,15m
um,ETHUSDT,2024-03,https://data.binance.vision/data/futures/um/monthly/klines/ETHUSDT/15m/ETHUSDT-15m-2024-03.zip,2976,2024-03-01T00:00:00+00:00,2024-03-31T23:45:00+00:00,9f3b2fc59cc0e30fe2baf0d27dd1f561672f1daf9575b0e7b24fab22e0231734,9f3b2fc59cc0e30fe2baf0d27dd1f561672f1daf9575b0e7b24fab22e0231734,148814,2024-04-17T19:25:09.000Z,"""63a4cc8fd59809d920f6026633200719""",2026-08-21T06:05:58.001124+00:00,PASS,,klines,15m
um,ETHUSDT,2024-04,https://data.binance.vision/data/futures/um/monthly/klines/ETHUSDT/15m/ETHUSDT-15m-2024-04.zip,2880,2024-04-01T00:00:00+00:00,2024-04-30T23:45:00+00:00,e9c10a021e622dd6728b6114dab2c3549e3d52d7d75ca9aea4530cf8e1313413,e9c10a021e622dd6728b6114dab2c3549e3d52d7d75ca9aea4530cf8e1313413,143276,2024-05-17T14:15:24.000Z,"""4fa14ba08789ca42919a97a2f2205853""",2026-08-21T06:05:58.164182+00:00,PASS,,klines,15m
um,ETHUSDT,2024-05,https://data.binance.vision/data/futures/um/monthly/klines/ETHUSDT/15m/ETHUSDT-15m-2024-05.zip,2976,2024-05-01T00:00:00+00:00,2024-05-31T23:45:00+00:00,b29d1019e7c8e01eaf9ef096b7e85932918ec652e7b67afeee86e877de6453e6,b29d1019e7c8e01eaf9ef096b7e85932918ec652e7b67afeee86e877de6453e6,147146,2024-06-17T13:43:01.000Z,"""e91d647bbc91821b48e913f1db78eeff""",2026-08-21T06:05:58.337969+00:00,PASS,,klines,15m
um,ETHUSDT,2024-06,https://data.binance.vision/data/futures/um/monthly/klines/ETHUSDT/15m/ETHUSDT-15m-2024-06.zip,2880,2024-06-01T00:00:00+00:00,2024-06-30T23:45:00+00:00,8185a2fec997ba390b15af9c10bfcd1373c9e2cea18eec0e1a24f2380e99de36,8185a2fec997ba390b15af9c10bfcd1373c9e2cea18eec0e1a24f2380e99de36,140804,2024-07-17T14:15:11.000Z,"""1dafc6adfec30181e818abc72a66293e""",2026-08-21T06:05:58.445037+00:00,PASS,,klines,15m
um,ETHUSDT,2024-07,https://data.binance.vision/data/futures/um/monthly/klines/ETHUSDT/15m/ETHUSDT-15m-2024-07.zip,2976,2024-07-01T00:00:00+00:00,2024-07-31T23:45:00+00:00,c2fded10ec36eddc4e87df6850c87d7e0d2d8b21992eb6ab693ee7913e3dd426,c2fded10ec36eddc4e87df6850c87d7e0d2d8b21992eb6ab693ee7913e3dd426,146832,2024-08-17T13:29:28.000Z,"""a7a99bcce7cd5fd6e8159572710236ad""",2026-08-21T06:05:58.613018+00:00,PASS,,klines,15m
um,ETHUSDT,2024-08,https://data.binance.vision/data/futures/um/monthly/klines/ETHUSDT/15m/ETHUSDT-15m-2024-08.zip,2976,2024-08-01T00:00:00+00:00,2024-08-31T23:45:00+00:00,9dbda411a4624f5546de5f42c7f49fdc50e91878d59fcd1f0cf331cb42f8a3d8,9dbda411a4624f5546de5f42c7f49fdc50e91878d59fcd1f0cf331cb42f8a3d8,147025,2024-09-17T13:56:18.000Z,"""9148e2bddebd64b671dffeafb5535160""",2026-08-21T06:05:58.799325+00:00,PASS,,klines,15m
um,ETHUSDT,2024-09,https://data.binance.vision/data/futures/um/monthly/klines/ETHUSDT/15m/ETHUSDT-15m-2024-09.zip,2880,2024-09-01T00:00:00+00:00,2024-09-30T23:45:00+00:00,57e07af5a0862da969e4b69e8ea0f9d303a7fb691e3b75280ed4e919aa09001a,57e07af5a0862da969e4b69e8ea0f9d303a7fb691e3b75280ed4e919aa09001a,141102,2024-10-17T15:47:50.000Z,"""587c94f0e8a9452bf9e73ae867c13efa""",2026-08-21T06:05:59.044289+00:00,PASS,,klines,15m
um,ETHUSDT,2024-10,https://data.binance.vision/data/futures/um/monthly/klines/ETHUSDT/15m/ETHUSDT-15m-2024-10.zip,2976,2024-10-01T00:00:00+00:00,2024-10-31T23:45:00+00:00,43e59e7052b1851de4718a041695d437b7d1839382db260002c5c184823dbf95,43e59e7052b1851de4718a041695d437b7d1839382db260002c5c184823dbf95,145396,2024-11-21T21:56:49.000Z,"""fcf64da9f40437f7e7a836aa7056932c""",2026-08-21T06:05:59.203260+00:00,PASS,,klines,15m
um,ETHUSDT,2024-11,https://data.binance.vision/data/futures/um/monthly/klines/ETHUSDT/15m/ETHUSDT-15m-2024-11.zip,2880,2024-11-01T00:00:00+00:00,2024-11-30T23:45:00+00:00,f44d3cbcc68e41841d473bcd04394b3479fa0ebbe7390395294f1fd177f1420c,f44d3cbcc68e41841d473bcd04394b3479fa0ebbe7390395294f1fd177f1420c,144492,2024-12-17T13:51:58.000Z,"""5fe215270b680ca8caddcf1da6207edf""",2026-08-21T06:05:59.440072+00:00,PASS,,klines,15m
um,ETHUSDT,2024-12,https://data.binance.vision/data/futures/um/monthly/klines/ETHUSDT/15m/ETHUSDT-15m-2024-12.zip,2976,2024-12-01T00:00:00+00:00,2024-12-31T23:45:00+00:00,9a6a745d78d3820463c93eb39e8d566f399cd6632facc5331333d8820c1ee16c,9a6a745d78d3820463c93eb39e8d566f399cd6632facc5331333d8820c1ee16c,149154,2025-01-17T13:29:21.000Z,"""6821fa8a037e3ae8e39639c6c4ac1cfb""",2026-08-21T06:05:59.638846+00:00,PASS,,klines,15m
um,ETHUSDT,2025-01,https://data.binance.vision/data/futures/um/monthly/klines/ETHUSDT/15m/ETHUSDT-15m-2025-01.zip,2976,2025-01-01T00:00:00+00:00,2025-01-31T23:45:00+00:00,e4583eaeb9f60a36f51edc0c420c5dae46ada08a95a2e187cc37a6d4ca01da2c,e4583eaeb9f60a36f51edc0c420c5dae46ada08a95a2e187cc37a6d4ca01da2c,148237,2025-02-17T13:28:04.000Z,"""cd8be24758580c974a7f1023ad9b0ec1""",2026-08-21T06:05:59.806834+00:00,PASS,,klines,15m
um,ETHUSDT,2025-02,https://data.binance.vision/data/futures/um/monthly/klines/ETHUSDT/15m/ETHUSDT-15m-2025-02.zip,2688,2025-02-01T00:00:00+00:00,2025-02-28T23:45:00+00:00,0ffea7062a8ddcce2cc352a37f0329cdb172cab2128da90f00d4e4faa276e70b,0ffea7062a8ddcce2cc352a37f0329cdb172cab2128da90f00d4e4faa276e70b,134720,2025-03-17T13:35:28.000Z,"""0aa9eb1997677e1428600c6ec3ebf4d9""",2026-08-21T06:06:00.004996+00:00,PASS,,klines,15m
um,ETHUSDT,2025-03,https://data.binance.vision/data/futures/um/monthly/klines/ETHUSDT/15m/ETHUSDT-15m-2025-03.zip,2976,2025-03-01T00:00:00+00:00,2025-03-31T23:45:00+00:00,b85a8fdf1e969d04b4035672b2f3e04e42dfbadf2697e103f1ce8556c9df33ba,b85a8fdf1e969d04b4035672b2f3e04e42dfbadf2697e103f1ce8556c9df33ba,148026,2025-04-17T13:42:06.000Z,"""baa1811c136b4efc0426638bfae1a15c""",2026-08-21T06:06:00.189276+00:00,PASS,,klines,15m
um,ETHUSDT,2025-04,https://data.binance.vision/data/futures/um/monthly/klines/ETHUSDT/15m/ETHUSDT-15m-2025-04.zip,2880,2025-04-01T00:00:00+00:00,2025-04-30T23:45:00+00:00,e0425f5d963857b2a66ed2a5a8da635182633a33d8388c723fe9e255ae9e783a,e0425f5d963857b2a66ed2a5a8da635182633a33d8388c723fe9e255ae9e783a,143377,2025-05-17T13:45:47.000Z,"""b9cc1a0eeafeb286f0b563f5bfc2bd28""",2026-08-21T06:06:00.359221+00:00,PASS,,klines,15m
um,ETHUSDT,2025-05,https://data.binance.vision/data/futures/um/monthly/klines/ETHUSDT/15m/ETHUSDT-15m-2025-05.zip,2976,2025-05-01T00:00:00+00:00,2025-05-31T23:45:00+00:00,08a8b62945c67b1c6cb7852290865421033e6b629585d222d0120927938b3c0e,08a8b62945c67b1c6cb7852290865421033e6b629585d222d0120927938b3c0e,149665,2025-06-02T09:16:25.000Z,"""2ecfb357dd754d1a058b0ef6c426a34a""",2026-08-21T06:06:00.624712+00:00,PASS,,klines,15m
um,ETHUSDT,2025-06,https://data.binance.vision/data/futures/um/monthly/klines/ETHUSDT/15m/ETHUSDT-15m-2025-06.zip,2880,2025-06-01T00:00:00+00:00,2025-06-30T23:45:00+00:00,9cf0b46281a62106d755ca9ee79b91b456dd71fad45f9e63d967f1e59fe44955,9cf0b46281a62106d755ca9ee79b91b456dd71fad45f9e63d967f1e59fe44955,144041,2025-07-17T14:13:13.000Z,"""78eae2e04b931a8e2eef2ed79b5e8585""",2026-08-21T06:06:00.819589+00:00,PASS,,klines,15m
um,ETHUSDT,2025-07,https://data.binance.vision/data/futures/um/monthly/klines/ETHUSDT/15m/ETHUSDT-15m-2025-07.zip,2976,2025-07-01T00:00:00+00:00,2025-07-31T23:45:00+00:00,474a1539ea3341ecd1225144d447a0e465a5bdf104a773d1466b2a69b9b285a9,474a1539ea3341ecd1225144d447a0e465a5bdf104a773d1466b2a69b9b285a9,150134,2025-08-02T08:58:36.000Z,"""1d8f2ba880e234fa5fc477e8983f2a4f""",2026-08-21T06:06:00.958527+00:00,PASS,,klines,15m
um,ETHUSDT,2025-08,https://data.binance.vision/data/futures/um/monthly/klines/ETHUSDT/15m/ETHUSDT-15m-2025-08.zip,2976,2025-08-01T00:00:00+00:00,2025-08-31T23:45:00+00:00,22be96c56c387830ba231b125faef3d5dca790d5bba400be1c7943e76828859f,22be96c56c387830ba231b125faef3d5dca790d5bba400be1c7943e76828859f,151325,2025-09-02T11:16:43.000Z,"""ef39c80afb66d22624a7f1db09ccec76""",2026-08-21T06:06:01.192911+00:00,PASS,,klines,15m
um,ETHUSDT,2025-09,https://data.binance.vision/data/futures/um/monthly/klines/ETHUSDT/15m/ETHUSDT-15m-2025-09.zip,2880,2025-09-01T00:00:00+00:00,2025-09-30T23:45:00+00:00,a13d3ec67f1d3a3a0f64958c0ebf44408f586c0763b98ad61d5a053b38e4140b,a13d3ec67f1d3a3a0f64958c0ebf44408f586c0763b98ad61d5a053b38e4140b,143942,2025-10-02T09:12:04.000Z,"""ca82c561a269cccf232744088b424592""",2026-08-21T06:06:01.386381+00:00,PASS,,klines,15m
um,ETHUSDT,2025-10,https://data.binance.vision/data/futures/um/monthly/klines/ETHUSDT/15m/ETHUSDT-15m-2025-10.zip,2976,2025-10-01T00:00:00+00:00,2025-10-31T23:45:00+00:00,791ea1d15568f9654251e133166b5811ed9dd2a870d0430a1f770ae1d4be9634,791ea1d15568f9654251e133166b5811ed9dd2a870d0430a1f770ae1d4be9634,150491,2025-11-02T09:50:55.000Z,"""bd9275138bb9e0903a9573f91286c5a3""",2026-08-21T06:06:01.542917+00:00,PASS,,klines,15m
um,ETHUSDT,2025-11,https://data.binance.vision/data/futures/um/monthly/klines/ETHUSDT/15m/ETHUSDT-15m-2025-11.zip,2880,2025-11-01T00:00:00+00:00,2025-11-30T23:45:00+00:00,c990b42346cfa801272495c3eab589298df0f53df7bf503b64c6407c8148e87e,c990b42346cfa801272495c3eab589298df0f53df7bf503b64c6407c8148e87e,145159,2025-12-02T09:35:40.000Z,"""6c39d7ee665e84e4dcd3614d010a49c1""",2026-08-21T06:06:01.807771+00:00,PASS,,klines,15m
um,ETHUSDT,2025-12,https://data.binance.vision/data/futures/um/monthly/klines/ETHUSDT/15m/ETHUSDT-15m-2025-12.zip,2976,2025-12-01T00:00:00+00:00,2025-12-31T23:45:00+00:00,976ec3149859d3dfcb1fad77e61765fa54e515b16191c0acc068c68a8410f344,976ec3149859d3dfcb1fad77e61765fa54e515b16191c0acc068c68a8410f344,147405,2026-01-02T10:44:50.000Z,"""4c1137d9526297306f64ac083268c199""",2026-08-21T06:06:01.981870+00:00,PASS,,klines,15m
um,ETHUSDT,2026-01,https://data.binance.vision/data/futures/um/monthly/klines/ETHUSDT/15m/ETHUSDT-15m-2026-01.zip,2976,2026-01-01T00:00:00+00:00,2026-01-31T23:45:00+00:00,447a9db9356fac7d162cf485d5ac4488a587dc053ac0a59f35f24cae84e6403d,447a9db9356fac7d162cf485d5ac4488a587dc053ac0a59f35f24cae84e6403d,147313,2026-02-02T10:20:38.000Z,"""b843c1732ea6f39c1d1fb01618a911fc""",2026-08-21T06:06:02.232367+00:00,PASS,,klines,15m
um,ETHUSDT,2026-02,https://data.binance.vision/data/futures/um/monthly/klines/ETHUSDT/15m/ETHUSDT-15m-2026-02.zip,2688,2026-02-01T00:00:00+00:00,2026-02-28T23:45:00+00:00,71de116aeb4643bad5eba4537673f1b1aea22f33064780bf6fa636429f63415a,71de116aeb4643bad5eba4537673f1b1aea22f33064780bf6fa636429f63415a,135346,2026-03-02T09:14:40.000Z,"""b0366ed320bb13f8265417b8f8f10fd4""",2026-08-21T06:06:02.368420+00:00,PASS,,klines,15m
um,ETHUSDT,2026-03,https://data.binance.vision/data/futures/um/monthly/klines/ETHUSDT/15m/ETHUSDT-15m-2026-03.zip,2976,2026-03-01T00:00:00+00:00,2026-03-31T23:45:00+00:00,8070870b512ab7c312329a7fc1a45217fc7aff5ed7bbb4f805d96caf7c99fd5d,8070870b512ab7c312329a7fc1a45217fc7aff5ed7bbb4f805d96caf7c99fd5d,148329,2026-04-02T09:16:30.000Z,"""76bbd24445e10c8fe184b8a8f9b1983f""",2026-08-21T06:06:02.666377+00:00,PASS,,klines,15m
um,ETHUSDT,2026-04,https://data.binance.vision/data/futures/um/monthly/klines/ETHUSDT/15m/ETHUSDT-15m-2026-04.zip,2880,2026-04-01T00:00:00+00:00,2026-04-30T23:45:00+00:00,d9974b77eb5b1b37c1b6b82f064a4edbb8c0b2a0531fbee487e3a34e519da6be,d9974b77eb5b1b37c1b6b82f064a4edbb8c0b2a0531fbee487e3a34e519da6be,141901,2026-05-02T09:07:25.000Z,"""7af0a305342dd66898fc326d85870919""",2026-08-21T06:06:02.773250+00:00,PASS,,klines,15m
um,ETHUSDT,2026-05,https://data.binance.vision/data/futures/um/monthly/klines/ETHUSDT/15m/ETHUSDT-15m-2026-05.zip,2976,2026-05-01T00:00:00+00:00,2026-05-31T23:45:00+00:00,3db40bf90a856aa0977bcac53c46750c174b58c9e0a438ea9803948e81d42260,3db40bf90a856aa0977bcac53c46750c174b58c9e0a438ea9803948e81d42260,145132,2026-06-02T10:58:12.000Z,"""5d5981ad460c5767dbbf5c6f66207e41""",2026-08-21T06:06:03.041553+00:00,PASS,,klines,15m
um,ETHUSDT,2026-06,https://data.binance.vision/data/futures/um/monthly/klines/ETHUSDT/15m/ETHUSDT-15m-2026-06.zip,2880,2026-06-01T00:00:00+00:00,2026-06-30T23:45:00+00:00,d4d7c7087b6813c219c39c1cfcb7b3f5c493551b94d33a8d7c6ee0b7201f010a,d4d7c7087b6813c219c39c1cfcb7b3f5c493551b94d33a8d7c6ee0b7201f010a,142640,2026-07-02T12:04:58.000Z,"""13315581fba3af31a25b7ba2b736d517""",2026-08-21T06:06:03.231488+00:00,PASS,,klines,15m
um,ETHUSDT,2026-07,https://data.binance.vision/data/futures/um/monthly/klines/ETHUSDT/15m/ETHUSDT-15m-2026-07.zip,2976,2026-07-01T00:00:00+00:00,2026-07-31T23:45:00+00:00,6d35d18663150fc242eec9fb2f4d3ed220081c849994020f728e93556f7a9f50,6d35d18663150fc242eec9fb2f4d3ed220081c849994020f728e93556f7a9f50,145574,2026-08-02T10:45:02.000Z,"""e435a75a9be8a16b8187e95af330aad7""",2026-08-21T06:06:03.389542+00:00,PASS,,klines,15m
um,BTCUSDT,2020-01,https://data.binance.vision/data/futures/um/monthly/premiumIndexKlines/BTCUSDT/15m/BTCUSDT-15m-2020-01.zip,2975,2020-01-01T00:00:00+00:00,2020-01-31T23:45:00+00:00,32e1f109d9e20e0daa284697c42e8d66f085bb79f328574eb209d6673012281c,32e1f109d9e20e0daa284697c42e8d66f085bb79f328574eb209d6673012281c,63169,2021-03-29T13:44:52.000Z,"""509384050a648b0f15c1127a41b6adc1""",2026-08-21T06:06:33.245579+00:00,PASS,MISSING_INTERVAL,premiumIndexKlines,15m
um,BTCUSDT,2020-02,https://data.binance.vision/data/futures/um/monthly/premiumIndexKlines/BTCUSDT/15m/BTCUSDT-15m-2020-02.zip,2784,2020-02-01T00:00:00+00:00,2020-02-29T23:45:00+00:00,cee174f703267ac549edf25eda2960aa31334a08d5c4eda29d53940f5f6789df,cee174f703267ac549edf25eda2960aa31334a08d5c4eda29d53940f5f6789df,60533,2021-03-30T09:30:48.000Z,"""ab3d6a07c83d412808295e4fbbb0c964""",2026-08-21T06:06:33.317813+00:00,PASS,,premiumIndexKlines,15m
um,BTCUSDT,2020-03,https://data.binance.vision/data/futures/um/monthly/premiumIndexKlines/BTCUSDT/15m/BTCUSDT-15m-2020-03.zip,2976,2020-03-01T00:00:00+00:00,2020-03-31T23:45:00+00:00,452ef27408504eb1f3427c95483a02e368f06a2986e7b9dd8fdf416eb9bd795c,452ef27408504eb1f3427c95483a02e368f06a2986e7b9dd8fdf416eb9bd795c,65338,2021-06-28T06:09:19.000Z,"""f8d224534a567dbc4646d5e8814060ce""",2026-08-21T06:06:33.555125+00:00,PASS,,premiumIndexKlines,15m
um,BTCUSDT,2020-04,https://data.binance.vision/data/futures/um/monthly/premiumIndexKlines/BTCUSDT/15m/BTCUSDT-15m-2020-04.zip,2880,2020-04-01T00:00:00+00:00,2020-04-30T23:45:00+00:00,867c703d22bbbe8eac827e00f6e584217563f12d7bd83c7dd8445665cc10fafd,867c703d22bbbe8eac827e00f6e584217563f12d7bd83c7dd8445665cc10fafd,62170,2021-06-28T06:59:40.000Z,"""85b5bf8b3779101a1b7868483256f25c""",2026-08-21T06:06:33.588121+00:00,PASS,,premiumIndexKlines,15m
um,BTCUSDT,2020-05,https://data.binance.vision/data/futures/um/monthly/premiumIndexKlines/BTCUSDT/15m/BTCUSDT-15m-2020-05.zip,2976,2020-05-01T00:00:00+00:00,2020-05-31T23:45:00+00:00,e57a2ddbbe30b4b1a294d0d9ff9eb7684558cb69d1ca5dae95c66441fd9f208b,e57a2ddbbe30b4b1a294d0d9ff9eb7684558cb69d1ca5dae95c66441fd9f208b,64004,2021-06-28T08:39:30.000Z,"""9debb79ceb49bd088ec3ec15b9b71a95""",2026-08-21T06:06:33.804256+00:00,PASS,,premiumIndexKlines,15m
um,BTCUSDT,2020-06,https://data.binance.vision/data/futures/um/monthly/premiumIndexKlines/BTCUSDT/15m/BTCUSDT-15m-2020-06.zip,2880,2020-06-01T00:00:00+00:00,2020-06-30T23:45:00+00:00,c38e5e2cfcdccf5eace6f4e1e8c9c02fe6667bdbb80e3d60410aba83d0dc9734,c38e5e2cfcdccf5eace6f4e1e8c9c02fe6667bdbb80e3d60410aba83d0dc9734,61511,2021-06-28T10:10:46.000Z,"""0275140c5c2f3aac0fb5439bff36b070""",2026-08-21T06:06:33.936644+00:00,PASS,,premiumIndexKlines,15m
um,BTCUSDT,2020-07,https://data.binance.vision/data/futures/um/monthly/premiumIndexKlines/BTCUSDT/15m/BTCUSDT-15m-2020-07.zip,2976,2020-07-01T00:00:00+00:00,2020-07-31T23:45:00+00:00,ab04ad80f3feb9355eeba9fc93fe993085f8e3a204725d9e153bcb02021f3e69,ab04ad80f3feb9355eeba9fc93fe993085f8e3a204725d9e153bcb02021f3e69,62728,2021-06-28T11:37:58.000Z,"""14ccbc0a8d2df3666390f42883f97cea""",2026-08-21T06:06:34.074641+00:00,PASS,,premiumIndexKlines,15m
um,BTCUSDT,2020-08,https://data.binance.vision/data/futures/um/monthly/premiumIndexKlines/BTCUSDT/15m/BTCUSDT-15m-2020-08.zip,2976,2020-08-01T00:00:00+00:00,2020-08-31T23:45:00+00:00,af9625f15cab452047960edb9d4f3e8e0e6097ade3fc150b9f06e7e7ddc0c05a,af9625f15cab452047960edb9d4f3e8e0e6097ade3fc150b9f06e7e7ddc0c05a,63425,2021-06-28T14:27:11.000Z,"""4403afad37e60317f00dfe1647cf6d53""",2026-08-21T06:06:34.195316+00:00,PASS,,premiumIndexKlines,15m
um,BTCUSDT,2020-09,https://data.binance.vision/data/futures/um/monthly/premiumIndexKlines/BTCUSDT/15m/BTCUSDT-15m-2020-09.zip,2880,2020-09-01T00:00:00+00:00,2020-09-30T23:45:00+00:00,34c07fbb43d187bab1cf2d8c162fc8dbe3e7dea1b2700d88c5209a484454a579,34c07fbb43d187bab1cf2d8c162fc8dbe3e7dea1b2700d88c5209a484454a579,60825,2021-06-28T16:20:37.000Z,"""ff247a89a5e832116c21445b9731dc85""",2026-08-21T06:06:34.428654+00:00,PASS,,premiumIndexKlines,15m
um,BTCUSDT,2020-10,https://data.binance.vision/data/futures/um/monthly/premiumIndexKlines/BTCUSDT/15m/BTCUSDT-15m-2020-10.zip,2976,2020-10-01T00:00:00+00:00,2020-10-31T23:45:00+00:00,12710e9c02b66acce208bf96eb33558a518d06259a46d81377c43f6d62585033,12710e9c02b66acce208bf96eb33558a518d06259a46d81377c43f6d62585033,62676,2021-06-28T18:23:08.000Z,"""8dd3f8d5679f1f2e0e69e945c716515c""",2026-08-21T06:06:34.507848+00:00,PASS,,premiumIndexKlines,15m
um,BTCUSDT,2020-11,https://data.binance.vision/data/futures/um/monthly/premiumIndexKlines/BTCUSDT/15m/BTCUSDT-15m-2020-11.zip,2880,2020-11-01T00:00:00+00:00,2020-11-30T23:45:00+00:00,5ad072a0e5d9f2d846663d75355184e9257f80d1f3702fbe519950554a6ed95f,5ad072a0e5d9f2d846663d75355184e9257f80d1f3702fbe519950554a6ed95f,64013,2021-06-28T21:04:29.000Z,"""004ae855de4fb7f42220a579927a2367""",2026-08-21T06:06:34.700809+00:00,PASS,,premiumIndexKlines,15m
um,BTCUSDT,2020-12,https://data.binance.vision/data/futures/um/monthly/premiumIndexKlines/BTCUSDT/15m/BTCUSDT-15m-2020-12.zip,2971,2020-12-01T00:00:00+00:00,2020-12-31T23:45:00+00:00,920ba7cffac4b3b78bd85feed8c1ca8e8225dbfb088b4292d8465360507fdd52,920ba7cffac4b3b78bd85feed8c1ca8e8225dbfb088b4292d8465360507fdd52,65647,2021-06-28T23:56:33.000Z,"""c655bbccfd0e055779838441732bd4d9""",2026-08-21T06:06:34.859310+00:00,PASS,MISSING_INTERVAL,premiumIndexKlines,15m
um,BTCUSDT,2021-01,https://data.binance.vision/data/futures/um/monthly/premiumIndexKlines/BTCUSDT/15m/BTCUSDT-15m-2021-01.zip,2976,2021-01-01T00:00:00+00:00,2021-01-31T23:45:00+00:00,adeb8950f1aa411b13847cd4605ba21fafb305ac9042b83de557b3be6a4edef7,adeb8950f1aa411b13847cd4605ba21fafb305ac9042b83de557b3be6a4edef7,67597,2021-06-29T02:40:07.000Z,"""22b73a21b32f66b285d06e490b553456""",2026-08-21T06:06:35.023103+00:00,PASS,,premiumIndexKlines,15m
um,BTCUSDT,2021-02,https://data.binance.vision/data/futures/um/monthly/premiumIndexKlines/BTCUSDT/15m/BTCUSDT-15m-2021-02.zip,2688,2021-02-01T00:00:00+00:00,2021-02-28T23:45:00+00:00,77ed8afd4cb76b27b713010b68c99489c06f7691aa474445cc8e76e3f2a3d802,77ed8afd4cb76b27b713010b68c99489c06f7691aa474445cc8e76e3f2a3d802,60652,2021-04-08T04:01:55.000Z,"""9f881f643aae42cffb40f9829c764896""",2026-08-21T06:06:35.183019+00:00,PASS,,premiumIndexKlines,15m
um,BTCUSDT,2021-03,https://data.binance.vision/data/futures/um/monthly/premiumIndexKlines/BTCUSDT/15m/BTCUSDT-15m-2021-03.zip,2976,2021-03-01T00:00:00+00:00,2021-03-31T23:45:00+00:00,b8eb1184f6c29c8c77b5cee474d9cecd24f7c7870db2751834162925b0d0627c,b8eb1184f6c29c8c77b5cee474d9cecd24f7c7870db2751834162925b0d0627c,66182,2021-05-01T07:01:44.000Z,"""9cc4d2eb181768ca7b7cb4de6d3dc0f2""",2026-08-21T06:06:35.331367+00:00,PASS,,premiumIndexKlines,15m
um,BTCUSDT,2021-04,https://data.binance.vision/data/futures/um/monthly/premiumIndexKlines/BTCUSDT/15m/BTCUSDT-15m-2021-04.zip,2880,2021-04-01T00:00:00+00:00,2021-04-30T23:45:00+00:00,ec37332629ceba04159a6b5f0950247364f613fe4748cf9b8898cd7faea6111f,ec37332629ceba04159a6b5f0950247364f613fe4748cf9b8898cd7faea6111f,64079,2021-05-01T14:09:58.000Z,"""e0164fe2591816ce7735799da0c3a2bf""",2026-08-21T06:06:35.418546+00:00,PASS,,premiumIndexKlines,15m
um,BTCUSDT,2021-05,https://data.binance.vision/data/futures/um/monthly/premiumIndexKlines/BTCUSDT/15m/BTCUSDT-15m-2021-05.zip,2976,2021-05-01T00:00:00+00:00,2021-05-31T23:45:00+00:00,8285225c0e4c079ef90199d3fdd858ec3a2be7eed84238525ef3ef847327372b,8285225c0e4c079ef90199d3fdd858ec3a2be7eed84238525ef3ef847327372b,66934,2021-06-17T18:29:24.000Z,"""766f6b807b3c21458256d8e7c372269f""",2026-08-21T06:06:35.630497+00:00,PASS,,premiumIndexKlines,15m
um,BTCUSDT,2021-06,https://data.binance.vision/data/futures/um/monthly/premiumIndexKlines/BTCUSDT/15m/BTCUSDT-15m-2021-06.zip,2880,2021-06-01T00:00:00+00:00,2021-06-30T23:45:00+00:00,31a091de7fa09bbfa547c3fc36ced0645c736bd7a7d192498accdda9aedb1291,31a091de7fa09bbfa547c3fc36ced0645c736bd7a7d192498accdda9aedb1291,64271,2021-09-12T08:07:08.000Z,"""6abe29a053076d0535a0b1a805e0928a""",2026-08-21T06:06:35.664417+00:00,PASS,,premiumIndexKlines,15m
um,BTCUSDT,2021-07,https://data.binance.vision/data/futures/um/monthly/premiumIndexKlines/BTCUSDT/15m/BTCUSDT-15m-2021-07.zip,2496,2021-07-02T00:00:00+00:00,2021-07-31T23:45:00+00:00,e0aff8467582d31c98bee543e92f7692c7d78a26d49d00317ae597063029a5cd,e0aff8467582d31c98bee543e92f7692c7d78a26d49d00317ae597063029a5cd,55024,2021-08-01T12:22:29.000Z,"""a2d1dfd599ec25149d64299d7c3cdffd""",2026-08-21T06:06:35.932598+00:00,PASS,MISSING_INTERVAL,premiumIndexKlines,15m
um,BTCUSDT,2021-08,https://data.binance.vision/data/futures/um/monthly/premiumIndexKlines/BTCUSDT/15m/BTCUSDT-15m-2021-08.zip,2976,2021-08-01T00:00:00+00:00,2021-08-31T23:45:00+00:00,c46f8e67a029818e7bfe5dc66ae6f5ad0d38e5e31b847e8875e335812da6cc05,c46f8e67a029818e7bfe5dc66ae6f5ad0d38e5e31b847e8875e335812da6cc05,65808,2021-09-02T13:48:26.000Z,"""f3e12b43afd7738c03994937a24def47""",2026-08-21T06:06:35.964600+00:00,PASS,,premiumIndexKlines,15m
um,BTCUSDT,2021-09,https://data.binance.vision/data/futures/um/monthly/premiumIndexKlines/BTCUSDT/15m/BTCUSDT-15m-2021-09.zip,2880,2021-09-01T00:00:00+00:00,2021-09-30T23:45:00+00:00,f5464360f9983d1c9b192c4c2bfc2fb2fc82a9104820918244a701e3475747bc,f5464360f9983d1c9b192c4c2bfc2fb2fc82a9104820918244a701e3475747bc,63574,2021-10-01T13:13:26.000Z,"""92fd54a627ca7ea7f85c1aa55d54b9fa""",2026-08-21T06:06:36.233343+00:00,PASS,,premiumIndexKlines,15m
um,BTCUSDT,2021-10,https://data.binance.vision/data/futures/um/monthly/premiumIndexKlines/BTCUSDT/15m/BTCUSDT-15m-2021-10.zip,2976,2021-10-01T00:00:00+00:00,2021-10-31T23:45:00+00:00,1148f99649d3dd14344f9dc821bd154d87f85e9d9ae9514215ed321f4998f53b,1148f99649d3dd14344f9dc821bd154d87f85e9d9ae9514215ed321f4998f53b,65864,2021-11-01T14:47:18.000Z,"""323d1972365da018509407faaa598dae""",2026-08-21T06:06:36.236342+00:00,PASS,,premiumIndexKlines,15m
um,BTCUSDT,2021-11,https://data.binance.vision/data/futures/um/monthly/premiumIndexKlines/BTCUSDT/15m/BTCUSDT-15m-2021-11.zip,2880,2021-11-01T00:00:00+00:00,2021-11-30T23:45:00+00:00,ac08081676036fd2a472d0183766323f6911d4abad817cc7b0ef653c96fe904e,ac08081676036fd2a472d0183766323f6911d4abad817cc7b0ef653c96fe904e,63446,2021-12-01T13:39:08.000Z,"""e3c17832a5a2cbf6cebb7043fdc51736""",2026-08-21T06:06:36.543585+00:00,PASS,,premiumIndexKlines,15m
um,BTCUSDT,2021-12,https://data.binance.vision/data/futures/um/monthly/premiumIndexKlines/BTCUSDT/15m/BTCUSDT-15m-2021-12.zip,2976,2021-12-01T00:00:00+00:00,2021-12-31T23:45:00+00:00,8ee6356a28af73f8c807bbbe47869e9d143c8e1e69b5c23d4b2a32edfc88d5ec,8ee6356a28af73f8c807bbbe47869e9d143c8e1e69b5c23d4b2a32edfc88d5ec,65383,2022-01-07T13:05:32.000Z,"""a763dc4a81642af8310804fbd64251b1""",2026-08-21T06:06:36.510669+00:00,PASS,,premiumIndexKlines,15m
um,BTCUSDT,2022-01,https://data.binance.vision/data/futures/um/monthly/premiumIndexKlines/BTCUSDT/15m/BTCUSDT-15m-2022-01.zip,2976,2022-01-01T00:00:00+00:00,2022-01-31T23:45:00+00:00,1b356221e65b14b7a68aedbc7ca924b9e9f965e345caa6719f88f3de336d9bb7,1b356221e65b14b7a68aedbc7ca924b9e9f965e345caa6719f88f3de336d9bb7,65713,2022-02-01T14:59:00.000Z,"""948132a3a72c1bbdd80cd740dcc989cd""",2026-08-21T06:06:36.836576+00:00,PASS,,premiumIndexKlines,15m
um,BTCUSDT,2022-02,https://data.binance.vision/data/futures/um/monthly/premiumIndexKlines/BTCUSDT/15m/BTCUSDT-15m-2022-02.zip,2688,2022-02-01T00:00:00+00:00,2022-02-28T23:45:00+00:00,656e0bf8d65d05120204875d53662620fea418037e6afda3797af090368728a3,656e0bf8d65d05120204875d53662620fea418037e6afda3797af090368728a3,59311,2023-06-13T17:16:59.000Z,"""7b83dcfb576b9b83e3e4916b4f3a9237""",2026-08-21T06:06:36.830575+00:00,PASS,,premiumIndexKlines,15m
um,BTCUSDT,2022-03,https://data.binance.vision/data/futures/um/monthly/premiumIndexKlines/BTCUSDT/15m/BTCUSDT-15m-2022-03.zip,2976,2022-03-01T00:00:00+00:00,2022-03-31T23:45:00+00:00,5c64c46cb6329fbd9a7390a8a82e896b9c57cb2ef26686b96fa5aed916121314,5c64c46cb6329fbd9a7390a8a82e896b9c57cb2ef26686b96fa5aed916121314,65353,2022-04-01T18:52:14.000Z,"""5e29ab13f3eb95c4fd019f046083a36a""",2026-08-21T06:06:37.174396+00:00,PASS,,premiumIndexKlines,15m
um,BTCUSDT,2022-04,https://data.binance.vision/data/futures/um/monthly/premiumIndexKlines/BTCUSDT/15m/BTCUSDT-15m-2022-04.zip,2880,2022-04-01T00:00:00+00:00,2022-04-30T23:45:00+00:00,36bc58c000acdbb65fe4e8e2b632e898fbeb7d2f561cb3072cb890e608077980,36bc58c000acdbb65fe4e8e2b632e898fbeb7d2f561cb3072cb890e608077980,63244,2023-06-06T11:29:25.000Z,"""4043395570513497d3cf25f1bf60dc77""",2026-08-21T06:06:37.203906+00:00,PASS,,premiumIndexKlines,15m
um,BTCUSDT,2022-05,https://data.binance.vision/data/futures/um/monthly/premiumIndexKlines/BTCUSDT/15m/BTCUSDT-15m-2022-05.zip,2976,2022-05-01T00:00:00+00:00,2022-05-31T23:45:00+00:00,39ce72bb28ec1c01924034ce491b192798456ecb04dda6b54e5d33b369fe283d,39ce72bb28ec1c01924034ce491b192798456ecb04dda6b54e5d33b369fe283d,65734,2022-06-18T17:35:29.000Z,"""3212b57a51e694514106afb84e928f42""",2026-08-21T06:06:37.469942+00:00,PASS,,premiumIndexKlines,15m
um,BTCUSDT,2022-06,https://data.binance.vision/data/futures/um/monthly/premiumIndexKlines/BTCUSDT/15m/BTCUSDT-15m-2022-06.zip,2880,2022-06-01T00:00:00+00:00,2022-06-30T23:45:00+00:00,e7d13a87f04924053ac5891d854d96bea3022b176b3a72580d30e20f8cdd2db2,e7d13a87f04924053ac5891d854d96bea3022b176b3a72580d30e20f8cdd2db2,63905,2023-06-07T19:42:38.000Z,"""aef0a5ed1a083c1030a0ee8ced0aa383""",2026-08-21T06:06:37.573771+00:00,PASS,,premiumIndexKlines,15m
um,BTCUSDT,2022-07,https://data.binance.vision/data/futures/um/monthly/premiumIndexKlines/BTCUSDT/15m/BTCUSDT-15m-2022-07.zip,2974,2022-07-01T00:00:00+00:00,2022-07-31T23:45:00+00:00,b1e2b0540cfe7b35165492ef749bc906a9afd919fe5e83383d82fc38525a5689,b1e2b0540cfe7b35165492ef749bc906a9afd919fe5e83383d82fc38525a5689,65741,2023-06-08T14:06:13.000Z,"""8c64b9da2259d252585747a76b8f721c""",2026-08-21T06:06:37.809961+00:00,PASS,MISSING_INTERVAL,premiumIndexKlines,15m
um,BTCUSDT,2022-08,https://data.binance.vision/data/futures/um/monthly/premiumIndexKlines/BTCUSDT/15m/BTCUSDT-15m-2022-08.zip,2976,2022-08-01T00:00:00+00:00,2022-08-31T23:45:00+00:00,38b649896c369e9a9f3f0522b44147700ecdf6943450177371b0656424db353f,38b649896c369e9a9f3f0522b44147700ecdf6943450177371b0656424db353f,65139,2023-06-08T23:55:43.000Z,"""494eb8dbbcf8f24325372d44e9dd38cd""",2026-08-21T06:06:37.920729+00:00,PASS,,premiumIndexKlines,15m
um,BTCUSDT,2022-09,https://data.binance.vision/data/futures/um/monthly/premiumIndexKlines/BTCUSDT/15m/BTCUSDT-15m-2022-09.zip,2880,2022-09-01T00:00:00+00:00,2022-09-30T23:45:00+00:00,e4ee86aa6423e350f3451fd89158ddc33f571536bb16eff8d1b3f1401ea97f19,e4ee86aa6423e350f3451fd89158ddc33f571536bb16eff8d1b3f1401ea97f19,63275,2022-10-26T13:44:37.000Z,"""a8b4fd0139d2c7b55da8ab2d57962cd0""",2026-08-21T06:06:38.303878+00:00,PASS,,premiumIndexKlines,15m
um,BTCUSDT,2022-10,https://data.binance.vision/data/futures/um/monthly/premiumIndexKlines/BTCUSDT/15m/BTCUSDT-15m-2022-10.zip,2880,2022-10-01T00:00:00+00:00,2022-10-31T23:45:00+00:00,4b7ff1bae01f92c186eef48a70661396581d0fc10819e0b63f4d53c117705799,4b7ff1bae01f92c186eef48a70661396581d0fc10819e0b63f4d53c117705799,62387,2022-11-17T19:10:15.000Z,"""fd4934f73f24f05aa56a60e06c3f6541""",2026-08-21T06:06:38.235172+00:00,PASS,MISSING_INTERVAL,premiumIndexKlines,15m
um,BTCUSDT,2022-11,https://data.binance.vision/data/futures/um/monthly/premiumIndexKlines/BTCUSDT/15m/BTCUSDT-15m-2022-11.zip,2880,2022-11-01T00:00:00+00:00,2022-11-30T23:45:00+00:00,4d886b102a2cab46ab0ddb4d11a225eddb75dae5381847a296120fe168090400,4d886b102a2cab46ab0ddb4d11a225eddb75dae5381847a296120fe168090400,62977,2022-12-25T15:32:17.000Z,"""33c5b7ec71f2a2d8396b11ae1e48ff93""",2026-08-21T06:06:38.609318+00:00,PASS,,premiumIndexKlines,15m
um,BTCUSDT,2022-12,https://data.binance.vision/data/futures/um/monthly/premiumIndexKlines/BTCUSDT/15m/BTCUSDT-15m-2022-12.zip,2976,2022-12-01T00:00:00+00:00,2022-12-31T23:45:00+00:00,d07120680d527b9d7b86b02e7523e87e811d84703f6c34c673a4f67b79806957,d07120680d527b9d7b86b02e7523e87e811d84703f6c34c673a4f67b79806957,63544,2023-01-17T18:32:40.000Z,"""5d9b5fb7350f4f4862277095db2b465a""",2026-08-21T06:06:38.699010+00:00,PASS,,premiumIndexKlines,15m
um,BTCUSDT,2023-01,https://data.binance.vision/data/futures/um/monthly/premiumIndexKlines/BTCUSDT/15m/BTCUSDT-15m-2023-01.zip,2976,2023-01-01T00:00:00+00:00,2023-01-31T23:45:00+00:00,a5dac010e3e1b84926ba99e036d5d7283db5327d307ae06e37ffc955fdcc63bf,a5dac010e3e1b84926ba99e036d5d7283db5327d307ae06e37ffc955fdcc63bf,64597,2023-02-17T18:00:10.000Z,"""15c1bf9ede2a7b218235679e6e7c3d81""",2026-08-21T06:06:39.142673+00:00,PASS,,premiumIndexKlines,15m
um,BTCUSDT,2023-02,https://data.binance.vision/data/futures/um/monthly/premiumIndexKlines/BTCUSDT/15m/BTCUSDT-15m-2023-02.zip,2592,2023-02-01T00:00:00+00:00,2023-02-28T23:45:00+00:00,96253b85a067a65e9adeda9257daf38f5fc34a8ad747569e3920789aa9ddacd5,96253b85a067a65e9adeda9257daf38f5fc34a8ad747569e3920789aa9ddacd5,56522,2023-06-14T16:06:00.000Z,"""7b6cd19c8f3327f50ecfd0ef03cc10f2""",2026-08-21T06:06:39.149674+00:00,PASS,MISSING_INTERVAL,premiumIndexKlines,15m
um,BTCUSDT,2023-03,https://data.binance.vision/data/futures/um/monthly/premiumIndexKlines/BTCUSDT/15m/BTCUSDT-15m-2023-03.zip,2976,2023-03-01T00:00:00+00:00,2023-03-31T23:45:00+00:00,cd83439900aee956fecc85cf03840b65f5e7110afea36e3fb1d6234b1a0c05d7,cd83439900aee956fecc85cf03840b65f5e7110afea36e3fb1d6234b1a0c05d7,65776,2023-04-22T17:54:02.000Z,"""4b0d9048329a28f8758a44e75319b9fd""",2026-08-21T06:06:39.585182+00:00,PASS,,premiumIndexKlines,15m
um,BTCUSDT,2023-04,https://data.binance.vision/data/futures/um/monthly/premiumIndexKlines/BTCUSDT/15m/BTCUSDT-15m-2023-04.zip,2880,2023-04-01T00:00:00+00:00,2023-04-30T23:45:00+00:00,f967a66912c1761d8d500284eb5fac99bb808f47cf68634096cc2b153dc5488a,f967a66912c1761d8d500284eb5fac99bb808f47cf68634096cc2b153dc5488a,62619,2023-05-20T19:47:36.000Z,"""ff881fbc7764e64f2b9ae9b50ab7a704""",2026-08-21T06:06:39.670878+00:00,PASS,,premiumIndexKlines,15m
um,BTCUSDT,2023-05,https://data.binance.vision/data/futures/um/monthly/premiumIndexKlines/BTCUSDT/15m/BTCUSDT-15m-2023-05.zip,2976,2023-05-01T00:00:00+00:00,2023-05-31T23:45:00+00:00,980f8c53f0cfdd7c25171d18f31b05e49ac6d3c33ae7db4ec7e742456da7ee54,980f8c53f0cfdd7c25171d18f31b05e49ac6d3c33ae7db4ec7e742456da7ee54,64699,2023-07-10T14:42:29.000Z,"""bbabf887fd0b3aef2ea43ed464fdcad5""",2026-08-21T06:06:39.938323+00:00,PASS,,premiumIndexKlines,15m
um,BTCUSDT,2023-06,https://data.binance.vision/data/futures/um/monthly/premiumIndexKlines/BTCUSDT/15m/BTCUSDT-15m-2023-06.zip,2880,2023-06-01T00:00:00+00:00,2023-06-30T23:45:00+00:00,dcf14e57f1205e3b61279c06760f93a88baf623f882d759c94e82b79e6bb4824,dcf14e57f1205e3b61279c06760f93a88baf623f882d759c94e82b79e6bb4824,62785,2023-07-01T23:54:15.000Z,"""0570f6fb68ef5c4acb3f987d9aed6b9c""",2026-08-21T06:06:40.041930+00:00,PASS,,premiumIndexKlines,15m
um,BTCUSDT,2023-07,https://data.binance.vision/data/futures/um/monthly/premiumIndexKlines/BTCUSDT/15m/BTCUSDT-15m-2023-07.zip,2976,2023-07-01T00:00:00+00:00,2023-07-31T23:45:00+00:00,cc5744c7e0d6d533692ee5648e76c45dbedcaa487c84c79633f9d26f43835184,cc5744c7e0d6d533692ee5648e76c45dbedcaa487c84c79633f9d26f43835184,63697,2023-11-18T13:50:40.000Z,"""1ceb5f027cfe7601bbb94aa910cbe96e""",2026-08-21T06:06:40.274553+00:00,PASS,,premiumIndexKlines,15m
um,BTCUSDT,2023-08,https://data.binance.vision/data/futures/um/monthly/premiumIndexKlines/BTCUSDT/15m/BTCUSDT-15m-2023-08.zip,2976,2023-08-01T00:00:00+00:00,2023-08-31T23:45:00+00:00,4896d309e15ffd88a9b256caa73edb547ac6f29613e84d4fd4c5715e32f4b2d7,4896d309e15ffd88a9b256caa73edb547ac6f29613e84d4fd4c5715e32f4b2d7,63625,2023-11-18T15:31:34.000Z,"""46b991b64a7a26ba4783b33bbdf0b0ae""",2026-08-21T06:06:40.362777+00:00,PASS,,premiumIndexKlines,15m
um,BTCUSDT,2023-09,https://data.binance.vision/data/futures/um/monthly/premiumIndexKlines/BTCUSDT/15m/BTCUSDT-15m-2023-09.zip,2880,2023-09-01T00:00:00+00:00,2023-09-30T23:45:00+00:00,881c4000a589a0f4ad517b7d13336f140a0b971b2c220586a5f6b136ecf4e3cd,881c4000a589a0f4ad517b7d13336f140a0b971b2c220586a5f6b136ecf4e3cd,61576,2023-11-18T17:45:39.000Z,"""0e0f2c4df3e23099e84c10a377be5c2d""",2026-08-21T06:06:40.629303+00:00,PASS,,premiumIndexKlines,15m
um,BTCUSDT,2023-10,https://data.binance.vision/data/futures/um/monthly/premiumIndexKlines/BTCUSDT/15m/BTCUSDT-15m-2023-10.zip,2976,2023-10-01T00:00:00+00:00,2023-10-31T23:45:00+00:00,a264138ffc55ea26bae344c5213ccc6ccb7fb3de6f30c90644ba136b9bcfd0ff,a264138ffc55ea26bae344c5213ccc6ccb7fb3de6f30c90644ba136b9bcfd0ff,64403,2023-11-18T19:02:13.000Z,"""19a2657bad3715222decf978431c0510""",2026-08-21T06:06:40.764840+00:00,PASS,,premiumIndexKlines,15m
um,BTCUSDT,2023-11,https://data.binance.vision/data/futures/um/monthly/premiumIndexKlines/BTCUSDT/15m/BTCUSDT-15m-2023-11.zip,2880,2023-11-01T00:00:00+00:00,2023-11-30T23:45:00+00:00,72e839c08fcfbef44ff70158689ead325cd40a14192cfc375ac3aa3b4c82a32b,72e839c08fcfbef44ff70158689ead325cd40a14192cfc375ac3aa3b4c82a32b,62853,2023-12-17T13:48:21.000Z,"""b782f95a49a80c1472951cb1d1a456bd""",2026-08-21T06:06:41.948350+00:00,PASS,,premiumIndexKlines,15m
um,BTCUSDT,2023-12,https://data.binance.vision/data/futures/um/monthly/premiumIndexKlines/BTCUSDT/15m/BTCUSDT-15m-2023-12.zip,2976,2023-12-01T00:00:00+00:00,2023-12-31T23:45:00+00:00,27f08a66166323a6f58236ed57cdeccb4762a51a9350c311e120307bb14281e7,27f08a66166323a6f58236ed57cdeccb4762a51a9350c311e120307bb14281e7,65146,2024-01-02T05:49:58.000Z,"""12b7e07d3ce3b7405742a4b6ce9a6c13""",2026-08-21T06:06:41.096304+00:00,PASS,,premiumIndexKlines,15m
um,BTCUSDT,2024-01,https://data.binance.vision/data/futures/um/monthly/premiumIndexKlines/BTCUSDT/15m/BTCUSDT-15m-2024-01.zip,2976,2024-01-01T00:00:00+00:00,2024-01-31T23:45:00+00:00,08c0080628dfa0a5d6b217eb6022c7d1335185d43f68af31a4bc298c03412276,08c0080628dfa0a5d6b217eb6022c7d1335185d43f68af31a4bc298c03412276,65379,2024-02-18T13:45:58.000Z,"""9ec12de4783aaefc85cbe1eedecb7a6e""",2026-08-21T06:06:42.499947+00:00,PASS,,premiumIndexKlines,15m
um,BTCUSDT,2024-02,https://data.binance.vision/data/futures/um/monthly/premiumIndexKlines/BTCUSDT/15m/BTCUSDT-15m-2024-02.zip,2784,2024-02-01T00:00:00+00:00,2024-02-29T23:45:00+00:00,954f16c76e82f3f90c84b8b15acefb1728cb4323f5730675ca634392cef25f22,954f16c76e82f3f90c84b8b15acefb1728cb4323f5730675ca634392cef25f22,60946,2024-03-17T15:28:42.000Z,"""5e29cbc5ac3cecf18e0aa0b7fb3dc9ab""",2026-08-21T06:06:42.243528+00:00,PASS,,premiumIndexKlines,15m
um,BTCUSDT,2024-03,https://data.binance.vision/data/futures/um/monthly/premiumIndexKlines/BTCUSDT/15m/BTCUSDT-15m-2024-03.zip,2976,2024-03-01T00:00:00+00:00,2024-03-31T23:45:00+00:00,1f836c8dd5f24b430c65c74d72bb78a40cf15c81bf2af5b67aa263a2c1557fb9,1f836c8dd5f24b430c65c74d72bb78a40cf15c81bf2af5b67aa263a2c1557fb9,66015,2024-04-17T19:05:47.000Z,"""be48d876de74b6504f649871d5aaeeb5""",2026-08-21T06:06:43.612265+00:00,PASS,,premiumIndexKlines,15m
um,BTCUSDT,2024-04,https://data.binance.vision/data/futures/um/monthly/premiumIndexKlines/BTCUSDT/15m/BTCUSDT-15m-2024-04.zip,2880,2024-04-01T00:00:00+00:00,2024-04-30T23:45:00+00:00,aa5a25bcccb3a8dd11eeaa08d9130b3f0bb4b2e5f1ef144d350af3a68f8e7f19,aa5a25bcccb3a8dd11eeaa08d9130b3f0bb4b2e5f1ef144d350af3a68f8e7f19,63564,2024-05-17T14:15:12.000Z,"""1d63b28c6464794e5ccd2d99a55fa379""",2026-08-21T06:06:42.813295+00:00,PASS,,premiumIndexKlines,15m
um,BTCUSDT,2024-05,https://data.binance.vision/data/futures/um/monthly/premiumIndexKlines/BTCUSDT/15m/BTCUSDT-15m-2024-05.zip,2976,2024-05-01T00:00:00+00:00,2024-05-31T23:45:00+00:00,f3187a720799efb356a569a424293559b92c78eeb422ee06fb48190029794edc,f3187a720799efb356a569a424293559b92c78eeb422ee06fb48190029794edc,64780,2024-06-17T13:46:48.000Z,"""a4f0b746fd9a2a55e0e5f6796538f576""",2026-08-21T06:06:43.204215+00:00,PASS,,premiumIndexKlines,15m
um,BTCUSDT,2024-06,https://data.binance.vision/data/futures/um/monthly/premiumIndexKlines/BTCUSDT/15m/BTCUSDT-15m-2024-06.zip,2880,2024-06-01T00:00:00+00:00,2024-06-30T23:45:00+00:00,b1c3fe167c1eb92abb2125e7471f32e4ab3c1bd37e90b5ca8ed57f9e93dd899b,b1c3fe167c1eb92abb2125e7471f32e4ab3c1bd37e90b5ca8ed57f9e93dd899b,62103,2024-07-17T14:20:12.000Z,"""bbb827740b80bd65c2d1a9ae805cc852""",2026-08-21T06:06:43.505028+00:00,PASS,,premiumIndexKlines,15m
um,BTCUSDT,2024-07,https://data.binance.vision/data/futures/um/monthly/premiumIndexKlines/BTCUSDT/15m/BTCUSDT-15m-2024-07.zip,2976,2024-07-01T00:00:00+00:00,2024-07-31T23:45:00+00:00,d345038fe0be43427b418e5c1c3615948e5205171e803d2848380315d408b9bb,d345038fe0be43427b418e5c1c3615948e5205171e803d2848380315d408b9bb,64897,2024-08-17T13:28:10.000Z,"""9a6f250590b8ba612975cc0d9c7c2816""",2026-08-21T06:06:44.812442+00:00,PASS,,premiumIndexKlines,15m
um,BTCUSDT,2024-08,https://data.binance.vision/data/futures/um/monthly/premiumIndexKlines/BTCUSDT/15m/BTCUSDT-15m-2024-08.zip,2976,2024-08-01T00:00:00+00:00,2024-08-31T23:45:00+00:00,d288fd97da7a13ae0bbb9ed6cefb4d7c2a94be326964667f9373d5e9055de890,d288fd97da7a13ae0bbb9ed6cefb4d7c2a94be326964667f9373d5e9055de890,65028,2024-09-17T13:55:14.000Z,"""51075cdafeea8e0d12ba732eca263065""",2026-08-21T06:06:43.923296+00:00,PASS,,premiumIndexKlines,15m
um,BTCUSDT,2024-09,https://data.binance.vision/data/futures/um/monthly/premiumIndexKlines/BTCUSDT/15m/BTCUSDT-15m-2024-09.zip,2880,2024-09-01T00:00:00+00:00,2024-09-30T23:45:00+00:00,426490ba2bab838eca835438c706cdf9425c0213219fdc10ada8ec42332891c0,426490ba2bab838eca835438c706cdf9425c0213219fdc10ada8ec42332891c0,62236,2024-10-17T14:28:23.000Z,"""8507a5f10feeb8f46e7270982cd6d759""",2026-08-21T06:06:45.305334+00:00,PASS,,premiumIndexKlines,15m
um,BTCUSDT,2024-10,https://data.binance.vision/data/futures/um/monthly/premiumIndexKlines/BTCUSDT/15m/BTCUSDT-15m-2024-10.zip,2976,2024-10-01T00:00:00+00:00,2024-10-31T23:45:00+00:00,6e49d720930560fc01e2c2ff9bf651e332c7594dc38cd895ac6934c8595935f1,6e49d720930560fc01e2c2ff9bf651e332c7594dc38cd895ac6934c8595935f1,64523,2024-11-21T22:09:55.000Z,"""a1b8390d0292d2772147929ad26e6858""",2026-08-21T06:06:46.161552+00:00,PASS,,premiumIndexKlines,15m
um,BTCUSDT,2024-11,https://data.binance.vision/data/futures/um/monthly/premiumIndexKlines/BTCUSDT/15m/BTCUSDT-15m-2024-11.zip,2880,2024-11-01T00:00:00+00:00,2024-11-30T23:45:00+00:00,1fec2c70d9f900e55848571b9b81686aa5f55a32ecf63ef1b4799a5a6d3f034b,1fec2c70d9f900e55848571b9b81686aa5f55a32ecf63ef1b4799a5a6d3f034b,63387,2024-12-17T14:07:47.000Z,"""d39e2548f838bdce2c713b48ebcd2c90""",2026-08-21T06:06:45.721134+00:00,PASS,,premiumIndexKlines,15m
um,BTCUSDT,2024-12,https://data.binance.vision/data/futures/um/monthly/premiumIndexKlines/BTCUSDT/15m/BTCUSDT-15m-2024-12.zip,2976,2024-12-01T00:00:00+00:00,2024-12-31T23:45:00+00:00,978ae405b372e1acc43a7369e407e23e0e789804dc6579eca9fb3b8f13c81ef1,978ae405b372e1acc43a7369e407e23e0e789804dc6579eca9fb3b8f13c81ef1,65018,2025-01-17T13:34:54.000Z,"""b8e4e4e0410d9f847d3410771c3a9c2c""",2026-08-21T06:06:46.055865+00:00,PASS,,premiumIndexKlines,15m
um,BTCUSDT,2025-01,https://data.binance.vision/data/futures/um/monthly/premiumIndexKlines/BTCUSDT/15m/BTCUSDT-15m-2025-01.zip,2976,2025-01-01T00:00:00+00:00,2025-01-31T23:45:00+00:00,3e72028f4d1167daf3803aec61791bde437e5ee76c363f6ed5d9ebad1b4692f3,3e72028f4d1167daf3803aec61791bde437e5ee76c363f6ed5d9ebad1b4692f3,64663,2025-02-17T13:28:27.000Z,"""ebfd006e2ec09611e19a828091e688ac""",2026-08-21T06:06:47.346664+00:00,PASS,,premiumIndexKlines,15m
um,BTCUSDT,2025-02,https://data.binance.vision/data/futures/um/monthly/premiumIndexKlines/BTCUSDT/15m/BTCUSDT-15m-2025-02.zip,2688,2025-02-01T00:00:00+00:00,2025-02-28T23:45:00+00:00,34c436491a81405caf0b1fb9f87ec7151a8eb288100e527d85f15ad32e26ff41,34c436491a81405caf0b1fb9f87ec7151a8eb288100e527d85f15ad32e26ff41,58183,2025-03-17T13:35:04.000Z,"""60fcd958bef0a81d432cd8352be424a5""",2026-08-21T06:06:46.459316+00:00,PASS,,premiumIndexKlines,15m
um,BTCUSDT,2025-03,https://data.binance.vision/data/futures/um/monthly/premiumIndexKlines/BTCUSDT/15m/BTCUSDT-15m-2025-03.zip,2976,2025-03-01T00:00:00+00:00,2025-03-31T23:45:00+00:00,6a1d22f958f0edc08bfa317381c44c1f79f62c572364355e7e21bd2fe54f8169,6a1d22f958f0edc08bfa317381c44c1f79f62c572364355e7e21bd2fe54f8169,64525,2025-04-17T13:41:47.000Z,"""c8834e3659fe62ee2cd26da6442b0916""",2026-08-21T06:06:47.782056+00:00,PASS,,premiumIndexKlines,15m
um,BTCUSDT,2025-04,https://data.binance.vision/data/futures/um/monthly/premiumIndexKlines/BTCUSDT/15m/BTCUSDT-15m-2025-04.zip,2880,2025-04-01T00:00:00+00:00,2025-04-30T23:45:00+00:00,02855a46f9c58f25d6f2423329c4b477423e0b705e5c02968868a80e633a0a0e,02855a46f9c58f25d6f2423329c4b477423e0b705e5c02968868a80e633a0a0e,62460,2025-05-17T13:48:40.000Z,"""d9f7dce3d225517cd188f3e5f3e46db7""",2026-08-21T06:06:47.657645+00:00,PASS,,premiumIndexKlines,15m
um,BTCUSDT,2025-05,https://data.binance.vision/data/futures/um/monthly/premiumIndexKlines/BTCUSDT/15m/BTCUSDT-15m-2025-05.zip,2976,2025-05-01T00:00:00+00:00,2025-05-31T23:45:00+00:00,e8b51d2030a2bb6d76f8a14b7fd4d6f8eb1c57339587f3c1c6d3732c1b272a4d,e8b51d2030a2bb6d76f8a14b7fd4d6f8eb1c57339587f3c1c6d3732c1b272a4d,64348,2025-06-02T08:23:06.000Z,"""1f5891ead8b4b2a98ed7d6198cb1966b""",2026-08-21T06:06:49.052364+00:00,PASS,,premiumIndexKlines,15m
um,BTCUSDT,2025-06,https://data.binance.vision/data/futures/um/monthly/premiumIndexKlines/BTCUSDT/15m/BTCUSDT-15m-2025-06.zip,2880,2025-06-01T00:00:00+00:00,2025-06-30T23:45:00+00:00,64f19317f9466b60d03f982e1aaf4ed2f3786918f6bcc41101900b98c1854b62,64f19317f9466b60d03f982e1aaf4ed2f3786918f6bcc41101900b98c1854b62,61896,2025-07-17T14:47:09.000Z,"""425aec72812f5edbe8e26ab82e2452b6""",2026-08-21T06:06:48.075489+00:00,PASS,,premiumIndexKlines,15m
um,BTCUSDT,2025-07,https://data.binance.vision/data/futures/um/monthly/premiumIndexKlines/BTCUSDT/15m/BTCUSDT-15m-2025-07.zip,2976,2025-07-01T00:00:00+00:00,2025-07-31T23:45:00+00:00,f3d223fc123eee3e51865ebe9cc224ac0b599336b77744fa50924ba437157c14,f3d223fc123eee3e51865ebe9cc224ac0b599336b77744fa50924ba437157c14,64118,2025-08-02T09:06:30.000Z,"""7d393e2647a25d6ef5520ccdc96422fa""",2026-08-21T06:06:48.397333+00:00,PASS,,premiumIndexKlines,15m
um,BTCUSDT,2025-08,https://data.binance.vision/data/futures/um/monthly/premiumIndexKlines/BTCUSDT/15m/BTCUSDT-15m-2025-08.zip,2976,2025-08-01T00:00:00+00:00,2025-08-31T23:45:00+00:00,4d3f085186ac2a9f22f4067c5fd3e7d09e9236f9a60e244343ed520295d9511e,4d3f085186ac2a9f22f4067c5fd3e7d09e9236f9a60e244343ed520295d9511e,63874,2025-09-02T11:04:48.000Z,"""9d0cce613027a49b571070e3ad7e3ef9""",2026-08-21T06:06:48.739839+00:00,PASS,,premiumIndexKlines,15m
um,BTCUSDT,2025-09,https://data.binance.vision/data/futures/um/monthly/premiumIndexKlines/BTCUSDT/15m/BTCUSDT-15m-2025-09.zip,2880,2025-09-01T00:00:00+00:00,2025-09-30T23:45:00+00:00,ecf344dcf664ae96524a14723f3e9f48e1f13e4db841896d98b3d351c41a279d,ecf344dcf664ae96524a14723f3e9f48e1f13e4db841896d98b3d351c41a279d,61394,2025-10-02T09:01:50.000Z,"""b8910568f7bfaabb8bbae95a52850ece""",2026-08-21T06:06:49.158576+00:00,PASS,,premiumIndexKlines,15m
um,BTCUSDT,2025-10,https://data.binance.vision/data/futures/um/monthly/premiumIndexKlines/BTCUSDT/15m/BTCUSDT-15m-2025-10.zip,2976,2025-10-01T00:00:00+00:00,2025-10-31T23:45:00+00:00,dacb9bbc74055aa3c2d8178c373c591c4b98804436c18ac8c58c128f6c520350,dacb9bbc74055aa3c2d8178c373c591c4b98804436c18ac8c58c128f6c520350,64651,2025-11-02T09:35:23.000Z,"""1af11df33142fd6518152d83a09a71f2""",2026-08-21T06:06:49.485540+00:00,PASS,,premiumIndexKlines,15m
um,BTCUSDT,2025-11,https://data.binance.vision/data/futures/um/monthly/premiumIndexKlines/BTCUSDT/15m/BTCUSDT-15m-2025-11.zip,2880,2025-11-01T00:00:00+00:00,2025-11-30T23:45:00+00:00,3abdf122cd4abaaf25a2bda46e6e404869c200cb43b8f9b773945bf298329df7,3abdf122cd4abaaf25a2bda46e6e404869c200cb43b8f9b773945bf298329df7,62786,2025-12-02T09:35:28.000Z,"""497f9e8b5895b7c6a47766850c52ae7d""",2026-08-21T06:06:49.499539+00:00,PASS,,premiumIndexKlines,15m
um,BTCUSDT,2025-12,https://data.binance.vision/data/futures/um/monthly/premiumIndexKlines/BTCUSDT/15m/BTCUSDT-15m-2025-12.zip,2976,2025-12-01T00:00:00+00:00,2025-12-31T23:45:00+00:00,fbad462115c044597051b6c65374f8fb20291956d0264393871106a5ed4c6808,fbad462115c044597051b6c65374f8fb20291956d0264393871106a5ed4c6808,64606,2026-01-02T10:28:29.000Z,"""e4198d829fc8e83460308c6e1fbebebe""",2026-08-21T06:06:49.971603+00:00,PASS,,premiumIndexKlines,15m
um,BTCUSDT,2026-01,https://data.binance.vision/data/futures/um/monthly/premiumIndexKlines/BTCUSDT/15m/BTCUSDT-15m-2026-01.zip,2976,2026-01-01T00:00:00+00:00,2026-01-31T23:45:00+00:00,eb3d72ac2483d26bc4b3177daa00631c32d5744a35f08985996dff1bb2043c83,eb3d72ac2483d26bc4b3177daa00631c32d5744a35f08985996dff1bb2043c83,63845,2026-02-02T10:05:03.000Z,"""a82a7fedc155d05cc9463707f7af0147""",2026-08-21T06:06:49.921605+00:00,PASS,,premiumIndexKlines,15m
um,BTCUSDT,2026-02,https://data.binance.vision/data/futures/um/monthly/premiumIndexKlines/BTCUSDT/15m/BTCUSDT-15m-2026-02.zip,2688,2026-02-01T00:00:00+00:00,2026-02-28T23:45:00+00:00,0afed3b560c50e678801b0c774a904cc41737c8ab09c21ad2b940bbf57e05e01,0afed3b560c50e678801b0c774a904cc41737c8ab09c21ad2b940bbf57e05e01,58711,2026-03-02T09:07:42.000Z,"""232f5810fb99129194d9f975c55077fd""",2026-08-21T06:06:50.309206+00:00,PASS,,premiumIndexKlines,15m
um,BTCUSDT,2026-03,https://data.binance.vision/data/futures/um/monthly/premiumIndexKlines/BTCUSDT/15m/BTCUSDT-15m-2026-03.zip,2976,2026-03-01T00:00:00+00:00,2026-03-31T23:45:00+00:00,879f01014b94490e7e927e5f043936cd38f58cf259b2fd9a346185f94cc2ec67,879f01014b94490e7e927e5f043936cd38f58cf259b2fd9a346185f94cc2ec67,66165,2026-04-02T09:08:35.000Z,"""b230634f5d6511bf1dedf1a9dd540818""",2026-08-21T06:06:50.402204+00:00,PASS,,premiumIndexKlines,15m
um,BTCUSDT,2026-04,https://data.binance.vision/data/futures/um/monthly/premiumIndexKlines/BTCUSDT/15m/BTCUSDT-15m-2026-04.zip,2880,2026-04-01T00:00:00+00:00,2026-04-30T23:45:00+00:00,f4acfadb1092672e785754c2a804c3f13d20897aec52dbae181ac74e7a568497,f4acfadb1092672e785754c2a804c3f13d20897aec52dbae181ac74e7a568497,62308,2026-05-02T09:08:08.000Z,"""67d6d302918d53250461299b9d8f2131""",2026-08-21T06:06:50.699225+00:00,PASS,,premiumIndexKlines,15m
um,BTCUSDT,2026-05,https://data.binance.vision/data/futures/um/monthly/premiumIndexKlines/BTCUSDT/15m/BTCUSDT-15m-2026-05.zip,2976,2026-05-01T00:00:00+00:00,2026-05-31T23:45:00+00:00,d62577dd4f12d31e9bbf48543cfdcb0610c2c90e0c4a52c92e6155f06c8cb000,d62577dd4f12d31e9bbf48543cfdcb0610c2c90e0c4a52c92e6155f06c8cb000,63805,2026-06-02T10:49:15.000Z,"""1c92890ee8e4a493ed480daf4275d312""",2026-08-21T06:06:50.833371+00:00,PASS,,premiumIndexKlines,15m
um,BTCUSDT,2026-06,https://data.binance.vision/data/futures/um/monthly/premiumIndexKlines/BTCUSDT/15m/BTCUSDT-15m-2026-06.zip,2784,2026-06-01T00:00:00+00:00,2026-06-30T23:45:00+00:00,3be00c0164f09729b840784e949f627cb47388b1b72f74f6677c6d0ec9e43f55,3be00c0164f09729b840784e949f627cb47388b1b72f74f6677c6d0ec9e43f55,60811,2026-07-02T10:51:42.000Z,"""0d35a439ff76bae9f2f499749fbb7e8c""",2026-08-21T06:06:51.041470+00:00,PASS,MISSING_INTERVAL,premiumIndexKlines,15m
um,BTCUSDT,2026-07,https://data.binance.vision/data/futures/um/monthly/premiumIndexKlines/BTCUSDT/15m/BTCUSDT-15m-2026-07.zip,2976,2026-07-01T00:00:00+00:00,2026-07-31T23:45:00+00:00,ea7063df142107f399d8212845bed1def91e19ec65f660daace175c6bd3fea71,ea7063df142107f399d8212845bed1def91e19ec65f660daace175c6bd3fea71,63595,2026-08-02T10:26:21.000Z,"""645cd1ecdc4bdac137382737a5a19cf2""",2026-08-21T06:06:51.176644+00:00,PASS,,premiumIndexKlines,15m
um,ETHUSDT,2020-01,https://data.binance.vision/data/futures/um/monthly/premiumIndexKlines/ETHUSDT/15m/ETHUSDT-15m-2020-01.zip,2975,2020-01-01T00:00:00+00:00,2020-01-31T23:45:00+00:00,b21cbd1d44c64baee4bc12322bc46d232933b414bf332beea3629e40c9347bf5,b21cbd1d44c64baee4bc12322bc46d232933b414bf332beea3629e40c9347bf5,62178,2021-03-29T13:45:15.000Z,"""49b9ce0c7a8f19fb82bb5e351654dc8f""",2026-08-21T06:06:51.412157+00:00,PASS,MISSING_INTERVAL,premiumIndexKlines,15m
um,ETHUSDT,2020-02,https://data.binance.vision/data/futures/um/monthly/premiumIndexKlines/ETHUSDT/15m/ETHUSDT-15m-2020-02.zip,2784,2020-02-01T00:00:00+00:00,2020-02-29T23:45:00+00:00,ff49478fc458f6c7ac80c7c0f71fea8116fbf9d9c0b384f5dfc5f4946d3bae2f,ff49478fc458f6c7ac80c7c0f71fea8116fbf9d9c0b384f5dfc5f4946d3bae2f,61711,2021-03-30T09:31:21.000Z,"""9b9b5e9c83be86d09edf948dd0db8c42""",2026-08-21T06:06:51.457225+00:00,PASS,,premiumIndexKlines,15m
um,ETHUSDT,2020-03,https://data.binance.vision/data/futures/um/monthly/premiumIndexKlines/ETHUSDT/15m/ETHUSDT-15m-2020-03.zip,2976,2020-03-01T00:00:00+00:00,2020-03-31T23:45:00+00:00,1474b52fac564cf2add4a2bfbe54754f29e0a8badb7b21bfa7000243a6cbeea3,1474b52fac564cf2add4a2bfbe54754f29e0a8badb7b21bfa7000243a6cbeea3,63155,2021-06-28T06:09:20.000Z,"""43d890dbc3490164297ad393c38d9a2a""",2026-08-21T06:06:51.677856+00:00,PASS,,premiumIndexKlines,15m
um,ETHUSDT,2020-04,https://data.binance.vision/data/futures/um/monthly/premiumIndexKlines/ETHUSDT/15m/ETHUSDT-15m-2020-04.zip,2880,2020-04-01T00:00:00+00:00,2020-04-30T23:45:00+00:00,178c1c0ff257339b00f66da5df88ee99f9ce6cfa7736cc56db614a70340dd577,178c1c0ff257339b00f66da5df88ee99f9ce6cfa7736cc56db614a70340dd577,61151,2021-06-28T06:59:41.000Z,"""92986d26a540ac3754b1e47819c68d50""",2026-08-21T06:06:51.760420+00:00,PASS,,premiumIndexKlines,15m
um,ETHUSDT,2020-05,https://data.binance.vision/data/futures/um/monthly/premiumIndexKlines/ETHUSDT/15m/ETHUSDT-15m-2020-05.zip,2976,2020-05-01T00:00:00+00:00,2020-05-31T23:45:00+00:00,14ed532c41bafefc6d70107d0752e3c0c4147f38c16eaafb21661b1f2708a4d0,14ed532c41bafefc6d70107d0752e3c0c4147f38c16eaafb21661b1f2708a4d0,63314,2021-06-28T08:39:31.000Z,"""1cb219c006473fb279327a2961a50498""",2026-08-21T06:06:51.939293+00:00,PASS,,premiumIndexKlines,15m
um,ETHUSDT,2020-06,https://data.binance.vision/data/futures/um/monthly/premiumIndexKlines/ETHUSDT/15m/ETHUSDT-15m-2020-06.zip,2880,2020-06-01T00:00:00+00:00,2020-06-30T23:45:00+00:00,a9945f6b5396360c4a1cce383d0520f5f1bbd8d600449711cdf87691ba5148d6,a9945f6b5396360c4a1cce383d0520f5f1bbd8d600449711cdf87691ba5148d6,59771,2021-06-28T10:10:48.000Z,"""0c01094c8311a9bd06fb81c0ed742a58""",2026-08-21T06:06:52.002342+00:00,PASS,,premiumIndexKlines,15m
um,ETHUSDT,2020-07,https://data.binance.vision/data/futures/um/monthly/premiumIndexKlines/ETHUSDT/15m/ETHUSDT-15m-2020-07.zip,2976,2020-07-01T00:00:00+00:00,2020-07-31T23:45:00+00:00,0ae51fd51c0f95a8bdf1f54e901f0e8b64ff7a9809d905504d9a953386cab869,0ae51fd51c0f95a8bdf1f54e901f0e8b64ff7a9809d905504d9a953386cab869,62395,2021-06-28T11:38:00.000Z,"""19115070267c4bc3f20bc56988ae683c""",2026-08-21T06:06:52.189204+00:00,PASS,,premiumIndexKlines,15m
um,ETHUSDT,2020-08,https://data.binance.vision/data/futures/um/monthly/premiumIndexKlines/ETHUSDT/15m/ETHUSDT-15m-2020-08.zip,2976,2020-08-01T00:00:00+00:00,2020-08-31T23:45:00+00:00,33af4d1a12a284ddfc49e00b53d2427363d481a579cb6f43249bdbf9ad449b3e,33af4d1a12a284ddfc49e00b53d2427363d481a579cb6f43249bdbf9ad449b3e,63924,2021-06-28T14:27:12.000Z,"""614fb5a889284ab2133bd97feb276025""",2026-08-21T06:06:52.294460+00:00,PASS,,premiumIndexKlines,15m
um,ETHUSDT,2020-09,https://data.binance.vision/data/futures/um/monthly/premiumIndexKlines/ETHUSDT/15m/ETHUSDT-15m-2020-09.zip,2880,2020-09-01T00:00:00+00:00,2020-09-30T23:45:00+00:00,b03b5d8938fb7f541d810aeaad9a3b12d0a8ff7886352777863421eca5eb457f,b03b5d8938fb7f541d810aeaad9a3b12d0a8ff7886352777863421eca5eb457f,59293,2021-06-28T16:20:41.000Z,"""2ba0a39395072dce86938535ad4377ee""",2026-08-21T06:06:52.454632+00:00,PASS,,premiumIndexKlines,15m
um,ETHUSDT,2020-10,https://data.binance.vision/data/futures/um/monthly/premiumIndexKlines/ETHUSDT/15m/ETHUSDT-15m-2020-10.zip,2976,2020-10-01T00:00:00+00:00,2020-10-31T23:45:00+00:00,31ed4437acc7955ba8f6db0715a683e0023a4a4e7c4262d469b25e6eb6ade1cb,31ed4437acc7955ba8f6db0715a683e0023a4a4e7c4262d469b25e6eb6ade1cb,62510,2021-06-28T18:23:11.000Z,"""c51e45fb34cdda8861d5cde1a0602b04""",2026-08-21T06:06:52.524784+00:00,PASS,,premiumIndexKlines,15m
um,ETHUSDT,2020-11,https://data.binance.vision/data/futures/um/monthly/premiumIndexKlines/ETHUSDT/15m/ETHUSDT-15m-2020-11.zip,2880,2020-11-01T00:00:00+00:00,2020-11-30T23:45:00+00:00,0f900b82bb335613afd1f7efbe72450268c5ee1219186d087a029547122fb426,0f900b82bb335613afd1f7efbe72450268c5ee1219186d087a029547122fb426,63889,2021-06-28T21:04:32.000Z,"""8f2a47b1db8ac1b4791e36728b89a3a6""",2026-08-21T06:06:52.729187+00:00,PASS,,premiumIndexKlines,15m
um,ETHUSDT,2020-12,https://data.binance.vision/data/futures/um/monthly/premiumIndexKlines/ETHUSDT/15m/ETHUSDT-15m-2020-12.zip,2971,2020-12-01T00:00:00+00:00,2020-12-31T23:45:00+00:00,a8b0860e5556945492f83e981f59c4a6b8c1224b53660f766cfe0b2819ffc796,a8b0860e5556945492f83e981f59c4a6b8c1224b53660f766cfe0b2819ffc796,65303,2021-06-28T23:56:36.000Z,"""50dac7a2fd1a86abaa0279e755348db9""",2026-08-21T06:06:52.767343+00:00,PASS,MISSING_INTERVAL,premiumIndexKlines,15m
um,ETHUSDT,2021-01,https://data.binance.vision/data/futures/um/monthly/premiumIndexKlines/ETHUSDT/15m/ETHUSDT-15m-2021-01.zip,2976,2021-01-01T00:00:00+00:00,2021-01-31T23:45:00+00:00,4b32a6d839ec37d6913ce6b34cd90257a72cb29f93be7dbce7348ea79d67d949,4b32a6d839ec37d6913ce6b34cd90257a72cb29f93be7dbce7348ea79d67d949,67901,2021-06-29T02:40:12.000Z,"""d37b67d2887e40d016bd11525f55ebab""",2026-08-21T06:06:52.957331+00:00,PASS,,premiumIndexKlines,15m
um,ETHUSDT,2021-02,https://data.binance.vision/data/futures/um/monthly/premiumIndexKlines/ETHUSDT/15m/ETHUSDT-15m-2021-02.zip,2688,2021-02-01T00:00:00+00:00,2021-02-28T23:45:00+00:00,6c22835dd2205044f03abfa7c2a51a0997319045541eb1d0ee41e320335c7706,6c22835dd2205044f03abfa7c2a51a0997319045541eb1d0ee41e320335c7706,61190,2021-04-08T04:04:14.000Z,"""040229e9b61ce0c7705a9f9638b23da3""",2026-08-21T06:06:52.997331+00:00,PASS,,premiumIndexKlines,15m
um,ETHUSDT,2021-03,https://data.binance.vision/data/futures/um/monthly/premiumIndexKlines/ETHUSDT/15m/ETHUSDT-15m-2021-03.zip,2976,2021-03-01T00:00:00+00:00,2021-03-31T23:45:00+00:00,2afca1e47d5f046469397f817b497a7ea09b49876edb2a1f9329dd89ffabf8b4,2afca1e47d5f046469397f817b497a7ea09b49876edb2a1f9329dd89ffabf8b4,66581,2021-05-01T06:54:53.000Z,"""68e98754f92512f101d850de7180ba7f""",2026-08-21T06:06:53.290314+00:00,PASS,,premiumIndexKlines,15m
um,ETHUSDT,2021-04,https://data.binance.vision/data/futures/um/monthly/premiumIndexKlines/ETHUSDT/15m/ETHUSDT-15m-2021-04.zip,2880,2021-04-01T00:00:00+00:00,2021-04-30T23:45:00+00:00,ca277c13f3cd4313c2f39ae7cb61b79cd45d0e786eeadfcdaf2940ce95c190a7,ca277c13f3cd4313c2f39ae7cb61b79cd45d0e786eeadfcdaf2940ce95c190a7,64699,2021-05-01T14:03:17.000Z,"""d195e164f277811e31f810ca99735168""",2026-08-21T06:06:53.270315+00:00,PASS,,premiumIndexKlines,15m
um,ETHUSDT,2021-05,https://data.binance.vision/data/futures/um/monthly/premiumIndexKlines/ETHUSDT/15m/ETHUSDT-15m-2021-05.zip,2976,2021-05-01T00:00:00+00:00,2021-05-31T23:45:00+00:00,f82abbf6a3fc8e5a42d9343ee1cb813d7027eca2eb12988c148f74775432c35f,f82abbf6a3fc8e5a42d9343ee1cb813d7027eca2eb12988c148f74775432c35f,66986,2021-06-17T18:29:30.000Z,"""a260a50b17149e5e0e5a289449e69037""",2026-08-21T06:06:53.552445+00:00,PASS,,premiumIndexKlines,15m
um,ETHUSDT,2021-06,https://data.binance.vision/data/futures/um/monthly/premiumIndexKlines/ETHUSDT/15m/ETHUSDT-15m-2021-06.zip,2880,2021-06-01T00:00:00+00:00,2021-06-30T23:45:00+00:00,39718b23867b013bd4189dbb6147c369d8bed96232dc37b102e82437941238c1,39718b23867b013bd4189dbb6147c369d8bed96232dc37b102e82437941238c1,63461,2021-09-12T08:07:15.000Z,"""f4a7afca7a2a15cd8a19f26051da6a18""",2026-08-21T06:06:53.499761+00:00,PASS,,premiumIndexKlines,15m
um,ETHUSDT,2021-07,https://data.binance.vision/data/futures/um/monthly/premiumIndexKlines/ETHUSDT/15m/ETHUSDT-15m-2021-07.zip,2496,2021-07-02T00:00:00+00:00,2021-07-31T23:45:00+00:00,a96111abe3ea6832e1d66b13820b4185d0439d7504414b78840aae69e6a71de0,a96111abe3ea6832e1d66b13820b4185d0439d7504414b78840aae69e6a71de0,55002,2021-08-01T12:22:35.000Z,"""914568aa0339105c36f2ea10aa97c420""",2026-08-21T06:06:53.769373+00:00,PASS,MISSING_INTERVAL,premiumIndexKlines,15m
um,ETHUSDT,2021-08,https://data.binance.vision/data/futures/um/monthly/premiumIndexKlines/ETHUSDT/15m/ETHUSDT-15m-2021-08.zip,2976,2021-08-01T00:00:00+00:00,2021-08-31T23:45:00+00:00,fce0ffc8490e7c880a2a2fca2dbac1dbe2a2481536b7c47ac2b7d0b9f5a45706,fce0ffc8490e7c880a2a2fca2dbac1dbe2a2481536b7c47ac2b7d0b9f5a45706,66141,2021-09-02T13:48:32.000Z,"""2b6da32deffa99af8811b244128532dc""",2026-08-21T06:06:53.810486+00:00,PASS,,premiumIndexKlines,15m
um,ETHUSDT,2021-09,https://data.binance.vision/data/futures/um/monthly/premiumIndexKlines/ETHUSDT/15m/ETHUSDT-15m-2021-09.zip,2880,2021-09-01T00:00:00+00:00,2021-09-30T23:45:00+00:00,277a5965b754ee32e1ed6e5148014a9e93a1e97e4b333364f0d1632f6d6fc948,277a5965b754ee32e1ed6e5148014a9e93a1e97e4b333364f0d1632f6d6fc948,63803,2021-10-01T13:13:33.000Z,"""e870ec0609084fdd054b7f51a0976c84""",2026-08-21T06:06:54.205485+00:00,PASS,,premiumIndexKlines,15m
um,ETHUSDT,2021-10,https://data.binance.vision/data/futures/um/monthly/premiumIndexKlines/ETHUSDT/15m/ETHUSDT-15m-2021-10.zip,2976,2021-10-01T00:00:00+00:00,2021-10-31T23:45:00+00:00,aff6d6325297f06bd7796d083037c64d535ad0ea0de943e755c0703128aa2c2d,aff6d6325297f06bd7796d083037c64d535ad0ea0de943e755c0703128aa2c2d,65726,2021-11-01T14:47:25.000Z,"""79a110cc0d381943d8b7414dadc5263c""",2026-08-21T06:06:54.210486+00:00,PASS,,premiumIndexKlines,15m
um,ETHUSDT,2021-11,https://data.binance.vision/data/futures/um/monthly/premiumIndexKlines/ETHUSDT/15m/ETHUSDT-15m-2021-11.zip,2880,2021-11-01T00:00:00+00:00,2021-11-30T23:45:00+00:00,f8b53f55a4689b032bb5b2be32f305841feb026661eb3afeb1bf8e4d6b460f05,f8b53f55a4689b032bb5b2be32f305841feb026661eb3afeb1bf8e4d6b460f05,63545,2021-12-01T13:39:15.000Z,"""a5aead4cacee383a6299647c68527e9e""",2026-08-21T06:06:54.552617+00:00,PASS,,premiumIndexKlines,15m
um,ETHUSDT,2021-12,https://data.binance.vision/data/futures/um/monthly/premiumIndexKlines/ETHUSDT/15m/ETHUSDT-15m-2021-12.zip,2976,2021-12-01T00:00:00+00:00,2021-12-31T23:45:00+00:00,15f98c943c0588f5e0e63e7f952fd0d9c8acd504fd50de44e297badcf3223216,15f98c943c0588f5e0e63e7f952fd0d9c8acd504fd50de44e297badcf3223216,65126,2022-01-07T13:05:39.000Z,"""c792e1a65b90bcc83f8fffbd52694fdf""",2026-08-21T06:06:54.516611+00:00,PASS,,premiumIndexKlines,15m
um,ETHUSDT,2022-01,https://data.binance.vision/data/futures/um/monthly/premiumIndexKlines/ETHUSDT/15m/ETHUSDT-15m-2022-01.zip,2976,2022-01-01T00:00:00+00:00,2022-01-31T23:45:00+00:00,f1ded01e1f69a1783751aba23a9ee39e61def273f9b459fcf20b6c5d0057a3e6,f1ded01e1f69a1783751aba23a9ee39e61def273f9b459fcf20b6c5d0057a3e6,66037,2022-02-01T14:59:08.000Z,"""17d089f6a7e044c7e241dfdd652e3127""",2026-08-21T06:06:54.748944+00:00,PASS,,premiumIndexKlines,15m
um,ETHUSDT,2022-02,https://data.binance.vision/data/futures/um/monthly/premiumIndexKlines/ETHUSDT/15m/ETHUSDT-15m-2022-02.zip,2688,2022-02-01T00:00:00+00:00,2022-02-28T23:45:00+00:00,0f8a0943d165b3df4cf7b4582bb53fac5b597c456612545607212e1cbe1940ae,0f8a0943d165b3df4cf7b4582bb53fac5b597c456612545607212e1cbe1940ae,59368,2023-06-13T17:17:09.000Z,"""74ac46dc09d38ad85fcd810f0a336946""",2026-08-21T06:06:54.819382+00:00,PASS,,premiumIndexKlines,15m
um,ETHUSDT,2022-03,https://data.binance.vision/data/futures/um/monthly/premiumIndexKlines/ETHUSDT/15m/ETHUSDT-15m-2022-03.zip,2976,2022-03-01T00:00:00+00:00,2022-03-31T23:45:00+00:00,862fbdaa317ce8e325ac1e1b7c4530584efcf61024f6a8a3abf4ade70702ec12,862fbdaa317ce8e325ac1e1b7c4530584efcf61024f6a8a3abf4ade70702ec12,65275,2022-04-01T18:52:23.000Z,"""67da486676870c235c4480589726fcc9""",2026-08-21T06:06:55.019155+00:00,PASS,,premiumIndexKlines,15m
um,ETHUSDT,2022-04,https://data.binance.vision/data/futures/um/monthly/premiumIndexKlines/ETHUSDT/15m/ETHUSDT-15m-2022-04.zip,2880,2022-04-01T00:00:00+00:00,2022-04-30T23:45:00+00:00,efeac6b260ed6bffbbb2f1c948ba4479ab87947f84b87f8b3939da36ccad891d,efeac6b260ed6bffbbb2f1c948ba4479ab87947f84b87f8b3939da36ccad891d,63480,2023-06-06T11:29:33.000Z,"""0104bf61becadb6201e1627d2bcfc5b6""",2026-08-21T06:06:55.098510+00:00,PASS,,premiumIndexKlines,15m
um,ETHUSDT,2022-05,https://data.binance.vision/data/futures/um/monthly/premiumIndexKlines/ETHUSDT/15m/ETHUSDT-15m-2022-05.zip,2976,2022-05-01T00:00:00+00:00,2022-05-31T23:45:00+00:00,4478cfa3dcd163eec48b570c80876bf7fbce6d63e2cb7db50d0e0d4b2b84d240,4478cfa3dcd163eec48b570c80876bf7fbce6d63e2cb7db50d0e0d4b2b84d240,65932,2022-06-18T17:35:39.000Z,"""c5ffcaa99b8bb627525df1af2210d189""",2026-08-21T06:06:55.343074+00:00,PASS,,premiumIndexKlines,15m
um,ETHUSDT,2022-06,https://data.binance.vision/data/futures/um/monthly/premiumIndexKlines/ETHUSDT/15m/ETHUSDT-15m-2022-06.zip,2880,2022-06-01T00:00:00+00:00,2022-06-30T23:45:00+00:00,fef1a49eb8539ecd8cbffcd6c5bcaecb2f3831b494c2de225922430676902f92,fef1a49eb8539ecd8cbffcd6c5bcaecb2f3831b494c2de225922430676902f92,64226,2023-06-07T19:42:48.000Z,"""ae8a70504ad19a915ab4bddd41559c3f""",2026-08-21T06:06:55.428343+00:00,PASS,,premiumIndexKlines,15m
um,ETHUSDT,2022-07,https://data.binance.vision/data/futures/um/monthly/premiumIndexKlines/ETHUSDT/15m/ETHUSDT-15m-2022-07.zip,2974,2022-07-01T00:00:00+00:00,2022-07-31T23:45:00+00:00,2ca137b95fdbd784399162d4906bb503558acd23f581ccc82ffa76973b17f894,2ca137b95fdbd784399162d4906bb503558acd23f581ccc82ffa76973b17f894,66498,2023-06-08T14:06:23.000Z,"""8f08f59101e36ea98815c144dda55916""",2026-08-21T06:06:55.618532+00:00,PASS,MISSING_INTERVAL,premiumIndexKlines,15m
um,ETHUSDT,2022-08,https://data.binance.vision/data/futures/um/monthly/premiumIndexKlines/ETHUSDT/15m/ETHUSDT-15m-2022-08.zip,2976,2022-08-01T00:00:00+00:00,2022-08-31T23:45:00+00:00,505dbc868e80f7d2bab80dee2e01fe834a05ee89bc8c7a71bff236773945416b,505dbc868e80f7d2bab80dee2e01fe834a05ee89bc8c7a71bff236773945416b,66228,2023-06-08T23:55:54.000Z,"""b9c9cfd2a69bdb1a92eb8c3790263696""",2026-08-21T06:06:55.751473+00:00,PASS,,premiumIndexKlines,15m
um,ETHUSDT,2022-09,https://data.binance.vision/data/futures/um/monthly/premiumIndexKlines/ETHUSDT/15m/ETHUSDT-15m-2022-09.zip,2880,2022-09-01T00:00:00+00:00,2022-09-30T23:45:00+00:00,fed319c60fa4744ec26b2c7cd52d4b10e2c1ea992c0513ec23d7b245db4f6584,fed319c60fa4744ec26b2c7cd52d4b10e2c1ea992c0513ec23d7b245db4f6584,64904,2022-10-26T13:44:45.000Z,"""d95cb571b0789fe03554cdce921341de""",2026-08-21T06:06:55.950641+00:00,PASS,,premiumIndexKlines,15m
um,ETHUSDT,2022-10,https://data.binance.vision/data/futures/um/monthly/premiumIndexKlines/ETHUSDT/15m/ETHUSDT-15m-2022-10.zip,2880,2022-10-01T00:00:00+00:00,2022-10-31T23:45:00+00:00,444622a15f45edc4cfa1a47f43d5d403bc7caef4ade79e5dd53cd5efbe0c2ccf,444622a15f45edc4cfa1a47f43d5d403bc7caef4ade79e5dd53cd5efbe0c2ccf,64088,2022-11-17T19:10:24.000Z,"""a7849e38632431b0a96e26ed2c4c74e8""",2026-08-21T06:06:56.062078+00:00,PASS,MISSING_INTERVAL,premiumIndexKlines,15m
um,ETHUSDT,2022-11,https://data.binance.vision/data/futures/um/monthly/premiumIndexKlines/ETHUSDT/15m/ETHUSDT-15m-2022-11.zip,2880,2022-11-01T00:00:00+00:00,2022-11-30T23:45:00+00:00,01bab04e5b3333c1efe8264352d8ae60b83f1d71f5109cb7c6d0b8d5995ecc00,01bab04e5b3333c1efe8264352d8ae60b83f1d71f5109cb7c6d0b8d5995ecc00,64372,2022-12-25T15:32:26.000Z,"""670e037eb386b13715a9a7ef6466ac5a""",2026-08-21T06:06:56.237988+00:00,PASS,,premiumIndexKlines,15m
um,ETHUSDT,2022-12,https://data.binance.vision/data/futures/um/monthly/premiumIndexKlines/ETHUSDT/15m/ETHUSDT-15m-2022-12.zip,2976,2022-12-01T00:00:00+00:00,2022-12-31T23:45:00+00:00,e3995a301c2de5d69a3452eadb810b4b5999421c9101dbd08f8083b826c9c9d4,e3995a301c2de5d69a3452eadb810b4b5999421c9101dbd08f8083b826c9c9d4,64864,2023-01-17T18:32:50.000Z,"""a761295265f5629a1f4a6f841c58fc41""",2026-08-21T06:06:56.368434+00:00,PASS,,premiumIndexKlines,15m
um,ETHUSDT,2023-01,https://data.binance.vision/data/futures/um/monthly/premiumIndexKlines/ETHUSDT/15m/ETHUSDT-15m-2023-01.zip,2976,2023-01-01T00:00:00+00:00,2023-01-31T23:45:00+00:00,24ac5df2091a8a931479ac57ff041a4de465d508479d66c99941d68cb37e0b03,24ac5df2091a8a931479ac57ff041a4de465d508479d66c99941d68cb37e0b03,65581,2023-02-17T18:00:19.000Z,"""f35eafe5ac5b92ad2c9e816db90411b4""",2026-08-21T06:06:56.568531+00:00,PASS,,premiumIndexKlines,15m
um,ETHUSDT,2023-02,https://data.binance.vision/data/futures/um/monthly/premiumIndexKlines/ETHUSDT/15m/ETHUSDT-15m-2023-02.zip,2688,2023-02-01T00:00:00+00:00,2023-02-28T23:45:00+00:00,81e76d7e2348f99862a8270a03d8b91c1f409dbf917f8b26c2006b1c43ac6290,81e76d7e2348f99862a8270a03d8b91c1f409dbf917f8b26c2006b1c43ac6290,59122,2023-06-14T16:06:10.000Z,"""918754fac274b2d175dfb819af648b50""",2026-08-21T06:06:56.674345+00:00,PASS,,premiumIndexKlines,15m
um,ETHUSDT,2023-03,https://data.binance.vision/data/futures/um/monthly/premiumIndexKlines/ETHUSDT/15m/ETHUSDT-15m-2023-03.zip,2976,2023-03-01T00:00:00+00:00,2023-03-31T23:45:00+00:00,9e00f55f45786a5291cd9fd81377aae7c846d6c1d76baf17ddf18c1b058069a1,9e00f55f45786a5291cd9fd81377aae7c846d6c1d76baf17ddf18c1b058069a1,65833,2023-04-22T17:54:13.000Z,"""7a98602b1896e0543d4003f71c6403de""",2026-08-21T06:06:56.894967+00:00,PASS,,premiumIndexKlines,15m
um,ETHUSDT,2023-04,https://data.binance.vision/data/futures/um/monthly/premiumIndexKlines/ETHUSDT/15m/ETHUSDT-15m-2023-04.zip,2784,2023-04-01T00:00:00+00:00,2023-04-30T23:45:00+00:00,5f57baaf067957f191108708a189064e34d5386c6668bb99267b1cadfee7efd6,5f57baaf067957f191108708a189064e34d5386c6668bb99267b1cadfee7efd6,60945,2023-05-20T19:47:46.000Z,"""30cd42919ceed669b81d5e2750497ae9""",2026-08-21T06:06:56.979574+00:00,PASS,MISSING_INTERVAL,premiumIndexKlines,15m
um,ETHUSDT,2023-05,https://data.binance.vision/data/futures/um/monthly/premiumIndexKlines/ETHUSDT/15m/ETHUSDT-15m-2023-05.zip,2976,2023-05-01T00:00:00+00:00,2023-05-31T23:45:00+00:00,b6a62cfabb02daed5a2e35a43b408524e43adccf89599ae932c9b46ba763bcb7,b6a62cfabb02daed5a2e35a43b408524e43adccf89599ae932c9b46ba763bcb7,64880,2023-07-10T14:42:38.000Z,"""cf9bc7786c93da8898fa90e1bfefcce5""",2026-08-21T06:06:57.308688+00:00,PASS,,premiumIndexKlines,15m
um,ETHUSDT,2023-06,https://data.binance.vision/data/futures/um/monthly/premiumIndexKlines/ETHUSDT/15m/ETHUSDT-15m-2023-06.zip,2880,2023-06-01T00:00:00+00:00,2023-06-30T23:45:00+00:00,dfb9c28aa36f56401205fa0373ac8e7ac5fe33d447af678a15ca79d36d5fff3e,dfb9c28aa36f56401205fa0373ac8e7ac5fe33d447af678a15ca79d36d5fff3e,62571,2023-07-01T23:54:26.000Z,"""5d3bc01ab172bfaf84eb9ed878b8e790""",2026-08-21T06:06:57.346688+00:00,PASS,,premiumIndexKlines,15m
um,ETHUSDT,2023-07,https://data.binance.vision/data/futures/um/monthly/premiumIndexKlines/ETHUSDT/15m/ETHUSDT-15m-2023-07.zip,2976,2023-07-01T00:00:00+00:00,2023-07-31T23:45:00+00:00,a5b2b530a87fe2fbae40c8995a651b3e26a54bd24f868e619fad8e5858cb1fe6,a5b2b530a87fe2fbae40c8995a651b3e26a54bd24f868e619fad8e5858cb1fe6,64025,2023-11-18T13:50:47.000Z,"""9d753aaeb33e87d7d5af3fa926a95a5e""",2026-08-21T06:06:57.702984+00:00,PASS,,premiumIndexKlines,15m
um,ETHUSDT,2023-08,https://data.binance.vision/data/futures/um/monthly/premiumIndexKlines/ETHUSDT/15m/ETHUSDT-15m-2023-08.zip,2976,2023-08-01T00:00:00+00:00,2023-08-31T23:45:00+00:00,8c9487778814b999f36c72a38f39c40075f97ded30cd1a9dfca0b32ed757969b,8c9487778814b999f36c72a38f39c40075f97ded30cd1a9dfca0b32ed757969b,63616,2023-11-18T15:31:41.000Z,"""4c530a58e238983ee4972eca9ed19028""",2026-08-21T06:06:57.710490+00:00,PASS,,premiumIndexKlines,15m
um,ETHUSDT,2023-09,https://data.binance.vision/data/futures/um/monthly/premiumIndexKlines/ETHUSDT/15m/ETHUSDT-15m-2023-09.zip,2880,2023-09-01T00:00:00+00:00,2023-09-30T23:45:00+00:00,e85d183f1c59a957b7b7dd294b87ff670dbbf4ac1bcebe506904e155c9931984,e85d183f1c59a957b7b7dd294b87ff670dbbf4ac1bcebe506904e155c9931984,61509,2023-11-18T17:45:46.000Z,"""d4a6ec44b637e77e8db8d74372d126f0""",2026-08-21T06:06:58.143719+00:00,PASS,,premiumIndexKlines,15m
um,ETHUSDT,2023-10,https://data.binance.vision/data/futures/um/monthly/premiumIndexKlines/ETHUSDT/15m/ETHUSDT-15m-2023-10.zip,2976,2023-10-01T00:00:00+00:00,2023-10-31T23:45:00+00:00,545c004de9075c47cc8d025111bc48aa6d2508146d0c254eead431ce722d3b92,545c004de9075c47cc8d025111bc48aa6d2508146d0c254eead431ce722d3b92,64290,2023-11-18T19:02:20.000Z,"""cc0587f6aa0f6b770b3642f3e10d9738""",2026-08-21T06:06:58.057626+00:00,PASS,,premiumIndexKlines,15m
um,ETHUSDT,2023-11,https://data.binance.vision/data/futures/um/monthly/premiumIndexKlines/ETHUSDT/15m/ETHUSDT-15m-2023-11.zip,2880,2023-11-01T00:00:00+00:00,2023-11-30T23:45:00+00:00,527ad31de6930069ea854f559750e5363e7f47c54c5e165056a73347df23a0ed,527ad31de6930069ea854f559750e5363e7f47c54c5e165056a73347df23a0ed,62994,2023-12-17T13:48:27.000Z,"""56a8939fb586d1056d1b45dd0090862a""",2026-08-21T06:06:58.387127+00:00,PASS,,premiumIndexKlines,15m
um,ETHUSDT,2023-12,https://data.binance.vision/data/futures/um/monthly/premiumIndexKlines/ETHUSDT/15m/ETHUSDT-15m-2023-12.zip,2976,2023-12-01T00:00:00+00:00,2023-12-31T23:45:00+00:00,1d591d3be4e0f50ffec0dfa859aa2397020ee10c25352dbb58b09064930a1352,1d591d3be4e0f50ffec0dfa859aa2397020ee10c25352dbb58b09064930a1352,65316,2024-01-02T05:50:05.000Z,"""dc7e7947f5b2ec60e69c8a5806247a88""",2026-08-21T06:06:58.473737+00:00,PASS,,premiumIndexKlines,15m
um,ETHUSDT,2024-01,https://data.binance.vision/data/futures/um/monthly/premiumIndexKlines/ETHUSDT/15m/ETHUSDT-15m-2024-01.zip,2976,2024-01-01T00:00:00+00:00,2024-01-31T23:45:00+00:00,e445f08e517524564394621dc69df6ad3b0074e9b11967a49a12737c493e09d1,e445f08e517524564394621dc69df6ad3b0074e9b11967a49a12737c493e09d1,65166,2024-02-18T13:46:05.000Z,"""9e6374b78a4f93bf18add70317273773""",2026-08-21T06:06:58.963144+00:00,PASS,,premiumIndexKlines,15m
um,ETHUSDT,2024-02,https://data.binance.vision/data/futures/um/monthly/premiumIndexKlines/ETHUSDT/15m/ETHUSDT-15m-2024-02.zip,2784,2024-02-01T00:00:00+00:00,2024-02-29T23:45:00+00:00,e6dea0f2c01f0f01af6b610da29e01d3d32a7a62ab940b1a663268b6ed1ae405,e6dea0f2c01f0f01af6b610da29e01d3d32a7a62ab940b1a663268b6ed1ae405,61246,2024-03-17T15:28:50.000Z,"""17af78ec6d701649457048a2a367c0dc""",2026-08-21T06:06:58.740450+00:00,PASS,,premiumIndexKlines,15m
um,ETHUSDT,2024-03,https://data.binance.vision/data/futures/um/monthly/premiumIndexKlines/ETHUSDT/15m/ETHUSDT-15m-2024-03.zip,2976,2024-03-01T00:00:00+00:00,2024-03-31T23:45:00+00:00,aaa05c06d9a82a36fe7e1388443544857c27d136d7a2a0c9ca39e5b6f66e3de8,aaa05c06d9a82a36fe7e1388443544857c27d136d7a2a0c9ca39e5b6f66e3de8,66100,2024-04-17T19:05:56.000Z,"""0c5ae0bbeafcb781a30a76a45d7b719b""",2026-08-21T06:06:59.054127+00:00,PASS,,premiumIndexKlines,15m
um,ETHUSDT,2024-04,https://data.binance.vision/data/futures/um/monthly/premiumIndexKlines/ETHUSDT/15m/ETHUSDT-15m-2024-04.zip,2880,2024-04-01T00:00:00+00:00,2024-04-30T23:45:00+00:00,3016c8121847ec37186c6e973127613468de19f5039c6078c975da083f6350ec,3016c8121847ec37186c6e973127613468de19f5039c6078c975da083f6350ec,63506,2024-05-17T14:15:20.000Z,"""56c20b6efba65db5519e02204e8f407b""",2026-08-21T06:06:59.380611+00:00,PASS,,premiumIndexKlines,15m
um,ETHUSDT,2024-05,https://data.binance.vision/data/futures/um/monthly/premiumIndexKlines/ETHUSDT/15m/ETHUSDT-15m-2024-05.zip,2976,2024-05-01T00:00:00+00:00,2024-05-31T23:45:00+00:00,469b289d44ec129dd9eb3f0aec933566f9700bfb2fd7cf5b6dad8c083f844410,469b289d44ec129dd9eb3f0aec933566f9700bfb2fd7cf5b6dad8c083f844410,65312,2024-06-17T13:46:56.000Z,"""0579b17599bdeff268d6ef4f2d47972c""",2026-08-21T06:06:59.466125+00:00,PASS,,premiumIndexKlines,15m
um,ETHUSDT,2024-06,https://data.binance.vision/data/futures/um/monthly/premiumIndexKlines/ETHUSDT/15m/ETHUSDT-15m-2024-06.zip,2880,2024-06-01T00:00:00+00:00,2024-06-30T23:45:00+00:00,8df1eec33e5362939f8aa23ee8733416dcfb2ac79bcb54b6aeef9b4d6ad75f05,8df1eec33e5362939f8aa23ee8733416dcfb2ac79bcb54b6aeef9b4d6ad75f05,62665,2024-07-17T14:20:19.000Z,"""cb447e49ab23a0ad47fbe6992f15f506""",2026-08-21T06:06:59.723886+00:00,PASS,,premiumIndexKlines,15m
um,ETHUSDT,2024-07,https://data.binance.vision/data/futures/um/monthly/premiumIndexKlines/ETHUSDT/15m/ETHUSDT-15m-2024-07.zip,2976,2024-07-01T00:00:00+00:00,2024-07-31T23:45:00+00:00,6d531f02a584427be3b83fe972b68f984dc1a2bb2eae07634ac2ec1c1eb377f6,6d531f02a584427be3b83fe972b68f984dc1a2bb2eae07634ac2ec1c1eb377f6,64952,2024-08-17T13:28:17.000Z,"""9683b057dd737b5e05d17d96bd5a766d""",2026-08-21T06:06:59.901349+00:00,PASS,,premiumIndexKlines,15m
um,ETHUSDT,2024-08,https://data.binance.vision/data/futures/um/monthly/premiumIndexKlines/ETHUSDT/15m/ETHUSDT-15m-2024-08.zip,2976,2024-08-01T00:00:00+00:00,2024-08-31T23:45:00+00:00,d832dc17fc9aa17eea8a32370ce34e305cf76a1da78468b4f1c067fb540b09c1,d832dc17fc9aa17eea8a32370ce34e305cf76a1da78468b4f1c067fb540b09c1,65282,2024-09-17T13:55:21.000Z,"""34aaadc74f8193277f5c03e4f523af8b""",2026-08-21T06:07:00.166981+00:00,PASS,,premiumIndexKlines,15m
um,ETHUSDT,2024-09,https://data.binance.vision/data/futures/um/monthly/premiumIndexKlines/ETHUSDT/15m/ETHUSDT-15m-2024-09.zip,2880,2024-09-01T00:00:00+00:00,2024-09-30T23:45:00+00:00,f962f7b8f2e7d80fc8e6b5a1e5c72ee3a189ef4765c63693cfb872d4698d398c,f962f7b8f2e7d80fc8e6b5a1e5c72ee3a189ef4765c63693cfb872d4698d398c,62578,2024-10-17T14:28:32.000Z,"""0ed237f08c9515047846405f4e2d9a7f""",2026-08-21T06:07:00.263597+00:00,PASS,,premiumIndexKlines,15m
um,ETHUSDT,2024-10,https://data.binance.vision/data/futures/um/monthly/premiumIndexKlines/ETHUSDT/15m/ETHUSDT-15m-2024-10.zip,2976,2024-10-01T00:00:00+00:00,2024-10-31T23:45:00+00:00,bb52608388c789e35499a1bf99b44163f3f22f9f1bf579a7de11e00b1ed58133,bb52608388c789e35499a1bf99b44163f3f22f9f1bf579a7de11e00b1ed58133,64994,2024-11-21T22:10:05.000Z,"""0a2e8f29802ea7df7674d53d087003b0""",2026-08-21T06:07:00.618276+00:00,PASS,,premiumIndexKlines,15m
um,ETHUSDT,2024-11,https://data.binance.vision/data/futures/um/monthly/premiumIndexKlines/ETHUSDT/15m/ETHUSDT-15m-2024-11.zip,2880,2024-11-01T00:00:00+00:00,2024-11-30T23:45:00+00:00,0f2918d22f263424f7a03b66ca44daf547d8f4bd474729a34f6ba276ce55d939,0f2918d22f263424f7a03b66ca44daf547d8f4bd474729a34f6ba276ce55d939,63520,2024-12-17T14:07:56.000Z,"""8e4652b5d49f665385896cc141272bae""",2026-08-21T06:07:00.567237+00:00,PASS,,premiumIndexKlines,15m
um,ETHUSDT,2024-12,https://data.binance.vision/data/futures/um/monthly/premiumIndexKlines/ETHUSDT/15m/ETHUSDT-15m-2024-12.zip,2976,2024-12-01T00:00:00+00:00,2024-12-31T23:45:00+00:00,9b48c1d5cd0ffaade210936f4d09624d3a1ca9e0ccc452e38141d62d505832f2,9b48c1d5cd0ffaade210936f4d09624d3a1ca9e0ccc452e38141d62d505832f2,65343,2025-01-17T13:35:03.000Z,"""60b197b98974a422d3c95c311477b9ab""",2026-08-21T06:07:00.895027+00:00,PASS,,premiumIndexKlines,15m
um,ETHUSDT,2025-01,https://data.binance.vision/data/futures/um/monthly/premiumIndexKlines/ETHUSDT/15m/ETHUSDT-15m-2025-01.zip,2976,2025-01-01T00:00:00+00:00,2025-01-31T23:45:00+00:00,abb9948f9af87639893b1d3c98b7fc832ef9aadd44dc6f816ce130b877317473,abb9948f9af87639893b1d3c98b7fc832ef9aadd44dc6f816ce130b877317473,65207,2025-02-17T13:28:36.000Z,"""49d2557f377fc4a5f18c418629c3a2e0""",2026-08-21T06:07:01.013945+00:00,PASS,,premiumIndexKlines,15m
um,ETHUSDT,2025-02,https://data.binance.vision/data/futures/um/monthly/premiumIndexKlines/ETHUSDT/15m/ETHUSDT-15m-2025-02.zip,2688,2025-02-01T00:00:00+00:00,2025-02-28T23:45:00+00:00,1196e70f93de1f999a94e33a8cf707c74577f890c87c68ff9af2e7e1a89ad20c,1196e70f93de1f999a94e33a8cf707c74577f890c87c68ff9af2e7e1a89ad20c,59098,2025-03-17T13:35:13.000Z,"""1a2a26062cf42006681868fedcc8d892""",2026-08-21T06:07:01.218214+00:00,PASS,,premiumIndexKlines,15m
um,ETHUSDT,2025-03,https://data.binance.vision/data/futures/um/monthly/premiumIndexKlines/ETHUSDT/15m/ETHUSDT-15m-2025-03.zip,2976,2025-03-01T00:00:00+00:00,2025-03-31T23:45:00+00:00,e05e987e7656fb7eca65be565ae519d5237c28f1b83a6bd91560b67466e2bb77,e05e987e7656fb7eca65be565ae519d5237c28f1b83a6bd91560b67466e2bb77,65118,2025-04-17T13:41:57.000Z,"""9712a2625dee10f97ff18f0ddffc8aca""",2026-08-21T06:07:01.424185+00:00,PASS,,premiumIndexKlines,15m
um,ETHUSDT,2025-04,https://data.binance.vision/data/futures/um/monthly/premiumIndexKlines/ETHUSDT/15m/ETHUSDT-15m-2025-04.zip,2880,2025-04-01T00:00:00+00:00,2025-04-30T23:45:00+00:00,4842c22c77d73e4b88952dce9454dc47ef89a9ea67022ac6b825c5a8e2cb22ba,4842c22c77d73e4b88952dce9454dc47ef89a9ea67022ac6b825c5a8e2cb22ba,63485,2025-05-17T13:48:49.000Z,"""751992632b81179fe5f6dac291bdf04e""",2026-08-21T06:07:01.635013+00:00,PASS,,premiumIndexKlines,15m
um,ETHUSDT,2025-05,https://data.binance.vision/data/futures/um/monthly/premiumIndexKlines/ETHUSDT/15m/ETHUSDT-15m-2025-05.zip,2976,2025-05-01T00:00:00+00:00,2025-05-31T23:45:00+00:00,316f505f227bce770d940e890382a3f6c5750c6f6582cc111ceb74c6002f3b34,316f505f227bce770d940e890382a3f6c5750c6f6582cc111ceb74c6002f3b34,65939,2025-06-02T08:23:17.000Z,"""32de20773d99379efb364ca6544e708e""",2026-08-21T06:07:01.841524+00:00,PASS,,premiumIndexKlines,15m
um,ETHUSDT,2025-06,https://data.binance.vision/data/futures/um/monthly/premiumIndexKlines/ETHUSDT/15m/ETHUSDT-15m-2025-06.zip,2880,2025-06-01T00:00:00+00:00,2025-06-30T23:45:00+00:00,43ddf64629753c46d5d23dd2c455b49bb68a4db61b0a67017ea3e707f661b8d0,43ddf64629753c46d5d23dd2c455b49bb68a4db61b0a67017ea3e707f661b8d0,63317,2025-07-17T14:47:20.000Z,"""e456d6f05ee0939128d7fdff7482cf97""",2026-08-21T06:07:02.044280+00:00,PASS,,premiumIndexKlines,15m
um,ETHUSDT,2025-07,https://data.binance.vision/data/futures/um/monthly/premiumIndexKlines/ETHUSDT/15m/ETHUSDT-15m-2025-07.zip,2976,2025-07-01T00:00:00+00:00,2025-07-31T23:45:00+00:00,7fd4b8a7766c55f73fa868b0a5d76c65597fdd90eb242e764a34ca1f7095de07,7fd4b8a7766c55f73fa868b0a5d76c65597fdd90eb242e764a34ca1f7095de07,65695,2025-08-02T09:06:43.000Z,"""6374613e9278693c94d87c28c6191748""",2026-08-21T06:07:02.241386+00:00,PASS,,premiumIndexKlines,15m
um,ETHUSDT,2025-08,https://data.binance.vision/data/futures/um/monthly/premiumIndexKlines/ETHUSDT/15m/ETHUSDT-15m-2025-08.zip,2976,2025-08-01T00:00:00+00:00,2025-08-31T23:45:00+00:00,eee55f861b77ae359af61d0648d552d15a230cc3472eafcf71e9885efeedacdd,eee55f861b77ae359af61d0648d552d15a230cc3472eafcf71e9885efeedacdd,65636,2025-09-02T11:05:00.000Z,"""f96ded5bd9d950ae6569e116d25f000c""",2026-08-21T06:07:02.462916+00:00,PASS,,premiumIndexKlines,15m
um,ETHUSDT,2025-09,https://data.binance.vision/data/futures/um/monthly/premiumIndexKlines/ETHUSDT/15m/ETHUSDT-15m-2025-09.zip,2880,2025-09-01T00:00:00+00:00,2025-09-30T23:45:00+00:00,73c0b1b7006efcedc48eb9f5259c1b4f2ddf00a71ea41d9d4f2edc8829588ceb,73c0b1b7006efcedc48eb9f5259c1b4f2ddf00a71ea41d9d4f2edc8829588ceb,62566,2025-10-02T09:02:02.000Z,"""4ad3a639e1e6393469abfc5f5fc92f31""",2026-08-21T06:07:02.665793+00:00,PASS,,premiumIndexKlines,15m
um,ETHUSDT,2025-10,https://data.binance.vision/data/futures/um/monthly/premiumIndexKlines/ETHUSDT/15m/ETHUSDT-15m-2025-10.zip,2976,2025-10-01T00:00:00+00:00,2025-10-31T23:45:00+00:00,7feccb0ce24a0d237e95c75637044be1438024fc2e6ebbce54ad880f1a5ebc3b,7feccb0ce24a0d237e95c75637044be1438024fc2e6ebbce54ad880f1a5ebc3b,65593,2025-11-02T09:35:35.000Z,"""8d49900393baff17e5b50eda43d1a277""",2026-08-21T06:07:02.813028+00:00,PASS,,premiumIndexKlines,15m
um,ETHUSDT,2025-11,https://data.binance.vision/data/futures/um/monthly/premiumIndexKlines/ETHUSDT/15m/ETHUSDT-15m-2025-11.zip,2880,2025-11-01T00:00:00+00:00,2025-11-30T23:45:00+00:00,6c135ecc76ef1ff19156616523e090f5e609b2452dd3e268f24a7cf92e6069f5,6c135ecc76ef1ff19156616523e090f5e609b2452dd3e268f24a7cf92e6069f5,63820,2025-12-02T09:35:41.000Z,"""8995039f6060bbf5948d7391edae2de2""",2026-08-21T06:07:03.074127+00:00,PASS,,premiumIndexKlines,15m
um,ETHUSDT,2025-12,https://data.binance.vision/data/futures/um/monthly/premiumIndexKlines/ETHUSDT/15m/ETHUSDT-15m-2025-12.zip,2976,2025-12-01T00:00:00+00:00,2025-12-31T23:45:00+00:00,dd8be10506808d17bafb85f6f56c39c0085fadefb9e9f4b925d9fa13cd843689,dd8be10506808d17bafb85f6f56c39c0085fadefb9e9f4b925d9fa13cd843689,65228,2026-01-02T10:28:42.000Z,"""cfee7b1e5b3b8bff4d05b80ae54ce44f""",2026-08-21T06:07:03.241563+00:00,PASS,,premiumIndexKlines,15m
um,ETHUSDT,2026-01,https://data.binance.vision/data/futures/um/monthly/premiumIndexKlines/ETHUSDT/15m/ETHUSDT-15m-2026-01.zip,2976,2026-01-01T00:00:00+00:00,2026-01-31T23:45:00+00:00,cd3e56c695d90f8f12a62347d3b4ceb1a79994c2a7bbd257b9e43f1fc5db2515,cd3e56c695d90f8f12a62347d3b4ceb1a79994c2a7bbd257b9e43f1fc5db2515,64394,2026-02-02T10:05:14.000Z,"""8ee277925fd93dceca6473c11828d23d""",2026-08-21T06:07:03.368399+00:00,PASS,,premiumIndexKlines,15m
um,ETHUSDT,2026-02,https://data.binance.vision/data/futures/um/monthly/premiumIndexKlines/ETHUSDT/15m/ETHUSDT-15m-2026-02.zip,2688,2026-02-01T00:00:00+00:00,2026-02-28T23:45:00+00:00,c15014ed7b6824a8ca3ea29445d9ad680475679f9d92f4c73a5f4d8d6811c7ea,c15014ed7b6824a8ca3ea29445d9ad680475679f9d92f4c73a5f4d8d6811c7ea,59428,2026-03-02T09:07:55.000Z,"""61589e8accd1e5db9a2d7d9a63c60488""",2026-08-21T06:07:03.616985+00:00,PASS,,premiumIndexKlines,15m
um,ETHUSDT,2026-03,https://data.binance.vision/data/futures/um/monthly/premiumIndexKlines/ETHUSDT/15m/ETHUSDT-15m-2026-03.zip,2976,2026-03-01T00:00:00+00:00,2026-03-31T23:45:00+00:00,db2b6b6572f71e31558a9e1aa3c0f457e83c007d6b39efa026e65bd1b6337051,db2b6b6572f71e31558a9e1aa3c0f457e83c007d6b39efa026e65bd1b6337051,66769,2026-04-02T09:08:48.000Z,"""59883438cd4a82502d201e9c1e2d7ef6""",2026-08-21T06:07:03.702529+00:00,PASS,,premiumIndexKlines,15m
um,ETHUSDT,2026-04,https://data.binance.vision/data/futures/um/monthly/premiumIndexKlines/ETHUSDT/15m/ETHUSDT-15m-2026-04.zip,2880,2026-04-01T00:00:00+00:00,2026-04-30T23:45:00+00:00,76041c322e112a95011366ae3133c74dda54b2769bfac4d3b556067828016b86,76041c322e112a95011366ae3133c74dda54b2769bfac4d3b556067828016b86,63104,2026-05-02T09:08:22.000Z,"""55f9c6383742406f5785fa6243a0c05c""",2026-08-21T06:07:04.000868+00:00,PASS,,premiumIndexKlines,15m
um,ETHUSDT,2026-05,https://data.binance.vision/data/futures/um/monthly/premiumIndexKlines/ETHUSDT/15m/ETHUSDT-15m-2026-05.zip,2976,2026-05-01T00:00:00+00:00,2026-05-31T23:45:00+00:00,ebe4a8a3446ccf10a77fbc263fc4c0ed8ef526815668c9ad5fd45b92afe527a9,ebe4a8a3446ccf10a77fbc263fc4c0ed8ef526815668c9ad5fd45b92afe527a9,64526,2026-06-02T10:49:31.000Z,"""0217370488ae59b9a2bc3e585179ea62""",2026-08-21T06:07:04.125499+00:00,PASS,,premiumIndexKlines,15m
um,ETHUSDT,2026-06,https://data.binance.vision/data/futures/um/monthly/premiumIndexKlines/ETHUSDT/15m/ETHUSDT-15m-2026-06.zip,2784,2026-06-01T00:00:00+00:00,2026-06-30T23:45:00+00:00,fca99a7358ca05611894fbb1435510182fb9c2399df2157ff2b5ed9d1d7dce34,fca99a7358ca05611894fbb1435510182fb9c2399df2157ff2b5ed9d1d7dce34,61458,2026-07-02T10:51:58.000Z,"""d727c60b1ad6e2d824db12752cbdce45""",2026-08-21T06:07:04.283960+00:00,PASS,MISSING_INTERVAL,premiumIndexKlines,15m
um,ETHUSDT,2026-07,https://data.binance.vision/data/futures/um/monthly/premiumIndexKlines/ETHUSDT/15m/ETHUSDT-15m-2026-07.zip,2976,2026-07-01T00:00:00+00:00,2026-07-31T23:45:00+00:00,f63dc638d15d202da6eb5d2f94d8821af3bcd6ac7e8404b7cf23a620eddf6093,f63dc638d15d202da6eb5d2f94d8821af3bcd6ac7e8404b7cf23a620eddf6093,64569,2026-08-02T10:26:38.000Z,"""f32bfaa02cf1fdbe8b5f1ab976160ff5""",2026-08-21T06:07:04.568723+00:00,PASS,,premiumIndexKlines,15m
