dataset,market,symbol,interval,archive_month,archive_url,row_count,first_timestamp,last_timestamp,published_sha256,computed_sha256,object_size,object_last_modified,object_etag,downloaded_at,integrity_status,issue_codes
fundingRate,um,BTCUSDT,event,2020-01,https://data.binance.vision/data/futures/um/monthly/fundingRate/BTCUSDT/BTCUSDT-fundingRate-2020-01.zip,93,2020-01-01T00:00:00+00:00,2020-01-31T16:00:00+00:00,7f81b2f3694d13779e7e896b69d60cd61e9444d7b9f9e90df761935e1c1b76e2,7f81b2f3694d13779e7e896b69d60cd61e9444d7b9f9e90df761935e1c1b76e2,825,2023-05-09T22:02:30.000Z,"""6c7662c6241e9883ae85a610db8306b5""",2026-08-21T06:06:16.357370+00:00,PASS,
fundingRate,um,BTCUSDT,event,2020-02,https://data.binance.vision/data/futures/um/monthly/fundingRate/BTCUSDT/BTCUSDT-fundingRate-2020-02.zip,87,2020-02-01T00:00:00+00:00,2020-02-29T16:00:00+00:00,6599466d108d120c64a078824326c063ed2d4335b3292e52c5e572f79166533a,6599466d108d120c64a078824326c063ed2d4335b3292e52c5e572f79166533a,885,2023-05-09T22:02:30.000Z,"""cd035de64dd3b5e2e1d348108e4ace69""",2026-08-21T06:06:16.389369+00:00,PASS,
fundingRate,um,BTCUSDT,event,2020-03,https://data.binance.vision/data/futures/um/monthly/fundingRate/BTCUSDT/BTCUSDT-fundingRate-2020-03.zip,93,2020-03-01T00:00:00+00:00,2020-03-31T16:00:00.001000+00:00,eee845fde6336e29d25889563cba3d2cff2d4d640e51fb1f82ae9b28cedaee77,eee845fde6336e29d25889563cba3d2cff2d4d640e51fb1f82ae9b28cedaee77,928,2023-05-09T22:02:30.000Z,"""08193b54c6a704b3c9605828cb12825e""",2026-08-21T06:06:16.702524+00:00,PASS,
fundingRate,um,BTCUSDT,event,2020-04,https://data.binance.vision/data/futures/um/monthly/fundingRate/BTCUSDT/BTCUSDT-fundingRate-2020-04.zip,90,2020-04-01T00:00:00.002000+00:00,2020-04-30T16:00:00+00:00,d009ce034d08c3dcf3e7f874b0f8b0ec76ba507bc6bb4e007e541df537bafbce,d009ce034d08c3dcf3e7f874b0f8b0ec76ba507bc6bb4e007e541df537bafbce,867,2023-05-09T22:02:30.000Z,"""128fa6f324911dd8cf4474c858d54d36""",2026-08-21T06:06:16.661847+00:00,PASS,
fundingRate,um,BTCUSDT,event,2020-05,https://data.binance.vision/data/futures/um/monthly/fundingRate/BTCUSDT/BTCUSDT-fundingRate-2020-05.zip,93,2020-05-01T00:00:00+00:00,2020-05-31T16:00:00+00:00,3f2b56dd6b9a42457009bb367d0adadd3cf7e2216cd325172d0089e3883125a8,3f2b56dd6b9a42457009bb367d0adadd3cf7e2216cd325172d0089e3883125a8,839,2023-05-09T22:02:30.000Z,"""36149bdfa414b1cd744bfbcccfa8fe8f""",2026-08-21T06:06:16.851735+00:00,PASS,
fundingRate,um,BTCUSDT,event,2020-06,https://data.binance.vision/data/futures/um/monthly/fundingRate/BTCUSDT/BTCUSDT-fundingRate-2020-06.zip,90,2020-06-01T00:00:00+00:00,2020-06-30T16:00:00.002000+00:00,30b3470ff98576578973d75e3c157a5cbf1778b11e4c26b4b4ff70a3cbb348ec,30b3470ff98576578973d75e3c157a5cbf1778b11e4c26b4b4ff70a3cbb348ec,791,2023-05-09T22:02:30.000Z,"""b4cf30202bb5ff17c133f16796facf7e""",2026-08-21T06:06:16.897734+00:00,PASS,
fundingRate,um,BTCUSDT,event,2020-07,https://data.binance.vision/data/futures/um/monthly/fundingRate/BTCUSDT/BTCUSDT-fundingRate-2020-07.zip,93,2020-07-01T00:00:00.002000+00:00,2020-07-31T16:00:00+00:00,18dae7b11075fc0fba79ad47df46683415cba5d027caa69c66bc2a5c9d9b459a,18dae7b11075fc0fba79ad47df46683415cba5d027caa69c66bc2a5c9d9b459a,712,2023-05-09T22:02:30.000Z,"""c6b5b79dad945fd66e6156eaea42888e""",2026-08-21T06:06:17.068730+00:00,PASS,
fundingRate,um,BTCUSDT,event,2020-08,https://data.binance.vision/data/futures/um/monthly/fundingRate/BTCUSDT/BTCUSDT-fundingRate-2020-08.zip,93,2020-08-01T00:00:00.005000+00:00,2020-08-31T16:00:00.001000+00:00,e6f6d1749f674c85d4766e0eb36af6ea40d91a0674234d30df80eb9876b094e3,e6f6d1749f674c85d4766e0eb36af6ea40d91a0674234d30df80eb9876b094e3,854,2023-05-09T22:02:30.000Z,"""6b081566f989ee41d714b51e2f097777""",2026-08-21T06:06:17.101113+00:00,PASS,
fundingRate,um,BTCUSDT,event,2020-09,https://data.binance.vision/data/futures/um/monthly/fundingRate/BTCUSDT/BTCUSDT-fundingRate-2020-09.zip,90,2020-09-01T00:00:00+00:00,2020-09-30T16:00:00+00:00,7ae9a3b6afb2dc06e46080582908ec8c27063b707a14c7f1e679dc991ff48032,7ae9a3b6afb2dc06e46080582908ec8c27063b707a14c7f1e679dc991ff48032,838,2023-05-09T22:02:30.000Z,"""68e5f1f04d1aee1b17ab7691c45fe656""",2026-08-21T06:06:17.287800+00:00,PASS,
fundingRate,um,BTCUSDT,event,2020-10,https://data.binance.vision/data/futures/um/monthly/fundingRate/BTCUSDT/BTCUSDT-fundingRate-2020-10.zip,93,2020-10-01T00:00:00+00:00,2020-10-31T16:00:00+00:00,4c55b191c101f39c7fb193a6529665dd9e83302ca21876521e4c93b3902e9fb1,4c55b191c101f39c7fb193a6529665dd9e83302ca21876521e4c93b3902e9fb1,828,2023-05-09T22:02:30.000Z,"""8b8cb683b091905b27f4ce0733d3a3aa""",2026-08-21T06:06:17.366810+00:00,PASS,
fundingRate,um,BTCUSDT,event,2020-11,https://data.binance.vision/data/futures/um/monthly/fundingRate/BTCUSDT/BTCUSDT-fundingRate-2020-11.zip,90,2020-11-01T00:00:00+00:00,2020-11-30T16:00:00+00:00,676356a2d075caa51b4f8ada026e9430dc320ffd23d2343b13b7aa25324ed6d1,676356a2d075caa51b4f8ada026e9430dc320ffd23d2343b13b7aa25324ed6d1,854,2023-05-09T22:02:30.000Z,"""f58cea5abb68abb0842edf166196ec17""",2026-08-21T06:06:17.549725+00:00,PASS,
fundingRate,um,BTCUSDT,event,2020-12,https://data.binance.vision/data/futures/um/monthly/fundingRate/BTCUSDT/BTCUSDT-fundingRate-2020-12.zip,93,2020-12-01T00:00:00+00:00,2020-12-31T16:00:00.010000+00:00,d7390f90edf54cc4ad9bbe78e2f6b291ae06ad9539f591a2d0fce445873bbd63,d7390f90edf54cc4ad9bbe78e2f6b291ae06ad9539f591a2d0fce445873bbd63,852,2023-05-09T22:02:30.000Z,"""d147f0887a4377b63d138892af33c72e""",2026-08-21T06:06:17.538640+00:00,PASS,
fundingRate,um,BTCUSDT,event,2021-01,https://data.binance.vision/data/futures/um/monthly/fundingRate/BTCUSDT/BTCUSDT-fundingRate-2021-01.zip,93,2021-01-01T00:00:00.002000+00:00,2021-01-31T16:00:00+00:00,cff916dc4b638ec3de97828e8911cd91cf7d7a3d0836ec0175869c374e66823d,cff916dc4b638ec3de97828e8911cd91cf7d7a3d0836ec0175869c374e66823d,981,2023-05-09T22:02:30.000Z,"""db233904eb72336cbcf781550ed73b69""",2026-08-21T06:06:17.725219+00:00,PASS,
fundingRate,um,BTCUSDT,event,2021-02,https://data.binance.vision/data/futures/um/monthly/fundingRate/BTCUSDT/BTCUSDT-fundingRate-2021-02.zip,84,2021-02-01T00:00:00.001000+00:00,2021-02-28T16:00:00+00:00,819a7b107443686adb313fc5fc223302a29f3981e1d1bd9828ad0ade65a8a8af,819a7b107443686adb313fc5fc223302a29f3981e1d1bd9828ad0ade65a8a8af,956,2023-05-09T22:02:30.000Z,"""92d23ad4d881e47d75fcb54b7f01ea7e""",2026-08-21T06:06:17.736305+00:00,PASS,
fundingRate,um,BTCUSDT,event,2021-03,https://data.binance.vision/data/futures/um/monthly/fundingRate/BTCUSDT/BTCUSDT-fundingRate-2021-03.zip,93,2021-03-01T00:00:00+00:00,2021-03-31T16:00:00+00:00,2125fd300848938c7b992b8f7b7b5007d5b277a4ff1ebda7da083b40242729da,2125fd300848938c7b992b8f7b7b5007d5b277a4ff1ebda7da083b40242729da,918,2023-05-09T22:02:30.000Z,"""f37170002d128f8728490e28b19b89b4""",2026-08-21T06:06:17.898321+00:00,PASS,
fundingRate,um,BTCUSDT,event,2021-04,https://data.binance.vision/data/futures/um/monthly/fundingRate/BTCUSDT/BTCUSDT-fundingRate-2021-04.zip,90,2021-04-01T00:00:00.025000+00:00,2021-04-30T16:00:00.003000+00:00,9cd888e3b0a1954813d0062c2e60426fdc8e34a7f258f6838371ec67f535b028,9cd888e3b0a1954813d0062c2e60426fdc8e34a7f258f6838371ec67f535b028,914,2023-05-09T22:02:30.000Z,"""128d16abea0b41aad414082af26e8846""",2026-08-21T06:06:17.908317+00:00,PASS,
fundingRate,um,BTCUSDT,event,2021-05,https://data.binance.vision/data/futures/um/monthly/fundingRate/BTCUSDT/BTCUSDT-fundingRate-2021-05.zip,93,2021-05-01T00:00:00.002000+00:00,2021-05-31T16:00:00+00:00,ed934afb9cf84df6ecae742e755147333a84244836a66b51523abc66dd5f63af,ed934afb9cf84df6ecae742e755147333a84244836a66b51523abc66dd5f63af,960,2023-05-09T22:02:30.000Z,"""6ce65daa7a292bafa6d794a3d498f0f1""",2026-08-21T06:06:18.073901+00:00,PASS,
fundingRate,um,BTCUSDT,event,2021-06,https://data.binance.vision/data/futures/um/monthly/fundingRate/BTCUSDT/BTCUSDT-fundingRate-2021-06.zip,90,2021-06-01T00:00:00.001000+00:00,2021-06-30T16:00:00.005000+00:00,7b8d9bfb8816636b800764dafb2aa2307d19166c695bfa245adbf7d01d61f766,7b8d9bfb8816636b800764dafb2aa2307d19166c695bfa245adbf7d01d61f766,883,2023-05-09T22:02:30.000Z,"""e0e0fc219226b42d3af60361d1579033""",2026-08-21T06:06:18.098954+00:00,PASS,
fundingRate,um,BTCUSDT,event,2021-07,https://data.binance.vision/data/futures/um/monthly/fundingRate/BTCUSDT/BTCUSDT-fundingRate-2021-07.zip,93,2021-07-01T00:00:00+00:00,2021-07-31T16:00:00.003000+00:00,8ab3df641d3bcf40527491f8e26d046ad2b662d1950ead9555ad32975571b7fe,8ab3df641d3bcf40527491f8e26d046ad2b662d1950ead9555ad32975571b7fe,973,2023-05-09T22:02:30.000Z,"""b5d073bef3a65b44b2debe6b9893759c""",2026-08-21T06:06:18.321805+00:00,PASS,
fundingRate,um,BTCUSDT,event,2021-08,https://data.binance.vision/data/futures/um/monthly/fundingRate/BTCUSDT/BTCUSDT-fundingRate-2021-08.zip,93,2021-08-01T00:00:00.005000+00:00,2021-08-31T16:00:00.003000+00:00,7eb681cc45b94176f4b9192a62c3a1925d79031ba001cea2d8dec6ff6e5b9c35,7eb681cc45b94176f4b9192a62c3a1925d79031ba001cea2d8dec6ff6e5b9c35,781,2023-05-09T22:02:30.000Z,"""ee734dc1e7750bb837f163bc26f843ab""",2026-08-21T06:06:18.286001+00:00,PASS,
fundingRate,um,BTCUSDT,event,2021-09,https://data.binance.vision/data/futures/um/monthly/fundingRate/BTCUSDT/BTCUSDT-fundingRate-2021-09.zip,90,2021-09-01T00:00:00+00:00,2021-09-30T16:00:00.005000+00:00,03f25a7c25eef18d5f5b5b7bb0b664cab7a210b409f37e95a54e141808a0752d,03f25a7c25eef18d5f5b5b7bb0b664cab7a210b409f37e95a54e141808a0752d,828,2023-05-09T22:02:30.000Z,"""e90f650a485413eb4517c84233ab6b8f""",2026-08-21T06:06:18.551562+00:00,PASS,
fundingRate,um,BTCUSDT,event,2021-10,https://data.binance.vision/data/futures/um/monthly/fundingRate/BTCUSDT/BTCUSDT-fundingRate-2021-10.zip,93,2021-10-01T00:00:00.012000+00:00,2021-10-31T16:00:00.001000+00:00,f25820d6add687addbca3ef43bee58f70853a6da53832a0c1bc22d00dc8ec64a,f25820d6add687addbca3ef43bee58f70853a6da53832a0c1bc22d00dc8ec64a,951,2023-05-09T22:02:30.000Z,"""4cfcc79b8024fce2ee1c8b6014e4f63d""",2026-08-21T06:06:18.509731+00:00,PASS,
fundingRate,um,BTCUSDT,event,2021-11,https://data.binance.vision/data/futures/um/monthly/fundingRate/BTCUSDT/BTCUSDT-fundingRate-2021-11.zip,90,2021-11-01T00:00:00.009000+00:00,2021-11-30T16:00:00+00:00,e2e6b2d7218607e7e4a38137d50f553c2cfb901275c19edf567024c1cc6de85f,e2e6b2d7218607e7e4a38137d50f553c2cfb901275c19edf567024c1cc6de85f,919,2023-05-09T22:02:30.000Z,"""653b11fdf95b321d8d5aae680e0a82b6""",2026-08-21T06:06:18.754274+00:00,PASS,
fundingRate,um,BTCUSDT,event,2021-12,https://data.binance.vision/data/futures/um/monthly/fundingRate/BTCUSDT/BTCUSDT-fundingRate-2021-12.zip,93,2021-12-01T00:00:00+00:00,2021-12-31T16:00:00+00:00,bf3ce484faf41d7dccfd38c5cc3d8de34d8297df30ab10784e874cc10fd1b310,bf3ce484faf41d7dccfd38c5cc3d8de34d8297df30ab10784e874cc10fd1b310,815,2023-05-09T22:02:30.000Z,"""d47b947de3ddece15050501d0488df8a""",2026-08-21T06:06:18.726646+00:00,PASS,
fundingRate,um,BTCUSDT,event,2022-01,https://data.binance.vision/data/futures/um/monthly/fundingRate/BTCUSDT/BTCUSDT-fundingRate-2022-01.zip,93,2022-01-01T00:00:00.006000+00:00,2022-01-31T16:00:00+00:00,22ee19079b620f5c6d820e7d7f8bafa7fde866d89bd664863b8bd527749c12cb,22ee19079b620f5c6d820e7d7f8bafa7fde866d89bd664863b8bd527749c12cb,906,2023-05-09T22:02:30.000Z,"""fbb0f9edf41b98b1145d2c3890dbe36f""",2026-08-21T06:06:19.007938+00:00,PASS,
fundingRate,um,BTCUSDT,event,2022-02,https://data.binance.vision/data/futures/um/monthly/fundingRate/BTCUSDT/BTCUSDT-fundingRate-2022-02.zip,84,2022-02-01T00:00:00.010000+00:00,2022-02-28T16:00:00.002000+00:00,fa95088258a905c79ab79e8984d2f6f66933ec2e814dbab4ef9da89b01ab484a,fa95088258a905c79ab79e8984d2f6f66933ec2e814dbab4ef9da89b01ab484a,890,2023-05-09T22:02:30.000Z,"""a09a6d945778fdfc2db4939098bb8513""",2026-08-21T06:06:19.019937+00:00,PASS,
fundingRate,um,BTCUSDT,event,2022-03,https://data.binance.vision/data/futures/um/monthly/fundingRate/BTCUSDT/BTCUSDT-fundingRate-2022-03.zip,93,2022-03-01T00:00:00.002000+00:00,2022-03-31T16:00:00.015000+00:00,4cf0883bc07f4ed4cdd3b0d8c0d166b4d15d21e666ab752f9f44401af4d6172f,4cf0883bc07f4ed4cdd3b0d8c0d166b4d15d21e666ab752f9f44401af4d6172f,904,2023-05-09T22:02:30.000Z,"""321d2a7c33602bbb5c97db58b137681e""",2026-08-21T06:06:19.254106+00:00,PASS,
fundingRate,um,BTCUSDT,event,2022-04,https://data.binance.vision/data/futures/um/monthly/fundingRate/BTCUSDT/BTCUSDT-fundingRate-2022-04.zip,90,2022-04-01T00:00:00+00:00,2022-04-30T16:00:00.015000+00:00,57e2776cc68b3169fc9f8632dad67278f470cd453407a8ebe6c87963c8a31357,57e2776cc68b3169fc9f8632dad67278f470cd453407a8ebe6c87963c8a31357,926,2023-05-09T22:02:30.000Z,"""5c22112ce9723c0386cb70d3ffaa6d4a""",2026-08-21T06:06:19.279716+00:00,PASS,
fundingRate,um,BTCUSDT,event,2022-05,https://data.binance.vision/data/futures/um/monthly/fundingRate/BTCUSDT/BTCUSDT-fundingRate-2022-05.zip,93,2022-05-01T00:00:00+00:00,2022-05-31T16:00:00+00:00,bced8a5013d09742b96682e6fd01ad4456213515a03d7586ec2b1f2689af5255,bced8a5013d09742b96682e6fd01ad4456213515a03d7586ec2b1f2689af5255,915,2023-05-09T22:02:30.000Z,"""91a46dfff43db64abfd421413a4ce617""",2026-08-21T06:06:19.450283+00:00,PASS,
fundingRate,um,BTCUSDT,event,2022-06,https://data.binance.vision/data/futures/um/monthly/fundingRate/BTCUSDT/BTCUSDT-fundingRate-2022-06.zip,90,2022-06-01T00:00:00+00:00,2022-06-30T16:00:00+00:00,0cd0708f8903829eb46f98cf60f4b2516c986e1ccddf6620a5912b48e16baf93,0cd0708f8903829eb46f98cf60f4b2516c986e1ccddf6620a5912b48e16baf93,966,2023-05-09T22:02:30.000Z,"""72a7f42246beb162c2830dcd740143e7""",2026-08-21T06:06:19.610672+00:00,PASS,
fundingRate,um,BTCUSDT,event,2022-07,https://data.binance.vision/data/futures/um/monthly/fundingRate/BTCUSDT/BTCUSDT-fundingRate-2022-07.zip,93,2022-07-01T00:00:00.001000+00:00,2022-07-31T16:00:00.019000+00:00,29d58cce0cd45f74c6a112039835c6d9ee5a7e60e7c38c2503beb7930453a4fe,29d58cce0cd45f74c6a112039835c6d9ee5a7e60e7c38c2503beb7930453a4fe,917,2023-05-09T22:02:30.000Z,"""10c679138bf78e07087eccb4ade15e4b""",2026-08-21T06:06:19.637064+00:00,PASS,
fundingRate,um,BTCUSDT,event,2022-08,https://data.binance.vision/data/futures/um/monthly/fundingRate/BTCUSDT/BTCUSDT-fundingRate-2022-08.zip,93,2022-08-01T00:00:00.010000+00:00,2022-08-31T16:00:00.013000+00:00,6f4f0c6c84c05694b4b4a5c085776730fd4059723eecd98ee6ffeb3fde4da811,6f4f0c6c84c05694b4b4a5c085776730fd4059723eecd98ee6ffeb3fde4da811,997,2023-05-09T22:02:30.000Z,"""5705075459f37a06c3c5582c01feae84""",2026-08-21T06:06:19.775883+00:00,PASS,
fundingRate,um,BTCUSDT,event,2022-09,https://data.binance.vision/data/futures/um/monthly/fundingRate/BTCUSDT/BTCUSDT-fundingRate-2022-09.zip,90,2022-09-01T00:00:00.012000+00:00,2022-09-30T16:00:00.007000+00:00,d62cd4e13009de37add446dc4f63ead4c56dcc4955a1e60f6726bcadc5a68fa9,d62cd4e13009de37add446dc4f63ead4c56dcc4955a1e60f6726bcadc5a68fa9,960,2023-05-09T22:02:30.000Z,"""12c341a02a4b4fb8d0303e6c27de9533""",2026-08-21T06:06:19.905738+00:00,PASS,
fundingRate,um,BTCUSDT,event,2022-10,https://data.binance.vision/data/futures/um/monthly/fundingRate/BTCUSDT/BTCUSDT-fundingRate-2022-10.zip,93,2022-10-01T00:00:00.008000+00:00,2022-10-31T16:00:00.010000+00:00,ad9efed10d4ca1567b865d7a158790977cec1b925395634217069df6696c8bc9,ad9efed10d4ca1567b865d7a158790977cec1b925395634217069df6696c8bc9,950,2023-05-09T22:02:30.000Z,"""82547d0669e06479d981d405782adb9c""",2026-08-21T06:06:19.981370+00:00,PASS,
fundingRate,um,BTCUSDT,event,2022-11,https://data.binance.vision/data/futures/um/monthly/fundingRate/BTCUSDT/BTCUSDT-fundingRate-2022-11.zip,90,2022-11-01T00:00:00+00:00,2022-11-30T16:00:00.015000+00:00,8febe5bec1a029e993bbf27490761f8c47c32849bf7dd13441b2b2f6ec1ffb51,8febe5bec1a029e993bbf27490761f8c47c32849bf7dd13441b2b2f6ec1ffb51,1000,2023-05-09T22:02:30.000Z,"""9abc3d5d9289514800fac0144d1861cf""",2026-08-21T06:06:20.096430+00:00,PASS,
fundingRate,um,BTCUSDT,event,2022-12,https://data.binance.vision/data/futures/um/monthly/fundingRate/BTCUSDT/BTCUSDT-fundingRate-2022-12.zip,93,2022-12-01T00:00:00.001000+00:00,2022-12-31T16:00:00+00:00,4218c78331bcc4dbeb5768fa112242a880971c1f2cfd1d3f32aaa26ca34069af,4218c78331bcc4dbeb5768fa112242a880971c1f2cfd1d3f32aaa26ca34069af,982,2023-05-09T22:02:30.000Z,"""7a98ebd623f728f665c7223c9a7f7b1a""",2026-08-21T06:06:20.183500+00:00,PASS,
fundingRate,um,BTCUSDT,event,2023-01,https://data.binance.vision/data/futures/um/monthly/fundingRate/BTCUSDT/BTCUSDT-fundingRate-2023-01.zip,93,2023-01-01T00:00:00+00:00,2023-01-31T16:00:00.007000+00:00,05e3df32f28d0d50f4c5a280adee9368b4a66fc68c6ddca1b3277087ac0d19f5,05e3df32f28d0d50f4c5a280adee9368b4a66fc68c6ddca1b3277087ac0d19f5,863,2023-05-09T22:02:30.000Z,"""6a1b561c3f3d53416d950fdbe53fda63""",2026-08-21T06:06:20.298019+00:00,PASS,
fundingRate,um,BTCUSDT,event,2023-02,https://data.binance.vision/data/futures/um/monthly/fundingRate/BTCUSDT/BTCUSDT-fundingRate-2023-02.zip,84,2023-02-01T00:00:00.013000+00:00,2023-02-28T16:00:00.005000+00:00,5227accd9aaa59f71f5e682abffb58be5f99573ed208ab968b1704c81ac11345,5227accd9aaa59f71f5e682abffb58be5f99573ed208ab968b1704c81ac11345,808,2023-05-09T22:02:30.000Z,"""2c1caa962e91504a1b87bb1a5413dc89""",2026-08-21T06:06:20.416398+00:00,PASS,
fundingRate,um,BTCUSDT,event,2023-03,https://data.binance.vision/data/futures/um/monthly/fundingRate/BTCUSDT/BTCUSDT-fundingRate-2023-03.zip,93,2023-03-01T00:00:00.016000+00:00,2023-03-31T16:00:00.011000+00:00,ab022adff9b853d2f33cf80154e77c770f57c3392f0bbc36564b2e2cdbd0e872,ab022adff9b853d2f33cf80154e77c770f57c3392f0bbc36564b2e2cdbd0e872,956,2023-05-09T22:02:30.000Z,"""0fe48d6a28a29d46c7a86b04005c6f2c""",2026-08-21T06:06:20.497519+00:00,PASS,
fundingRate,um,BTCUSDT,event,2023-04,https://data.binance.vision/data/futures/um/monthly/fundingRate/BTCUSDT/BTCUSDT-fundingRate-2023-04.zip,90,2023-04-01T00:00:00+00:00,2023-04-30T16:00:00.010000+00:00,2931039d26818edc65d4faefba84945fd1ba52989dd58fb127dc3cd7a12c7fbf,2931039d26818edc65d4faefba84945fd1ba52989dd58fb127dc3cd7a12c7fbf,952,2023-05-25T10:12:32.000Z,"""1afc0e7a1f3790125ea57e90351d9c8a""",2026-08-21T06:06:20.611995+00:00,PASS,
fundingRate,um,BTCUSDT,event,2023-05,https://data.binance.vision/data/futures/um/monthly/fundingRate/BTCUSDT/BTCUSDT-fundingRate-2023-05.zip,93,2023-05-01T00:00:00.004000+00:00,2023-05-31T16:00:00+00:00,5d026fece46df86293054c8c56c2c8de575d30161b82979b11831831217a246e,5d026fece46df86293054c8c56c2c8de575d30161b82979b11831831217a246e,983,2023-06-17T09:59:46.000Z,"""c8c5dc538076006c8e0ddaa0a545b9a3""",2026-08-21T06:06:20.694662+00:00,PASS,
fundingRate,um,BTCUSDT,event,2023-06,https://data.binance.vision/data/futures/um/monthly/fundingRate/BTCUSDT/BTCUSDT-fundingRate-2023-06.zip,90,2023-06-01T00:00:00.008000+00:00,2023-06-30T16:00:00.001000+00:00,3ffdde6f1dc9c3c065d77ae43f3ba64d19d4cb76512d4bc1d541933d4fb2e6f7,3ffdde6f1dc9c3c065d77ae43f3ba64d19d4cb76512d4bc1d541933d4fb2e6f7,845,2023-07-17T10:34:42.000Z,"""d33f2379783b8bd2f6a0949c02660106""",2026-08-21T06:06:20.896535+00:00,PASS,
fundingRate,um,BTCUSDT,event,2023-07,https://data.binance.vision/data/futures/um/monthly/fundingRate/BTCUSDT/BTCUSDT-fundingRate-2023-07.zip,93,2023-07-01T00:00:00+00:00,2023-07-31T16:00:00.001000+00:00,0304baed9fd407293a8a8040b30a1b68bd344803b630d33530375b421733a930,0304baed9fd407293a8a8040b30a1b68bd344803b630d33530375b421733a930,861,2023-08-17T10:39:33.000Z,"""c23d6bcfbf7aafe622327ffc8484437b""",2026-08-21T06:06:20.910448+00:00,PASS,
fundingRate,um,BTCUSDT,event,2023-08,https://data.binance.vision/data/futures/um/monthly/fundingRate/BTCUSDT/BTCUSDT-fundingRate-2023-08.zip,93,2023-08-01T00:00:00+00:00,2023-08-31T16:00:00+00:00,516a8f50631c6ede6a9642f6d1590b6a22c33ba09935501d2ace8dc1396501fd,516a8f50631c6ede6a9642f6d1590b6a22c33ba09935501d2ace8dc1396501fd,846,2023-09-17T10:01:59.000Z,"""1280c13016487cc177428198c99d30ac""",2026-08-21T06:06:21.182099+00:00,PASS,
fundingRate,um,BTCUSDT,event,2023-09,https://data.binance.vision/data/futures/um/monthly/fundingRate/BTCUSDT/BTCUSDT-fundingRate-2023-09.zip,90,2023-09-01T00:00:00+00:00,2023-09-30T16:00:00+00:00,3fd9df6fd1eef33cf5fe625c27012359bc6d64a68c109305d7b44a0354f533c2,3fd9df6fd1eef33cf5fe625c27012359bc6d64a68c109305d7b44a0354f533c2,914,2023-10-17T10:55:27.000Z,"""bc2f306ec012d820826055d09b30d7bd""",2026-08-21T06:06:21.121878+00:00,PASS,
fundingRate,um,BTCUSDT,event,2023-10,https://data.binance.vision/data/futures/um/monthly/fundingRate/BTCUSDT/BTCUSDT-fundingRate-2023-10.zip,93,2023-10-01T00:00:00+00:00,2023-10-31T16:00:00+00:00,03105cc140150bffca834bcccbddc6cfee245e079d2df1759653243bd6e92448,03105cc140150bffca834bcccbddc6cfee245e079d2df1759653243bd6e92448,865,2023-11-18T13:17:48.000Z,"""a48ed86ae5519e54fbd6928a0f6b2644""",2026-08-21T06:06:21.303341+00:00,PASS,
fundingRate,um,BTCUSDT,event,2023-11,https://data.binance.vision/data/futures/um/monthly/fundingRate/BTCUSDT/BTCUSDT-fundingRate-2023-11.zip,90,2023-11-01T00:00:00+00:00,2023-11-30T16:00:00+00:00,8015d2997f8d5e757ff3707ee87800ca30a74da0129daa747b64117f07bcc186,8015d2997f8d5e757ff3707ee87800ca30a74da0129daa747b64117f07bcc186,696,2023-12-16T12:51:18.000Z,"""d4d7adcabd88d60d20fbbd9618bec66b""",2026-08-21T06:06:21.456347+00:00,PASS,
fundingRate,um,BTCUSDT,event,2023-12,https://data.binance.vision/data/futures/um/monthly/fundingRate/BTCUSDT/BTCUSDT-fundingRate-2023-12.zip,93,2023-12-01T00:00:00+00:00,2023-12-31T16:00:00+00:00,8f02fdd2a2da261bbf13ab301c74bdb57fae005f19d5088e9ece5f8824c1a2a7,8f02fdd2a2da261bbf13ab301c74bdb57fae005f19d5088e9ece5f8824c1a2a7,810,2024-01-19T02:29:23.000Z,"""5249206401c51f615ff847422fd04934""",2026-08-21T06:06:21.491053+00:00,PASS,
fundingRate,um,BTCUSDT,event,2024-01,https://data.binance.vision/data/futures/um/monthly/fundingRate/BTCUSDT/BTCUSDT-fundingRate-2024-01.zip,93,2024-01-01T00:00:00+00:00,2024-01-31T16:00:00+00:00,3e0d30870672aa8f0f937881056e3cfd55913ae5c780cd50b33f2763aa0ba58e,3e0d30870672aa8f0f937881056e3cfd55913ae5c780cd50b33f2763aa0ba58e,696,2024-02-17T14:53:07.000Z,"""282e0cccda862a3465a629f6b2c0b40b""",2026-08-21T06:06:21.661524+00:00,PASS,
fundingRate,um,BTCUSDT,event,2024-02,https://data.binance.vision/data/futures/um/monthly/fundingRate/BTCUSDT/BTCUSDT-fundingRate-2024-02.zip,87,2024-02-01T00:00:00+00:00,2024-02-29T16:00:00+00:00,daf1e4901e3d6436d82ad60f90d007eb5300be8047cfef121007203a7212cde6,daf1e4901e3d6436d82ad60f90d007eb5300be8047cfef121007203a7212cde6,776,2024-03-18T12:44:11.000Z,"""92ceb164681847114d8b0d33ab739f42""",2026-08-21T06:06:21.708737+00:00,PASS,
fundingRate,um,BTCUSDT,event,2024-03,https://data.binance.vision/data/futures/um/monthly/fundingRate/BTCUSDT/BTCUSDT-fundingRate-2024-03.zip,93,2024-03-01T00:00:00+00:00,2024-03-31T16:00:00.001000+00:00,711dcaf2a341aedfd06447b4117b540f60adb0784c5e64a313c718e4cf092bc3,711dcaf2a341aedfd06447b4117b540f60adb0784c5e64a313c718e4cf092bc3,939,2024-04-17T12:49:54.000Z,"""ab7de93c188422d7dbc0a9fff632575b""",2026-08-21T06:06:21.834437+00:00,PASS,
fundingRate,um,BTCUSDT,event,2024-04,https://data.binance.vision/data/futures/um/monthly/fundingRate/BTCUSDT/BTCUSDT-fundingRate-2024-04.zip,90,2024-04-01T00:00:00+00:00,2024-04-30T16:00:00+00:00,6d220b8e2815362a11d294d35dbca28568370d8295351937eceec10f2b359b85,6d220b8e2815362a11d294d35dbca28568370d8295351937eceec10f2b359b85,842,2024-05-16T14:36:04.000Z,"""a101d9a3affe71b49848f9c321c8f39a""",2026-08-21T06:06:21.980588+00:00,PASS,
fundingRate,um,BTCUSDT,event,2024-05,https://data.binance.vision/data/futures/um/monthly/fundingRate/BTCUSDT/BTCUSDT-fundingRate-2024-05.zip,93,2024-05-01T00:00:00+00:00,2024-05-31T16:00:00+00:00,aef8c5fdce1493fd570b5829a72f2f17c7e459483390f25544d16c2a30be592e,aef8c5fdce1493fd570b5829a72f2f17c7e459483390f25544d16c2a30be592e,830,2024-06-16T13:11:37.000Z,"""8a9d10b3e6de5580af139d96da9e7b47""",2026-08-21T06:06:22.008137+00:00,PASS,
fundingRate,um,BTCUSDT,event,2024-06,https://data.binance.vision/data/futures/um/monthly/fundingRate/BTCUSDT/BTCUSDT-fundingRate-2024-06.zip,90,2024-06-01T00:00:00+00:00,2024-06-30T16:00:00+00:00,43fc4473820d1fb4fe340d1b1951a87555f6841aa352e684fa95d6adffce04c6,43fc4473820d1fb4fe340d1b1951a87555f6841aa352e684fa95d6adffce04c6,721,2024-07-16T13:10:21.000Z,"""363a2bc8cdeb9616830a41f6c83948c1""",2026-08-21T06:06:22.177860+00:00,PASS,
fundingRate,um,BTCUSDT,event,2024-07,https://data.binance.vision/data/futures/um/monthly/fundingRate/BTCUSDT/BTCUSDT-fundingRate-2024-07.zip,93,2024-07-01T00:00:00+00:00,2024-07-31T16:00:00+00:00,acab0593c1452660ce74a6c239fb215c1192b0a9c6e8c1689e6495de40a0174b,acab0593c1452660ce74a6c239fb215c1192b0a9c6e8c1689e6495de40a0174b,847,2024-08-16T12:57:47.000Z,"""068702dc376babca91a75fd4380fc6f5""",2026-08-21T06:06:22.187861+00:00,PASS,
fundingRate,um,BTCUSDT,event,2024-08,https://data.binance.vision/data/futures/um/monthly/fundingRate/BTCUSDT/BTCUSDT-fundingRate-2024-08.zip,93,2024-08-01T00:00:00+00:00,2024-08-31T16:00:00+00:00,7003d29a43dd5f9357f838da8766834954939e22c1d80af682d9f33984f67b71,7003d29a43dd5f9357f838da8766834954939e22c1d80af682d9f33984f67b71,904,2024-09-16T13:09:57.000Z,"""11c65f0cfd2ec2c643c9dd6c5dfdf12a""",2026-08-21T06:06:22.373380+00:00,PASS,
fundingRate,um,BTCUSDT,event,2024-09,https://data.binance.vision/data/futures/um/monthly/fundingRate/BTCUSDT/BTCUSDT-fundingRate-2024-09.zip,90,2024-09-01T00:00:00+00:00,2024-09-30T16:00:00+00:00,6ef23b02392b481ef9c3855434bf3644289fb6e228b4f7d9a0dfc6d3cdff1116,6ef23b02392b481ef9c3855434bf3644289fb6e228b4f7d9a0dfc6d3cdff1116,924,2024-10-16T12:57:27.000Z,"""7c09155dbb8949acd63fcae86761d9f2""",2026-08-21T06:06:22.383379+00:00,PASS,
fundingRate,um,BTCUSDT,event,2024-10,https://data.binance.vision/data/futures/um/monthly/fundingRate/BTCUSDT/BTCUSDT-fundingRate-2024-10.zip,93,2024-10-01T00:00:00+00:00,2024-10-31T16:00:00+00:00,26db65ac8020d80ece35df79c254c5f7e24427529bcceeb2972748c4fe2d2707,26db65ac8020d80ece35df79c254c5f7e24427529bcceeb2972748c4fe2d2707,801,2024-11-21T20:50:52.000Z,"""e3935878eb156f45ef1ab5961eda1c4a""",2026-08-21T06:06:22.563402+00:00,PASS,
fundingRate,um,BTCUSDT,event,2024-11,https://data.binance.vision/data/futures/um/monthly/fundingRate/BTCUSDT/BTCUSDT-fundingRate-2024-11.zip,90,2024-11-01T00:00:00+00:00,2024-11-30T16:00:00+00:00,e1b19cccfe2cdcba48b022790789b7b01edd86c075f39bc152e44c267d43bd51,e1b19cccfe2cdcba48b022790789b7b01edd86c075f39bc152e44c267d43bd51,746,2024-12-17T12:45:32.000Z,"""485f8c0e395f480fb9a4a29afca75c41""",2026-08-21T06:06:22.594547+00:00,PASS,
fundingRate,um,BTCUSDT,event,2024-12,https://data.binance.vision/data/futures/um/monthly/fundingRate/BTCUSDT/BTCUSDT-fundingRate-2024-12.zip,93,2024-12-01T00:00:00+00:00,2024-12-31T16:00:00+00:00,069409f525ebf6370ee1c7defe475167de4b97284c5ac8e68768652968cd3dc9,069409f525ebf6370ee1c7defe475167de4b97284c5ac8e68768652968cd3dc9,808,2025-01-16T12:43:24.000Z,"""cb534034fc4b2c9e38b92d6bbce33473""",2026-08-21T06:06:22.742783+00:00,PASS,
fundingRate,um,BTCUSDT,event,2025-01,https://data.binance.vision/data/futures/um/monthly/fundingRate/BTCUSDT/BTCUSDT-fundingRate-2025-01.zip,93,2025-01-01T00:00:00.015000+00:00,2025-01-31T16:00:00+00:00,df725010d55458866eb5a47e9ee708c6796c9d7e77b14c38342cea11f381815e,df725010d55458866eb5a47e9ee708c6796c9d7e77b14c38342cea11f381815e,825,2025-02-16T12:52:38.000Z,"""4fd4114380875c1ea8a32019977f951a""",2026-08-21T06:06:22.822487+00:00,PASS,
fundingRate,um,BTCUSDT,event,2025-02,https://data.binance.vision/data/futures/um/monthly/fundingRate/BTCUSDT/BTCUSDT-fundingRate-2025-02.zip,84,2025-02-01T00:00:00+00:00,2025-02-28T16:00:00+00:00,e918b90fb33df3a3317feea13807a892047f1ec86eeac100bdb7b3dd83285d46,e918b90fb33df3a3317feea13807a892047f1ec86eeac100bdb7b3dd83285d46,854,2025-03-16T13:03:19.000Z,"""06bac48505803ab88917dcf439c81464""",2026-08-21T06:06:22.927752+00:00,PASS,
fundingRate,um,BTCUSDT,event,2025-03,https://data.binance.vision/data/futures/um/monthly/fundingRate/BTCUSDT/BTCUSDT-fundingRate-2025-03.zip,93,2025-03-01T00:00:00+00:00,2025-03-31T16:00:00+00:00,a3b95cfb315641fbfddc61eb32adf2a2588afb7a3973a61f464aca007ad43e3f,a3b95cfb315641fbfddc61eb32adf2a2588afb7a3973a61f464aca007ad43e3f,938,2025-04-17T12:53:37.000Z,"""7fe92c40b5bb2db05d4f56871373b552""",2026-08-21T06:06:23.000310+00:00,PASS,
fundingRate,um,BTCUSDT,event,2025-04,https://data.binance.vision/data/futures/um/monthly/fundingRate/BTCUSDT/BTCUSDT-fundingRate-2025-04.zip,90,2025-04-01T00:00:00+00:00,2025-04-30T16:00:00.003000+00:00,01dbb7bd0135f98bd63bdde6b943cde1accc1770cabf92f68a1ec0653ced3888,01dbb7bd0135f98bd63bdde6b943cde1accc1770cabf92f68a1ec0653ced3888,929,2025-05-16T12:59:26.000Z,"""4924be8de3d1cb5eb1a6b1091195a47d""",2026-08-21T06:06:23.173601+00:00,PASS,
fundingRate,um,BTCUSDT,event,2025-05,https://data.binance.vision/data/futures/um/monthly/fundingRate/BTCUSDT/BTCUSDT-fundingRate-2025-05.zip,93,2025-05-01T00:00:00+00:00,2025-05-31T16:00:00+00:00,e7355e2775b88009c984db1783bb8ed6b5f24ede2b52bb764151b5722d6a5e42,e7355e2775b88009c984db1783bb8ed6b5f24ede2b52bb764151b5722d6a5e42,943,2025-06-16T13:08:34.000Z,"""ec0f1cc8275534c3df5271e09ae8280b""",2026-08-21T06:06:23.223803+00:00,PASS,
fundingRate,um,BTCUSDT,event,2025-06,https://data.binance.vision/data/futures/um/monthly/fundingRate/BTCUSDT/BTCUSDT-fundingRate-2025-06.zip,90,2025-06-01T00:00:00.001000+00:00,2025-06-30T16:00:00.002000+00:00,a1f4a40953740fa83ee9ad97776ff8325d1958654a67f1325614071a983819d4,a1f4a40953740fa83ee9ad97776ff8325d1958654a67f1325614071a983819d4,946,2025-07-16T13:17:25.000Z,"""d611a86336a7a11159b456358423e953""",2026-08-21T06:06:23.410753+00:00,PASS,
fundingRate,um,BTCUSDT,event,2025-07,https://data.binance.vision/data/futures/um/monthly/fundingRate/BTCUSDT/BTCUSDT-fundingRate-2025-07.zip,93,2025-07-01T00:00:00.007000+00:00,2025-07-31T16:00:00+00:00,b097dff828f6e43fece23db0d3cb98042a9d7bc19693b8cbfd051d88eb973b7b,b097dff828f6e43fece23db0d3cb98042a9d7bc19693b8cbfd051d88eb973b7b,796,2025-08-01T07:47:26.000Z,"""965a3150a74cc2a67a36d645275f59d2""",2026-08-21T06:06:23.421754+00:00,PASS,
fundingRate,um,BTCUSDT,event,2025-08,https://data.binance.vision/data/futures/um/monthly/fundingRate/BTCUSDT/BTCUSDT-fundingRate-2025-08.zip,93,2025-08-01T00:00:00.001000+00:00,2025-08-31T16:00:00.001000+00:00,1180129860b6e196e8d70bb9719e81573aa6b4acb423ba5ee7f82f10c836f7ab,1180129860b6e196e8d70bb9719e81573aa6b4acb423ba5ee7f82f10c836f7ab,927,2025-09-01T07:48:10.000Z,"""8f3acfc0e4a1ca2f353e3d4556e01299""",2026-08-21T06:06:23.660317+00:00,PASS,
fundingRate,um,BTCUSDT,event,2025-09,https://data.binance.vision/data/futures/um/monthly/fundingRate/BTCUSDT/BTCUSDT-fundingRate-2025-09.zip,90,2025-09-01T00:00:00+00:00,2025-09-30T16:00:00+00:00,21dc6570fc6bffad0e7b5f9e99211b82ad07c95ab4f18c3a2daa3b95ec98344c,21dc6570fc6bffad0e7b5f9e99211b82ad07c95ab4f18c3a2daa3b95ec98344c,941,2025-10-01T07:43:22.000Z,"""9149d4ffa950f3a2796e34a3b8c0674b""",2026-08-21T06:06:23.599956+00:00,PASS,
fundingRate,um,BTCUSDT,event,2025-10,https://data.binance.vision/data/futures/um/monthly/fundingRate/BTCUSDT/BTCUSDT-fundingRate-2025-10.zip,93,2025-10-01T00:00:00+00:00,2025-10-31T16:00:00.007000+00:00,9ecdedab6344fc4cdb154763266b8e09627a71c3cc5574cf868158b541c259c2,9ecdedab6344fc4cdb154763266b8e09627a71c3cc5574cf868158b541c259c2,944,2025-11-01T09:42:52.000Z,"""b7eebc5fc208a60f36db5b8043e3c7fe""",2026-08-21T06:06:23.933202+00:00,PASS,
fundingRate,um,BTCUSDT,event,2025-11,https://data.binance.vision/data/futures/um/monthly/fundingRate/BTCUSDT/BTCUSDT-fundingRate-2025-11.zip,90,2025-11-01T00:00:00.001000+00:00,2025-11-30T16:00:00.004000+00:00,23735400405627d610123e3a43db3e98ae7addb93459cd670e65a7659a5f081b,23735400405627d610123e3a43db3e98ae7addb93459cd670e65a7659a5f081b,941,2025-12-01T08:20:49.000Z,"""696255cd15fb99b05a3000504c360fc8""",2026-08-21T06:06:23.944201+00:00,PASS,
fundingRate,um,BTCUSDT,event,2025-12,https://data.binance.vision/data/futures/um/monthly/fundingRate/BTCUSDT/BTCUSDT-fundingRate-2025-12.zip,93,2025-12-01T00:00:00+00:00,2025-12-31T16:00:00.001000+00:00,35318b789f020b0e04c9043112480743855554e52e1d188437cbdaa67246d51d,35318b789f020b0e04c9043112480743855554e52e1d188437cbdaa67246d51d,963,2026-01-01T08:04:00.000Z,"""25bcebe0c7e7b12e85286cad93fcbeed""",2026-08-21T06:06:24.183893+00:00,PASS,
fundingRate,um,BTCUSDT,event,2026-01,https://data.binance.vision/data/futures/um/monthly/fundingRate/BTCUSDT/BTCUSDT-fundingRate-2026-01.zip,93,2026-01-01T00:00:00.008000+00:00,2026-01-31T16:00:00.009000+00:00,fcdc796484f395830d418588a34a26baed8849dbef0ff2b56173247e493ff51f,fcdc796484f395830d418588a34a26baed8849dbef0ff2b56173247e493ff51f,965,2026-02-01T07:59:29.000Z,"""3ca7cc6a9cfc96513cc0f5c5ac410d87""",2026-08-21T06:06:24.253201+00:00,PASS,
fundingRate,um,BTCUSDT,event,2026-02,https://data.binance.vision/data/futures/um/monthly/fundingRate/BTCUSDT/BTCUSDT-fundingRate-2026-02.zip,84,2026-02-01T00:00:00.001000+00:00,2026-02-28T16:00:00.004000+00:00,80df1dd669dc1e3afc360c9da8b9a949a127fce088eedbf5bf708bd37b0a1f58,80df1dd669dc1e3afc360c9da8b9a949a127fce088eedbf5bf708bd37b0a1f58,937,2026-03-01T08:10:26.000Z,"""de51daacc364af0b53c88b3b97d849e1""",2026-08-21T06:06:24.367422+00:00,PASS,
fundingRate,um,BTCUSDT,event,2026-03,https://data.binance.vision/data/futures/um/monthly/fundingRate/BTCUSDT/BTCUSDT-fundingRate-2026-03.zip,93,2026-03-01T00:00:00.005000+00:00,2026-03-31T16:00:00+00:00,5c069d5e9597a44fd0e213395082e59ff223fb99c9eab3a2a5a2a5622ba7867c,5c069d5e9597a44fd0e213395082e59ff223fb99c9eab3a2a5a2a5622ba7867c,1008,2026-04-01T08:06:34.000Z,"""4e8579385efc17e554ecd4cd6a59ffe1""",2026-08-21T06:06:24.426296+00:00,PASS,
fundingRate,um,BTCUSDT,event,2026-04,https://data.binance.vision/data/futures/um/monthly/fundingRate/BTCUSDT/BTCUSDT-fundingRate-2026-04.zip,90,2026-04-01T00:00:00+00:00,2026-04-30T16:00:00+00:00,51cdeb4de7d5ef1d4eece80b6115e391bdf7a2d0803bf9ad8371ab23340b22d3,51cdeb4de7d5ef1d4eece80b6115e391bdf7a2d0803bf9ad8371ab23340b22d3,960,2026-05-01T08:16:04.000Z,"""8a874434916b7d035ab17d3d1f3a795f""",2026-08-21T06:06:24.641444+00:00,PASS,
fundingRate,um,BTCUSDT,event,2026-05,https://data.binance.vision/data/futures/um/monthly/fundingRate/BTCUSDT/BTCUSDT-fundingRate-2026-05.zip,93,2026-05-01T00:00:00+00:00,2026-05-31T16:00:00.004000+00:00,445b65fd6b17bfcfb5e4d035db29fad34f729fa078f0449024db42621be84e6e,445b65fd6b17bfcfb5e4d035db29fad34f729fa078f0449024db42621be84e6e,980,2026-06-01T08:47:56.000Z,"""031ce830558eb3dcc97944c494304b07""",2026-08-21T06:06:24.695565+00:00,PASS,
fundingRate,um,BTCUSDT,event,2026-06,https://data.binance.vision/data/futures/um/monthly/fundingRate/BTCUSDT/BTCUSDT-fundingRate-2026-06.zip,90,2026-06-01T00:00:00.001000+00:00,2026-06-30T16:00:00.005000+00:00,cff97ce688329592bccbbf5873b5c7021649e093f5f5806e332c5b4fb7fd6a00,cff97ce688329592bccbbf5873b5c7021649e093f5f5806e332c5b4fb7fd6a00,964,2026-07-01T09:42:05.000Z,"""2e52ce00e499b41e0604dedcdfade045""",2026-08-21T06:06:24.843947+00:00,PASS,
fundingRate,um,BTCUSDT,event,2026-07,https://data.binance.vision/data/futures/um/monthly/fundingRate/BTCUSDT/BTCUSDT-fundingRate-2026-07.zip,93,2026-07-01T00:00:00+00:00,2026-07-31T16:00:00+00:00,e36fcc66f493d7d9ec348c852fc22e9f318c79cf7adae17398a3994ae0adc41e,e36fcc66f493d7d9ec348c852fc22e9f318c79cf7adae17398a3994ae0adc41e,914,2026-08-01T08:09:06.000Z,"""49406c38fb0b470fed5627a37c217ac8""",2026-08-21T06:06:24.870699+00:00,PASS,
fundingRate,um,ETHUSDT,event,2020-01,https://data.binance.vision/data/futures/um/monthly/fundingRate/ETHUSDT/ETHUSDT-fundingRate-2020-01.zip,93,2020-01-01T00:00:00+00:00,2020-01-31T16:00:00+00:00,0ce8da3b2ee7eceb6616efa215a2a1b1aab7b5b04becebe73634a95ec0abfa90,0ce8da3b2ee7eceb6616efa215a2a1b1aab7b5b04becebe73634a95ec0abfa90,795,2023-05-09T22:02:43.000Z,"""5cfe16d432b150d7e223b6e15700c9d6""",2026-08-21T06:06:25.012315+00:00,PASS,
fundingRate,um,ETHUSDT,event,2020-02,https://data.binance.vision/data/futures/um/monthly/fundingRate/ETHUSDT/ETHUSDT-fundingRate-2020-02.zip,87,2020-02-01T00:00:00+00:00,2020-02-29T16:00:00+00:00,5a1de843dc3f098e86ca3c0979b38591d57d18664a1079588e61def93224fa06,5a1de843dc3f098e86ca3c0979b38591d57d18664a1079588e61def93224fa06,911,2023-05-09T22:02:43.000Z,"""94ce4f4c7059ebc72cfe41e279baf1ba""",2026-08-21T06:06:25.041657+00:00,PASS,
fundingRate,um,ETHUSDT,event,2020-03,https://data.binance.vision/data/futures/um/monthly/fundingRate/ETHUSDT/ETHUSDT-fundingRate-2020-03.zip,93,2020-03-01T00:00:00+00:00,2020-03-31T16:00:00.001000+00:00,0b9edb31ec6aedad0248d54e89b7ea5ff3cc4ab719519751db3de334caf54303,0b9edb31ec6aedad0248d54e89b7ea5ff3cc4ab719519751db3de334caf54303,785,2023-05-09T22:02:43.000Z,"""abb73a6146cc29e41717b5d9e26ec52f""",2026-08-21T06:06:25.276403+00:00,PASS,
fundingRate,um,ETHUSDT,event,2020-04,https://data.binance.vision/data/futures/um/monthly/fundingRate/ETHUSDT/ETHUSDT-fundingRate-2020-04.zip,90,2020-04-01T00:00:00.002000+00:00,2020-04-30T16:00:00+00:00,ce2208113358208182eaae41971fb5762e1794a04b4a606368416d08eea2d41b,ce2208113358208182eaae41971fb5762e1794a04b4a606368416d08eea2d41b,698,2023-05-09T22:02:43.000Z,"""0a365eee9215e3f6341fa8592be78305""",2026-08-21T06:06:25.219316+00:00,PASS,
fundingRate,um,ETHUSDT,event,2020-05,https://data.binance.vision/data/futures/um/monthly/fundingRate/ETHUSDT/ETHUSDT-fundingRate-2020-05.zip,93,2020-05-01T00:00:00+00:00,2020-05-31T16:00:00+00:00,77f5790ae26f95caee52b58317ee65d13b0eeb61f73d83482fd5d3aa153ab300,77f5790ae26f95caee52b58317ee65d13b0eeb61f73d83482fd5d3aa153ab300,769,2023-05-09T22:02:43.000Z,"""71b32f5d06455fc556b5997e958ab723""",2026-08-21T06:06:25.479147+00:00,PASS,
fundingRate,um,ETHUSDT,event,2020-06,https://data.binance.vision/data/futures/um/monthly/fundingRate/ETHUSDT/ETHUSDT-fundingRate-2020-06.zip,90,2020-06-01T00:00:00+00:00,2020-06-30T16:00:00.002000+00:00,2e6af078edbe3e0df30d12d0d381652949572ce514222a257efe1f4eb145dae0,2e6af078edbe3e0df30d12d0d381652949572ce514222a257efe1f4eb145dae0,700,2023-05-09T22:02:43.000Z,"""cd4474b22653545908511f7d743b0cb3""",2026-08-21T06:06:25.500881+00:00,PASS,
fundingRate,um,ETHUSDT,event,2020-07,https://data.binance.vision/data/futures/um/monthly/fundingRate/ETHUSDT/ETHUSDT-fundingRate-2020-07.zip,93,2020-07-01T00:00:00.002000+00:00,2020-07-31T16:00:00+00:00,1983ad90e1d1f98eefd2c23b9eb209d26e4e2efba2f4e8b5e662e8a7d563bc56,1983ad90e1d1f98eefd2c23b9eb209d26e4e2efba2f4e8b5e662e8a7d563bc56,774,2023-05-09T22:02:43.000Z,"""c1d5a591be687c1feb5f5b6ca044d700""",2026-08-21T06:06:25.686000+00:00,PASS,
fundingRate,um,ETHUSDT,event,2020-08,https://data.binance.vision/data/futures/um/monthly/fundingRate/ETHUSDT/ETHUSDT-fundingRate-2020-08.zip,93,2020-08-01T00:00:00.005000+00:00,2020-08-31T16:00:00.001000+00:00,d4e766270a078741387ba564103d285ad9a2c05c7e6df9ad0b03619248bb041f,d4e766270a078741387ba564103d285ad9a2c05c7e6df9ad0b03619248bb041f,918,2023-05-09T22:02:43.000Z,"""b75399cc2914f854d1f324e852608306""",2026-08-21T06:06:25.759592+00:00,PASS,
fundingRate,um,ETHUSDT,event,2020-09,https://data.binance.vision/data/futures/um/monthly/fundingRate/ETHUSDT/ETHUSDT-fundingRate-2020-09.zip,90,2020-09-01T00:00:00+00:00,2020-09-30T16:00:00+00:00,cdee5c299c22dda85a5d5449e19250f7bc66c0d52759f9de0a49cc233520510d,cdee5c299c22dda85a5d5449e19250f7bc66c0d52759f9de0a49cc233520510d,807,2023-05-09T22:02:43.000Z,"""952b2ce01255bc9d14bca0340f41e77e""",2026-08-21T06:06:25.902385+00:00,PASS,
fundingRate,um,ETHUSDT,event,2020-10,https://data.binance.vision/data/futures/um/monthly/fundingRate/ETHUSDT/ETHUSDT-fundingRate-2020-10.zip,93,2020-10-01T00:00:00+00:00,2020-10-31T16:00:00+00:00,47749a38b41b185d786af96bf41c796edf8ea517cf76d6d61402974c629e0239,47749a38b41b185d786af96bf41c796edf8ea517cf76d6d61402974c629e0239,852,2023-05-09T22:02:43.000Z,"""8fb20205a17315407aad2e9264692eed""",2026-08-21T06:06:25.962753+00:00,PASS,
fundingRate,um,ETHUSDT,event,2020-11,https://data.binance.vision/data/futures/um/monthly/fundingRate/ETHUSDT/ETHUSDT-fundingRate-2020-11.zip,90,2020-11-01T00:00:00+00:00,2020-11-30T16:00:00+00:00,9b02376eaa04be4ec2e201b492ef2a3c34dc61542492c715b5cea5dec5f01d36,9b02376eaa04be4ec2e201b492ef2a3c34dc61542492c715b5cea5dec5f01d36,889,2023-05-09T22:02:43.000Z,"""1d0d7824baf7b1c78b66928e7405e172""",2026-08-21T06:06:26.098083+00:00,PASS,
fundingRate,um,ETHUSDT,event,2020-12,https://data.binance.vision/data/futures/um/monthly/fundingRate/ETHUSDT/ETHUSDT-fundingRate-2020-12.zip,93,2020-12-01T00:00:00+00:00,2020-12-31T16:00:00.010000+00:00,f99267a3fef35dd201e76c8338be877fb52883376b4cd0acb890a1387de0b0d4,f99267a3fef35dd201e76c8338be877fb52883376b4cd0acb890a1387de0b0d4,901,2023-05-09T22:02:43.000Z,"""28c50c4a73d73e7f49c5c09b0dd86087""",2026-08-21T06:06:26.180410+00:00,PASS,
fundingRate,um,ETHUSDT,event,2021-01,https://data.binance.vision/data/futures/um/monthly/fundingRate/ETHUSDT/ETHUSDT-fundingRate-2021-01.zip,93,2021-01-01T00:00:00.002000+00:00,2021-01-31T16:00:00+00:00,4c18c1df8904dea9770aeba5326d26b3fa9a3ffac4891f5f7125d4be2da847c0,4c18c1df8904dea9770aeba5326d26b3fa9a3ffac4891f5f7125d4be2da847c0,1017,2023-05-09T22:02:43.000Z,"""bd4c8db7ed39bad5241352de4f836c41""",2026-08-21T06:06:26.296129+00:00,PASS,
fundingRate,um,ETHUSDT,event,2021-02,https://data.binance.vision/data/futures/um/monthly/fundingRate/ETHUSDT/ETHUSDT-fundingRate-2021-02.zip,84,2021-02-01T00:00:00.001000+00:00,2021-02-28T16:00:00+00:00,15e9a939f253a11fc1af2858bb3844f3d39019ccf7efa66a9456f0f60afba3dd,15e9a939f253a11fc1af2858bb3844f3d39019ccf7efa66a9456f0f60afba3dd,950,2023-05-09T22:02:43.000Z,"""dfe4f8af4fc7a2e33590c8b7263460a4""",2026-08-21T06:06:26.353371+00:00,PASS,
fundingRate,um,ETHUSDT,event,2021-03,https://data.binance.vision/data/futures/um/monthly/fundingRate/ETHUSDT/ETHUSDT-fundingRate-2021-03.zip,93,2021-03-01T00:00:00+00:00,2021-03-31T16:00:00+00:00,2bcaadc8206cb8d76a26f0f3cbf97020b747545b0e75c3dd8a3b195b435478a5,2bcaadc8206cb8d76a26f0f3cbf97020b747545b0e75c3dd8a3b195b435478a5,997,2023-05-09T22:02:43.000Z,"""5c4891da43e52b7801d9d1e345b20b85""",2026-08-21T06:06:26.516912+00:00,PASS,
fundingRate,um,ETHUSDT,event,2021-04,https://data.binance.vision/data/futures/um/monthly/fundingRate/ETHUSDT/ETHUSDT-fundingRate-2021-04.zip,90,2021-04-01T00:00:00.025000+00:00,2021-04-30T16:00:00.003000+00:00,2fee34e8b9b6e828d01bab0df1c67104f7a98f3c063668c8db627b802ffa5a95,2fee34e8b9b6e828d01bab0df1c67104f7a98f3c063668c8db627b802ffa5a95,954,2023-05-09T22:02:43.000Z,"""aa18fba423eed19eac0e037021ad2d52""",2026-08-21T06:06:26.545242+00:00,PASS,
fundingRate,um,ETHUSDT,event,2021-05,https://data.binance.vision/data/futures/um/monthly/fundingRate/ETHUSDT/ETHUSDT-fundingRate-2021-05.zip,93,2021-05-01T00:00:00.002000+00:00,2021-05-31T16:00:00+00:00,21809ef6691a1441bd55ba4af4494a038d1a399ae0ae432e80cb41b47d71f3bd,21809ef6691a1441bd55ba4af4494a038d1a399ae0ae432e80cb41b47d71f3bd,913,2023-05-09T22:02:43.000Z,"""a4b9eeaa5f9641ba12b4c39aa5bb0eb9""",2026-08-21T06:06:26.735305+00:00,PASS,
fundingRate,um,ETHUSDT,event,2021-06,https://data.binance.vision/data/futures/um/monthly/fundingRate/ETHUSDT/ETHUSDT-fundingRate-2021-06.zip,90,2021-06-01T00:00:00.001000+00:00,2021-06-30T16:00:00.005000+00:00,8e58ccf8f52c69c55754492daafadab92d4ca8c8bd027f4532582d06e9f36063,8e58ccf8f52c69c55754492daafadab92d4ca8c8bd027f4532582d06e9f36063,827,2023-05-09T22:02:43.000Z,"""cc1add31e9ddf1a04d9ba30f7d56983c""",2026-08-21T06:06:26.763959+00:00,PASS,
fundingRate,um,ETHUSDT,event,2021-07,https://data.binance.vision/data/futures/um/monthly/fundingRate/ETHUSDT/ETHUSDT-fundingRate-2021-07.zip,93,2021-07-01T00:00:00+00:00,2021-07-31T16:00:00.003000+00:00,f8f538bedf642052e428cd25f3134784de6e62a136e76f6a07ea6e79dfc9c39d,f8f538bedf642052e428cd25f3134784de6e62a136e76f6a07ea6e79dfc9c39d,892,2023-05-09T22:02:43.000Z,"""869deb0200fc630f3d914bfb2774de62""",2026-08-21T06:06:26.924538+00:00,PASS,
fundingRate,um,ETHUSDT,event,2021-08,https://data.binance.vision/data/futures/um/monthly/fundingRate/ETHUSDT/ETHUSDT-fundingRate-2021-08.zip,93,2021-08-01T00:00:00.005000+00:00,2021-08-31T16:00:00.003000+00:00,0120b284bde23d077e1e26e5e4b56fd3e2d1d82a3a7fe0e9de26825b9fc9c0db,0120b284bde23d077e1e26e5e4b56fd3e2d1d82a3a7fe0e9de26825b9fc9c0db,857,2023-05-09T22:02:43.000Z,"""3e7135494dd7338996796e3b54285a6c""",2026-08-21T06:06:26.950805+00:00,PASS,
fundingRate,um,ETHUSDT,event,2021-09,https://data.binance.vision/data/futures/um/monthly/fundingRate/ETHUSDT/ETHUSDT-fundingRate-2021-09.zip,90,2021-09-01T00:00:00+00:00,2021-09-30T16:00:00.005000+00:00,4b4a94cdafbb8fea7762c266aa79b183700b7c9dcf7e981f7fdbe9372f2eec66,4b4a94cdafbb8fea7762c266aa79b183700b7c9dcf7e981f7fdbe9372f2eec66,826,2023-05-09T22:02:43.000Z,"""67eaef8668392d8f19d6703707f8a528""",2026-08-21T06:06:27.099236+00:00,PASS,
fundingRate,um,ETHUSDT,event,2021-10,https://data.binance.vision/data/futures/um/monthly/fundingRate/ETHUSDT/ETHUSDT-fundingRate-2021-10.zip,93,2021-10-01T00:00:00.012000+00:00,2021-10-31T16:00:00.001000+00:00,4dfb8698f6951b2c66229e1c687977eae0778bb703d6268232da2ceb3e9b5e6d,4dfb8698f6951b2c66229e1c687977eae0778bb703d6268232da2ceb3e9b5e6d,935,2023-05-09T22:02:43.000Z,"""09baeb59bfa98d4f1ef83af9e6fe56b5""",2026-08-21T06:06:27.141883+00:00,PASS,
fundingRate,um,ETHUSDT,event,2021-11,https://data.binance.vision/data/futures/um/monthly/fundingRate/ETHUSDT/ETHUSDT-fundingRate-2021-11.zip,90,2021-11-01T00:00:00.009000+00:00,2021-11-30T16:00:00+00:00,d9a7e22a237717f23d4b0505f14613359b7ea7831b23a78653a891cbbe3d521c,d9a7e22a237717f23d4b0505f14613359b7ea7831b23a78653a891cbbe3d521c,838,2023-05-09T22:02:43.000Z,"""2d2022074d99086dd88bc413d0cc4b12""",2026-08-21T06:06:27.293146+00:00,PASS,
fundingRate,um,ETHUSDT,event,2021-12,https://data.binance.vision/data/futures/um/monthly/fundingRate/ETHUSDT/ETHUSDT-fundingRate-2021-12.zip,93,2021-12-01T00:00:00+00:00,2021-12-31T16:00:00+00:00,788d5c57e7cbc8e6b94ed4d7672618a85311edf1d7f0888083410d0d3389d811,788d5c57e7cbc8e6b94ed4d7672618a85311edf1d7f0888083410d0d3389d811,806,2023-05-09T22:02:43.000Z,"""c3735770bf1acede06e7f48d8b59cba1""",2026-08-21T06:06:27.341793+00:00,PASS,
fundingRate,um,ETHUSDT,event,2022-01,https://data.binance.vision/data/futures/um/monthly/fundingRate/ETHUSDT/ETHUSDT-fundingRate-2022-01.zip,93,2022-01-01T00:00:00.006000+00:00,2022-01-31T16:00:00+00:00,9f5bd01450b05a8c5e48cdc99fa147e85c82ecf7ee7919fa543a4e6039a2b98d,9f5bd01450b05a8c5e48cdc99fa147e85c82ecf7ee7919fa543a4e6039a2b98d,950,2023-05-09T22:02:43.000Z,"""d3e014250aec8ee23763392ede8f8517""",2026-08-21T06:06:27.486126+00:00,PASS,
fundingRate,um,ETHUSDT,event,2022-02,https://data.binance.vision/data/futures/um/monthly/fundingRate/ETHUSDT/ETHUSDT-fundingRate-2022-02.zip,84,2022-02-01T00:00:00.010000+00:00,2022-02-28T16:00:00.002000+00:00,9c35e30327ac8915cc1333415b7d5018425781c81918e349d26b734525fcdfe5,9c35e30327ac8915cc1333415b7d5018425781c81918e349d26b734525fcdfe5,898,2023-05-09T22:02:43.000Z,"""e43578d9fbec48eab695d4697b41a68b""",2026-08-21T06:06:27.583857+00:00,PASS,
fundingRate,um,ETHUSDT,event,2022-03,https://data.binance.vision/data/futures/um/monthly/fundingRate/ETHUSDT/ETHUSDT-fundingRate-2022-03.zip,93,2022-03-01T00:00:00.002000+00:00,2022-03-31T16:00:00.015000+00:00,3de0714a2b2582029b32147815298b6e67e972e776ca3f68a4208823b4109404,3de0714a2b2582029b32147815298b6e67e972e776ca3f68a4208823b4109404,866,2023-05-09T22:02:43.000Z,"""a46dda65651ac242f9804d2fd2f77fe9""",2026-08-21T06:06:27.661431+00:00,PASS,
fundingRate,um,ETHUSDT,event,2022-04,https://data.binance.vision/data/futures/um/monthly/fundingRate/ETHUSDT/ETHUSDT-fundingRate-2022-04.zip,90,2022-04-01T00:00:00+00:00,2022-04-30T16:00:00.015000+00:00,7c306ac8b6275a857b064916080e0b6ec502b25a4501c84c3fd2c0b077425de3,7c306ac8b6275a857b064916080e0b6ec502b25a4501c84c3fd2c0b077425de3,941,2023-05-09T22:02:43.000Z,"""d9ca1b65f3aa31a8aa622ed201b132f2""",2026-08-21T06:06:27.837387+00:00,PASS,
fundingRate,um,ETHUSDT,event,2022-05,https://data.binance.vision/data/futures/um/monthly/fundingRate/ETHUSDT/ETHUSDT-fundingRate-2022-05.zip,93,2022-05-01T00:00:00+00:00,2022-05-31T16:00:00+00:00,c458330243c9d8e048ffc7168c9e3c077c01bb82b1644097a4893fee34069b78,c458330243c9d8e048ffc7168c9e3c077c01bb82b1644097a4893fee34069b78,972,2023-05-09T22:02:43.000Z,"""37ce5af00fa5bfb7f5da13903079248c""",2026-08-21T06:06:27.871013+00:00,PASS,
fundingRate,um,ETHUSDT,event,2022-06,https://data.binance.vision/data/futures/um/monthly/fundingRate/ETHUSDT/ETHUSDT-fundingRate-2022-06.zip,90,2022-06-01T00:00:00+00:00,2022-06-30T16:00:00+00:00,f6f3a69b656b91500b41501a230e663ccc3c1a65f46273595b00682d8f6fabb1,f6f3a69b656b91500b41501a230e663ccc3c1a65f46273595b00682d8f6fabb1,980,2023-05-09T22:02:43.000Z,"""607b1dc1a3428a05bcde1564d3153b99""",2026-08-21T06:06:28.015159+00:00,PASS,
fundingRate,um,ETHUSDT,event,2022-07,https://data.binance.vision/data/futures/um/monthly/fundingRate/ETHUSDT/ETHUSDT-fundingRate-2022-07.zip,93,2022-07-01T00:00:00.001000+00:00,2022-07-31T16:00:00.019000+00:00,17826e5591af8660a7fed74d60e24eee77c822cf0d901dd8af355a10a36699aa,17826e5591af8660a7fed74d60e24eee77c822cf0d901dd8af355a10a36699aa,953,2023-05-09T22:02:43.000Z,"""aafac937adaf417bc71eca4fd47af4ae""",2026-08-21T06:06:28.048248+00:00,PASS,
fundingRate,um,ETHUSDT,event,2022-08,https://data.binance.vision/data/futures/um/monthly/fundingRate/ETHUSDT/ETHUSDT-fundingRate-2022-08.zip,93,2022-08-01T00:00:00.010000+00:00,2022-08-31T16:00:00.013000+00:00,a2680549de5e087566f4d323b3a812c2b9863528c6bc49b0e551cb42c381bb4d,a2680549de5e087566f4d323b3a812c2b9863528c6bc49b0e551cb42c381bb4d,1000,2023-05-09T22:02:43.000Z,"""feca06f623d99afb5d005bb775b3005b""",2026-08-21T06:06:28.247132+00:00,PASS,
fundingRate,um,ETHUSDT,event,2022-09,https://data.binance.vision/data/futures/um/monthly/fundingRate/ETHUSDT/ETHUSDT-fundingRate-2022-09.zip,90,2022-09-01T00:00:00.012000+00:00,2022-09-30T16:00:00.007000+00:00,816e4de946d9f854cc457c86ca396b9cb49b46e80cf44941b59b9ad2124f2ef8,816e4de946d9f854cc457c86ca396b9cb49b46e80cf44941b59b9ad2124f2ef8,1016,2023-05-09T22:02:43.000Z,"""6e17935fe6099af0fb2e20efb29419f3""",2026-08-21T06:06:28.294600+00:00,PASS,
fundingRate,um,ETHUSDT,event,2022-10,https://data.binance.vision/data/futures/um/monthly/fundingRate/ETHUSDT/ETHUSDT-fundingRate-2022-10.zip,93,2022-10-01T00:00:00.008000+00:00,2022-10-31T16:00:00.010000+00:00,e434c29eb544cc57ff574e38685535bb7d04703aee54bc5d52f53cea372810e6,e434c29eb544cc57ff574e38685535bb7d04703aee54bc5d52f53cea372810e6,1004,2023-05-09T22:02:43.000Z,"""a0898e2e620fc6570db828b9ef9f44d4""",2026-08-21T06:06:28.427065+00:00,PASS,
fundingRate,um,ETHUSDT,event,2022-11,https://data.binance.vision/data/futures/um/monthly/fundingRate/ETHUSDT/ETHUSDT-fundingRate-2022-11.zip,90,2022-11-01T00:00:00+00:00,2022-11-30T16:00:00.015000+00:00,4f4e52f176f69e99353959d287874a4d4a135b5bb4ea85514dd5a3e65958b2d7,4f4e52f176f69e99353959d287874a4d4a135b5bb4ea85514dd5a3e65958b2d7,987,2023-05-09T22:02:43.000Z,"""cc85fedb326c32048f77ceeb1254904e""",2026-08-21T06:06:28.542048+00:00,PASS,
fundingRate,um,ETHUSDT,event,2022-12,https://data.binance.vision/data/futures/um/monthly/fundingRate/ETHUSDT/ETHUSDT-fundingRate-2022-12.zip,93,2022-12-01T00:00:00.001000+00:00,2022-12-31T16:00:00+00:00,8cd0e885d63b85ee602d80eaae956f9ee3e0e25db264eb5c74026a9ae0d71f4e,8cd0e885d63b85ee602d80eaae956f9ee3e0e25db264eb5c74026a9ae0d71f4e,964,2023-05-09T22:02:43.000Z,"""8231fb5871b106c1057fc0c7aa309fe4""",2026-08-21T06:06:28.616905+00:00,PASS,
fundingRate,um,ETHUSDT,event,2023-01,https://data.binance.vision/data/futures/um/monthly/fundingRate/ETHUSDT/ETHUSDT-fundingRate-2023-01.zip,93,2023-01-01T00:00:00+00:00,2023-01-31T16:00:00.007000+00:00,5647d5978092d220eb14e11c7854d86815d0eb6204197e37b4808cc599e986f3,5647d5978092d220eb14e11c7854d86815d0eb6204197e37b4808cc599e986f3,819,2023-05-09T22:02:43.000Z,"""1925a8c330ed56b73ed7110607f47688""",2026-08-21T06:06:28.765726+00:00,PASS,
fundingRate,um,ETHUSDT,event,2023-02,https://data.binance.vision/data/futures/um/monthly/fundingRate/ETHUSDT/ETHUSDT-fundingRate-2023-02.zip,84,2023-02-01T00:00:00.013000+00:00,2023-02-28T16:00:00.005000+00:00,7da37820c15fb08600ae668551d0b724326b8f71d761582990721059280a221b,7da37820c15fb08600ae668551d0b724326b8f71d761582990721059280a221b,821,2023-05-09T22:02:43.000Z,"""d52f7a052632e3a94e70f46128b73c11""",2026-08-21T06:06:28.875592+00:00,PASS,
fundingRate,um,ETHUSDT,event,2023-03,https://data.binance.vision/data/futures/um/monthly/fundingRate/ETHUSDT/ETHUSDT-fundingRate-2023-03.zip,93,2023-03-01T00:00:00.016000+00:00,2023-03-31T16:00:00.011000+00:00,5110b60cbbc5f26048ce02575c26444ea2ed497baed9a5609e118359e1ca3b51,5110b60cbbc5f26048ce02575c26444ea2ed497baed9a5609e118359e1ca3b51,963,2023-05-09T22:02:43.000Z,"""e469a69db059d326219dd1ca10e73e60""",2026-08-21T06:06:29.034503+00:00,PASS,
fundingRate,um,ETHUSDT,event,2023-04,https://data.binance.vision/data/futures/um/monthly/fundingRate/ETHUSDT/ETHUSDT-fundingRate-2023-04.zip,90,2023-04-01T00:00:00+00:00,2023-04-30T16:00:00.010000+00:00,fa3a3cf7c3b8285687ae8c8014eed8bc58ad3ceb33ccb62ff4298048213c0e6c,fa3a3cf7c3b8285687ae8c8014eed8bc58ad3ceb33ccb62ff4298048213c0e6c,945,2023-05-25T10:12:32.000Z,"""ee1338afb12d77cccfb66ed7153de0c1""",2026-08-21T06:06:29.074863+00:00,PASS,
fundingRate,um,ETHUSDT,event,2023-05,https://data.binance.vision/data/futures/um/monthly/fundingRate/ETHUSDT/ETHUSDT-fundingRate-2023-05.zip,93,2023-05-01T00:00:00.004000+00:00,2023-05-31T16:00:00+00:00,bf890ea68d979942ed296b058390eb98b0b495547fee2117d3b76d5e7f629b24,bf890ea68d979942ed296b058390eb98b0b495547fee2117d3b76d5e7f629b24,990,2023-06-17T09:59:47.000Z,"""d305021c5fc1d7c75f1322af40bfdb74""",2026-08-21T06:06:29.259660+00:00,PASS,
fundingRate,um,ETHUSDT,event,2023-06,https://data.binance.vision/data/futures/um/monthly/fundingRate/ETHUSDT/ETHUSDT-fundingRate-2023-06.zip,90,2023-06-01T00:00:00.008000+00:00,2023-06-30T16:00:00.001000+00:00,b3ddac1309f9a684f4e811776a6c09fb2239bb8d1ae0ff4bd342a1c32a5e171f,b3ddac1309f9a684f4e811776a6c09fb2239bb8d1ae0ff4bd342a1c32a5e171f,888,2023-07-17T10:34:43.000Z,"""e932efcdfeaf69c8f1cbb43a99f14ce4""",2026-08-21T06:06:29.338278+00:00,PASS,
fundingRate,um,ETHUSDT,event,2023-07,https://data.binance.vision/data/futures/um/monthly/fundingRate/ETHUSDT/ETHUSDT-fundingRate-2023-07.zip,93,2023-07-01T00:00:00+00:00,2023-07-31T16:00:00.001000+00:00,82577976d8acd886fda84179ee38c9e7ef445732c3b6a062d6ffd2a9e3cc30bf,82577976d8acd886fda84179ee38c9e7ef445732c3b6a062d6ffd2a9e3cc30bf,861,2023-08-17T10:39:34.000Z,"""60c14e8f19b8ab3a44d2802df1d0cedb""",2026-08-21T06:06:29.445454+00:00,PASS,
fundingRate,um,ETHUSDT,event,2023-08,https://data.binance.vision/data/futures/um/monthly/fundingRate/ETHUSDT/ETHUSDT-fundingRate-2023-08.zip,93,2023-08-01T00:00:00+00:00,2023-08-31T16:00:00+00:00,cf749429c366cef3302a804b3e702937e5f1a77aeddc5b628dca7da547a8935a,cf749429c366cef3302a804b3e702937e5f1a77aeddc5b628dca7da547a8935a,897,2023-09-17T10:02:00.000Z,"""b73b02e9a2a6416ad0537aac4bf85ee7""",2026-08-21T06:06:29.596476+00:00,PASS,
fundingRate,um,ETHUSDT,event,2023-09,https://data.binance.vision/data/futures/um/monthly/fundingRate/ETHUSDT/ETHUSDT-fundingRate-2023-09.zip,90,2023-09-01T00:00:00+00:00,2023-09-30T16:00:00+00:00,41ac7eb67a46d14d97daec4c37e8229df5ac6b165639ad4b2c54bc7374930341,41ac7eb67a46d14d97daec4c37e8229df5ac6b165639ad4b2c54bc7374930341,902,2023-10-17T10:55:27.000Z,"""749b4d88e0bc5c538ce18eedca754df6""",2026-08-21T06:06:29.631409+00:00,PASS,
fundingRate,um,ETHUSDT,event,2023-10,https://data.binance.vision/data/futures/um/monthly/fundingRate/ETHUSDT/ETHUSDT-fundingRate-2023-10.zip,93,2023-10-01T00:00:00+00:00,2023-10-31T16:00:00+00:00,ccaf4474f0dc94adedd4330c14995f338186caa2cc9fd0d2e2c55f74cf263a5c,ccaf4474f0dc94adedd4330c14995f338186caa2cc9fd0d2e2c55f74cf263a5c,849,2023-11-18T13:17:49.000Z,"""d19cf589ca536cc4ccf7c98af0dbf350""",2026-08-21T06:06:29.865145+00:00,PASS,
fundingRate,um,ETHUSDT,event,2023-11,https://data.binance.vision/data/futures/um/monthly/fundingRate/ETHUSDT/ETHUSDT-fundingRate-2023-11.zip,90,2023-11-01T00:00:00+00:00,2023-11-30T16:00:00+00:00,153ec1450eb5d999ce253e2c7ca2e81b79a523ff52dd18b14faefab8212b999b,153ec1450eb5d999ce253e2c7ca2e81b79a523ff52dd18b14faefab8212b999b,699,2023-12-16T12:51:19.000Z,"""b9743c7a81a8490f265469d04293e1eb""",2026-08-21T06:06:29.797633+00:00,PASS,
fundingRate,um,ETHUSDT,event,2023-12,https://data.binance.vision/data/futures/um/monthly/fundingRate/ETHUSDT/ETHUSDT-fundingRate-2023-12.zip,93,2023-12-01T00:00:00+00:00,2023-12-31T16:00:00+00:00,91bdf41566cebb86c6f0e3646b0037de9c22e14ee2f592c5722c7e4a19c91119,91bdf41566cebb86c6f0e3646b0037de9c22e14ee2f592c5722c7e4a19c91119,801,2024-01-19T02:29:24.000Z,"""f627fbd6d0e9eed9d66ab0a60a31aca3""",2026-08-21T06:06:30.000545+00:00,PASS,
fundingRate,um,ETHUSDT,event,2024-01,https://data.binance.vision/data/futures/um/monthly/fundingRate/ETHUSDT/ETHUSDT-fundingRate-2024-01.zip,93,2024-01-01T00:00:00+00:00,2024-01-31T16:00:00+00:00,5a71469b0b363886df904e784dddefc484dd943334b1fb7454713ce4ed715a4b,5a71469b0b363886df904e784dddefc484dd943334b1fb7454713ce4ed715a4b,685,2024-02-17T14:53:07.000Z,"""236e2e172c3ed60247ec9d547a7068aa""",2026-08-21T06:06:30.127801+00:00,PASS,
fundingRate,um,ETHUSDT,event,2024-02,https://data.binance.vision/data/futures/um/monthly/fundingRate/ETHUSDT/ETHUSDT-fundingRate-2024-02.zip,87,2024-02-01T00:00:00+00:00,2024-02-29T16:00:00+00:00,915fad950c48935f3875d88992b8d78290bc8a6fada44408e3ed14aef9a56670,915fad950c48935f3875d88992b8d78290bc8a6fada44408e3ed14aef9a56670,770,2024-03-18T12:44:11.000Z,"""0b59384843691c4ae1fdec3e29f831c7""",2026-08-21T06:06:30.223002+00:00,PASS,
fundingRate,um,ETHUSDT,event,2024-03,https://data.binance.vision/data/futures/um/monthly/fundingRate/ETHUSDT/ETHUSDT-fundingRate-2024-03.zip,93,2024-03-01T00:00:00+00:00,2024-03-31T16:00:00.001000+00:00,e9c1d0f3e7e3b493277c7f826afb223482d56bdc7611144d398ac10e47307907,e9c1d0f3e7e3b493277c7f826afb223482d56bdc7611144d398ac10e47307907,941,2024-04-17T12:49:55.000Z,"""4d9c60ea21e9aa09d9bbc8d529785800""",2026-08-21T06:06:30.340011+00:00,PASS,
fundingRate,um,ETHUSDT,event,2024-04,https://data.binance.vision/data/futures/um/monthly/fundingRate/ETHUSDT/ETHUSDT-fundingRate-2024-04.zip,90,2024-04-01T00:00:00+00:00,2024-04-30T16:00:00+00:00,b54c9f05af116ccd921b32b25960ae26954c4983992d44f2390bf1de08b2c724,b54c9f05af116ccd921b32b25960ae26954c4983992d44f2390bf1de08b2c724,834,2024-05-16T14:36:05.000Z,"""b8d5f037c41afab1d17fb00d1ce3ae03""",2026-08-21T06:06:30.402022+00:00,PASS,
fundingRate,um,ETHUSDT,event,2024-05,https://data.binance.vision/data/futures/um/monthly/fundingRate/ETHUSDT/ETHUSDT-fundingRate-2024-05.zip,93,2024-05-01T00:00:00+00:00,2024-05-31T16:00:00+00:00,8350ab4d61b12ec61539611e30809039f54814213bc4c937609360b1ff28b5e0,8350ab4d61b12ec61539611e30809039f54814213bc4c937609360b1ff28b5e0,836,2024-06-16T13:11:37.000Z,"""3289a832eb45ea611e72cd12e821a422""",2026-08-21T06:06:30.508269+00:00,PASS,
fundingRate,um,ETHUSDT,event,2024-06,https://data.binance.vision/data/futures/um/monthly/fundingRate/ETHUSDT/ETHUSDT-fundingRate-2024-06.zip,90,2024-06-01T00:00:00+00:00,2024-06-30T16:00:00+00:00,def13f4a478c28b0111fb24c57f95fcee80e71982ed74f12e465d20d328e2275,def13f4a478c28b0111fb24c57f95fcee80e71982ed74f12e465d20d328e2275,758,2024-07-16T13:10:21.000Z,"""bc3e9a80fb12c23238c3f72a8d0301e7""",2026-08-21T06:06:30.582568+00:00,PASS,
fundingRate,um,ETHUSDT,event,2024-07,https://data.binance.vision/data/futures/um/monthly/fundingRate/ETHUSDT/ETHUSDT-fundingRate-2024-07.zip,93,2024-07-01T00:00:00+00:00,2024-07-31T16:00:00+00:00,9d236281ab6430250ad2b472cbbf03812a40aed42e73c8339fc6be55a2417a82,9d236281ab6430250ad2b472cbbf03812a40aed42e73c8339fc6be55a2417a82,831,2024-08-16T12:57:47.000Z,"""a08323714ab21abec240dc294bc559ba""",2026-08-21T06:06:30.684145+00:00,PASS,
fundingRate,um,ETHUSDT,event,2024-08,https://data.binance.vision/data/futures/um/monthly/fundingRate/ETHUSDT/ETHUSDT-fundingRate-2024-08.zip,93,2024-08-01T00:00:00+00:00,2024-08-31T16:00:00+00:00,e17684bc761924eb5e1912c52cfa997eddeb99da303e68e28f6f37369f672b9d,e17684bc761924eb5e1912c52cfa997eddeb99da303e68e28f6f37369f672b9d,944,2024-09-16T13:09:58.000Z,"""4a3dee488b16155d7ccc58359312574b""",2026-08-21T06:06:30.833381+00:00,PASS,
fundingRate,um,ETHUSDT,event,2024-09,https://data.binance.vision/data/futures/um/monthly/fundingRate/ETHUSDT/ETHUSDT-fundingRate-2024-09.zip,90,2024-09-01T00:00:00+00:00,2024-09-30T16:00:00+00:00,ffb6e7441053137cb7ca81cc83bcdd996612f7dbb15aa2e168a7ee521f8cbbca,ffb6e7441053137cb7ca81cc83bcdd996612f7dbb15aa2e168a7ee521f8cbbca,908,2024-10-16T12:57:28.000Z,"""f7a9d943da9d6083836c4f0466319155""",2026-08-21T06:06:30.871780+00:00,PASS,
fundingRate,um,ETHUSDT,event,2024-10,https://data.binance.vision/data/futures/um/monthly/fundingRate/ETHUSDT/ETHUSDT-fundingRate-2024-10.zip,93,2024-10-01T00:00:00+00:00,2024-10-31T16:00:00+00:00,2124978c335473a5d9c0f0e9f238193d56c21ac7e250e065a36e9d1201beb049,2124978c335473a5d9c0f0e9f238193d56c21ac7e250e065a36e9d1201beb049,748,2024-11-21T20:50:52.000Z,"""03e46ca9df7c25cd7fe3edd6cf7f295d""",2026-08-21T06:06:31.077464+00:00,PASS,
fundingRate,um,ETHUSDT,event,2024-11,https://data.binance.vision/data/futures/um/monthly/fundingRate/ETHUSDT/ETHUSDT-fundingRate-2024-11.zip,90,2024-11-01T00:00:00+00:00,2024-11-30T16:00:00+00:00,636a4c7c86445c2774b4eae8598c480fcbc57de7dde5d40f6937c7fac510797c,636a4c7c86445c2774b4eae8598c480fcbc57de7dde5d40f6937c7fac510797c,809,2024-12-17T12:45:33.000Z,"""33975dab008ef7d3c63aeb16101181d4""",2026-08-21T06:06:31.060463+00:00,PASS,
fundingRate,um,ETHUSDT,event,2024-12,https://data.binance.vision/data/futures/um/monthly/fundingRate/ETHUSDT/ETHUSDT-fundingRate-2024-12.zip,93,2024-12-01T00:00:00+00:00,2024-12-31T16:00:00+00:00,11a0847e8aacb32eeb725611fda4fe6a8419c03eb0c16e14dfc3b9287e78ecc9,11a0847e8aacb32eeb725611fda4fe6a8419c03eb0c16e14dfc3b9287e78ecc9,837,2025-01-16T12:43:25.000Z,"""ba2f801e5af27aa486f35c125d7d93f4""",2026-08-21T06:06:31.323146+00:00,PASS,
fundingRate,um,ETHUSDT,event,2025-01,https://data.binance.vision/data/futures/um/monthly/fundingRate/ETHUSDT/ETHUSDT-fundingRate-2025-01.zip,93,2025-01-01T00:00:00.015000+00:00,2025-01-31T16:00:00+00:00,88c95b99d2784a7baac529fe578563d7e05038a1b8a498b2f59bf81b216fee20,88c95b99d2784a7baac529fe578563d7e05038a1b8a498b2f59bf81b216fee20,768,2025-02-16T12:52:38.000Z,"""12095cff98c7ce97d27b5a5aadc2ed2e""",2026-08-21T06:06:31.261721+00:00,PASS,
fundingRate,um,ETHUSDT,event,2025-02,https://data.binance.vision/data/futures/um/monthly/fundingRate/ETHUSDT/ETHUSDT-fundingRate-2025-02.zip,84,2025-02-01T00:00:00+00:00,2025-02-28T16:00:00+00:00,9e116dd6754484a19ecc41ced40b8dfa7f62c33d41cdc3317336b1e1f043767f,9e116dd6754484a19ecc41ced40b8dfa7f62c33d41cdc3317336b1e1f043767f,868,2025-03-16T13:03:19.000Z,"""02c01d5639542550179985b3a052526c""",2026-08-21T06:06:31.426934+00:00,PASS,
fundingRate,um,ETHUSDT,event,2025-03,https://data.binance.vision/data/futures/um/monthly/fundingRate/ETHUSDT/ETHUSDT-fundingRate-2025-03.zip,93,2025-03-01T00:00:00+00:00,2025-03-31T16:00:00+00:00,62464a8bfb7ba515628acb76d3e2172d33b88805faa2e701a22537c51a17d139,62464a8bfb7ba515628acb76d3e2172d33b88805faa2e701a22537c51a17d139,934,2025-04-17T12:53:38.000Z,"""b0fe6d3b327f102635dbf1abf6e5fe09""",2026-08-21T06:06:31.506265+00:00,PASS,
fundingRate,um,ETHUSDT,event,2025-04,https://data.binance.vision/data/futures/um/monthly/fundingRate/ETHUSDT/ETHUSDT-fundingRate-2025-04.zip,90,2025-04-01T00:00:00+00:00,2025-04-30T16:00:00.003000+00:00,7db62cb5e9f32397dacabb3d571b96397024bda3810bde0799c90f61cb773679,7db62cb5e9f32397dacabb3d571b96397024bda3810bde0799c90f61cb773679,940,2025-05-16T12:59:27.000Z,"""1d644a11d8853e0f22db998a0b2cc9e4""",2026-08-21T06:06:31.601392+00:00,PASS,
fundingRate,um,ETHUSDT,event,2025-05,https://data.binance.vision/data/futures/um/monthly/fundingRate/ETHUSDT/ETHUSDT-fundingRate-2025-05.zip,93,2025-05-01T00:00:00+00:00,2025-05-31T16:00:00+00:00,996aff38f046b50510301532ac5cbdca115afca971c49cb548f50e5d70e18d99,996aff38f046b50510301532ac5cbdca115afca971c49cb548f50e5d70e18d99,919,2025-06-16T13:08:35.000Z,"""79c7aa0dc043b86fd9e7f4041e211d3e""",2026-08-21T06:06:31.681992+00:00,PASS,
fundingRate,um,ETHUSDT,event,2025-06,https://data.binance.vision/data/futures/um/monthly/fundingRate/ETHUSDT/ETHUSDT-fundingRate-2025-06.zip,90,2025-06-01T00:00:00.001000+00:00,2025-06-30T16:00:00.002000+00:00,ae7ca242249ca3df06d1222a0c264fe83b18c4b2c19fe656e864f7d081d5e198,ae7ca242249ca3df06d1222a0c264fe83b18c4b2c19fe656e864f7d081d5e198,928,2025-07-16T13:17:26.000Z,"""cca5c587b9cbfdf33b8553941de9619d""",2026-08-21T06:06:31.770979+00:00,PASS,
fundingRate,um,ETHUSDT,event,2025-07,https://data.binance.vision/data/futures/um/monthly/fundingRate/ETHUSDT/ETHUSDT-fundingRate-2025-07.zip,93,2025-07-01T00:00:00.007000+00:00,2025-07-31T16:00:00+00:00,5f2d840c5669ca946529c33f6df32433c5d0cd973eb4adfd40459270c460e7f8,5f2d840c5669ca946529c33f6df32433c5d0cd973eb4adfd40459270c460e7f8,854,2025-08-01T07:47:27.000Z,"""3de9c93d6f6a4f41ae31edf4a182eacc""",2026-08-21T06:06:31.869311+00:00,PASS,
fundingRate,um,ETHUSDT,event,2025-08,https://data.binance.vision/data/futures/um/monthly/fundingRate/ETHUSDT/ETHUSDT-fundingRate-2025-08.zip,93,2025-08-01T00:00:00.001000+00:00,2025-08-31T16:00:00.001000+00:00,c3fca21c71afb4962e89f8e3d84afe5832019ed8f570ee7c7c299f2436a28b62,c3fca21c71afb4962e89f8e3d84afe5832019ed8f570ee7c7c299f2436a28b62,922,2025-09-01T07:48:11.000Z,"""35ba672c634b9fbbdfd4b5e74f9a4ad9""",2026-08-21T06:06:31.948002+00:00,PASS,
fundingRate,um,ETHUSDT,event,2025-09,https://data.binance.vision/data/futures/um/monthly/fundingRate/ETHUSDT/ETHUSDT-fundingRate-2025-09.zip,90,2025-09-01T00:00:00+00:00,2025-09-30T16:00:00+00:00,2fa09df245aadc73cf43f837a72c3009fcd7d10c8c4e3db48b2d1021c331841a,2fa09df245aadc73cf43f837a72c3009fcd7d10c8c4e3db48b2d1021c331841a,934,2025-10-01T07:43:23.000Z,"""35de699244e6072fc07f6dbc52f75c72""",2026-08-21T06:06:32.064821+00:00,PASS,
fundingRate,um,ETHUSDT,event,2025-10,https://data.binance.vision/data/futures/um/monthly/fundingRate/ETHUSDT/ETHUSDT-fundingRate-2025-10.zip,93,2025-10-01T00:00:00+00:00,2025-10-31T16:00:00.007000+00:00,1ae86c5fb1f15d8792906b746cc7598ebe7e6e7194b74501db79c874e37d7e14,1ae86c5fb1f15d8792906b746cc7598ebe7e6e7194b74501db79c874e37d7e14,953,2025-11-01T09:42:53.000Z,"""be77b01b1888ba416dc78746bd619c5b""",2026-08-21T06:06:32.159422+00:00,PASS,
fundingRate,um,ETHUSDT,event,2025-11,https://data.binance.vision/data/futures/um/monthly/fundingRate/ETHUSDT/ETHUSDT-fundingRate-2025-11.zip,90,2025-11-01T00:00:00.001000+00:00,2025-11-30T16:00:00.004000+00:00,a3a8abb219373ec1e02e8d1a47015665d180d6130cfe1df71d2fa8fc9de59e59,a3a8abb219373ec1e02e8d1a47015665d180d6130cfe1df71d2fa8fc9de59e59,956,2025-12-01T08:20:50.000Z,"""4baec07962084d40311001d4888fff5b""",2026-08-21T06:06:32.244268+00:00,PASS,
fundingRate,um,ETHUSDT,event,2025-12,https://data.binance.vision/data/futures/um/monthly/fundingRate/ETHUSDT/ETHUSDT-fundingRate-2025-12.zip,93,2025-12-01T00:00:00+00:00,2025-12-31T16:00:00.001000+00:00,ef9e84f53a5fa07702958c8700077c8be0a90ec8b3e25110f5611109c3c0090c,ef9e84f53a5fa07702958c8700077c8be0a90ec8b3e25110f5611109c3c0090c,985,2026-01-01T08:04:01.000Z,"""d56775cfe844ebf3dbcc3d23c0365b80""",2026-08-21T06:06:32.349630+00:00,PASS,
fundingRate,um,ETHUSDT,event,2026-01,https://data.binance.vision/data/futures/um/monthly/fundingRate/ETHUSDT/ETHUSDT-fundingRate-2026-01.zip,93,2026-01-01T00:00:00.008000+00:00,2026-01-31T16:00:00.009000+00:00,830cf7797ea6ecdc554ac2d9047a141df1a6a544f4ea58e7028227930462b139,830cf7797ea6ecdc554ac2d9047a141df1a6a544f4ea58e7028227930462b139,979,2026-02-01T07:59:30.000Z,"""91ee194ed35b6b68b84e07c27dc96a66""",2026-08-21T06:06:32.411653+00:00,PASS,
fundingRate,um,ETHUSDT,event,2026-02,https://data.binance.vision/data/futures/um/monthly/fundingRate/ETHUSDT/ETHUSDT-fundingRate-2026-02.zip,84,2026-02-01T00:00:00.001000+00:00,2026-02-28T16:00:00.004000+00:00,e445f00c81a7fa8361d99b3660f24b4f58e5d952fe301d70bbc72c319bc01a77,e445f00c81a7fa8361d99b3660f24b4f58e5d952fe301d70bbc72c319bc01a77,939,2026-03-01T08:10:27.000Z,"""e022d6f717fd3d6e7bc7cc803e31b827""",2026-08-21T06:06:32.590648+00:00,PASS,
fundingRate,um,ETHUSDT,event,2026-03,https://data.binance.vision/data/futures/um/monthly/fundingRate/ETHUSDT/ETHUSDT-fundingRate-2026-03.zip,93,2026-03-01T00:00:00.005000+00:00,2026-03-31T16:00:00+00:00,9f5625846c503a1e94fcdecd2deb37dc8852e341add353fa48c2b9a0cc70df6a,9f5625846c503a1e94fcdecd2deb37dc8852e341add353fa48c2b9a0cc70df6a,1002,2026-04-01T08:06:35.000Z,"""f986e86f69c425b3f1f440877291400e""",2026-08-21T06:06:32.600647+00:00,PASS,
fundingRate,um,ETHUSDT,event,2026-04,https://data.binance.vision/data/futures/um/monthly/fundingRate/ETHUSDT/ETHUSDT-fundingRate-2026-04.zip,90,2026-04-01T00:00:00+00:00,2026-04-30T16:00:00+00:00,86160f455478a8b262d96d1516f583355e6e0cec7beeb5784e69dda76f599e98,86160f455478a8b262d96d1516f583355e6e0cec7beeb5784e69dda76f599e98,963,2026-05-01T08:16:05.000Z,"""692f4a5298cc67b7f58306297e5a0480""",2026-08-21T06:06:32.770121+00:00,PASS,
fundingRate,um,ETHUSDT,event,2026-05,https://data.binance.vision/data/futures/um/monthly/fundingRate/ETHUSDT/ETHUSDT-fundingRate-2026-05.zip,93,2026-05-01T00:00:00+00:00,2026-05-31T16:00:00.004000+00:00,ff926ad3fc48493c26c85af16620b19c695cc1854faa1e7f0ea2ab9fdafc2084,ff926ad3fc48493c26c85af16620b19c695cc1854faa1e7f0ea2ab9fdafc2084,980,2026-06-01T08:47:57.000Z,"""fc38a6ef6c4973e9c48d74319bad14cd""",2026-08-21T06:06:32.781120+00:00,PASS,
fundingRate,um,ETHUSDT,event,2026-06,https://data.binance.vision/data/futures/um/monthly/fundingRate/ETHUSDT/ETHUSDT-fundingRate-2026-06.zip,90,2026-06-01T00:00:00.001000+00:00,2026-06-30T16:00:00.005000+00:00,cc6fb028a811bc423b711f6b89de067bf92a2eda61303e1ce0b219b5d3210e47,cc6fb028a811bc423b711f6b89de067bf92a2eda61303e1ce0b219b5d3210e47,967,2026-07-01T09:42:06.000Z,"""1f4211140ecc1f990397fa0e6698388f""",2026-08-21T06:06:32.952697+00:00,PASS,
fundingRate,um,ETHUSDT,event,2026-07,https://data.binance.vision/data/futures/um/monthly/fundingRate/ETHUSDT/ETHUSDT-fundingRate-2026-07.zip,93,2026-07-01T00:00:00+00:00,2026-07-31T16:00:00+00:00,ece7f6c64d0e45fbd64929dec40bae525fe365381046e367de5ca0827bc623d3,ece7f6c64d0e45fbd64929dec40bae525fe365381046e367de5ca0827bc623d3,941,2026-08-01T08:09:07.000Z,"""0a8a9e3d0f514dbc2af655bbf820044d""",2026-08-21T06:06:32.968060+00:00,PASS,
premiumIndexKlines,um,BTCUSDT,15m,2020-01,https://data.binance.vision/data/futures/um/monthly/premiumIndexKlines/BTCUSDT/15m/BTCUSDT-15m-2020-01.zip,2975,2020-01-01T00:00:00+00:00,2020-01-31T23:45:00+00:00,32e1f109d9e20e0daa284697c42e8d66f085bb79f328574eb209d6673012281c,32e1f109d9e20e0daa284697c42e8d66f085bb79f328574eb209d6673012281c,63169,2021-03-29T13:44:52.000Z,"""509384050a648b0f15c1127a41b6adc1""",2026-08-21T06:06:33.245579+00:00,PASS,MISSING_INTERVAL
premiumIndexKlines,um,BTCUSDT,15m,2020-02,https://data.binance.vision/data/futures/um/monthly/premiumIndexKlines/BTCUSDT/15m/BTCUSDT-15m-2020-02.zip,2784,2020-02-01T00:00:00+00:00,2020-02-29T23:45:00+00:00,cee174f703267ac549edf25eda2960aa31334a08d5c4eda29d53940f5f6789df,cee174f703267ac549edf25eda2960aa31334a08d5c4eda29d53940f5f6789df,60533,2021-03-30T09:30:48.000Z,"""ab3d6a07c83d412808295e4fbbb0c964""",2026-08-21T06:06:33.317813+00:00,PASS,
premiumIndexKlines,um,BTCUSDT,15m,2020-03,https://data.binance.vision/data/futures/um/monthly/premiumIndexKlines/BTCUSDT/15m/BTCUSDT-15m-2020-03.zip,2976,2020-03-01T00:00:00+00:00,2020-03-31T23:45:00+00:00,452ef27408504eb1f3427c95483a02e368f06a2986e7b9dd8fdf416eb9bd795c,452ef27408504eb1f3427c95483a02e368f06a2986e7b9dd8fdf416eb9bd795c,65338,2021-06-28T06:09:19.000Z,"""f8d224534a567dbc4646d5e8814060ce""",2026-08-21T06:06:33.555125+00:00,PASS,
premiumIndexKlines,um,BTCUSDT,15m,2020-04,https://data.binance.vision/data/futures/um/monthly/premiumIndexKlines/BTCUSDT/15m/BTCUSDT-15m-2020-04.zip,2880,2020-04-01T00:00:00+00:00,2020-04-30T23:45:00+00:00,867c703d22bbbe8eac827e00f6e584217563f12d7bd83c7dd8445665cc10fafd,867c703d22bbbe8eac827e00f6e584217563f12d7bd83c7dd8445665cc10fafd,62170,2021-06-28T06:59:40.000Z,"""85b5bf8b3779101a1b7868483256f25c""",2026-08-21T06:06:33.588121+00:00,PASS,
premiumIndexKlines,um,BTCUSDT,15m,2020-05,https://data.binance.vision/data/futures/um/monthly/premiumIndexKlines/BTCUSDT/15m/BTCUSDT-15m-2020-05.zip,2976,2020-05-01T00:00:00+00:00,2020-05-31T23:45:00+00:00,e57a2ddbbe30b4b1a294d0d9ff9eb7684558cb69d1ca5dae95c66441fd9f208b,e57a2ddbbe30b4b1a294d0d9ff9eb7684558cb69d1ca5dae95c66441fd9f208b,64004,2021-06-28T08:39:30.000Z,"""9debb79ceb49bd088ec3ec15b9b71a95""",2026-08-21T06:06:33.804256+00:00,PASS,
premiumIndexKlines,um,BTCUSDT,15m,2020-06,https://data.binance.vision/data/futures/um/monthly/premiumIndexKlines/BTCUSDT/15m/BTCUSDT-15m-2020-06.zip,2880,2020-06-01T00:00:00+00:00,2020-06-30T23:45:00+00:00,c38e5e2cfcdccf5eace6f4e1e8c9c02fe6667bdbb80e3d60410aba83d0dc9734,c38e5e2cfcdccf5eace6f4e1e8c9c02fe6667bdbb80e3d60410aba83d0dc9734,61511,2021-06-28T10:10:46.000Z,"""0275140c5c2f3aac0fb5439bff36b070""",2026-08-21T06:06:33.936644+00:00,PASS,
premiumIndexKlines,um,BTCUSDT,15m,2020-07,https://data.binance.vision/data/futures/um/monthly/premiumIndexKlines/BTCUSDT/15m/BTCUSDT-15m-2020-07.zip,2976,2020-07-01T00:00:00+00:00,2020-07-31T23:45:00+00:00,ab04ad80f3feb9355eeba9fc93fe993085f8e3a204725d9e153bcb02021f3e69,ab04ad80f3feb9355eeba9fc93fe993085f8e3a204725d9e153bcb02021f3e69,62728,2021-06-28T11:37:58.000Z,"""14ccbc0a8d2df3666390f42883f97cea""",2026-08-21T06:06:34.074641+00:00,PASS,
premiumIndexKlines,um,BTCUSDT,15m,2020-08,https://data.binance.vision/data/futures/um/monthly/premiumIndexKlines/BTCUSDT/15m/BTCUSDT-15m-2020-08.zip,2976,2020-08-01T00:00:00+00:00,2020-08-31T23:45:00+00:00,af9625f15cab452047960edb9d4f3e8e0e6097ade3fc150b9f06e7e7ddc0c05a,af9625f15cab452047960edb9d4f3e8e0e6097ade3fc150b9f06e7e7ddc0c05a,63425,2021-06-28T14:27:11.000Z,"""4403afad37e60317f00dfe1647cf6d53""",2026-08-21T06:06:34.195316+00:00,PASS,
premiumIndexKlines,um,BTCUSDT,15m,2020-09,https://data.binance.vision/data/futures/um/monthly/premiumIndexKlines/BTCUSDT/15m/BTCUSDT-15m-2020-09.zip,2880,2020-09-01T00:00:00+00:00,2020-09-30T23:45:00+00:00,34c07fbb43d187bab1cf2d8c162fc8dbe3e7dea1b2700d88c5209a484454a579,34c07fbb43d187bab1cf2d8c162fc8dbe3e7dea1b2700d88c5209a484454a579,60825,2021-06-28T16:20:37.000Z,"""ff247a89a5e832116c21445b9731dc85""",2026-08-21T06:06:34.428654+00:00,PASS,
premiumIndexKlines,um,BTCUSDT,15m,2020-10,https://data.binance.vision/data/futures/um/monthly/premiumIndexKlines/BTCUSDT/15m/BTCUSDT-15m-2020-10.zip,2976,2020-10-01T00:00:00+00:00,2020-10-31T23:45:00+00:00,12710e9c02b66acce208bf96eb33558a518d06259a46d81377c43f6d62585033,12710e9c02b66acce208bf96eb33558a518d06259a46d81377c43f6d62585033,62676,2021-06-28T18:23:08.000Z,"""8dd3f8d5679f1f2e0e69e945c716515c""",2026-08-21T06:06:34.507848+00:00,PASS,
premiumIndexKlines,um,BTCUSDT,15m,2020-11,https://data.binance.vision/data/futures/um/monthly/premiumIndexKlines/BTCUSDT/15m/BTCUSDT-15m-2020-11.zip,2880,2020-11-01T00:00:00+00:00,2020-11-30T23:45:00+00:00,5ad072a0e5d9f2d846663d75355184e9257f80d1f3702fbe519950554a6ed95f,5ad072a0e5d9f2d846663d75355184e9257f80d1f3702fbe519950554a6ed95f,64013,2021-06-28T21:04:29.000Z,"""004ae855de4fb7f42220a579927a2367""",2026-08-21T06:06:34.700809+00:00,PASS,
premiumIndexKlines,um,BTCUSDT,15m,2020-12,https://data.binance.vision/data/futures/um/monthly/premiumIndexKlines/BTCUSDT/15m/BTCUSDT-15m-2020-12.zip,2971,2020-12-01T00:00:00+00:00,2020-12-31T23:45:00+00:00,920ba7cffac4b3b78bd85feed8c1ca8e8225dbfb088b4292d8465360507fdd52,920ba7cffac4b3b78bd85feed8c1ca8e8225dbfb088b4292d8465360507fdd52,65647,2021-06-28T23:56:33.000Z,"""c655bbccfd0e055779838441732bd4d9""",2026-08-21T06:06:34.859310+00:00,PASS,MISSING_INTERVAL
premiumIndexKlines,um,BTCUSDT,15m,2021-01,https://data.binance.vision/data/futures/um/monthly/premiumIndexKlines/BTCUSDT/15m/BTCUSDT-15m-2021-01.zip,2976,2021-01-01T00:00:00+00:00,2021-01-31T23:45:00+00:00,adeb8950f1aa411b13847cd4605ba21fafb305ac9042b83de557b3be6a4edef7,adeb8950f1aa411b13847cd4605ba21fafb305ac9042b83de557b3be6a4edef7,67597,2021-06-29T02:40:07.000Z,"""22b73a21b32f66b285d06e490b553456""",2026-08-21T06:06:35.023103+00:00,PASS,
premiumIndexKlines,um,BTCUSDT,15m,2021-02,https://data.binance.vision/data/futures/um/monthly/premiumIndexKlines/BTCUSDT/15m/BTCUSDT-15m-2021-02.zip,2688,2021-02-01T00:00:00+00:00,2021-02-28T23:45:00+00:00,77ed8afd4cb76b27b713010b68c99489c06f7691aa474445cc8e76e3f2a3d802,77ed8afd4cb76b27b713010b68c99489c06f7691aa474445cc8e76e3f2a3d802,60652,2021-04-08T04:01:55.000Z,"""9f881f643aae42cffb40f9829c764896""",2026-08-21T06:06:35.183019+00:00,PASS,
premiumIndexKlines,um,BTCUSDT,15m,2021-03,https://data.binance.vision/data/futures/um/monthly/premiumIndexKlines/BTCUSDT/15m/BTCUSDT-15m-2021-03.zip,2976,2021-03-01T00:00:00+00:00,2021-03-31T23:45:00+00:00,b8eb1184f6c29c8c77b5cee474d9cecd24f7c7870db2751834162925b0d0627c,b8eb1184f6c29c8c77b5cee474d9cecd24f7c7870db2751834162925b0d0627c,66182,2021-05-01T07:01:44.000Z,"""9cc4d2eb181768ca7b7cb4de6d3dc0f2""",2026-08-21T06:06:35.331367+00:00,PASS,
premiumIndexKlines,um,BTCUSDT,15m,2021-04,https://data.binance.vision/data/futures/um/monthly/premiumIndexKlines/BTCUSDT/15m/BTCUSDT-15m-2021-04.zip,2880,2021-04-01T00:00:00+00:00,2021-04-30T23:45:00+00:00,ec37332629ceba04159a6b5f0950247364f613fe4748cf9b8898cd7faea6111f,ec37332629ceba04159a6b5f0950247364f613fe4748cf9b8898cd7faea6111f,64079,2021-05-01T14:09:58.000Z,"""e0164fe2591816ce7735799da0c3a2bf""",2026-08-21T06:06:35.418546+00:00,PASS,
premiumIndexKlines,um,BTCUSDT,15m,2021-05,https://data.binance.vision/data/futures/um/monthly/premiumIndexKlines/BTCUSDT/15m/BTCUSDT-15m-2021-05.zip,2976,2021-05-01T00:00:00+00:00,2021-05-31T23:45:00+00:00,8285225c0e4c079ef90199d3fdd858ec3a2be7eed84238525ef3ef847327372b,8285225c0e4c079ef90199d3fdd858ec3a2be7eed84238525ef3ef847327372b,66934,2021-06-17T18:29:24.000Z,"""766f6b807b3c21458256d8e7c372269f""",2026-08-21T06:06:35.630497+00:00,PASS,
premiumIndexKlines,um,BTCUSDT,15m,2021-06,https://data.binance.vision/data/futures/um/monthly/premiumIndexKlines/BTCUSDT/15m/BTCUSDT-15m-2021-06.zip,2880,2021-06-01T00:00:00+00:00,2021-06-30T23:45:00+00:00,31a091de7fa09bbfa547c3fc36ced0645c736bd7a7d192498accdda9aedb1291,31a091de7fa09bbfa547c3fc36ced0645c736bd7a7d192498accdda9aedb1291,64271,2021-09-12T08:07:08.000Z,"""6abe29a053076d0535a0b1a805e0928a""",2026-08-21T06:06:35.664417+00:00,PASS,
premiumIndexKlines,um,BTCUSDT,15m,2021-07,https://data.binance.vision/data/futures/um/monthly/premiumIndexKlines/BTCUSDT/15m/BTCUSDT-15m-2021-07.zip,2496,2021-07-02T00:00:00+00:00,2021-07-31T23:45:00+00:00,e0aff8467582d31c98bee543e92f7692c7d78a26d49d00317ae597063029a5cd,e0aff8467582d31c98bee543e92f7692c7d78a26d49d00317ae597063029a5cd,55024,2021-08-01T12:22:29.000Z,"""a2d1dfd599ec25149d64299d7c3cdffd""",2026-08-21T06:06:35.932598+00:00,PASS,MISSING_INTERVAL
premiumIndexKlines,um,BTCUSDT,15m,2021-08,https://data.binance.vision/data/futures/um/monthly/premiumIndexKlines/BTCUSDT/15m/BTCUSDT-15m-2021-08.zip,2976,2021-08-01T00:00:00+00:00,2021-08-31T23:45:00+00:00,c46f8e67a029818e7bfe5dc66ae6f5ad0d38e5e31b847e8875e335812da6cc05,c46f8e67a029818e7bfe5dc66ae6f5ad0d38e5e31b847e8875e335812da6cc05,65808,2021-09-02T13:48:26.000Z,"""f3e12b43afd7738c03994937a24def47""",2026-08-21T06:06:35.964600+00:00,PASS,
premiumIndexKlines,um,BTCUSDT,15m,2021-09,https://data.binance.vision/data/futures/um/monthly/premiumIndexKlines/BTCUSDT/15m/BTCUSDT-15m-2021-09.zip,2880,2021-09-01T00:00:00+00:00,2021-09-30T23:45:00+00:00,f5464360f9983d1c9b192c4c2bfc2fb2fc82a9104820918244a701e3475747bc,f5464360f9983d1c9b192c4c2bfc2fb2fc82a9104820918244a701e3475747bc,63574,2021-10-01T13:13:26.000Z,"""92fd54a627ca7ea7f85c1aa55d54b9fa""",2026-08-21T06:06:36.233343+00:00,PASS,
premiumIndexKlines,um,BTCUSDT,15m,2021-10,https://data.binance.vision/data/futures/um/monthly/premiumIndexKlines/BTCUSDT/15m/BTCUSDT-15m-2021-10.zip,2976,2021-10-01T00:00:00+00:00,2021-10-31T23:45:00+00:00,1148f99649d3dd14344f9dc821bd154d87f85e9d9ae9514215ed321f4998f53b,1148f99649d3dd14344f9dc821bd154d87f85e9d9ae9514215ed321f4998f53b,65864,2021-11-01T14:47:18.000Z,"""323d1972365da018509407faaa598dae""",2026-08-21T06:06:36.236342+00:00,PASS,
premiumIndexKlines,um,BTCUSDT,15m,2021-11,https://data.binance.vision/data/futures/um/monthly/premiumIndexKlines/BTCUSDT/15m/BTCUSDT-15m-2021-11.zip,2880,2021-11-01T00:00:00+00:00,2021-11-30T23:45:00+00:00,ac08081676036fd2a472d0183766323f6911d4abad817cc7b0ef653c96fe904e,ac08081676036fd2a472d0183766323f6911d4abad817cc7b0ef653c96fe904e,63446,2021-12-01T13:39:08.000Z,"""e3c17832a5a2cbf6cebb7043fdc51736""",2026-08-21T06:06:36.543585+00:00,PASS,
premiumIndexKlines,um,BTCUSDT,15m,2021-12,https://data.binance.vision/data/futures/um/monthly/premiumIndexKlines/BTCUSDT/15m/BTCUSDT-15m-2021-12.zip,2976,2021-12-01T00:00:00+00:00,2021-12-31T23:45:00+00:00,8ee6356a28af73f8c807bbbe47869e9d143c8e1e69b5c23d4b2a32edfc88d5ec,8ee6356a28af73f8c807bbbe47869e9d143c8e1e69b5c23d4b2a32edfc88d5ec,65383,2022-01-07T13:05:32.000Z,"""a763dc4a81642af8310804fbd64251b1""",2026-08-21T06:06:36.510669+00:00,PASS,
premiumIndexKlines,um,BTCUSDT,15m,2022-01,https://data.binance.vision/data/futures/um/monthly/premiumIndexKlines/BTCUSDT/15m/BTCUSDT-15m-2022-01.zip,2976,2022-01-01T00:00:00+00:00,2022-01-31T23:45:00+00:00,1b356221e65b14b7a68aedbc7ca924b9e9f965e345caa6719f88f3de336d9bb7,1b356221e65b14b7a68aedbc7ca924b9e9f965e345caa6719f88f3de336d9bb7,65713,2022-02-01T14:59:00.000Z,"""948132a3a72c1bbdd80cd740dcc989cd""",2026-08-21T06:06:36.836576+00:00,PASS,
premiumIndexKlines,um,BTCUSDT,15m,2022-02,https://data.binance.vision/data/futures/um/monthly/premiumIndexKlines/BTCUSDT/15m/BTCUSDT-15m-2022-02.zip,2688,2022-02-01T00:00:00+00:00,2022-02-28T23:45:00+00:00,656e0bf8d65d05120204875d53662620fea418037e6afda3797af090368728a3,656e0bf8d65d05120204875d53662620fea418037e6afda3797af090368728a3,59311,2023-06-13T17:16:59.000Z,"""7b83dcfb576b9b83e3e4916b4f3a9237""",2026-08-21T06:06:36.830575+00:00,PASS,
premiumIndexKlines,um,BTCUSDT,15m,2022-03,https://data.binance.vision/data/futures/um/monthly/premiumIndexKlines/BTCUSDT/15m/BTCUSDT-15m-2022-03.zip,2976,2022-03-01T00:00:00+00:00,2022-03-31T23:45:00+00:00,5c64c46cb6329fbd9a7390a8a82e896b9c57cb2ef26686b96fa5aed916121314,5c64c46cb6329fbd9a7390a8a82e896b9c57cb2ef26686b96fa5aed916121314,65353,2022-04-01T18:52:14.000Z,"""5e29ab13f3eb95c4fd019f046083a36a""",2026-08-21T06:06:37.174396+00:00,PASS,
premiumIndexKlines,um,BTCUSDT,15m,2022-04,https://data.binance.vision/data/futures/um/monthly/premiumIndexKlines/BTCUSDT/15m/BTCUSDT-15m-2022-04.zip,2880,2022-04-01T00:00:00+00:00,2022-04-30T23:45:00+00:00,36bc58c000acdbb65fe4e8e2b632e898fbeb7d2f561cb3072cb890e608077980,36bc58c000acdbb65fe4e8e2b632e898fbeb7d2f561cb3072cb890e608077980,63244,2023-06-06T11:29:25.000Z,"""4043395570513497d3cf25f1bf60dc77""",2026-08-21T06:06:37.203906+00:00,PASS,
premiumIndexKlines,um,BTCUSDT,15m,2022-05,https://data.binance.vision/data/futures/um/monthly/premiumIndexKlines/BTCUSDT/15m/BTCUSDT-15m-2022-05.zip,2976,2022-05-01T00:00:00+00:00,2022-05-31T23:45:00+00:00,39ce72bb28ec1c01924034ce491b192798456ecb04dda6b54e5d33b369fe283d,39ce72bb28ec1c01924034ce491b192798456ecb04dda6b54e5d33b369fe283d,65734,2022-06-18T17:35:29.000Z,"""3212b57a51e694514106afb84e928f42""",2026-08-21T06:06:37.469942+00:00,PASS,
premiumIndexKlines,um,BTCUSDT,15m,2022-06,https://data.binance.vision/data/futures/um/monthly/premiumIndexKlines/BTCUSDT/15m/BTCUSDT-15m-2022-06.zip,2880,2022-06-01T00:00:00+00:00,2022-06-30T23:45:00+00:00,e7d13a87f04924053ac5891d854d96bea3022b176b3a72580d30e20f8cdd2db2,e7d13a87f04924053ac5891d854d96bea3022b176b3a72580d30e20f8cdd2db2,63905,2023-06-07T19:42:38.000Z,"""aef0a5ed1a083c1030a0ee8ced0aa383""",2026-08-21T06:06:37.573771+00:00,PASS,
premiumIndexKlines,um,BTCUSDT,15m,2022-07,https://data.binance.vision/data/futures/um/monthly/premiumIndexKlines/BTCUSDT/15m/BTCUSDT-15m-2022-07.zip,2974,2022-07-01T00:00:00+00:00,2022-07-31T23:45:00+00:00,b1e2b0540cfe7b35165492ef749bc906a9afd919fe5e83383d82fc38525a5689,b1e2b0540cfe7b35165492ef749bc906a9afd919fe5e83383d82fc38525a5689,65741,2023-06-08T14:06:13.000Z,"""8c64b9da2259d252585747a76b8f721c""",2026-08-21T06:06:37.809961+00:00,PASS,MISSING_INTERVAL
premiumIndexKlines,um,BTCUSDT,15m,2022-08,https://data.binance.vision/data/futures/um/monthly/premiumIndexKlines/BTCUSDT/15m/BTCUSDT-15m-2022-08.zip,2976,2022-08-01T00:00:00+00:00,2022-08-31T23:45:00+00:00,38b649896c369e9a9f3f0522b44147700ecdf6943450177371b0656424db353f,38b649896c369e9a9f3f0522b44147700ecdf6943450177371b0656424db353f,65139,2023-06-08T23:55:43.000Z,"""494eb8dbbcf8f24325372d44e9dd38cd""",2026-08-21T06:06:37.920729+00:00,PASS,
premiumIndexKlines,um,BTCUSDT,15m,2022-09,https://data.binance.vision/data/futures/um/monthly/premiumIndexKlines/BTCUSDT/15m/BTCUSDT-15m-2022-09.zip,2880,2022-09-01T00:00:00+00:00,2022-09-30T23:45:00+00:00,e4ee86aa6423e350f3451fd89158ddc33f571536bb16eff8d1b3f1401ea97f19,e4ee86aa6423e350f3451fd89158ddc33f571536bb16eff8d1b3f1401ea97f19,63275,2022-10-26T13:44:37.000Z,"""a8b4fd0139d2c7b55da8ab2d57962cd0""",2026-08-21T06:06:38.303878+00:00,PASS,
premiumIndexKlines,um,BTCUSDT,15m,2022-10,https://data.binance.vision/data/futures/um/monthly/premiumIndexKlines/BTCUSDT/15m/BTCUSDT-15m-2022-10.zip,2880,2022-10-01T00:00:00+00:00,2022-10-31T23:45:00+00:00,4b7ff1bae01f92c186eef48a70661396581d0fc10819e0b63f4d53c117705799,4b7ff1bae01f92c186eef48a70661396581d0fc10819e0b63f4d53c117705799,62387,2022-11-17T19:10:15.000Z,"""fd4934f73f24f05aa56a60e06c3f6541""",2026-08-21T06:06:38.235172+00:00,PASS,MISSING_INTERVAL
premiumIndexKlines,um,BTCUSDT,15m,2022-11,https://data.binance.vision/data/futures/um/monthly/premiumIndexKlines/BTCUSDT/15m/BTCUSDT-15m-2022-11.zip,2880,2022-11-01T00:00:00+00:00,2022-11-30T23:45:00+00:00,4d886b102a2cab46ab0ddb4d11a225eddb75dae5381847a296120fe168090400,4d886b102a2cab46ab0ddb4d11a225eddb75dae5381847a296120fe168090400,62977,2022-12-25T15:32:17.000Z,"""33c5b7ec71f2a2d8396b11ae1e48ff93""",2026-08-21T06:06:38.609318+00:00,PASS,
premiumIndexKlines,um,BTCUSDT,15m,2022-12,https://data.binance.vision/data/futures/um/monthly/premiumIndexKlines/BTCUSDT/15m/BTCUSDT-15m-2022-12.zip,2976,2022-12-01T00:00:00+00:00,2022-12-31T23:45:00+00:00,d07120680d527b9d7b86b02e7523e87e811d84703f6c34c673a4f67b79806957,d07120680d527b9d7b86b02e7523e87e811d84703f6c34c673a4f67b79806957,63544,2023-01-17T18:32:40.000Z,"""5d9b5fb7350f4f4862277095db2b465a""",2026-08-21T06:06:38.699010+00:00,PASS,
premiumIndexKlines,um,BTCUSDT,15m,2023-01,https://data.binance.vision/data/futures/um/monthly/premiumIndexKlines/BTCUSDT/15m/BTCUSDT-15m-2023-01.zip,2976,2023-01-01T00:00:00+00:00,2023-01-31T23:45:00+00:00,a5dac010e3e1b84926ba99e036d5d7283db5327d307ae06e37ffc955fdcc63bf,a5dac010e3e1b84926ba99e036d5d7283db5327d307ae06e37ffc955fdcc63bf,64597,2023-02-17T18:00:10.000Z,"""15c1bf9ede2a7b218235679e6e7c3d81""",2026-08-21T06:06:39.142673+00:00,PASS,
premiumIndexKlines,um,BTCUSDT,15m,2023-02,https://data.binance.vision/data/futures/um/monthly/premiumIndexKlines/BTCUSDT/15m/BTCUSDT-15m-2023-02.zip,2592,2023-02-01T00:00:00+00:00,2023-02-28T23:45:00+00:00,96253b85a067a65e9adeda9257daf38f5fc34a8ad747569e3920789aa9ddacd5,96253b85a067a65e9adeda9257daf38f5fc34a8ad747569e3920789aa9ddacd5,56522,2023-06-14T16:06:00.000Z,"""7b6cd19c8f3327f50ecfd0ef03cc10f2""",2026-08-21T06:06:39.149674+00:00,PASS,MISSING_INTERVAL
premiumIndexKlines,um,BTCUSDT,15m,2023-03,https://data.binance.vision/data/futures/um/monthly/premiumIndexKlines/BTCUSDT/15m/BTCUSDT-15m-2023-03.zip,2976,2023-03-01T00:00:00+00:00,2023-03-31T23:45:00+00:00,cd83439900aee956fecc85cf03840b65f5e7110afea36e3fb1d6234b1a0c05d7,cd83439900aee956fecc85cf03840b65f5e7110afea36e3fb1d6234b1a0c05d7,65776,2023-04-22T17:54:02.000Z,"""4b0d9048329a28f8758a44e75319b9fd""",2026-08-21T06:06:39.585182+00:00,PASS,
premiumIndexKlines,um,BTCUSDT,15m,2023-04,https://data.binance.vision/data/futures/um/monthly/premiumIndexKlines/BTCUSDT/15m/BTCUSDT-15m-2023-04.zip,2880,2023-04-01T00:00:00+00:00,2023-04-30T23:45:00+00:00,f967a66912c1761d8d500284eb5fac99bb808f47cf68634096cc2b153dc5488a,f967a66912c1761d8d500284eb5fac99bb808f47cf68634096cc2b153dc5488a,62619,2023-05-20T19:47:36.000Z,"""ff881fbc7764e64f2b9ae9b50ab7a704""",2026-08-21T06:06:39.670878+00:00,PASS,
premiumIndexKlines,um,BTCUSDT,15m,2023-05,https://data.binance.vision/data/futures/um/monthly/premiumIndexKlines/BTCUSDT/15m/BTCUSDT-15m-2023-05.zip,2976,2023-05-01T00:00:00+00:00,2023-05-31T23:45:00+00:00,980f8c53f0cfdd7c25171d18f31b05e49ac6d3c33ae7db4ec7e742456da7ee54,980f8c53f0cfdd7c25171d18f31b05e49ac6d3c33ae7db4ec7e742456da7ee54,64699,2023-07-10T14:42:29.000Z,"""bbabf887fd0b3aef2ea43ed464fdcad5""",2026-08-21T06:06:39.938323+00:00,PASS,
premiumIndexKlines,um,BTCUSDT,15m,2023-06,https://data.binance.vision/data/futures/um/monthly/premiumIndexKlines/BTCUSDT/15m/BTCUSDT-15m-2023-06.zip,2880,2023-06-01T00:00:00+00:00,2023-06-30T23:45:00+00:00,dcf14e57f1205e3b61279c06760f93a88baf623f882d759c94e82b79e6bb4824,dcf14e57f1205e3b61279c06760f93a88baf623f882d759c94e82b79e6bb4824,62785,2023-07-01T23:54:15.000Z,"""0570f6fb68ef5c4acb3f987d9aed6b9c""",2026-08-21T06:06:40.041930+00:00,PASS,
premiumIndexKlines,um,BTCUSDT,15m,2023-07,https://data.binance.vision/data/futures/um/monthly/premiumIndexKlines/BTCUSDT/15m/BTCUSDT-15m-2023-07.zip,2976,2023-07-01T00:00:00+00:00,2023-07-31T23:45:00+00:00,cc5744c7e0d6d533692ee5648e76c45dbedcaa487c84c79633f9d26f43835184,cc5744c7e0d6d533692ee5648e76c45dbedcaa487c84c79633f9d26f43835184,63697,2023-11-18T13:50:40.000Z,"""1ceb5f027cfe7601bbb94aa910cbe96e""",2026-08-21T06:06:40.274553+00:00,PASS,
premiumIndexKlines,um,BTCUSDT,15m,2023-08,https://data.binance.vision/data/futures/um/monthly/premiumIndexKlines/BTCUSDT/15m/BTCUSDT-15m-2023-08.zip,2976,2023-08-01T00:00:00+00:00,2023-08-31T23:45:00+00:00,4896d309e15ffd88a9b256caa73edb547ac6f29613e84d4fd4c5715e32f4b2d7,4896d309e15ffd88a9b256caa73edb547ac6f29613e84d4fd4c5715e32f4b2d7,63625,2023-11-18T15:31:34.000Z,"""46b991b64a7a26ba4783b33bbdf0b0ae""",2026-08-21T06:06:40.362777+00:00,PASS,
premiumIndexKlines,um,BTCUSDT,15m,2023-09,https://data.binance.vision/data/futures/um/monthly/premiumIndexKlines/BTCUSDT/15m/BTCUSDT-15m-2023-09.zip,2880,2023-09-01T00:00:00+00:00,2023-09-30T23:45:00+00:00,881c4000a589a0f4ad517b7d13336f140a0b971b2c220586a5f6b136ecf4e3cd,881c4000a589a0f4ad517b7d13336f140a0b971b2c220586a5f6b136ecf4e3cd,61576,2023-11-18T17:45:39.000Z,"""0e0f2c4df3e23099e84c10a377be5c2d""",2026-08-21T06:06:40.629303+00:00,PASS,
premiumIndexKlines,um,BTCUSDT,15m,2023-10,https://data.binance.vision/data/futures/um/monthly/premiumIndexKlines/BTCUSDT/15m/BTCUSDT-15m-2023-10.zip,2976,2023-10-01T00:00:00+00:00,2023-10-31T23:45:00+00:00,a264138ffc55ea26bae344c5213ccc6ccb7fb3de6f30c90644ba136b9bcfd0ff,a264138ffc55ea26bae344c5213ccc6ccb7fb3de6f30c90644ba136b9bcfd0ff,64403,2023-11-18T19:02:13.000Z,"""19a2657bad3715222decf978431c0510""",2026-08-21T06:06:40.764840+00:00,PASS,
premiumIndexKlines,um,BTCUSDT,15m,2023-11,https://data.binance.vision/data/futures/um/monthly/premiumIndexKlines/BTCUSDT/15m/BTCUSDT-15m-2023-11.zip,2880,2023-11-01T00:00:00+00:00,2023-11-30T23:45:00+00:00,72e839c08fcfbef44ff70158689ead325cd40a14192cfc375ac3aa3b4c82a32b,72e839c08fcfbef44ff70158689ead325cd40a14192cfc375ac3aa3b4c82a32b,62853,2023-12-17T13:48:21.000Z,"""b782f95a49a80c1472951cb1d1a456bd""",2026-08-21T06:06:41.948350+00:00,PASS,
premiumIndexKlines,um,BTCUSDT,15m,2023-12,https://data.binance.vision/data/futures/um/monthly/premiumIndexKlines/BTCUSDT/15m/BTCUSDT-15m-2023-12.zip,2976,2023-12-01T00:00:00+00:00,2023-12-31T23:45:00+00:00,27f08a66166323a6f58236ed57cdeccb4762a51a9350c311e120307bb14281e7,27f08a66166323a6f58236ed57cdeccb4762a51a9350c311e120307bb14281e7,65146,2024-01-02T05:49:58.000Z,"""12b7e07d3ce3b7405742a4b6ce9a6c13""",2026-08-21T06:06:41.096304+00:00,PASS,
premiumIndexKlines,um,BTCUSDT,15m,2024-01,https://data.binance.vision/data/futures/um/monthly/premiumIndexKlines/BTCUSDT/15m/BTCUSDT-15m-2024-01.zip,2976,2024-01-01T00:00:00+00:00,2024-01-31T23:45:00+00:00,08c0080628dfa0a5d6b217eb6022c7d1335185d43f68af31a4bc298c03412276,08c0080628dfa0a5d6b217eb6022c7d1335185d43f68af31a4bc298c03412276,65379,2024-02-18T13:45:58.000Z,"""9ec12de4783aaefc85cbe1eedecb7a6e""",2026-08-21T06:06:42.499947+00:00,PASS,
premiumIndexKlines,um,BTCUSDT,15m,2024-02,https://data.binance.vision/data/futures/um/monthly/premiumIndexKlines/BTCUSDT/15m/BTCUSDT-15m-2024-02.zip,2784,2024-02-01T00:00:00+00:00,2024-02-29T23:45:00+00:00,954f16c76e82f3f90c84b8b15acefb1728cb4323f5730675ca634392cef25f22,954f16c76e82f3f90c84b8b15acefb1728cb4323f5730675ca634392cef25f22,60946,2024-03-17T15:28:42.000Z,"""5e29cbc5ac3cecf18e0aa0b7fb3dc9ab""",2026-08-21T06:06:42.243528+00:00,PASS,
premiumIndexKlines,um,BTCUSDT,15m,2024-03,https://data.binance.vision/data/futures/um/monthly/premiumIndexKlines/BTCUSDT/15m/BTCUSDT-15m-2024-03.zip,2976,2024-03-01T00:00:00+00:00,2024-03-31T23:45:00+00:00,1f836c8dd5f24b430c65c74d72bb78a40cf15c81bf2af5b67aa263a2c1557fb9,1f836c8dd5f24b430c65c74d72bb78a40cf15c81bf2af5b67aa263a2c1557fb9,66015,2024-04-17T19:05:47.000Z,"""be48d876de74b6504f649871d5aaeeb5""",2026-08-21T06:06:43.612265+00:00,PASS,
premiumIndexKlines,um,BTCUSDT,15m,2024-04,https://data.binance.vision/data/futures/um/monthly/premiumIndexKlines/BTCUSDT/15m/BTCUSDT-15m-2024-04.zip,2880,2024-04-01T00:00:00+00:00,2024-04-30T23:45:00+00:00,aa5a25bcccb3a8dd11eeaa08d9130b3f0bb4b2e5f1ef144d350af3a68f8e7f19,aa5a25bcccb3a8dd11eeaa08d9130b3f0bb4b2e5f1ef144d350af3a68f8e7f19,63564,2024-05-17T14:15:12.000Z,"""1d63b28c6464794e5ccd2d99a55fa379""",2026-08-21T06:06:42.813295+00:00,PASS,
premiumIndexKlines,um,BTCUSDT,15m,2024-05,https://data.binance.vision/data/futures/um/monthly/premiumIndexKlines/BTCUSDT/15m/BTCUSDT-15m-2024-05.zip,2976,2024-05-01T00:00:00+00:00,2024-05-31T23:45:00+00:00,f3187a720799efb356a569a424293559b92c78eeb422ee06fb48190029794edc,f3187a720799efb356a569a424293559b92c78eeb422ee06fb48190029794edc,64780,2024-06-17T13:46:48.000Z,"""a4f0b746fd9a2a55e0e5f6796538f576""",2026-08-21T06:06:43.204215+00:00,PASS,
premiumIndexKlines,um,BTCUSDT,15m,2024-06,https://data.binance.vision/data/futures/um/monthly/premiumIndexKlines/BTCUSDT/15m/BTCUSDT-15m-2024-06.zip,2880,2024-06-01T00:00:00+00:00,2024-06-30T23:45:00+00:00,b1c3fe167c1eb92abb2125e7471f32e4ab3c1bd37e90b5ca8ed57f9e93dd899b,b1c3fe167c1eb92abb2125e7471f32e4ab3c1bd37e90b5ca8ed57f9e93dd899b,62103,2024-07-17T14:20:12.000Z,"""bbb827740b80bd65c2d1a9ae805cc852""",2026-08-21T06:06:43.505028+00:00,PASS,
premiumIndexKlines,um,BTCUSDT,15m,2024-07,https://data.binance.vision/data/futures/um/monthly/premiumIndexKlines/BTCUSDT/15m/BTCUSDT-15m-2024-07.zip,2976,2024-07-01T00:00:00+00:00,2024-07-31T23:45:00+00:00,d345038fe0be43427b418e5c1c3615948e5205171e803d2848380315d408b9bb,d345038fe0be43427b418e5c1c3615948e5205171e803d2848380315d408b9bb,64897,2024-08-17T13:28:10.000Z,"""9a6f250590b8ba612975cc0d9c7c2816""",2026-08-21T06:06:44.812442+00:00,PASS,
premiumIndexKlines,um,BTCUSDT,15m,2024-08,https://data.binance.vision/data/futures/um/monthly/premiumIndexKlines/BTCUSDT/15m/BTCUSDT-15m-2024-08.zip,2976,2024-08-01T00:00:00+00:00,2024-08-31T23:45:00+00:00,d288fd97da7a13ae0bbb9ed6cefb4d7c2a94be326964667f9373d5e9055de890,d288fd97da7a13ae0bbb9ed6cefb4d7c2a94be326964667f9373d5e9055de890,65028,2024-09-17T13:55:14.000Z,"""51075cdafeea8e0d12ba732eca263065""",2026-08-21T06:06:43.923296+00:00,PASS,
premiumIndexKlines,um,BTCUSDT,15m,2024-09,https://data.binance.vision/data/futures/um/monthly/premiumIndexKlines/BTCUSDT/15m/BTCUSDT-15m-2024-09.zip,2880,2024-09-01T00:00:00+00:00,2024-09-30T23:45:00+00:00,426490ba2bab838eca835438c706cdf9425c0213219fdc10ada8ec42332891c0,426490ba2bab838eca835438c706cdf9425c0213219fdc10ada8ec42332891c0,62236,2024-10-17T14:28:23.000Z,"""8507a5f10feeb8f46e7270982cd6d759""",2026-08-21T06:06:45.305334+00:00,PASS,
premiumIndexKlines,um,BTCUSDT,15m,2024-10,https://data.binance.vision/data/futures/um/monthly/premiumIndexKlines/BTCUSDT/15m/BTCUSDT-15m-2024-10.zip,2976,2024-10-01T00:00:00+00:00,2024-10-31T23:45:00+00:00,6e49d720930560fc01e2c2ff9bf651e332c7594dc38cd895ac6934c8595935f1,6e49d720930560fc01e2c2ff9bf651e332c7594dc38cd895ac6934c8595935f1,64523,2024-11-21T22:09:55.000Z,"""a1b8390d0292d2772147929ad26e6858""",2026-08-21T06:06:46.161552+00:00,PASS,
premiumIndexKlines,um,BTCUSDT,15m,2024-11,https://data.binance.vision/data/futures/um/monthly/premiumIndexKlines/BTCUSDT/15m/BTCUSDT-15m-2024-11.zip,2880,2024-11-01T00:00:00+00:00,2024-11-30T23:45:00+00:00,1fec2c70d9f900e55848571b9b81686aa5f55a32ecf63ef1b4799a5a6d3f034b,1fec2c70d9f900e55848571b9b81686aa5f55a32ecf63ef1b4799a5a6d3f034b,63387,2024-12-17T14:07:47.000Z,"""d39e2548f838bdce2c713b48ebcd2c90""",2026-08-21T06:06:45.721134+00:00,PASS,
premiumIndexKlines,um,BTCUSDT,15m,2024-12,https://data.binance.vision/data/futures/um/monthly/premiumIndexKlines/BTCUSDT/15m/BTCUSDT-15m-2024-12.zip,2976,2024-12-01T00:00:00+00:00,2024-12-31T23:45:00+00:00,978ae405b372e1acc43a7369e407e23e0e789804dc6579eca9fb3b8f13c81ef1,978ae405b372e1acc43a7369e407e23e0e789804dc6579eca9fb3b8f13c81ef1,65018,2025-01-17T13:34:54.000Z,"""b8e4e4e0410d9f847d3410771c3a9c2c""",2026-08-21T06:06:46.055865+00:00,PASS,
premiumIndexKlines,um,BTCUSDT,15m,2025-01,https://data.binance.vision/data/futures/um/monthly/premiumIndexKlines/BTCUSDT/15m/BTCUSDT-15m-2025-01.zip,2976,2025-01-01T00:00:00+00:00,2025-01-31T23:45:00+00:00,3e72028f4d1167daf3803aec61791bde437e5ee76c363f6ed5d9ebad1b4692f3,3e72028f4d1167daf3803aec61791bde437e5ee76c363f6ed5d9ebad1b4692f3,64663,2025-02-17T13:28:27.000Z,"""ebfd006e2ec09611e19a828091e688ac""",2026-08-21T06:06:47.346664+00:00,PASS,
premiumIndexKlines,um,BTCUSDT,15m,2025-02,https://data.binance.vision/data/futures/um/monthly/premiumIndexKlines/BTCUSDT/15m/BTCUSDT-15m-2025-02.zip,2688,2025-02-01T00:00:00+00:00,2025-02-28T23:45:00+00:00,34c436491a81405caf0b1fb9f87ec7151a8eb288100e527d85f15ad32e26ff41,34c436491a81405caf0b1fb9f87ec7151a8eb288100e527d85f15ad32e26ff41,58183,2025-03-17T13:35:04.000Z,"""60fcd958bef0a81d432cd8352be424a5""",2026-08-21T06:06:46.459316+00:00,PASS,
premiumIndexKlines,um,BTCUSDT,15m,2025-03,https://data.binance.vision/data/futures/um/monthly/premiumIndexKlines/BTCUSDT/15m/BTCUSDT-15m-2025-03.zip,2976,2025-03-01T00:00:00+00:00,2025-03-31T23:45:00+00:00,6a1d22f958f0edc08bfa317381c44c1f79f62c572364355e7e21bd2fe54f8169,6a1d22f958f0edc08bfa317381c44c1f79f62c572364355e7e21bd2fe54f8169,64525,2025-04-17T13:41:47.000Z,"""c8834e3659fe62ee2cd26da6442b0916""",2026-08-21T06:06:47.782056+00:00,PASS,
premiumIndexKlines,um,BTCUSDT,15m,2025-04,https://data.binance.vision/data/futures/um/monthly/premiumIndexKlines/BTCUSDT/15m/BTCUSDT-15m-2025-04.zip,2880,2025-04-01T00:00:00+00:00,2025-04-30T23:45:00+00:00,02855a46f9c58f25d6f2423329c4b477423e0b705e5c02968868a80e633a0a0e,02855a46f9c58f25d6f2423329c4b477423e0b705e5c02968868a80e633a0a0e,62460,2025-05-17T13:48:40.000Z,"""d9f7dce3d225517cd188f3e5f3e46db7""",2026-08-21T06:06:47.657645+00:00,PASS,
premiumIndexKlines,um,BTCUSDT,15m,2025-05,https://data.binance.vision/data/futures/um/monthly/premiumIndexKlines/BTCUSDT/15m/BTCUSDT-15m-2025-05.zip,2976,2025-05-01T00:00:00+00:00,2025-05-31T23:45:00+00:00,e8b51d2030a2bb6d76f8a14b7fd4d6f8eb1c57339587f3c1c6d3732c1b272a4d,e8b51d2030a2bb6d76f8a14b7fd4d6f8eb1c57339587f3c1c6d3732c1b272a4d,64348,2025-06-02T08:23:06.000Z,"""1f5891ead8b4b2a98ed7d6198cb1966b""",2026-08-21T06:06:49.052364+00:00,PASS,
premiumIndexKlines,um,BTCUSDT,15m,2025-06,https://data.binance.vision/data/futures/um/monthly/premiumIndexKlines/BTCUSDT/15m/BTCUSDT-15m-2025-06.zip,2880,2025-06-01T00:00:00+00:00,2025-06-30T23:45:00+00:00,64f19317f9466b60d03f982e1aaf4ed2f3786918f6bcc41101900b98c1854b62,64f19317f9466b60d03f982e1aaf4ed2f3786918f6bcc41101900b98c1854b62,61896,2025-07-17T14:47:09.000Z,"""425aec72812f5edbe8e26ab82e2452b6""",2026-08-21T06:06:48.075489+00:00,PASS,
premiumIndexKlines,um,BTCUSDT,15m,2025-07,https://data.binance.vision/data/futures/um/monthly/premiumIndexKlines/BTCUSDT/15m/BTCUSDT-15m-2025-07.zip,2976,2025-07-01T00:00:00+00:00,2025-07-31T23:45:00+00:00,f3d223fc123eee3e51865ebe9cc224ac0b599336b77744fa50924ba437157c14,f3d223fc123eee3e51865ebe9cc224ac0b599336b77744fa50924ba437157c14,64118,2025-08-02T09:06:30.000Z,"""7d393e2647a25d6ef5520ccdc96422fa""",2026-08-21T06:06:48.397333+00:00,PASS,
premiumIndexKlines,um,BTCUSDT,15m,2025-08,https://data.binance.vision/data/futures/um/monthly/premiumIndexKlines/BTCUSDT/15m/BTCUSDT-15m-2025-08.zip,2976,2025-08-01T00:00:00+00:00,2025-08-31T23:45:00+00:00,4d3f085186ac2a9f22f4067c5fd3e7d09e9236f9a60e244343ed520295d9511e,4d3f085186ac2a9f22f4067c5fd3e7d09e9236f9a60e244343ed520295d9511e,63874,2025-09-02T11:04:48.000Z,"""9d0cce613027a49b571070e3ad7e3ef9""",2026-08-21T06:06:48.739839+00:00,PASS,
premiumIndexKlines,um,BTCUSDT,15m,2025-09,https://data.binance.vision/data/futures/um/monthly/premiumIndexKlines/BTCUSDT/15m/BTCUSDT-15m-2025-09.zip,2880,2025-09-01T00:00:00+00:00,2025-09-30T23:45:00+00:00,ecf344dcf664ae96524a14723f3e9f48e1f13e4db841896d98b3d351c41a279d,ecf344dcf664ae96524a14723f3e9f48e1f13e4db841896d98b3d351c41a279d,61394,2025-10-02T09:01:50.000Z,"""b8910568f7bfaabb8bbae95a52850ece""",2026-08-21T06:06:49.158576+00:00,PASS,
premiumIndexKlines,um,BTCUSDT,15m,2025-10,https://data.binance.vision/data/futures/um/monthly/premiumIndexKlines/BTCUSDT/15m/BTCUSDT-15m-2025-10.zip,2976,2025-10-01T00:00:00+00:00,2025-10-31T23:45:00+00:00,dacb9bbc74055aa3c2d8178c373c591c4b98804436c18ac8c58c128f6c520350,dacb9bbc74055aa3c2d8178c373c591c4b98804436c18ac8c58c128f6c520350,64651,2025-11-02T09:35:23.000Z,"""1af11df33142fd6518152d83a09a71f2""",2026-08-21T06:06:49.485540+00:00,PASS,
premiumIndexKlines,um,BTCUSDT,15m,2025-11,https://data.binance.vision/data/futures/um/monthly/premiumIndexKlines/BTCUSDT/15m/BTCUSDT-15m-2025-11.zip,2880,2025-11-01T00:00:00+00:00,2025-11-30T23:45:00+00:00,3abdf122cd4abaaf25a2bda46e6e404869c200cb43b8f9b773945bf298329df7,3abdf122cd4abaaf25a2bda46e6e404869c200cb43b8f9b773945bf298329df7,62786,2025-12-02T09:35:28.000Z,"""497f9e8b5895b7c6a47766850c52ae7d""",2026-08-21T06:06:49.499539+00:00,PASS,
premiumIndexKlines,um,BTCUSDT,15m,2025-12,https://data.binance.vision/data/futures/um/monthly/premiumIndexKlines/BTCUSDT/15m/BTCUSDT-15m-2025-12.zip,2976,2025-12-01T00:00:00+00:00,2025-12-31T23:45:00+00:00,fbad462115c044597051b6c65374f8fb20291956d0264393871106a5ed4c6808,fbad462115c044597051b6c65374f8fb20291956d0264393871106a5ed4c6808,64606,2026-01-02T10:28:29.000Z,"""e4198d829fc8e83460308c6e1fbebebe""",2026-08-21T06:06:49.971603+00:00,PASS,
premiumIndexKlines,um,BTCUSDT,15m,2026-01,https://data.binance.vision/data/futures/um/monthly/premiumIndexKlines/BTCUSDT/15m/BTCUSDT-15m-2026-01.zip,2976,2026-01-01T00:00:00+00:00,2026-01-31T23:45:00+00:00,eb3d72ac2483d26bc4b3177daa00631c32d5744a35f08985996dff1bb2043c83,eb3d72ac2483d26bc4b3177daa00631c32d5744a35f08985996dff1bb2043c83,63845,2026-02-02T10:05:03.000Z,"""a82a7fedc155d05cc9463707f7af0147""",2026-08-21T06:06:49.921605+00:00,PASS,
premiumIndexKlines,um,BTCUSDT,15m,2026-02,https://data.binance.vision/data/futures/um/monthly/premiumIndexKlines/BTCUSDT/15m/BTCUSDT-15m-2026-02.zip,2688,2026-02-01T00:00:00+00:00,2026-02-28T23:45:00+00:00,0afed3b560c50e678801b0c774a904cc41737c8ab09c21ad2b940bbf57e05e01,0afed3b560c50e678801b0c774a904cc41737c8ab09c21ad2b940bbf57e05e01,58711,2026-03-02T09:07:42.000Z,"""232f5810fb99129194d9f975c55077fd""",2026-08-21T06:06:50.309206+00:00,PASS,
premiumIndexKlines,um,BTCUSDT,15m,2026-03,https://data.binance.vision/data/futures/um/monthly/premiumIndexKlines/BTCUSDT/15m/BTCUSDT-15m-2026-03.zip,2976,2026-03-01T00:00:00+00:00,2026-03-31T23:45:00+00:00,879f01014b94490e7e927e5f043936cd38f58cf259b2fd9a346185f94cc2ec67,879f01014b94490e7e927e5f043936cd38f58cf259b2fd9a346185f94cc2ec67,66165,2026-04-02T09:08:35.000Z,"""b230634f5d6511bf1dedf1a9dd540818""",2026-08-21T06:06:50.402204+00:00,PASS,
premiumIndexKlines,um,BTCUSDT,15m,2026-04,https://data.binance.vision/data/futures/um/monthly/premiumIndexKlines/BTCUSDT/15m/BTCUSDT-15m-2026-04.zip,2880,2026-04-01T00:00:00+00:00,2026-04-30T23:45:00+00:00,f4acfadb1092672e785754c2a804c3f13d20897aec52dbae181ac74e7a568497,f4acfadb1092672e785754c2a804c3f13d20897aec52dbae181ac74e7a568497,62308,2026-05-02T09:08:08.000Z,"""67d6d302918d53250461299b9d8f2131""",2026-08-21T06:06:50.699225+00:00,PASS,
premiumIndexKlines,um,BTCUSDT,15m,2026-05,https://data.binance.vision/data/futures/um/monthly/premiumIndexKlines/BTCUSDT/15m/BTCUSDT-15m-2026-05.zip,2976,2026-05-01T00:00:00+00:00,2026-05-31T23:45:00+00:00,d62577dd4f12d31e9bbf48543cfdcb0610c2c90e0c4a52c92e6155f06c8cb000,d62577dd4f12d31e9bbf48543cfdcb0610c2c90e0c4a52c92e6155f06c8cb000,63805,2026-06-02T10:49:15.000Z,"""1c92890ee8e4a493ed480daf4275d312""",2026-08-21T06:06:50.833371+00:00,PASS,
premiumIndexKlines,um,BTCUSDT,15m,2026-06,https://data.binance.vision/data/futures/um/monthly/premiumIndexKlines/BTCUSDT/15m/BTCUSDT-15m-2026-06.zip,2784,2026-06-01T00:00:00+00:00,2026-06-30T23:45:00+00:00,3be00c0164f09729b840784e949f627cb47388b1b72f74f6677c6d0ec9e43f55,3be00c0164f09729b840784e949f627cb47388b1b72f74f6677c6d0ec9e43f55,60811,2026-07-02T10:51:42.000Z,"""0d35a439ff76bae9f2f499749fbb7e8c""",2026-08-21T06:06:51.041470+00:00,PASS,MISSING_INTERVAL
premiumIndexKlines,um,BTCUSDT,15m,2026-07,https://data.binance.vision/data/futures/um/monthly/premiumIndexKlines/BTCUSDT/15m/BTCUSDT-15m-2026-07.zip,2976,2026-07-01T00:00:00+00:00,2026-07-31T23:45:00+00:00,ea7063df142107f399d8212845bed1def91e19ec65f660daace175c6bd3fea71,ea7063df142107f399d8212845bed1def91e19ec65f660daace175c6bd3fea71,63595,2026-08-02T10:26:21.000Z,"""645cd1ecdc4bdac137382737a5a19cf2""",2026-08-21T06:06:51.176644+00:00,PASS,
premiumIndexKlines,um,ETHUSDT,15m,2020-01,https://data.binance.vision/data/futures/um/monthly/premiumIndexKlines/ETHUSDT/15m/ETHUSDT-15m-2020-01.zip,2975,2020-01-01T00:00:00+00:00,2020-01-31T23:45:00+00:00,b21cbd1d44c64baee4bc12322bc46d232933b414bf332beea3629e40c9347bf5,b21cbd1d44c64baee4bc12322bc46d232933b414bf332beea3629e40c9347bf5,62178,2021-03-29T13:45:15.000Z,"""49b9ce0c7a8f19fb82bb5e351654dc8f""",2026-08-21T06:06:51.412157+00:00,PASS,MISSING_INTERVAL
premiumIndexKlines,um,ETHUSDT,15m,2020-02,https://data.binance.vision/data/futures/um/monthly/premiumIndexKlines/ETHUSDT/15m/ETHUSDT-15m-2020-02.zip,2784,2020-02-01T00:00:00+00:00,2020-02-29T23:45:00+00:00,ff49478fc458f6c7ac80c7c0f71fea8116fbf9d9c0b384f5dfc5f4946d3bae2f,ff49478fc458f6c7ac80c7c0f71fea8116fbf9d9c0b384f5dfc5f4946d3bae2f,61711,2021-03-30T09:31:21.000Z,"""9b9b5e9c83be86d09edf948dd0db8c42""",2026-08-21T06:06:51.457225+00:00,PASS,
premiumIndexKlines,um,ETHUSDT,15m,2020-03,https://data.binance.vision/data/futures/um/monthly/premiumIndexKlines/ETHUSDT/15m/ETHUSDT-15m-2020-03.zip,2976,2020-03-01T00:00:00+00:00,2020-03-31T23:45:00+00:00,1474b52fac564cf2add4a2bfbe54754f29e0a8badb7b21bfa7000243a6cbeea3,1474b52fac564cf2add4a2bfbe54754f29e0a8badb7b21bfa7000243a6cbeea3,63155,2021-06-28T06:09:20.000Z,"""43d890dbc3490164297ad393c38d9a2a""",2026-08-21T06:06:51.677856+00:00,PASS,
premiumIndexKlines,um,ETHUSDT,15m,2020-04,https://data.binance.vision/data/futures/um/monthly/premiumIndexKlines/ETHUSDT/15m/ETHUSDT-15m-2020-04.zip,2880,2020-04-01T00:00:00+00:00,2020-04-30T23:45:00+00:00,178c1c0ff257339b00f66da5df88ee99f9ce6cfa7736cc56db614a70340dd577,178c1c0ff257339b00f66da5df88ee99f9ce6cfa7736cc56db614a70340dd577,61151,2021-06-28T06:59:41.000Z,"""92986d26a540ac3754b1e47819c68d50""",2026-08-21T06:06:51.760420+00:00,PASS,
premiumIndexKlines,um,ETHUSDT,15m,2020-05,https://data.binance.vision/data/futures/um/monthly/premiumIndexKlines/ETHUSDT/15m/ETHUSDT-15m-2020-05.zip,2976,2020-05-01T00:00:00+00:00,2020-05-31T23:45:00+00:00,14ed532c41bafefc6d70107d0752e3c0c4147f38c16eaafb21661b1f2708a4d0,14ed532c41bafefc6d70107d0752e3c0c4147f38c16eaafb21661b1f2708a4d0,63314,2021-06-28T08:39:31.000Z,"""1cb219c006473fb279327a2961a50498""",2026-08-21T06:06:51.939293+00:00,PASS,
premiumIndexKlines,um,ETHUSDT,15m,2020-06,https://data.binance.vision/data/futures/um/monthly/premiumIndexKlines/ETHUSDT/15m/ETHUSDT-15m-2020-06.zip,2880,2020-06-01T00:00:00+00:00,2020-06-30T23:45:00+00:00,a9945f6b5396360c4a1cce383d0520f5f1bbd8d600449711cdf87691ba5148d6,a9945f6b5396360c4a1cce383d0520f5f1bbd8d600449711cdf87691ba5148d6,59771,2021-06-28T10:10:48.000Z,"""0c01094c8311a9bd06fb81c0ed742a58""",2026-08-21T06:06:52.002342+00:00,PASS,
premiumIndexKlines,um,ETHUSDT,15m,2020-07,https://data.binance.vision/data/futures/um/monthly/premiumIndexKlines/ETHUSDT/15m/ETHUSDT-15m-2020-07.zip,2976,2020-07-01T00:00:00+00:00,2020-07-31T23:45:00+00:00,0ae51fd51c0f95a8bdf1f54e901f0e8b64ff7a9809d905504d9a953386cab869,0ae51fd51c0f95a8bdf1f54e901f0e8b64ff7a9809d905504d9a953386cab869,62395,2021-06-28T11:38:00.000Z,"""19115070267c4bc3f20bc56988ae683c""",2026-08-21T06:06:52.189204+00:00,PASS,
premiumIndexKlines,um,ETHUSDT,15m,2020-08,https://data.binance.vision/data/futures/um/monthly/premiumIndexKlines/ETHUSDT/15m/ETHUSDT-15m-2020-08.zip,2976,2020-08-01T00:00:00+00:00,2020-08-31T23:45:00+00:00,33af4d1a12a284ddfc49e00b53d2427363d481a579cb6f43249bdbf9ad449b3e,33af4d1a12a284ddfc49e00b53d2427363d481a579cb6f43249bdbf9ad449b3e,63924,2021-06-28T14:27:12.000Z,"""614fb5a889284ab2133bd97feb276025""",2026-08-21T06:06:52.294460+00:00,PASS,
premiumIndexKlines,um,ETHUSDT,15m,2020-09,https://data.binance.vision/data/futures/um/monthly/premiumIndexKlines/ETHUSDT/15m/ETHUSDT-15m-2020-09.zip,2880,2020-09-01T00:00:00+00:00,2020-09-30T23:45:00+00:00,b03b5d8938fb7f541d810aeaad9a3b12d0a8ff7886352777863421eca5eb457f,b03b5d8938fb7f541d810aeaad9a3b12d0a8ff7886352777863421eca5eb457f,59293,2021-06-28T16:20:41.000Z,"""2ba0a39395072dce86938535ad4377ee""",2026-08-21T06:06:52.454632+00:00,PASS,
premiumIndexKlines,um,ETHUSDT,15m,2020-10,https://data.binance.vision/data/futures/um/monthly/premiumIndexKlines/ETHUSDT/15m/ETHUSDT-15m-2020-10.zip,2976,2020-10-01T00:00:00+00:00,2020-10-31T23:45:00+00:00,31ed4437acc7955ba8f6db0715a683e0023a4a4e7c4262d469b25e6eb6ade1cb,31ed4437acc7955ba8f6db0715a683e0023a4a4e7c4262d469b25e6eb6ade1cb,62510,2021-06-28T18:23:11.000Z,"""c51e45fb34cdda8861d5cde1a0602b04""",2026-08-21T06:06:52.524784+00:00,PASS,
premiumIndexKlines,um,ETHUSDT,15m,2020-11,https://data.binance.vision/data/futures/um/monthly/premiumIndexKlines/ETHUSDT/15m/ETHUSDT-15m-2020-11.zip,2880,2020-11-01T00:00:00+00:00,2020-11-30T23:45:00+00:00,0f900b82bb335613afd1f7efbe72450268c5ee1219186d087a029547122fb426,0f900b82bb335613afd1f7efbe72450268c5ee1219186d087a029547122fb426,63889,2021-06-28T21:04:32.000Z,"""8f2a47b1db8ac1b4791e36728b89a3a6""",2026-08-21T06:06:52.729187+00:00,PASS,
premiumIndexKlines,um,ETHUSDT,15m,2020-12,https://data.binance.vision/data/futures/um/monthly/premiumIndexKlines/ETHUSDT/15m/ETHUSDT-15m-2020-12.zip,2971,2020-12-01T00:00:00+00:00,2020-12-31T23:45:00+00:00,a8b0860e5556945492f83e981f59c4a6b8c1224b53660f766cfe0b2819ffc796,a8b0860e5556945492f83e981f59c4a6b8c1224b53660f766cfe0b2819ffc796,65303,2021-06-28T23:56:36.000Z,"""50dac7a2fd1a86abaa0279e755348db9""",2026-08-21T06:06:52.767343+00:00,PASS,MISSING_INTERVAL
premiumIndexKlines,um,ETHUSDT,15m,2021-01,https://data.binance.vision/data/futures/um/monthly/premiumIndexKlines/ETHUSDT/15m/ETHUSDT-15m-2021-01.zip,2976,2021-01-01T00:00:00+00:00,2021-01-31T23:45:00+00:00,4b32a6d839ec37d6913ce6b34cd90257a72cb29f93be7dbce7348ea79d67d949,4b32a6d839ec37d6913ce6b34cd90257a72cb29f93be7dbce7348ea79d67d949,67901,2021-06-29T02:40:12.000Z,"""d37b67d2887e40d016bd11525f55ebab""",2026-08-21T06:06:52.957331+00:00,PASS,
premiumIndexKlines,um,ETHUSDT,15m,2021-02,https://data.binance.vision/data/futures/um/monthly/premiumIndexKlines/ETHUSDT/15m/ETHUSDT-15m-2021-02.zip,2688,2021-02-01T00:00:00+00:00,2021-02-28T23:45:00+00:00,6c22835dd2205044f03abfa7c2a51a0997319045541eb1d0ee41e320335c7706,6c22835dd2205044f03abfa7c2a51a0997319045541eb1d0ee41e320335c7706,61190,2021-04-08T04:04:14.000Z,"""040229e9b61ce0c7705a9f9638b23da3""",2026-08-21T06:06:52.997331+00:00,PASS,
premiumIndexKlines,um,ETHUSDT,15m,2021-03,https://data.binance.vision/data/futures/um/monthly/premiumIndexKlines/ETHUSDT/15m/ETHUSDT-15m-2021-03.zip,2976,2021-03-01T00:00:00+00:00,2021-03-31T23:45:00+00:00,2afca1e47d5f046469397f817b497a7ea09b49876edb2a1f9329dd89ffabf8b4,2afca1e47d5f046469397f817b497a7ea09b49876edb2a1f9329dd89ffabf8b4,66581,2021-05-01T06:54:53.000Z,"""68e98754f92512f101d850de7180ba7f""",2026-08-21T06:06:53.290314+00:00,PASS,
premiumIndexKlines,um,ETHUSDT,15m,2021-04,https://data.binance.vision/data/futures/um/monthly/premiumIndexKlines/ETHUSDT/15m/ETHUSDT-15m-2021-04.zip,2880,2021-04-01T00:00:00+00:00,2021-04-30T23:45:00+00:00,ca277c13f3cd4313c2f39ae7cb61b79cd45d0e786eeadfcdaf2940ce95c190a7,ca277c13f3cd4313c2f39ae7cb61b79cd45d0e786eeadfcdaf2940ce95c190a7,64699,2021-05-01T14:03:17.000Z,"""d195e164f277811e31f810ca99735168""",2026-08-21T06:06:53.270315+00:00,PASS,
premiumIndexKlines,um,ETHUSDT,15m,2021-05,https://data.binance.vision/data/futures/um/monthly/premiumIndexKlines/ETHUSDT/15m/ETHUSDT-15m-2021-05.zip,2976,2021-05-01T00:00:00+00:00,2021-05-31T23:45:00+00:00,f82abbf6a3fc8e5a42d9343ee1cb813d7027eca2eb12988c148f74775432c35f,f82abbf6a3fc8e5a42d9343ee1cb813d7027eca2eb12988c148f74775432c35f,66986,2021-06-17T18:29:30.000Z,"""a260a50b17149e5e0e5a289449e69037""",2026-08-21T06:06:53.552445+00:00,PASS,
premiumIndexKlines,um,ETHUSDT,15m,2021-06,https://data.binance.vision/data/futures/um/monthly/premiumIndexKlines/ETHUSDT/15m/ETHUSDT-15m-2021-06.zip,2880,2021-06-01T00:00:00+00:00,2021-06-30T23:45:00+00:00,39718b23867b013bd4189dbb6147c369d8bed96232dc37b102e82437941238c1,39718b23867b013bd4189dbb6147c369d8bed96232dc37b102e82437941238c1,63461,2021-09-12T08:07:15.000Z,"""f4a7afca7a2a15cd8a19f26051da6a18""",2026-08-21T06:06:53.499761+00:00,PASS,
premiumIndexKlines,um,ETHUSDT,15m,2021-07,https://data.binance.vision/data/futures/um/monthly/premiumIndexKlines/ETHUSDT/15m/ETHUSDT-15m-2021-07.zip,2496,2021-07-02T00:00:00+00:00,2021-07-31T23:45:00+00:00,a96111abe3ea6832e1d66b13820b4185d0439d7504414b78840aae69e6a71de0,a96111abe3ea6832e1d66b13820b4185d0439d7504414b78840aae69e6a71de0,55002,2021-08-01T12:22:35.000Z,"""914568aa0339105c36f2ea10aa97c420""",2026-08-21T06:06:53.769373+00:00,PASS,MISSING_INTERVAL
premiumIndexKlines,um,ETHUSDT,15m,2021-08,https://data.binance.vision/data/futures/um/monthly/premiumIndexKlines/ETHUSDT/15m/ETHUSDT-15m-2021-08.zip,2976,2021-08-01T00:00:00+00:00,2021-08-31T23:45:00+00:00,fce0ffc8490e7c880a2a2fca2dbac1dbe2a2481536b7c47ac2b7d0b9f5a45706,fce0ffc8490e7c880a2a2fca2dbac1dbe2a2481536b7c47ac2b7d0b9f5a45706,66141,2021-09-02T13:48:32.000Z,"""2b6da32deffa99af8811b244128532dc""",2026-08-21T06:06:53.810486+00:00,PASS,
premiumIndexKlines,um,ETHUSDT,15m,2021-09,https://data.binance.vision/data/futures/um/monthly/premiumIndexKlines/ETHUSDT/15m/ETHUSDT-15m-2021-09.zip,2880,2021-09-01T00:00:00+00:00,2021-09-30T23:45:00+00:00,277a5965b754ee32e1ed6e5148014a9e93a1e97e4b333364f0d1632f6d6fc948,277a5965b754ee32e1ed6e5148014a9e93a1e97e4b333364f0d1632f6d6fc948,63803,2021-10-01T13:13:33.000Z,"""e870ec0609084fdd054b7f51a0976c84""",2026-08-21T06:06:54.205485+00:00,PASS,
premiumIndexKlines,um,ETHUSDT,15m,2021-10,https://data.binance.vision/data/futures/um/monthly/premiumIndexKlines/ETHUSDT/15m/ETHUSDT-15m-2021-10.zip,2976,2021-10-01T00:00:00+00:00,2021-10-31T23:45:00+00:00,aff6d6325297f06bd7796d083037c64d535ad0ea0de943e755c0703128aa2c2d,aff6d6325297f06bd7796d083037c64d535ad0ea0de943e755c0703128aa2c2d,65726,2021-11-01T14:47:25.000Z,"""79a110cc0d381943d8b7414dadc5263c""",2026-08-21T06:06:54.210486+00:00,PASS,
premiumIndexKlines,um,ETHUSDT,15m,2021-11,https://data.binance.vision/data/futures/um/monthly/premiumIndexKlines/ETHUSDT/15m/ETHUSDT-15m-2021-11.zip,2880,2021-11-01T00:00:00+00:00,2021-11-30T23:45:00+00:00,f8b53f55a4689b032bb5b2be32f305841feb026661eb3afeb1bf8e4d6b460f05,f8b53f55a4689b032bb5b2be32f305841feb026661eb3afeb1bf8e4d6b460f05,63545,2021-12-01T13:39:15.000Z,"""a5aead4cacee383a6299647c68527e9e""",2026-08-21T06:06:54.552617+00:00,PASS,
premiumIndexKlines,um,ETHUSDT,15m,2021-12,https://data.binance.vision/data/futures/um/monthly/premiumIndexKlines/ETHUSDT/15m/ETHUSDT-15m-2021-12.zip,2976,2021-12-01T00:00:00+00:00,2021-12-31T23:45:00+00:00,15f98c943c0588f5e0e63e7f952fd0d9c8acd504fd50de44e297badcf3223216,15f98c943c0588f5e0e63e7f952fd0d9c8acd504fd50de44e297badcf3223216,65126,2022-01-07T13:05:39.000Z,"""c792e1a65b90bcc83f8fffbd52694fdf""",2026-08-21T06:06:54.516611+00:00,PASS,
premiumIndexKlines,um,ETHUSDT,15m,2022-01,https://data.binance.vision/data/futures/um/monthly/premiumIndexKlines/ETHUSDT/15m/ETHUSDT-15m-2022-01.zip,2976,2022-01-01T00:00:00+00:00,2022-01-31T23:45:00+00:00,f1ded01e1f69a1783751aba23a9ee39e61def273f9b459fcf20b6c5d0057a3e6,f1ded01e1f69a1783751aba23a9ee39e61def273f9b459fcf20b6c5d0057a3e6,66037,2022-02-01T14:59:08.000Z,"""17d089f6a7e044c7e241dfdd652e3127""",2026-08-21T06:06:54.748944+00:00,PASS,
premiumIndexKlines,um,ETHUSDT,15m,2022-02,https://data.binance.vision/data/futures/um/monthly/premiumIndexKlines/ETHUSDT/15m/ETHUSDT-15m-2022-02.zip,2688,2022-02-01T00:00:00+00:00,2022-02-28T23:45:00+00:00,0f8a0943d165b3df4cf7b4582bb53fac5b597c456612545607212e1cbe1940ae,0f8a0943d165b3df4cf7b4582bb53fac5b597c456612545607212e1cbe1940ae,59368,2023-06-13T17:17:09.000Z,"""74ac46dc09d38ad85fcd810f0a336946""",2026-08-21T06:06:54.819382+00:00,PASS,
premiumIndexKlines,um,ETHUSDT,15m,2022-03,https://data.binance.vision/data/futures/um/monthly/premiumIndexKlines/ETHUSDT/15m/ETHUSDT-15m-2022-03.zip,2976,2022-03-01T00:00:00+00:00,2022-03-31T23:45:00+00:00,862fbdaa317ce8e325ac1e1b7c4530584efcf61024f6a8a3abf4ade70702ec12,862fbdaa317ce8e325ac1e1b7c4530584efcf61024f6a8a3abf4ade70702ec12,65275,2022-04-01T18:52:23.000Z,"""67da486676870c235c4480589726fcc9""",2026-08-21T06:06:55.019155+00:00,PASS,
premiumIndexKlines,um,ETHUSDT,15m,2022-04,https://data.binance.vision/data/futures/um/monthly/premiumIndexKlines/ETHUSDT/15m/ETHUSDT-15m-2022-04.zip,2880,2022-04-01T00:00:00+00:00,2022-04-30T23:45:00+00:00,efeac6b260ed6bffbbb2f1c948ba4479ab87947f84b87f8b3939da36ccad891d,efeac6b260ed6bffbbb2f1c948ba4479ab87947f84b87f8b3939da36ccad891d,63480,2023-06-06T11:29:33.000Z,"""0104bf61becadb6201e1627d2bcfc5b6""",2026-08-21T06:06:55.098510+00:00,PASS,
premiumIndexKlines,um,ETHUSDT,15m,2022-05,https://data.binance.vision/data/futures/um/monthly/premiumIndexKlines/ETHUSDT/15m/ETHUSDT-15m-2022-05.zip,2976,2022-05-01T00:00:00+00:00,2022-05-31T23:45:00+00:00,4478cfa3dcd163eec48b570c80876bf7fbce6d63e2cb7db50d0e0d4b2b84d240,4478cfa3dcd163eec48b570c80876bf7fbce6d63e2cb7db50d0e0d4b2b84d240,65932,2022-06-18T17:35:39.000Z,"""c5ffcaa99b8bb627525df1af2210d189""",2026-08-21T06:06:55.343074+00:00,PASS,
premiumIndexKlines,um,ETHUSDT,15m,2022-06,https://data.binance.vision/data/futures/um/monthly/premiumIndexKlines/ETHUSDT/15m/ETHUSDT-15m-2022-06.zip,2880,2022-06-01T00:00:00+00:00,2022-06-30T23:45:00+00:00,fef1a49eb8539ecd8cbffcd6c5bcaecb2f3831b494c2de225922430676902f92,fef1a49eb8539ecd8cbffcd6c5bcaecb2f3831b494c2de225922430676902f92,64226,2023-06-07T19:42:48.000Z,"""ae8a70504ad19a915ab4bddd41559c3f""",2026-08-21T06:06:55.428343+00:00,PASS,
premiumIndexKlines,um,ETHUSDT,15m,2022-07,https://data.binance.vision/data/futures/um/monthly/premiumIndexKlines/ETHUSDT/15m/ETHUSDT-15m-2022-07.zip,2974,2022-07-01T00:00:00+00:00,2022-07-31T23:45:00+00:00,2ca137b95fdbd784399162d4906bb503558acd23f581ccc82ffa76973b17f894,2ca137b95fdbd784399162d4906bb503558acd23f581ccc82ffa76973b17f894,66498,2023-06-08T14:06:23.000Z,"""8f08f59101e36ea98815c144dda55916""",2026-08-21T06:06:55.618532+00:00,PASS,MISSING_INTERVAL
premiumIndexKlines,um,ETHUSDT,15m,2022-08,https://data.binance.vision/data/futures/um/monthly/premiumIndexKlines/ETHUSDT/15m/ETHUSDT-15m-2022-08.zip,2976,2022-08-01T00:00:00+00:00,2022-08-31T23:45:00+00:00,505dbc868e80f7d2bab80dee2e01fe834a05ee89bc8c7a71bff236773945416b,505dbc868e80f7d2bab80dee2e01fe834a05ee89bc8c7a71bff236773945416b,66228,2023-06-08T23:55:54.000Z,"""b9c9cfd2a69bdb1a92eb8c3790263696""",2026-08-21T06:06:55.751473+00:00,PASS,
premiumIndexKlines,um,ETHUSDT,15m,2022-09,https://data.binance.vision/data/futures/um/monthly/premiumIndexKlines/ETHUSDT/15m/ETHUSDT-15m-2022-09.zip,2880,2022-09-01T00:00:00+00:00,2022-09-30T23:45:00+00:00,fed319c60fa4744ec26b2c7cd52d4b10e2c1ea992c0513ec23d7b245db4f6584,fed319c60fa4744ec26b2c7cd52d4b10e2c1ea992c0513ec23d7b245db4f6584,64904,2022-10-26T13:44:45.000Z,"""d95cb571b0789fe03554cdce921341de""",2026-08-21T06:06:55.950641+00:00,PASS,
premiumIndexKlines,um,ETHUSDT,15m,2022-10,https://data.binance.vision/data/futures/um/monthly/premiumIndexKlines/ETHUSDT/15m/ETHUSDT-15m-2022-10.zip,2880,2022-10-01T00:00:00+00:00,2022-10-31T23:45:00+00:00,444622a15f45edc4cfa1a47f43d5d403bc7caef4ade79e5dd53cd5efbe0c2ccf,444622a15f45edc4cfa1a47f43d5d403bc7caef4ade79e5dd53cd5efbe0c2ccf,64088,2022-11-17T19:10:24.000Z,"""a7849e38632431b0a96e26ed2c4c74e8""",2026-08-21T06:06:56.062078+00:00,PASS,MISSING_INTERVAL
premiumIndexKlines,um,ETHUSDT,15m,2022-11,https://data.binance.vision/data/futures/um/monthly/premiumIndexKlines/ETHUSDT/15m/ETHUSDT-15m-2022-11.zip,2880,2022-11-01T00:00:00+00:00,2022-11-30T23:45:00+00:00,01bab04e5b3333c1efe8264352d8ae60b83f1d71f5109cb7c6d0b8d5995ecc00,01bab04e5b3333c1efe8264352d8ae60b83f1d71f5109cb7c6d0b8d5995ecc00,64372,2022-12-25T15:32:26.000Z,"""670e037eb386b13715a9a7ef6466ac5a""",2026-08-21T06:06:56.237988+00:00,PASS,
premiumIndexKlines,um,ETHUSDT,15m,2022-12,https://data.binance.vision/data/futures/um/monthly/premiumIndexKlines/ETHUSDT/15m/ETHUSDT-15m-2022-12.zip,2976,2022-12-01T00:00:00+00:00,2022-12-31T23:45:00+00:00,e3995a301c2de5d69a3452eadb810b4b5999421c9101dbd08f8083b826c9c9d4,e3995a301c2de5d69a3452eadb810b4b5999421c9101dbd08f8083b826c9c9d4,64864,2023-01-17T18:32:50.000Z,"""a761295265f5629a1f4a6f841c58fc41""",2026-08-21T06:06:56.368434+00:00,PASS,
premiumIndexKlines,um,ETHUSDT,15m,2023-01,https://data.binance.vision/data/futures/um/monthly/premiumIndexKlines/ETHUSDT/15m/ETHUSDT-15m-2023-01.zip,2976,2023-01-01T00:00:00+00:00,2023-01-31T23:45:00+00:00,24ac5df2091a8a931479ac57ff041a4de465d508479d66c99941d68cb37e0b03,24ac5df2091a8a931479ac57ff041a4de465d508479d66c99941d68cb37e0b03,65581,2023-02-17T18:00:19.000Z,"""f35eafe5ac5b92ad2c9e816db90411b4""",2026-08-21T06:06:56.568531+00:00,PASS,
premiumIndexKlines,um,ETHUSDT,15m,2023-02,https://data.binance.vision/data/futures/um/monthly/premiumIndexKlines/ETHUSDT/15m/ETHUSDT-15m-2023-02.zip,2688,2023-02-01T00:00:00+00:00,2023-02-28T23:45:00+00:00,81e76d7e2348f99862a8270a03d8b91c1f409dbf917f8b26c2006b1c43ac6290,81e76d7e2348f99862a8270a03d8b91c1f409dbf917f8b26c2006b1c43ac6290,59122,2023-06-14T16:06:10.000Z,"""918754fac274b2d175dfb819af648b50""",2026-08-21T06:06:56.674345+00:00,PASS,
premiumIndexKlines,um,ETHUSDT,15m,2023-03,https://data.binance.vision/data/futures/um/monthly/premiumIndexKlines/ETHUSDT/15m/ETHUSDT-15m-2023-03.zip,2976,2023-03-01T00:00:00+00:00,2023-03-31T23:45:00+00:00,9e00f55f45786a5291cd9fd81377aae7c846d6c1d76baf17ddf18c1b058069a1,9e00f55f45786a5291cd9fd81377aae7c846d6c1d76baf17ddf18c1b058069a1,65833,2023-04-22T17:54:13.000Z,"""7a98602b1896e0543d4003f71c6403de""",2026-08-21T06:06:56.894967+00:00,PASS,
premiumIndexKlines,um,ETHUSDT,15m,2023-04,https://data.binance.vision/data/futures/um/monthly/premiumIndexKlines/ETHUSDT/15m/ETHUSDT-15m-2023-04.zip,2784,2023-04-01T00:00:00+00:00,2023-04-30T23:45:00+00:00,5f57baaf067957f191108708a189064e34d5386c6668bb99267b1cadfee7efd6,5f57baaf067957f191108708a189064e34d5386c6668bb99267b1cadfee7efd6,60945,2023-05-20T19:47:46.000Z,"""30cd42919ceed669b81d5e2750497ae9""",2026-08-21T06:06:56.979574+00:00,PASS,MISSING_INTERVAL
premiumIndexKlines,um,ETHUSDT,15m,2023-05,https://data.binance.vision/data/futures/um/monthly/premiumIndexKlines/ETHUSDT/15m/ETHUSDT-15m-2023-05.zip,2976,2023-05-01T00:00:00+00:00,2023-05-31T23:45:00+00:00,b6a62cfabb02daed5a2e35a43b408524e43adccf89599ae932c9b46ba763bcb7,b6a62cfabb02daed5a2e35a43b408524e43adccf89599ae932c9b46ba763bcb7,64880,2023-07-10T14:42:38.000Z,"""cf9bc7786c93da8898fa90e1bfefcce5""",2026-08-21T06:06:57.308688+00:00,PASS,
premiumIndexKlines,um,ETHUSDT,15m,2023-06,https://data.binance.vision/data/futures/um/monthly/premiumIndexKlines/ETHUSDT/15m/ETHUSDT-15m-2023-06.zip,2880,2023-06-01T00:00:00+00:00,2023-06-30T23:45:00+00:00,dfb9c28aa36f56401205fa0373ac8e7ac5fe33d447af678a15ca79d36d5fff3e,dfb9c28aa36f56401205fa0373ac8e7ac5fe33d447af678a15ca79d36d5fff3e,62571,2023-07-01T23:54:26.000Z,"""5d3bc01ab172bfaf84eb9ed878b8e790""",2026-08-21T06:06:57.346688+00:00,PASS,
premiumIndexKlines,um,ETHUSDT,15m,2023-07,https://data.binance.vision/data/futures/um/monthly/premiumIndexKlines/ETHUSDT/15m/ETHUSDT-15m-2023-07.zip,2976,2023-07-01T00:00:00+00:00,2023-07-31T23:45:00+00:00,a5b2b530a87fe2fbae40c8995a651b3e26a54bd24f868e619fad8e5858cb1fe6,a5b2b530a87fe2fbae40c8995a651b3e26a54bd24f868e619fad8e5858cb1fe6,64025,2023-11-18T13:50:47.000Z,"""9d753aaeb33e87d7d5af3fa926a95a5e""",2026-08-21T06:06:57.702984+00:00,PASS,
premiumIndexKlines,um,ETHUSDT,15m,2023-08,https://data.binance.vision/data/futures/um/monthly/premiumIndexKlines/ETHUSDT/15m/ETHUSDT-15m-2023-08.zip,2976,2023-08-01T00:00:00+00:00,2023-08-31T23:45:00+00:00,8c9487778814b999f36c72a38f39c40075f97ded30cd1a9dfca0b32ed757969b,8c9487778814b999f36c72a38f39c40075f97ded30cd1a9dfca0b32ed757969b,63616,2023-11-18T15:31:41.000Z,"""4c530a58e238983ee4972eca9ed19028""",2026-08-21T06:06:57.710490+00:00,PASS,
premiumIndexKlines,um,ETHUSDT,15m,2023-09,https://data.binance.vision/data/futures/um/monthly/premiumIndexKlines/ETHUSDT/15m/ETHUSDT-15m-2023-09.zip,2880,2023-09-01T00:00:00+00:00,2023-09-30T23:45:00+00:00,e85d183f1c59a957b7b7dd294b87ff670dbbf4ac1bcebe506904e155c9931984,e85d183f1c59a957b7b7dd294b87ff670dbbf4ac1bcebe506904e155c9931984,61509,2023-11-18T17:45:46.000Z,"""d4a6ec44b637e77e8db8d74372d126f0""",2026-08-21T06:06:58.143719+00:00,PASS,
premiumIndexKlines,um,ETHUSDT,15m,2023-10,https://data.binance.vision/data/futures/um/monthly/premiumIndexKlines/ETHUSDT/15m/ETHUSDT-15m-2023-10.zip,2976,2023-10-01T00:00:00+00:00,2023-10-31T23:45:00+00:00,545c004de9075c47cc8d025111bc48aa6d2508146d0c254eead431ce722d3b92,545c004de9075c47cc8d025111bc48aa6d2508146d0c254eead431ce722d3b92,64290,2023-11-18T19:02:20.000Z,"""cc0587f6aa0f6b770b3642f3e10d9738""",2026-08-21T06:06:58.057626+00:00,PASS,
premiumIndexKlines,um,ETHUSDT,15m,2023-11,https://data.binance.vision/data/futures/um/monthly/premiumIndexKlines/ETHUSDT/15m/ETHUSDT-15m-2023-11.zip,2880,2023-11-01T00:00:00+00:00,2023-11-30T23:45:00+00:00,527ad31de6930069ea854f559750e5363e7f47c54c5e165056a73347df23a0ed,527ad31de6930069ea854f559750e5363e7f47c54c5e165056a73347df23a0ed,62994,2023-12-17T13:48:27.000Z,"""56a8939fb586d1056d1b45dd0090862a""",2026-08-21T06:06:58.387127+00:00,PASS,
premiumIndexKlines,um,ETHUSDT,15m,2023-12,https://data.binance.vision/data/futures/um/monthly/premiumIndexKlines/ETHUSDT/15m/ETHUSDT-15m-2023-12.zip,2976,2023-12-01T00:00:00+00:00,2023-12-31T23:45:00+00:00,1d591d3be4e0f50ffec0dfa859aa2397020ee10c25352dbb58b09064930a1352,1d591d3be4e0f50ffec0dfa859aa2397020ee10c25352dbb58b09064930a1352,65316,2024-01-02T05:50:05.000Z,"""dc7e7947f5b2ec60e69c8a5806247a88""",2026-08-21T06:06:58.473737+00:00,PASS,
premiumIndexKlines,um,ETHUSDT,15m,2024-01,https://data.binance.vision/data/futures/um/monthly/premiumIndexKlines/ETHUSDT/15m/ETHUSDT-15m-2024-01.zip,2976,2024-01-01T00:00:00+00:00,2024-01-31T23:45:00+00:00,e445f08e517524564394621dc69df6ad3b0074e9b11967a49a12737c493e09d1,e445f08e517524564394621dc69df6ad3b0074e9b11967a49a12737c493e09d1,65166,2024-02-18T13:46:05.000Z,"""9e6374b78a4f93bf18add70317273773""",2026-08-21T06:06:58.963144+00:00,PASS,
premiumIndexKlines,um,ETHUSDT,15m,2024-02,https://data.binance.vision/data/futures/um/monthly/premiumIndexKlines/ETHUSDT/15m/ETHUSDT-15m-2024-02.zip,2784,2024-02-01T00:00:00+00:00,2024-02-29T23:45:00+00:00,e6dea0f2c01f0f01af6b610da29e01d3d32a7a62ab940b1a663268b6ed1ae405,e6dea0f2c01f0f01af6b610da29e01d3d32a7a62ab940b1a663268b6ed1ae405,61246,2024-03-17T15:28:50.000Z,"""17af78ec6d701649457048a2a367c0dc""",2026-08-21T06:06:58.740450+00:00,PASS,
premiumIndexKlines,um,ETHUSDT,15m,2024-03,https://data.binance.vision/data/futures/um/monthly/premiumIndexKlines/ETHUSDT/15m/ETHUSDT-15m-2024-03.zip,2976,2024-03-01T00:00:00+00:00,2024-03-31T23:45:00+00:00,aaa05c06d9a82a36fe7e1388443544857c27d136d7a2a0c9ca39e5b6f66e3de8,aaa05c06d9a82a36fe7e1388443544857c27d136d7a2a0c9ca39e5b6f66e3de8,66100,2024-04-17T19:05:56.000Z,"""0c5ae0bbeafcb781a30a76a45d7b719b""",2026-08-21T06:06:59.054127+00:00,PASS,
premiumIndexKlines,um,ETHUSDT,15m,2024-04,https://data.binance.vision/data/futures/um/monthly/premiumIndexKlines/ETHUSDT/15m/ETHUSDT-15m-2024-04.zip,2880,2024-04-01T00:00:00+00:00,2024-04-30T23:45:00+00:00,3016c8121847ec37186c6e973127613468de19f5039c6078c975da083f6350ec,3016c8121847ec37186c6e973127613468de19f5039c6078c975da083f6350ec,63506,2024-05-17T14:15:20.000Z,"""56c20b6efba65db5519e02204e8f407b""",2026-08-21T06:06:59.380611+00:00,PASS,
premiumIndexKlines,um,ETHUSDT,15m,2024-05,https://data.binance.vision/data/futures/um/monthly/premiumIndexKlines/ETHUSDT/15m/ETHUSDT-15m-2024-05.zip,2976,2024-05-01T00:00:00+00:00,2024-05-31T23:45:00+00:00,469b289d44ec129dd9eb3f0aec933566f9700bfb2fd7cf5b6dad8c083f844410,469b289d44ec129dd9eb3f0aec933566f9700bfb2fd7cf5b6dad8c083f844410,65312,2024-06-17T13:46:56.000Z,"""0579b17599bdeff268d6ef4f2d47972c""",2026-08-21T06:06:59.466125+00:00,PASS,
premiumIndexKlines,um,ETHUSDT,15m,2024-06,https://data.binance.vision/data/futures/um/monthly/premiumIndexKlines/ETHUSDT/15m/ETHUSDT-15m-2024-06.zip,2880,2024-06-01T00:00:00+00:00,2024-06-30T23:45:00+00:00,8df1eec33e5362939f8aa23ee8733416dcfb2ac79bcb54b6aeef9b4d6ad75f05,8df1eec33e5362939f8aa23ee8733416dcfb2ac79bcb54b6aeef9b4d6ad75f05,62665,2024-07-17T14:20:19.000Z,"""cb447e49ab23a0ad47fbe6992f15f506""",2026-08-21T06:06:59.723886+00:00,PASS,
premiumIndexKlines,um,ETHUSDT,15m,2024-07,https://data.binance.vision/data/futures/um/monthly/premiumIndexKlines/ETHUSDT/15m/ETHUSDT-15m-2024-07.zip,2976,2024-07-01T00:00:00+00:00,2024-07-31T23:45:00+00:00,6d531f02a584427be3b83fe972b68f984dc1a2bb2eae07634ac2ec1c1eb377f6,6d531f02a584427be3b83fe972b68f984dc1a2bb2eae07634ac2ec1c1eb377f6,64952,2024-08-17T13:28:17.000Z,"""9683b057dd737b5e05d17d96bd5a766d""",2026-08-21T06:06:59.901349+00:00,PASS,
premiumIndexKlines,um,ETHUSDT,15m,2024-08,https://data.binance.vision/data/futures/um/monthly/premiumIndexKlines/ETHUSDT/15m/ETHUSDT-15m-2024-08.zip,2976,2024-08-01T00:00:00+00:00,2024-08-31T23:45:00+00:00,d832dc17fc9aa17eea8a32370ce34e305cf76a1da78468b4f1c067fb540b09c1,d832dc17fc9aa17eea8a32370ce34e305cf76a1da78468b4f1c067fb540b09c1,65282,2024-09-17T13:55:21.000Z,"""34aaadc74f8193277f5c03e4f523af8b""",2026-08-21T06:07:00.166981+00:00,PASS,
premiumIndexKlines,um,ETHUSDT,15m,2024-09,https://data.binance.vision/data/futures/um/monthly/premiumIndexKlines/ETHUSDT/15m/ETHUSDT-15m-2024-09.zip,2880,2024-09-01T00:00:00+00:00,2024-09-30T23:45:00+00:00,f962f7b8f2e7d80fc8e6b5a1e5c72ee3a189ef4765c63693cfb872d4698d398c,f962f7b8f2e7d80fc8e6b5a1e5c72ee3a189ef4765c63693cfb872d4698d398c,62578,2024-10-17T14:28:32.000Z,"""0ed237f08c9515047846405f4e2d9a7f""",2026-08-21T06:07:00.263597+00:00,PASS,
premiumIndexKlines,um,ETHUSDT,15m,2024-10,https://data.binance.vision/data/futures/um/monthly/premiumIndexKlines/ETHUSDT/15m/ETHUSDT-15m-2024-10.zip,2976,2024-10-01T00:00:00+00:00,2024-10-31T23:45:00+00:00,bb52608388c789e35499a1bf99b44163f3f22f9f1bf579a7de11e00b1ed58133,bb52608388c789e35499a1bf99b44163f3f22f9f1bf579a7de11e00b1ed58133,64994,2024-11-21T22:10:05.000Z,"""0a2e8f29802ea7df7674d53d087003b0""",2026-08-21T06:07:00.618276+00:00,PASS,
premiumIndexKlines,um,ETHUSDT,15m,2024-11,https://data.binance.vision/data/futures/um/monthly/premiumIndexKlines/ETHUSDT/15m/ETHUSDT-15m-2024-11.zip,2880,2024-11-01T00:00:00+00:00,2024-11-30T23:45:00+00:00,0f2918d22f263424f7a03b66ca44daf547d8f4bd474729a34f6ba276ce55d939,0f2918d22f263424f7a03b66ca44daf547d8f4bd474729a34f6ba276ce55d939,63520,2024-12-17T14:07:56.000Z,"""8e4652b5d49f665385896cc141272bae""",2026-08-21T06:07:00.567237+00:00,PASS,
premiumIndexKlines,um,ETHUSDT,15m,2024-12,https://data.binance.vision/data/futures/um/monthly/premiumIndexKlines/ETHUSDT/15m/ETHUSDT-15m-2024-12.zip,2976,2024-12-01T00:00:00+00:00,2024-12-31T23:45:00+00:00,9b48c1d5cd0ffaade210936f4d09624d3a1ca9e0ccc452e38141d62d505832f2,9b48c1d5cd0ffaade210936f4d09624d3a1ca9e0ccc452e38141d62d505832f2,65343,2025-01-17T13:35:03.000Z,"""60b197b98974a422d3c95c311477b9ab""",2026-08-21T06:07:00.895027+00:00,PASS,
premiumIndexKlines,um,ETHUSDT,15m,2025-01,https://data.binance.vision/data/futures/um/monthly/premiumIndexKlines/ETHUSDT/15m/ETHUSDT-15m-2025-01.zip,2976,2025-01-01T00:00:00+00:00,2025-01-31T23:45:00+00:00,abb9948f9af87639893b1d3c98b7fc832ef9aadd44dc6f816ce130b877317473,abb9948f9af87639893b1d3c98b7fc832ef9aadd44dc6f816ce130b877317473,65207,2025-02-17T13:28:36.000Z,"""49d2557f377fc4a5f18c418629c3a2e0""",2026-08-21T06:07:01.013945+00:00,PASS,
premiumIndexKlines,um,ETHUSDT,15m,2025-02,https://data.binance.vision/data/futures/um/monthly/premiumIndexKlines/ETHUSDT/15m/ETHUSDT-15m-2025-02.zip,2688,2025-02-01T00:00:00+00:00,2025-02-28T23:45:00+00:00,1196e70f93de1f999a94e33a8cf707c74577f890c87c68ff9af2e7e1a89ad20c,1196e70f93de1f999a94e33a8cf707c74577f890c87c68ff9af2e7e1a89ad20c,59098,2025-03-17T13:35:13.000Z,"""1a2a26062cf42006681868fedcc8d892""",2026-08-21T06:07:01.218214+00:00,PASS,
premiumIndexKlines,um,ETHUSDT,15m,2025-03,https://data.binance.vision/data/futures/um/monthly/premiumIndexKlines/ETHUSDT/15m/ETHUSDT-15m-2025-03.zip,2976,2025-03-01T00:00:00+00:00,2025-03-31T23:45:00+00:00,e05e987e7656fb7eca65be565ae519d5237c28f1b83a6bd91560b67466e2bb77,e05e987e7656fb7eca65be565ae519d5237c28f1b83a6bd91560b67466e2bb77,65118,2025-04-17T13:41:57.000Z,"""9712a2625dee10f97ff18f0ddffc8aca""",2026-08-21T06:07:01.424185+00:00,PASS,
premiumIndexKlines,um,ETHUSDT,15m,2025-04,https://data.binance.vision/data/futures/um/monthly/premiumIndexKlines/ETHUSDT/15m/ETHUSDT-15m-2025-04.zip,2880,2025-04-01T00:00:00+00:00,2025-04-30T23:45:00+00:00,4842c22c77d73e4b88952dce9454dc47ef89a9ea67022ac6b825c5a8e2cb22ba,4842c22c77d73e4b88952dce9454dc47ef89a9ea67022ac6b825c5a8e2cb22ba,63485,2025-05-17T13:48:49.000Z,"""751992632b81179fe5f6dac291bdf04e""",2026-08-21T06:07:01.635013+00:00,PASS,
premiumIndexKlines,um,ETHUSDT,15m,2025-05,https://data.binance.vision/data/futures/um/monthly/premiumIndexKlines/ETHUSDT/15m/ETHUSDT-15m-2025-05.zip,2976,2025-05-01T00:00:00+00:00,2025-05-31T23:45:00+00:00,316f505f227bce770d940e890382a3f6c5750c6f6582cc111ceb74c6002f3b34,316f505f227bce770d940e890382a3f6c5750c6f6582cc111ceb74c6002f3b34,65939,2025-06-02T08:23:17.000Z,"""32de20773d99379efb364ca6544e708e""",2026-08-21T06:07:01.841524+00:00,PASS,
premiumIndexKlines,um,ETHUSDT,15m,2025-06,https://data.binance.vision/data/futures/um/monthly/premiumIndexKlines/ETHUSDT/15m/ETHUSDT-15m-2025-06.zip,2880,2025-06-01T00:00:00+00:00,2025-06-30T23:45:00+00:00,43ddf64629753c46d5d23dd2c455b49bb68a4db61b0a67017ea3e707f661b8d0,43ddf64629753c46d5d23dd2c455b49bb68a4db61b0a67017ea3e707f661b8d0,63317,2025-07-17T14:47:20.000Z,"""e456d6f05ee0939128d7fdff7482cf97""",2026-08-21T06:07:02.044280+00:00,PASS,
premiumIndexKlines,um,ETHUSDT,15m,2025-07,https://data.binance.vision/data/futures/um/monthly/premiumIndexKlines/ETHUSDT/15m/ETHUSDT-15m-2025-07.zip,2976,2025-07-01T00:00:00+00:00,2025-07-31T23:45:00+00:00,7fd4b8a7766c55f73fa868b0a5d76c65597fdd90eb242e764a34ca1f7095de07,7fd4b8a7766c55f73fa868b0a5d76c65597fdd90eb242e764a34ca1f7095de07,65695,2025-08-02T09:06:43.000Z,"""6374613e9278693c94d87c28c6191748""",2026-08-21T06:07:02.241386+00:00,PASS,
premiumIndexKlines,um,ETHUSDT,15m,2025-08,https://data.binance.vision/data/futures/um/monthly/premiumIndexKlines/ETHUSDT/15m/ETHUSDT-15m-2025-08.zip,2976,2025-08-01T00:00:00+00:00,2025-08-31T23:45:00+00:00,eee55f861b77ae359af61d0648d552d15a230cc3472eafcf71e9885efeedacdd,eee55f861b77ae359af61d0648d552d15a230cc3472eafcf71e9885efeedacdd,65636,2025-09-02T11:05:00.000Z,"""f96ded5bd9d950ae6569e116d25f000c""",2026-08-21T06:07:02.462916+00:00,PASS,
premiumIndexKlines,um,ETHUSDT,15m,2025-09,https://data.binance.vision/data/futures/um/monthly/premiumIndexKlines/ETHUSDT/15m/ETHUSDT-15m-2025-09.zip,2880,2025-09-01T00:00:00+00:00,2025-09-30T23:45:00+00:00,73c0b1b7006efcedc48eb9f5259c1b4f2ddf00a71ea41d9d4f2edc8829588ceb,73c0b1b7006efcedc48eb9f5259c1b4f2ddf00a71ea41d9d4f2edc8829588ceb,62566,2025-10-02T09:02:02.000Z,"""4ad3a639e1e6393469abfc5f5fc92f31""",2026-08-21T06:07:02.665793+00:00,PASS,
premiumIndexKlines,um,ETHUSDT,15m,2025-10,https://data.binance.vision/data/futures/um/monthly/premiumIndexKlines/ETHUSDT/15m/ETHUSDT-15m-2025-10.zip,2976,2025-10-01T00:00:00+00:00,2025-10-31T23:45:00+00:00,7feccb0ce24a0d237e95c75637044be1438024fc2e6ebbce54ad880f1a5ebc3b,7feccb0ce24a0d237e95c75637044be1438024fc2e6ebbce54ad880f1a5ebc3b,65593,2025-11-02T09:35:35.000Z,"""8d49900393baff17e5b50eda43d1a277""",2026-08-21T06:07:02.813028+00:00,PASS,
premiumIndexKlines,um,ETHUSDT,15m,2025-11,https://data.binance.vision/data/futures/um/monthly/premiumIndexKlines/ETHUSDT/15m/ETHUSDT-15m-2025-11.zip,2880,2025-11-01T00:00:00+00:00,2025-11-30T23:45:00+00:00,6c135ecc76ef1ff19156616523e090f5e609b2452dd3e268f24a7cf92e6069f5,6c135ecc76ef1ff19156616523e090f5e609b2452dd3e268f24a7cf92e6069f5,63820,2025-12-02T09:35:41.000Z,"""8995039f6060bbf5948d7391edae2de2""",2026-08-21T06:07:03.074127+00:00,PASS,
premiumIndexKlines,um,ETHUSDT,15m,2025-12,https://data.binance.vision/data/futures/um/monthly/premiumIndexKlines/ETHUSDT/15m/ETHUSDT-15m-2025-12.zip,2976,2025-12-01T00:00:00+00:00,2025-12-31T23:45:00+00:00,dd8be10506808d17bafb85f6f56c39c0085fadefb9e9f4b925d9fa13cd843689,dd8be10506808d17bafb85f6f56c39c0085fadefb9e9f4b925d9fa13cd843689,65228,2026-01-02T10:28:42.000Z,"""cfee7b1e5b3b8bff4d05b80ae54ce44f""",2026-08-21T06:07:03.241563+00:00,PASS,
premiumIndexKlines,um,ETHUSDT,15m,2026-01,https://data.binance.vision/data/futures/um/monthly/premiumIndexKlines/ETHUSDT/15m/ETHUSDT-15m-2026-01.zip,2976,2026-01-01T00:00:00+00:00,2026-01-31T23:45:00+00:00,cd3e56c695d90f8f12a62347d3b4ceb1a79994c2a7bbd257b9e43f1fc5db2515,cd3e56c695d90f8f12a62347d3b4ceb1a79994c2a7bbd257b9e43f1fc5db2515,64394,2026-02-02T10:05:14.000Z,"""8ee277925fd93dceca6473c11828d23d""",2026-08-21T06:07:03.368399+00:00,PASS,
premiumIndexKlines,um,ETHUSDT,15m,2026-02,https://data.binance.vision/data/futures/um/monthly/premiumIndexKlines/ETHUSDT/15m/ETHUSDT-15m-2026-02.zip,2688,2026-02-01T00:00:00+00:00,2026-02-28T23:45:00+00:00,c15014ed7b6824a8ca3ea29445d9ad680475679f9d92f4c73a5f4d8d6811c7ea,c15014ed7b6824a8ca3ea29445d9ad680475679f9d92f4c73a5f4d8d6811c7ea,59428,2026-03-02T09:07:55.000Z,"""61589e8accd1e5db9a2d7d9a63c60488""",2026-08-21T06:07:03.616985+00:00,PASS,
premiumIndexKlines,um,ETHUSDT,15m,2026-03,https://data.binance.vision/data/futures/um/monthly/premiumIndexKlines/ETHUSDT/15m/ETHUSDT-15m-2026-03.zip,2976,2026-03-01T00:00:00+00:00,2026-03-31T23:45:00+00:00,db2b6b6572f71e31558a9e1aa3c0f457e83c007d6b39efa026e65bd1b6337051,db2b6b6572f71e31558a9e1aa3c0f457e83c007d6b39efa026e65bd1b6337051,66769,2026-04-02T09:08:48.000Z,"""59883438cd4a82502d201e9c1e2d7ef6""",2026-08-21T06:07:03.702529+00:00,PASS,
premiumIndexKlines,um,ETHUSDT,15m,2026-04,https://data.binance.vision/data/futures/um/monthly/premiumIndexKlines/ETHUSDT/15m/ETHUSDT-15m-2026-04.zip,2880,2026-04-01T00:00:00+00:00,2026-04-30T23:45:00+00:00,76041c322e112a95011366ae3133c74dda54b2769bfac4d3b556067828016b86,76041c322e112a95011366ae3133c74dda54b2769bfac4d3b556067828016b86,63104,2026-05-02T09:08:22.000Z,"""55f9c6383742406f5785fa6243a0c05c""",2026-08-21T06:07:04.000868+00:00,PASS,
premiumIndexKlines,um,ETHUSDT,15m,2026-05,https://data.binance.vision/data/futures/um/monthly/premiumIndexKlines/ETHUSDT/15m/ETHUSDT-15m-2026-05.zip,2976,2026-05-01T00:00:00+00:00,2026-05-31T23:45:00+00:00,ebe4a8a3446ccf10a77fbc263fc4c0ed8ef526815668c9ad5fd45b92afe527a9,ebe4a8a3446ccf10a77fbc263fc4c0ed8ef526815668c9ad5fd45b92afe527a9,64526,2026-06-02T10:49:31.000Z,"""0217370488ae59b9a2bc3e585179ea62""",2026-08-21T06:07:04.125499+00:00,PASS,
premiumIndexKlines,um,ETHUSDT,15m,2026-06,https://data.binance.vision/data/futures/um/monthly/premiumIndexKlines/ETHUSDT/15m/ETHUSDT-15m-2026-06.zip,2784,2026-06-01T00:00:00+00:00,2026-06-30T23:45:00+00:00,fca99a7358ca05611894fbb1435510182fb9c2399df2157ff2b5ed9d1d7dce34,fca99a7358ca05611894fbb1435510182fb9c2399df2157ff2b5ed9d1d7dce34,61458,2026-07-02T10:51:58.000Z,"""d727c60b1ad6e2d824db12752cbdce45""",2026-08-21T06:07:04.283960+00:00,PASS,MISSING_INTERVAL
premiumIndexKlines,um,ETHUSDT,15m,2026-07,https://data.binance.vision/data/futures/um/monthly/premiumIndexKlines/ETHUSDT/15m/ETHUSDT-15m-2026-07.zip,2976,2026-07-01T00:00:00+00:00,2026-07-31T23:45:00+00:00,f63dc638d15d202da6eb5d2f94d8821af3bcd6ac7e8404b7cf23a620eddf6093,f63dc638d15d202da6eb5d2f94d8821af3bcd6ac7e8404b7cf23a620eddf6093,64569,2026-08-02T10:26:38.000Z,"""f32bfaa02cf1fdbe8b5f1ab976160ff5""",2026-08-21T06:07:04.568723+00:00,PASS,
