market,symbol,asset_base,classification,evidence,evidence_source,classification_version,primary_crypto_eligible,all_tradable_usdt_diagnostic
spot,0GBNB,0GBNB,UNKNOWN,non-USDT quote,archive symbol spelling,r1.6-taxonomy-v1,False,False
spot,0GFDUSD,0GFDUSD,UNKNOWN,non-USDT quote,archive symbol spelling,r1.6-taxonomy-v1,False,False
spot,0GTRY,0GTRY,UNKNOWN,non-USDT quote,archive symbol spelling,r1.6-taxonomy-v1,False,False
spot,0GUSDC,0GUSDC,UNKNOWN,non-USDT quote,archive symbol spelling,r1.6-taxonomy-v1,False,False
spot,0GUSDT,0G,CRYPTO,USDT quote and base not in excluded taxonomy,r1.6 taxonomy v1,r1.6-taxonomy-v1,True,True
spot,1000CATBNB,CATBNB,UNKNOWN,non-USDT quote,archive symbol spelling,r1.6-taxonomy-v1,False,False
spot,1000CATFDUSD,CATFDUSD,UNKNOWN,non-USDT quote,archive symbol spelling,r1.6-taxonomy-v1,False,False
spot,1000CATTRY,CATTRY,UNKNOWN,non-USDT quote,archive symbol spelling,r1.6-taxonomy-v1,False,False
spot,1000CATUSDC,CATUSDC,UNKNOWN,non-USDT quote,archive symbol spelling,r1.6-taxonomy-v1,False,False
spot,1000CATUSDT,CAT,CRYPTO,USDT quote and base not in excluded taxonomy,r1.6 taxonomy v1,r1.6-taxonomy-v1,True,True
spot,1000CHEEMSUSDC,CHEEMSUSDC,UNKNOWN,non-USDT quote,archive symbol spelling,r1.6-taxonomy-v1,False,False
spot,1000CHEEMSUSDT,CHEEMS,CRYPTO,USDT quote and base not in excluded taxonomy,r1.6 taxonomy v1,r1.6-taxonomy-v1,True,True
spot,1000SATSFDUSD,SATSFDUSD,UNKNOWN,non-USDT quote,archive symbol spelling,r1.6-taxonomy-v1,False,False
spot,1000SATSTRY,SATSTRY,UNKNOWN,non-USDT quote,archive symbol spelling,r1.6-taxonomy-v1,False,False
spot,1000SATSUSDC,SATSUSDC,UNKNOWN,non-USDT quote,archive symbol spelling,r1.6-taxonomy-v1,False,False
spot,1000SATSUSDT,SATS,CRYPTO,USDT quote and base not in excluded taxonomy,r1.6 taxonomy v1,r1.6-taxonomy-v1,True,True
spot,1INCHBTC,1INCHBTC,UNKNOWN,non-USDT quote,archive symbol spelling,r1.6-taxonomy-v1,False,False
spot,1INCHBUSD,1INCHBUSD,UNKNOWN,non-USDT quote,archive symbol spelling,r1.6-taxonomy-v1,False,False
spot,1INCHDOWNUSDT,1INCHDOWN,LEVERAGED_OR_SYNTHETIC,leveraged-token suffix,archive symbol policy,r1.6-taxonomy-v1,False,True
spot,1INCHUPUSDT,1INCHUP,LEVERAGED_OR_SYNTHETIC,leveraged-token suffix,archive symbol policy,r1.6-taxonomy-v1,False,True
spot,1INCHUSDC,1INCHUSDC,UNKNOWN,non-USDT quote,archive symbol spelling,r1.6-taxonomy-v1,False,False
spot,1INCHUSDT,1INCH,CRYPTO,USDT quote and base not in excluded taxonomy,r1.6 taxonomy v1,r1.6-taxonomy-v1,True,True
spot,1MBABYDOGEFDUSD,1MBABYDOGEFDUSD,UNKNOWN,non-USDT quote,archive symbol spelling,r1.6-taxonomy-v1,False,False
spot,1MBABYDOGETRY,1MBABYDOGETRY,UNKNOWN,non-USDT quote,archive symbol spelling,r1.6-taxonomy-v1,False,False
spot,1MBABYDOGEUSDC,1MBABYDOGEUSDC,UNKNOWN,non-USDT quote,archive symbol spelling,r1.6-taxonomy-v1,False,False
spot,1MBABYDOGEUSDT,1MBABYDOGE,CRYPTO,USDT quote and base not in excluded taxonomy,r1.6 taxonomy v1,r1.6-taxonomy-v1,True,True
spot,2ZBNB,2ZBNB,UNKNOWN,non-USDT quote,archive symbol spelling,r1.6-taxonomy-v1,False,False
spot,2ZFDUSD,2ZFDUSD,UNKNOWN,non-USDT quote,archive symbol spelling,r1.6-taxonomy-v1,False,False
spot,2ZTRY,2ZTRY,UNKNOWN,non-USDT quote,archive symbol spelling,r1.6-taxonomy-v1,False,False
spot,2ZUSDC,2ZUSDC,UNKNOWN,non-USDT quote,archive symbol spelling,r1.6-taxonomy-v1,False,False
spot,2ZUSDT,2Z,CRYPTO,USDT quote and base not in excluded taxonomy,r1.6 taxonomy v1,r1.6-taxonomy-v1,True,True
spot,A2ZUSDC,A2ZUSDC,UNKNOWN,non-USDT quote,archive symbol spelling,r1.6-taxonomy-v1,False,False
spot,A2ZUSDT,A2Z,CRYPTO,USDT quote and base not in excluded taxonomy,r1.6 taxonomy v1,r1.6-taxonomy-v1,True,True
spot,AAOIBUSDT,AAOIB,CRYPTO,USDT quote and base not in excluded taxonomy,r1.6 taxonomy v1,r1.6-taxonomy-v1,True,True
spot,AAPLBUSDT,AAPLB,CRYPTO,USDT quote and base not in excluded taxonomy,r1.6 taxonomy v1,r1.6-taxonomy-v1,True,True
spot,AAVEBKRW,AAVEBKRW,UNKNOWN,non-USDT quote,archive symbol spelling,r1.6-taxonomy-v1,False,False
spot,AAVEBNB,AAVEBNB,UNKNOWN,non-USDT quote,archive symbol spelling,r1.6-taxonomy-v1,False,False
spot,AAVEBRL,AAVEBRL,UNKNOWN,non-USDT quote,archive symbol spelling,r1.6-taxonomy-v1,False,False
spot,AAVEBTC,AAVEBTC,UNKNOWN,non-USDT quote,archive symbol spelling,r1.6-taxonomy-v1,False,False
spot,AAVEBUSD,AAVEBUSD,UNKNOWN,non-USDT quote,archive symbol spelling,r1.6-taxonomy-v1,False,False
spot,AAVEDOWNUSDT,AAVEDOWN,LEVERAGED_OR_SYNTHETIC,leveraged-token suffix,archive symbol policy,r1.6-taxonomy-v1,False,True
spot,AAVEETH,AAVEETH,UNKNOWN,non-USDT quote,archive symbol spelling,r1.6-taxonomy-v1,False,False
spot,AAVEFDUSD,AAVEFDUSD,UNKNOWN,non-USDT quote,archive symbol spelling,r1.6-taxonomy-v1,False,False
spot,AAVETRY,AAVETRY,UNKNOWN,non-USDT quote,archive symbol spelling,r1.6-taxonomy-v1,False,False
spot,AAVEU,AAVEU,UNKNOWN,non-USDT quote,archive symbol spelling,r1.6-taxonomy-v1,False,False
spot,AAVEUPUSDT,AAVEUP,LEVERAGED_OR_SYNTHETIC,leveraged-token suffix,archive symbol policy,r1.6-taxonomy-v1,False,True
spot,AAVEUSDC,AAVEUSDC,UNKNOWN,non-USDT quote,archive symbol spelling,r1.6-taxonomy-v1,False,False
spot,AAVEUSDT,AAVE,CRYPTO,USDT quote and base not in excluded taxonomy,r1.6 taxonomy v1,r1.6-taxonomy-v1,True,True
spot,ABTC,ABTC,UNKNOWN,non-USDT quote,archive symbol spelling,r1.6-taxonomy-v1,False,False
spot,ACABTC,ACABTC,UNKNOWN,non-USDT quote,archive symbol spelling,r1.6-taxonomy-v1,False,False
spot,ACABUSD,ACABUSD,UNKNOWN,non-USDT quote,archive symbol spelling,r1.6-taxonomy-v1,False,False
spot,ACATRY,ACATRY,UNKNOWN,non-USDT quote,archive symbol spelling,r1.6-taxonomy-v1,False,False
spot,ACAUSDT,ACA,CRYPTO,USDT quote and base not in excluded taxonomy,r1.6 taxonomy v1,r1.6-taxonomy-v1,True,True
spot,ACEBNB,ACEBNB,UNKNOWN,non-USDT quote,archive symbol spelling,r1.6-taxonomy-v1,False,False
spot,ACEBTC,ACEBTC,UNKNOWN,non-USDT quote,archive symbol spelling,r1.6-taxonomy-v1,False,False
spot,ACEFDUSD,ACEFDUSD,UNKNOWN,non-USDT quote,archive symbol spelling,r1.6-taxonomy-v1,False,False
spot,ACETRY,ACETRY,UNKNOWN,non-USDT quote,archive symbol spelling,r1.6-taxonomy-v1,False,False
spot,ACEUSDT,ACE,CRYPTO,USDT quote and base not in excluded taxonomy,r1.6 taxonomy v1,r1.6-taxonomy-v1,True,True
spot,ACHBTC,ACHBTC,UNKNOWN,non-USDT quote,archive symbol spelling,r1.6-taxonomy-v1,False,False
spot,ACHBUSD,ACHBUSD,UNKNOWN,non-USDT quote,archive symbol spelling,r1.6-taxonomy-v1,False,False
spot,ACHTRY,ACHTRY,UNKNOWN,non-USDT quote,archive symbol spelling,r1.6-taxonomy-v1,False,False
spot,ACHUSDC,ACHUSDC,UNKNOWN,non-USDT quote,archive symbol spelling,r1.6-taxonomy-v1,False,False
spot,ACHUSDT,ACH,CRYPTO,USDT quote and base not in excluded taxonomy,r1.6 taxonomy v1,r1.6-taxonomy-v1,True,True
spot,ACMBTC,ACMBTC,UNKNOWN,non-USDT quote,archive symbol spelling,r1.6-taxonomy-v1,False,False
spot,ACMBUSD,ACMBUSD,UNKNOWN,non-USDT quote,archive symbol spelling,r1.6-taxonomy-v1,False,False
spot,ACMTRY,ACMTRY,UNKNOWN,non-USDT quote,archive symbol spelling,r1.6-taxonomy-v1,False,False
spot,ACMUSDT,ACM,CRYPTO,USDT quote and base not in excluded taxonomy,r1.6 taxonomy v1,r1.6-taxonomy-v1,True,True
spot,ACTBRL,ACTBRL,UNKNOWN,non-USDT quote,archive symbol spelling,r1.6-taxonomy-v1,False,False
spot,ACTEUR,ACTEUR,UNKNOWN,non-USDT quote,archive symbol spelling,r1.6-taxonomy-v1,False,False
spot,ACTFDUSD,ACTFDUSD,UNKNOWN,non-USDT quote,archive symbol spelling,r1.6-taxonomy-v1,False,False
spot,ACTTRY,ACTTRY,UNKNOWN,non-USDT quote,archive symbol spelling,r1.6-taxonomy-v1,False,False
spot,ACTUSDC,ACTUSDC,UNKNOWN,non-USDT quote,archive symbol spelling,r1.6-taxonomy-v1,False,False
spot,ACTUSDT,ACT,CRYPTO,USDT quote and base not in excluded taxonomy,r1.6 taxonomy v1,r1.6-taxonomy-v1,True,True
spot,ACXFDUSD,ACXFDUSD,UNKNOWN,non-USDT quote,archive symbol spelling,r1.6-taxonomy-v1,False,False
spot,ACXTRY,ACXTRY,UNKNOWN,non-USDT quote,archive symbol spelling,r1.6-taxonomy-v1,False,False
spot,ACXUSDC,ACXUSDC,UNKNOWN,non-USDT quote,archive symbol spelling,r1.6-taxonomy-v1,False,False
spot,ACXUSDT,ACX,CRYPTO,USDT quote and base not in excluded taxonomy,r1.6 taxonomy v1,r1.6-taxonomy-v1,True,True
spot,ADAAUD,ADAAUD,UNKNOWN,non-USDT quote,archive symbol spelling,r1.6-taxonomy-v1,False,False
spot,ADABIDR,ADABIDR,UNKNOWN,non-USDT quote,archive symbol spelling,r1.6-taxonomy-v1,False,False
spot,ADABKRW,ADABKRW,UNKNOWN,non-USDT quote,archive symbol spelling,r1.6-taxonomy-v1,False,False
spot,ADABNB,ADABNB,UNKNOWN,non-USDT quote,archive symbol spelling,r1.6-taxonomy-v1,False,False
spot,ADABRL,ADABRL,UNKNOWN,non-USDT quote,archive symbol spelling,r1.6-taxonomy-v1,False,False
spot,ADABTC,ADABTC,UNKNOWN,non-USDT quote,archive symbol spelling,r1.6-taxonomy-v1,False,False
spot,ADABUSD,ADABUSD,UNKNOWN,non-USDT quote,archive symbol spelling,r1.6-taxonomy-v1,False,False
spot,ADADOWNUSDT,ADADOWN,LEVERAGED_OR_SYNTHETIC,leveraged-token suffix,archive symbol policy,r1.6-taxonomy-v1,False,True
spot,ADAETH,ADAETH,UNKNOWN,non-USDT quote,archive symbol spelling,r1.6-taxonomy-v1,False,False
spot,ADAEUR,ADAEUR,UNKNOWN,non-USDT quote,archive symbol spelling,r1.6-taxonomy-v1,False,False
spot,ADAFDUSD,ADAFDUSD,UNKNOWN,non-USDT quote,archive symbol spelling,r1.6-taxonomy-v1,False,False
spot,ADAGBP,ADAGBP,UNKNOWN,non-USDT quote,archive symbol spelling,r1.6-taxonomy-v1,False,False
spot,ADAIDR,ADAIDR,UNKNOWN,non-USDT quote,archive symbol spelling,r1.6-taxonomy-v1,False,False
spot,ADAJPY,ADAJPY,UNKNOWN,non-USDT quote,archive symbol spelling,r1.6-taxonomy-v1,False,False
spot,ADAPAX,ADAPAX,UNKNOWN,non-USDT quote,archive symbol spelling,r1.6-taxonomy-v1,False,False
spot,ADARUB,ADARUB,UNKNOWN,non-USDT quote,archive symbol spelling,r1.6-taxonomy-v1,False,False
spot,ADATRY,ADATRY,UNKNOWN,non-USDT quote,archive symbol spelling,r1.6-taxonomy-v1,False,False
spot,ADATUSD,ADATUSD,UNKNOWN,non-USDT quote,archive symbol spelling,r1.6-taxonomy-v1,False,False
spot,ADAU,ADAU,UNKNOWN,non-USDT quote,archive symbol spelling,r1.6-taxonomy-v1,False,False
spot,ADAUPUSDT,ADAUP,LEVERAGED_OR_SYNTHETIC,leveraged-token suffix,archive symbol policy,r1.6-taxonomy-v1,False,True
spot,ADAUSD1,ADAUSD1,UNKNOWN,non-USDT quote,archive symbol spelling,r1.6-taxonomy-v1,False,False
spot,ADAUSDC,ADAUSDC,UNKNOWN,non-USDT quote,archive symbol spelling,r1.6-taxonomy-v1,False,False
spot,ADAUSDT,ADA,CRYPTO,USDT quote and base not in excluded taxonomy,r1.6 taxonomy v1,r1.6-taxonomy-v1,True,True
spot,ADXBNB,ADXBNB,UNKNOWN,non-USDT quote,archive symbol spelling,r1.6-taxonomy-v1,False,False
spot,ADXBTC,ADXBTC,UNKNOWN,non-USDT quote,archive symbol spelling,r1.6-taxonomy-v1,False,False
spot,ADXBUSD,ADXBUSD,UNKNOWN,non-USDT quote,archive symbol spelling,r1.6-taxonomy-v1,False,False
spot,ADXETH,ADXETH,UNKNOWN,non-USDT quote,archive symbol spelling,r1.6-taxonomy-v1,False,False
spot,ADXUSDT,ADX,CRYPTO,USDT quote and base not in excluded taxonomy,r1.6 taxonomy v1,r1.6-taxonomy-v1,True,True
spot,AEBNB,AEBNB,UNKNOWN,non-USDT quote,archive symbol spelling,r1.6-taxonomy-v1,False,False
spot,AEBTC,AEBTC,UNKNOWN,non-USDT quote,archive symbol spelling,r1.6-taxonomy-v1,False,False
spot,AEETH,AEETH,UNKNOWN,non-USDT quote,archive symbol spelling,r1.6-taxonomy-v1,False,False
spot,AERGOBTC,AERGOBTC,UNKNOWN,non-USDT quote,archive symbol spelling,r1.6-taxonomy-v1,False,False
spot,AERGOBUSD,AERGOBUSD,UNKNOWN,non-USDT quote,archive symbol spelling,r1.6-taxonomy-v1,False,False
spot,AERGOUSDT,AERGO,CRYPTO,USDT quote and base not in excluded taxonomy,r1.6 taxonomy v1,r1.6-taxonomy-v1,True,True
spot,AEROTRY,AEROTRY,UNKNOWN,non-USDT quote,archive symbol spelling,r1.6-taxonomy-v1,False,False
spot,AEROUSDC,AEROUSDC,UNKNOWN,non-USDT quote,archive symbol spelling,r1.6-taxonomy-v1,False,False
spot,AEROUSDT,AERO,CRYPTO,USDT quote and base not in excluded taxonomy,r1.6 taxonomy v1,r1.6-taxonomy-v1,True,True
spot,AETH,AETH,UNKNOWN,non-USDT quote,archive symbol spelling,r1.6-taxonomy-v1,False,False
spot,AEURUSDT,AEUR,FIAT_OR_TOKENIZED_FIAT,base asset in frozen fiat/tokenized-fiat list,r1.6 taxonomy v1,r1.6-taxonomy-v1,False,True
spot,AEVOBNB,AEVOBNB,UNKNOWN,non-USDT quote,archive symbol spelling,r1.6-taxonomy-v1,False,False
spot,AEVOBTC,AEVOBTC,UNKNOWN,non-USDT quote,archive symbol spelling,r1.6-taxonomy-v1,False,False
spot,AEVOFDUSD,AEVOFDUSD,UNKNOWN,non-USDT quote,archive symbol spelling,r1.6-taxonomy-v1,False,False
spot,AEVOTRY,AEVOTRY,UNKNOWN,non-USDT quote,archive symbol spelling,r1.6-taxonomy-v1,False,False
spot,AEVOUSDC,AEVOUSDC,UNKNOWN,non-USDT quote,archive symbol spelling,r1.6-taxonomy-v1,False,False
spot,AEVOUSDT,AEVO,CRYPTO,USDT quote and base not in excluded taxonomy,r1.6 taxonomy v1,r1.6-taxonomy-v1,True,True
spot,AFDUSD,AFDUSD,UNKNOWN,non-USDT quote,archive symbol spelling,r1.6-taxonomy-v1,False,False
spot,AGIBNB,AGIBNB,UNKNOWN,non-USDT quote,archive symbol spelling,r1.6-taxonomy-v1,False,False
spot,AGIBTC,AGIBTC,UNKNOWN,non-USDT quote,archive symbol spelling,r1.6-taxonomy-v1,False,False
spot,AGIETH,AGIETH,UNKNOWN,non-USDT quote,archive symbol spelling,r1.6-taxonomy-v1,False,False
spot,AGIXBTC,AGIXBTC,UNKNOWN,non-USDT quote,archive symbol spelling,r1.6-taxonomy-v1,False,False
spot,AGIXBUSD,AGIXBUSD,UNKNOWN,non-USDT quote,archive symbol spelling,r1.6-taxonomy-v1,False,False
spot,AGIXFDUSD,AGIXFDUSD,UNKNOWN,non-USDT quote,archive symbol spelling,r1.6-taxonomy-v1,False,False
spot,AGIXTRY,AGIXTRY,UNKNOWN,non-USDT quote,archive symbol spelling,r1.6-taxonomy-v1,False,False
spot,AGIXUSDT,AGIX,CRYPTO,USDT quote and base not in excluded taxonomy,r1.6 taxonomy v1,r1.6-taxonomy-v1,True,True
spot,AGLDBNB,AGLDBNB,UNKNOWN,non-USDT quote,archive symbol spelling,r1.6-taxonomy-v1,False,False
spot,AGLDBTC,AGLDBTC,UNKNOWN,non-USDT quote,archive symbol spelling,r1.6-taxonomy-v1,False,False
spot,AGLDBUSD,AGLDBUSD,UNKNOWN,non-USDT quote,archive symbol spelling,r1.6-taxonomy-v1,False,False
spot,AGLDUSDT,AGLD,CRYPTO,USDT quote and base not in excluded taxonomy,r1.6 taxonomy v1,r1.6-taxonomy-v1,True,True
spot,AIBNB,AIBNB,UNKNOWN,non-USDT quote,archive symbol spelling,r1.6-taxonomy-v1,False,False
spot,AIBTC,AIBTC,UNKNOWN,non-USDT quote,archive symbol spelling,r1.6-taxonomy-v1,False,False
spot,AIFDUSD,AIFDUSD,UNKNOWN,non-USDT quote,archive symbol spelling,r1.6-taxonomy-v1,False,False
spot,AIGENSYNTRY,AIGENSYNTRY,UNKNOWN,non-USDT quote,archive symbol spelling,r1.6-taxonomy-v1,False,False
spot,AIGENSYNUSDC,AIGENSYNUSDC,UNKNOWN,non-USDT quote,archive symbol spelling,r1.6-taxonomy-v1,False,False
spot,AIGENSYNUSDT,AIGENSYN,CRYPTO,USDT quote and base not in excluded taxonomy,r1.6 taxonomy v1,r1.6-taxonomy-v1,True,True
spot,AIONBNB,AIONBNB,UNKNOWN,non-USDT quote,archive symbol spelling,r1.6-taxonomy-v1,False,False
spot,AIONBTC,AIONBTC,UNKNOWN,non-USDT quote,archive symbol spelling,r1.6-taxonomy-v1,False,False
spot,AIONBUSD,AIONBUSD,UNKNOWN,non-USDT quote,archive symbol spelling,r1.6-taxonomy-v1,False,False
spot,AIONETH,AIONETH,UNKNOWN,non-USDT quote,archive symbol spelling,r1.6-taxonomy-v1,False,False
spot,AIONUSDT,AION,CRYPTO,USDT quote and base not in excluded taxonomy,r1.6 taxonomy v1,r1.6-taxonomy-v1,True,True
spot,AITRY,AITRY,UNKNOWN,non-USDT quote,archive symbol spelling,r1.6-taxonomy-v1,False,False
spot,AITUSD,AITUSD,UNKNOWN,non-USDT quote,archive symbol spelling,r1.6-taxonomy-v1,False,False
spot,AIUSDT,AI,CRYPTO,USDT quote and base not in excluded taxonomy,r1.6 taxonomy v1,r1.6-taxonomy-v1,True,True
spot,AIXBTTRY,AIXBTTRY,UNKNOWN,non-USDT quote,archive symbol spelling,r1.6-taxonomy-v1,False,False
spot,AIXBTUSDC,AIXBTUSDC,UNKNOWN,non-USDT quote,archive symbol spelling,r1.6-taxonomy-v1,False,False
spot,AIXBTUSDT,AIXBT,CRYPTO,USDT quote and base not in excluded taxonomy,r1.6 taxonomy v1,r1.6-taxonomy-v1,True,True
spot,AKROBTC,AKROBTC,UNKNOWN,non-USDT quote,archive symbol spelling,r1.6-taxonomy-v1,False,False
spot,AKROBUSD,AKROBUSD,UNKNOWN,non-USDT quote,archive symbol spelling,r1.6-taxonomy-v1,False,False
spot,AKROUSDT,AKRO,CRYPTO,USDT quote and base not in excluded taxonomy,r1.6 taxonomy v1,r1.6-taxonomy-v1,True,True
spot,ALCXBTC,ALCXBTC,UNKNOWN,non-USDT quote,archive symbol spelling,r1.6-taxonomy-v1,False,False
spot,ALCXBUSD,ALCXBUSD,UNKNOWN,non-USDT quote,archive symbol spelling,r1.6-taxonomy-v1,False,False
spot,ALCXUSDT,ALCX,CRYPTO,USDT quote and base not in excluded taxonomy,r1.6 taxonomy v1,r1.6-taxonomy-v1,True,True
spot,ALGOBIDR,ALGOBIDR,UNKNOWN,non-USDT quote,archive symbol spelling,r1.6-taxonomy-v1,False,False
spot,ALGOBNB,ALGOBNB,UNKNOWN,non-USDT quote,archive symbol spelling,r1.6-taxonomy-v1,False,False
spot,ALGOBTC,ALGOBTC,UNKNOWN,non-USDT quote,archive symbol spelling,r1.6-taxonomy-v1,False,False
spot,ALGOBUSD,ALGOBUSD,UNKNOWN,non-USDT quote,archive symbol spelling,r1.6-taxonomy-v1,False,False
spot,ALGOETH,ALGOETH,UNKNOWN,non-USDT quote,archive symbol spelling,r1.6-taxonomy-v1,False,False
spot,ALGOFDUSD,ALGOFDUSD,UNKNOWN,non-USDT quote,archive symbol spelling,r1.6-taxonomy-v1,False,False
spot,ALGOPAX,ALGOPAX,UNKNOWN,non-USDT quote,archive symbol spelling,r1.6-taxonomy-v1,False,False
spot,ALGORUB,ALGORUB,UNKNOWN,non-USDT quote,archive symbol spelling,r1.6-taxonomy-v1,False,False
spot,ALGOTRY,ALGOTRY,UNKNOWN,non-USDT quote,archive symbol spelling,r1.6-taxonomy-v1,False,False
spot,ALGOTUSD,ALGOTUSD,UNKNOWN,non-USDT quote,archive symbol spelling,r1.6-taxonomy-v1,False,False
spot,ALGOUSDC,ALGOUSDC,UNKNOWN,non-USDT quote,archive symbol spelling,r1.6-taxonomy-v1,False,False
spot,ALGOUSDT,ALGO,CRYPTO,USDT quote and base not in excluded taxonomy,r1.6 taxonomy v1,r1.6-taxonomy-v1,True,True
spot,ALICEBIDR,ALICEBIDR,UNKNOWN,non-USDT quote,archive symbol spelling,r1.6-taxonomy-v1,False,False
spot,ALICEBNB,ALICEBNB,UNKNOWN,non-USDT quote,archive symbol spelling,r1.6-taxonomy-v1,False,False
spot,ALICEBTC,ALICEBTC,UNKNOWN,non-USDT quote,archive symbol spelling,r1.6-taxonomy-v1,False,False
spot,ALICEBUSD,ALICEBUSD,UNKNOWN,non-USDT quote,archive symbol spelling,r1.6-taxonomy-v1,False,False
spot,ALICETRY,ALICETRY,UNKNOWN,non-USDT quote,archive symbol spelling,r1.6-taxonomy-v1,False,False
spot,ALICEUSDT,ALICE,CRYPTO,USDT quote and base not in excluded taxonomy,r1.6 taxonomy v1,r1.6-taxonomy-v1,True,True
spot,ALLOBNB,ALLOBNB,UNKNOWN,non-USDT quote,archive symbol spelling,r1.6-taxonomy-v1,False,False
spot,ALLOTRY,ALLOTRY,UNKNOWN,non-USDT quote,archive symbol spelling,r1.6-taxonomy-v1,False,False
spot,ALLOUSDC,ALLOUSDC,UNKNOWN,non-USDT quote,archive symbol spelling,r1.6-taxonomy-v1,False,False
spot,ALLOUSDT,ALLO,CRYPTO,USDT quote and base not in excluded taxonomy,r1.6 taxonomy v1,r1.6-taxonomy-v1,True,True
spot,ALPACABNB,ALPACABNB,UNKNOWN,non-USDT quote,archive symbol spelling,r1.6-taxonomy-v1,False,False
spot,ALPACABTC,ALPACABTC,UNKNOWN,non-USDT quote,archive symbol spelling,r1.6-taxonomy-v1,False,False
spot,ALPACABUSD,ALPACABUSD,UNKNOWN,non-USDT quote,archive symbol spelling,r1.6-taxonomy-v1,False,False
spot,ALPACAUSDT,ALPACA,CRYPTO,USDT quote and base not in excluded taxonomy,r1.6 taxonomy v1,r1.6-taxonomy-v1,True,True
spot,ALPHABNB,ALPHABNB,UNKNOWN,non-USDT quote,archive symbol spelling,r1.6-taxonomy-v1,False,False
spot,ALPHABTC,ALPHABTC,UNKNOWN,non-USDT quote,archive symbol spelling,r1.6-taxonomy-v1,False,False
spot,ALPHABUSD,ALPHABUSD,UNKNOWN,non-USDT quote,archive symbol spelling,r1.6-taxonomy-v1,False,False
spot,ALPHAUSDT,ALPHA,CRYPTO,USDT quote and base not in excluded taxonomy,r1.6 taxonomy v1,r1.6-taxonomy-v1,True,True
spot,ALPINEBTC,ALPINEBTC,UNKNOWN,non-USDT quote,archive symbol spelling,r1.6-taxonomy-v1,False,False
spot,ALPINEBUSD,ALPINEBUSD,UNKNOWN,non-USDT quote,archive symbol spelling,r1.6-taxonomy-v1,False,False
spot,ALPINEEUR,ALPINEEUR,UNKNOWN,non-USDT quote,archive symbol spelling,r1.6-taxonomy-v1,False,False
spot,ALPINETRY,ALPINETRY,UNKNOWN,non-USDT quote,archive symbol spelling,r1.6-taxonomy-v1,False,False
spot,ALPINEUSDT,ALPINE,CRYPTO,USDT quote and base not in excluded taxonomy,r1.6 taxonomy v1,r1.6-taxonomy-v1,True,True
spot,ALTBNB,ALTBNB,UNKNOWN,non-USDT quote,archive symbol spelling,r1.6-taxonomy-v1,False,False
spot,ALTBTC,ALTBTC,UNKNOWN,non-USDT quote,archive symbol spelling,r1.6-taxonomy-v1,False,False
spot,ALTFDUSD,ALTFDUSD,UNKNOWN,non-USDT quote,archive symbol spelling,r1.6-taxonomy-v1,False,False
spot,ALTTRY,ALTTRY,UNKNOWN,non-USDT quote,archive symbol spelling,r1.6-taxonomy-v1,False,False
spot,ALTUSDC,ALTUSDC,UNKNOWN,non-USDT quote,archive symbol spelling,r1.6-taxonomy-v1,False,False
spot,ALTUSDT,ALT,CRYPTO,USDT quote and base not in excluded taxonomy,r1.6 taxonomy v1,r1.6-taxonomy-v1,True,True
spot,AMATBUSDT,AMATB,CRYPTO,USDT quote and base not in excluded taxonomy,r1.6 taxonomy v1,r1.6-taxonomy-v1,True,True
spot,AMBBNB,AMBBNB,UNKNOWN,non-USDT quote,archive symbol spelling,r1.6-taxonomy-v1,False,False
spot,AMBBTC,AMBBTC,UNKNOWN,non-USDT quote,archive symbol spelling,r1.6-taxonomy-v1,False,False
spot,AMBBUSD,AMBBUSD,UNKNOWN,non-USDT quote,archive symbol spelling,r1.6-taxonomy-v1,False,False
spot,AMBETH,AMBETH,UNKNOWN,non-USDT quote,archive symbol spelling,r1.6-taxonomy-v1,False,False
spot,AMBUSDT,AMB,CRYPTO,USDT quote and base not in excluded taxonomy,r1.6 taxonomy v1,r1.6-taxonomy-v1,True,True
spot,AMDBUSDT,AMDB,CRYPTO,USDT quote and base not in excluded taxonomy,r1.6 taxonomy v1,r1.6-taxonomy-v1,True,True
spot,AMPBNB,AMPBNB,UNKNOWN,non-USDT quote,archive symbol spelling,r1.6-taxonomy-v1,False,False
spot,AMPBTC,AMPBTC,UNKNOWN,non-USDT quote,archive symbol spelling,r1.6-taxonomy-v1,False,False
spot,AMPBUSD,AMPBUSD,UNKNOWN,non-USDT quote,archive symbol spelling,r1.6-taxonomy-v1,False,False
spot,AMPTRY,AMPTRY,UNKNOWN,non-USDT quote,archive symbol spelling,r1.6-taxonomy-v1,False,False
spot,AMPUSDT,AMP,CRYPTO,USDT quote and base not in excluded taxonomy,r1.6 taxonomy v1,r1.6-taxonomy-v1,True,True
spot,AMZNBUSDT,AMZNB,CRYPTO,USDT quote and base not in excluded taxonomy,r1.6 taxonomy v1,r1.6-taxonomy-v1,True,True
spot,ANCBNB,ANCBNB,UNKNOWN,non-USDT quote,archive symbol spelling,r1.6-taxonomy-v1,False,False
spot,ANCBTC,ANCBTC,UNKNOWN,non-USDT quote,archive symbol spelling,r1.6-taxonomy-v1,False,False
spot,ANCBUSD,ANCBUSD,UNKNOWN,non-USDT quote,archive symbol spelling,r1.6-taxonomy-v1,False,False
spot,ANCUSDT,ANC,CRYPTO,USDT quote and base not in excluded taxonomy,r1.6 taxonomy v1,r1.6-taxonomy-v1,True,True
spot,ANIMEBNB,ANIMEBNB,UNKNOWN,non-USDT quote,archive symbol spelling,r1.6-taxonomy-v1,False,False
spot,ANIMEFDUSD,ANIMEFDUSD,UNKNOWN,non-USDT quote,archive symbol spelling,r1.6-taxonomy-v1,False,False
spot,ANIMETRY,ANIMETRY,UNKNOWN,non-USDT quote,archive symbol spelling,r1.6-taxonomy-v1,False,False
spot,ANIMEUSDC,ANIMEUSDC,UNKNOWN,non-USDT quote,archive symbol spelling,r1.6-taxonomy-v1,False,False
spot,ANIMEUSDT,ANIME,CRYPTO,USDT quote and base not in excluded taxonomy,r1.6 taxonomy v1,r1.6-taxonomy-v1,True,True
spot,ANKRBNB,ANKRBNB,UNKNOWN,non-USDT quote,archive symbol spelling,r1.6-taxonomy-v1,False,False
spot,ANKRBTC,ANKRBTC,UNKNOWN,non-USDT quote,archive symbol spelling,r1.6-taxonomy-v1,False,False
spot,ANKRBUSD,ANKRBUSD,UNKNOWN,non-USDT quote,archive symbol spelling,r1.6-taxonomy-v1,False,False
spot,ANKRPAX,ANKRPAX,UNKNOWN,non-USDT quote,archive symbol spelling,r1.6-taxonomy-v1,False,False
spot,ANKRTRY,ANKRTRY,UNKNOWN,non-USDT quote,archive symbol spelling,r1.6-taxonomy-v1,False,False
spot,ANKRTUSD,ANKRTUSD,UNKNOWN,non-USDT quote,archive symbol spelling,r1.6-taxonomy-v1,False,False
spot,ANKRUSDC,ANKRUSDC,UNKNOWN,non-USDT quote,archive symbol spelling,r1.6-taxonomy-v1,False,False
spot,ANKRUSDT,ANKR,CRYPTO,USDT quote and base not in excluded taxonomy,r1.6 taxonomy v1,r1.6-taxonomy-v1,True,True
spot,ANTBNB,ANTBNB,UNKNOWN,non-USDT quote,archive symbol spelling,r1.6-taxonomy-v1,False,False
spot,ANTBTC,ANTBTC,UNKNOWN,non-USDT quote,archive symbol spelling,r1.6-taxonomy-v1,False,False
spot,ANTBUSD,ANTBUSD,UNKNOWN,non-USDT quote,archive symbol spelling,r1.6-taxonomy-v1,False,False
spot,ANTUSDT,ANT,CRYPTO,USDT quote and base not in excluded taxonomy,r1.6 taxonomy v1,r1.6-taxonomy-v1,True,True
spot,ANYBTC,ANYBTC,UNKNOWN,non-USDT quote,archive symbol spelling,r1.6-taxonomy-v1,False,False
spot,ANYBUSD,ANYBUSD,UNKNOWN,non-USDT quote,archive symbol spelling,r1.6-taxonomy-v1,False,False
spot,ANYUSDT,ANY,CRYPTO,USDT quote and base not in excluded taxonomy,r1.6 taxonomy v1,r1.6-taxonomy-v1,True,True
spot,APEAUD,APEAUD,UNKNOWN,non-USDT quote,archive symbol spelling,r1.6-taxonomy-v1,False,False
spot,APEBNB,APEBNB,UNKNOWN,non-USDT quote,archive symbol spelling,r1.6-taxonomy-v1,False,False
spot,APEBRL,APEBRL,UNKNOWN,non-USDT quote,archive symbol spelling,r1.6-taxonomy-v1,False,False
spot,APEBTC,APEBTC,UNKNOWN,non-USDT quote,archive symbol spelling,r1.6-taxonomy-v1,False,False
spot,APEBUSD,APEBUSD,UNKNOWN,non-USDT quote,archive symbol spelling,r1.6-taxonomy-v1,False,False
spot,APEETH,APEETH,UNKNOWN,non-USDT quote,archive symbol spelling,r1.6-taxonomy-v1,False,False
spot,APEEUR,APEEUR,UNKNOWN,non-USDT quote,archive symbol spelling,r1.6-taxonomy-v1,False,False
spot,APEFDUSD,APEFDUSD,UNKNOWN,non-USDT quote,archive symbol spelling,r1.6-taxonomy-v1,False,False
spot,APEGBP,APEGBP,UNKNOWN,non-USDT quote,archive symbol spelling,r1.6-taxonomy-v1,False,False
spot,APETRY,APETRY,UNKNOWN,non-USDT quote,archive symbol spelling,r1.6-taxonomy-v1,False,False
spot,APEUSDC,APEUSDC,UNKNOWN,non-USDT quote,archive symbol spelling,r1.6-taxonomy-v1,False,False
spot,APEUSDT,APE,CRYPTO,USDT quote and base not in excluded taxonomy,r1.6 taxonomy v1,r1.6-taxonomy-v1,True,True
spot,API3BNB,API3BNB,UNKNOWN,non-USDT quote,archive symbol spelling,r1.6-taxonomy-v1,False,False
spot,API3BTC,API3BTC,UNKNOWN,non-USDT quote,archive symbol spelling,r1.6-taxonomy-v1,False,False
spot,API3BUSD,API3BUSD,UNKNOWN,non-USDT quote,archive symbol spelling,r1.6-taxonomy-v1,False,False
spot,API3TRY,API3TRY,UNKNOWN,non-USDT quote,archive symbol spelling,r1.6-taxonomy-v1,False,False
spot,API3USDC,API3USDC,UNKNOWN,non-USDT quote,archive symbol spelling,r1.6-taxonomy-v1,False,False
spot,API3USDT,API3,CRYPTO,USDT quote and base not in excluded taxonomy,r1.6 taxonomy v1,r1.6-taxonomy-v1,True,True
spot,APPCBNB,APPCBNB,UNKNOWN,non-USDT quote,archive symbol spelling,r1.6-taxonomy-v1,False,False
spot,APPCBTC,APPCBTC,UNKNOWN,non-USDT quote,archive symbol spelling,r1.6-taxonomy-v1,False,False
spot,APPCETH,APPCETH,UNKNOWN,non-USDT quote,archive symbol spelling,r1.6-taxonomy-v1,False,False
spot,APTBRL,APTBRL,UNKNOWN,non-USDT quote,archive symbol spelling,r1.6-taxonomy-v1,False,False
spot,APTBTC,APTBTC,UNKNOWN,non-USDT quote,archive symbol spelling,r1.6-taxonomy-v1,False,False
spot,APTBUSD,APTBUSD,UNKNOWN,non-USDT quote,archive symbol spelling,r1.6-taxonomy-v1,False,False
spot,APTETH,APTETH,UNKNOWN,non-USDT quote,archive symbol spelling,r1.6-taxonomy-v1,False,False
spot,APTEUR,APTEUR,UNKNOWN,non-USDT quote,archive symbol spelling,r1.6-taxonomy-v1,False,False
spot,APTFDUSD,APTFDUSD,UNKNOWN,non-USDT quote,archive symbol spelling,r1.6-taxonomy-v1,False,False
spot,APTJPY,APTJPY,UNKNOWN,non-USDT quote,archive symbol spelling,r1.6-taxonomy-v1,False,False
spot,APTTRY,APTTRY,UNKNOWN,non-USDT quote,archive symbol spelling,r1.6-taxonomy-v1,False,False
spot,APTU,APTU,UNKNOWN,non-USDT quote,archive symbol spelling,r1.6-taxonomy-v1,False,False
spot,APTUSDC,APTUSDC,UNKNOWN,non-USDT quote,archive symbol spelling,r1.6-taxonomy-v1,False,False
spot,APTUSDT,APT,CRYPTO,USDT quote and base not in excluded taxonomy,r1.6 taxonomy v1,r1.6-taxonomy-v1,True,True
spot,ARBBTC,ARBBTC,UNKNOWN,non-USDT quote,archive symbol spelling,r1.6-taxonomy-v1,False,False
spot,ARBETH,ARBETH,UNKNOWN,non-USDT quote,archive symbol spelling,r1.6-taxonomy-v1,False,False
spot,ARBEUR,ARBEUR,UNKNOWN,non-USDT quote,archive symbol spelling,r1.6-taxonomy-v1,False,False
spot,ARBFDUSD,ARBFDUSD,UNKNOWN,non-USDT quote,archive symbol spelling,r1.6-taxonomy-v1,False,False
spot,ARBIDR,ARBIDR,UNKNOWN,non-USDT quote,archive symbol spelling,r1.6-taxonomy-v1,False,False
spot,ARBNB,ARBNB,UNKNOWN,non-USDT quote,archive symbol spelling,r1.6-taxonomy-v1,False,False
spot,ARBRUB,ARBRUB,UNKNOWN,non-USDT quote,archive symbol spelling,r1.6-taxonomy-v1,False,False
spot,ARBTC,ARBTC,UNKNOWN,non-USDT quote,archive symbol spelling,r1.6-taxonomy-v1,False,False
spot,ARBTRY,ARBTRY,UNKNOWN,non-USDT quote,archive symbol spelling,r1.6-taxonomy-v1,False,False
spot,ARBTUSD,ARBTUSD,UNKNOWN,non-USDT quote,archive symbol spelling,r1.6-taxonomy-v1,False,False
spot,ARBUSD,ARBUSD,UNKNOWN,non-USDT quote,archive symbol spelling,r1.6-taxonomy-v1,False,False
spot,ARBUSDC,ARBUSDC,UNKNOWN,non-USDT quote,archive symbol spelling,r1.6-taxonomy-v1,False,False
spot,ARBUSDT,ARB,CRYPTO,USDT quote and base not in excluded taxonomy,r1.6 taxonomy v1,r1.6-taxonomy-v1,True,True
spot,ARDRBNB,ARDRBNB,UNKNOWN,non-USDT quote,archive symbol spelling,r1.6-taxonomy-v1,False,False
spot,ARDRBTC,ARDRBTC,UNKNOWN,non-USDT quote,archive symbol spelling,r1.6-taxonomy-v1,False,False
spot,ARDRETH,ARDRETH,UNKNOWN,non-USDT quote,archive symbol spelling,r1.6-taxonomy-v1,False,False
spot,ARDRUSDT,ARDR,CRYPTO,USDT quote and base not in excluded taxonomy,r1.6 taxonomy v1,r1.6-taxonomy-v1,True,True
spot,ARFDUSD,ARFDUSD,UNKNOWN,non-USDT quote,archive symbol spelling,r1.6-taxonomy-v1,False,False
spot,ARKBTC,ARKBTC,UNKNOWN,non-USDT quote,archive symbol spelling,r1.6-taxonomy-v1,False,False
spot,ARKBUSD,ARKBUSD,UNKNOWN,non-USDT quote,archive symbol spelling,r1.6-taxonomy-v1,False,False
spot,ARKETH,ARKETH,UNKNOWN,non-USDT quote,archive symbol spelling,r1.6-taxonomy-v1,False,False
spot,ARKMBNB,ARKMBNB,UNKNOWN,non-USDT quote,archive symbol spelling,r1.6-taxonomy-v1,False,False
spot,ARKMBTC,ARKMBTC,UNKNOWN,non-USDT quote,archive symbol spelling,r1.6-taxonomy-v1,False,False
spot,ARKMFDUSD,ARKMFDUSD,UNKNOWN,non-USDT quote,archive symbol spelling,r1.6-taxonomy-v1,False,False
spot,ARKMRUB,ARKMRUB,UNKNOWN,non-USDT quote,archive symbol spelling,r1.6-taxonomy-v1,False,False
spot,ARKMTRY,ARKMTRY,UNKNOWN,non-USDT quote,archive symbol spelling,r1.6-taxonomy-v1,False,False
spot,ARKMTUSD,ARKMTUSD,UNKNOWN,non-USDT quote,archive symbol spelling,r1.6-taxonomy-v1,False,False
spot,ARKMUSDC,ARKMUSDC,UNKNOWN,non-USDT quote,archive symbol spelling,r1.6-taxonomy-v1,False,False
spot,ARKMUSDT,ARKM,CRYPTO,USDT quote and base not in excluded taxonomy,r1.6 taxonomy v1,r1.6-taxonomy-v1,True,True
spot,ARKTRY,ARKTRY,UNKNOWN,non-USDT quote,archive symbol spelling,r1.6-taxonomy-v1,False,False
spot,ARKUSDT,ARK,CRYPTO,USDT quote and base not in excluded taxonomy,r1.6 taxonomy v1,r1.6-taxonomy-v1,True,True
spot,ARMBUSDT,ARMB,CRYPTO,USDT quote and base not in excluded taxonomy,r1.6 taxonomy v1,r1.6-taxonomy-v1,True,True
spot,ARNBTC,ARNBTC,UNKNOWN,non-USDT quote,archive symbol spelling,r1.6-taxonomy-v1,False,False
spot,ARNETH,ARNETH,UNKNOWN,non-USDT quote,archive symbol spelling,r1.6-taxonomy-v1,False,False
spot,ARPABNB,ARPABNB,UNKNOWN,non-USDT quote,archive symbol spelling,r1.6-taxonomy-v1,False,False
spot,ARPABTC,ARPABTC,UNKNOWN,non-USDT quote,archive symbol spelling,r1.6-taxonomy-v1,False,False
spot,ARPABUSD,ARPABUSD,UNKNOWN,non-USDT quote,archive symbol spelling,r1.6-taxonomy-v1,False,False
spot,ARPAETH,ARPAETH,UNKNOWN,non-USDT quote,archive symbol spelling,r1.6-taxonomy-v1,False,False
spot,ARPARUB,ARPARUB,UNKNOWN,non-USDT quote,archive symbol spelling,r1.6-taxonomy-v1,False,False
spot,ARPATRY,ARPATRY,UNKNOWN,non-USDT quote,archive symbol spelling,r1.6-taxonomy-v1,False,False
spot,ARPAUSDT,ARPA,CRYPTO,USDT quote and base not in excluded taxonomy,r1.6 taxonomy v1,r1.6-taxonomy-v1,True,True
spot,ARTRY,ARTRY,UNKNOWN,non-USDT quote,archive symbol spelling,r1.6-taxonomy-v1,False,False
spot,ARUSDC,ARUSDC,UNKNOWN,non-USDT quote,archive symbol spelling,r1.6-taxonomy-v1,False,False
spot,ARUSDT,AR,CRYPTO,USDT quote and base not in excluded taxonomy,r1.6 taxonomy v1,r1.6-taxonomy-v1,True,True
spot,ASRBTC,ASRBTC,UNKNOWN,non-USDT quote,archive symbol spelling,r1.6-taxonomy-v1,False,False
spot,ASRBUSD,ASRBUSD,UNKNOWN,non-USDT quote,archive symbol spelling,r1.6-taxonomy-v1,False,False
spot,ASRTRY,ASRTRY,UNKNOWN,non-USDT quote,archive symbol spelling,r1.6-taxonomy-v1,False,False
spot,ASRUSDT,ASR,CRYPTO,USDT quote and base not in excluded taxonomy,r1.6 taxonomy v1,r1.6-taxonomy-v1,True,True
spot,ASTBTC,ASTBTC,UNKNOWN,non-USDT quote,archive symbol spelling,r1.6-taxonomy-v1,False,False
spot,ASTERIDR,ASTERIDR,UNKNOWN,non-USDT quote,archive symbol spelling,r1.6-taxonomy-v1,False,False
spot,ASTERTRY,ASTERTRY,UNKNOWN,non-USDT quote,archive symbol spelling,r1.6-taxonomy-v1,False,False
spot,ASTERU,ASTERU,UNKNOWN,non-USDT quote,archive symbol spelling,r1.6-taxonomy-v1,False,False
spot,ASTERUSD1,ASTERUSD1,UNKNOWN,non-USDT quote,archive symbol spelling,r1.6-taxonomy-v1,False,False
spot,ASTERUSDC,ASTERUSDC,UNKNOWN,non-USDT quote,archive symbol spelling,r1.6-taxonomy-v1,False,False
spot,ASTERUSDT,ASTER,CRYPTO,USDT quote and base not in excluded taxonomy,r1.6 taxonomy v1,r1.6-taxonomy-v1,True,True
spot,ASTETH,ASTETH,UNKNOWN,non-USDT quote,archive symbol spelling,r1.6-taxonomy-v1,False,False
spot,ASTRBTC,ASTRBTC,UNKNOWN,non-USDT quote,archive symbol spelling,r1.6-taxonomy-v1,False,False
spot,ASTRBUSD,ASTRBUSD,UNKNOWN,non-USDT quote,archive symbol spelling,r1.6-taxonomy-v1,False,False
spot,ASTRETH,ASTRETH,UNKNOWN,non-USDT quote,archive symbol spelling,r1.6-taxonomy-v1,False,False
spot,ASTRUSDT,ASTR,CRYPTO,USDT quote and base not in excluded taxonomy,r1.6 taxonomy v1,r1.6-taxonomy-v1,True,True
spot,ASTUSDT,AST,CRYPTO,USDT quote and base not in excluded taxonomy,r1.6 taxonomy v1,r1.6-taxonomy-v1,True,True
spot,ATABNB,ATABNB,UNKNOWN,non-USDT quote,archive symbol spelling,r1.6-taxonomy-v1,False,False
spot,ATABTC,ATABTC,UNKNOWN,non-USDT quote,archive symbol spelling,r1.6-taxonomy-v1,False,False
spot,ATABUSD,ATABUSD,UNKNOWN,non-USDT quote,archive symbol spelling,r1.6-taxonomy-v1,False,False
spot,ATAUSDT,ATA,CRYPTO,USDT quote and base not in excluded taxonomy,r1.6 taxonomy v1,r1.6-taxonomy-v1,True,True
spot,ATBNB,ATBNB,UNKNOWN,non-USDT quote,archive symbol spelling,r1.6-taxonomy-v1,False,False
spot,ATMBTC,ATMBTC,UNKNOWN,non-USDT quote,archive symbol spelling,r1.6-taxonomy-v1,False,False
spot,ATMBUSD,ATMBUSD,UNKNOWN,non-USDT quote,archive symbol spelling,r1.6-taxonomy-v1,False,False
spot,ATMTRY,ATMTRY,UNKNOWN,non-USDT quote,archive symbol spelling,r1.6-taxonomy-v1,False,False
spot,ATMUSDT,ATM,CRYPTO,USDT quote and base not in excluded taxonomy,r1.6 taxonomy v1,r1.6-taxonomy-v1,True,True
spot,ATOMBIDR,ATOMBIDR,UNKNOWN,non-USDT quote,archive symbol spelling,r1.6-taxonomy-v1,False,False
spot,ATOMBNB,ATOMBNB,UNKNOWN,non-USDT quote,archive symbol spelling,r1.6-taxonomy-v1,False,False
spot,ATOMBRL,ATOMBRL,UNKNOWN,non-USDT quote,archive symbol spelling,r1.6-taxonomy-v1,False,False
spot,ATOMBTC,ATOMBTC,UNKNOWN,non-USDT quote,archive symbol spelling,r1.6-taxonomy-v1,False,False
spot,ATOMBUSD,ATOMBUSD,UNKNOWN,non-USDT quote,archive symbol spelling,r1.6-taxonomy-v1,False,False
spot,ATOMETH,ATOMETH,UNKNOWN,non-USDT quote,archive symbol spelling,r1.6-taxonomy-v1,False,False
spot,ATOMEUR,ATOMEUR,UNKNOWN,non-USDT quote,archive symbol spelling,r1.6-taxonomy-v1,False,False
spot,ATOMFDUSD,ATOMFDUSD,UNKNOWN,non-USDT quote,archive symbol spelling,r1.6-taxonomy-v1,False,False
spot,ATOMPAX,ATOMPAX,UNKNOWN,non-USDT quote,archive symbol spelling,r1.6-taxonomy-v1,False,False
spot,ATOMTRY,ATOMTRY,UNKNOWN,non-USDT quote,archive symbol spelling,r1.6-taxonomy-v1,False,False
spot,ATOMTUSD,ATOMTUSD,UNKNOWN,non-USDT quote,archive symbol spelling,r1.6-taxonomy-v1,False,False
spot,ATOMUSDC,ATOMUSDC,UNKNOWN,non-USDT quote,archive symbol spelling,r1.6-taxonomy-v1,False,False
spot,ATOMUSDT,ATOM,CRYPTO,USDT quote and base not in excluded taxonomy,r1.6 taxonomy v1,r1.6-taxonomy-v1,True,True
spot,ATRY,ATRY,UNKNOWN,non-USDT quote,archive symbol spelling,r1.6-taxonomy-v1,False,False
spot,ATTRY,ATTRY,UNKNOWN,non-USDT quote,archive symbol spelling,r1.6-taxonomy-v1,False,False
spot,ATUSDC,ATUSDC,UNKNOWN,non-USDT quote,archive symbol spelling,r1.6-taxonomy-v1,False,False
spot,ATUSDT,AT,CRYPTO,USDT quote and base not in excluded taxonomy,r1.6 taxonomy v1,r1.6-taxonomy-v1,True,True
spot,AUCTIONBTC,AUCTIONBTC,UNKNOWN,non-USDT quote,archive symbol spelling,r1.6-taxonomy-v1,False,False
spot,AUCTIONBUSD,AUCTIONBUSD,UNKNOWN,non-USDT quote,archive symbol spelling,r1.6-taxonomy-v1,False,False
spot,AUCTIONFDUSD,AUCTIONFDUSD,UNKNOWN,non-USDT quote,archive symbol spelling,r1.6-taxonomy-v1,False,False
spot,AUCTIONTRY,AUCTIONTRY,UNKNOWN,non-USDT quote,archive symbol spelling,r1.6-taxonomy-v1,False,False
spot,AUCTIONUSDC,AUCTIONUSDC,UNKNOWN,non-USDT quote,archive symbol spelling,r1.6-taxonomy-v1,False,False
spot,AUCTIONUSDT,AUCTION,CRYPTO,USDT quote and base not in excluded taxonomy,r1.6 taxonomy v1,r1.6-taxonomy-v1,True,True
spot,AUDBUSD,AUDBUSD,UNKNOWN,non-USDT quote,archive symbol spelling,r1.6-taxonomy-v1,False,False
spot,AUDIOBTC,AUDIOBTC,UNKNOWN,non-USDT quote,archive symbol spelling,r1.6-taxonomy-v1,False,False
spot,AUDIOBUSD,AUDIOBUSD,UNKNOWN,non-USDT quote,archive symbol spelling,r1.6-taxonomy-v1,False,False
spot,AUDIOTRY,AUDIOTRY,UNKNOWN,non-USDT quote,archive symbol spelling,r1.6-taxonomy-v1,False,False
spot,AUDIOUSDT,AUDIO,CRYPTO,USDT quote and base not in excluded taxonomy,r1.6 taxonomy v1,r1.6-taxonomy-v1,True,True
spot,AUDUSDC,AUDUSDC,UNKNOWN,non-USDT quote,archive symbol spelling,r1.6-taxonomy-v1,False,False
spot,AUDUSDT,AUD,FIAT_OR_TOKENIZED_FIAT,base asset in frozen fiat/tokenized-fiat list,r1.6 taxonomy v1,r1.6-taxonomy-v1,False,True
spot,AUSDC,AUSDC,UNKNOWN,non-USDT quote,archive symbol spelling,r1.6-taxonomy-v1,False,False
spot,AUSDT,A,CRYPTO,USDT quote and base not in excluded taxonomy,r1.6 taxonomy v1,r1.6-taxonomy-v1,True,True
spot,AUTOBTC,AUTOBTC,UNKNOWN,non-USDT quote,archive symbol spelling,r1.6-taxonomy-v1,False,False
spot,AUTOBUSD,AUTOBUSD,UNKNOWN,non-USDT quote,archive symbol spelling,r1.6-taxonomy-v1,False,False
spot,AUTOUSDT,AUTO,CRYPTO,USDT quote and base not in excluded taxonomy,r1.6 taxonomy v1,r1.6-taxonomy-v1,True,True
spot,AVABNB,AVABNB,UNKNOWN,non-USDT quote,archive symbol spelling,r1.6-taxonomy-v1,False,False
spot,AVABTC,AVABTC,UNKNOWN,non-USDT quote,archive symbol spelling,r1.6-taxonomy-v1,False,False
spot,AVABUSD,AVABUSD,UNKNOWN,non-USDT quote,archive symbol spelling,r1.6-taxonomy-v1,False,False
spot,AVAUSDT,AVA,CRYPTO,USDT quote and base not in excluded taxonomy,r1.6 taxonomy v1,r1.6-taxonomy-v1,True,True
spot,AVAXAUD,AVAXAUD,UNKNOWN,non-USDT quote,archive symbol spelling,r1.6-taxonomy-v1,False,False
spot,AVAXBIDR,AVAXBIDR,UNKNOWN,non-USDT quote,archive symbol spelling,r1.6-taxonomy-v1,False,False
spot,AVAXBNB,AVAXBNB,UNKNOWN,non-USDT quote,archive symbol spelling,r1.6-taxonomy-v1,False,False
spot,AVAXBRL,AVAXBRL,UNKNOWN,non-USDT quote,archive symbol spelling,r1.6-taxonomy-v1,False,False
spot,AVAXBTC,AVAXBTC,UNKNOWN,non-USDT quote,archive symbol spelling,r1.6-taxonomy-v1,False,False
spot,AVAXBUSD,AVAXBUSD,UNKNOWN,non-USDT quote,archive symbol spelling,r1.6-taxonomy-v1,False,False
spot,AVAXETH,AVAXETH,UNKNOWN,non-USDT quote,archive symbol spelling,r1.6-taxonomy-v1,False,False
spot,AVAXEUR,AVAXEUR,UNKNOWN,non-USDT quote,archive symbol spelling,r1.6-taxonomy-v1,False,False
spot,AVAXFDUSD,AVAXFDUSD,UNKNOWN,non-USDT quote,archive symbol spelling,r1.6-taxonomy-v1,False,False
spot,AVAXGBP,AVAXGBP,UNKNOWN,non-USDT quote,archive symbol spelling,r1.6-taxonomy-v1,False,False
spot,AVAXIDR,AVAXIDR,UNKNOWN,non-USDT quote,archive symbol spelling,r1.6-taxonomy-v1,False,False
spot,AVAXTRY,AVAXTRY,UNKNOWN,non-USDT quote,archive symbol spelling,r1.6-taxonomy-v1,False,False
spot,AVAXTUSD,AVAXTUSD,UNKNOWN,non-USDT quote,archive symbol spelling,r1.6-taxonomy-v1,False,False
spot,AVAXU,AVAXU,UNKNOWN,non-USDT quote,archive symbol spelling,r1.6-taxonomy-v1,False,False
spot,AVAXUSD1,AVAXUSD1,UNKNOWN,non-USDT quote,archive symbol spelling,r1.6-taxonomy-v1,False,False
spot,AVAXUSDC,AVAXUSDC,UNKNOWN,non-USDT quote,archive symbol spelling,r1.6-taxonomy-v1,False,False
spot,AVAXUSDT,AVAX,CRYPTO,USDT quote and base not in excluded taxonomy,r1.6 taxonomy v1,r1.6-taxonomy-v1,True,True
spot,AVGOBUSDT,AVGOB,CRYPTO,USDT quote and base not in excluded taxonomy,r1.6 taxonomy v1,r1.6-taxonomy-v1,True,True
spot,AVNTTRY,AVNTTRY,UNKNOWN,non-USDT quote,archive symbol spelling,r1.6-taxonomy-v1,False,False
spot,AVNTU,AVNTU,UNKNOWN,non-USDT quote,archive symbol spelling,r1.6-taxonomy-v1,False,False
spot,AVNTUSDC,AVNTUSDC,UNKNOWN,non-USDT quote,archive symbol spelling,r1.6-taxonomy-v1,False,False
spot,AVNTUSDT,AVNT,CRYPTO,USDT quote and base not in excluded taxonomy,r1.6 taxonomy v1,r1.6-taxonomy-v1,True,True
spot,AWEBTC,AWEBTC,UNKNOWN,non-USDT quote,archive symbol spelling,r1.6-taxonomy-v1,False,False
spot,AWEUSDT,AWE,CRYPTO,USDT quote and base not in excluded taxonomy,r1.6 taxonomy v1,r1.6-taxonomy-v1,True,True
spot,AXLBTC,AXLBTC,UNKNOWN,non-USDT quote,archive symbol spelling,r1.6-taxonomy-v1,False,False
spot,AXLFDUSD,AXLFDUSD,UNKNOWN,non-USDT quote,archive symbol spelling,r1.6-taxonomy-v1,False,False
spot,AXLTRY,AXLTRY,UNKNOWN,non-USDT quote,archive symbol spelling,r1.6-taxonomy-v1,False,False
spot,AXLUSDT,AXL,CRYPTO,USDT quote and base not in excluded taxonomy,r1.6 taxonomy v1,r1.6-taxonomy-v1,True,True
spot,AXSAUD,AXSAUD,UNKNOWN,non-USDT quote,archive symbol spelling,r1.6-taxonomy-v1,False,False
spot,AXSBIDR,AXSBIDR,UNKNOWN,non-USDT quote,archive symbol spelling,r1.6-taxonomy-v1,False,False
spot,AXSBNB,AXSBNB,UNKNOWN,non-USDT quote,archive symbol spelling,r1.6-taxonomy-v1,False,False
spot,AXSBRL,AXSBRL,UNKNOWN,non-USDT quote,archive symbol spelling,r1.6-taxonomy-v1,False,False
spot,AXSBTC,AXSBTC,UNKNOWN,non-USDT quote,archive symbol spelling,r1.6-taxonomy-v1,False,False
spot,AXSBUSD,AXSBUSD,UNKNOWN,non-USDT quote,archive symbol spelling,r1.6-taxonomy-v1,False,False
spot,AXSETH,AXSETH,UNKNOWN,non-USDT quote,archive symbol spelling,r1.6-taxonomy-v1,False,False
spot,AXSTRY,AXSTRY,UNKNOWN,non-USDT quote,archive symbol spelling,r1.6-taxonomy-v1,False,False
spot,AXSUSDC,AXSUSDC,UNKNOWN,non-USDT quote,archive symbol spelling,r1.6-taxonomy-v1,False,False
spot,AXSUSDT,AXS,CRYPTO,USDT quote and base not in excluded taxonomy,r1.6 taxonomy v1,r1.6-taxonomy-v1,True,True
spot,AXTIBUSDT,AXTIB,CRYPTO,USDT quote and base not in excluded taxonomy,r1.6 taxonomy v1,r1.6-taxonomy-v1,True,True
spot,BABABUSDT,BABAB,CRYPTO,USDT quote and base not in excluded taxonomy,r1.6 taxonomy v1,r1.6-taxonomy-v1,True,True
spot,BABYBNB,BABYBNB,UNKNOWN,non-USDT quote,archive symbol spelling,r1.6-taxonomy-v1,False,False
spot,BABYEUR,BABYEUR,UNKNOWN,non-USDT quote,archive symbol spelling,r1.6-taxonomy-v1,False,False
spot,BABYFDUSD,BABYFDUSD,UNKNOWN,non-USDT quote,archive symbol spelling,r1.6-taxonomy-v1,False,False
spot,BABYTRY,BABYTRY,UNKNOWN,non-USDT quote,archive symbol spelling,r1.6-taxonomy-v1,False,False
spot,BABYUSDC,BABYUSDC,UNKNOWN,non-USDT quote,archive symbol spelling,r1.6-taxonomy-v1,False,False
spot,BABYUSDT,BABY,CRYPTO,USDT quote and base not in excluded taxonomy,r1.6 taxonomy v1,r1.6-taxonomy-v1,True,True
spot,BADGERBTC,BADGERBTC,UNKNOWN,non-USDT quote,archive symbol spelling,r1.6-taxonomy-v1,False,False
spot,BADGERBUSD,BADGERBUSD,UNKNOWN,non-USDT quote,archive symbol spelling,r1.6-taxonomy-v1,False,False
spot,BADGERUSDT,BADGER,CRYPTO,USDT quote and base not in excluded taxonomy,r1.6 taxonomy v1,r1.6-taxonomy-v1,True,True
spot,BAKEBNB,BAKEBNB,UNKNOWN,non-USDT quote,archive symbol spelling,r1.6-taxonomy-v1,False,False
spot,BAKEBTC,BAKEBTC,UNKNOWN,non-USDT quote,archive symbol spelling,r1.6-taxonomy-v1,False,False
spot,BAKEBUSD,BAKEBUSD,UNKNOWN,non-USDT quote,archive symbol spelling,r1.6-taxonomy-v1,False,False
spot,BAKETRY,BAKETRY,UNKNOWN,non-USDT quote,archive symbol spelling,r1.6-taxonomy-v1,False,False
spot,BAKEUSDT,BAKE,CRYPTO,USDT quote and base not in excluded taxonomy,r1.6 taxonomy v1,r1.6-taxonomy-v1,True,True
spot,BALBNB,BALBNB,UNKNOWN,non-USDT quote,archive symbol spelling,r1.6-taxonomy-v1,False,False
spot,BALBTC,BALBTC,UNKNOWN,non-USDT quote,archive symbol spelling,r1.6-taxonomy-v1,False,False
spot,BALBUSD,BALBUSD,UNKNOWN,non-USDT quote,archive symbol spelling,r1.6-taxonomy-v1,False,False
spot,BALUSDT,BAL,CRYPTO,USDT quote and base not in excluded taxonomy,r1.6 taxonomy v1,r1.6-taxonomy-v1,True,True
spot,BANANABNB,BANANABNB,UNKNOWN,non-USDT quote,archive symbol spelling,r1.6-taxonomy-v1,False,False
spot,BANANABTC,BANANABTC,UNKNOWN,non-USDT quote,archive symbol spelling,r1.6-taxonomy-v1,False,False
spot,BANANAFDUSD,BANANAFDUSD,UNKNOWN,non-USDT quote,archive symbol spelling,r1.6-taxonomy-v1,False,False
spot,BANANAS31USDC,BANANAS31USDC,UNKNOWN,non-USDT quote,archive symbol spelling,r1.6-taxonomy-v1,False,False
spot,BANANAS31USDT,BANANAS31,CRYPTO,USDT quote and base not in excluded taxonomy,r1.6 taxonomy v1,r1.6-taxonomy-v1,True,True
spot,BANANATRY,BANANATRY,UNKNOWN,non-USDT quote,archive symbol spelling,r1.6-taxonomy-v1,False,False
spot,BANANAUSDC,BANANAUSDC,UNKNOWN,non-USDT quote,archive symbol spelling,r1.6-taxonomy-v1,False,False
spot,BANANAUSDT,BANANA,CRYPTO,USDT quote and base not in excluded taxonomy,r1.6 taxonomy v1,r1.6-taxonomy-v1,True,True
spot,BANDBNB,BANDBNB,UNKNOWN,non-USDT quote,archive symbol spelling,r1.6-taxonomy-v1,False,False
spot,BANDBTC,BANDBTC,UNKNOWN,non-USDT quote,archive symbol spelling,r1.6-taxonomy-v1,False,False
spot,BANDBUSD,BANDBUSD,UNKNOWN,non-USDT quote,archive symbol spelling,r1.6-taxonomy-v1,False,False
spot,BANDTRY,BANDTRY,UNKNOWN,non-USDT quote,archive symbol spelling,r1.6-taxonomy-v1,False,False
spot,BANDUSDT,BAND,CRYPTO,USDT quote and base not in excluded taxonomy,r1.6 taxonomy v1,r1.6-taxonomy-v1,True,True
spot,BANKTRY,BANKTRY,UNKNOWN,non-USDT quote,archive symbol spelling,r1.6-taxonomy-v1,False,False
spot,BANKUSDC,BANKUSDC,UNKNOWN,non-USDT quote,archive symbol spelling,r1.6-taxonomy-v1,False,False
spot,BANKUSDT,BANK,CRYPTO,USDT quote and base not in excluded taxonomy,r1.6 taxonomy v1,r1.6-taxonomy-v1,True,True
spot,BARBTC,BARBTC,UNKNOWN,non-USDT quote,archive symbol spelling,r1.6-taxonomy-v1,False,False
spot,BARBUSD,BARBUSD,UNKNOWN,non-USDT quote,archive symbol spelling,r1.6-taxonomy-v1,False,False
spot,BARDBNB,BARDBNB,UNKNOWN,non-USDT quote,archive symbol spelling,r1.6-taxonomy-v1,False,False
spot,BARDFDUSD,BARDFDUSD,UNKNOWN,non-USDT quote,archive symbol spelling,r1.6-taxonomy-v1,False,False
spot,BARDTRY,BARDTRY,UNKNOWN,non-USDT quote,archive symbol spelling,r1.6-taxonomy-v1,False,False
spot,BARDUSDC,BARDUSDC,UNKNOWN,non-USDT quote,archive symbol spelling,r1.6-taxonomy-v1,False,False
spot,BARDUSDT,BARD,CRYPTO,USDT quote and base not in excluded taxonomy,r1.6 taxonomy v1,r1.6-taxonomy-v1,True,True
spot,BARTRY,BARTRY,UNKNOWN,non-USDT quote,archive symbol spelling,r1.6-taxonomy-v1,False,False
spot,BARUSDT,BAR,CRYPTO,USDT quote and base not in excluded taxonomy,r1.6 taxonomy v1,r1.6-taxonomy-v1,True,True
spot,BATBNB,BATBNB,UNKNOWN,non-USDT quote,archive symbol spelling,r1.6-taxonomy-v1,False,False
spot,BATBTC,BATBTC,UNKNOWN,non-USDT quote,archive symbol spelling,r1.6-taxonomy-v1,False,False
spot,BATBUSD,BATBUSD,UNKNOWN,non-USDT quote,archive symbol spelling,r1.6-taxonomy-v1,False,False
spot,BATETH,BATETH,UNKNOWN,non-USDT quote,archive symbol spelling,r1.6-taxonomy-v1,False,False
spot,BATPAX,BATPAX,UNKNOWN,non-USDT quote,archive symbol spelling,r1.6-taxonomy-v1,False,False
spot,BATTUSD,BATTUSD,UNKNOWN,non-USDT quote,archive symbol spelling,r1.6-taxonomy-v1,False,False
spot,BATUSDC,BATUSDC,UNKNOWN,non-USDT quote,archive symbol spelling,r1.6-taxonomy-v1,False,False
spot,BATUSDT,BAT,CRYPTO,USDT quote and base not in excluded taxonomy,r1.6 taxonomy v1,r1.6-taxonomy-v1,True,True
spot,BBBNB,BBBNB,UNKNOWN,non-USDT quote,archive symbol spelling,r1.6-taxonomy-v1,False,False
spot,BBBTC,BBBTC,UNKNOWN,non-USDT quote,archive symbol spelling,r1.6-taxonomy-v1,False,False
spot,BBFDUSD,BBFDUSD,UNKNOWN,non-USDT quote,archive symbol spelling,r1.6-taxonomy-v1,False,False
spot,BBTRY,BBTRY,UNKNOWN,non-USDT quote,archive symbol spelling,r1.6-taxonomy-v1,False,False
spot,BBUSDC,BBUSDC,UNKNOWN,non-USDT quote,archive symbol spelling,r1.6-taxonomy-v1,False,False
spot,BBUSDT,BB,CRYPTO,USDT quote and base not in excluded taxonomy,r1.6 taxonomy v1,r1.6-taxonomy-v1,True,True
spot,BCCBNB,BCCBNB,UNKNOWN,non-USDT quote,archive symbol spelling,r1.6-taxonomy-v1,False,False
spot,BCCBTC,BCCBTC,UNKNOWN,non-USDT quote,archive symbol spelling,r1.6-taxonomy-v1,False,False
spot,BCCETH,BCCETH,UNKNOWN,non-USDT quote,archive symbol spelling,r1.6-taxonomy-v1,False,False
spot,BCCUSDT,BCC,CRYPTO,USDT quote and base not in excluded taxonomy,r1.6 taxonomy v1,r1.6-taxonomy-v1,True,True
spot,BCDBTC,BCDBTC,UNKNOWN,non-USDT quote,archive symbol spelling,r1.6-taxonomy-v1,False,False
spot,BCDETH,BCDETH,UNKNOWN,non-USDT quote,archive symbol spelling,r1.6-taxonomy-v1,False,False
spot,BCHABCBTC,BCHABCBTC,UNKNOWN,non-USDT quote,archive symbol spelling,r1.6-taxonomy-v1,False,False
spot,BCHABCBUSD,BCHABCBUSD,UNKNOWN,non-USDT quote,archive symbol spelling,r1.6-taxonomy-v1,False,False
spot,BCHABCPAX,BCHABCPAX,UNKNOWN,non-USDT quote,archive symbol spelling,r1.6-taxonomy-v1,False,False
spot,BCHABCTUSD,BCHABCTUSD,UNKNOWN,non-USDT quote,archive symbol spelling,r1.6-taxonomy-v1,False,False
spot,BCHABCUSDC,BCHABCUSDC,UNKNOWN,non-USDT quote,archive symbol spelling,r1.6-taxonomy-v1,False,False
spot,BCHABCUSDT,BCHABC,CRYPTO,USDT quote and base not in excluded taxonomy,r1.6 taxonomy v1,r1.6-taxonomy-v1,True,True
spot,BCHABUSD,BCHABUSD,UNKNOWN,non-USDT quote,archive symbol spelling,r1.6-taxonomy-v1,False,False
spot,BCHBNB,BCHBNB,UNKNOWN,non-USDT quote,archive symbol spelling,r1.6-taxonomy-v1,False,False
spot,BCHBTC,BCHBTC,UNKNOWN,non-USDT quote,archive symbol spelling,r1.6-taxonomy-v1,False,False
spot,BCHBUSD,BCHBUSD,UNKNOWN,non-USDT quote,archive symbol spelling,r1.6-taxonomy-v1,False,False
spot,BCHDOWNUSDT,BCHDOWN,LEVERAGED_OR_SYNTHETIC,leveraged-token suffix,archive symbol policy,r1.6-taxonomy-v1,False,True
spot,BCHEUR,BCHEUR,UNKNOWN,non-USDT quote,archive symbol spelling,r1.6-taxonomy-v1,False,False
spot,BCHFDUSD,BCHFDUSD,UNKNOWN,non-USDT quote,archive symbol spelling,r1.6-taxonomy-v1,False,False
spot,BCHJPY,BCHJPY,UNKNOWN,non-USDT quote,archive symbol spelling,r1.6-taxonomy-v1,False,False
spot,BCHPAX,BCHPAX,UNKNOWN,non-USDT quote,archive symbol spelling,r1.6-taxonomy-v1,False,False
spot,BCHSVBTC,BCHSVBTC,UNKNOWN,non-USDT quote,archive symbol spelling,r1.6-taxonomy-v1,False,False
spot,BCHSVPAX,BCHSVPAX,UNKNOWN,non-USDT quote,archive symbol spelling,r1.6-taxonomy-v1,False,False
spot,BCHSVTUSD,BCHSVTUSD,UNKNOWN,non-USDT quote,archive symbol spelling,r1.6-taxonomy-v1,False,False
spot,BCHSVUSDC,BCHSVUSDC,UNKNOWN,non-USDT quote,archive symbol spelling,r1.6-taxonomy-v1,False,False
spot,BCHSVUSDT,BCHSV,CRYPTO,USDT quote and base not in excluded taxonomy,r1.6 taxonomy v1,r1.6-taxonomy-v1,True,True
spot,BCHTRY,BCHTRY,UNKNOWN,non-USDT quote,archive symbol spelling,r1.6-taxonomy-v1,False,False
spot,BCHTUSD,BCHTUSD,UNKNOWN,non-USDT quote,archive symbol spelling,r1.6-taxonomy-v1,False,False
spot,BCHU,BCHU,UNKNOWN,non-USDT quote,archive symbol spelling,r1.6-taxonomy-v1,False,False
spot,BCHUPUSDT,BCHUP,LEVERAGED_OR_SYNTHETIC,leveraged-token suffix,archive symbol policy,r1.6-taxonomy-v1,False,True
spot,BCHUSD1,BCHUSD1,UNKNOWN,non-USDT quote,archive symbol spelling,r1.6-taxonomy-v1,False,False
spot,BCHUSDC,BCHUSDC,UNKNOWN,non-USDT quote,archive symbol spelling,r1.6-taxonomy-v1,False,False
spot,BCHUSDT,BCH,CRYPTO,USDT quote and base not in excluded taxonomy,r1.6 taxonomy v1,r1.6-taxonomy-v1,True,True
spot,BCNBNB,BCNBNB,UNKNOWN,non-USDT quote,archive symbol spelling,r1.6-taxonomy-v1,False,False
spot,BCNBTC,BCNBTC,UNKNOWN,non-USDT quote,archive symbol spelling,r1.6-taxonomy-v1,False,False
spot,BCNETH,BCNETH,UNKNOWN,non-USDT quote,archive symbol spelling,r1.6-taxonomy-v1,False,False
spot,BCPTBNB,BCPTBNB,UNKNOWN,non-USDT quote,archive symbol spelling,r1.6-taxonomy-v1,False,False
spot,BCPTBTC,BCPTBTC,UNKNOWN,non-USDT quote,archive symbol spelling,r1.6-taxonomy-v1,False,False
spot,BCPTETH,BCPTETH,UNKNOWN,non-USDT quote,archive symbol spelling,r1.6-taxonomy-v1,False,False
spot,BCPTPAX,BCPTPAX,UNKNOWN,non-USDT quote,archive symbol spelling,r1.6-taxonomy-v1,False,False
spot,BCPTTUSD,BCPTTUSD,UNKNOWN,non-USDT quote,archive symbol spelling,r1.6-taxonomy-v1,False,False
spot,BCPTUSDC,BCPTUSDC,UNKNOWN,non-USDT quote,archive symbol spelling,r1.6-taxonomy-v1,False,False
spot,BDOTDOT,BDOTDOT,UNKNOWN,non-USDT quote,archive symbol spelling,r1.6-taxonomy-v1,False,False
spot,BEAMBNB,BEAMBNB,UNKNOWN,non-USDT quote,archive symbol spelling,r1.6-taxonomy-v1,False,False
spot,BEAMBTC,BEAMBTC,UNKNOWN,non-USDT quote,archive symbol spelling,r1.6-taxonomy-v1,False,False
spot,BEAMUSDT,BEAM,CRYPTO,USDT quote and base not in excluded taxonomy,r1.6 taxonomy v1,r1.6-taxonomy-v1,True,True
spot,BEAMXTRY,BEAMXTRY,UNKNOWN,non-USDT quote,archive symbol spelling,r1.6-taxonomy-v1,False,False
spot,BEAMXUSDC,BEAMXUSDC,UNKNOWN,non-USDT quote,archive symbol spelling,r1.6-taxonomy-v1,False,False
spot,BEAMXUSDT,BEAMX,CRYPTO,USDT quote and base not in excluded taxonomy,r1.6 taxonomy v1,r1.6-taxonomy-v1,True,True
spot,BEARBUSD,BEARBUSD,UNKNOWN,non-USDT quote,archive symbol spelling,r1.6-taxonomy-v1,False,False
spot,BEARUSDT,BEAR,LEVERAGED_OR_SYNTHETIC,leveraged-token suffix,archive symbol policy,r1.6-taxonomy-v1,False,True
spot,BEBUSDT,BEB,CRYPTO,USDT quote and base not in excluded taxonomy,r1.6 taxonomy v1,r1.6-taxonomy-v1,True,True
spot,BELBNB,BELBNB,UNKNOWN,non-USDT quote,archive symbol spelling,r1.6-taxonomy-v1,False,False
spot,BELBTC,BELBTC,UNKNOWN,non-USDT quote,archive symbol spelling,r1.6-taxonomy-v1,False,False
spot,BELBUSD,BELBUSD,UNKNOWN,non-USDT quote,archive symbol spelling,r1.6-taxonomy-v1,False,False
spot,BELETH,BELETH,UNKNOWN,non-USDT quote,archive symbol spelling,r1.6-taxonomy-v1,False,False
spot,BELTRY,BELTRY,UNKNOWN,non-USDT quote,archive symbol spelling,r1.6-taxonomy-v1,False,False
spot,BELUSDT,BEL,CRYPTO,USDT quote and base not in excluded taxonomy,r1.6 taxonomy v1,r1.6-taxonomy-v1,True,True
spot,BERABNB,BERABNB,UNKNOWN,non-USDT quote,archive symbol spelling,r1.6-taxonomy-v1,False,False
spot,BERABTC,BERABTC,UNKNOWN,non-USDT quote,archive symbol spelling,r1.6-taxonomy-v1,False,False
spot,BERAFDUSD,BERAFDUSD,UNKNOWN,non-USDT quote,archive symbol spelling,r1.6-taxonomy-v1,False,False
spot,BERATRY,BERATRY,UNKNOWN,non-USDT quote,archive symbol spelling,r1.6-taxonomy-v1,False,False
spot,BERAUSDC,BERAUSDC,UNKNOWN,non-USDT quote,archive symbol spelling,r1.6-taxonomy-v1,False,False
spot,BERAUSDT,BERA,CRYPTO,USDT quote and base not in excluded taxonomy,r1.6 taxonomy v1,r1.6-taxonomy-v1,True,True
spot,BETABNB,BETABNB,UNKNOWN,non-USDT quote,archive symbol spelling,r1.6-taxonomy-v1,False,False
spot,BETABTC,BETABTC,UNKNOWN,non-USDT quote,archive symbol spelling,r1.6-taxonomy-v1,False,False
spot,BETABUSD,BETABUSD,UNKNOWN,non-USDT quote,archive symbol spelling,r1.6-taxonomy-v1,False,False
spot,BETAETH,BETAETH,UNKNOWN,non-USDT quote,archive symbol spelling,r1.6-taxonomy-v1,False,False
spot,BETAUSDT,BETA,CRYPTO,USDT quote and base not in excluded taxonomy,r1.6 taxonomy v1,r1.6-taxonomy-v1,True,True
spot,BETHBUSD,BETHBUSD,UNKNOWN,non-USDT quote,archive symbol spelling,r1.6-taxonomy-v1,False,False
spot,BETHETH,BETHETH,UNKNOWN,non-USDT quote,archive symbol spelling,r1.6-taxonomy-v1,False,False
spot,BETHUSDT,BETH,CRYPTO,USDT quote and base not in excluded taxonomy,r1.6 taxonomy v1,r1.6-taxonomy-v1,True,True
spot,BFUSDUSDC,BFUSDUSDC,UNKNOWN,non-USDT quote,archive symbol spelling,r1.6-taxonomy-v1,False,False
spot,BFUSDUSDT,BFUSD,CRYPTO,USDT quote and base not in excluded taxonomy,r1.6 taxonomy v1,r1.6-taxonomy-v1,True,True
spot,BGBPUSDC,BGBPUSDC,UNKNOWN,non-USDT quote,archive symbol spelling,r1.6-taxonomy-v1,False,False
spot,BICOBTC,BICOBTC,UNKNOWN,non-USDT quote,archive symbol spelling,r1.6-taxonomy-v1,False,False
spot,BICOBUSD,BICOBUSD,UNKNOWN,non-USDT quote,archive symbol spelling,r1.6-taxonomy-v1,False,False
spot,BICOUSDT,BICO,CRYPTO,USDT quote and base not in excluded taxonomy,r1.6 taxonomy v1,r1.6-taxonomy-v1,True,True
spot,BIFIBNB,BIFIBNB,UNKNOWN,non-USDT quote,archive symbol spelling,r1.6-taxonomy-v1,False,False
spot,BIFIBUSD,BIFIBUSD,UNKNOWN,non-USDT quote,archive symbol spelling,r1.6-taxonomy-v1,False,False
spot,BIFIUSDT,BIFI,CRYPTO,USDT quote and base not in excluded taxonomy,r1.6 taxonomy v1,r1.6-taxonomy-v1,True,True
spot,BIGTIMEUSDC,BIGTIMEUSDC,UNKNOWN,non-USDT quote,archive symbol spelling,r1.6-taxonomy-v1,False,False
spot,BIGTIMEUSDT,BIGTIME,CRYPTO,USDT quote and base not in excluded taxonomy,r1.6 taxonomy v1,r1.6-taxonomy-v1,True,True
spot,BIOBNB,BIOBNB,UNKNOWN,non-USDT quote,archive symbol spelling,r1.6-taxonomy-v1,False,False
spot,BIOFDUSD,BIOFDUSD,UNKNOWN,non-USDT quote,archive symbol spelling,r1.6-taxonomy-v1,False,False
spot,BIOTRY,BIOTRY,UNKNOWN,non-USDT quote,archive symbol spelling,r1.6-taxonomy-v1,False,False
spot,BIOU,BIOU,UNKNOWN,non-USDT quote,archive symbol spelling,r1.6-taxonomy-v1,False,False
spot,BIOUSDC,BIOUSDC,UNKNOWN,non-USDT quote,archive symbol spelling,r1.6-taxonomy-v1,False,False
spot,BIOUSDT,BIO,CRYPTO,USDT quote and base not in excluded taxonomy,r1.6 taxonomy v1,r1.6-taxonomy-v1,True,True
spot,BKRWBUSD,BKRWBUSD,UNKNOWN,non-USDT quote,archive symbol spelling,r1.6-taxonomy-v1,False,False
spot,BKRWUSDT,BKRW,CRYPTO,USDT quote and base not in excluded taxonomy,r1.6 taxonomy v1,r1.6-taxonomy-v1,True,True
spot,BLURBTC,BLURBTC,UNKNOWN,non-USDT quote,archive symbol spelling,r1.6-taxonomy-v1,False,False
spot,BLURFDUSD,BLURFDUSD,UNKNOWN,non-USDT quote,archive symbol spelling,r1.6-taxonomy-v1,False,False
spot,BLURTRY,BLURTRY,UNKNOWN,non-USDT quote,archive symbol spelling,r1.6-taxonomy-v1,False,False
spot,BLURUSDC,BLURUSDC,UNKNOWN,non-USDT quote,archive symbol spelling,r1.6-taxonomy-v1,False,False
spot,BLURUSDT,BLUR,CRYPTO,USDT quote and base not in excluded taxonomy,r1.6 taxonomy v1,r1.6-taxonomy-v1,True,True
spot,BLZBNB,BLZBNB,UNKNOWN,non-USDT quote,archive symbol spelling,r1.6-taxonomy-v1,False,False
spot,BLZBTC,BLZBTC,UNKNOWN,non-USDT quote,archive symbol spelling,r1.6-taxonomy-v1,False,False
spot,BLZBUSD,BLZBUSD,UNKNOWN,non-USDT quote,archive symbol spelling,r1.6-taxonomy-v1,False,False
spot,BLZETH,BLZETH,UNKNOWN,non-USDT quote,archive symbol spelling,r1.6-taxonomy-v1,False,False
spot,BLZFDUSD,BLZFDUSD,UNKNOWN,non-USDT quote,archive symbol spelling,r1.6-taxonomy-v1,False,False
spot,BLZUSDT,BLZ,CRYPTO,USDT quote and base not in excluded taxonomy,r1.6 taxonomy v1,r1.6-taxonomy-v1,True,True
spot,BMTBNB,BMTBNB,UNKNOWN,non-USDT quote,archive symbol spelling,r1.6-taxonomy-v1,False,False
spot,BMTFDUSD,BMTFDUSD,UNKNOWN,non-USDT quote,archive symbol spelling,r1.6-taxonomy-v1,False,False
spot,BMTTRY,BMTTRY,UNKNOWN,non-USDT quote,archive symbol spelling,r1.6-taxonomy-v1,False,False
spot,BMTUSDC,BMTUSDC,UNKNOWN,non-USDT quote,archive symbol spelling,r1.6-taxonomy-v1,False,False
spot,BMTUSDT,BMT,CRYPTO,USDT quote and base not in excluded taxonomy,r1.6 taxonomy v1,r1.6-taxonomy-v1,True,True
spot,BNBARS,BNBARS,UNKNOWN,non-USDT quote,archive symbol spelling,r1.6-taxonomy-v1,False,False
spot,BNBAUD,BNBAUD,UNKNOWN,non-USDT quote,archive symbol spelling,r1.6-taxonomy-v1,False,False
spot,BNBBEARBUSD,BNBBEARBUSD,UNKNOWN,non-USDT quote,archive symbol spelling,r1.6-taxonomy-v1,False,False
spot,BNBBEARUSDT,BNBBEAR,LEVERAGED_OR_SYNTHETIC,leveraged-token suffix,archive symbol policy,r1.6-taxonomy-v1,False,True
spot,BNBBIDR,BNBBIDR,UNKNOWN,non-USDT quote,archive symbol spelling,r1.6-taxonomy-v1,False,False
spot,BNBBKRW,BNBBKRW,UNKNOWN,non-USDT quote,archive symbol spelling,r1.6-taxonomy-v1,False,False
spot,BNBBRL,BNBBRL,UNKNOWN,non-USDT quote,archive symbol spelling,r1.6-taxonomy-v1,False,False
spot,BNBBTC,BNBBTC,UNKNOWN,non-USDT quote,archive symbol spelling,r1.6-taxonomy-v1,False,False
spot,BNBBULLBUSD,BNBBULLBUSD,UNKNOWN,non-USDT quote,archive symbol spelling,r1.6-taxonomy-v1,False,False
spot,BNBBULLUSDT,BNBBULL,LEVERAGED_OR_SYNTHETIC,leveraged-token suffix,archive symbol policy,r1.6-taxonomy-v1,False,True
spot,BNBBUSD,BNBBUSD,UNKNOWN,non-USDT quote,archive symbol spelling,r1.6-taxonomy-v1,False,False
spot,BNBDAI,BNBDAI,UNKNOWN,non-USDT quote,archive symbol spelling,r1.6-taxonomy-v1,False,False
spot,BNBDOWNUSDT,BNBDOWN,LEVERAGED_OR_SYNTHETIC,leveraged-token suffix,archive symbol policy,r1.6-taxonomy-v1,False,True
spot,BNBETH,BNBETH,UNKNOWN,non-USDT quote,archive symbol spelling,r1.6-taxonomy-v1,False,False
spot,BNBEUR,BNBEUR,UNKNOWN,non-USDT quote,archive symbol spelling,r1.6-taxonomy-v1,False,False
spot,BNBFDUSD,BNBFDUSD,UNKNOWN,non-USDT quote,archive symbol spelling,r1.6-taxonomy-v1,False,False
spot,BNBGBP,BNBGBP,UNKNOWN,non-USDT quote,archive symbol spelling,r1.6-taxonomy-v1,False,False
spot,BNBIDR,BNBIDR,UNKNOWN,non-USDT quote,archive symbol spelling,r1.6-taxonomy-v1,False,False
spot,BNBIDRT,BNBIDRT,UNKNOWN,non-USDT quote,archive symbol spelling,r1.6-taxonomy-v1,False,False
spot,BNBJPY,BNBJPY,UNKNOWN,non-USDT quote,archive symbol spelling,r1.6-taxonomy-v1,False,False
spot,BNBNGN,BNBNGN,UNKNOWN,non-USDT quote,archive symbol spelling,r1.6-taxonomy-v1,False,False
spot,BNBPAX,BNBPAX,UNKNOWN,non-USDT quote,archive symbol spelling,r1.6-taxonomy-v1,False,False
spot,BNBRUB,BNBRUB,UNKNOWN,non-USDT quote,archive symbol spelling,r1.6-taxonomy-v1,False,False
spot,BNBTRY,BNBTRY,UNKNOWN,non-USDT quote,archive symbol spelling,r1.6-taxonomy-v1,False,False
spot,BNBTUSD,BNBTUSD,UNKNOWN,non-USDT quote,archive symbol spelling,r1.6-taxonomy-v1,False,False
spot,BNBU,BNBU,UNKNOWN,non-USDT quote,archive symbol spelling,r1.6-taxonomy-v1,False,False
spot,BNBUAH,BNBUAH,UNKNOWN,non-USDT quote,archive symbol spelling,r1.6-taxonomy-v1,False,False
spot,BNBUPUSDT,BNBUP,LEVERAGED_OR_SYNTHETIC,leveraged-token suffix,archive symbol policy,r1.6-taxonomy-v1,False,True
spot,BNBUSD,BNBUSD,UNKNOWN,non-USDT quote,archive symbol spelling,r1.6-taxonomy-v1,False,False
spot,BNBUSD1,BNBUSD1,UNKNOWN,non-USDT quote,archive symbol spelling,r1.6-taxonomy-v1,False,False
spot,BNBUSDC,BNBUSDC,UNKNOWN,non-USDT quote,archive symbol spelling,r1.6-taxonomy-v1,False,False
spot,BNBUSDP,BNBUSDP,UNKNOWN,non-USDT quote,archive symbol spelling,r1.6-taxonomy-v1,False,False
spot,BNBUSDS,BNBUSDS,UNKNOWN,non-USDT quote,archive symbol spelling,r1.6-taxonomy-v1,False,False
spot,BNBUSDT,BNB,CRYPTO,USDT quote and base not in excluded taxonomy,r1.6 taxonomy v1,r1.6-taxonomy-v1,True,True
spot,BNBUST,BNBUST,UNKNOWN,non-USDT quote,archive symbol spelling,r1.6-taxonomy-v1,False,False
spot,BNBZAR,BNBZAR,UNKNOWN,non-USDT quote,archive symbol spelling,r1.6-taxonomy-v1,False,False
spot,BNSOLSOL,BNSOLSOL,UNKNOWN,non-USDT quote,archive symbol spelling,r1.6-taxonomy-v1,False,False
spot,BNSOLUSDT,BNSOL,CRYPTO,USDT quote and base not in excluded taxonomy,r1.6 taxonomy v1,r1.6-taxonomy-v1,True,True
spot,BNTBTC,BNTBTC,UNKNOWN,non-USDT quote,archive symbol spelling,r1.6-taxonomy-v1,False,False
spot,BNTBUSD,BNTBUSD,UNKNOWN,non-USDT quote,archive symbol spelling,r1.6-taxonomy-v1,False,False
spot,BNTETH,BNTETH,UNKNOWN,non-USDT quote,archive symbol spelling,r1.6-taxonomy-v1,False,False
spot,BNTUSDT,BNT,CRYPTO,USDT quote and base not in excluded taxonomy,r1.6 taxonomy v1,r1.6-taxonomy-v1,True,True
spot,BNXBNB,BNXBNB,UNKNOWN,non-USDT quote,archive symbol spelling,r1.6-taxonomy-v1,False,False
spot,BNXBTC,BNXBTC,UNKNOWN,non-USDT quote,archive symbol spelling,r1.6-taxonomy-v1,False,False
spot,BNXBUSD,BNXBUSD,UNKNOWN,non-USDT quote,archive symbol spelling,r1.6-taxonomy-v1,False,False
spot,BNXTRY,BNXTRY,UNKNOWN,non-USDT quote,archive symbol spelling,r1.6-taxonomy-v1,False,False
spot,BNXUSDC,BNXUSDC,UNKNOWN,non-USDT quote,archive symbol spelling,r1.6-taxonomy-v1,False,False
spot,BNXUSDT,BNX,CRYPTO,USDT quote and base not in excluded taxonomy,r1.6 taxonomy v1,r1.6-taxonomy-v1,True,True
spot,BOMEBTC,BOMEBTC,UNKNOWN,non-USDT quote,archive symbol spelling,r1.6-taxonomy-v1,False,False
spot,BOMEEUR,BOMEEUR,UNKNOWN,non-USDT quote,archive symbol spelling,r1.6-taxonomy-v1,False,False
spot,BOMEFDUSD,BOMEFDUSD,UNKNOWN,non-USDT quote,archive symbol spelling,r1.6-taxonomy-v1,False,False
spot,BOMEIDR,BOMEIDR,UNKNOWN,non-USDT quote,archive symbol spelling,r1.6-taxonomy-v1,False,False
spot,BOMETRY,BOMETRY,UNKNOWN,non-USDT quote,archive symbol spelling,r1.6-taxonomy-v1,False,False
spot,BOMEUSDC,BOMEUSDC,UNKNOWN,non-USDT quote,archive symbol spelling,r1.6-taxonomy-v1,False,False
spot,BOMEUSDT,BOME,CRYPTO,USDT quote and base not in excluded taxonomy,r1.6 taxonomy v1,r1.6-taxonomy-v1,True,True
spot,BONDBNB,BONDBNB,UNKNOWN,non-USDT quote,archive symbol spelling,r1.6-taxonomy-v1,False,False
spot,BONDBTC,BONDBTC,UNKNOWN,non-USDT quote,archive symbol spelling,r1.6-taxonomy-v1,False,False
spot,BONDBUSD,BONDBUSD,UNKNOWN,non-USDT quote,archive symbol spelling,r1.6-taxonomy-v1,False,False
spot,BONDETH,BONDETH,UNKNOWN,non-USDT quote,archive symbol spelling,r1.6-taxonomy-v1,False,False
spot,BONDUSDT,BOND,CRYPTO,USDT quote and base not in excluded taxonomy,r1.6 taxonomy v1,r1.6-taxonomy-v1,True,True
spot,BONKBRL,BONKBRL,UNKNOWN,non-USDT quote,archive symbol spelling,r1.6-taxonomy-v1,False,False
spot,BONKFDUSD,BONKFDUSD,UNKNOWN,non-USDT quote,archive symbol spelling,r1.6-taxonomy-v1,False,False
spot,BONKTRY,BONKTRY,UNKNOWN,non-USDT quote,archive symbol spelling,r1.6-taxonomy-v1,False,False
spot,BONKUSDC,BONKUSDC,UNKNOWN,non-USDT quote,archive symbol spelling,r1.6-taxonomy-v1,False,False
spot,BONKUSDT,BONK,CRYPTO,USDT quote and base not in excluded taxonomy,r1.6 taxonomy v1,r1.6-taxonomy-v1,True,True
spot,BOTBTC,BOTBTC,UNKNOWN,non-USDT quote,archive symbol spelling,r1.6-taxonomy-v1,False,False
spot,BOTBUSD,BOTBUSD,UNKNOWN,non-USDT quote,archive symbol spelling,r1.6-taxonomy-v1,False,False
spot,BQXBTC,BQXBTC,UNKNOWN,non-USDT quote,archive symbol spelling,r1.6-taxonomy-v1,False,False
spot,BQXETH,BQXETH,UNKNOWN,non-USDT quote,archive symbol spelling,r1.6-taxonomy-v1,False,False
spot,BRDBNB,BRDBNB,UNKNOWN,non-USDT quote,archive symbol spelling,r1.6-taxonomy-v1,False,False
spot,BRDBTC,BRDBTC,UNKNOWN,non-USDT quote,archive symbol spelling,r1.6-taxonomy-v1,False,False
spot,BRDETH,BRDETH,UNKNOWN,non-USDT quote,archive symbol spelling,r1.6-taxonomy-v1,False,False
spot,BREVBNB,BREVBNB,UNKNOWN,non-USDT quote,archive symbol spelling,r1.6-taxonomy-v1,False,False
spot,BREVTRY,BREVTRY,UNKNOWN,non-USDT quote,archive symbol spelling,r1.6-taxonomy-v1,False,False
spot,BREVUSDC,BREVUSDC,UNKNOWN,non-USDT quote,archive symbol spelling,r1.6-taxonomy-v1,False,False
spot,BREVUSDT,BREV,CRYPTO,USDT quote and base not in excluded taxonomy,r1.6 taxonomy v1,r1.6-taxonomy-v1,True,True
spot,BROCCOLI714USDC,BROCCOLI714USDC,UNKNOWN,non-USDT quote,archive symbol spelling,r1.6-taxonomy-v1,False,False
spot,BROCCOLI714USDT,BROCCOLI714,CRYPTO,USDT quote and base not in excluded taxonomy,r1.6 taxonomy v1,r1.6-taxonomy-v1,True,True
spot,BSWBNB,BSWBNB,UNKNOWN,non-USDT quote,archive symbol spelling,r1.6-taxonomy-v1,False,False
spot,BSWBUSD,BSWBUSD,UNKNOWN,non-USDT quote,archive symbol spelling,r1.6-taxonomy-v1,False,False
spot,BSWETH,BSWETH,UNKNOWN,non-USDT quote,archive symbol spelling,r1.6-taxonomy-v1,False,False
spot,BSWTRY,BSWTRY,UNKNOWN,non-USDT quote,archive symbol spelling,r1.6-taxonomy-v1,False,False
spot,BSWUSDT,BSW,CRYPTO,USDT quote and base not in excluded taxonomy,r1.6 taxonomy v1,r1.6-taxonomy-v1,True,True
spot,BTCAEUR,BTCAEUR,UNKNOWN,non-USDT quote,archive symbol spelling,r1.6-taxonomy-v1,False,False
spot,BTCARS,BTCARS,UNKNOWN,non-USDT quote,archive symbol spelling,r1.6-taxonomy-v1,False,False
spot,BTCAUD,BTCAUD,UNKNOWN,non-USDT quote,archive symbol spelling,r1.6-taxonomy-v1,False,False
spot,BTCBBTC,BTCBBTC,UNKNOWN,non-USDT quote,archive symbol spelling,r1.6-taxonomy-v1,False,False
spot,BTCBIDR,BTCBIDR,UNKNOWN,non-USDT quote,archive symbol spelling,r1.6-taxonomy-v1,False,False
spot,BTCBKRW,BTCBKRW,UNKNOWN,non-USDT quote,archive symbol spelling,r1.6-taxonomy-v1,False,False
spot,BTCBRL,BTCBRL,UNKNOWN,non-USDT quote,archive symbol spelling,r1.6-taxonomy-v1,False,False
spot,BTCBUSD,BTCBUSD,UNKNOWN,non-USDT quote,archive symbol spelling,r1.6-taxonomy-v1,False,False
spot,BTCDAI,BTCDAI,UNKNOWN,non-USDT quote,archive symbol spelling,r1.6-taxonomy-v1,False,False
spot,BTCDOWNUSDT,BTCDOWN,LEVERAGED_OR_SYNTHETIC,leveraged-token suffix,archive symbol policy,r1.6-taxonomy-v1,False,True
spot,BTCEUR,BTCEUR,UNKNOWN,non-USDT quote,archive symbol spelling,r1.6-taxonomy-v1,False,False
spot,BTCEURI,BTCEURI,UNKNOWN,non-USDT quote,archive symbol spelling,r1.6-taxonomy-v1,False,False
spot,BTCFDUSD,BTCFDUSD,UNKNOWN,non-USDT quote,archive symbol spelling,r1.6-taxonomy-v1,False,False
spot,BTCGBP,BTCGBP,UNKNOWN,non-USDT quote,archive symbol spelling,r1.6-taxonomy-v1,False,False
spot,BTCGYEN,BTCGYEN,UNKNOWN,non-USDT quote,archive symbol spelling,r1.6-taxonomy-v1,False,False
spot,BTCIDR,BTCIDR,UNKNOWN,non-USDT quote,archive symbol spelling,r1.6-taxonomy-v1,False,False
spot,BTCIDRT,BTCIDRT,UNKNOWN,non-USDT quote,archive symbol spelling,r1.6-taxonomy-v1,False,False
spot,BTCJPY,BTCJPY,UNKNOWN,non-USDT quote,archive symbol spelling,r1.6-taxonomy-v1,False,False
spot,BTCMXN,BTCMXN,UNKNOWN,non-USDT quote,archive symbol spelling,r1.6-taxonomy-v1,False,False
spot,BTCNGN,BTCNGN,UNKNOWN,non-USDT quote,archive symbol spelling,r1.6-taxonomy-v1,False,False
spot,BTCPAX,BTCPAX,UNKNOWN,non-USDT quote,archive symbol spelling,r1.6-taxonomy-v1,False,False
spot,BTCPLN,BTCPLN,UNKNOWN,non-USDT quote,archive symbol spelling,r1.6-taxonomy-v1,False,False
spot,BTCRON,BTCRON,UNKNOWN,non-USDT quote,archive symbol spelling,r1.6-taxonomy-v1,False,False
spot,BTCRUB,BTCRUB,UNKNOWN,non-USDT quote,archive symbol spelling,r1.6-taxonomy-v1,False,False
spot,BTCSTBTC,BTCSTBTC,UNKNOWN,non-USDT quote,archive symbol spelling,r1.6-taxonomy-v1,False,False
spot,BTCSTBUSD,BTCSTBUSD,UNKNOWN,non-USDT quote,archive symbol spelling,r1.6-taxonomy-v1,False,False
spot,BTCSTUSDT,BTCST,CRYPTO,USDT quote and base not in excluded taxonomy,r1.6 taxonomy v1,r1.6-taxonomy-v1,True,True
spot,BTCTRY,BTCTRY,UNKNOWN,non-USDT quote,archive symbol spelling,r1.6-taxonomy-v1,False,False
spot,BTCTUSD,BTCTUSD,UNKNOWN,non-USDT quote,archive symbol spelling,r1.6-taxonomy-v1,False,False
spot,BTCU,BTCU,UNKNOWN,non-USDT quote,archive symbol spelling,r1.6-taxonomy-v1,False,False
spot,BTCUAH,BTCUAH,UNKNOWN,non-USDT quote,archive symbol spelling,r1.6-taxonomy-v1,False,False
spot,BTCUPUSDT,BTCUP,LEVERAGED_OR_SYNTHETIC,leveraged-token suffix,archive symbol policy,r1.6-taxonomy-v1,False,True
spot,BTCUSD,BTCUSD,UNKNOWN,non-USDT quote,archive symbol spelling,r1.6-taxonomy-v1,False,False
spot,BTCUSD1,BTCUSD1,UNKNOWN,non-USDT quote,archive symbol spelling,r1.6-taxonomy-v1,False,False
spot,BTCUSDC,BTCUSDC,UNKNOWN,non-USDT quote,archive symbol spelling,r1.6-taxonomy-v1,False,False
spot,BTCUSDP,BTCUSDP,UNKNOWN,non-USDT quote,archive symbol spelling,r1.6-taxonomy-v1,False,False
spot,BTCUSDS,BTCUSDS,UNKNOWN,non-USDT quote,archive symbol spelling,r1.6-taxonomy-v1,False,False
spot,BTCUSDT,BTC,CRYPTO,USDT quote and base not in excluded taxonomy,r1.6 taxonomy v1,r1.6-taxonomy-v1,True,True
spot,BTCUST,BTCUST,UNKNOWN,non-USDT quote,archive symbol spelling,r1.6-taxonomy-v1,False,False
spot,BTCVAI,BTCVAI,UNKNOWN,non-USDT quote,archive symbol spelling,r1.6-taxonomy-v1,False,False
spot,BTCZAR,BTCZAR,UNKNOWN,non-USDT quote,archive symbol spelling,r1.6-taxonomy-v1,False,False
spot,BTGBTC,BTGBTC,UNKNOWN,non-USDT quote,archive symbol spelling,r1.6-taxonomy-v1,False,False
spot,BTGBUSD,BTGBUSD,UNKNOWN,non-USDT quote,archive symbol spelling,r1.6-taxonomy-v1,False,False
spot,BTGETH,BTGETH,UNKNOWN,non-USDT quote,archive symbol spelling,r1.6-taxonomy-v1,False,False
spot,BTGUSDT,BTG,CRYPTO,USDT quote and base not in excluded taxonomy,r1.6 taxonomy v1,r1.6-taxonomy-v1,True,True
spot,BTSBNB,BTSBNB,UNKNOWN,non-USDT quote,archive symbol spelling,r1.6-taxonomy-v1,False,False
spot,BTSBTC,BTSBTC,UNKNOWN,non-USDT quote,archive symbol spelling,r1.6-taxonomy-v1,False,False
spot,BTSBUSD,BTSBUSD,UNKNOWN,non-USDT quote,archive symbol spelling,r1.6-taxonomy-v1,False,False
spot,BTSETH,BTSETH,UNKNOWN,non-USDT quote,archive symbol spelling,r1.6-taxonomy-v1,False,False
spot,BTSUSDT,BTS,CRYPTO,USDT quote and base not in excluded taxonomy,r1.6 taxonomy v1,r1.6-taxonomy-v1,True,True
spot,BTTBNB,BTTBNB,UNKNOWN,non-USDT quote,archive symbol spelling,r1.6-taxonomy-v1,False,False
spot,BTTBRL,BTTBRL,UNKNOWN,non-USDT quote,archive symbol spelling,r1.6-taxonomy-v1,False,False
spot,BTTBTC,BTTBTC,UNKNOWN,non-USDT quote,archive symbol spelling,r1.6-taxonomy-v1,False,False
spot,BTTBUSD,BTTBUSD,UNKNOWN,non-USDT quote,archive symbol spelling,r1.6-taxonomy-v1,False,False
spot,BTTCBUSD,BTTCBUSD,UNKNOWN,non-USDT quote,archive symbol spelling,r1.6-taxonomy-v1,False,False
spot,BTTCTRY,BTTCTRY,UNKNOWN,non-USDT quote,archive symbol spelling,r1.6-taxonomy-v1,False,False
spot,BTTCUSDC,BTTCUSDC,UNKNOWN,non-USDT quote,archive symbol spelling,r1.6-taxonomy-v1,False,False
spot,BTTCUSDT,BTTC,CRYPTO,USDT quote and base not in excluded taxonomy,r1.6 taxonomy v1,r1.6-taxonomy-v1,True,True
spot,BTTEUR,BTTEUR,UNKNOWN,non-USDT quote,archive symbol spelling,r1.6-taxonomy-v1,False,False
spot,BTTPAX,BTTPAX,UNKNOWN,non-USDT quote,archive symbol spelling,r1.6-taxonomy-v1,False,False
spot,BTTTRX,BTTTRX,UNKNOWN,non-USDT quote,archive symbol spelling,r1.6-taxonomy-v1,False,False
spot,BTTTRY,BTTTRY,UNKNOWN,non-USDT quote,archive symbol spelling,r1.6-taxonomy-v1,False,False
spot,BTTTUSD,BTTTUSD,UNKNOWN,non-USDT quote,archive symbol spelling,r1.6-taxonomy-v1,False,False
spot,BTTUSDC,BTTUSDC,UNKNOWN,non-USDT quote,archive symbol spelling,r1.6-taxonomy-v1,False,False
spot,BTTUSDT,BTT,CRYPTO,USDT quote and base not in excluded taxonomy,r1.6 taxonomy v1,r1.6-taxonomy-v1,True,True
spot,BULLBUSD,BULLBUSD,UNKNOWN,non-USDT quote,archive symbol spelling,r1.6-taxonomy-v1,False,False
spot,BULLUSDT,BULL,LEVERAGED_OR_SYNTHETIC,leveraged-token suffix,archive symbol policy,r1.6-taxonomy-v1,False,True
spot,BURGERBNB,BURGERBNB,UNKNOWN,non-USDT quote,archive symbol spelling,r1.6-taxonomy-v1,False,False
spot,BURGERBUSD,BURGERBUSD,UNKNOWN,non-USDT quote,archive symbol spelling,r1.6-taxonomy-v1,False,False
spot,BURGERETH,BURGERETH,UNKNOWN,non-USDT quote,archive symbol spelling,r1.6-taxonomy-v1,False,False
spot,BURGERUSDT,BURGER,CRYPTO,USDT quote and base not in excluded taxonomy,r1.6 taxonomy v1,r1.6-taxonomy-v1,True,True
spot,BUSDBIDR,BUSDBIDR,UNKNOWN,non-USDT quote,archive symbol spelling,r1.6-taxonomy-v1,False,False
spot,BUSDBKRW,BUSDBKRW,UNKNOWN,non-USDT quote,archive symbol spelling,r1.6-taxonomy-v1,False,False
spot,BUSDBRL,BUSDBRL,UNKNOWN,non-USDT quote,archive symbol spelling,r1.6-taxonomy-v1,False,False
spot,BUSDBVND,BUSDBVND,UNKNOWN,non-USDT quote,archive symbol spelling,r1.6-taxonomy-v1,False,False
spot,BUSDDAI,BUSDDAI,UNKNOWN,non-USDT quote,archive symbol spelling,r1.6-taxonomy-v1,False,False
spot,BUSDIDRT,BUSDIDRT,UNKNOWN,non-USDT quote,archive symbol spelling,r1.6-taxonomy-v1,False,False
spot,BUSDNGN,BUSDNGN,UNKNOWN,non-USDT quote,archive symbol spelling,r1.6-taxonomy-v1,False,False
spot,BUSDPLN,BUSDPLN,UNKNOWN,non-USDT quote,archive symbol spelling,r1.6-taxonomy-v1,False,False
spot,BUSDRON,BUSDRON,UNKNOWN,non-USDT quote,archive symbol spelling,r1.6-taxonomy-v1,False,False
spot,BUSDRUB,BUSDRUB,UNKNOWN,non-USDT quote,archive symbol spelling,r1.6-taxonomy-v1,False,False
spot,BUSDTRY,BUSDTRY,UNKNOWN,non-USDT quote,archive symbol spelling,r1.6-taxonomy-v1,False,False
spot,BUSDUAH,BUSDUAH,UNKNOWN,non-USDT quote,archive symbol spelling,r1.6-taxonomy-v1,False,False
spot,BUSDUSDT,BUSD,STABLECOIN,base asset in frozen stablecoin list,r1.6 taxonomy v1,r1.6-taxonomy-v1,False,True
spot,BUSDVAI,BUSDVAI,UNKNOWN,non-USDT quote,archive symbol spelling,r1.6-taxonomy-v1,False,False
spot,BUSDZAR,BUSDZAR,UNKNOWN,non-USDT quote,archive symbol spelling,r1.6-taxonomy-v1,False,False
spot,BZRXBNB,BZRXBNB,UNKNOWN,non-USDT quote,archive symbol spelling,r1.6-taxonomy-v1,False,False
spot,BZRXBTC,BZRXBTC,UNKNOWN,non-USDT quote,archive symbol spelling,r1.6-taxonomy-v1,False,False
spot,BZRXBUSD,BZRXBUSD,UNKNOWN,non-USDT quote,archive symbol spelling,r1.6-taxonomy-v1,False,False
spot,BZRXUSDT,BZRX,CRYPTO,USDT quote and base not in excluded taxonomy,r1.6 taxonomy v1,r1.6-taxonomy-v1,True,True
spot,C98BNB,C98BNB,UNKNOWN,non-USDT quote,archive symbol spelling,r1.6-taxonomy-v1,False,False
spot,C98BRL,C98BRL,UNKNOWN,non-USDT quote,archive symbol spelling,r1.6-taxonomy-v1,False,False
spot,C98BTC,C98BTC,UNKNOWN,non-USDT quote,archive symbol spelling,r1.6-taxonomy-v1,False,False
spot,C98BUSD,C98BUSD,UNKNOWN,non-USDT quote,archive symbol spelling,r1.6-taxonomy-v1,False,False
spot,C98USDT,C98,CRYPTO,USDT quote and base not in excluded taxonomy,r1.6 taxonomy v1,r1.6-taxonomy-v1,True,True
spot,CAKEAUD,CAKEAUD,UNKNOWN,non-USDT quote,archive symbol spelling,r1.6-taxonomy-v1,False,False
spot,CAKEBNB,CAKEBNB,UNKNOWN,non-USDT quote,archive symbol spelling,r1.6-taxonomy-v1,False,False
spot,CAKEBRL,CAKEBRL,UNKNOWN,non-USDT quote,archive symbol spelling,r1.6-taxonomy-v1,False,False
spot,CAKEBTC,CAKEBTC,UNKNOWN,non-USDT quote,archive symbol spelling,r1.6-taxonomy-v1,False,False
spot,CAKEBUSD,CAKEBUSD,UNKNOWN,non-USDT quote,archive symbol spelling,r1.6-taxonomy-v1,False,False
spot,CAKEGBP,CAKEGBP,UNKNOWN,non-USDT quote,archive symbol spelling,r1.6-taxonomy-v1,False,False
spot,CAKETRY,CAKETRY,UNKNOWN,non-USDT quote,archive symbol spelling,r1.6-taxonomy-v1,False,False
spot,CAKETUSD,CAKETUSD,UNKNOWN,non-USDT quote,archive symbol spelling,r1.6-taxonomy-v1,False,False
spot,CAKEUSDC,CAKEUSDC,UNKNOWN,non-USDT quote,archive symbol spelling,r1.6-taxonomy-v1,False,False
spot,CAKEUSDT,CAKE,CRYPTO,USDT quote and base not in excluded taxonomy,r1.6 taxonomy v1,r1.6-taxonomy-v1,True,True
spot,CATIBNB,CATIBNB,UNKNOWN,non-USDT quote,archive symbol spelling,r1.6-taxonomy-v1,False,False
spot,CATIBRL,CATIBRL,UNKNOWN,non-USDT quote,archive symbol spelling,r1.6-taxonomy-v1,False,False
spot,CATIFDUSD,CATIFDUSD,UNKNOWN,non-USDT quote,archive symbol spelling,r1.6-taxonomy-v1,False,False
spot,CATITRY,CATITRY,UNKNOWN,non-USDT quote,archive symbol spelling,r1.6-taxonomy-v1,False,False
spot,CATIUSDC,CATIUSDC,UNKNOWN,non-USDT quote,archive symbol spelling,r1.6-taxonomy-v1,False,False
spot,CATIUSDT,CATI,CRYPTO,USDT quote and base not in excluded taxonomy,r1.6 taxonomy v1,r1.6-taxonomy-v1,True,True
spot,CBNB,CBNB,UNKNOWN,non-USDT quote,archive symbol spelling,r1.6-taxonomy-v1,False,False
spot,CBRSBUSDT,CBRSB,CRYPTO,USDT quote and base not in excluded taxonomy,r1.6 taxonomy v1,r1.6-taxonomy-v1,True,True
spot,CDTBTC,CDTBTC,UNKNOWN,non-USDT quote,archive symbol spelling,r1.6-taxonomy-v1,False,False
spot,CDTETH,CDTETH,UNKNOWN,non-USDT quote,archive symbol spelling,r1.6-taxonomy-v1,False,False
spot,CELOBTC,CELOBTC,UNKNOWN,non-USDT quote,archive symbol spelling,r1.6-taxonomy-v1,False,False
spot,CELOBUSD,CELOBUSD,UNKNOWN,non-USDT quote,archive symbol spelling,r1.6-taxonomy-v1,False,False
spot,CELOTRY,CELOTRY,UNKNOWN,non-USDT quote,archive symbol spelling,r1.6-taxonomy-v1,False,False
spot,CELOUSDT,CELO,CRYPTO,USDT quote and base not in excluded taxonomy,r1.6 taxonomy v1,r1.6-taxonomy-v1,True,True
spot,CELRBNB,CELRBNB,UNKNOWN,non-USDT quote,archive symbol spelling,r1.6-taxonomy-v1,False,False
spot,CELRBTC,CELRBTC,UNKNOWN,non-USDT quote,archive symbol spelling,r1.6-taxonomy-v1,False,False
spot,CELRBUSD,CELRBUSD,UNKNOWN,non-USDT quote,archive symbol spelling,r1.6-taxonomy-v1,False,False
spot,CELRETH,CELRETH,UNKNOWN,non-USDT quote,archive symbol spelling,r1.6-taxonomy-v1,False,False
spot,CELRUSDT,CELR,CRYPTO,USDT quote and base not in excluded taxonomy,r1.6 taxonomy v1,r1.6-taxonomy-v1,True,True
spot,CETUSTRY,CETUSTRY,UNKNOWN,non-USDT quote,archive symbol spelling,r1.6-taxonomy-v1,False,False
spot,CETUSUSDC,CETUSUSDC,UNKNOWN,non-USDT quote,archive symbol spelling,r1.6-taxonomy-v1,False,False
spot,CETUSUSDT,CETUS,CRYPTO,USDT quote and base not in excluded taxonomy,r1.6 taxonomy v1,r1.6-taxonomy-v1,True,True
spot,CFDUSD,CFDUSD,UNKNOWN,non-USDT quote,archive symbol spelling,r1.6-taxonomy-v1,False,False
spot,CFGTRY,CFGTRY,UNKNOWN,non-USDT quote,archive symbol spelling,r1.6-taxonomy-v1,False,False
spot,CFGUSDC,CFGUSDC,UNKNOWN,non-USDT quote,archive symbol spelling,r1.6-taxonomy-v1,False,False
spot,CFGUSDT,CFG,CRYPTO,USDT quote and base not in excluded taxonomy,r1.6 taxonomy v1,r1.6-taxonomy-v1,True,True
spot,CFXBTC,CFXBTC,UNKNOWN,non-USDT quote,archive symbol spelling,r1.6-taxonomy-v1,False,False
spot,CFXBUSD,CFXBUSD,UNKNOWN,non-USDT quote,archive symbol spelling,r1.6-taxonomy-v1,False,False
spot,CFXTRY,CFXTRY,UNKNOWN,non-USDT quote,archive symbol spelling,r1.6-taxonomy-v1,False,False
spot,CFXTUSD,CFXTUSD,UNKNOWN,non-USDT quote,archive symbol spelling,r1.6-taxonomy-v1,False,False
spot,CFXUSDC,CFXUSDC,UNKNOWN,non-USDT quote,archive symbol spelling,r1.6-taxonomy-v1,False,False
spot,CFXUSDT,CFX,CRYPTO,USDT quote and base not in excluded taxonomy,r1.6 taxonomy v1,r1.6-taxonomy-v1,True,True
spot,CGPTUSDC,CGPTUSDC,UNKNOWN,non-USDT quote,archive symbol spelling,r1.6-taxonomy-v1,False,False
spot,CGPTUSDT,CGPT,CRYPTO,USDT quote and base not in excluded taxonomy,r1.6 taxonomy v1,r1.6-taxonomy-v1,True,True
spot,CHATBTC,CHATBTC,UNKNOWN,non-USDT quote,archive symbol spelling,r1.6-taxonomy-v1,False,False
spot,CHATETH,CHATETH,UNKNOWN,non-USDT quote,archive symbol spelling,r1.6-taxonomy-v1,False,False
spot,CHESSBNB,CHESSBNB,UNKNOWN,non-USDT quote,archive symbol spelling,r1.6-taxonomy-v1,False,False
spot,CHESSBTC,CHESSBTC,UNKNOWN,non-USDT quote,archive symbol spelling,r1.6-taxonomy-v1,False,False
spot,CHESSBUSD,CHESSBUSD,UNKNOWN,non-USDT quote,archive symbol spelling,r1.6-taxonomy-v1,False,False
spot,CHESSUSDC,CHESSUSDC,UNKNOWN,non-USDT quote,archive symbol spelling,r1.6-taxonomy-v1,False,False
spot,CHESSUSDT,CHESS,CRYPTO,USDT quote and base not in excluded taxonomy,r1.6 taxonomy v1,r1.6-taxonomy-v1,True,True
spot,CHIPTRY,CHIPTRY,UNKNOWN,non-USDT quote,archive symbol spelling,r1.6-taxonomy-v1,False,False
spot,CHIPU,CHIPU,UNKNOWN,non-USDT quote,archive symbol spelling,r1.6-taxonomy-v1,False,False
spot,CHIPUSD1,CHIPUSD1,UNKNOWN,non-USDT quote,archive symbol spelling,r1.6-taxonomy-v1,False,False
spot,CHIPUSDC,CHIPUSDC,UNKNOWN,non-USDT quote,archive symbol spelling,r1.6-taxonomy-v1,False,False
spot,CHIPUSDT,CHIP,CRYPTO,USDT quote and base not in excluded taxonomy,r1.6 taxonomy v1,r1.6-taxonomy-v1,True,True
spot,CHRBNB,CHRBNB,UNKNOWN,non-USDT quote,archive symbol spelling,r1.6-taxonomy-v1,False,False
spot,CHRBTC,CHRBTC,UNKNOWN,non-USDT quote,archive symbol spelling,r1.6-taxonomy-v1,False,False
spot,CHRBUSD,CHRBUSD,UNKNOWN,non-USDT quote,archive symbol spelling,r1.6-taxonomy-v1,False,False
spot,CHRETH,CHRETH,UNKNOWN,non-USDT quote,archive symbol spelling,r1.6-taxonomy-v1,False,False
spot,CHRUSDT,CHR,CRYPTO,USDT quote and base not in excluded taxonomy,r1.6 taxonomy v1,r1.6-taxonomy-v1,True,True
spot,CHZBNB,CHZBNB,UNKNOWN,non-USDT quote,archive symbol spelling,r1.6-taxonomy-v1,False,False
spot,CHZBRL,CHZBRL,UNKNOWN,non-USDT quote,archive symbol spelling,r1.6-taxonomy-v1,False,False
spot,CHZBTC,CHZBTC,UNKNOWN,non-USDT quote,archive symbol spelling,r1.6-taxonomy-v1,False,False
spot,CHZBUSD,CHZBUSD,UNKNOWN,non-USDT quote,archive symbol spelling,r1.6-taxonomy-v1,False,False
spot,CHZEUR,CHZEUR,UNKNOWN,non-USDT quote,archive symbol spelling,r1.6-taxonomy-v1,False,False
spot,CHZFDUSD,CHZFDUSD,UNKNOWN,non-USDT quote,archive symbol spelling,r1.6-taxonomy-v1,False,False
spot,CHZGBP,CHZGBP,UNKNOWN,non-USDT quote,archive symbol spelling,r1.6-taxonomy-v1,False,False
spot,CHZTRY,CHZTRY,UNKNOWN,non-USDT quote,archive symbol spelling,r1.6-taxonomy-v1,False,False
spot,CHZUSDC,CHZUSDC,UNKNOWN,non-USDT quote,archive symbol spelling,r1.6-taxonomy-v1,False,False
spot,CHZUSDT,CHZ,CRYPTO,USDT quote and base not in excluded taxonomy,r1.6 taxonomy v1,r1.6-taxonomy-v1,True,True
spot,CITYBNB,CITYBNB,UNKNOWN,non-USDT quote,archive symbol spelling,r1.6-taxonomy-v1,False,False
spot,CITYBTC,CITYBTC,UNKNOWN,non-USDT quote,archive symbol spelling,r1.6-taxonomy-v1,False,False
spot,CITYBUSD,CITYBUSD,UNKNOWN,non-USDT quote,archive symbol spelling,r1.6-taxonomy-v1,False,False
spot,CITYTRY,CITYTRY,UNKNOWN,non-USDT quote,archive symbol spelling,r1.6-taxonomy-v1,False,False
spot,CITYUSDT,CITY,CRYPTO,USDT quote and base not in excluded taxonomy,r1.6 taxonomy v1,r1.6-taxonomy-v1,True,True
spot,CKBBTC,CKBBTC,UNKNOWN,non-USDT quote,archive symbol spelling,r1.6-taxonomy-v1,False,False
spot,CKBBUSD,CKBBUSD,UNKNOWN,non-USDT quote,archive symbol spelling,r1.6-taxonomy-v1,False,False
spot,CKBTRY,CKBTRY,UNKNOWN,non-USDT quote,archive symbol spelling,r1.6-taxonomy-v1,False,False
spot,CKBUSDC,CKBUSDC,UNKNOWN,non-USDT quote,archive symbol spelling,r1.6-taxonomy-v1,False,False
spot,CKBUSDT,CKB,CRYPTO,USDT quote and base not in excluded taxonomy,r1.6 taxonomy v1,r1.6-taxonomy-v1,True,True
spot,CLOAKBTC,CLOAKBTC,UNKNOWN,non-USDT quote,archive symbol spelling,r1.6-taxonomy-v1,False,False
spot,CLOAKETH,CLOAKETH,UNKNOWN,non-USDT quote,archive symbol spelling,r1.6-taxonomy-v1,False,False
spot,CLVBNB,CLVBNB,UNKNOWN,non-USDT quote,archive symbol spelling,r1.6-taxonomy-v1,False,False
spot,CLVBTC,CLVBTC,UNKNOWN,non-USDT quote,archive symbol spelling,r1.6-taxonomy-v1,False,False
spot,CLVBUSD,CLVBUSD,UNKNOWN,non-USDT quote,archive symbol spelling,r1.6-taxonomy-v1,False,False
spot,CLVUSDT,CLV,CRYPTO,USDT quote and base not in excluded taxonomy,r1.6 taxonomy v1,r1.6-taxonomy-v1,True,True
spot,CMTBNB,CMTBNB,UNKNOWN,non-USDT quote,archive symbol spelling,r1.6-taxonomy-v1,False,False
spot,CMTBTC,CMTBTC,UNKNOWN,non-USDT quote,archive symbol spelling,r1.6-taxonomy-v1,False,False
spot,CMTETH,CMTETH,UNKNOWN,non-USDT quote,archive symbol spelling,r1.6-taxonomy-v1,False,False
spot,CNDBNB,CNDBNB,UNKNOWN,non-USDT quote,archive symbol spelling,r1.6-taxonomy-v1,False,False
spot,CNDBTC,CNDBTC,UNKNOWN,non-USDT quote,archive symbol spelling,r1.6-taxonomy-v1,False,False
spot,CNDETH,CNDETH,UNKNOWN,non-USDT quote,archive symbol spelling,r1.6-taxonomy-v1,False,False
spot,COCOSBNB,COCOSBNB,UNKNOWN,non-USDT quote,archive symbol spelling,r1.6-taxonomy-v1,False,False
spot,COCOSBTC,COCOSBTC,UNKNOWN,non-USDT quote,archive symbol spelling,r1.6-taxonomy-v1,False,False
spot,COCOSBUSD,COCOSBUSD,UNKNOWN,non-USDT quote,archive symbol spelling,r1.6-taxonomy-v1,False,False
spot,COCOSTRY,COCOSTRY,UNKNOWN,non-USDT quote,archive symbol spelling,r1.6-taxonomy-v1,False,False
spot,COCOSUSDT,COCOS,CRYPTO,USDT quote and base not in excluded taxonomy,r1.6 taxonomy v1,r1.6-taxonomy-v1,True,True
spot,COINBUSDT,COINB,CRYPTO,USDT quote and base not in excluded taxonomy,r1.6 taxonomy v1,r1.6-taxonomy-v1,True,True
spot,COMBOBNB,COMBOBNB,UNKNOWN,non-USDT quote,archive symbol spelling,r1.6-taxonomy-v1,False,False
spot,COMBOTRY,COMBOTRY,UNKNOWN,non-USDT quote,archive symbol spelling,r1.6-taxonomy-v1,False,False
spot,COMBOUSDT,COMBO,CRYPTO,USDT quote and base not in excluded taxonomy,r1.6 taxonomy v1,r1.6-taxonomy-v1,True,True
spot,COMPBNB,COMPBNB,UNKNOWN,non-USDT quote,archive symbol spelling,r1.6-taxonomy-v1,False,False
spot,COMPBTC,COMPBTC,UNKNOWN,non-USDT quote,archive symbol spelling,r1.6-taxonomy-v1,False,False
spot,COMPBUSD,COMPBUSD,UNKNOWN,non-USDT quote,archive symbol spelling,r1.6-taxonomy-v1,False,False
spot,COMPTRY,COMPTRY,UNKNOWN,non-USDT quote,archive symbol spelling,r1.6-taxonomy-v1,False,False
spot,COMPTUSD,COMPTUSD,UNKNOWN,non-USDT quote,archive symbol spelling,r1.6-taxonomy-v1,False,False
spot,COMPUSDC,COMPUSDC,UNKNOWN,non-USDT quote,archive symbol spelling,r1.6-taxonomy-v1,False,False
spot,COMPUSDT,COMP,CRYPTO,USDT quote and base not in excluded taxonomy,r1.6 taxonomy v1,r1.6-taxonomy-v1,True,True
spot,COOKIEUSDC,COOKIEUSDC,UNKNOWN,non-USDT quote,archive symbol spelling,r1.6-taxonomy-v1,False,False
spot,COOKIEUSDT,COOKIE,CRYPTO,USDT quote and base not in excluded taxonomy,r1.6 taxonomy v1,r1.6-taxonomy-v1,True,True
spot,COSBNB,COSBNB,UNKNOWN,non-USDT quote,archive symbol spelling,r1.6-taxonomy-v1,False,False
spot,COSBTC,COSBTC,UNKNOWN,non-USDT quote,archive symbol spelling,r1.6-taxonomy-v1,False,False
spot,COSBUSD,COSBUSD,UNKNOWN,non-USDT quote,archive symbol spelling,r1.6-taxonomy-v1,False,False
spot,COSTRY,COSTRY,UNKNOWN,non-USDT quote,archive symbol spelling,r1.6-taxonomy-v1,False,False
spot,COSUSDT,COS,CRYPTO,USDT quote and base not in excluded taxonomy,r1.6 taxonomy v1,r1.6-taxonomy-v1,True,True
spot,COTIBNB,COTIBNB,UNKNOWN,non-USDT quote,archive symbol spelling,r1.6-taxonomy-v1,False,False
spot,COTIBTC,COTIBTC,UNKNOWN,non-USDT quote,archive symbol spelling,r1.6-taxonomy-v1,False,False
spot,COTIBUSD,COTIBUSD,UNKNOWN,non-USDT quote,archive symbol spelling,r1.6-taxonomy-v1,False,False
spot,COTITRY,COTITRY,UNKNOWN,non-USDT quote,archive symbol spelling,r1.6-taxonomy-v1,False,False
spot,COTIUSDC,COTIUSDC,UNKNOWN,non-USDT quote,archive symbol spelling,r1.6-taxonomy-v1,False,False
spot,COTIUSDT,COTI,CRYPTO,USDT quote and base not in excluded taxonomy,r1.6 taxonomy v1,r1.6-taxonomy-v1,True,True
spot,COVERBUSD,COVERBUSD,UNKNOWN,non-USDT quote,archive symbol spelling,r1.6-taxonomy-v1,False,False
spot,COVERETH,COVERETH,UNKNOWN,non-USDT quote,archive symbol spelling,r1.6-taxonomy-v1,False,False
spot,COWTRY,COWTRY,UNKNOWN,non-USDT quote,archive symbol spelling,r1.6-taxonomy-v1,False,False
spot,COWUSDC,COWUSDC,UNKNOWN,non-USDT quote,archive symbol spelling,r1.6-taxonomy-v1,False,False
spot,COWUSDT,COW,CRYPTO,USDT quote and base not in excluded taxonomy,r1.6 taxonomy v1,r1.6-taxonomy-v1,True,True
spot,CRCLBUSDT,CRCLB,CRYPTO,USDT quote and base not in excluded taxonomy,r1.6 taxonomy v1,r1.6-taxonomy-v1,True,True
spot,CREAMBNB,CREAMBNB,UNKNOWN,non-USDT quote,archive symbol spelling,r1.6-taxonomy-v1,False,False
spot,CREAMBUSD,CREAMBUSD,UNKNOWN,non-USDT quote,archive symbol spelling,r1.6-taxonomy-v1,False,False
spot,CREAMUSDT,CREAM,CRYPTO,USDT quote and base not in excluded taxonomy,r1.6 taxonomy v1,r1.6-taxonomy-v1,True,True
spot,CRVBNB,CRVBNB,UNKNOWN,non-USDT quote,archive symbol spelling,r1.6-taxonomy-v1,False,False
spot,CRVBTC,CRVBTC,UNKNOWN,non-USDT quote,archive symbol spelling,r1.6-taxonomy-v1,False,False
spot,CRVBUSD,CRVBUSD,UNKNOWN,non-USDT quote,archive symbol spelling,r1.6-taxonomy-v1,False,False
spot,CRVETH,CRVETH,UNKNOWN,non-USDT quote,archive symbol spelling,r1.6-taxonomy-v1,False,False
spot,CRVTRY,CRVTRY,UNKNOWN,non-USDT quote,archive symbol spelling,r1.6-taxonomy-v1,False,False
spot,CRVUSDC,CRVUSDC,UNKNOWN,non-USDT quote,archive symbol spelling,r1.6-taxonomy-v1,False,False
spot,CRVUSDT,CRV,CRYPTO,USDT quote and base not in excluded taxonomy,r1.6 taxonomy v1,r1.6-taxonomy-v1,True,True
spot,CRWVBUSDT,CRWVB,CRYPTO,USDT quote and base not in excluded taxonomy,r1.6 taxonomy v1,r1.6-taxonomy-v1,True,True
spot,CTKBNB,CTKBNB,UNKNOWN,non-USDT quote,archive symbol spelling,r1.6-taxonomy-v1,False,False
spot,CTKBTC,CTKBTC,UNKNOWN,non-USDT quote,archive symbol spelling,r1.6-taxonomy-v1,False,False
spot,CTKBUSD,CTKBUSD,UNKNOWN,non-USDT quote,archive symbol spelling,r1.6-taxonomy-v1,False,False
spot,CTKUSDT,CTK,CRYPTO,USDT quote and base not in excluded taxonomy,r1.6 taxonomy v1,r1.6-taxonomy-v1,True,True
spot,CTRY,CTRY,UNKNOWN,non-USDT quote,archive symbol spelling,r1.6-taxonomy-v1,False,False
spot,CTSIBNB,CTSIBNB,UNKNOWN,non-USDT quote,archive symbol spelling,r1.6-taxonomy-v1,False,False
spot,CTSIBTC,CTSIBTC,UNKNOWN,non-USDT quote,archive symbol spelling,r1.6-taxonomy-v1,False,False
spot,CTSIBUSD,CTSIBUSD,UNKNOWN,non-USDT quote,archive symbol spelling,r1.6-taxonomy-v1,False,False
spot,CTSIUSDT,CTSI,CRYPTO,USDT quote and base not in excluded taxonomy,r1.6 taxonomy v1,r1.6-taxonomy-v1,True,True
spot,CTXCBNB,CTXCBNB,UNKNOWN,non-USDT quote,archive symbol spelling,r1.6-taxonomy-v1,False,False
spot,CTXCBTC,CTXCBTC,UNKNOWN,non-USDT quote,archive symbol spelling,r1.6-taxonomy-v1,False,False
spot,CTXCBUSD,CTXCBUSD,UNKNOWN,non-USDT quote,archive symbol spelling,r1.6-taxonomy-v1,False,False
spot,CTXCUSDT,CTXC,CRYPTO,USDT quote and base not in excluded taxonomy,r1.6 taxonomy v1,r1.6-taxonomy-v1,True,True
spot,CUSDC,CUSDC,UNKNOWN,non-USDT quote,archive symbol spelling,r1.6-taxonomy-v1,False,False
spot,CUSDT,C,CRYPTO,USDT quote and base not in excluded taxonomy,r1.6 taxonomy v1,r1.6-taxonomy-v1,True,True
spot,CVCBNB,CVCBNB,UNKNOWN,non-USDT quote,archive symbol spelling,r1.6-taxonomy-v1,False,False
spot,CVCBTC,CVCBTC,UNKNOWN,non-USDT quote,archive symbol spelling,r1.6-taxonomy-v1,False,False
spot,CVCBUSD,CVCBUSD,UNKNOWN,non-USDT quote,archive symbol spelling,r1.6-taxonomy-v1,False,False
spot,CVCETH,CVCETH,UNKNOWN,non-USDT quote,archive symbol spelling,r1.6-taxonomy-v1,False,False
spot,CVCUSDC,CVCUSDC,UNKNOWN,non-USDT quote,archive symbol spelling,r1.6-taxonomy-v1,False,False
spot,CVCUSDT,CVC,CRYPTO,USDT quote and base not in excluded taxonomy,r1.6 taxonomy v1,r1.6-taxonomy-v1,True,True
spot,CVPBUSD,CVPBUSD,UNKNOWN,non-USDT quote,archive symbol spelling,r1.6-taxonomy-v1,False,False
spot,CVPETH,CVPETH,UNKNOWN,non-USDT quote,archive symbol spelling,r1.6-taxonomy-v1,False,False
spot,CVPUSDT,CVP,CRYPTO,USDT quote and base not in excluded taxonomy,r1.6 taxonomy v1,r1.6-taxonomy-v1,True,True
spot,CVXBTC,CVXBTC,UNKNOWN,non-USDT quote,archive symbol spelling,r1.6-taxonomy-v1,False,False
spot,CVXBUSD,CVXBUSD,UNKNOWN,non-USDT quote,archive symbol spelling,r1.6-taxonomy-v1,False,False
spot,CVXUSDC,CVXUSDC,UNKNOWN,non-USDT quote,archive symbol spelling,r1.6-taxonomy-v1,False,False
spot,CVXUSDT,CVX,CRYPTO,USDT quote and base not in excluded taxonomy,r1.6 taxonomy v1,r1.6-taxonomy-v1,True,True
spot,CYBERBNB,CYBERBNB,UNKNOWN,non-USDT quote,archive symbol spelling,r1.6-taxonomy-v1,False,False
spot,CYBERBTC,CYBERBTC,UNKNOWN,non-USDT quote,archive symbol spelling,r1.6-taxonomy-v1,False,False
spot,CYBERETH,CYBERETH,UNKNOWN,non-USDT quote,archive symbol spelling,r1.6-taxonomy-v1,False,False
spot,CYBERFDUSD,CYBERFDUSD,UNKNOWN,non-USDT quote,archive symbol spelling,r1.6-taxonomy-v1,False,False
spot,CYBERTRY,CYBERTRY,UNKNOWN,non-USDT quote,archive symbol spelling,r1.6-taxonomy-v1,False,False
spot,CYBERTUSD,CYBERTUSD,UNKNOWN,non-USDT quote,archive symbol spelling,r1.6-taxonomy-v1,False,False
spot,CYBERUSDC,CYBERUSDC,UNKNOWN,non-USDT quote,archive symbol spelling,r1.6-taxonomy-v1,False,False
spot,CYBERUSDT,CYBER,CRYPTO,USDT quote and base not in excluded taxonomy,r1.6 taxonomy v1,r1.6-taxonomy-v1,True,True
spot,DAIBNB,DAIBNB,UNKNOWN,non-USDT quote,archive symbol spelling,r1.6-taxonomy-v1,False,False
spot,DAIBTC,DAIBTC,UNKNOWN,non-USDT quote,archive symbol spelling,r1.6-taxonomy-v1,False,False
spot,DAIBUSD,DAIBUSD,UNKNOWN,non-USDT quote,archive symbol spelling,r1.6-taxonomy-v1,False,False
spot,DAIJPY,DAIJPY,UNKNOWN,non-USDT quote,archive symbol spelling,r1.6-taxonomy-v1,False,False
spot,DAIUSDT,DAI,STABLECOIN,base asset in frozen stablecoin list,r1.6 taxonomy v1,r1.6-taxonomy-v1,False,True
spot,DARBNB,DARBNB,UNKNOWN,non-USDT quote,archive symbol spelling,r1.6-taxonomy-v1,False,False
spot,DARBTC,DARBTC,UNKNOWN,non-USDT quote,archive symbol spelling,r1.6-taxonomy-v1,False,False
spot,DARBUSD,DARBUSD,UNKNOWN,non-USDT quote,archive symbol spelling,r1.6-taxonomy-v1,False,False
spot,DARETH,DARETH,UNKNOWN,non-USDT quote,archive symbol spelling,r1.6-taxonomy-v1,False,False
spot,DAREUR,DAREUR,UNKNOWN,non-USDT quote,archive symbol spelling,r1.6-taxonomy-v1,False,False
spot,DARTRY,DARTRY,UNKNOWN,non-USDT quote,archive symbol spelling,r1.6-taxonomy-v1,False,False
spot,DARUSDT,DAR,CRYPTO,USDT quote and base not in excluded taxonomy,r1.6 taxonomy v1,r1.6-taxonomy-v1,True,True
spot,DASHBNB,DASHBNB,UNKNOWN,non-USDT quote,archive symbol spelling,r1.6-taxonomy-v1,False,False
spot,DASHBTC,DASHBTC,UNKNOWN,non-USDT quote,archive symbol spelling,r1.6-taxonomy-v1,False,False
spot,DASHBUSD,DASHBUSD,UNKNOWN,non-USDT quote,archive symbol spelling,r1.6-taxonomy-v1,False,False
spot,DASHETH,DASHETH,UNKNOWN,non-USDT quote,archive symbol spelling,r1.6-taxonomy-v1,False,False
spot,DASHTRY,DASHTRY,UNKNOWN,non-USDT quote,archive symbol spelling,r1.6-taxonomy-v1,False,False
spot,DASHUSDC,DASHUSDC,UNKNOWN,non-USDT quote,archive symbol spelling,r1.6-taxonomy-v1,False,False
spot,DASHUSDT,DASH,CRYPTO,USDT quote and base not in excluded taxonomy,r1.6 taxonomy v1,r1.6-taxonomy-v1,True,True
spot,DATABTC,DATABTC,UNKNOWN,non-USDT quote,archive symbol spelling,r1.6-taxonomy-v1,False,False
spot,DATABUSD,DATABUSD,UNKNOWN,non-USDT quote,archive symbol spelling,r1.6-taxonomy-v1,False,False
spot,DATAETH,DATAETH,UNKNOWN,non-USDT quote,archive symbol spelling,r1.6-taxonomy-v1,False,False
spot,DATAUSDT,DATA,CRYPTO,USDT quote and base not in excluded taxonomy,r1.6 taxonomy v1,r1.6-taxonomy-v1,True,True
spot,DCRBNB,DCRBNB,UNKNOWN,non-USDT quote,archive symbol spelling,r1.6-taxonomy-v1,False,False
spot,DCRBTC,DCRBTC,UNKNOWN,non-USDT quote,archive symbol spelling,r1.6-taxonomy-v1,False,False
spot,DCRBUSD,DCRBUSD,UNKNOWN,non-USDT quote,archive symbol spelling,r1.6-taxonomy-v1,False,False
spot,DCRUSDT,DCR,CRYPTO,USDT quote and base not in excluded taxonomy,r1.6 taxonomy v1,r1.6-taxonomy-v1,True,True
spot,DEGOBTC,DEGOBTC,UNKNOWN,non-USDT quote,archive symbol spelling,r1.6-taxonomy-v1,False,False
spot,DEGOBUSD,DEGOBUSD,UNKNOWN,non-USDT quote,archive symbol spelling,r1.6-taxonomy-v1,False,False
spot,DEGOUSDT,DEGO,CRYPTO,USDT quote and base not in excluded taxonomy,r1.6 taxonomy v1,r1.6-taxonomy-v1,True,True
spot,DELLBUSDT,DELLB,CRYPTO,USDT quote and base not in excluded taxonomy,r1.6 taxonomy v1,r1.6-taxonomy-v1,True,True
spot,DENTBTC,DENTBTC,UNKNOWN,non-USDT quote,archive symbol spelling,r1.6-taxonomy-v1,False,False
spot,DENTBUSD,DENTBUSD,UNKNOWN,non-USDT quote,archive symbol spelling,r1.6-taxonomy-v1,False,False
spot,DENTETH,DENTETH,UNKNOWN,non-USDT quote,archive symbol spelling,r1.6-taxonomy-v1,False,False
spot,DENTTRY,DENTTRY,UNKNOWN,non-USDT quote,archive symbol spelling,r1.6-taxonomy-v1,False,False
spot,DENTUSDT,DENT,CRYPTO,USDT quote and base not in excluded taxonomy,r1.6 taxonomy v1,r1.6-taxonomy-v1,True,True
spot,DEXEBUSD,DEXEBUSD,UNKNOWN,non-USDT quote,archive symbol spelling,r1.6-taxonomy-v1,False,False
spot,DEXEETH,DEXEETH,UNKNOWN,non-USDT quote,archive symbol spelling,r1.6-taxonomy-v1,False,False
spot,DEXEUSDT,DEXE,CRYPTO,USDT quote and base not in excluded taxonomy,r1.6 taxonomy v1,r1.6-taxonomy-v1,True,True
spot,DFBUSD,DFBUSD,UNKNOWN,non-USDT quote,archive symbol spelling,r1.6-taxonomy-v1,False,False
spot,DFETH,DFETH,UNKNOWN,non-USDT quote,archive symbol spelling,r1.6-taxonomy-v1,False,False
spot,DFUSDC,DFUSDC,UNKNOWN,non-USDT quote,archive symbol spelling,r1.6-taxonomy-v1,False,False
spot,DFUSDT,DF,CRYPTO,USDT quote and base not in excluded taxonomy,r1.6 taxonomy v1,r1.6-taxonomy-v1,True,True
spot,DGBBNB,DGBBNB,UNKNOWN,non-USDT quote,archive symbol spelling,r1.6-taxonomy-v1,False,False
spot,DGBBTC,DGBBTC,UNKNOWN,non-USDT quote,archive symbol spelling,r1.6-taxonomy-v1,False,False
spot,DGBBUSD,DGBBUSD,UNKNOWN,non-USDT quote,archive symbol spelling,r1.6-taxonomy-v1,False,False
spot,DGBUSDT,DGB,CRYPTO,USDT quote and base not in excluded taxonomy,r1.6 taxonomy v1,r1.6-taxonomy-v1,True,True
spot,DGDBTC,DGDBTC,UNKNOWN,non-USDT quote,archive symbol spelling,r1.6-taxonomy-v1,False,False
spot,DGDETH,DGDETH,UNKNOWN,non-USDT quote,archive symbol spelling,r1.6-taxonomy-v1,False,False
spot,DIABNB,DIABNB,UNKNOWN,non-USDT quote,archive symbol spelling,r1.6-taxonomy-v1,False,False
spot,DIABTC,DIABTC,UNKNOWN,non-USDT quote,archive symbol spelling,r1.6-taxonomy-v1,False,False
spot,DIABUSD,DIABUSD,UNKNOWN,non-USDT quote,archive symbol spelling,r1.6-taxonomy-v1,False,False
spot,DIAUSDT,DIA,CRYPTO,USDT quote and base not in excluded taxonomy,r1.6 taxonomy v1,r1.6-taxonomy-v1,True,True
spot,DLTBNB,DLTBNB,UNKNOWN,non-USDT quote,archive symbol spelling,r1.6-taxonomy-v1,False,False
spot,DLTBTC,DLTBTC,UNKNOWN,non-USDT quote,archive symbol spelling,r1.6-taxonomy-v1,False,False
spot,DLTETH,DLTETH,UNKNOWN,non-USDT quote,archive symbol spelling,r1.6-taxonomy-v1,False,False
spot,DNTBTC,DNTBTC,UNKNOWN,non-USDT quote,archive symbol spelling,r1.6-taxonomy-v1,False,False
spot,DNTBUSD,DNTBUSD,UNKNOWN,non-USDT quote,archive symbol spelling,r1.6-taxonomy-v1,False,False
spot,DNTETH,DNTETH,UNKNOWN,non-USDT quote,archive symbol spelling,r1.6-taxonomy-v1,False,False
spot,DNTUSDT,DNT,CRYPTO,USDT quote and base not in excluded taxonomy,r1.6 taxonomy v1,r1.6-taxonomy-v1,True,True
spot,DOCKBTC,DOCKBTC,UNKNOWN,non-USDT quote,archive symbol spelling,r1.6-taxonomy-v1,False,False
spot,DOCKBUSD,DOCKBUSD,UNKNOWN,non-USDT quote,archive symbol spelling,r1.6-taxonomy-v1,False,False
spot,DOCKETH,DOCKETH,UNKNOWN,non-USDT quote,archive symbol spelling,r1.6-taxonomy-v1,False,False
spot,DOCKUSDT,DOCK,CRYPTO,USDT quote and base not in excluded taxonomy,r1.6 taxonomy v1,r1.6-taxonomy-v1,True,True
spot,DODOBTC,DODOBTC,UNKNOWN,non-USDT quote,archive symbol spelling,r1.6-taxonomy-v1,False,False
spot,DODOBUSD,DODOBUSD,UNKNOWN,non-USDT quote,archive symbol spelling,r1.6-taxonomy-v1,False,False
spot,DODOTRY,DODOTRY,UNKNOWN,non-USDT quote,archive symbol spelling,r1.6-taxonomy-v1,False,False
spot,DODOUSDT,DODO,CRYPTO,USDT quote and base not in excluded taxonomy,r1.6 taxonomy v1,r1.6-taxonomy-v1,True,True
spot,DOGEAUD,DOGEAUD,UNKNOWN,non-USDT quote,archive symbol spelling,r1.6-taxonomy-v1,False,False
spot,DOGEBIDR,DOGEBIDR,UNKNOWN,non-USDT quote,archive symbol spelling,r1.6-taxonomy-v1,False,False
spot,DOGEBNB,DOGEBNB,UNKNOWN,non-USDT quote,archive symbol spelling,r1.6-taxonomy-v1,False,False
spot,DOGEBRL,DOGEBRL,UNKNOWN,non-USDT quote,archive symbol spelling,r1.6-taxonomy-v1,False,False
spot,DOGEBTC,DOGEBTC,UNKNOWN,non-USDT quote,archive symbol spelling,r1.6-taxonomy-v1,False,False
spot,DOGEBUSD,DOGEBUSD,UNKNOWN,non-USDT quote,archive symbol spelling,r1.6-taxonomy-v1,False,False
spot,DOGEEUR,DOGEEUR,UNKNOWN,non-USDT quote,archive symbol spelling,r1.6-taxonomy-v1,False,False
spot,DOGEFDUSD,DOGEFDUSD,UNKNOWN,non-USDT quote,archive symbol spelling,r1.6-taxonomy-v1,False,False
spot,DOGEGBP,DOGEGBP,UNKNOWN,non-USDT quote,archive symbol spelling,r1.6-taxonomy-v1,False,False
spot,DOGEIDR,DOGEIDR,UNKNOWN,non-USDT quote,archive symbol spelling,r1.6-taxonomy-v1,False,False
spot,DOGEJPY,DOGEJPY,UNKNOWN,non-USDT quote,archive symbol spelling,r1.6-taxonomy-v1,False,False
spot,DOGEPAX,DOGEPAX,UNKNOWN,non-USDT quote,archive symbol spelling,r1.6-taxonomy-v1,False,False
spot,DOGERUB,DOGERUB,UNKNOWN,non-USDT quote,archive symbol spelling,r1.6-taxonomy-v1,False,False
spot,DOGETRY,DOGETRY,UNKNOWN,non-USDT quote,archive symbol spelling,r1.6-taxonomy-v1,False,False
spot,DOGETUSD,DOGETUSD,UNKNOWN,non-USDT quote,archive symbol spelling,r1.6-taxonomy-v1,False,False
spot,DOGEU,DOGEU,UNKNOWN,non-USDT quote,archive symbol spelling,r1.6-taxonomy-v1,False,False
spot,DOGEUSD1,DOGEUSD1,UNKNOWN,non-USDT quote,archive symbol spelling,r1.6-taxonomy-v1,False,False
spot,DOGEUSDC,DOGEUSDC,UNKNOWN,non-USDT quote,archive symbol spelling,r1.6-taxonomy-v1,False,False
spot,DOGEUSDT,DOGE,CRYPTO,USDT quote and base not in excluded taxonomy,r1.6 taxonomy v1,r1.6-taxonomy-v1,True,True
spot,DOGSBNB,DOGSBNB,UNKNOWN,non-USDT quote,archive symbol spelling,r1.6-taxonomy-v1,False,False
spot,DOGSBRL,DOGSBRL,UNKNOWN,non-USDT quote,archive symbol spelling,r1.6-taxonomy-v1,False,False
spot,DOGSFDUSD,DOGSFDUSD,UNKNOWN,non-USDT quote,archive symbol spelling,r1.6-taxonomy-v1,False,False
spot,DOGSIDR,DOGSIDR,UNKNOWN,non-USDT quote,archive symbol spelling,r1.6-taxonomy-v1,False,False
spot,DOGSTRY,DOGSTRY,UNKNOWN,non-USDT quote,archive symbol spelling,r1.6-taxonomy-v1,False,False
spot,DOGSUSDC,DOGSUSDC,UNKNOWN,non-USDT quote,archive symbol spelling,r1.6-taxonomy-v1,False,False
spot,DOGSUSDT,DOGS,CRYPTO,USDT quote and base not in excluded taxonomy,r1.6 taxonomy v1,r1.6-taxonomy-v1,True,True
spot,DOLOBNB,DOLOBNB,UNKNOWN,non-USDT quote,archive symbol spelling,r1.6-taxonomy-v1,False,False
spot,DOLOFDUSD,DOLOFDUSD,UNKNOWN,non-USDT quote,archive symbol spelling,r1.6-taxonomy-v1,False,False
spot,DOLOTRY,DOLOTRY,UNKNOWN,non-USDT quote,archive symbol spelling,r1.6-taxonomy-v1,False,False
spot,DOLOUSDC,DOLOUSDC,UNKNOWN,non-USDT quote,archive symbol spelling,r1.6-taxonomy-v1,False,False
spot,DOLOUSDT,DOLO,CRYPTO,USDT quote and base not in excluded taxonomy,r1.6 taxonomy v1,r1.6-taxonomy-v1,True,True
spot,DOTAUD,DOTAUD,UNKNOWN,non-USDT quote,archive symbol spelling,r1.6-taxonomy-v1,False,False
spot,DOTBIDR,DOTBIDR,UNKNOWN,non-USDT quote,archive symbol spelling,r1.6-taxonomy-v1,False,False
spot,DOTBKRW,DOTBKRW,UNKNOWN,non-USDT quote,archive symbol spelling,r1.6-taxonomy-v1,False,False
spot,DOTBNB,DOTBNB,UNKNOWN,non-USDT quote,archive symbol spelling,r1.6-taxonomy-v1,False,False
spot,DOTBRL,DOTBRL,UNKNOWN,non-USDT quote,archive symbol spelling,r1.6-taxonomy-v1,False,False
spot,DOTBTC,DOTBTC,UNKNOWN,non-USDT quote,archive symbol spelling,r1.6-taxonomy-v1,False,False
spot,DOTBUSD,DOTBUSD,UNKNOWN,non-USDT quote,archive symbol spelling,r1.6-taxonomy-v1,False,False
spot,DOTDOWNUSDT,DOTDOWN,LEVERAGED_OR_SYNTHETIC,leveraged-token suffix,archive symbol policy,r1.6-taxonomy-v1,False,True
spot,DOTETH,DOTETH,UNKNOWN,non-USDT quote,archive symbol spelling,r1.6-taxonomy-v1,False,False
spot,DOTEUR,DOTEUR,UNKNOWN,non-USDT quote,archive symbol spelling,r1.6-taxonomy-v1,False,False
spot,DOTFDUSD,DOTFDUSD,UNKNOWN,non-USDT quote,archive symbol spelling,r1.6-taxonomy-v1,False,False
spot,DOTGBP,DOTGBP,UNKNOWN,non-USDT quote,archive symbol spelling,r1.6-taxonomy-v1,False,False
spot,DOTNGN,DOTNGN,UNKNOWN,non-USDT quote,archive symbol spelling,r1.6-taxonomy-v1,False,False
spot,DOTRUB,DOTRUB,UNKNOWN,non-USDT quote,archive symbol spelling,r1.6-taxonomy-v1,False,False
spot,DOTTRY,DOTTRY,UNKNOWN,non-USDT quote,archive symbol spelling,r1.6-taxonomy-v1,False,False
spot,DOTTUSD,DOTTUSD,UNKNOWN,non-USDT quote,archive symbol spelling,r1.6-taxonomy-v1,False,False
spot,DOTUPUSDT,DOTUP,LEVERAGED_OR_SYNTHETIC,leveraged-token suffix,archive symbol policy,r1.6-taxonomy-v1,False,True
spot,DOTUSDC,DOTUSDC,UNKNOWN,non-USDT quote,archive symbol spelling,r1.6-taxonomy-v1,False,False
spot,DOTUSDT,DOT,CRYPTO,USDT quote and base not in excluded taxonomy,r1.6 taxonomy v1,r1.6-taxonomy-v1,True,True
spot,DRAMBUSDT,DRAMB,CRYPTO,USDT quote and base not in excluded taxonomy,r1.6 taxonomy v1,r1.6-taxonomy-v1,True,True
spot,DREPBNB,DREPBNB,UNKNOWN,non-USDT quote,archive symbol spelling,r1.6-taxonomy-v1,False,False
spot,DREPBTC,DREPBTC,UNKNOWN,non-USDT quote,archive symbol spelling,r1.6-taxonomy-v1,False,False
spot,DREPBUSD,DREPBUSD,UNKNOWN,non-USDT quote,archive symbol spelling,r1.6-taxonomy-v1,False,False
spot,DREPUSDT,DREP,CRYPTO,USDT quote and base not in excluded taxonomy,r1.6 taxonomy v1,r1.6-taxonomy-v1,True,True
spot,DTRY,DTRY,UNKNOWN,non-USDT quote,archive symbol spelling,r1.6-taxonomy-v1,False,False
spot,DUSDT,D,CRYPTO,USDT quote and base not in excluded taxonomy,r1.6 taxonomy v1,r1.6-taxonomy-v1,True,True
spot,DUSKBNB,DUSKBNB,UNKNOWN,non-USDT quote,archive symbol spelling,r1.6-taxonomy-v1,False,False
spot,DUSKBTC,DUSKBTC,UNKNOWN,non-USDT quote,archive symbol spelling,r1.6-taxonomy-v1,False,False
spot,DUSKBUSD,DUSKBUSD,UNKNOWN,non-USDT quote,archive symbol spelling,r1.6-taxonomy-v1,False,False
spot,DUSKPAX,DUSKPAX,UNKNOWN,non-USDT quote,archive symbol spelling,r1.6-taxonomy-v1,False,False
spot,DUSKUSDC,DUSKUSDC,UNKNOWN,non-USDT quote,archive symbol spelling,r1.6-taxonomy-v1,False,False
spot,DUSKUSDT,DUSK,CRYPTO,USDT quote and base not in excluded taxonomy,r1.6 taxonomy v1,r1.6-taxonomy-v1,True,True
spot,DYDXBNB,DYDXBNB,UNKNOWN,non-USDT quote,archive symbol spelling,r1.6-taxonomy-v1,False,False
spot,DYDXBTC,DYDXBTC,UNKNOWN,non-USDT quote,archive symbol spelling,r1.6-taxonomy-v1,False,False
spot,DYDXBUSD,DYDXBUSD,UNKNOWN,non-USDT quote,archive symbol spelling,r1.6-taxonomy-v1,False,False
spot,DYDXETH,DYDXETH,UNKNOWN,non-USDT quote,archive symbol spelling,r1.6-taxonomy-v1,False,False
spot,DYDXFDUSD,DYDXFDUSD,UNKNOWN,non-USDT quote,archive symbol spelling,r1.6-taxonomy-v1,False,False
spot,DYDXTRY,DYDXTRY,UNKNOWN,non-USDT quote,archive symbol spelling,r1.6-taxonomy-v1,False,False
spot,DYDXUSDC,DYDXUSDC,UNKNOWN,non-USDT quote,archive symbol spelling,r1.6-taxonomy-v1,False,False
spot,DYDXUSDT,DYDX,CRYPTO,USDT quote and base not in excluded taxonomy,r1.6 taxonomy v1,r1.6-taxonomy-v1,True,True
spot,DYMBTC,DYMBTC,UNKNOWN,non-USDT quote,archive symbol spelling,r1.6-taxonomy-v1,False,False
spot,DYMFDUSD,DYMFDUSD,UNKNOWN,non-USDT quote,archive symbol spelling,r1.6-taxonomy-v1,False,False
spot,DYMTRY,DYMTRY,UNKNOWN,non-USDT quote,archive symbol spelling,r1.6-taxonomy-v1,False,False
spot,DYMUSDC,DYMUSDC,UNKNOWN,non-USDT quote,archive symbol spelling,r1.6-taxonomy-v1,False,False
spot,DYMUSDT,DYM,CRYPTO,USDT quote and base not in excluded taxonomy,r1.6 taxonomy v1,r1.6-taxonomy-v1,True,True
spot,EASYBTC,EASYBTC,UNKNOWN,non-USDT quote,archive symbol spelling,r1.6-taxonomy-v1,False,False
spot,EASYETH,EASYETH,UNKNOWN,non-USDT quote,archive symbol spelling,r1.6-taxonomy-v1,False,False
spot,EDENBNB,EDENBNB,UNKNOWN,non-USDT quote,archive symbol spelling,r1.6-taxonomy-v1,False,False
spot,EDENFDUSD,EDENFDUSD,UNKNOWN,non-USDT quote,archive symbol spelling,r1.6-taxonomy-v1,False,False
spot,EDENTRY,EDENTRY,UNKNOWN,non-USDT quote,archive symbol spelling,r1.6-taxonomy-v1,False,False
spot,EDENUSDC,EDENUSDC,UNKNOWN,non-USDT quote,archive symbol spelling,r1.6-taxonomy-v1,False,False
spot,EDENUSDT,EDEN,CRYPTO,USDT quote and base not in excluded taxonomy,r1.6 taxonomy v1,r1.6-taxonomy-v1,True,True
spot,EDOBTC,EDOBTC,UNKNOWN,non-USDT quote,archive symbol spelling,r1.6-taxonomy-v1,False,False
spot,EDOETH,EDOETH,UNKNOWN,non-USDT quote,archive symbol spelling,r1.6-taxonomy-v1,False,False
spot,EDUBNB,EDUBNB,UNKNOWN,non-USDT quote,archive symbol spelling,r1.6-taxonomy-v1,False,False
spot,EDUBTC,EDUBTC,UNKNOWN,non-USDT quote,archive symbol spelling,r1.6-taxonomy-v1,False,False
spot,EDUEUR,EDUEUR,UNKNOWN,non-USDT quote,archive symbol spelling,r1.6-taxonomy-v1,False,False
spot,EDUTRY,EDUTRY,UNKNOWN,non-USDT quote,archive symbol spelling,r1.6-taxonomy-v1,False,False
spot,EDUTUSD,EDUTUSD,UNKNOWN,non-USDT quote,archive symbol spelling,r1.6-taxonomy-v1,False,False
spot,EDUUSDT,EDU,CRYPTO,USDT quote and base not in excluded taxonomy,r1.6 taxonomy v1,r1.6-taxonomy-v1,True,True
spot,EGLDBNB,EGLDBNB,UNKNOWN,non-USDT quote,archive symbol spelling,r1.6-taxonomy-v1,False,False
spot,EGLDBTC,EGLDBTC,UNKNOWN,non-USDT quote,archive symbol spelling,r1.6-taxonomy-v1,False,False
spot,EGLDBUSD,EGLDBUSD,UNKNOWN,non-USDT quote,archive symbol spelling,r1.6-taxonomy-v1,False,False
spot,EGLDETH,EGLDETH,UNKNOWN,non-USDT quote,archive symbol spelling,r1.6-taxonomy-v1,False,False
spot,EGLDEUR,EGLDEUR,UNKNOWN,non-USDT quote,archive symbol spelling,r1.6-taxonomy-v1,False,False
spot,EGLDFDUSD,EGLDFDUSD,UNKNOWN,non-USDT quote,archive symbol spelling,r1.6-taxonomy-v1,False,False
spot,EGLDRON,EGLDRON,UNKNOWN,non-USDT quote,archive symbol spelling,r1.6-taxonomy-v1,False,False
spot,EGLDTRY,EGLDTRY,UNKNOWN,non-USDT quote,archive symbol spelling,r1.6-taxonomy-v1,False,False
spot,EGLDUSDC,EGLDUSDC,UNKNOWN,non-USDT quote,archive symbol spelling,r1.6-taxonomy-v1,False,False
spot,EGLDUSDT,EGLD,CRYPTO,USDT quote and base not in excluded taxonomy,r1.6 taxonomy v1,r1.6-taxonomy-v1,True,True
spot,EIGENBTC,EIGENBTC,UNKNOWN,non-USDT quote,archive symbol spelling,r1.6-taxonomy-v1,False,False
spot,EIGENFDUSD,EIGENFDUSD,UNKNOWN,non-USDT quote,archive symbol spelling,r1.6-taxonomy-v1,False,False
spot,EIGENTRY,EIGENTRY,UNKNOWN,non-USDT quote,archive symbol spelling,r1.6-taxonomy-v1,False,False
spot,EIGENUSDC,EIGENUSDC,UNKNOWN,non-USDT quote,archive symbol spelling,r1.6-taxonomy-v1,False,False
spot,EIGENUSDT,EIGEN,CRYPTO,USDT quote and base not in excluded taxonomy,r1.6 taxonomy v1,r1.6-taxonomy-v1,True,True
spot,ELFBTC,ELFBTC,UNKNOWN,non-USDT quote,archive symbol spelling,r1.6-taxonomy-v1,False,False
spot,ELFBUSD,ELFBUSD,UNKNOWN,non-USDT quote,archive symbol spelling,r1.6-taxonomy-v1,False,False
spot,ELFETH,ELFETH,UNKNOWN,non-USDT quote,archive symbol spelling,r1.6-taxonomy-v1,False,False
spot,ELFUSDT,ELF,CRYPTO,USDT quote and base not in excluded taxonomy,r1.6 taxonomy v1,r1.6-taxonomy-v1,True,True
spot,ENABNB,ENABNB,UNKNOWN,non-USDT quote,archive symbol spelling,r1.6-taxonomy-v1,False,False
spot,ENABRL,ENABRL,UNKNOWN,non-USDT quote,archive symbol spelling,r1.6-taxonomy-v1,False,False
spot,ENABTC,ENABTC,UNKNOWN,non-USDT quote,archive symbol spelling,r1.6-taxonomy-v1,False,False
spot,ENAEUR,ENAEUR,UNKNOWN,non-USDT quote,archive symbol spelling,r1.6-taxonomy-v1,False,False
spot,ENAFDUSD,ENAFDUSD,UNKNOWN,non-USDT quote,archive symbol spelling,r1.6-taxonomy-v1,False,False
spot,ENATRY,ENATRY,UNKNOWN,non-USDT quote,archive symbol spelling,r1.6-taxonomy-v1,False,False
spot,ENAU,ENAU,UNKNOWN,non-USDT quote,archive symbol spelling,r1.6-taxonomy-v1,False,False
spot,ENAUSDC,ENAUSDC,UNKNOWN,non-USDT quote,archive symbol spelling,r1.6-taxonomy-v1,False,False
spot,ENAUSDT,ENA,CRYPTO,USDT quote and base not in excluded taxonomy,r1.6 taxonomy v1,r1.6-taxonomy-v1,True,True
spot,ENGBTC,ENGBTC,UNKNOWN,non-USDT quote,archive symbol spelling,r1.6-taxonomy-v1,False,False
spot,ENGETH,ENGETH,UNKNOWN,non-USDT quote,archive symbol spelling,r1.6-taxonomy-v1,False,False
spot,ENJBNB,ENJBNB,UNKNOWN,non-USDT quote,archive symbol spelling,r1.6-taxonomy-v1,False,False
spot,ENJBRL,ENJBRL,UNKNOWN,non-USDT quote,archive symbol spelling,r1.6-taxonomy-v1,False,False
spot,ENJBTC,ENJBTC,UNKNOWN,non-USDT quote,archive symbol spelling,r1.6-taxonomy-v1,False,False
spot,ENJBUSD,ENJBUSD,UNKNOWN,non-USDT quote,archive symbol spelling,r1.6-taxonomy-v1,False,False
spot,ENJETH,ENJETH,UNKNOWN,non-USDT quote,archive symbol spelling,r1.6-taxonomy-v1,False,False
spot,ENJEUR,ENJEUR,UNKNOWN,non-USDT quote,archive symbol spelling,r1.6-taxonomy-v1,False,False
spot,ENJGBP,ENJGBP,UNKNOWN,non-USDT quote,archive symbol spelling,r1.6-taxonomy-v1,False,False
spot,ENJTRY,ENJTRY,UNKNOWN,non-USDT quote,archive symbol spelling,r1.6-taxonomy-v1,False,False
spot,ENJU,ENJU,UNKNOWN,non-USDT quote,archive symbol spelling,r1.6-taxonomy-v1,False,False
spot,ENJUSDC,ENJUSDC,UNKNOWN,non-USDT quote,archive symbol spelling,r1.6-taxonomy-v1,False,False
spot,ENJUSDT,ENJ,CRYPTO,USDT quote and base not in excluded taxonomy,r1.6 taxonomy v1,r1.6-taxonomy-v1,True,True
spot,ENSBNB,ENSBNB,UNKNOWN,non-USDT quote,archive symbol spelling,r1.6-taxonomy-v1,False,False
spot,ENSBTC,ENSBTC,UNKNOWN,non-USDT quote,archive symbol spelling,r1.6-taxonomy-v1,False,False
spot,ENSBUSD,ENSBUSD,UNKNOWN,non-USDT quote,archive symbol spelling,r1.6-taxonomy-v1,False,False
spot,ENSFDUSD,ENSFDUSD,UNKNOWN,non-USDT quote,archive symbol spelling,r1.6-taxonomy-v1,False,False
spot,ENSOBNB,ENSOBNB,UNKNOWN,non-USDT quote,archive symbol spelling,r1.6-taxonomy-v1,False,False
spot,ENSOFDUSD,ENSOFDUSD,UNKNOWN,non-USDT quote,archive symbol spelling,r1.6-taxonomy-v1,False,False
spot,ENSOTRY,ENSOTRY,UNKNOWN,non-USDT quote,archive symbol spelling,r1.6-taxonomy-v1,False,False
spot,ENSOUSDC,ENSOUSDC,UNKNOWN,non-USDT quote,archive symbol spelling,r1.6-taxonomy-v1,False,False
spot,ENSOUSDT,ENSO,CRYPTO,USDT quote and base not in excluded taxonomy,r1.6 taxonomy v1,r1.6-taxonomy-v1,True,True
spot,ENSTRY,ENSTRY,UNKNOWN,non-USDT quote,archive symbol spelling,r1.6-taxonomy-v1,False,False
spot,ENSUSDC,ENSUSDC,UNKNOWN,non-USDT quote,archive symbol spelling,r1.6-taxonomy-v1,False,False
spot,ENSUSDT,ENS,CRYPTO,USDT quote and base not in excluded taxonomy,r1.6 taxonomy v1,r1.6-taxonomy-v1,True,True
spot,EOSAUD,EOSAUD,UNKNOWN,non-USDT quote,archive symbol spelling,r1.6-taxonomy-v1,False,False
spot,EOSBEARBUSD,EOSBEARBUSD,UNKNOWN,non-USDT quote,archive symbol spelling,r1.6-taxonomy-v1,False,False
spot,EOSBEARUSDT,EOSBEAR,LEVERAGED_OR_SYNTHETIC,leveraged-token suffix,archive symbol policy,r1.6-taxonomy-v1,False,True
spot,EOSBNB,EOSBNB,UNKNOWN,non-USDT quote,archive symbol spelling,r1.6-taxonomy-v1,False,False
spot,EOSBTC,EOSBTC,UNKNOWN,non-USDT quote,archive symbol spelling,r1.6-taxonomy-v1,False,False
spot,EOSBULLBUSD,EOSBULLBUSD,UNKNOWN,non-USDT quote,archive symbol spelling,r1.6-taxonomy-v1,False,False
spot,EOSBULLUSDT,EOSBULL,LEVERAGED_OR_SYNTHETIC,leveraged-token suffix,archive symbol policy,r1.6-taxonomy-v1,False,True
spot,EOSBUSD,EOSBUSD,UNKNOWN,non-USDT quote,archive symbol spelling,r1.6-taxonomy-v1,False,False
spot,EOSDOWNUSDT,EOSDOWN,LEVERAGED_OR_SYNTHETIC,leveraged-token suffix,archive symbol policy,r1.6-taxonomy-v1,False,True
spot,EOSETH,EOSETH,UNKNOWN,non-USDT quote,archive symbol spelling,r1.6-taxonomy-v1,False,False
spot,EOSEUR,EOSEUR,UNKNOWN,non-USDT quote,archive symbol spelling,r1.6-taxonomy-v1,False,False
spot,EOSFDUSD,EOSFDUSD,UNKNOWN,non-USDT quote,archive symbol spelling,r1.6-taxonomy-v1,False,False
spot,EOSPAX,EOSPAX,UNKNOWN,non-USDT quote,archive symbol spelling,r1.6-taxonomy-v1,False,False
spot,EOSTRY,EOSTRY,UNKNOWN,non-USDT quote,archive symbol spelling,r1.6-taxonomy-v1,False,False
spot,EOSTUSD,EOSTUSD,UNKNOWN,non-USDT quote,archive symbol spelling,r1.6-taxonomy-v1,False,False
spot,EOSUPUSDT,EOSUP,LEVERAGED_OR_SYNTHETIC,leveraged-token suffix,archive symbol policy,r1.6-taxonomy-v1,False,True
spot,EOSUSDC,EOSUSDC,UNKNOWN,non-USDT quote,archive symbol spelling,r1.6-taxonomy-v1,False,False
spot,EOSUSDT,EOS,CRYPTO,USDT quote and base not in excluded taxonomy,r1.6 taxonomy v1,r1.6-taxonomy-v1,True,True
spot,EPICUSDC,EPICUSDC,UNKNOWN,non-USDT quote,archive symbol spelling,r1.6-taxonomy-v1,False,False
spot,EPICUSDT,EPIC,CRYPTO,USDT quote and base not in excluded taxonomy,r1.6 taxonomy v1,r1.6-taxonomy-v1,True,True
spot,EPSBTC,EPSBTC,UNKNOWN,non-USDT quote,archive symbol spelling,r1.6-taxonomy-v1,False,False
spot,EPSBUSD,EPSBUSD,UNKNOWN,non-USDT quote,archive symbol spelling,r1.6-taxonomy-v1,False,False
spot,EPSUSDT,EPS,CRYPTO,USDT quote and base not in excluded taxonomy,r1.6 taxonomy v1,r1.6-taxonomy-v1,True,True
spot,EPXBUSD,EPXBUSD,UNKNOWN,non-USDT quote,archive symbol spelling,r1.6-taxonomy-v1,False,False
spot,EPXUSDT,EPX,CRYPTO,USDT quote and base not in excluded taxonomy,r1.6 taxonomy v1,r1.6-taxonomy-v1,True,True
spot,ERABNB,ERABNB,UNKNOWN,non-USDT quote,archive symbol spelling,r1.6-taxonomy-v1,False,False
spot,ERAFDUSD,ERAFDUSD,UNKNOWN,non-USDT quote,archive symbol spelling,r1.6-taxonomy-v1,False,False
spot,ERATRY,ERATRY,UNKNOWN,non-USDT quote,archive symbol spelling,r1.6-taxonomy-v1,False,False
spot,ERAUSDC,ERAUSDC,UNKNOWN,non-USDT quote,archive symbol spelling,r1.6-taxonomy-v1,False,False
spot,ERAUSDT,ERA,CRYPTO,USDT quote and base not in excluded taxonomy,r1.6 taxonomy v1,r1.6-taxonomy-v1,True,True
spot,ERDBNB,ERDBNB,UNKNOWN,non-USDT quote,archive symbol spelling,r1.6-taxonomy-v1,False,False
spot,ERDBTC,ERDBTC,UNKNOWN,non-USDT quote,archive symbol spelling,r1.6-taxonomy-v1,False,False
spot,ERDBUSD,ERDBUSD,UNKNOWN,non-USDT quote,archive symbol spelling,r1.6-taxonomy-v1,False,False
spot,ERDPAX,ERDPAX,UNKNOWN,non-USDT quote,archive symbol spelling,r1.6-taxonomy-v1,False,False
spot,ERDUSDC,ERDUSDC,UNKNOWN,non-USDT quote,archive symbol spelling,r1.6-taxonomy-v1,False,False
spot,ERDUSDT,ERD,CRYPTO,USDT quote and base not in excluded taxonomy,r1.6 taxonomy v1,r1.6-taxonomy-v1,True,True
spot,ERNBNB,ERNBNB,UNKNOWN,non-USDT quote,archive symbol spelling,r1.6-taxonomy-v1,False,False
spot,ERNBUSD,ERNBUSD,UNKNOWN,non-USDT quote,archive symbol spelling,r1.6-taxonomy-v1,False,False
spot,ERNUSDT,ERN,CRYPTO,USDT quote and base not in excluded taxonomy,r1.6 taxonomy v1,r1.6-taxonomy-v1,True,True
spot,ESPTRY,ESPTRY,UNKNOWN,non-USDT quote,archive symbol spelling,r1.6-taxonomy-v1,False,False
spot,ESPUSDC,ESPUSDC,UNKNOWN,non-USDT quote,archive symbol spelling,r1.6-taxonomy-v1,False,False
spot,ESPUSDT,ESP,CRYPTO,USDT quote and base not in excluded taxonomy,r1.6 taxonomy v1,r1.6-taxonomy-v1,True,True
spot,ETCBNB,ETCBNB,UNKNOWN,non-USDT quote,archive symbol spelling,r1.6-taxonomy-v1,False,False
spot,ETCBRL,ETCBRL,UNKNOWN,non-USDT quote,archive symbol spelling,r1.6-taxonomy-v1,False,False
spot,ETCBTC,ETCBTC,UNKNOWN,non-USDT quote,archive symbol spelling,r1.6-taxonomy-v1,False,False
spot,ETCBUSD,ETCBUSD,UNKNOWN,non-USDT quote,archive symbol spelling,r1.6-taxonomy-v1,False,False
spot,ETCETH,ETCETH,UNKNOWN,non-USDT quote,archive symbol spelling,r1.6-taxonomy-v1,False,False
spot,ETCEUR,ETCEUR,UNKNOWN,non-USDT quote,archive symbol spelling,r1.6-taxonomy-v1,False,False
spot,ETCFDUSD,ETCFDUSD,UNKNOWN,non-USDT quote,archive symbol spelling,r1.6-taxonomy-v1,False,False
spot,ETCGBP,ETCGBP,UNKNOWN,non-USDT quote,archive symbol spelling,r1.6-taxonomy-v1,False,False
spot,ETCPAX,ETCPAX,UNKNOWN,non-USDT quote,archive symbol spelling,r1.6-taxonomy-v1,False,False
spot,ETCTRY,ETCTRY,UNKNOWN,non-USDT quote,archive symbol spelling,r1.6-taxonomy-v1,False,False
spot,ETCTUSD,ETCTUSD,UNKNOWN,non-USDT quote,archive symbol spelling,r1.6-taxonomy-v1,False,False
spot,ETCUSDC,ETCUSDC,UNKNOWN,non-USDT quote,archive symbol spelling,r1.6-taxonomy-v1,False,False
spot,ETCUSDT,ETC,CRYPTO,USDT quote and base not in excluded taxonomy,r1.6 taxonomy v1,r1.6-taxonomy-v1,True,True
spot,ETHAEUR,ETHAEUR,UNKNOWN,non-USDT quote,archive symbol spelling,r1.6-taxonomy-v1,False,False
spot,ETHARS,ETHARS,UNKNOWN,non-USDT quote,archive symbol spelling,r1.6-taxonomy-v1,False,False
spot,ETHAUD,ETHAUD,UNKNOWN,non-USDT quote,archive symbol spelling,r1.6-taxonomy-v1,False,False
spot,ETHBEARBUSD,ETHBEARBUSD,UNKNOWN,non-USDT quote,archive symbol spelling,r1.6-taxonomy-v1,False,False
spot,ETHBEARUSDT,ETHBEAR,LEVERAGED_OR_SYNTHETIC,leveraged-token suffix,archive symbol policy,r1.6-taxonomy-v1,False,True
spot,ETHBIDR,ETHBIDR,UNKNOWN,non-USDT quote,archive symbol spelling,r1.6-taxonomy-v1,False,False
spot,ETHBKRW,ETHBKRW,UNKNOWN,non-USDT quote,archive symbol spelling,r1.6-taxonomy-v1,False,False
spot,ETHBRL,ETHBRL,UNKNOWN,non-USDT quote,archive symbol spelling,r1.6-taxonomy-v1,False,False
spot,ETHBTC,ETHBTC,UNKNOWN,non-USDT quote,archive symbol spelling,r1.6-taxonomy-v1,False,False
spot,ETHBULLBUSD,ETHBULLBUSD,UNKNOWN,non-USDT quote,archive symbol spelling,r1.6-taxonomy-v1,False,False
spot,ETHBULLUSDT,ETHBULL,LEVERAGED_OR_SYNTHETIC,leveraged-token suffix,archive symbol policy,r1.6-taxonomy-v1,False,True
spot,ETHBUSD,ETHBUSD,UNKNOWN,non-USDT quote,archive symbol spelling,r1.6-taxonomy-v1,False,False
spot,ETHDAI,ETHDAI,UNKNOWN,non-USDT quote,archive symbol spelling,r1.6-taxonomy-v1,False,False
spot,ETHDOWNUSDT,ETHDOWN,LEVERAGED_OR_SYNTHETIC,leveraged-token suffix,archive symbol policy,r1.6-taxonomy-v1,False,True
spot,ETHEUR,ETHEUR,UNKNOWN,non-USDT quote,archive symbol spelling,r1.6-taxonomy-v1,False,False
spot,ETHEURI,ETHEURI,UNKNOWN,non-USDT quote,archive symbol spelling,r1.6-taxonomy-v1,False,False
spot,ETHFDUSD,ETHFDUSD,UNKNOWN,non-USDT quote,archive symbol spelling,r1.6-taxonomy-v1,False,False
spot,ETHFIBNB,ETHFIBNB,UNKNOWN,non-USDT quote,archive symbol spelling,r1.6-taxonomy-v1,False,False
spot,ETHFIBTC,ETHFIBTC,UNKNOWN,non-USDT quote,archive symbol spelling,r1.6-taxonomy-v1,False,False
spot,ETHFIFDUSD,ETHFIFDUSD,UNKNOWN,non-USDT quote,archive symbol spelling,r1.6-taxonomy-v1,False,False
spot,ETHFITRY,ETHFITRY,UNKNOWN,non-USDT quote,archive symbol spelling,r1.6-taxonomy-v1,False,False
spot,ETHFIUSDC,ETHFIUSDC,UNKNOWN,non-USDT quote,archive symbol spelling,r1.6-taxonomy-v1,False,False
spot,ETHFIUSDT,ETHFI,CRYPTO,USDT quote and base not in excluded taxonomy,r1.6 taxonomy v1,r1.6-taxonomy-v1,True,True
spot,ETHGBP,ETHGBP,UNKNOWN,non-USDT quote,archive symbol spelling,r1.6-taxonomy-v1,False,False
spot,ETHIDR,ETHIDR,UNKNOWN,non-USDT quote,archive symbol spelling,r1.6-taxonomy-v1,False,False
spot,ETHJPY,ETHJPY,UNKNOWN,non-USDT quote,archive symbol spelling,r1.6-taxonomy-v1,False,False
spot,ETHMXN,ETHMXN,UNKNOWN,non-USDT quote,archive symbol spelling,r1.6-taxonomy-v1,False,False
spot,ETHNGN,ETHNGN,UNKNOWN,non-USDT quote,archive symbol spelling,r1.6-taxonomy-v1,False,False
spot,ETHPAX,ETHPAX,UNKNOWN,non-USDT quote,archive symbol spelling,r1.6-taxonomy-v1,False,False
spot,ETHPLN,ETHPLN,UNKNOWN,non-USDT quote,archive symbol spelling,r1.6-taxonomy-v1,False,False
spot,ETHRUB,ETHRUB,UNKNOWN,non-USDT quote,archive symbol spelling,r1.6-taxonomy-v1,False,False
spot,ETHTRY,ETHTRY,UNKNOWN,non-USDT quote,archive symbol spelling,r1.6-taxonomy-v1,False,False
spot,ETHTUSD,ETHTUSD,UNKNOWN,non-USDT quote,archive symbol spelling,r1.6-taxonomy-v1,False,False
spot,ETHU,ETHU,UNKNOWN,non-USDT quote,archive symbol spelling,r1.6-taxonomy-v1,False,False
spot,ETHUAH,ETHUAH,UNKNOWN,non-USDT quote,archive symbol spelling,r1.6-taxonomy-v1,False,False
spot,ETHUPUSDT,ETHUP,LEVERAGED_OR_SYNTHETIC,leveraged-token suffix,archive symbol policy,r1.6-taxonomy-v1,False,True
spot,ETHUSD,ETHUSD,UNKNOWN,non-USDT quote,archive symbol spelling,r1.6-taxonomy-v1,False,False
spot,ETHUSD1,ETHUSD1,UNKNOWN,non-USDT quote,archive symbol spelling,r1.6-taxonomy-v1,False,False
spot,ETHUSDC,ETHUSDC,UNKNOWN,non-USDT quote,archive symbol spelling,r1.6-taxonomy-v1,False,False
spot,ETHUSDP,ETHUSDP,UNKNOWN,non-USDT quote,archive symbol spelling,r1.6-taxonomy-v1,False,False
spot,ETHUSDS,ETHUSDS,UNKNOWN,non-USDT quote,archive symbol spelling,r1.6-taxonomy-v1,False,False
spot,ETHUSDT,ETH,CRYPTO,USDT quote and base not in excluded taxonomy,r1.6 taxonomy v1,r1.6-taxonomy-v1,True,True
spot,ETHUST,ETHUST,UNKNOWN,non-USDT quote,archive symbol spelling,r1.6-taxonomy-v1,False,False
spot,ETHZAR,ETHZAR,UNKNOWN,non-USDT quote,archive symbol spelling,r1.6-taxonomy-v1,False,False
spot,EULBNB,EULBNB,UNKNOWN,non-USDT quote,archive symbol spelling,r1.6-taxonomy-v1,False,False
spot,EULFDUSD,EULFDUSD,UNKNOWN,non-USDT quote,archive symbol spelling,r1.6-taxonomy-v1,False,False
spot,EULTRY,EULTRY,UNKNOWN,non-USDT quote,archive symbol spelling,r1.6-taxonomy-v1,False,False
spot,EULUSDC,EULUSDC,UNKNOWN,non-USDT quote,archive symbol spelling,r1.6-taxonomy-v1,False,False
spot,EULUSDT,EUL,CRYPTO,USDT quote and base not in excluded taxonomy,r1.6 taxonomy v1,r1.6-taxonomy-v1,True,True
spot,EURAEUR,EURAEUR,UNKNOWN,non-USDT quote,archive symbol spelling,r1.6-taxonomy-v1,False,False
spot,EURBUSD,EURBUSD,UNKNOWN,non-USDT quote,archive symbol spelling,r1.6-taxonomy-v1,False,False
spot,EUREURI,EUREURI,UNKNOWN,non-USDT quote,archive symbol spelling,r1.6-taxonomy-v1,False,False
spot,EURIUSDC,EURIUSDC,UNKNOWN,non-USDT quote,archive symbol spelling,r1.6-taxonomy-v1,False,False
spot,EURIUSDT,EURI,CRYPTO,USDT quote and base not in excluded taxonomy,r1.6 taxonomy v1,r1.6-taxonomy-v1,True,True
spot,EURUSDC,EURUSDC,UNKNOWN,non-USDT quote,archive symbol spelling,r1.6-taxonomy-v1,False,False
spot,EURUSDT,EUR,FIAT_OR_TOKENIZED_FIAT,base asset in frozen fiat/tokenized-fiat list,r1.6 taxonomy v1,r1.6-taxonomy-v1,False,True
spot,EVXBTC,EVXBTC,UNKNOWN,non-USDT quote,archive symbol spelling,r1.6-taxonomy-v1,False,False
spot,EVXETH,EVXETH,UNKNOWN,non-USDT quote,archive symbol spelling,r1.6-taxonomy-v1,False,False
spot,EWYBUSDT,EWYB,CRYPTO,USDT quote and base not in excluded taxonomy,r1.6 taxonomy v1,r1.6-taxonomy-v1,True,True
spot,EZBTC,EZBTC,UNKNOWN,non-USDT quote,archive symbol spelling,r1.6-taxonomy-v1,False,False
spot,EZETH,EZETH,UNKNOWN,non-USDT quote,archive symbol spelling,r1.6-taxonomy-v1,False,False
spot,FARMBNB,FARMBNB,UNKNOWN,non-USDT quote,archive symbol spelling,r1.6-taxonomy-v1,False,False
spot,FARMBTC,FARMBTC,UNKNOWN,non-USDT quote,archive symbol spelling,r1.6-taxonomy-v1,False,False
spot,FARMBUSD,FARMBUSD,UNKNOWN,non-USDT quote,archive symbol spelling,r1.6-taxonomy-v1,False,False
spot,FARMETH,FARMETH,UNKNOWN,non-USDT quote,archive symbol spelling,r1.6-taxonomy-v1,False,False
spot,FARMUSDT,FARM,CRYPTO,USDT quote and base not in excluded taxonomy,r1.6 taxonomy v1,r1.6-taxonomy-v1,True,True
spot,FDUSDBUSD,FDUSDBUSD,UNKNOWN,non-USDT quote,archive symbol spelling,r1.6-taxonomy-v1,False,False
spot,FDUSDTRY,FDUSDTRY,UNKNOWN,non-USDT quote,archive symbol spelling,r1.6-taxonomy-v1,False,False
spot,FDUSDUSDC,FDUSDUSDC,UNKNOWN,non-USDT quote,archive symbol spelling,r1.6-taxonomy-v1,False,False
spot,FDUSDUSDT,FDUSD,STABLECOIN,base asset in frozen stablecoin list,r1.6 taxonomy v1,r1.6-taxonomy-v1,False,True
spot,FETBNB,FETBNB,UNKNOWN,non-USDT quote,archive symbol spelling,r1.6-taxonomy-v1,False,False
spot,FETBRL,FETBRL,UNKNOWN,non-USDT quote,archive symbol spelling,r1.6-taxonomy-v1,False,False
spot,FETBTC,FETBTC,UNKNOWN,non-USDT quote,archive symbol spelling,r1.6-taxonomy-v1,False,False
spot,FETBUSD,FETBUSD,UNKNOWN,non-USDT quote,archive symbol spelling,r1.6-taxonomy-v1,False,False
spot,FETFDUSD,FETFDUSD,UNKNOWN,non-USDT quote,archive symbol spelling,r1.6-taxonomy-v1,False,False
spot,FETJPY,FETJPY,UNKNOWN,non-USDT quote,archive symbol spelling,r1.6-taxonomy-v1,False,False
spot,FETTRY,FETTRY,UNKNOWN,non-USDT quote,archive symbol spelling,r1.6-taxonomy-v1,False,False
spot,FETU,FETU,UNKNOWN,non-USDT quote,archive symbol spelling,r1.6-taxonomy-v1,False,False
spot,FETUSDC,FETUSDC,UNKNOWN,non-USDT quote,archive symbol spelling,r1.6-taxonomy-v1,False,False
spot,FETUSDT,FET,CRYPTO,USDT quote and base not in excluded taxonomy,r1.6 taxonomy v1,r1.6-taxonomy-v1,True,True
spot,FFBNB,FFBNB,UNKNOWN,non-USDT quote,archive symbol spelling,r1.6-taxonomy-v1,False,False
spot,FFFDUSD,FFFDUSD,UNKNOWN,non-USDT quote,archive symbol spelling,r1.6-taxonomy-v1,False,False
spot,FFTRY,FFTRY,UNKNOWN,non-USDT quote,archive symbol spelling,r1.6-taxonomy-v1,False,False
spot,FFUSDC,FFUSDC,UNKNOWN,non-USDT quote,archive symbol spelling,r1.6-taxonomy-v1,False,False
spot,FFUSDT,FF,CRYPTO,USDT quote and base not in excluded taxonomy,r1.6 taxonomy v1,r1.6-taxonomy-v1,True,True
spot,FIDABNB,FIDABNB,UNKNOWN,non-USDT quote,archive symbol spelling,r1.6-taxonomy-v1,False,False
spot,FIDABTC,FIDABTC,UNKNOWN,non-USDT quote,archive symbol spelling,r1.6-taxonomy-v1,False,False
spot,FIDABUSD,FIDABUSD,UNKNOWN,non-USDT quote,archive symbol spelling,r1.6-taxonomy-v1,False,False
spot,FIDATRY,FIDATRY,UNKNOWN,non-USDT quote,archive symbol spelling,r1.6-taxonomy-v1,False,False
spot,FIDAUSDT,FIDA,CRYPTO,USDT quote and base not in excluded taxonomy,r1.6 taxonomy v1,r1.6-taxonomy-v1,True,True
spot,FILBNB,FILBNB,UNKNOWN,non-USDT quote,archive symbol spelling,r1.6-taxonomy-v1,False,False
spot,FILBTC,FILBTC,UNKNOWN,non-USDT quote,archive symbol spelling,r1.6-taxonomy-v1,False,False
spot,FILBUSD,FILBUSD,UNKNOWN,non-USDT quote,archive symbol spelling,r1.6-taxonomy-v1,False,False
spot,FILDOWNUSDT,FILDOWN,LEVERAGED_OR_SYNTHETIC,leveraged-token suffix,archive symbol policy,r1.6-taxonomy-v1,False,True
spot,FILETH,FILETH,UNKNOWN,non-USDT quote,archive symbol spelling,r1.6-taxonomy-v1,False,False
spot,FILFDUSD,FILFDUSD,UNKNOWN,non-USDT quote,archive symbol spelling,r1.6-taxonomy-v1,False,False
spot,FILTRY,FILTRY,UNKNOWN,non-USDT quote,archive symbol spelling,r1.6-taxonomy-v1,False,False
spot,FILUPUSDT,FILUP,LEVERAGED_OR_SYNTHETIC,leveraged-token suffix,archive symbol policy,r1.6-taxonomy-v1,False,True
spot,FILUSDC,FILUSDC,UNKNOWN,non-USDT quote,archive symbol spelling,r1.6-taxonomy-v1,False,False
spot,FILUSDT,FIL,CRYPTO,USDT quote and base not in excluded taxonomy,r1.6 taxonomy v1,r1.6-taxonomy-v1,True,True
spot,FIOBNB,FIOBNB,UNKNOWN,non-USDT quote,archive symbol spelling,r1.6-taxonomy-v1,False,False
spot,FIOBTC,FIOBTC,UNKNOWN,non-USDT quote,archive symbol spelling,r1.6-taxonomy-v1,False,False
spot,FIOBUSD,FIOBUSD,UNKNOWN,non-USDT quote,archive symbol spelling,r1.6-taxonomy-v1,False,False
spot,FIOUSDT,FIO,CRYPTO,USDT quote and base not in excluded taxonomy,r1.6 taxonomy v1,r1.6-taxonomy-v1,True,True
spot,FIROBTC,FIROBTC,UNKNOWN,non-USDT quote,archive symbol spelling,r1.6-taxonomy-v1,False,False
spot,FIROBUSD,FIROBUSD,UNKNOWN,non-USDT quote,archive symbol spelling,r1.6-taxonomy-v1,False,False
spot,FIROETH,FIROETH,UNKNOWN,non-USDT quote,archive symbol spelling,r1.6-taxonomy-v1,False,False
spot,FIROUSDT,FIRO,CRYPTO,USDT quote and base not in excluded taxonomy,r1.6 taxonomy v1,r1.6-taxonomy-v1,True,True
spot,FISBIDR,FISBIDR,UNKNOWN,non-USDT quote,archive symbol spelling,r1.6-taxonomy-v1,False,False
spot,FISBRL,FISBRL,UNKNOWN,non-USDT quote,archive symbol spelling,r1.6-taxonomy-v1,False,False
spot,FISBTC,FISBTC,UNKNOWN,non-USDT quote,archive symbol spelling,r1.6-taxonomy-v1,False,False
spot,FISBUSD,FISBUSD,UNKNOWN,non-USDT quote,archive symbol spelling,r1.6-taxonomy-v1,False,False
spot,FISTRY,FISTRY,UNKNOWN,non-USDT quote,archive symbol spelling,r1.6-taxonomy-v1,False,False
spot,FISUSDT,FIS,CRYPTO,USDT quote and base not in excluded taxonomy,r1.6 taxonomy v1,r1.6-taxonomy-v1,True,True
spot,FLMBNB,FLMBNB,UNKNOWN,non-USDT quote,archive symbol spelling,r1.6-taxonomy-v1,False,False
spot,FLMBTC,FLMBTC,UNKNOWN,non-USDT quote,archive symbol spelling,r1.6-taxonomy-v1,False,False
spot,FLMBUSD,FLMBUSD,UNKNOWN,non-USDT quote,archive symbol spelling,r1.6-taxonomy-v1,False,False
spot,FLMUSDT,FLM,CRYPTO,USDT quote and base not in excluded taxonomy,r1.6 taxonomy v1,r1.6-taxonomy-v1,True,True
spot,FLNCBUSDT,FLNCB,CRYPTO,USDT quote and base not in excluded taxonomy,r1.6 taxonomy v1,r1.6-taxonomy-v1,True,True
spot,FLOKIFDUSD,FLOKIFDUSD,UNKNOWN,non-USDT quote,archive symbol spelling,r1.6-taxonomy-v1,False,False
spot,FLOKIIDR,FLOKIIDR,UNKNOWN,non-USDT quote,archive symbol spelling,r1.6-taxonomy-v1,False,False
spot,FLOKITRY,FLOKITRY,UNKNOWN,non-USDT quote,archive symbol spelling,r1.6-taxonomy-v1,False,False
spot,FLOKITUSD,FLOKITUSD,UNKNOWN,non-USDT quote,archive symbol spelling,r1.6-taxonomy-v1,False,False
spot,FLOKIUSDC,FLOKIUSDC,UNKNOWN,non-USDT quote,archive symbol spelling,r1.6-taxonomy-v1,False,False
spot,FLOKIUSDT,FLOKI,CRYPTO,USDT quote and base not in excluded taxonomy,r1.6 taxonomy v1,r1.6-taxonomy-v1,True,True
spot,FLOWBNB,FLOWBNB,UNKNOWN,non-USDT quote,archive symbol spelling,r1.6-taxonomy-v1,False,False
spot,FLOWBTC,FLOWBTC,UNKNOWN,non-USDT quote,archive symbol spelling,r1.6-taxonomy-v1,False,False
spot,FLOWBUSD,FLOWBUSD,UNKNOWN,non-USDT quote,archive symbol spelling,r1.6-taxonomy-v1,False,False
spot,FLOWUSDT,FLOW,CRYPTO,USDT quote and base not in excluded taxonomy,r1.6 taxonomy v1,r1.6-taxonomy-v1,True,True
spot,FLUXBTC,FLUXBTC,UNKNOWN,non-USDT quote,archive symbol spelling,r1.6-taxonomy-v1,False,False
spot,FLUXBUSD,FLUXBUSD,UNKNOWN,non-USDT quote,archive symbol spelling,r1.6-taxonomy-v1,False,False
spot,FLUXUSDC,FLUXUSDC,UNKNOWN,non-USDT quote,archive symbol spelling,r1.6-taxonomy-v1,False,False
spot,FLUXUSDT,FLUX,CRYPTO,USDT quote and base not in excluded taxonomy,r1.6 taxonomy v1,r1.6-taxonomy-v1,True,True
spot,FOGOTRY,FOGOTRY,UNKNOWN,non-USDT quote,archive symbol spelling,r1.6-taxonomy-v1,False,False
spot,FOGOUSDC,FOGOUSDC,UNKNOWN,non-USDT quote,archive symbol spelling,r1.6-taxonomy-v1,False,False
spot,FOGOUSDT,FOGO,CRYPTO,USDT quote and base not in excluded taxonomy,r1.6 taxonomy v1,r1.6-taxonomy-v1,True,True
spot,FORBNB,FORBNB,UNKNOWN,non-USDT quote,archive symbol spelling,r1.6-taxonomy-v1,False,False
spot,FORBTC,FORBTC,UNKNOWN,non-USDT quote,archive symbol spelling,r1.6-taxonomy-v1,False,False
spot,FORBUSD,FORBUSD,UNKNOWN,non-USDT quote,archive symbol spelling,r1.6-taxonomy-v1,False,False
spot,FORMTRY,FORMTRY,UNKNOWN,non-USDT quote,archive symbol spelling,r1.6-taxonomy-v1,False,False
spot,FORMUSDC,FORMUSDC,UNKNOWN,non-USDT quote,archive symbol spelling,r1.6-taxonomy-v1,False,False
spot,FORMUSDT,FORM,CRYPTO,USDT quote and base not in excluded taxonomy,r1.6 taxonomy v1,r1.6-taxonomy-v1,True,True
spot,FORTHBTC,FORTHBTC,UNKNOWN,non-USDT quote,archive symbol spelling,r1.6-taxonomy-v1,False,False
spot,FORTHBUSD,FORTHBUSD,UNKNOWN,non-USDT quote,archive symbol spelling,r1.6-taxonomy-v1,False,False
spot,FORTHUSDT,FORTH,CRYPTO,USDT quote and base not in excluded taxonomy,r1.6 taxonomy v1,r1.6-taxonomy-v1,True,True
spot,FORUSDT,FOR,CRYPTO,USDT quote and base not in excluded taxonomy,r1.6 taxonomy v1,r1.6-taxonomy-v1,True,True
spot,FRAXUSDT,FRAX,STABLECOIN,base asset in frozen stablecoin list,r1.6 taxonomy v1,r1.6-taxonomy-v1,False,True
spot,FRONTBTC,FRONTBTC,UNKNOWN,non-USDT quote,archive symbol spelling,r1.6-taxonomy-v1,False,False
spot,FRONTBUSD,FRONTBUSD,UNKNOWN,non-USDT quote,archive symbol spelling,r1.6-taxonomy-v1,False,False
spot,FRONTETH,FRONTETH,UNKNOWN,non-USDT quote,archive symbol spelling,r1.6-taxonomy-v1,False,False
spot,FRONTTRY,FRONTTRY,UNKNOWN,non-USDT quote,archive symbol spelling,r1.6-taxonomy-v1,False,False
spot,FRONTTUSD,FRONTTUSD,UNKNOWN,non-USDT quote,archive symbol spelling,r1.6-taxonomy-v1,False,False
spot,FRONTUSDC,FRONTUSDC,UNKNOWN,non-USDT quote,archive symbol spelling,r1.6-taxonomy-v1,False,False
spot,FRONTUSDT,FRONT,CRYPTO,USDT quote and base not in excluded taxonomy,r1.6 taxonomy v1,r1.6-taxonomy-v1,True,True
spot,FTMAUD,FTMAUD,UNKNOWN,non-USDT quote,archive symbol spelling,r1.6-taxonomy-v1,False,False
spot,FTMBIDR,FTMBIDR,UNKNOWN,non-USDT quote,archive symbol spelling,r1.6-taxonomy-v1,False,False
spot,FTMBNB,FTMBNB,UNKNOWN,non-USDT quote,archive symbol spelling,r1.6-taxonomy-v1,False,False
spot,FTMBRL,FTMBRL,UNKNOWN,non-USDT quote,archive symbol spelling,r1.6-taxonomy-v1,False,False
spot,FTMBTC,FTMBTC,UNKNOWN,non-USDT quote,archive symbol spelling,r1.6-taxonomy-v1,False,False
spot,FTMBUSD,FTMBUSD,UNKNOWN,non-USDT quote,archive symbol spelling,r1.6-taxonomy-v1,False,False
spot,FTMETH,FTMETH,UNKNOWN,non-USDT quote,archive symbol spelling,r1.6-taxonomy-v1,False,False
spot,FTMEUR,FTMEUR,UNKNOWN,non-USDT quote,archive symbol spelling,r1.6-taxonomy-v1,False,False
spot,FTMFDUSD,FTMFDUSD,UNKNOWN,non-USDT quote,archive symbol spelling,r1.6-taxonomy-v1,False,False
spot,FTMPAX,FTMPAX,UNKNOWN,non-USDT quote,archive symbol spelling,r1.6-taxonomy-v1,False,False
spot,FTMRUB,FTMRUB,UNKNOWN,non-USDT quote,archive symbol spelling,r1.6-taxonomy-v1,False,False
spot,FTMTRY,FTMTRY,UNKNOWN,non-USDT quote,archive symbol spelling,r1.6-taxonomy-v1,False,False
spot,FTMTUSD,FTMTUSD,UNKNOWN,non-USDT quote,archive symbol spelling,r1.6-taxonomy-v1,False,False
spot,FTMUSDC,FTMUSDC,UNKNOWN,non-USDT quote,archive symbol spelling,r1.6-taxonomy-v1,False,False
spot,FTMUSDT,FTM,CRYPTO,USDT quote and base not in excluded taxonomy,r1.6 taxonomy v1,r1.6-taxonomy-v1,True,True
spot,FTRY,FTRY,UNKNOWN,non-USDT quote,archive symbol spelling,r1.6-taxonomy-v1,False,False
spot,FTTBNB,FTTBNB,UNKNOWN,non-USDT quote,archive symbol spelling,r1.6-taxonomy-v1,False,False
spot,FTTBTC,FTTBTC,UNKNOWN,non-USDT quote,archive symbol spelling,r1.6-taxonomy-v1,False,False
spot,FTTBUSD,FTTBUSD,UNKNOWN,non-USDT quote,archive symbol spelling,r1.6-taxonomy-v1,False,False
spot,FTTETH,FTTETH,UNKNOWN,non-USDT quote,archive symbol spelling,r1.6-taxonomy-v1,False,False
spot,FTTUSDT,FTT,CRYPTO,USDT quote and base not in excluded taxonomy,r1.6 taxonomy v1,r1.6-taxonomy-v1,True,True
spot,FUELBTC,FUELBTC,UNKNOWN,non-USDT quote,archive symbol spelling,r1.6-taxonomy-v1,False,False
spot,FUELETH,FUELETH,UNKNOWN,non-USDT quote,archive symbol spelling,r1.6-taxonomy-v1,False,False
spot,FUNBNB,FUNBNB,UNKNOWN,non-USDT quote,archive symbol spelling,r1.6-taxonomy-v1,False,False
spot,FUNBTC,FUNBTC,UNKNOWN,non-USDT quote,archive symbol spelling,r1.6-taxonomy-v1,False,False
spot,FUNETH,FUNETH,UNKNOWN,non-USDT quote,archive symbol spelling,r1.6-taxonomy-v1,False,False
spot,FUNUSDC,FUNUSDC,UNKNOWN,non-USDT quote,archive symbol spelling,r1.6-taxonomy-v1,False,False
spot,FUNUSDT,FUN,CRYPTO,USDT quote and base not in excluded taxonomy,r1.6 taxonomy v1,r1.6-taxonomy-v1,True,True
spot,FUSDC,FUSDC,UNKNOWN,non-USDT quote,archive symbol spelling,r1.6-taxonomy-v1,False,False
spot,FUSDT,F,CRYPTO,USDT quote and base not in excluded taxonomy,r1.6 taxonomy v1,r1.6-taxonomy-v1,True,True
spot,FXSBTC,FXSBTC,UNKNOWN,non-USDT quote,archive symbol spelling,r1.6-taxonomy-v1,False,False
spot,FXSBUSD,FXSBUSD,UNKNOWN,non-USDT quote,archive symbol spelling,r1.6-taxonomy-v1,False,False
spot,FXSUSDT,FXS,CRYPTO,USDT quote and base not in excluded taxonomy,r1.6 taxonomy v1,r1.6-taxonomy-v1,True,True
spot,GALAAUD,GALAAUD,UNKNOWN,non-USDT quote,archive symbol spelling,r1.6-taxonomy-v1,False,False
spot,GALABNB,GALABNB,UNKNOWN,non-USDT quote,archive symbol spelling,r1.6-taxonomy-v1,False,False
spot,GALABRL,GALABRL,UNKNOWN,non-USDT quote,archive symbol spelling,r1.6-taxonomy-v1,False,False
spot,GALABTC,GALABTC,UNKNOWN,non-USDT quote,archive symbol spelling,r1.6-taxonomy-v1,False,False
spot,GALABUSD,GALABUSD,UNKNOWN,non-USDT quote,archive symbol spelling,r1.6-taxonomy-v1,False,False
spot,GALAETH,GALAETH,UNKNOWN,non-USDT quote,archive symbol spelling,r1.6-taxonomy-v1,False,False
spot,GALAEUR,GALAEUR,UNKNOWN,non-USDT quote,archive symbol spelling,r1.6-taxonomy-v1,False,False
spot,GALAFDUSD,GALAFDUSD,UNKNOWN,non-USDT quote,archive symbol spelling,r1.6-taxonomy-v1,False,False
spot,GALATRY,GALATRY,UNKNOWN,non-USDT quote,archive symbol spelling,r1.6-taxonomy-v1,False,False
spot,GALAUSDC,GALAUSDC,UNKNOWN,non-USDT quote,archive symbol spelling,r1.6-taxonomy-v1,False,False
spot,GALAUSDT,GALA,CRYPTO,USDT quote and base not in excluded taxonomy,r1.6 taxonomy v1,r1.6-taxonomy-v1,True,True
spot,GALBNB,GALBNB,UNKNOWN,non-USDT quote,archive symbol spelling,r1.6-taxonomy-v1,False,False
spot,GALBRL,GALBRL,UNKNOWN,non-USDT quote,archive symbol spelling,r1.6-taxonomy-v1,False,False
spot,GALBTC,GALBTC,UNKNOWN,non-USDT quote,archive symbol spelling,r1.6-taxonomy-v1,False,False
spot,GALBUSD,GALBUSD,UNKNOWN,non-USDT quote,archive symbol spelling,r1.6-taxonomy-v1,False,False
spot,GALETH,GALETH,UNKNOWN,non-USDT quote,archive symbol spelling,r1.6-taxonomy-v1,False,False
spot,GALEUR,GALEUR,UNKNOWN,non-USDT quote,archive symbol spelling,r1.6-taxonomy-v1,False,False
spot,GALTRY,GALTRY,UNKNOWN,non-USDT quote,archive symbol spelling,r1.6-taxonomy-v1,False,False
spot,GALUSDT,GAL,CRYPTO,USDT quote and base not in excluded taxonomy,r1.6 taxonomy v1,r1.6-taxonomy-v1,True,True
spot,GASBTC,GASBTC,UNKNOWN,non-USDT quote,archive symbol spelling,r1.6-taxonomy-v1,False,False
spot,GASBUSD,GASBUSD,UNKNOWN,non-USDT quote,archive symbol spelling,r1.6-taxonomy-v1,False,False
spot,GASFDUSD,GASFDUSD,UNKNOWN,non-USDT quote,archive symbol spelling,r1.6-taxonomy-v1,False,False
spot,GASTRY,GASTRY,UNKNOWN,non-USDT quote,archive symbol spelling,r1.6-taxonomy-v1,False,False
spot,GASUSDT,GAS,CRYPTO,USDT quote and base not in excluded taxonomy,r1.6 taxonomy v1,r1.6-taxonomy-v1,True,True
spot,GBPBUSD,GBPBUSD,UNKNOWN,non-USDT quote,archive symbol spelling,r1.6-taxonomy-v1,False,False
spot,GBPUSDT,GBP,FIAT_OR_TOKENIZED_FIAT,base asset in frozen fiat/tokenized-fiat list,r1.6 taxonomy v1,r1.6-taxonomy-v1,False,True
spot,GENIUSTRY,GENIUSTRY,UNKNOWN,non-USDT quote,archive symbol spelling,r1.6-taxonomy-v1,False,False
spot,GENIUSUSDC,GENIUSUSDC,UNKNOWN,non-USDT quote,archive symbol spelling,r1.6-taxonomy-v1,False,False
spot,GENIUSUSDT,GENIUS,CRYPTO,USDT quote and base not in excluded taxonomy,r1.6 taxonomy v1,r1.6-taxonomy-v1,True,True
spot,GFTBUSD,GFTBUSD,UNKNOWN,non-USDT quote,archive symbol spelling,r1.6-taxonomy-v1,False,False
spot,GFTUSDT,GFT,CRYPTO,USDT quote and base not in excluded taxonomy,r1.6 taxonomy v1,r1.6-taxonomy-v1,True,True
spot,GHSTBUSD,GHSTBUSD,UNKNOWN,non-USDT quote,archive symbol spelling,r1.6-taxonomy-v1,False,False
spot,GHSTETH,GHSTETH,UNKNOWN,non-USDT quote,archive symbol spelling,r1.6-taxonomy-v1,False,False
spot,GHSTUSDT,GHST,CRYPTO,USDT quote and base not in excluded taxonomy,r1.6 taxonomy v1,r1.6-taxonomy-v1,True,True
spot,GIGGLEJPY,GIGGLEJPY,UNKNOWN,non-USDT quote,archive symbol spelling,r1.6-taxonomy-v1,False,False
spot,GIGGLETRY,GIGGLETRY,UNKNOWN,non-USDT quote,archive symbol spelling,r1.6-taxonomy-v1,False,False
spot,GIGGLEU,GIGGLEU,UNKNOWN,non-USDT quote,archive symbol spelling,r1.6-taxonomy-v1,False,False
spot,GIGGLEUSDC,GIGGLEUSDC,UNKNOWN,non-USDT quote,archive symbol spelling,r1.6-taxonomy-v1,False,False
spot,GIGGLEUSDT,GIGGLE,CRYPTO,USDT quote and base not in excluded taxonomy,r1.6 taxonomy v1,r1.6-taxonomy-v1,True,True
spot,GLMBTC,GLMBTC,UNKNOWN,non-USDT quote,archive symbol spelling,r1.6-taxonomy-v1,False,False
spot,GLMBUSD,GLMBUSD,UNKNOWN,non-USDT quote,archive symbol spelling,r1.6-taxonomy-v1,False,False
spot,GLMETH,GLMETH,UNKNOWN,non-USDT quote,archive symbol spelling,r1.6-taxonomy-v1,False,False
spot,GLMRBNB,GLMRBNB,UNKNOWN,non-USDT quote,archive symbol spelling,r1.6-taxonomy-v1,False,False
spot,GLMRBTC,GLMRBTC,UNKNOWN,non-USDT quote,archive symbol spelling,r1.6-taxonomy-v1,False,False
spot,GLMRBUSD,GLMRBUSD,UNKNOWN,non-USDT quote,archive symbol spelling,r1.6-taxonomy-v1,False,False
spot,GLMRUSDT,GLMR,CRYPTO,USDT quote and base not in excluded taxonomy,r1.6 taxonomy v1,r1.6-taxonomy-v1,True,True
spot,GLMUSDT,GLM,CRYPTO,USDT quote and base not in excluded taxonomy,r1.6 taxonomy v1,r1.6-taxonomy-v1,True,True
spot,GLWBUSDT,GLWB,CRYPTO,USDT quote and base not in excluded taxonomy,r1.6 taxonomy v1,r1.6-taxonomy-v1,True,True
spot,GMTAUD,GMTAUD,UNKNOWN,non-USDT quote,archive symbol spelling,r1.6-taxonomy-v1,False,False
spot,GMTBNB,GMTBNB,UNKNOWN,non-USDT quote,archive symbol spelling,r1.6-taxonomy-v1,False,False
spot,GMTBRL,GMTBRL,UNKNOWN,non-USDT quote,archive symbol spelling,r1.6-taxonomy-v1,False,False
spot,GMTBTC,GMTBTC,UNKNOWN,non-USDT quote,archive symbol spelling,r1.6-taxonomy-v1,False,False
spot,GMTBUSD,GMTBUSD,UNKNOWN,non-USDT quote,archive symbol spelling,r1.6-taxonomy-v1,False,False
spot,GMTETH,GMTETH,UNKNOWN,non-USDT quote,archive symbol spelling,r1.6-taxonomy-v1,False,False
spot,GMTEUR,GMTEUR,UNKNOWN,non-USDT quote,archive symbol spelling,r1.6-taxonomy-v1,False,False
spot,GMTGBP,GMTGBP,UNKNOWN,non-USDT quote,archive symbol spelling,r1.6-taxonomy-v1,False,False
spot,GMTTRY,GMTTRY,UNKNOWN,non-USDT quote,archive symbol spelling,r1.6-taxonomy-v1,False,False
spot,GMTUSDC,GMTUSDC,UNKNOWN,non-USDT quote,archive symbol spelling,r1.6-taxonomy-v1,False,False
spot,GMTUSDT,GMT,CRYPTO,USDT quote and base not in excluded taxonomy,r1.6 taxonomy v1,r1.6-taxonomy-v1,True,True
spot,GMXBTC,GMXBTC,UNKNOWN,non-USDT quote,archive symbol spelling,r1.6-taxonomy-v1,False,False
spot,GMXBUSD,GMXBUSD,UNKNOWN,non-USDT quote,archive symbol spelling,r1.6-taxonomy-v1,False,False
spot,GMXUSDC,GMXUSDC,UNKNOWN,non-USDT quote,archive symbol spelling,r1.6-taxonomy-v1,False,False
spot,GMXUSDT,GMX,CRYPTO,USDT quote and base not in excluded taxonomy,r1.6 taxonomy v1,r1.6-taxonomy-v1,True,True
spot,GNOBNB,GNOBNB,UNKNOWN,non-USDT quote,archive symbol spelling,r1.6-taxonomy-v1,False,False
spot,GNOBTC,GNOBTC,UNKNOWN,non-USDT quote,archive symbol spelling,r1.6-taxonomy-v1,False,False
spot,GNOBUSD,GNOBUSD,UNKNOWN,non-USDT quote,archive symbol spelling,r1.6-taxonomy-v1,False,False
spot,GNOUSDT,GNO,CRYPTO,USDT quote and base not in excluded taxonomy,r1.6 taxonomy v1,r1.6-taxonomy-v1,True,True
spot,GNSBTC,GNSBTC,UNKNOWN,non-USDT quote,archive symbol spelling,r1.6-taxonomy-v1,False,False
spot,GNSUSDT,GNS,CRYPTO,USDT quote and base not in excluded taxonomy,r1.6 taxonomy v1,r1.6-taxonomy-v1,True,True
spot,GNTBNB,GNTBNB,UNKNOWN,non-USDT quote,archive symbol spelling,r1.6-taxonomy-v1,False,False
spot,GNTBTC,GNTBTC,UNKNOWN,non-USDT quote,archive symbol spelling,r1.6-taxonomy-v1,False,False
spot,GNTETH,GNTETH,UNKNOWN,non-USDT quote,archive symbol spelling,r1.6-taxonomy-v1,False,False
spot,GOBNB,GOBNB,UNKNOWN,non-USDT quote,archive symbol spelling,r1.6-taxonomy-v1,False,False
spot,GOBTC,GOBTC,UNKNOWN,non-USDT quote,archive symbol spelling,r1.6-taxonomy-v1,False,False
spot,GOOGLBUSDT,GOOGLB,CRYPTO,USDT quote and base not in excluded taxonomy,r1.6 taxonomy v1,r1.6-taxonomy-v1,True,True
spot,GPSBNB,GPSBNB,UNKNOWN,non-USDT quote,archive symbol spelling,r1.6-taxonomy-v1,False,False
spot,GPSFDUSD,GPSFDUSD,UNKNOWN,non-USDT quote,archive symbol spelling,r1.6-taxonomy-v1,False,False
spot,GPSTRY,GPSTRY,UNKNOWN,non-USDT quote,archive symbol spelling,r1.6-taxonomy-v1,False,False
spot,GPSUSDC,GPSUSDC,UNKNOWN,non-USDT quote,archive symbol spelling,r1.6-taxonomy-v1,False,False
spot,GPSUSDT,GPS,CRYPTO,USDT quote and base not in excluded taxonomy,r1.6 taxonomy v1,r1.6-taxonomy-v1,True,True
spot,GRAMFDUSD,GRAMFDUSD,UNKNOWN,non-USDT quote,archive symbol spelling,r1.6-taxonomy-v1,False,False
spot,GRAMIDR,GRAMIDR,UNKNOWN,non-USDT quote,archive symbol spelling,r1.6-taxonomy-v1,False,False
spot,GRAMTRY,GRAMTRY,UNKNOWN,non-USDT quote,archive symbol spelling,r1.6-taxonomy-v1,False,False
spot,GRAMU,GRAMU,UNKNOWN,non-USDT quote,archive symbol spelling,r1.6-taxonomy-v1,False,False
spot,GRAMUSD1,GRAMUSD1,UNKNOWN,non-USDT quote,archive symbol spelling,r1.6-taxonomy-v1,False,False
spot,GRAMUSDC,GRAMUSDC,UNKNOWN,non-USDT quote,archive symbol spelling,r1.6-taxonomy-v1,False,False
spot,GRAMUSDT,GRAM,CRYPTO,USDT quote and base not in excluded taxonomy,r1.6 taxonomy v1,r1.6-taxonomy-v1,True,True
spot,GRSBTC,GRSBTC,UNKNOWN,non-USDT quote,archive symbol spelling,r1.6-taxonomy-v1,False,False
spot,GRSETH,GRSETH,UNKNOWN,non-USDT quote,archive symbol spelling,r1.6-taxonomy-v1,False,False
spot,GRTBTC,GRTBTC,UNKNOWN,non-USDT quote,archive symbol spelling,r1.6-taxonomy-v1,False,False
spot,GRTBUSD,GRTBUSD,UNKNOWN,non-USDT quote,archive symbol spelling,r1.6-taxonomy-v1,False,False
spot,GRTETH,GRTETH,UNKNOWN,non-USDT quote,archive symbol spelling,r1.6-taxonomy-v1,False,False
spot,GRTEUR,GRTEUR,UNKNOWN,non-USDT quote,archive symbol spelling,r1.6-taxonomy-v1,False,False
spot,GRTFDUSD,GRTFDUSD,UNKNOWN,non-USDT quote,archive symbol spelling,r1.6-taxonomy-v1,False,False
spot,GRTTRY,GRTTRY,UNKNOWN,non-USDT quote,archive symbol spelling,r1.6-taxonomy-v1,False,False
spot,GRTUSDC,GRTUSDC,UNKNOWN,non-USDT quote,archive symbol spelling,r1.6-taxonomy-v1,False,False
spot,GRTUSDT,GRT,CRYPTO,USDT quote and base not in excluded taxonomy,r1.6 taxonomy v1,r1.6-taxonomy-v1,True,True
spot,GSBUSDT,GSB,CRYPTO,USDT quote and base not in excluded taxonomy,r1.6 taxonomy v1,r1.6-taxonomy-v1,True,True
spot,GTCBNB,GTCBNB,UNKNOWN,non-USDT quote,archive symbol spelling,r1.6-taxonomy-v1,False,False
spot,GTCBTC,GTCBTC,UNKNOWN,non-USDT quote,archive symbol spelling,r1.6-taxonomy-v1,False,False
spot,GTCBUSD,GTCBUSD,UNKNOWN,non-USDT quote,archive symbol spelling,r1.6-taxonomy-v1,False,False
spot,GTCUSDT,GTC,CRYPTO,USDT quote and base not in excluded taxonomy,r1.6 taxonomy v1,r1.6-taxonomy-v1,True,True
spot,GTOBNB,GTOBNB,UNKNOWN,non-USDT quote,archive symbol spelling,r1.6-taxonomy-v1,False,False
spot,GTOBTC,GTOBTC,UNKNOWN,non-USDT quote,archive symbol spelling,r1.6-taxonomy-v1,False,False
spot,GTOBUSD,GTOBUSD,UNKNOWN,non-USDT quote,archive symbol spelling,r1.6-taxonomy-v1,False,False
spot,GTOETH,GTOETH,UNKNOWN,non-USDT quote,archive symbol spelling,r1.6-taxonomy-v1,False,False
spot,GTOPAX,GTOPAX,UNKNOWN,non-USDT quote,archive symbol spelling,r1.6-taxonomy-v1,False,False
spot,GTOTUSD,GTOTUSD,UNKNOWN,non-USDT quote,archive symbol spelling,r1.6-taxonomy-v1,False,False
spot,GTOUSDC,GTOUSDC,UNKNOWN,non-USDT quote,archive symbol spelling,r1.6-taxonomy-v1,False,False
spot,GTOUSDT,GTO,CRYPTO,USDT quote and base not in excluded taxonomy,r1.6 taxonomy v1,r1.6-taxonomy-v1,True,True
spot,GTRY,GTRY,UNKNOWN,non-USDT quote,archive symbol spelling,r1.6-taxonomy-v1,False,False
spot,GUNBNB,GUNBNB,UNKNOWN,non-USDT quote,archive symbol spelling,r1.6-taxonomy-v1,False,False
spot,GUNFDUSD,GUNFDUSD,UNKNOWN,non-USDT quote,archive symbol spelling,r1.6-taxonomy-v1,False,False
spot,GUNTRY,GUNTRY,UNKNOWN,non-USDT quote,archive symbol spelling,r1.6-taxonomy-v1,False,False
spot,GUNUSDC,GUNUSDC,UNKNOWN,non-USDT quote,archive symbol spelling,r1.6-taxonomy-v1,False,False
spot,GUNUSDT,GUN,CRYPTO,USDT quote and base not in excluded taxonomy,r1.6 taxonomy v1,r1.6-taxonomy-v1,True,True
spot,GUSDT,G,CRYPTO,USDT quote and base not in excluded taxonomy,r1.6 taxonomy v1,r1.6-taxonomy-v1,True,True
spot,GVTBTC,GVTBTC,UNKNOWN,non-USDT quote,archive symbol spelling,r1.6-taxonomy-v1,False,False
spot,GVTETH,GVTETH,UNKNOWN,non-USDT quote,archive symbol spelling,r1.6-taxonomy-v1,False,False
spot,GXSBNB,GXSBNB,UNKNOWN,non-USDT quote,archive symbol spelling,r1.6-taxonomy-v1,False,False
spot,GXSBTC,GXSBTC,UNKNOWN,non-USDT quote,archive symbol spelling,r1.6-taxonomy-v1,False,False
spot,GXSETH,GXSETH,UNKNOWN,non-USDT quote,archive symbol spelling,r1.6-taxonomy-v1,False,False
spot,GXSUSDT,GXS,CRYPTO,USDT quote and base not in excluded taxonomy,r1.6 taxonomy v1,r1.6-taxonomy-v1,True,True
spot,HAEDALBNB,HAEDALBNB,UNKNOWN,non-USDT quote,archive symbol spelling,r1.6-taxonomy-v1,False,False
spot,HAEDALFDUSD,HAEDALFDUSD,UNKNOWN,non-USDT quote,archive symbol spelling,r1.6-taxonomy-v1,False,False
spot,HAEDALTRY,HAEDALTRY,UNKNOWN,non-USDT quote,archive symbol spelling,r1.6-taxonomy-v1,False,False
spot,HAEDALUSDC,HAEDALUSDC,UNKNOWN,non-USDT quote,archive symbol spelling,r1.6-taxonomy-v1,False,False
spot,HAEDALUSDT,HAEDAL,CRYPTO,USDT quote and base not in excluded taxonomy,r1.6 taxonomy v1,r1.6-taxonomy-v1,True,True
spot,HARDBNB,HARDBNB,UNKNOWN,non-USDT quote,archive symbol spelling,r1.6-taxonomy-v1,False,False
spot,HARDBTC,HARDBTC,UNKNOWN,non-USDT quote,archive symbol spelling,r1.6-taxonomy-v1,False,False
spot,HARDBUSD,HARDBUSD,UNKNOWN,non-USDT quote,archive symbol spelling,r1.6-taxonomy-v1,False,False
spot,HARDUSDT,HARD,CRYPTO,USDT quote and base not in excluded taxonomy,r1.6 taxonomy v1,r1.6-taxonomy-v1,True,True
spot,HBARBNB,HBARBNB,UNKNOWN,non-USDT quote,archive symbol spelling,r1.6-taxonomy-v1,False,False
spot,HBARBTC,HBARBTC,UNKNOWN,non-USDT quote,archive symbol spelling,r1.6-taxonomy-v1,False,False
spot,HBARBUSD,HBARBUSD,UNKNOWN,non-USDT quote,archive symbol spelling,r1.6-taxonomy-v1,False,False
spot,HBARFDUSD,HBARFDUSD,UNKNOWN,non-USDT quote,archive symbol spelling,r1.6-taxonomy-v1,False,False
spot,HBARIDR,HBARIDR,UNKNOWN,non-USDT quote,archive symbol spelling,r1.6-taxonomy-v1,False,False
spot,HBARTRY,HBARTRY,UNKNOWN,non-USDT quote,archive symbol spelling,r1.6-taxonomy-v1,False,False
spot,HBARUSDC,HBARUSDC,UNKNOWN,non-USDT quote,archive symbol spelling,r1.6-taxonomy-v1,False,False
spot,HBARUSDT,HBAR,CRYPTO,USDT quote and base not in excluded taxonomy,r1.6 taxonomy v1,r1.6-taxonomy-v1,True,True
spot,HCBTC,HCBTC,UNKNOWN,non-USDT quote,archive symbol spelling,r1.6-taxonomy-v1,False,False
spot,HCETH,HCETH,UNKNOWN,non-USDT quote,archive symbol spelling,r1.6-taxonomy-v1,False,False
spot,HCUSDT,HC,CRYPTO,USDT quote and base not in excluded taxonomy,r1.6 taxonomy v1,r1.6-taxonomy-v1,True,True
spot,HEGICBUSD,HEGICBUSD,UNKNOWN,non-USDT quote,archive symbol spelling,r1.6-taxonomy-v1,False,False
spot,HEGICETH,HEGICETH,UNKNOWN,non-USDT quote,archive symbol spelling,r1.6-taxonomy-v1,False,False
spot,HEIBTC,HEIBTC,UNKNOWN,non-USDT quote,archive symbol spelling,r1.6-taxonomy-v1,False,False
spot,HEITRY,HEITRY,UNKNOWN,non-USDT quote,archive symbol spelling,r1.6-taxonomy-v1,False,False
spot,HEIUSDC,HEIUSDC,UNKNOWN,non-USDT quote,archive symbol spelling,r1.6-taxonomy-v1,False,False
spot,HEIUSDT,HEI,CRYPTO,USDT quote and base not in excluded taxonomy,r1.6 taxonomy v1,r1.6-taxonomy-v1,True,True
spot,HEMIBNB,HEMIBNB,UNKNOWN,non-USDT quote,archive symbol spelling,r1.6-taxonomy-v1,False,False
spot,HEMIFDUSD,HEMIFDUSD,UNKNOWN,non-USDT quote,archive symbol spelling,r1.6-taxonomy-v1,False,False
spot,HEMITRY,HEMITRY,UNKNOWN,non-USDT quote,archive symbol spelling,r1.6-taxonomy-v1,False,False
spot,HEMIUSDC,HEMIUSDC,UNKNOWN,non-USDT quote,archive symbol spelling,r1.6-taxonomy-v1,False,False
spot,HEMIUSDT,HEMI,CRYPTO,USDT quote and base not in excluded taxonomy,r1.6 taxonomy v1,r1.6-taxonomy-v1,True,True
spot,HFTBTC,HFTBTC,UNKNOWN,non-USDT quote,archive symbol spelling,r1.6-taxonomy-v1,False,False
spot,HFTBUSD,HFTBUSD,UNKNOWN,non-USDT quote,archive symbol spelling,r1.6-taxonomy-v1,False,False
spot,HFTUSDT,HFT,CRYPTO,USDT quote and base not in excluded taxonomy,r1.6 taxonomy v1,r1.6-taxonomy-v1,True,True
spot,HIFIETH,HIFIETH,UNKNOWN,non-USDT quote,archive symbol spelling,r1.6-taxonomy-v1,False,False
spot,HIFIUSDT,HIFI,CRYPTO,USDT quote and base not in excluded taxonomy,r1.6 taxonomy v1,r1.6-taxonomy-v1,True,True
spot,HIGHBNB,HIGHBNB,UNKNOWN,non-USDT quote,archive symbol spelling,r1.6-taxonomy-v1,False,False
spot,HIGHBTC,HIGHBTC,UNKNOWN,non-USDT quote,archive symbol spelling,r1.6-taxonomy-v1,False,False
spot,HIGHBUSD,HIGHBUSD,UNKNOWN,non-USDT quote,archive symbol spelling,r1.6-taxonomy-v1,False,False
spot,HIGHTRY,HIGHTRY,UNKNOWN,non-USDT quote,archive symbol spelling,r1.6-taxonomy-v1,False,False
spot,HIGHUSDT,HIGH,CRYPTO,USDT quote and base not in excluded taxonomy,r1.6 taxonomy v1,r1.6-taxonomy-v1,True,True
spot,HIVEBNB,HIVEBNB,UNKNOWN,non-USDT quote,archive symbol spelling,r1.6-taxonomy-v1,False,False
spot,HIVEBTC,HIVEBTC,UNKNOWN,non-USDT quote,archive symbol spelling,r1.6-taxonomy-v1,False,False
spot,HIVEBUSD,HIVEBUSD,UNKNOWN,non-USDT quote,archive symbol spelling,r1.6-taxonomy-v1,False,False
spot,HIVEFDUSD,HIVEFDUSD,UNKNOWN,non-USDT quote,archive symbol spelling,r1.6-taxonomy-v1,False,False
spot,HIVETRY,HIVETRY,UNKNOWN,non-USDT quote,archive symbol spelling,r1.6-taxonomy-v1,False,False
spot,HIVEUSDC,HIVEUSDC,UNKNOWN,non-USDT quote,archive symbol spelling,r1.6-taxonomy-v1,False,False
spot,HIVEUSDT,HIVE,CRYPTO,USDT quote and base not in excluded taxonomy,r1.6 taxonomy v1,r1.6-taxonomy-v1,True,True
spot,HMSTRBNB,HMSTRBNB,UNKNOWN,non-USDT quote,archive symbol spelling,r1.6-taxonomy-v1,False,False
spot,HMSTRFDUSD,HMSTRFDUSD,UNKNOWN,non-USDT quote,archive symbol spelling,r1.6-taxonomy-v1,False,False
spot,HMSTRTRY,HMSTRTRY,UNKNOWN,non-USDT quote,archive symbol spelling,r1.6-taxonomy-v1,False,False
spot,HMSTRUSDC,HMSTRUSDC,UNKNOWN,non-USDT quote,archive symbol spelling,r1.6-taxonomy-v1,False,False
spot,HMSTRUSDT,HMSTR,CRYPTO,USDT quote and base not in excluded taxonomy,r1.6 taxonomy v1,r1.6-taxonomy-v1,True,True
spot,HNTBTC,HNTBTC,UNKNOWN,non-USDT quote,archive symbol spelling,r1.6-taxonomy-v1,False,False
spot,HNTBUSD,HNTBUSD,UNKNOWN,non-USDT quote,archive symbol spelling,r1.6-taxonomy-v1,False,False
spot,HNTUSDT,HNT,CRYPTO,USDT quote and base not in excluded taxonomy,r1.6 taxonomy v1,r1.6-taxonomy-v1,True,True
spot,HOLOBNB,HOLOBNB,UNKNOWN,non-USDT quote,archive symbol spelling,r1.6-taxonomy-v1,False,False
spot,HOLOFDUSD,HOLOFDUSD,UNKNOWN,non-USDT quote,archive symbol spelling,r1.6-taxonomy-v1,False,False
spot,HOLOTRY,HOLOTRY,UNKNOWN,non-USDT quote,archive symbol spelling,r1.6-taxonomy-v1,False,False
spot,HOLOUSDC,HOLOUSDC,UNKNOWN,non-USDT quote,archive symbol spelling,r1.6-taxonomy-v1,False,False
spot,HOLOUSDT,HOLO,CRYPTO,USDT quote and base not in excluded taxonomy,r1.6 taxonomy v1,r1.6-taxonomy-v1,True,True
spot,HOMEBNB,HOMEBNB,UNKNOWN,non-USDT quote,archive symbol spelling,r1.6-taxonomy-v1,False,False
spot,HOMEFDUSD,HOMEFDUSD,UNKNOWN,non-USDT quote,archive symbol spelling,r1.6-taxonomy-v1,False,False
spot,HOMETRY,HOMETRY,UNKNOWN,non-USDT quote,archive symbol spelling,r1.6-taxonomy-v1,False,False
spot,HOMEUSDC,HOMEUSDC,UNKNOWN,non-USDT quote,archive symbol spelling,r1.6-taxonomy-v1,False,False
spot,HOMEUSDT,HOME,CRYPTO,USDT quote and base not in excluded taxonomy,r1.6 taxonomy v1,r1.6-taxonomy-v1,True,True
spot,HOODBUSDT,HOODB,CRYPTO,USDT quote and base not in excluded taxonomy,r1.6 taxonomy v1,r1.6-taxonomy-v1,True,True
spot,HOOKBNB,HOOKBNB,UNKNOWN,non-USDT quote,archive symbol spelling,r1.6-taxonomy-v1,False,False
spot,HOOKBTC,HOOKBTC,UNKNOWN,non-USDT quote,archive symbol spelling,r1.6-taxonomy-v1,False,False
spot,HOOKBUSD,HOOKBUSD,UNKNOWN,non-USDT quote,archive symbol spelling,r1.6-taxonomy-v1,False,False
spot,HOOKUSDT,HOOK,CRYPTO,USDT quote and base not in excluded taxonomy,r1.6 taxonomy v1,r1.6-taxonomy-v1,True,True
spot,HOTBNB,HOTBNB,UNKNOWN,non-USDT quote,archive symbol spelling,r1.6-taxonomy-v1,False,False
spot,HOTBRL,HOTBRL,UNKNOWN,non-USDT quote,archive symbol spelling,r1.6-taxonomy-v1,False,False
spot,HOTBTC,HOTBTC,UNKNOWN,non-USDT quote,archive symbol spelling,r1.6-taxonomy-v1,False,False
spot,HOTBUSD,HOTBUSD,UNKNOWN,non-USDT quote,archive symbol spelling,r1.6-taxonomy-v1,False,False
spot,HOTETH,HOTETH,UNKNOWN,non-USDT quote,archive symbol spelling,r1.6-taxonomy-v1,False,False
spot,HOTEUR,HOTEUR,UNKNOWN,non-USDT quote,archive symbol spelling,r1.6-taxonomy-v1,False,False
spot,HOTTRY,HOTTRY,UNKNOWN,non-USDT quote,archive symbol spelling,r1.6-taxonomy-v1,False,False
spot,HOTUSDT,HOT,CRYPTO,USDT quote and base not in excluded taxonomy,r1.6 taxonomy v1,r1.6-taxonomy-v1,True,True
spot,HSRBTC,HSRBTC,UNKNOWN,non-USDT quote,archive symbol spelling,r1.6-taxonomy-v1,False,False
spot,HSRETH,HSRETH,UNKNOWN,non-USDT quote,archive symbol spelling,r1.6-taxonomy-v1,False,False
spot,HUMABNB,HUMABNB,UNKNOWN,non-USDT quote,archive symbol spelling,r1.6-taxonomy-v1,False,False
spot,HUMAFDUSD,HUMAFDUSD,UNKNOWN,non-USDT quote,archive symbol spelling,r1.6-taxonomy-v1,False,False
spot,HUMATRY,HUMATRY,UNKNOWN,non-USDT quote,archive symbol spelling,r1.6-taxonomy-v1,False,False
spot,HUMAUSDC,HUMAUSDC,UNKNOWN,non-USDT quote,archive symbol spelling,r1.6-taxonomy-v1,False,False
spot,HUMAUSDT,HUMA,CRYPTO,USDT quote and base not in excluded taxonomy,r1.6 taxonomy v1,r1.6-taxonomy-v1,True,True
spot,HYPERBNB,HYPERBNB,UNKNOWN,non-USDT quote,archive symbol spelling,r1.6-taxonomy-v1,False,False
spot,HYPERFDUSD,HYPERFDUSD,UNKNOWN,non-USDT quote,archive symbol spelling,r1.6-taxonomy-v1,False,False
spot,HYPERTRY,HYPERTRY,UNKNOWN,non-USDT quote,archive symbol spelling,r1.6-taxonomy-v1,False,False
spot,HYPERUSDC,HYPERUSDC,UNKNOWN,non-USDT quote,archive symbol spelling,r1.6-taxonomy-v1,False,False
spot,HYPERUSDT,HYPER,CRYPTO,USDT quote and base not in excluded taxonomy,r1.6 taxonomy v1,r1.6-taxonomy-v1,True,True
spot,IBMBUSDT,IBMB,CRYPTO,USDT quote and base not in excluded taxonomy,r1.6 taxonomy v1,r1.6-taxonomy-v1,True,True
spot,ICNBTC,ICNBTC,UNKNOWN,non-USDT quote,archive symbol spelling,r1.6-taxonomy-v1,False,False
spot,ICNETH,ICNETH,UNKNOWN,non-USDT quote,archive symbol spelling,r1.6-taxonomy-v1,False,False
spot,ICPBNB,ICPBNB,UNKNOWN,non-USDT quote,archive symbol spelling,r1.6-taxonomy-v1,False,False
spot,ICPBTC,ICPBTC,UNKNOWN,non-USDT quote,archive symbol spelling,r1.6-taxonomy-v1,False,False
spot,ICPBUSD,ICPBUSD,UNKNOWN,non-USDT quote,archive symbol spelling,r1.6-taxonomy-v1,False,False
spot,ICPETH,ICPETH,UNKNOWN,non-USDT quote,archive symbol spelling,r1.6-taxonomy-v1,False,False
spot,ICPEUR,ICPEUR,UNKNOWN,non-USDT quote,archive symbol spelling,r1.6-taxonomy-v1,False,False
spot,ICPFDUSD,ICPFDUSD,UNKNOWN,non-USDT quote,archive symbol spelling,r1.6-taxonomy-v1,False,False
spot,ICPRUB,ICPRUB,UNKNOWN,non-USDT quote,archive symbol spelling,r1.6-taxonomy-v1,False,False
spot,ICPTRY,ICPTRY,UNKNOWN,non-USDT quote,archive symbol spelling,r1.6-taxonomy-v1,False,False
spot,ICPUSDC,ICPUSDC,UNKNOWN,non-USDT quote,archive symbol spelling,r1.6-taxonomy-v1,False,False
spot,ICPUSDT,ICP,CRYPTO,USDT quote and base not in excluded taxonomy,r1.6 taxonomy v1,r1.6-taxonomy-v1,True,True
spot,ICXBNB,ICXBNB,UNKNOWN,non-USDT quote,archive symbol spelling,r1.6-taxonomy-v1,False,False
spot,ICXBTC,ICXBTC,UNKNOWN,non-USDT quote,archive symbol spelling,r1.6-taxonomy-v1,False,False
spot,ICXBUSD,ICXBUSD,UNKNOWN,non-USDT quote,archive symbol spelling,r1.6-taxonomy-v1,False,False
spot,ICXETH,ICXETH,UNKNOWN,non-USDT quote,archive symbol spelling,r1.6-taxonomy-v1,False,False
spot,ICXUSDT,ICX,CRYPTO,USDT quote and base not in excluded taxonomy,r1.6 taxonomy v1,r1.6-taxonomy-v1,True,True
spot,IDBNB,IDBNB,UNKNOWN,non-USDT quote,archive symbol spelling,r1.6-taxonomy-v1,False,False
spot,IDBTC,IDBTC,UNKNOWN,non-USDT quote,archive symbol spelling,r1.6-taxonomy-v1,False,False
spot,IDEUR,IDEUR,UNKNOWN,non-USDT quote,archive symbol spelling,r1.6-taxonomy-v1,False,False
spot,IDEXBNB,IDEXBNB,UNKNOWN,non-USDT quote,archive symbol spelling,r1.6-taxonomy-v1,False,False
spot,IDEXBTC,IDEXBTC,UNKNOWN,non-USDT quote,archive symbol spelling,r1.6-taxonomy-v1,False,False
spot,IDEXBUSD,IDEXBUSD,UNKNOWN,non-USDT quote,archive symbol spelling,r1.6-taxonomy-v1,False,False
spot,IDEXFDUSD,IDEXFDUSD,UNKNOWN,non-USDT quote,archive symbol spelling,r1.6-taxonomy-v1,False,False
spot,IDEXUSDC,IDEXUSDC,UNKNOWN,non-USDT quote,archive symbol spelling,r1.6-taxonomy-v1,False,False
spot,IDEXUSDT,IDEX,CRYPTO,USDT quote and base not in excluded taxonomy,r1.6 taxonomy v1,r1.6-taxonomy-v1,True,True
spot,IDTRY,IDTRY,UNKNOWN,non-USDT quote,archive symbol spelling,r1.6-taxonomy-v1,False,False
spot,IDTUSD,IDTUSD,UNKNOWN,non-USDT quote,archive symbol spelling,r1.6-taxonomy-v1,False,False
spot,IDUSDT,ID,CRYPTO,USDT quote and base not in excluded taxonomy,r1.6 taxonomy v1,r1.6-taxonomy-v1,True,True
spot,ILVBNB,ILVBNB,UNKNOWN,non-USDT quote,archive symbol spelling,r1.6-taxonomy-v1,False,False
spot,ILVBTC,ILVBTC,UNKNOWN,non-USDT quote,archive symbol spelling,r1.6-taxonomy-v1,False,False
spot,ILVBUSD,ILVBUSD,UNKNOWN,non-USDT quote,archive symbol spelling,r1.6-taxonomy-v1,False,False
spot,ILVUSDC,ILVUSDC,UNKNOWN,non-USDT quote,archive symbol spelling,r1.6-taxonomy-v1,False,False
spot,ILVUSDT,ILV,CRYPTO,USDT quote and base not in excluded taxonomy,r1.6 taxonomy v1,r1.6-taxonomy-v1,True,True
spot,IMXBNB,IMXBNB,UNKNOWN,non-USDT quote,archive symbol spelling,r1.6-taxonomy-v1,False,False
spot,IMXBTC,IMXBTC,UNKNOWN,non-USDT quote,archive symbol spelling,r1.6-taxonomy-v1,False,False
spot,IMXBUSD,IMXBUSD,UNKNOWN,non-USDT quote,archive symbol spelling,r1.6-taxonomy-v1,False,False
spot,IMXTRY,IMXTRY,UNKNOWN,non-USDT quote,archive symbol spelling,r1.6-taxonomy-v1,False,False
spot,IMXUSDC,IMXUSDC,UNKNOWN,non-USDT quote,archive symbol spelling,r1.6-taxonomy-v1,False,False
spot,IMXUSDT,IMX,CRYPTO,USDT quote and base not in excluded taxonomy,r1.6 taxonomy v1,r1.6-taxonomy-v1,True,True
spot,INITBNB,INITBNB,UNKNOWN,non-USDT quote,archive symbol spelling,r1.6-taxonomy-v1,False,False
spot,INITFDUSD,INITFDUSD,UNKNOWN,non-USDT quote,archive symbol spelling,r1.6-taxonomy-v1,False,False
spot,INITTRY,INITTRY,UNKNOWN,non-USDT quote,archive symbol spelling,r1.6-taxonomy-v1,False,False
spot,INITUSDC,INITUSDC,UNKNOWN,non-USDT quote,archive symbol spelling,r1.6-taxonomy-v1,False,False
spot,INITUSDT,INIT,CRYPTO,USDT quote and base not in excluded taxonomy,r1.6 taxonomy v1,r1.6-taxonomy-v1,True,True
spot,INJBNB,INJBNB,UNKNOWN,non-USDT quote,archive symbol spelling,r1.6-taxonomy-v1,False,False
spot,INJBTC,INJBTC,UNKNOWN,non-USDT quote,archive symbol spelling,r1.6-taxonomy-v1,False,False
spot,INJBUSD,INJBUSD,UNKNOWN,non-USDT quote,archive symbol spelling,r1.6-taxonomy-v1,False,False
spot,INJETH,INJETH,UNKNOWN,non-USDT quote,archive symbol spelling,r1.6-taxonomy-v1,False,False
spot,INJFDUSD,INJFDUSD,UNKNOWN,non-USDT quote,archive symbol spelling,r1.6-taxonomy-v1,False,False
spot,INJTRY,INJTRY,UNKNOWN,non-USDT quote,archive symbol spelling,r1.6-taxonomy-v1,False,False
spot,INJTUSD,INJTUSD,UNKNOWN,non-USDT quote,archive symbol spelling,r1.6-taxonomy-v1,False,False
spot,INJUSDC,INJUSDC,UNKNOWN,non-USDT quote,archive symbol spelling,r1.6-taxonomy-v1,False,False
spot,INJUSDT,INJ,CRYPTO,USDT quote and base not in excluded taxonomy,r1.6 taxonomy v1,r1.6-taxonomy-v1,True,True
spot,INSBTC,INSBTC,UNKNOWN,non-USDT quote,archive symbol spelling,r1.6-taxonomy-v1,False,False
spot,INSETH,INSETH,UNKNOWN,non-USDT quote,archive symbol spelling,r1.6-taxonomy-v1,False,False
spot,INTCBUSDT,INTCB,CRYPTO,USDT quote and base not in excluded taxonomy,r1.6 taxonomy v1,r1.6-taxonomy-v1,True,True
spot,INTWBUSDT,INTWB,CRYPTO,USDT quote and base not in excluded taxonomy,r1.6 taxonomy v1,r1.6-taxonomy-v1,True,True
spot,IOBNB,IOBNB,UNKNOWN,non-USDT quote,archive symbol spelling,r1.6-taxonomy-v1,False,False
spot,IOBTC,IOBTC,UNKNOWN,non-USDT quote,archive symbol spelling,r1.6-taxonomy-v1,False,False
spot,IOFDUSD,IOFDUSD,UNKNOWN,non-USDT quote,archive symbol spelling,r1.6-taxonomy-v1,False,False
spot,IOSTBNB,IOSTBNB,UNKNOWN,non-USDT quote,archive symbol spelling,r1.6-taxonomy-v1,False,False
spot,IOSTBTC,IOSTBTC,UNKNOWN,non-USDT quote,archive symbol spelling,r1.6-taxonomy-v1,False,False
spot,IOSTBUSD,IOSTBUSD,UNKNOWN,non-USDT quote,archive symbol spelling,r1.6-taxonomy-v1,False,False
spot,IOSTETH,IOSTETH,UNKNOWN,non-USDT quote,archive symbol spelling,r1.6-taxonomy-v1,False,False
spot,IOSTUSDT,IOST,CRYPTO,USDT quote and base not in excluded taxonomy,r1.6 taxonomy v1,r1.6-taxonomy-v1,True,True
spot,IOTABNB,IOTABNB,UNKNOWN,non-USDT quote,archive symbol spelling,r1.6-taxonomy-v1,False,False
spot,IOTABTC,IOTABTC,UNKNOWN,non-USDT quote,archive symbol spelling,r1.6-taxonomy-v1,False,False
spot,IOTABUSD,IOTABUSD,UNKNOWN,non-USDT quote,archive symbol spelling,r1.6-taxonomy-v1,False,False
spot,IOTAETH,IOTAETH,UNKNOWN,non-USDT quote,archive symbol spelling,r1.6-taxonomy-v1,False,False
spot,IOTAFDUSD,IOTAFDUSD,UNKNOWN,non-USDT quote,archive symbol spelling,r1.6-taxonomy-v1,False,False
spot,IOTATRY,IOTATRY,UNKNOWN,non-USDT quote,archive symbol spelling,r1.6-taxonomy-v1,False,False
spot,IOTAUSDC,IOTAUSDC,UNKNOWN,non-USDT quote,archive symbol spelling,r1.6-taxonomy-v1,False,False
spot,IOTAUSDT,IOTA,CRYPTO,USDT quote and base not in excluded taxonomy,r1.6 taxonomy v1,r1.6-taxonomy-v1,True,True
spot,IOTRY,IOTRY,UNKNOWN,non-USDT quote,archive symbol spelling,r1.6-taxonomy-v1,False,False
spot,IOTXBTC,IOTXBTC,UNKNOWN,non-USDT quote,archive symbol spelling,r1.6-taxonomy-v1,False,False
spot,IOTXBUSD,IOTXBUSD,UNKNOWN,non-USDT quote,archive symbol spelling,r1.6-taxonomy-v1,False,False
spot,IOTXETH,IOTXETH,UNKNOWN,non-USDT quote,archive symbol spelling,r1.6-taxonomy-v1,False,False
spot,IOTXJPY,IOTXJPY,UNKNOWN,non-USDT quote,archive symbol spelling,r1.6-taxonomy-v1,False,False
spot,IOTXUSDT,IOTX,CRYPTO,USDT quote and base not in excluded taxonomy,r1.6 taxonomy v1,r1.6-taxonomy-v1,True,True
spot,IOUSDC,IOUSDC,UNKNOWN,non-USDT quote,archive symbol spelling,r1.6-taxonomy-v1,False,False
spot,IOUSDT,IO,CRYPTO,USDT quote and base not in excluded taxonomy,r1.6 taxonomy v1,r1.6-taxonomy-v1,True,True
spot,IQBNB,IQBNB,UNKNOWN,non-USDT quote,archive symbol spelling,r1.6-taxonomy-v1,False,False
spot,IQBUSD,IQBUSD,UNKNOWN,non-USDT quote,archive symbol spelling,r1.6-taxonomy-v1,False,False
spot,IQUSDT,IQ,CRYPTO,USDT quote and base not in excluded taxonomy,r1.6 taxonomy v1,r1.6-taxonomy-v1,True,True
spot,IRISBNB,IRISBNB,UNKNOWN,non-USDT quote,archive symbol spelling,r1.6-taxonomy-v1,False,False
spot,IRISBTC,IRISBTC,UNKNOWN,non-USDT quote,archive symbol spelling,r1.6-taxonomy-v1,False,False
spot,IRISBUSD,IRISBUSD,UNKNOWN,non-USDT quote,archive symbol spelling,r1.6-taxonomy-v1,False,False
spot,IRISUSDT,IRIS,CRYPTO,USDT quote and base not in excluded taxonomy,r1.6 taxonomy v1,r1.6-taxonomy-v1,True,True
spot,JASMYBNB,JASMYBNB,UNKNOWN,non-USDT quote,archive symbol spelling,r1.6-taxonomy-v1,False,False
spot,JASMYBTC,JASMYBTC,UNKNOWN,non-USDT quote,archive symbol spelling,r1.6-taxonomy-v1,False,False
spot,JASMYBUSD,JASMYBUSD,UNKNOWN,non-USDT quote,archive symbol spelling,r1.6-taxonomy-v1,False,False
spot,JASMYETH,JASMYETH,UNKNOWN,non-USDT quote,archive symbol spelling,r1.6-taxonomy-v1,False,False
spot,JASMYEUR,JASMYEUR,UNKNOWN,non-USDT quote,archive symbol spelling,r1.6-taxonomy-v1,False,False
spot,JASMYTRY,JASMYTRY,UNKNOWN,non-USDT quote,archive symbol spelling,r1.6-taxonomy-v1,False,False
spot,JASMYUSDT,JASMY,CRYPTO,USDT quote and base not in excluded taxonomy,r1.6 taxonomy v1,r1.6-taxonomy-v1,True,True
spot,JOEBTC,JOEBTC,UNKNOWN,non-USDT quote,archive symbol spelling,r1.6-taxonomy-v1,False,False
spot,JOEBUSD,JOEBUSD,UNKNOWN,non-USDT quote,archive symbol spelling,r1.6-taxonomy-v1,False,False
spot,JOETRY,JOETRY,UNKNOWN,non-USDT quote,archive symbol spelling,r1.6-taxonomy-v1,False,False
spot,JOEUSDT,JOE,CRYPTO,USDT quote and base not in excluded taxonomy,r1.6 taxonomy v1,r1.6-taxonomy-v1,True,True
spot,JSTBNB,JSTBNB,UNKNOWN,non-USDT quote,archive symbol spelling,r1.6-taxonomy-v1,False,False
spot,JSTBTC,JSTBTC,UNKNOWN,non-USDT quote,archive symbol spelling,r1.6-taxonomy-v1,False,False
spot,JSTBUSD,JSTBUSD,UNKNOWN,non-USDT quote,archive symbol spelling,r1.6-taxonomy-v1,False,False
spot,JSTUSDT,JST,CRYPTO,USDT quote and base not in excluded taxonomy,r1.6 taxonomy v1,r1.6-taxonomy-v1,True,True
spot,JTOFDUSD,JTOFDUSD,UNKNOWN,non-USDT quote,archive symbol spelling,r1.6-taxonomy-v1,False,False
spot,JTOTRY,JTOTRY,UNKNOWN,non-USDT quote,archive symbol spelling,r1.6-taxonomy-v1,False,False
spot,JTOUSDC,JTOUSDC,UNKNOWN,non-USDT quote,archive symbol spelling,r1.6-taxonomy-v1,False,False
spot,JTOUSDT,JTO,CRYPTO,USDT quote and base not in excluded taxonomy,r1.6 taxonomy v1,r1.6-taxonomy-v1,True,True
spot,JUPFDUSD,JUPFDUSD,UNKNOWN,non-USDT quote,archive symbol spelling,r1.6-taxonomy-v1,False,False
spot,JUPTRY,JUPTRY,UNKNOWN,non-USDT quote,archive symbol spelling,r1.6-taxonomy-v1,False,False
spot,JUPUSDC,JUPUSDC,UNKNOWN,non-USDT quote,archive symbol spelling,r1.6-taxonomy-v1,False,False
spot,JUPUSDT,JUP,LEVERAGED_OR_SYNTHETIC,leveraged-token suffix,archive symbol policy,r1.6-taxonomy-v1,False,True
spot,JUVBTC,JUVBTC,UNKNOWN,non-USDT quote,archive symbol spelling,r1.6-taxonomy-v1,False,False
spot,JUVBUSD,JUVBUSD,UNKNOWN,non-USDT quote,archive symbol spelling,r1.6-taxonomy-v1,False,False
spot,JUVTRY,JUVTRY,UNKNOWN,non-USDT quote,archive symbol spelling,r1.6-taxonomy-v1,False,False
spot,JUVUSDC,JUVUSDC,UNKNOWN,non-USDT quote,archive symbol spelling,r1.6-taxonomy-v1,False,False
spot,JUVUSDT,JUV,CRYPTO,USDT quote and base not in excluded taxonomy,r1.6 taxonomy v1,r1.6-taxonomy-v1,True,True
spot,KAIAUSDC,KAIAUSDC,UNKNOWN,non-USDT quote,archive symbol spelling,r1.6-taxonomy-v1,False,False
spot,KAIAUSDT,KAIA,CRYPTO,USDT quote and base not in excluded taxonomy,r1.6 taxonomy v1,r1.6-taxonomy-v1,True,True
spot,KAITOBNB,KAITOBNB,UNKNOWN,non-USDT quote,archive symbol spelling,r1.6-taxonomy-v1,False,False
spot,KAITOBRL,KAITOBRL,UNKNOWN,non-USDT quote,archive symbol spelling,r1.6-taxonomy-v1,False,False
spot,KAITOBTC,KAITOBTC,UNKNOWN,non-USDT quote,archive symbol spelling,r1.6-taxonomy-v1,False,False
spot,KAITOFDUSD,KAITOFDUSD,UNKNOWN,non-USDT quote,archive symbol spelling,r1.6-taxonomy-v1,False,False
spot,KAITOTRY,KAITOTRY,UNKNOWN,non-USDT quote,archive symbol spelling,r1.6-taxonomy-v1,False,False
spot,KAITOUSDC,KAITOUSDC,UNKNOWN,non-USDT quote,archive symbol spelling,r1.6-taxonomy-v1,False,False
spot,KAITOUSDT,KAITO,CRYPTO,USDT quote and base not in excluded taxonomy,r1.6 taxonomy v1,r1.6-taxonomy-v1,True,True
spot,KATTRY,KATTRY,UNKNOWN,non-USDT quote,archive symbol spelling,r1.6-taxonomy-v1,False,False
spot,KATU,KATU,UNKNOWN,non-USDT quote,archive symbol spelling,r1.6-taxonomy-v1,False,False
spot,KATUSDC,KATUSDC,UNKNOWN,non-USDT quote,archive symbol spelling,r1.6-taxonomy-v1,False,False
spot,KATUSDT,KAT,CRYPTO,USDT quote and base not in excluded taxonomy,r1.6 taxonomy v1,r1.6-taxonomy-v1,True,True
spot,KAVABNB,KAVABNB,UNKNOWN,non-USDT quote,archive symbol spelling,r1.6-taxonomy-v1,False,False
spot,KAVABTC,KAVABTC,UNKNOWN,non-USDT quote,archive symbol spelling,r1.6-taxonomy-v1,False,False
spot,KAVABUSD,KAVABUSD,UNKNOWN,non-USDT quote,archive symbol spelling,r1.6-taxonomy-v1,False,False
spot,KAVAETH,KAVAETH,UNKNOWN,non-USDT quote,archive symbol spelling,r1.6-taxonomy-v1,False,False
spot,KAVAUSDT,KAVA,CRYPTO,USDT quote and base not in excluded taxonomy,r1.6 taxonomy v1,r1.6-taxonomy-v1,True,True
spot,KDABTC,KDABTC,UNKNOWN,non-USDT quote,archive symbol spelling,r1.6-taxonomy-v1,False,False
spot,KDABUSD,KDABUSD,UNKNOWN,non-USDT quote,archive symbol spelling,r1.6-taxonomy-v1,False,False
spot,KDAUSDT,KDA,CRYPTO,USDT quote and base not in excluded taxonomy,r1.6 taxonomy v1,r1.6-taxonomy-v1,True,True
spot,KEEPBNB,KEEPBNB,UNKNOWN,non-USDT quote,archive symbol spelling,r1.6-taxonomy-v1,False,False
spot,KEEPBTC,KEEPBTC,UNKNOWN,non-USDT quote,archive symbol spelling,r1.6-taxonomy-v1,False,False
spot,KEEPBUSD,KEEPBUSD,UNKNOWN,non-USDT quote,archive symbol spelling,r1.6-taxonomy-v1,False,False
spot,KEEPUSDT,KEEP,CRYPTO,USDT quote and base not in excluded taxonomy,r1.6 taxonomy v1,r1.6-taxonomy-v1,True,True
spot,KERNELBNB,KERNELBNB,UNKNOWN,non-USDT quote,archive symbol spelling,r1.6-taxonomy-v1,False,False
spot,KERNELFDUSD,KERNELFDUSD,UNKNOWN,non-USDT quote,archive symbol spelling,r1.6-taxonomy-v1,False,False
spot,KERNELTRY,KERNELTRY,UNKNOWN,non-USDT quote,archive symbol spelling,r1.6-taxonomy-v1,False,False
spot,KERNELUSDC,KERNELUSDC,UNKNOWN,non-USDT quote,archive symbol spelling,r1.6-taxonomy-v1,False,False
spot,KERNELUSDT,KERNEL,CRYPTO,USDT quote and base not in excluded taxonomy,r1.6 taxonomy v1,r1.6-taxonomy-v1,True,True
spot,KEYBTC,KEYBTC,UNKNOWN,non-USDT quote,archive symbol spelling,r1.6-taxonomy-v1,False,False
spot,KEYBUSD,KEYBUSD,UNKNOWN,non-USDT quote,archive symbol spelling,r1.6-taxonomy-v1,False,False
spot,KEYETH,KEYETH,UNKNOWN,non-USDT quote,archive symbol spelling,r1.6-taxonomy-v1,False,False
spot,KEYUSDT,KEY,CRYPTO,USDT quote and base not in excluded taxonomy,r1.6 taxonomy v1,r1.6-taxonomy-v1,True,True
spot,KGSTU,KGSTU,UNKNOWN,non-USDT quote,archive symbol spelling,r1.6-taxonomy-v1,False,False
spot,KGSTUSDT,KGST,CRYPTO,USDT quote and base not in excluded taxonomy,r1.6 taxonomy v1,r1.6-taxonomy-v1,True,True
spot,KITEBNB,KITEBNB,UNKNOWN,non-USDT quote,archive symbol spelling,r1.6-taxonomy-v1,False,False
spot,KITETRY,KITETRY,UNKNOWN,non-USDT quote,archive symbol spelling,r1.6-taxonomy-v1,False,False
spot,KITEUSDC,KITEUSDC,UNKNOWN,non-USDT quote,archive symbol spelling,r1.6-taxonomy-v1,False,False
spot,KITEUSDT,KITE,CRYPTO,USDT quote and base not in excluded taxonomy,r1.6 taxonomy v1,r1.6-taxonomy-v1,True,True
spot,KLAYBNB,KLAYBNB,UNKNOWN,non-USDT quote,archive symbol spelling,r1.6-taxonomy-v1,False,False
spot,KLAYBTC,KLAYBTC,UNKNOWN,non-USDT quote,archive symbol spelling,r1.6-taxonomy-v1,False,False
spot,KLAYBUSD,KLAYBUSD,UNKNOWN,non-USDT quote,archive symbol spelling,r1.6-taxonomy-v1,False,False
spot,KLAYUSDT,KLAY,CRYPTO,USDT quote and base not in excluded taxonomy,r1.6 taxonomy v1,r1.6-taxonomy-v1,True,True
spot,KMDBTC,KMDBTC,UNKNOWN,non-USDT quote,archive symbol spelling,r1.6-taxonomy-v1,False,False
spot,KMDBUSD,KMDBUSD,UNKNOWN,non-USDT quote,archive symbol spelling,r1.6-taxonomy-v1,False,False
spot,KMDETH,KMDETH,UNKNOWN,non-USDT quote,archive symbol spelling,r1.6-taxonomy-v1,False,False
spot,KMDUSDT,KMD,CRYPTO,USDT quote and base not in excluded taxonomy,r1.6 taxonomy v1,r1.6-taxonomy-v1,True,True
spot,KMNOUSDC,KMNOUSDC,UNKNOWN,non-USDT quote,archive symbol spelling,r1.6-taxonomy-v1,False,False
spot,KMNOUSDT,KMNO,CRYPTO,USDT quote and base not in excluded taxonomy,r1.6 taxonomy v1,r1.6-taxonomy-v1,True,True
spot,KNCBNB,KNCBNB,UNKNOWN,non-USDT quote,archive symbol spelling,r1.6-taxonomy-v1,False,False
spot,KNCBTC,KNCBTC,UNKNOWN,non-USDT quote,archive symbol spelling,r1.6-taxonomy-v1,False,False
spot,KNCBUSD,KNCBUSD,UNKNOWN,non-USDT quote,archive symbol spelling,r1.6-taxonomy-v1,False,False
spot,KNCETH,KNCETH,UNKNOWN,non-USDT quote,archive symbol spelling,r1.6-taxonomy-v1,False,False
spot,KNCUSDT,KNC,CRYPTO,USDT quote and base not in excluded taxonomy,r1.6 taxonomy v1,r1.6-taxonomy-v1,True,True
spot,KORUBUSDT,KORUB,CRYPTO,USDT quote and base not in excluded taxonomy,r1.6 taxonomy v1,r1.6-taxonomy-v1,True,True
spot,KP3RBNB,KP3RBNB,UNKNOWN,non-USDT quote,archive symbol spelling,r1.6-taxonomy-v1,False,False
spot,KP3RBUSD,KP3RBUSD,UNKNOWN,non-USDT quote,archive symbol spelling,r1.6-taxonomy-v1,False,False
spot,KP3RUSDT,KP3R,CRYPTO,USDT quote and base not in excluded taxonomy,r1.6 taxonomy v1,r1.6-taxonomy-v1,True,True
spot,KSMAUD,KSMAUD,UNKNOWN,non-USDT quote,archive symbol spelling,r1.6-taxonomy-v1,False,False
spot,KSMBNB,KSMBNB,UNKNOWN,non-USDT quote,archive symbol spelling,r1.6-taxonomy-v1,False,False
spot,KSMBTC,KSMBTC,UNKNOWN,non-USDT quote,archive symbol spelling,r1.6-taxonomy-v1,False,False
spot,KSMBUSD,KSMBUSD,UNKNOWN,non-USDT quote,archive symbol spelling,r1.6-taxonomy-v1,False,False
spot,KSMETH,KSMETH,UNKNOWN,non-USDT quote,archive symbol spelling,r1.6-taxonomy-v1,False,False
spot,KSMTRY,KSMTRY,UNKNOWN,non-USDT quote,archive symbol spelling,r1.6-taxonomy-v1,False,False
spot,KSMUSDT,KSM,CRYPTO,USDT quote and base not in excluded taxonomy,r1.6 taxonomy v1,r1.6-taxonomy-v1,True,True
spot,LABNB,LABNB,UNKNOWN,non-USDT quote,archive symbol spelling,r1.6-taxonomy-v1,False,False
spot,LAFDUSD,LAFDUSD,UNKNOWN,non-USDT quote,archive symbol spelling,r1.6-taxonomy-v1,False,False
spot,LATRY,LATRY,UNKNOWN,non-USDT quote,archive symbol spelling,r1.6-taxonomy-v1,False,False
spot,LAUSDC,LAUSDC,UNKNOWN,non-USDT quote,archive symbol spelling,r1.6-taxonomy-v1,False,False
spot,LAUSDT,LA,CRYPTO,USDT quote and base not in excluded taxonomy,r1.6 taxonomy v1,r1.6-taxonomy-v1,True,True
spot,LAYERBNB,LAYERBNB,UNKNOWN,non-USDT quote,archive symbol spelling,r1.6-taxonomy-v1,False,False
spot,LAYERBTC,LAYERBTC,UNKNOWN,non-USDT quote,archive symbol spelling,r1.6-taxonomy-v1,False,False
spot,LAYERFDUSD,LAYERFDUSD,UNKNOWN,non-USDT quote,archive symbol spelling,r1.6-taxonomy-v1,False,False
spot,LAYERTRY,LAYERTRY,UNKNOWN,non-USDT quote,archive symbol spelling,r1.6-taxonomy-v1,False,False
spot,LAYERUSDC,LAYERUSDC,UNKNOWN,non-USDT quote,archive symbol spelling,r1.6-taxonomy-v1,False,False
spot,LAYERUSDT,LAYER,CRYPTO,USDT quote and base not in excluded taxonomy,r1.6 taxonomy v1,r1.6-taxonomy-v1,True,True
spot,LAZIOBTC,LAZIOBTC,UNKNOWN,non-USDT quote,archive symbol spelling,r1.6-taxonomy-v1,False,False
spot,LAZIOBUSD,LAZIOBUSD,UNKNOWN,non-USDT quote,archive symbol spelling,r1.6-taxonomy-v1,False,False
spot,LAZIOEUR,LAZIOEUR,UNKNOWN,non-USDT quote,archive symbol spelling,r1.6-taxonomy-v1,False,False
spot,LAZIOTRY,LAZIOTRY,UNKNOWN,non-USDT quote,archive symbol spelling,r1.6-taxonomy-v1,False,False
spot,LAZIOUSDT,LAZIO,CRYPTO,USDT quote and base not in excluded taxonomy,r1.6 taxonomy v1,r1.6-taxonomy-v1,True,True
spot,LDOBTC,LDOBTC,UNKNOWN,non-USDT quote,archive symbol spelling,r1.6-taxonomy-v1,False,False
spot,LDOBUSD,LDOBUSD,UNKNOWN,non-USDT quote,archive symbol spelling,r1.6-taxonomy-v1,False,False
spot,LDOFDUSD,LDOFDUSD,UNKNOWN,non-USDT quote,archive symbol spelling,r1.6-taxonomy-v1,False,False
spot,LDOTRY,LDOTRY,UNKNOWN,non-USDT quote,archive symbol spelling,r1.6-taxonomy-v1,False,False
spot,LDOTUSD,LDOTUSD,UNKNOWN,non-USDT quote,archive symbol spelling,r1.6-taxonomy-v1,False,False
spot,LDOUSDC,LDOUSDC,UNKNOWN,non-USDT quote,archive symbol spelling,r1.6-taxonomy-v1,False,False
spot,LDOUSDT,LDO,CRYPTO,USDT quote and base not in excluded taxonomy,r1.6 taxonomy v1,r1.6-taxonomy-v1,True,True
spot,LENDBKRW,LENDBKRW,UNKNOWN,non-USDT quote,archive symbol spelling,r1.6-taxonomy-v1,False,False
spot,LENDBTC,LENDBTC,UNKNOWN,non-USDT quote,archive symbol spelling,r1.6-taxonomy-v1,False,False
spot,LENDBUSD,LENDBUSD,UNKNOWN,non-USDT quote,archive symbol spelling,r1.6-taxonomy-v1,False,False
spot,LENDETH,LENDETH,UNKNOWN,non-USDT quote,archive symbol spelling,r1.6-taxonomy-v1,False,False
spot,LENDUSDT,LEND,CRYPTO,USDT quote and base not in excluded taxonomy,r1.6 taxonomy v1,r1.6-taxonomy-v1,True,True
spot,LEVERBUSD,LEVERBUSD,UNKNOWN,non-USDT quote,archive symbol spelling,r1.6-taxonomy-v1,False,False
spot,LEVERTRY,LEVERTRY,UNKNOWN,non-USDT quote,archive symbol spelling,r1.6-taxonomy-v1,False,False
spot,LEVERUSDT,LEVER,CRYPTO,USDT quote and base not in excluded taxonomy,r1.6 taxonomy v1,r1.6-taxonomy-v1,True,True
spot,LINABNB,LINABNB,UNKNOWN,non-USDT quote,archive symbol spelling,r1.6-taxonomy-v1,False,False
spot,LINABTC,LINABTC,UNKNOWN,non-USDT quote,archive symbol spelling,r1.6-taxonomy-v1,False,False
spot,LINABUSD,LINABUSD,UNKNOWN,non-USDT quote,archive symbol spelling,r1.6-taxonomy-v1,False,False
spot,LINAUSDT,LINA,CRYPTO,USDT quote and base not in excluded taxonomy,r1.6 taxonomy v1,r1.6-taxonomy-v1,True,True
spot,LINEABNB,LINEABNB,UNKNOWN,non-USDT quote,archive symbol spelling,r1.6-taxonomy-v1,False,False
spot,LINEAFDUSD,LINEAFDUSD,UNKNOWN,non-USDT quote,archive symbol spelling,r1.6-taxonomy-v1,False,False
spot,LINEATRY,LINEATRY,UNKNOWN,non-USDT quote,archive symbol spelling,r1.6-taxonomy-v1,False,False
spot,LINEAUSDC,LINEAUSDC,UNKNOWN,non-USDT quote,archive symbol spelling,r1.6-taxonomy-v1,False,False
spot,LINEAUSDT,LINEA,CRYPTO,USDT quote and base not in excluded taxonomy,r1.6 taxonomy v1,r1.6-taxonomy-v1,True,True
spot,LINKAUD,LINKAUD,UNKNOWN,non-USDT quote,archive symbol spelling,r1.6-taxonomy-v1,False,False
spot,LINKBKRW,LINKBKRW,UNKNOWN,non-USDT quote,archive symbol spelling,r1.6-taxonomy-v1,False,False
spot,LINKBNB,LINKBNB,UNKNOWN,non-USDT quote,archive symbol spelling,r1.6-taxonomy-v1,False,False
spot,LINKBRL,LINKBRL,UNKNOWN,non-USDT quote,archive symbol spelling,r1.6-taxonomy-v1,False,False
spot,LINKBTC,LINKBTC,UNKNOWN,non-USDT quote,archive symbol spelling,r1.6-taxonomy-v1,False,False
spot,LINKBUSD,LINKBUSD,UNKNOWN,non-USDT quote,archive symbol spelling,r1.6-taxonomy-v1,False,False
spot,LINKDOWNUSDT,LINKDOWN,LEVERAGED_OR_SYNTHETIC,leveraged-token suffix,archive symbol policy,r1.6-taxonomy-v1,False,True
spot,LINKETH,LINKETH,UNKNOWN,non-USDT quote,archive symbol spelling,r1.6-taxonomy-v1,False,False
spot,LINKEUR,LINKEUR,UNKNOWN,non-USDT quote,archive symbol spelling,r1.6-taxonomy-v1,False,False
spot,LINKFDUSD,LINKFDUSD,UNKNOWN,non-USDT quote,archive symbol spelling,r1.6-taxonomy-v1,False,False
spot,LINKGBP,LINKGBP,UNKNOWN,non-USDT quote,archive symbol spelling,r1.6-taxonomy-v1,False,False
spot,LINKJPY,LINKJPY,UNKNOWN,non-USDT quote,archive symbol spelling,r1.6-taxonomy-v1,False,False
spot,LINKNGN,LINKNGN,UNKNOWN,non-USDT quote,archive symbol spelling,r1.6-taxonomy-v1,False,False
spot,LINKPAX,LINKPAX,UNKNOWN,non-USDT quote,archive symbol spelling,r1.6-taxonomy-v1,False,False
spot,LINKTRY,LINKTRY,UNKNOWN,non-USDT quote,archive symbol spelling,r1.6-taxonomy-v1,False,False
spot,LINKTUSD,LINKTUSD,UNKNOWN,non-USDT quote,archive symbol spelling,r1.6-taxonomy-v1,False,False
spot,LINKU,LINKU,UNKNOWN,non-USDT quote,archive symbol spelling,r1.6-taxonomy-v1,False,False
spot,LINKUPUSDT,LINKUP,LEVERAGED_OR_SYNTHETIC,leveraged-token suffix,archive symbol policy,r1.6-taxonomy-v1,False,True
spot,LINKUSD1,LINKUSD1,UNKNOWN,non-USDT quote,archive symbol spelling,r1.6-taxonomy-v1,False,False
spot,LINKUSDC,LINKUSDC,UNKNOWN,non-USDT quote,archive symbol spelling,r1.6-taxonomy-v1,False,False
spot,LINKUSDT,LINK,CRYPTO,USDT quote and base not in excluded taxonomy,r1.6 taxonomy v1,r1.6-taxonomy-v1,True,True
spot,LISTABNB,LISTABNB,UNKNOWN,non-USDT quote,archive symbol spelling,r1.6-taxonomy-v1,False,False
spot,LISTABRL,LISTABRL,UNKNOWN,non-USDT quote,archive symbol spelling,r1.6-taxonomy-v1,False,False
spot,LISTAFDUSD,LISTAFDUSD,UNKNOWN,non-USDT quote,archive symbol spelling,r1.6-taxonomy-v1,False,False
spot,LISTATRY,LISTATRY,UNKNOWN,non-USDT quote,archive symbol spelling,r1.6-taxonomy-v1,False,False
spot,LISTAUSDC,LISTAUSDC,UNKNOWN,non-USDT quote,archive symbol spelling,r1.6-taxonomy-v1,False,False
spot,LISTAUSDT,LISTA,CRYPTO,USDT quote and base not in excluded taxonomy,r1.6 taxonomy v1,r1.6-taxonomy-v1,True,True
spot,LITBTC,LITBTC,UNKNOWN,non-USDT quote,archive symbol spelling,r1.6-taxonomy-v1,False,False
spot,LITBUSD,LITBUSD,UNKNOWN,non-USDT quote,archive symbol spelling,r1.6-taxonomy-v1,False,False
spot,LITEBUSDT,LITEB,CRYPTO,USDT quote and base not in excluded taxonomy,r1.6 taxonomy v1,r1.6-taxonomy-v1,True,True
spot,LITETH,LITETH,UNKNOWN,non-USDT quote,archive symbol spelling,r1.6-taxonomy-v1,False,False
spot,LITUSDT,LIT,CRYPTO,USDT quote and base not in excluded taxonomy,r1.6 taxonomy v1,r1.6-taxonomy-v1,True,True
spot,LOKABNB,LOKABNB,UNKNOWN,non-USDT quote,archive symbol spelling,r1.6-taxonomy-v1,False,False
spot,LOKABTC,LOKABTC,UNKNOWN,non-USDT quote,archive symbol spelling,r1.6-taxonomy-v1,False,False
spot,LOKABUSD,LOKABUSD,UNKNOWN,non-USDT quote,archive symbol spelling,r1.6-taxonomy-v1,False,False
spot,LOKAUSDT,LOKA,CRYPTO,USDT quote and base not in excluded taxonomy,r1.6 taxonomy v1,r1.6-taxonomy-v1,True,True
spot,LOOMBNB,LOOMBNB,UNKNOWN,non-USDT quote,archive symbol spelling,r1.6-taxonomy-v1,False,False
spot,LOOMBTC,LOOMBTC,UNKNOWN,non-USDT quote,archive symbol spelling,r1.6-taxonomy-v1,False,False
spot,LOOMBUSD,LOOMBUSD,UNKNOWN,non-USDT quote,archive symbol spelling,r1.6-taxonomy-v1,False,False
spot,LOOMETH,LOOMETH,UNKNOWN,non-USDT quote,archive symbol spelling,r1.6-taxonomy-v1,False,False
spot,LOOMTRY,LOOMTRY,UNKNOWN,non-USDT quote,archive symbol spelling,r1.6-taxonomy-v1,False,False
spot,LOOMUSDT,LOOM,CRYPTO,USDT quote and base not in excluded taxonomy,r1.6 taxonomy v1,r1.6-taxonomy-v1,True,True
spot,LPTBNB,LPTBNB,UNKNOWN,non-USDT quote,archive symbol spelling,r1.6-taxonomy-v1,False,False
spot,LPTBTC,LPTBTC,UNKNOWN,non-USDT quote,archive symbol spelling,r1.6-taxonomy-v1,False,False
spot,LPTBUSD,LPTBUSD,UNKNOWN,non-USDT quote,archive symbol spelling,r1.6-taxonomy-v1,False,False
spot,LPTJPY,LPTJPY,UNKNOWN,non-USDT quote,archive symbol spelling,r1.6-taxonomy-v1,False,False
spot,LPTTRY,LPTTRY,UNKNOWN,non-USDT quote,archive symbol spelling,r1.6-taxonomy-v1,False,False
spot,LPTUSDC,LPTUSDC,UNKNOWN,non-USDT quote,archive symbol spelling,r1.6-taxonomy-v1,False,False
spot,LPTUSDT,LPT,CRYPTO,USDT quote and base not in excluded taxonomy,r1.6 taxonomy v1,r1.6-taxonomy-v1,True,True
spot,LQTYBTC,LQTYBTC,UNKNOWN,non-USDT quote,archive symbol spelling,r1.6-taxonomy-v1,False,False
spot,LQTYFDUSD,LQTYFDUSD,UNKNOWN,non-USDT quote,archive symbol spelling,r1.6-taxonomy-v1,False,False
spot,LQTYUSDT,LQTY,CRYPTO,USDT quote and base not in excluded taxonomy,r1.6 taxonomy v1,r1.6-taxonomy-v1,True,True
spot,LRCBNB,LRCBNB,UNKNOWN,non-USDT quote,archive symbol spelling,r1.6-taxonomy-v1,False,False
spot,LRCBTC,LRCBTC,UNKNOWN,non-USDT quote,archive symbol spelling,r1.6-taxonomy-v1,False,False
spot,LRCBUSD,LRCBUSD,UNKNOWN,non-USDT quote,archive symbol spelling,r1.6-taxonomy-v1,False,False
spot,LRCETH,LRCETH,UNKNOWN,non-USDT quote,archive symbol spelling,r1.6-taxonomy-v1,False,False
spot,LRCTRY,LRCTRY,UNKNOWN,non-USDT quote,archive symbol spelling,r1.6-taxonomy-v1,False,False
spot,LRCUSDT,LRC,CRYPTO,USDT quote and base not in excluded taxonomy,r1.6 taxonomy v1,r1.6-taxonomy-v1,True,True
spot,LSKBNB,LSKBNB,UNKNOWN,non-USDT quote,archive symbol spelling,r1.6-taxonomy-v1,False,False
spot,LSKBTC,LSKBTC,UNKNOWN,non-USDT quote,archive symbol spelling,r1.6-taxonomy-v1,False,False
spot,LSKBUSD,LSKBUSD,UNKNOWN,non-USDT quote,archive symbol spelling,r1.6-taxonomy-v1,False,False
spot,LSKETH,LSKETH,UNKNOWN,non-USDT quote,archive symbol spelling,r1.6-taxonomy-v1,False,False
spot,LSKUSDC,LSKUSDC,UNKNOWN,non-USDT quote,archive symbol spelling,r1.6-taxonomy-v1,False,False
spot,LSKUSDT,LSK,CRYPTO,USDT quote and base not in excluded taxonomy,r1.6 taxonomy v1,r1.6-taxonomy-v1,True,True
spot,LTCBNB,LTCBNB,UNKNOWN,non-USDT quote,archive symbol spelling,r1.6-taxonomy-v1,False,False
spot,LTCBRL,LTCBRL,UNKNOWN,non-USDT quote,archive symbol spelling,r1.6-taxonomy-v1,False,False
spot,LTCBTC,LTCBTC,UNKNOWN,non-USDT quote,archive symbol spelling,r1.6-taxonomy-v1,False,False
spot,LTCBUSD,LTCBUSD,UNKNOWN,non-USDT quote,archive symbol spelling,r1.6-taxonomy-v1,False,False
spot,LTCDOWNUSDT,LTCDOWN,LEVERAGED_OR_SYNTHETIC,leveraged-token suffix,archive symbol policy,r1.6-taxonomy-v1,False,True
spot,LTCETH,LTCETH,UNKNOWN,non-USDT quote,archive symbol spelling,r1.6-taxonomy-v1,False,False
spot,LTCEUR,LTCEUR,UNKNOWN,non-USDT quote,archive symbol spelling,r1.6-taxonomy-v1,False,False
spot,LTCFDUSD,LTCFDUSD,UNKNOWN,non-USDT quote,archive symbol spelling,r1.6-taxonomy-v1,False,False
spot,LTCGBP,LTCGBP,UNKNOWN,non-USDT quote,archive symbol spelling,r1.6-taxonomy-v1,False,False
spot,LTCJPY,LTCJPY,UNKNOWN,non-USDT quote,archive symbol spelling,r1.6-taxonomy-v1,False,False
spot,LTCNGN,LTCNGN,UNKNOWN,non-USDT quote,archive symbol spelling,r1.6-taxonomy-v1,False,False
spot,LTCPAX,LTCPAX,UNKNOWN,non-USDT quote,archive symbol spelling,r1.6-taxonomy-v1,False,False
spot,LTCRUB,LTCRUB,UNKNOWN,non-USDT quote,archive symbol spelling,r1.6-taxonomy-v1,False,False
spot,LTCTRY,LTCTRY,UNKNOWN,non-USDT quote,archive symbol spelling,r1.6-taxonomy-v1,False,False
spot,LTCTUSD,LTCTUSD,UNKNOWN,non-USDT quote,archive symbol spelling,r1.6-taxonomy-v1,False,False
spot,LTCU,LTCU,UNKNOWN,non-USDT quote,archive symbol spelling,r1.6-taxonomy-v1,False,False
spot,LTCUAH,LTCUAH,UNKNOWN,non-USDT quote,archive symbol spelling,r1.6-taxonomy-v1,False,False
spot,LTCUPUSDT,LTCUP,LEVERAGED_OR_SYNTHETIC,leveraged-token suffix,archive symbol policy,r1.6-taxonomy-v1,False,True
spot,LTCUSD1,LTCUSD1,UNKNOWN,non-USDT quote,archive symbol spelling,r1.6-taxonomy-v1,False,False
spot,LTCUSDC,LTCUSDC,UNKNOWN,non-USDT quote,archive symbol spelling,r1.6-taxonomy-v1,False,False
spot,LTCUSDT,LTC,CRYPTO,USDT quote and base not in excluded taxonomy,r1.6 taxonomy v1,r1.6-taxonomy-v1,True,True
spot,LTOBNB,LTOBNB,UNKNOWN,non-USDT quote,archive symbol spelling,r1.6-taxonomy-v1,False,False
spot,LTOBTC,LTOBTC,UNKNOWN,non-USDT quote,archive symbol spelling,r1.6-taxonomy-v1,False,False
spot,LTOBUSD,LTOBUSD,UNKNOWN,non-USDT quote,archive symbol spelling,r1.6-taxonomy-v1,False,False
spot,LTOUSDT,LTO,CRYPTO,USDT quote and base not in excluded taxonomy,r1.6 taxonomy v1,r1.6-taxonomy-v1,True,True
spot,LUMIATRY,LUMIATRY,UNKNOWN,non-USDT quote,archive symbol spelling,r1.6-taxonomy-v1,False,False
spot,LUMIAUSDT,LUMIA,CRYPTO,USDT quote and base not in excluded taxonomy,r1.6 taxonomy v1,r1.6-taxonomy-v1,True,True
spot,LUNAAUD,LUNAAUD,UNKNOWN,non-USDT quote,archive symbol spelling,r1.6-taxonomy-v1,False,False
spot,LUNABIDR,LUNABIDR,UNKNOWN,non-USDT quote,archive symbol spelling,r1.6-taxonomy-v1,False,False
spot,LUNABNB,LUNABNB,UNKNOWN,non-USDT quote,archive symbol spelling,r1.6-taxonomy-v1,False,False
spot,LUNABRL,LUNABRL,UNKNOWN,non-USDT quote,archive symbol spelling,r1.6-taxonomy-v1,False,False
spot,LUNABTC,LUNABTC,UNKNOWN,non-USDT quote,archive symbol spelling,r1.6-taxonomy-v1,False,False
spot,LUNABUSD,LUNABUSD,UNKNOWN,non-USDT quote,archive symbol spelling,r1.6-taxonomy-v1,False,False
spot,LUNAETH,LUNAETH,UNKNOWN,non-USDT quote,archive symbol spelling,r1.6-taxonomy-v1,False,False
spot,LUNAEUR,LUNAEUR,UNKNOWN,non-USDT quote,archive symbol spelling,r1.6-taxonomy-v1,False,False
spot,LUNAGBP,LUNAGBP,UNKNOWN,non-USDT quote,archive symbol spelling,r1.6-taxonomy-v1,False,False
spot,LUNATRY,LUNATRY,UNKNOWN,non-USDT quote,archive symbol spelling,r1.6-taxonomy-v1,False,False
spot,LUNAUSDC,LUNAUSDC,UNKNOWN,non-USDT quote,archive symbol spelling,r1.6-taxonomy-v1,False,False
spot,LUNAUSDT,LUNA,CRYPTO,USDT quote and base not in excluded taxonomy,r1.6 taxonomy v1,r1.6-taxonomy-v1,True,True
spot,LUNAUST,LUNAUST,UNKNOWN,non-USDT quote,archive symbol spelling,r1.6-taxonomy-v1,False,False
spot,LUNBTC,LUNBTC,UNKNOWN,non-USDT quote,archive symbol spelling,r1.6-taxonomy-v1,False,False
spot,LUNCBUSD,LUNCBUSD,UNKNOWN,non-USDT quote,archive symbol spelling,r1.6-taxonomy-v1,False,False
spot,LUNCTRY,LUNCTRY,UNKNOWN,non-USDT quote,archive symbol spelling,r1.6-taxonomy-v1,False,False
spot,LUNCUSDC,LUNCUSDC,UNKNOWN,non-USDT quote,archive symbol spelling,r1.6-taxonomy-v1,False,False
spot,LUNCUSDT,LUNC,CRYPTO,USDT quote and base not in excluded taxonomy,r1.6 taxonomy v1,r1.6-taxonomy-v1,True,True
spot,LUNETH,LUNETH,UNKNOWN,non-USDT quote,archive symbol spelling,r1.6-taxonomy-v1,False,False
spot,MAGICBTC,MAGICBTC,UNKNOWN,non-USDT quote,archive symbol spelling,r1.6-taxonomy-v1,False,False
spot,MAGICBUSD,MAGICBUSD,UNKNOWN,non-USDT quote,archive symbol spelling,r1.6-taxonomy-v1,False,False
spot,MAGICFDUSD,MAGICFDUSD,UNKNOWN,non-USDT quote,archive symbol spelling,r1.6-taxonomy-v1,False,False
spot,MAGICTRY,MAGICTRY,UNKNOWN,non-USDT quote,archive symbol spelling,r1.6-taxonomy-v1,False,False
spot,MAGICUSDC,MAGICUSDC,UNKNOWN,non-USDT quote,archive symbol spelling,r1.6-taxonomy-v1,False,False
spot,MAGICUSDT,MAGIC,CRYPTO,USDT quote and base not in excluded taxonomy,r1.6 taxonomy v1,r1.6-taxonomy-v1,True,True
spot,MANABIDR,MANABIDR,UNKNOWN,non-USDT quote,archive symbol spelling,r1.6-taxonomy-v1,False,False
spot,MANABNB,MANABNB,UNKNOWN,non-USDT quote,archive symbol spelling,r1.6-taxonomy-v1,False,False
spot,MANABRL,MANABRL,UNKNOWN,non-USDT quote,archive symbol spelling,r1.6-taxonomy-v1,False,False
spot,MANABTC,MANABTC,UNKNOWN,non-USDT quote,archive symbol spelling,r1.6-taxonomy-v1,False,False
spot,MANABUSD,MANABUSD,UNKNOWN,non-USDT quote,archive symbol spelling,r1.6-taxonomy-v1,False,False
spot,MANAETH,MANAETH,UNKNOWN,non-USDT quote,archive symbol spelling,r1.6-taxonomy-v1,False,False
spot,MANATRY,MANATRY,UNKNOWN,non-USDT quote,archive symbol spelling,r1.6-taxonomy-v1,False,False
spot,MANAUSDT,MANA,CRYPTO,USDT quote and base not in excluded taxonomy,r1.6 taxonomy v1,r1.6-taxonomy-v1,True,True
spot,MANTABNB,MANTABNB,UNKNOWN,non-USDT quote,archive symbol spelling,r1.6-taxonomy-v1,False,False
spot,MANTABTC,MANTABTC,UNKNOWN,non-USDT quote,archive symbol spelling,r1.6-taxonomy-v1,False,False
spot,MANTAFDUSD,MANTAFDUSD,UNKNOWN,non-USDT quote,archive symbol spelling,r1.6-taxonomy-v1,False,False
spot,MANTAIDR,MANTAIDR,UNKNOWN,non-USDT quote,archive symbol spelling,r1.6-taxonomy-v1,False,False
spot,MANTATRY,MANTATRY,UNKNOWN,non-USDT quote,archive symbol spelling,r1.6-taxonomy-v1,False,False
spot,MANTAUSDC,MANTAUSDC,UNKNOWN,non-USDT quote,archive symbol spelling,r1.6-taxonomy-v1,False,False
spot,MANTAUSDT,MANTA,CRYPTO,USDT quote and base not in excluded taxonomy,r1.6 taxonomy v1,r1.6-taxonomy-v1,True,True
spot,MANTRATRY,MANTRATRY,UNKNOWN,non-USDT quote,archive symbol spelling,r1.6-taxonomy-v1,False,False
spot,MANTRAUSDC,MANTRAUSDC,UNKNOWN,non-USDT quote,archive symbol spelling,r1.6-taxonomy-v1,False,False
spot,MANTRAUSDT,MANTRA,CRYPTO,USDT quote and base not in excluded taxonomy,r1.6 taxonomy v1,r1.6-taxonomy-v1,True,True
spot,MASKBNB,MASKBNB,UNKNOWN,non-USDT quote,archive symbol spelling,r1.6-taxonomy-v1,False,False
spot,MASKBUSD,MASKBUSD,UNKNOWN,non-USDT quote,archive symbol spelling,r1.6-taxonomy-v1,False,False
spot,MASKTRY,MASKTRY,UNKNOWN,non-USDT quote,archive symbol spelling,r1.6-taxonomy-v1,False,False
spot,MASKUSDC,MASKUSDC,UNKNOWN,non-USDT quote,archive symbol spelling,r1.6-taxonomy-v1,False,False
spot,MASKUSDT,MASK,CRYPTO,USDT quote and base not in excluded taxonomy,r1.6 taxonomy v1,r1.6-taxonomy-v1,True,True
spot,MATICAUD,MATICAUD,UNKNOWN,non-USDT quote,archive symbol spelling,r1.6-taxonomy-v1,False,False
spot,MATICBIDR,MATICBIDR,UNKNOWN,non-USDT quote,archive symbol spelling,r1.6-taxonomy-v1,False,False
spot,MATICBNB,MATICBNB,UNKNOWN,non-USDT quote,archive symbol spelling,r1.6-taxonomy-v1,False,False
spot,MATICBRL,MATICBRL,UNKNOWN,non-USDT quote,archive symbol spelling,r1.6-taxonomy-v1,False,False
spot,MATICBTC,MATICBTC,UNKNOWN,non-USDT quote,archive symbol spelling,r1.6-taxonomy-v1,False,False
spot,MATICBUSD,MATICBUSD,UNKNOWN,non-USDT quote,archive symbol spelling,r1.6-taxonomy-v1,False,False
spot,MATICETH,MATICETH,UNKNOWN,non-USDT quote,archive symbol spelling,r1.6-taxonomy-v1,False,False
spot,MATICEUR,MATICEUR,UNKNOWN,non-USDT quote,archive symbol spelling,r1.6-taxonomy-v1,False,False
spot,MATICFDUSD,MATICFDUSD,UNKNOWN,non-USDT quote,archive symbol spelling,r1.6-taxonomy-v1,False,False
spot,MATICGBP,MATICGBP,UNKNOWN,non-USDT quote,archive symbol spelling,r1.6-taxonomy-v1,False,False
spot,MATICJPY,MATICJPY,UNKNOWN,non-USDT quote,archive symbol spelling,r1.6-taxonomy-v1,False,False
spot,MATICRUB,MATICRUB,UNKNOWN,non-USDT quote,archive symbol spelling,r1.6-taxonomy-v1,False,False
spot,MATICTRY,MATICTRY,UNKNOWN,non-USDT quote,archive symbol spelling,r1.6-taxonomy-v1,False,False
spot,MATICTUSD,MATICTUSD,UNKNOWN,non-USDT quote,archive symbol spelling,r1.6-taxonomy-v1,False,False
spot,MATICUSDC,MATICUSDC,UNKNOWN,non-USDT quote,archive symbol spelling,r1.6-taxonomy-v1,False,False
spot,MATICUSDT,MATIC,CRYPTO,USDT quote and base not in excluded taxonomy,r1.6 taxonomy v1,r1.6-taxonomy-v1,True,True
spot,MAVBTC,MAVBTC,UNKNOWN,non-USDT quote,archive symbol spelling,r1.6-taxonomy-v1,False,False
spot,MAVTRY,MAVTRY,UNKNOWN,non-USDT quote,archive symbol spelling,r1.6-taxonomy-v1,False,False
spot,MAVTUSD,MAVTUSD,UNKNOWN,non-USDT quote,archive symbol spelling,r1.6-taxonomy-v1,False,False
spot,MAVUSDC,MAVUSDC,UNKNOWN,non-USDT quote,archive symbol spelling,r1.6-taxonomy-v1,False,False
spot,MAVUSDT,MAV,CRYPTO,USDT quote and base not in excluded taxonomy,r1.6 taxonomy v1,r1.6-taxonomy-v1,True,True
spot,MBLBNB,MBLBNB,UNKNOWN,non-USDT quote,archive symbol spelling,r1.6-taxonomy-v1,False,False
spot,MBLBTC,MBLBTC,UNKNOWN,non-USDT quote,archive symbol spelling,r1.6-taxonomy-v1,False,False
spot,MBLBUSD,MBLBUSD,UNKNOWN,non-USDT quote,archive symbol spelling,r1.6-taxonomy-v1,False,False
spot,MBLUSDT,MBL,CRYPTO,USDT quote and base not in excluded taxonomy,r1.6 taxonomy v1,r1.6-taxonomy-v1,True,True
spot,MBOXBNB,MBOXBNB,UNKNOWN,non-USDT quote,archive symbol spelling,r1.6-taxonomy-v1,False,False
spot,MBOXBTC,MBOXBTC,UNKNOWN,non-USDT quote,archive symbol spelling,r1.6-taxonomy-v1,False,False
spot,MBOXBUSD,MBOXBUSD,UNKNOWN,non-USDT quote,archive symbol spelling,r1.6-taxonomy-v1,False,False
spot,MBOXTRY,MBOXTRY,UNKNOWN,non-USDT quote,archive symbol spelling,r1.6-taxonomy-v1,False,False
spot,MBOXUSDT,MBOX,CRYPTO,USDT quote and base not in excluded taxonomy,r1.6 taxonomy v1,r1.6-taxonomy-v1,True,True
spot,MCBNB,MCBNB,UNKNOWN,non-USDT quote,archive symbol spelling,r1.6-taxonomy-v1,False,False
spot,MCBTC,MCBTC,UNKNOWN,non-USDT quote,archive symbol spelling,r1.6-taxonomy-v1,False,False
spot,MCBUSD,MCBUSD,UNKNOWN,non-USDT quote,archive symbol spelling,r1.6-taxonomy-v1,False,False
spot,MCOBNB,MCOBNB,UNKNOWN,non-USDT quote,archive symbol spelling,r1.6-taxonomy-v1,False,False
spot,MCOBTC,MCOBTC,UNKNOWN,non-USDT quote,archive symbol spelling,r1.6-taxonomy-v1,False,False
spot,MCOETH,MCOETH,UNKNOWN,non-USDT quote,archive symbol spelling,r1.6-taxonomy-v1,False,False
spot,MCOUSDT,MCO,CRYPTO,USDT quote and base not in excluded taxonomy,r1.6 taxonomy v1,r1.6-taxonomy-v1,True,True
spot,MCUSDT,MC,CRYPTO,USDT quote and base not in excluded taxonomy,r1.6 taxonomy v1,r1.6-taxonomy-v1,True,True
spot,MDABTC,MDABTC,UNKNOWN,non-USDT quote,archive symbol spelling,r1.6-taxonomy-v1,False,False
spot,MDAETH,MDAETH,UNKNOWN,non-USDT quote,archive symbol spelling,r1.6-taxonomy-v1,False,False
spot,MDTBNB,MDTBNB,UNKNOWN,non-USDT quote,archive symbol spelling,r1.6-taxonomy-v1,False,False
spot,MDTBTC,MDTBTC,UNKNOWN,non-USDT quote,archive symbol spelling,r1.6-taxonomy-v1,False,False
spot,MDTBUSD,MDTBUSD,UNKNOWN,non-USDT quote,archive symbol spelling,r1.6-taxonomy-v1,False,False
spot,MDTUSDT,MDT,CRYPTO,USDT quote and base not in excluded taxonomy,r1.6 taxonomy v1,r1.6-taxonomy-v1,True,True
spot,MDXBNB,MDXBNB,UNKNOWN,non-USDT quote,archive symbol spelling,r1.6-taxonomy-v1,False,False
spot,MDXBTC,MDXBTC,UNKNOWN,non-USDT quote,archive symbol spelling,r1.6-taxonomy-v1,False,False
spot,MDXBUSD,MDXBUSD,UNKNOWN,non-USDT quote,archive symbol spelling,r1.6-taxonomy-v1,False,False
spot,MDXUSDT,MDX,CRYPTO,USDT quote and base not in excluded taxonomy,r1.6 taxonomy v1,r1.6-taxonomy-v1,True,True
spot,MEBTC,MEBTC,UNKNOWN,non-USDT quote,archive symbol spelling,r1.6-taxonomy-v1,False,False
spot,MEFDUSD,MEFDUSD,UNKNOWN,non-USDT quote,archive symbol spelling,r1.6-taxonomy-v1,False,False
spot,MEGATRY,MEGATRY,UNKNOWN,non-USDT quote,archive symbol spelling,r1.6-taxonomy-v1,False,False
spot,MEGAU,MEGAU,UNKNOWN,non-USDT quote,archive symbol spelling,r1.6-taxonomy-v1,False,False
spot,MEGAUSDC,MEGAUSDC,UNKNOWN,non-USDT quote,archive symbol spelling,r1.6-taxonomy-v1,False,False
spot,MEGAUSDT,MEGA,CRYPTO,USDT quote and base not in excluded taxonomy,r1.6 taxonomy v1,r1.6-taxonomy-v1,True,True
spot,MEMEBNB,MEMEBNB,UNKNOWN,non-USDT quote,archive symbol spelling,r1.6-taxonomy-v1,False,False
spot,MEMEETH,MEMEETH,UNKNOWN,non-USDT quote,archive symbol spelling,r1.6-taxonomy-v1,False,False
spot,MEMEFDUSD,MEMEFDUSD,UNKNOWN,non-USDT quote,archive symbol spelling,r1.6-taxonomy-v1,False,False
spot,MEMEJPY,MEMEJPY,UNKNOWN,non-USDT quote,archive symbol spelling,r1.6-taxonomy-v1,False,False
spot,MEMETRY,MEMETRY,UNKNOWN,non-USDT quote,archive symbol spelling,r1.6-taxonomy-v1,False,False
spot,MEMETUSD,MEMETUSD,UNKNOWN,non-USDT quote,archive symbol spelling,r1.6-taxonomy-v1,False,False
spot,MEMEUSDC,MEMEUSDC,UNKNOWN,non-USDT quote,archive symbol spelling,r1.6-taxonomy-v1,False,False
spot,MEMEUSDT,MEME,CRYPTO,USDT quote and base not in excluded taxonomy,r1.6 taxonomy v1,r1.6-taxonomy-v1,True,True
spot,METABUSDT,METAB,CRYPTO,USDT quote and base not in excluded taxonomy,r1.6 taxonomy v1,r1.6-taxonomy-v1,True,True
spot,METISBTC,METISBTC,UNKNOWN,non-USDT quote,archive symbol spelling,r1.6-taxonomy-v1,False,False
spot,METISFDUSD,METISFDUSD,UNKNOWN,non-USDT quote,archive symbol spelling,r1.6-taxonomy-v1,False,False
spot,METISTRY,METISTRY,UNKNOWN,non-USDT quote,archive symbol spelling,r1.6-taxonomy-v1,False,False
spot,METISUSDT,METIS,CRYPTO,USDT quote and base not in excluded taxonomy,r1.6 taxonomy v1,r1.6-taxonomy-v1,True,True
spot,METRY,METRY,UNKNOWN,non-USDT quote,archive symbol spelling,r1.6-taxonomy-v1,False,False
spot,METTRY,METTRY,UNKNOWN,non-USDT quote,archive symbol spelling,r1.6-taxonomy-v1,False,False
spot,METUSDC,METUSDC,UNKNOWN,non-USDT quote,archive symbol spelling,r1.6-taxonomy-v1,False,False
spot,METUSDT,MET,CRYPTO,USDT quote and base not in excluded taxonomy,r1.6 taxonomy v1,r1.6-taxonomy-v1,True,True
spot,MEUSDC,MEUSDC,UNKNOWN,non-USDT quote,archive symbol spelling,r1.6-taxonomy-v1,False,False
spot,MEUSDT,ME,CRYPTO,USDT quote and base not in excluded taxonomy,r1.6 taxonomy v1,r1.6-taxonomy-v1,True,True
spot,MFTBNB,MFTBNB,UNKNOWN,non-USDT quote,archive symbol spelling,r1.6-taxonomy-v1,False,False
spot,MFTBTC,MFTBTC,UNKNOWN,non-USDT quote,archive symbol spelling,r1.6-taxonomy-v1,False,False
spot,MFTETH,MFTETH,UNKNOWN,non-USDT quote,archive symbol spelling,r1.6-taxonomy-v1,False,False
spot,MFTUSDT,MFT,CRYPTO,USDT quote and base not in excluded taxonomy,r1.6 taxonomy v1,r1.6-taxonomy-v1,True,True
spot,MINABNB,MINABNB,UNKNOWN,non-USDT quote,archive symbol spelling,r1.6-taxonomy-v1,False,False
spot,MINABTC,MINABTC,UNKNOWN,non-USDT quote,archive symbol spelling,r1.6-taxonomy-v1,False,False
spot,MINABUSD,MINABUSD,UNKNOWN,non-USDT quote,archive symbol spelling,r1.6-taxonomy-v1,False,False
spot,MINATRY,MINATRY,UNKNOWN,non-USDT quote,archive symbol spelling,r1.6-taxonomy-v1,False,False
spot,MINAUSDC,MINAUSDC,UNKNOWN,non-USDT quote,archive symbol spelling,r1.6-taxonomy-v1,False,False
spot,MINAUSDT,MINA,CRYPTO,USDT quote and base not in excluded taxonomy,r1.6 taxonomy v1,r1.6-taxonomy-v1,True,True
spot,MIRABNB,MIRABNB,UNKNOWN,non-USDT quote,archive symbol spelling,r1.6-taxonomy-v1,False,False
spot,MIRAFDUSD,MIRAFDUSD,UNKNOWN,non-USDT quote,archive symbol spelling,r1.6-taxonomy-v1,False,False
spot,MIRATRY,MIRATRY,UNKNOWN,non-USDT quote,archive symbol spelling,r1.6-taxonomy-v1,False,False
spot,MIRAUSDC,MIRAUSDC,UNKNOWN,non-USDT quote,archive symbol spelling,r1.6-taxonomy-v1,False,False
spot,MIRAUSDT,MIRA,CRYPTO,USDT quote and base not in excluded taxonomy,r1.6 taxonomy v1,r1.6-taxonomy-v1,True,True
spot,MIRBTC,MIRBTC,UNKNOWN,non-USDT quote,archive symbol spelling,r1.6-taxonomy-v1,False,False
spot,MIRBUSD,MIRBUSD,UNKNOWN,non-USDT quote,archive symbol spelling,r1.6-taxonomy-v1,False,False
spot,MIRUSDT,MIR,CRYPTO,USDT quote and base not in excluded taxonomy,r1.6 taxonomy v1,r1.6-taxonomy-v1,True,True
spot,MITHBNB,MITHBNB,UNKNOWN,non-USDT quote,archive symbol spelling,r1.6-taxonomy-v1,False,False
spot,MITHBTC,MITHBTC,UNKNOWN,non-USDT quote,archive symbol spelling,r1.6-taxonomy-v1,False,False
spot,MITHUSDT,MITH,CRYPTO,USDT quote and base not in excluded taxonomy,r1.6 taxonomy v1,r1.6-taxonomy-v1,True,True
spot,MITOBNB,MITOBNB,UNKNOWN,non-USDT quote,archive symbol spelling,r1.6-taxonomy-v1,False,False
spot,MITOFDUSD,MITOFDUSD,UNKNOWN,non-USDT quote,archive symbol spelling,r1.6-taxonomy-v1,False,False
spot,MITOTRY,MITOTRY,UNKNOWN,non-USDT quote,archive symbol spelling,r1.6-taxonomy-v1,False,False
spot,MITOUSDC,MITOUSDC,UNKNOWN,non-USDT quote,archive symbol spelling,r1.6-taxonomy-v1,False,False
spot,MITOUSDT,MITO,CRYPTO,USDT quote and base not in excluded taxonomy,r1.6 taxonomy v1,r1.6-taxonomy-v1,True,True
spot,MKRBNB,MKRBNB,UNKNOWN,non-USDT quote,archive symbol spelling,r1.6-taxonomy-v1,False,False
spot,MKRBTC,MKRBTC,UNKNOWN,non-USDT quote,archive symbol spelling,r1.6-taxonomy-v1,False,False
spot,MKRBUSD,MKRBUSD,UNKNOWN,non-USDT quote,archive symbol spelling,r1.6-taxonomy-v1,False,False
spot,MKRTRY,MKRTRY,UNKNOWN,non-USDT quote,archive symbol spelling,r1.6-taxonomy-v1,False,False
spot,MKRUSDC,MKRUSDC,UNKNOWN,non-USDT quote,archive symbol spelling,r1.6-taxonomy-v1,False,False
spot,MKRUSDT,MKR,CRYPTO,USDT quote and base not in excluded taxonomy,r1.6 taxonomy v1,r1.6-taxonomy-v1,True,True
spot,MLNBNB,MLNBNB,UNKNOWN,non-USDT quote,archive symbol spelling,r1.6-taxonomy-v1,False,False
spot,MLNBTC,MLNBTC,UNKNOWN,non-USDT quote,archive symbol spelling,r1.6-taxonomy-v1,False,False
spot,MLNBUSD,MLNBUSD,UNKNOWN,non-USDT quote,archive symbol spelling,r1.6-taxonomy-v1,False,False
spot,MLNUSDT,MLN,CRYPTO,USDT quote and base not in excluded taxonomy,r1.6 taxonomy v1,r1.6-taxonomy-v1,True,True
spot,MMTBNB,MMTBNB,UNKNOWN,non-USDT quote,archive symbol spelling,r1.6-taxonomy-v1,False,False
spot,MMTTRY,MMTTRY,UNKNOWN,non-USDT quote,archive symbol spelling,r1.6-taxonomy-v1,False,False
spot,MMTUSDC,MMTUSDC,UNKNOWN,non-USDT quote,archive symbol spelling,r1.6-taxonomy-v1,False,False
spot,MMTUSDT,MMT,CRYPTO,USDT quote and base not in excluded taxonomy,r1.6 taxonomy v1,r1.6-taxonomy-v1,True,True
spot,MOBBTC,MOBBTC,UNKNOWN,non-USDT quote,archive symbol spelling,r1.6-taxonomy-v1,False,False
spot,MOBBUSD,MOBBUSD,UNKNOWN,non-USDT quote,archive symbol spelling,r1.6-taxonomy-v1,False,False
spot,MOBUSDT,MOB,CRYPTO,USDT quote and base not in excluded taxonomy,r1.6 taxonomy v1,r1.6-taxonomy-v1,True,True
spot,MODBTC,MODBTC,UNKNOWN,non-USDT quote,archive symbol spelling,r1.6-taxonomy-v1,False,False
spot,MODETH,MODETH,UNKNOWN,non-USDT quote,archive symbol spelling,r1.6-taxonomy-v1,False,False
spot,MORPHOBNB,MORPHOBNB,UNKNOWN,non-USDT quote,archive symbol spelling,r1.6-taxonomy-v1,False,False
spot,MORPHOFDUSD,MORPHOFDUSD,UNKNOWN,non-USDT quote,archive symbol spelling,r1.6-taxonomy-v1,False,False
spot,MORPHOTRY,MORPHOTRY,UNKNOWN,non-USDT quote,archive symbol spelling,r1.6-taxonomy-v1,False,False
spot,MORPHOUSDC,MORPHOUSDC,UNKNOWN,non-USDT quote,archive symbol spelling,r1.6-taxonomy-v1,False,False
spot,MORPHOUSDT,MORPHO,CRYPTO,USDT quote and base not in excluded taxonomy,r1.6 taxonomy v1,r1.6-taxonomy-v1,True,True
spot,MOVEBNB,MOVEBNB,UNKNOWN,non-USDT quote,archive symbol spelling,r1.6-taxonomy-v1,False,False
spot,MOVEBTC,MOVEBTC,UNKNOWN,non-USDT quote,archive symbol spelling,r1.6-taxonomy-v1,False,False
spot,MOVEFDUSD,MOVEFDUSD,UNKNOWN,non-USDT quote,archive symbol spelling,r1.6-taxonomy-v1,False,False
spot,MOVETRY,MOVETRY,UNKNOWN,non-USDT quote,archive symbol spelling,r1.6-taxonomy-v1,False,False
spot,MOVEUSDC,MOVEUSDC,UNKNOWN,non-USDT quote,archive symbol spelling,r1.6-taxonomy-v1,False,False
spot,MOVEUSDT,MOVE,CRYPTO,USDT quote and base not in excluded taxonomy,r1.6 taxonomy v1,r1.6-taxonomy-v1,True,True
spot,MOVRBNB,MOVRBNB,UNKNOWN,non-USDT quote,archive symbol spelling,r1.6-taxonomy-v1,False,False
spot,MOVRBTC,MOVRBTC,UNKNOWN,non-USDT quote,archive symbol spelling,r1.6-taxonomy-v1,False,False
spot,MOVRBUSD,MOVRBUSD,UNKNOWN,non-USDT quote,archive symbol spelling,r1.6-taxonomy-v1,False,False
spot,MOVRTRY,MOVRTRY,UNKNOWN,non-USDT quote,archive symbol spelling,r1.6-taxonomy-v1,False,False
spot,MOVRUSDT,MOVR,CRYPTO,USDT quote and base not in excluded taxonomy,r1.6 taxonomy v1,r1.6-taxonomy-v1,True,True
spot,MRVLBUSDT,MRVLB,CRYPTO,USDT quote and base not in excluded taxonomy,r1.6 taxonomy v1,r1.6-taxonomy-v1,True,True
spot,MSFTBUSDT,MSFTB,CRYPTO,USDT quote and base not in excluded taxonomy,r1.6 taxonomy v1,r1.6-taxonomy-v1,True,True
spot,MSTRBUSDT,MSTRB,CRYPTO,USDT quote and base not in excluded taxonomy,r1.6 taxonomy v1,r1.6-taxonomy-v1,True,True
spot,MTHBTC,MTHBTC,UNKNOWN,non-USDT quote,archive symbol spelling,r1.6-taxonomy-v1,False,False
spot,MTHETH,MTHETH,UNKNOWN,non-USDT quote,archive symbol spelling,r1.6-taxonomy-v1,False,False
spot,MTLBTC,MTLBTC,UNKNOWN,non-USDT quote,archive symbol spelling,r1.6-taxonomy-v1,False,False
spot,MTLBUSD,MTLBUSD,UNKNOWN,non-USDT quote,archive symbol spelling,r1.6-taxonomy-v1,False,False
spot,MTLETH,MTLETH,UNKNOWN,non-USDT quote,archive symbol spelling,r1.6-taxonomy-v1,False,False
spot,MTLTRY,MTLTRY,UNKNOWN,non-USDT quote,archive symbol spelling,r1.6-taxonomy-v1,False,False
spot,MTLUSDT,MTL,CRYPTO,USDT quote and base not in excluded taxonomy,r1.6 taxonomy v1,r1.6-taxonomy-v1,True,True
spot,MUBARAKTRY,MUBARAKTRY,UNKNOWN,non-USDT quote,archive symbol spelling,r1.6-taxonomy-v1,False,False
spot,MUBARAKUSDC,MUBARAKUSDC,UNKNOWN,non-USDT quote,archive symbol spelling,r1.6-taxonomy-v1,False,False
spot,MUBARAKUSDT,MUBARAK,CRYPTO,USDT quote and base not in excluded taxonomy,r1.6 taxonomy v1,r1.6-taxonomy-v1,True,True
spot,MUBUSDT,MUB,CRYPTO,USDT quote and base not in excluded taxonomy,r1.6 taxonomy v1,r1.6-taxonomy-v1,True,True
spot,MULTIBTC,MULTIBTC,UNKNOWN,non-USDT quote,archive symbol spelling,r1.6-taxonomy-v1,False,False
spot,MULTIBUSD,MULTIBUSD,UNKNOWN,non-USDT quote,archive symbol spelling,r1.6-taxonomy-v1,False,False
spot,MULTIUSDT,MULTI,CRYPTO,USDT quote and base not in excluded taxonomy,r1.6 taxonomy v1,r1.6-taxonomy-v1,True,True
spot,MUUBUSDT,MUUB,CRYPTO,USDT quote and base not in excluded taxonomy,r1.6 taxonomy v1,r1.6-taxonomy-v1,True,True
spot,MVLLBUSDT,MVLLB,CRYPTO,USDT quote and base not in excluded taxonomy,r1.6 taxonomy v1,r1.6-taxonomy-v1,True,True
spot,NANOBNB,NANOBNB,UNKNOWN,non-USDT quote,archive symbol spelling,r1.6-taxonomy-v1,False,False
spot,NANOBTC,NANOBTC,UNKNOWN,non-USDT quote,archive symbol spelling,r1.6-taxonomy-v1,False,False
spot,NANOBUSD,NANOBUSD,UNKNOWN,non-USDT quote,archive symbol spelling,r1.6-taxonomy-v1,False,False
spot,NANOETH,NANOETH,UNKNOWN,non-USDT quote,archive symbol spelling,r1.6-taxonomy-v1,False,False
spot,NANOUSDT,NANO,CRYPTO,USDT quote and base not in excluded taxonomy,r1.6 taxonomy v1,r1.6-taxonomy-v1,True,True
spot,NASBNB,NASBNB,UNKNOWN,non-USDT quote,archive symbol spelling,r1.6-taxonomy-v1,False,False
spot,NASBTC,NASBTC,UNKNOWN,non-USDT quote,archive symbol spelling,r1.6-taxonomy-v1,False,False
spot,NASETH,NASETH,UNKNOWN,non-USDT quote,archive symbol spelling,r1.6-taxonomy-v1,False,False
spot,NAVBNB,NAVBNB,UNKNOWN,non-USDT quote,archive symbol spelling,r1.6-taxonomy-v1,False,False
spot,NAVBTC,NAVBTC,UNKNOWN,non-USDT quote,archive symbol spelling,r1.6-taxonomy-v1,False,False
spot,NAVETH,NAVETH,UNKNOWN,non-USDT quote,archive symbol spelling,r1.6-taxonomy-v1,False,False
spot,NBISBUSDT,NBISB,CRYPTO,USDT quote and base not in excluded taxonomy,r1.6 taxonomy v1,r1.6-taxonomy-v1,True,True
spot,NBSBTC,NBSBTC,UNKNOWN,non-USDT quote,archive symbol spelling,r1.6-taxonomy-v1,False,False
spot,NBSUSDT,NBS,CRYPTO,USDT quote and base not in excluded taxonomy,r1.6 taxonomy v1,r1.6-taxonomy-v1,True,True
spot,NBTBIDR,NBTBIDR,UNKNOWN,non-USDT quote,archive symbol spelling,r1.6-taxonomy-v1,False,False
spot,NBTUSDT,NBT,CRYPTO,USDT quote and base not in excluded taxonomy,r1.6 taxonomy v1,r1.6-taxonomy-v1,True,True
spot,NCASHBNB,NCASHBNB,UNKNOWN,non-USDT quote,archive symbol spelling,r1.6-taxonomy-v1,False,False
spot,NCASHBTC,NCASHBTC,UNKNOWN,non-USDT quote,archive symbol spelling,r1.6-taxonomy-v1,False,False
spot,NCASHETH,NCASHETH,UNKNOWN,non-USDT quote,archive symbol spelling,r1.6-taxonomy-v1,False,False
spot,NEARBNB,NEARBNB,UNKNOWN,non-USDT quote,archive symbol spelling,r1.6-taxonomy-v1,False,False
spot,NEARBRL,NEARBRL,UNKNOWN,non-USDT quote,archive symbol spelling,r1.6-taxonomy-v1,False,False
spot,NEARBTC,NEARBTC,UNKNOWN,non-USDT quote,archive symbol spelling,r1.6-taxonomy-v1,False,False
spot,NEARBUSD,NEARBUSD,UNKNOWN,non-USDT quote,archive symbol spelling,r1.6-taxonomy-v1,False,False
spot,NEARETH,NEARETH,UNKNOWN,non-USDT quote,archive symbol spelling,r1.6-taxonomy-v1,False,False
spot,NEAREUR,NEAREUR,UNKNOWN,non-USDT quote,archive symbol spelling,r1.6-taxonomy-v1,False,False
spot,NEARFDUSD,NEARFDUSD,UNKNOWN,non-USDT quote,archive symbol spelling,r1.6-taxonomy-v1,False,False
spot,NEARJPY,NEARJPY,UNKNOWN,non-USDT quote,archive symbol spelling,r1.6-taxonomy-v1,False,False
spot,NEARRUB,NEARRUB,UNKNOWN,non-USDT quote,archive symbol spelling,r1.6-taxonomy-v1,False,False
spot,NEARTRY,NEARTRY,UNKNOWN,non-USDT quote,archive symbol spelling,r1.6-taxonomy-v1,False,False
spot,NEARU,NEARU,UNKNOWN,non-USDT quote,archive symbol spelling,r1.6-taxonomy-v1,False,False
spot,NEARUSD1,NEARUSD1,UNKNOWN,non-USDT quote,archive symbol spelling,r1.6-taxonomy-v1,False,False
spot,NEARUSDC,NEARUSDC,UNKNOWN,non-USDT quote,archive symbol spelling,r1.6-taxonomy-v1,False,False
spot,NEARUSDT,NEAR,CRYPTO,USDT quote and base not in excluded taxonomy,r1.6 taxonomy v1,r1.6-taxonomy-v1,True,True
spot,NEBLBNB,NEBLBNB,UNKNOWN,non-USDT quote,archive symbol spelling,r1.6-taxonomy-v1,False,False
spot,NEBLBTC,NEBLBTC,UNKNOWN,non-USDT quote,archive symbol spelling,r1.6-taxonomy-v1,False,False
spot,NEBLBUSD,NEBLBUSD,UNKNOWN,non-USDT quote,archive symbol spelling,r1.6-taxonomy-v1,False,False
spot,NEBLETH,NEBLETH,UNKNOWN,non-USDT quote,archive symbol spelling,r1.6-taxonomy-v1,False,False
spot,NEBLUSDT,NEBL,CRYPTO,USDT quote and base not in excluded taxonomy,r1.6 taxonomy v1,r1.6-taxonomy-v1,True,True
spot,NEIROBRL,NEIROBRL,UNKNOWN,non-USDT quote,archive symbol spelling,r1.6-taxonomy-v1,False,False
spot,NEIROEUR,NEIROEUR,UNKNOWN,non-USDT quote,archive symbol spelling,r1.6-taxonomy-v1,False,False
spot,NEIROFDUSD,NEIROFDUSD,UNKNOWN,non-USDT quote,archive symbol spelling,r1.6-taxonomy-v1,False,False
spot,NEIROIDR,NEIROIDR,UNKNOWN,non-USDT quote,archive symbol spelling,r1.6-taxonomy-v1,False,False
spot,NEIROJPY,NEIROJPY,UNKNOWN,non-USDT quote,archive symbol spelling,r1.6-taxonomy-v1,False,False
spot,NEIROTRY,NEIROTRY,UNKNOWN,non-USDT quote,archive symbol spelling,r1.6-taxonomy-v1,False,False
spot,NEIROUSDC,NEIROUSDC,UNKNOWN,non-USDT quote,archive symbol spelling,r1.6-taxonomy-v1,False,False
spot,NEIROUSDT,NEIRO,CRYPTO,USDT quote and base not in excluded taxonomy,r1.6 taxonomy v1,r1.6-taxonomy-v1,True,True
spot,NEOBNB,NEOBNB,UNKNOWN,non-USDT quote,archive symbol spelling,r1.6-taxonomy-v1,False,False
spot,NEOBTC,NEOBTC,UNKNOWN,non-USDT quote,archive symbol spelling,r1.6-taxonomy-v1,False,False
spot,NEOBUSD,NEOBUSD,UNKNOWN,non-USDT quote,archive symbol spelling,r1.6-taxonomy-v1,False,False
spot,NEOETH,NEOETH,UNKNOWN,non-USDT quote,archive symbol spelling,r1.6-taxonomy-v1,False,False
spot,NEOPAX,NEOPAX,UNKNOWN,non-USDT quote,archive symbol spelling,r1.6-taxonomy-v1,False,False
spot,NEORUB,NEORUB,UNKNOWN,non-USDT quote,archive symbol spelling,r1.6-taxonomy-v1,False,False
spot,NEOTRY,NEOTRY,UNKNOWN,non-USDT quote,archive symbol spelling,r1.6-taxonomy-v1,False,False
spot,NEOTUSD,NEOTUSD,UNKNOWN,non-USDT quote,archive symbol spelling,r1.6-taxonomy-v1,False,False
spot,NEOUSDC,NEOUSDC,UNKNOWN,non-USDT quote,archive symbol spelling,r1.6-taxonomy-v1,False,False
spot,NEOUSDT,NEO,CRYPTO,USDT quote and base not in excluded taxonomy,r1.6 taxonomy v1,r1.6-taxonomy-v1,True,True
spot,NEWTBNB,NEWTBNB,UNKNOWN,non-USDT quote,archive symbol spelling,r1.6-taxonomy-v1,False,False
spot,NEWTFDUSD,NEWTFDUSD,UNKNOWN,non-USDT quote,archive symbol spelling,r1.6-taxonomy-v1,False,False
spot,NEWTTRY,NEWTTRY,UNKNOWN,non-USDT quote,archive symbol spelling,r1.6-taxonomy-v1,False,False
spot,NEWTUSDC,NEWTUSDC,UNKNOWN,non-USDT quote,archive symbol spelling,r1.6-taxonomy-v1,False,False
spot,NEWTUSDT,NEWT,CRYPTO,USDT quote and base not in excluded taxonomy,r1.6 taxonomy v1,r1.6-taxonomy-v1,True,True
spot,NEXOBTC,NEXOBTC,UNKNOWN,non-USDT quote,archive symbol spelling,r1.6-taxonomy-v1,False,False
spot,NEXOBUSD,NEXOBUSD,UNKNOWN,non-USDT quote,archive symbol spelling,r1.6-taxonomy-v1,False,False
spot,NEXOUSDT,NEXO,CRYPTO,USDT quote and base not in excluded taxonomy,r1.6 taxonomy v1,r1.6-taxonomy-v1,True,True
spot,NFPBNB,NFPBNB,UNKNOWN,non-USDT quote,archive symbol spelling,r1.6-taxonomy-v1,False,False
spot,NFPBTC,NFPBTC,UNKNOWN,non-USDT quote,archive symbol spelling,r1.6-taxonomy-v1,False,False
spot,NFPFDUSD,NFPFDUSD,UNKNOWN,non-USDT quote,archive symbol spelling,r1.6-taxonomy-v1,False,False
spot,NFPTRY,NFPTRY,UNKNOWN,non-USDT quote,archive symbol spelling,r1.6-taxonomy-v1,False,False
spot,NFPTUSD,NFPTUSD,UNKNOWN,non-USDT quote,archive symbol spelling,r1.6-taxonomy-v1,False,False
spot,NFPUSDT,NFP,CRYPTO,USDT quote and base not in excluded taxonomy,r1.6 taxonomy v1,r1.6-taxonomy-v1,True,True
spot,NIGHTBNB,NIGHTBNB,UNKNOWN,non-USDT quote,archive symbol spelling,r1.6-taxonomy-v1,False,False
spot,NIGHTTRY,NIGHTTRY,UNKNOWN,non-USDT quote,archive symbol spelling,r1.6-taxonomy-v1,False,False
spot,NIGHTU,NIGHTU,UNKNOWN,non-USDT quote,archive symbol spelling,r1.6-taxonomy-v1,False,False
spot,NIGHTUSDC,NIGHTUSDC,UNKNOWN,non-USDT quote,archive symbol spelling,r1.6-taxonomy-v1,False,False
spot,NIGHTUSDT,NIGHT,CRYPTO,USDT quote and base not in excluded taxonomy,r1.6 taxonomy v1,r1.6-taxonomy-v1,True,True
spot,NILBNB,NILBNB,UNKNOWN,non-USDT quote,archive symbol spelling,r1.6-taxonomy-v1,False,False
spot,NILFDUSD,NILFDUSD,UNKNOWN,non-USDT quote,archive symbol spelling,r1.6-taxonomy-v1,False,False
spot,NILTRY,NILTRY,UNKNOWN,non-USDT quote,archive symbol spelling,r1.6-taxonomy-v1,False,False
spot,NILUSDC,NILUSDC,UNKNOWN,non-USDT quote,archive symbol spelling,r1.6-taxonomy-v1,False,False
spot,NILUSDT,NIL,CRYPTO,USDT quote and base not in excluded taxonomy,r1.6 taxonomy v1,r1.6-taxonomy-v1,True,True
spot,NKNBNB,NKNBNB,UNKNOWN,non-USDT quote,archive symbol spelling,r1.6-taxonomy-v1,False,False
spot,NKNBTC,NKNBTC,UNKNOWN,non-USDT quote,archive symbol spelling,r1.6-taxonomy-v1,False,False
spot,NKNBUSD,NKNBUSD,UNKNOWN,non-USDT quote,archive symbol spelling,r1.6-taxonomy-v1,False,False
spot,NKNUSDT,NKN,CRYPTO,USDT quote and base not in excluded taxonomy,r1.6 taxonomy v1,r1.6-taxonomy-v1,True,True
spot,NMRBNB,NMRBNB,UNKNOWN,non-USDT quote,archive symbol spelling,r1.6-taxonomy-v1,False,False
spot,NMRBTC,NMRBTC,UNKNOWN,non-USDT quote,archive symbol spelling,r1.6-taxonomy-v1,False,False
spot,NMRBUSD,NMRBUSD,UNKNOWN,non-USDT quote,archive symbol spelling,r1.6-taxonomy-v1,False,False
spot,NMRTRY,NMRTRY,UNKNOWN,non-USDT quote,archive symbol spelling,r1.6-taxonomy-v1,False,False
spot,NMRUSDC,NMRUSDC,UNKNOWN,non-USDT quote,archive symbol spelling,r1.6-taxonomy-v1,False,False
spot,NMRUSDT,NMR,CRYPTO,USDT quote and base not in excluded taxonomy,r1.6 taxonomy v1,r1.6-taxonomy-v1,True,True
spot,NOKBUSDT,NOKB,CRYPTO,USDT quote and base not in excluded taxonomy,r1.6 taxonomy v1,r1.6-taxonomy-v1,True,True
spot,NOMFDUSD,NOMFDUSD,UNKNOWN,non-USDT quote,archive symbol spelling,r1.6-taxonomy-v1,False,False
spot,NOMTRY,NOMTRY,UNKNOWN,non-USDT quote,archive symbol spelling,r1.6-taxonomy-v1,False,False
spot,NOMUSDC,NOMUSDC,UNKNOWN,non-USDT quote,archive symbol spelling,r1.6-taxonomy-v1,False,False
spot,NOMUSDT,NOM,CRYPTO,USDT quote and base not in excluded taxonomy,r1.6 taxonomy v1,r1.6-taxonomy-v1,True,True
spot,NOTBNB,NOTBNB,UNKNOWN,non-USDT quote,archive symbol spelling,r1.6-taxonomy-v1,False,False
spot,NOTBRL,NOTBRL,UNKNOWN,non-USDT quote,archive symbol spelling,r1.6-taxonomy-v1,False,False
spot,NOTEUR,NOTEUR,UNKNOWN,non-USDT quote,archive symbol spelling,r1.6-taxonomy-v1,False,False
spot,NOTFDUSD,NOTFDUSD,UNKNOWN,non-USDT quote,archive symbol spelling,r1.6-taxonomy-v1,False,False
spot,NOTTRY,NOTTRY,UNKNOWN,non-USDT quote,archive symbol spelling,r1.6-taxonomy-v1,False,False
spot,NOTUSDC,NOTUSDC,UNKNOWN,non-USDT quote,archive symbol spelling,r1.6-taxonomy-v1,False,False
spot,NOTUSDT,NOT,CRYPTO,USDT quote and base not in excluded taxonomy,r1.6 taxonomy v1,r1.6-taxonomy-v1,True,True
spot,NPXSBTC,NPXSBTC,UNKNOWN,non-USDT quote,archive symbol spelling,r1.6-taxonomy-v1,False,False
spot,NPXSETH,NPXSETH,UNKNOWN,non-USDT quote,archive symbol spelling,r1.6-taxonomy-v1,False,False
spot,NPXSUSDC,NPXSUSDC,UNKNOWN,non-USDT quote,archive symbol spelling,r1.6-taxonomy-v1,False,False
spot,NPXSUSDT,NPXS,CRYPTO,USDT quote and base not in excluded taxonomy,r1.6 taxonomy v1,r1.6-taxonomy-v1,True,True
spot,NTRNBNB,NTRNBNB,UNKNOWN,non-USDT quote,archive symbol spelling,r1.6-taxonomy-v1,False,False
spot,NTRNBTC,NTRNBTC,UNKNOWN,non-USDT quote,archive symbol spelling,r1.6-taxonomy-v1,False,False
spot,NTRNTRY,NTRNTRY,UNKNOWN,non-USDT quote,archive symbol spelling,r1.6-taxonomy-v1,False,False
spot,NTRNUSDT,NTRN,CRYPTO,USDT quote and base not in excluded taxonomy,r1.6 taxonomy v1,r1.6-taxonomy-v1,True,True
spot,NUAUD,NUAUD,UNKNOWN,non-USDT quote,archive symbol spelling,r1.6-taxonomy-v1,False,False
spot,NUBNB,NUBNB,UNKNOWN,non-USDT quote,archive symbol spelling,r1.6-taxonomy-v1,False,False
spot,NUBTC,NUBTC,UNKNOWN,non-USDT quote,archive symbol spelling,r1.6-taxonomy-v1,False,False
spot,NUBUSD,NUBUSD,UNKNOWN,non-USDT quote,archive symbol spelling,r1.6-taxonomy-v1,False,False
spot,NULSBNB,NULSBNB,UNKNOWN,non-USDT quote,archive symbol spelling,r1.6-taxonomy-v1,False,False
spot,NULSBTC,NULSBTC,UNKNOWN,non-USDT quote,archive symbol spelling,r1.6-taxonomy-v1,False,False
spot,NULSBUSD,NULSBUSD,UNKNOWN,non-USDT quote,archive symbol spelling,r1.6-taxonomy-v1,False,False
spot,NULSETH,NULSETH,UNKNOWN,non-USDT quote,archive symbol spelling,r1.6-taxonomy-v1,False,False
spot,NULSUSDT,NULS,CRYPTO,USDT quote and base not in excluded taxonomy,r1.6 taxonomy v1,r1.6-taxonomy-v1,True,True
spot,NURUB,NURUB,UNKNOWN,non-USDT quote,archive symbol spelling,r1.6-taxonomy-v1,False,False
spot,NUUSDT,NU,CRYPTO,USDT quote and base not in excluded taxonomy,r1.6 taxonomy v1,r1.6-taxonomy-v1,True,True
spot,NVDABUSDT,NVDAB,CRYPTO,USDT quote and base not in excluded taxonomy,r1.6 taxonomy v1,r1.6-taxonomy-v1,True,True
spot,NXPCBNB,NXPCBNB,UNKNOWN,non-USDT quote,archive symbol spelling,r1.6-taxonomy-v1,False,False
spot,NXPCFDUSD,NXPCFDUSD,UNKNOWN,non-USDT quote,archive symbol spelling,r1.6-taxonomy-v1,False,False
spot,NXPCTRY,NXPCTRY,UNKNOWN,non-USDT quote,archive symbol spelling,r1.6-taxonomy-v1,False,False
spot,NXPCUSDC,NXPCUSDC,UNKNOWN,non-USDT quote,archive symbol spelling,r1.6-taxonomy-v1,False,False
spot,NXPCUSDT,NXPC,CRYPTO,USDT quote and base not in excluded taxonomy,r1.6 taxonomy v1,r1.6-taxonomy-v1,True,True
spot,NXSBNB,NXSBNB,UNKNOWN,non-USDT quote,archive symbol spelling,r1.6-taxonomy-v1,False,False
spot,NXSBTC,NXSBTC,UNKNOWN,non-USDT quote,archive symbol spelling,r1.6-taxonomy-v1,False,False
spot,NXSETH,NXSETH,UNKNOWN,non-USDT quote,archive symbol spelling,r1.6-taxonomy-v1,False,False
spot,OAXBTC,OAXBTC,UNKNOWN,non-USDT quote,archive symbol spelling,r1.6-taxonomy-v1,False,False
spot,OAXETH,OAXETH,UNKNOWN,non-USDT quote,archive symbol spelling,r1.6-taxonomy-v1,False,False
spot,OAXUSDT,OAX,CRYPTO,USDT quote and base not in excluded taxonomy,r1.6 taxonomy v1,r1.6-taxonomy-v1,True,True
spot,OCEANBNB,OCEANBNB,UNKNOWN,non-USDT quote,archive symbol spelling,r1.6-taxonomy-v1,False,False
spot,OCEANBTC,OCEANBTC,UNKNOWN,non-USDT quote,archive symbol spelling,r1.6-taxonomy-v1,False,False
spot,OCEANBUSD,OCEANBUSD,UNKNOWN,non-USDT quote,archive symbol spelling,r1.6-taxonomy-v1,False,False
spot,OCEANTRY,OCEANTRY,UNKNOWN,non-USDT quote,archive symbol spelling,r1.6-taxonomy-v1,False,False
spot,OCEANUSDT,OCEAN,CRYPTO,USDT quote and base not in excluded taxonomy,r1.6 taxonomy v1,r1.6-taxonomy-v1,True,True
spot,OGBTC,OGBTC,UNKNOWN,non-USDT quote,archive symbol spelling,r1.6-taxonomy-v1,False,False
spot,OGBUSD,OGBUSD,UNKNOWN,non-USDT quote,archive symbol spelling,r1.6-taxonomy-v1,False,False
spot,OGNBNB,OGNBNB,UNKNOWN,non-USDT quote,archive symbol spelling,r1.6-taxonomy-v1,False,False
spot,OGNBTC,OGNBTC,UNKNOWN,non-USDT quote,archive symbol spelling,r1.6-taxonomy-v1,False,False
spot,OGNBUSD,OGNBUSD,UNKNOWN,non-USDT quote,archive symbol spelling,r1.6-taxonomy-v1,False,False
spot,OGNTRY,OGNTRY,UNKNOWN,non-USDT quote,archive symbol spelling,r1.6-taxonomy-v1,False,False
spot,OGNUSDT,OGN,CRYPTO,USDT quote and base not in excluded taxonomy,r1.6 taxonomy v1,r1.6-taxonomy-v1,True,True
spot,OGTRY,OGTRY,UNKNOWN,non-USDT quote,archive symbol spelling,r1.6-taxonomy-v1,False,False
spot,OGUSDT,OG,CRYPTO,USDT quote and base not in excluded taxonomy,r1.6 taxonomy v1,r1.6-taxonomy-v1,True,True
spot,OMBTC,OMBTC,UNKNOWN,non-USDT quote,archive symbol spelling,r1.6-taxonomy-v1,False,False
spot,OMBUSD,OMBUSD,UNKNOWN,non-USDT quote,archive symbol spelling,r1.6-taxonomy-v1,False,False
spot,OMGBNB,OMGBNB,UNKNOWN,non-USDT quote,archive symbol spelling,r1.6-taxonomy-v1,False,False
spot,OMGBTC,OMGBTC,UNKNOWN,non-USDT quote,archive symbol spelling,r1.6-taxonomy-v1,False,False
spot,OMGBUSD,OMGBUSD,UNKNOWN,non-USDT quote,archive symbol spelling,r1.6-taxonomy-v1,False,False
spot,OMGETH,OMGETH,UNKNOWN,non-USDT quote,archive symbol spelling,r1.6-taxonomy-v1,False,False
spot,OMGUSDT,OMG,CRYPTO,USDT quote and base not in excluded taxonomy,r1.6 taxonomy v1,r1.6-taxonomy-v1,True,True
spot,OMNIBNB,OMNIBNB,UNKNOWN,non-USDT quote,archive symbol spelling,r1.6-taxonomy-v1,False,False
spot,OMNIBRL,OMNIBRL,UNKNOWN,non-USDT quote,archive symbol spelling,r1.6-taxonomy-v1,False,False
spot,OMNIBTC,OMNIBTC,UNKNOWN,non-USDT quote,archive symbol spelling,r1.6-taxonomy-v1,False,False
spot,OMNIFDUSD,OMNIFDUSD,UNKNOWN,non-USDT quote,archive symbol spelling,r1.6-taxonomy-v1,False,False
spot,OMNITRY,OMNITRY,UNKNOWN,non-USDT quote,archive symbol spelling,r1.6-taxonomy-v1,False,False
spot,OMNIUSDC,OMNIUSDC,UNKNOWN,non-USDT quote,archive symbol spelling,r1.6-taxonomy-v1,False,False
spot,OMNIUSDT,OMNI,CRYPTO,USDT quote and base not in excluded taxonomy,r1.6 taxonomy v1,r1.6-taxonomy-v1,True,True
spot,OMTRY,OMTRY,UNKNOWN,non-USDT quote,archive symbol spelling,r1.6-taxonomy-v1,False,False
spot,OMUSDC,OMUSDC,UNKNOWN,non-USDT quote,archive symbol spelling,r1.6-taxonomy-v1,False,False
spot,OMUSDT,OM,CRYPTO,USDT quote and base not in excluded taxonomy,r1.6 taxonomy v1,r1.6-taxonomy-v1,True,True
spot,ONDOIDR,ONDOIDR,UNKNOWN,non-USDT quote,archive symbol spelling,r1.6-taxonomy-v1,False,False
spot,ONDOTRY,ONDOTRY,UNKNOWN,non-USDT quote,archive symbol spelling,r1.6-taxonomy-v1,False,False
spot,ONDOUSDC,ONDOUSDC,UNKNOWN,non-USDT quote,archive symbol spelling,r1.6-taxonomy-v1,False,False
spot,ONDOUSDT,ONDO,CRYPTO,USDT quote and base not in excluded taxonomy,r1.6 taxonomy v1,r1.6-taxonomy-v1,True,True
spot,ONEBIDR,ONEBIDR,UNKNOWN,non-USDT quote,archive symbol spelling,r1.6-taxonomy-v1,False,False
spot,ONEBNB,ONEBNB,UNKNOWN,non-USDT quote,archive symbol spelling,r1.6-taxonomy-v1,False,False
spot,ONEBTC,ONEBTC,UNKNOWN,non-USDT quote,archive symbol spelling,r1.6-taxonomy-v1,False,False
spot,ONEBUSD,ONEBUSD,UNKNOWN,non-USDT quote,archive symbol spelling,r1.6-taxonomy-v1,False,False
spot,ONEETH,ONEETH,UNKNOWN,non-USDT quote,archive symbol spelling,r1.6-taxonomy-v1,False,False
spot,ONEPAX,ONEPAX,UNKNOWN,non-USDT quote,archive symbol spelling,r1.6-taxonomy-v1,False,False
spot,ONETRY,ONETRY,UNKNOWN,non-USDT quote,archive symbol spelling,r1.6-taxonomy-v1,False,False
spot,ONETUSD,ONETUSD,UNKNOWN,non-USDT quote,archive symbol spelling,r1.6-taxonomy-v1,False,False
spot,ONEUSDC,ONEUSDC,UNKNOWN,non-USDT quote,archive symbol spelling,r1.6-taxonomy-v1,False,False
spot,ONEUSDT,ONE,CRYPTO,USDT quote and base not in excluded taxonomy,r1.6 taxonomy v1,r1.6-taxonomy-v1,True,True
spot,ONGBNB,ONGBNB,UNKNOWN,non-USDT quote,archive symbol spelling,r1.6-taxonomy-v1,False,False
spot,ONGBTC,ONGBTC,UNKNOWN,non-USDT quote,archive symbol spelling,r1.6-taxonomy-v1,False,False
spot,ONGUSDT,ONG,CRYPTO,USDT quote and base not in excluded taxonomy,r1.6 taxonomy v1,r1.6-taxonomy-v1,True,True
spot,ONTBNB,ONTBNB,UNKNOWN,non-USDT quote,archive symbol spelling,r1.6-taxonomy-v1,False,False
spot,ONTBTC,ONTBTC,UNKNOWN,non-USDT quote,archive symbol spelling,r1.6-taxonomy-v1,False,False
spot,ONTBUSD,ONTBUSD,UNKNOWN,non-USDT quote,archive symbol spelling,r1.6-taxonomy-v1,False,False
spot,ONTETH,ONTETH,UNKNOWN,non-USDT quote,archive symbol spelling,r1.6-taxonomy-v1,False,False
spot,ONTPAX,ONTPAX,UNKNOWN,non-USDT quote,archive symbol spelling,r1.6-taxonomy-v1,False,False
spot,ONTTRY,ONTTRY,UNKNOWN,non-USDT quote,archive symbol spelling,r1.6-taxonomy-v1,False,False
spot,ONTUSDC,ONTUSDC,UNKNOWN,non-USDT quote,archive symbol spelling,r1.6-taxonomy-v1,False,False
spot,ONTUSDT,ONT,CRYPTO,USDT quote and base not in excluded taxonomy,r1.6 taxonomy v1,r1.6-taxonomy-v1,True,True
spot,OOKIBNB,OOKIBNB,UNKNOWN,non-USDT quote,archive symbol spelling,r1.6-taxonomy-v1,False,False
spot,OOKIBUSD,OOKIBUSD,UNKNOWN,non-USDT quote,archive symbol spelling,r1.6-taxonomy-v1,False,False
spot,OOKIETH,OOKIETH,UNKNOWN,non-USDT quote,archive symbol spelling,r1.6-taxonomy-v1,False,False
spot,OOKIUSDT,OOKI,CRYPTO,USDT quote and base not in excluded taxonomy,r1.6 taxonomy v1,r1.6-taxonomy-v1,True,True
spot,OPBNB,OPBNB,UNKNOWN,non-USDT quote,archive symbol spelling,r1.6-taxonomy-v1,False,False
spot,OPBTC,OPBTC,UNKNOWN,non-USDT quote,archive symbol spelling,r1.6-taxonomy-v1,False,False
spot,OPBUSD,OPBUSD,UNKNOWN,non-USDT quote,archive symbol spelling,r1.6-taxonomy-v1,False,False
spot,OPENBNB,OPENBNB,UNKNOWN,non-USDT quote,archive symbol spelling,r1.6-taxonomy-v1,False,False
spot,OPENFDUSD,OPENFDUSD,UNKNOWN,non-USDT quote,archive symbol spelling,r1.6-taxonomy-v1,False,False
spot,OPENTRY,OPENTRY,UNKNOWN,non-USDT quote,archive symbol spelling,r1.6-taxonomy-v1,False,False
spot,OPENUSDC,OPENUSDC,UNKNOWN,non-USDT quote,archive symbol spelling,r1.6-taxonomy-v1,False,False
spot,OPENUSDT,OPEN,CRYPTO,USDT quote and base not in excluded taxonomy,r1.6 taxonomy v1,r1.6-taxonomy-v1,True,True
spot,OPETH,OPETH,UNKNOWN,non-USDT quote,archive symbol spelling,r1.6-taxonomy-v1,False,False
spot,OPEUR,OPEUR,UNKNOWN,non-USDT quote,archive symbol spelling,r1.6-taxonomy-v1,False,False
spot,OPFDUSD,OPFDUSD,UNKNOWN,non-USDT quote,archive symbol spelling,r1.6-taxonomy-v1,False,False
spot,OPGTRY,OPGTRY,UNKNOWN,non-USDT quote,archive symbol spelling,r1.6-taxonomy-v1,False,False
spot,OPGUSDC,OPGUSDC,UNKNOWN,non-USDT quote,archive symbol spelling,r1.6-taxonomy-v1,False,False
spot,OPGUSDT,OPG,CRYPTO,USDT quote and base not in excluded taxonomy,r1.6 taxonomy v1,r1.6-taxonomy-v1,True,True
spot,OPNBNB,OPNBNB,UNKNOWN,non-USDT quote,archive symbol spelling,r1.6-taxonomy-v1,False,False
spot,OPNTRY,OPNTRY,UNKNOWN,non-USDT quote,archive symbol spelling,r1.6-taxonomy-v1,False,False
spot,OPNU,OPNU,UNKNOWN,non-USDT quote,archive symbol spelling,r1.6-taxonomy-v1,False,False
spot,OPNUSD1,OPNUSD1,UNKNOWN,non-USDT quote,archive symbol spelling,r1.6-taxonomy-v1,False,False
spot,OPNUSDC,OPNUSDC,UNKNOWN,non-USDT quote,archive symbol spelling,r1.6-taxonomy-v1,False,False
spot,OPNUSDT,OPN,CRYPTO,USDT quote and base not in excluded taxonomy,r1.6 taxonomy v1,r1.6-taxonomy-v1,True,True
spot,OPTRY,OPTRY,UNKNOWN,non-USDT quote,archive symbol spelling,r1.6-taxonomy-v1,False,False
spot,OPTUSD,OPTUSD,UNKNOWN,non-USDT quote,archive symbol spelling,r1.6-taxonomy-v1,False,False
spot,OPUSDC,OPUSDC,UNKNOWN,non-USDT quote,archive symbol spelling,r1.6-taxonomy-v1,False,False
spot,OPUSDT,OP,CRYPTO,USDT quote and base not in excluded taxonomy,r1.6 taxonomy v1,r1.6-taxonomy-v1,True,True
spot,ORCAFDUSD,ORCAFDUSD,UNKNOWN,non-USDT quote,archive symbol spelling,r1.6-taxonomy-v1,False,False
spot,ORCATRY,ORCATRY,UNKNOWN,non-USDT quote,archive symbol spelling,r1.6-taxonomy-v1,False,False
spot,ORCAUSDC,ORCAUSDC,UNKNOWN,non-USDT quote,archive symbol spelling,r1.6-taxonomy-v1,False,False
spot,ORCAUSDT,ORCA,CRYPTO,USDT quote and base not in excluded taxonomy,r1.6 taxonomy v1,r1.6-taxonomy-v1,True,True
spot,ORCLBUSDT,ORCLB,CRYPTO,USDT quote and base not in excluded taxonomy,r1.6 taxonomy v1,r1.6-taxonomy-v1,True,True
spot,ORDIBTC,ORDIBTC,UNKNOWN,non-USDT quote,archive symbol spelling,r1.6-taxonomy-v1,False,False
spot,ORDIFDUSD,ORDIFDUSD,UNKNOWN,non-USDT quote,archive symbol spelling,r1.6-taxonomy-v1,False,False
spot,ORDITRY,ORDITRY,UNKNOWN,non-USDT quote,archive symbol spelling,r1.6-taxonomy-v1,False,False
spot,ORDITUSD,ORDITUSD,UNKNOWN,non-USDT quote,archive symbol spelling,r1.6-taxonomy-v1,False,False
spot,ORDIU,ORDIU,UNKNOWN,non-USDT quote,archive symbol spelling,r1.6-taxonomy-v1,False,False
spot,ORDIUSDC,ORDIUSDC,UNKNOWN,non-USDT quote,archive symbol spelling,r1.6-taxonomy-v1,False,False
spot,ORDIUSDT,ORDI,CRYPTO,USDT quote and base not in excluded taxonomy,r1.6 taxonomy v1,r1.6-taxonomy-v1,True,True
spot,ORNBTC,ORNBTC,UNKNOWN,non-USDT quote,archive symbol spelling,r1.6-taxonomy-v1,False,False
spot,ORNBUSD,ORNBUSD,UNKNOWN,non-USDT quote,archive symbol spelling,r1.6-taxonomy-v1,False,False
spot,ORNUSDT,ORN,CRYPTO,USDT quote and base not in excluded taxonomy,r1.6 taxonomy v1,r1.6-taxonomy-v1,True,True
spot,OSMOBTC,OSMOBTC,UNKNOWN,non-USDT quote,archive symbol spelling,r1.6-taxonomy-v1,False,False
spot,OSMOBUSD,OSMOBUSD,UNKNOWN,non-USDT quote,archive symbol spelling,r1.6-taxonomy-v1,False,False
spot,OSMOUSDC,OSMOUSDC,UNKNOWN,non-USDT quote,archive symbol spelling,r1.6-taxonomy-v1,False,False
spot,OSMOUSDT,OSMO,CRYPTO,USDT quote and base not in excluded taxonomy,r1.6 taxonomy v1,r1.6-taxonomy-v1,True,True
spot,OSTBNB,OSTBNB,UNKNOWN,non-USDT quote,archive symbol spelling,r1.6-taxonomy-v1,False,False
spot,OSTBTC,OSTBTC,UNKNOWN,non-USDT quote,archive symbol spelling,r1.6-taxonomy-v1,False,False
spot,OSTETH,OSTETH,UNKNOWN,non-USDT quote,archive symbol spelling,r1.6-taxonomy-v1,False,False
spot,OXTBTC,OXTBTC,UNKNOWN,non-USDT quote,archive symbol spelling,r1.6-taxonomy-v1,False,False
spot,OXTBUSD,OXTBUSD,UNKNOWN,non-USDT quote,archive symbol spelling,r1.6-taxonomy-v1,False,False
spot,OXTUSDT,OXT,CRYPTO,USDT quote and base not in excluded taxonomy,r1.6 taxonomy v1,r1.6-taxonomy-v1,True,True
spot,PARTIBNB,PARTIBNB,UNKNOWN,non-USDT quote,archive symbol spelling,r1.6-taxonomy-v1,False,False
spot,PARTIFDUSD,PARTIFDUSD,UNKNOWN,non-USDT quote,archive symbol spelling,r1.6-taxonomy-v1,False,False
spot,PARTITRY,PARTITRY,UNKNOWN,non-USDT quote,archive symbol spelling,r1.6-taxonomy-v1,False,False
spot,PARTIUSDC,PARTIUSDC,UNKNOWN,non-USDT quote,archive symbol spelling,r1.6-taxonomy-v1,False,False
spot,PARTIUSDT,PARTI,CRYPTO,USDT quote and base not in excluded taxonomy,r1.6 taxonomy v1,r1.6-taxonomy-v1,True,True
spot,PAXBNB,PAXBNB,UNKNOWN,non-USDT quote,archive symbol spelling,r1.6-taxonomy-v1,False,False
spot,PAXBTC,PAXBTC,UNKNOWN,non-USDT quote,archive symbol spelling,r1.6-taxonomy-v1,False,False
spot,PAXBUSD,PAXBUSD,UNKNOWN,non-USDT quote,archive symbol spelling,r1.6-taxonomy-v1,False,False
spot,PAXETH,PAXETH,UNKNOWN,non-USDT quote,archive symbol spelling,r1.6-taxonomy-v1,False,False
spot,PAXGBNB,PAXGBNB,UNKNOWN,non-USDT quote,archive symbol spelling,r1.6-taxonomy-v1,False,False
spot,PAXGBTC,PAXGBTC,UNKNOWN,non-USDT quote,archive symbol spelling,r1.6-taxonomy-v1,False,False
spot,PAXGBUSD,PAXGBUSD,UNKNOWN,non-USDT quote,archive symbol spelling,r1.6-taxonomy-v1,False,False
spot,PAXGTRY,PAXGTRY,UNKNOWN,non-USDT quote,archive symbol spelling,r1.6-taxonomy-v1,False,False
spot,PAXGU,PAXGU,UNKNOWN,non-USDT quote,archive symbol spelling,r1.6-taxonomy-v1,False,False
spot,PAXGUSD1,PAXGUSD1,UNKNOWN,non-USDT quote,archive symbol spelling,r1.6-taxonomy-v1,False,False
spot,PAXGUSDC,PAXGUSDC,UNKNOWN,non-USDT quote,archive symbol spelling,r1.6-taxonomy-v1,False,False
spot,PAXGUSDT,PAXG,CRYPTO,USDT quote and base not in excluded taxonomy,r1.6 taxonomy v1,r1.6-taxonomy-v1,True,True
spot,PAXTUSD,PAXTUSD,UNKNOWN,non-USDT quote,archive symbol spelling,r1.6-taxonomy-v1,False,False
spot,PAXUSDT,PAX,CRYPTO,USDT quote and base not in excluded taxonomy,r1.6 taxonomy v1,r1.6-taxonomy-v1,True,True
spot,PDABTC,PDABTC,UNKNOWN,non-USDT quote,archive symbol spelling,r1.6-taxonomy-v1,False,False
spot,PDAUSDT,PDA,CRYPTO,USDT quote and base not in excluded taxonomy,r1.6 taxonomy v1,r1.6-taxonomy-v1,True,True
spot,PENDLEBTC,PENDLEBTC,UNKNOWN,non-USDT quote,archive symbol spelling,r1.6-taxonomy-v1,False,False
spot,PENDLEFDUSD,PENDLEFDUSD,UNKNOWN,non-USDT quote,archive symbol spelling,r1.6-taxonomy-v1,False,False
spot,PENDLETRY,PENDLETRY,UNKNOWN,non-USDT quote,archive symbol spelling,r1.6-taxonomy-v1,False,False
spot,PENDLETUSD,PENDLETUSD,UNKNOWN,non-USDT quote,archive symbol spelling,r1.6-taxonomy-v1,False,False
spot,PENDLEUSDC,PENDLEUSDC,UNKNOWN,non-USDT quote,archive symbol spelling,r1.6-taxonomy-v1,False,False
spot,PENDLEUSDT,PENDLE,CRYPTO,USDT quote and base not in excluded taxonomy,r1.6 taxonomy v1,r1.6-taxonomy-v1,True,True
spot,PENGUBNB,PENGUBNB,UNKNOWN,non-USDT quote,archive symbol spelling,r1.6-taxonomy-v1,False,False
spot,PENGUFDUSD,PENGUFDUSD,UNKNOWN,non-USDT quote,archive symbol spelling,r1.6-taxonomy-v1,False,False
spot,PENGUTRY,PENGUTRY,UNKNOWN,non-USDT quote,archive symbol spelling,r1.6-taxonomy-v1,False,False
spot,PENGUUSDC,PENGUUSDC,UNKNOWN,non-USDT quote,archive symbol spelling,r1.6-taxonomy-v1,False,False
spot,PENGUUSDT,PENGU,CRYPTO,USDT quote and base not in excluded taxonomy,r1.6 taxonomy v1,r1.6-taxonomy-v1,True,True
spot,PEOPLEBNB,PEOPLEBNB,UNKNOWN,non-USDT quote,archive symbol spelling,r1.6-taxonomy-v1,False,False
spot,PEOPLEBTC,PEOPLEBTC,UNKNOWN,non-USDT quote,archive symbol spelling,r1.6-taxonomy-v1,False,False
spot,PEOPLEBUSD,PEOPLEBUSD,UNKNOWN,non-USDT quote,archive symbol spelling,r1.6-taxonomy-v1,False,False
spot,PEOPLEETH,PEOPLEETH,UNKNOWN,non-USDT quote,archive symbol spelling,r1.6-taxonomy-v1,False,False
spot,PEOPLEFDUSD,PEOPLEFDUSD,UNKNOWN,non-USDT quote,archive symbol spelling,r1.6-taxonomy-v1,False,False
spot,PEOPLETRY,PEOPLETRY,UNKNOWN,non-USDT quote,archive symbol spelling,r1.6-taxonomy-v1,False,False
spot,PEOPLEUSDC,PEOPLEUSDC,UNKNOWN,non-USDT quote,archive symbol spelling,r1.6-taxonomy-v1,False,False
spot,PEOPLEUSDT,PEOPLE,CRYPTO,USDT quote and base not in excluded taxonomy,r1.6 taxonomy v1,r1.6-taxonomy-v1,True,True
spot,PEPEBRL,PEPEBRL,UNKNOWN,non-USDT quote,archive symbol spelling,r1.6-taxonomy-v1,False,False
spot,PEPEEUR,PEPEEUR,UNKNOWN,non-USDT quote,archive symbol spelling,r1.6-taxonomy-v1,False,False
spot,PEPEFDUSD,PEPEFDUSD,UNKNOWN,non-USDT quote,archive symbol spelling,r1.6-taxonomy-v1,False,False
spot,PEPEJPY,PEPEJPY,UNKNOWN,non-USDT quote,archive symbol spelling,r1.6-taxonomy-v1,False,False
spot,PEPETRY,PEPETRY,UNKNOWN,non-USDT quote,archive symbol spelling,r1.6-taxonomy-v1,False,False
spot,PEPETUSD,PEPETUSD,UNKNOWN,non-USDT quote,archive symbol spelling,r1.6-taxonomy-v1,False,False
spot,PEPEU,PEPEU,UNKNOWN,non-USDT quote,archive symbol spelling,r1.6-taxonomy-v1,False,False
spot,PEPEUSD1,PEPEUSD1,UNKNOWN,non-USDT quote,archive symbol spelling,r1.6-taxonomy-v1,False,False
spot,PEPEUSDC,PEPEUSDC,UNKNOWN,non-USDT quote,archive symbol spelling,r1.6-taxonomy-v1,False,False
spot,PEPEUSDT,PEPE,CRYPTO,USDT quote and base not in excluded taxonomy,r1.6 taxonomy v1,r1.6-taxonomy-v1,True,True
spot,PERLBNB,PERLBNB,UNKNOWN,non-USDT quote,archive symbol spelling,r1.6-taxonomy-v1,False,False
spot,PERLBTC,PERLBTC,UNKNOWN,non-USDT quote,archive symbol spelling,r1.6-taxonomy-v1,False,False
spot,PERLUSDC,PERLUSDC,UNKNOWN,non-USDT quote,archive symbol spelling,r1.6-taxonomy-v1,False,False
spot,PERLUSDT,PERL,CRYPTO,USDT quote and base not in excluded taxonomy,r1.6 taxonomy v1,r1.6-taxonomy-v1,True,True
spot,PERPBTC,PERPBTC,UNKNOWN,non-USDT quote,archive symbol spelling,r1.6-taxonomy-v1,False,False
spot,PERPBUSD,PERPBUSD,UNKNOWN,non-USDT quote,archive symbol spelling,r1.6-taxonomy-v1,False,False
spot,PERPUSDT,PERP,CRYPTO,USDT quote and base not in excluded taxonomy,r1.6 taxonomy v1,r1.6-taxonomy-v1,True,True
spot,PHABTC,PHABTC,UNKNOWN,non-USDT quote,archive symbol spelling,r1.6-taxonomy-v1,False,False
spot,PHABUSD,PHABUSD,UNKNOWN,non-USDT quote,archive symbol spelling,r1.6-taxonomy-v1,False,False
spot,PHATRY,PHATRY,UNKNOWN,non-USDT quote,archive symbol spelling,r1.6-taxonomy-v1,False,False
spot,PHAUSDC,PHAUSDC,UNKNOWN,non-USDT quote,archive symbol spelling,r1.6-taxonomy-v1,False,False
spot,PHAUSDT,PHA,CRYPTO,USDT quote and base not in excluded taxonomy,r1.6 taxonomy v1,r1.6-taxonomy-v1,True,True
spot,PHBBNB,PHBBNB,UNKNOWN,non-USDT quote,archive symbol spelling,r1.6-taxonomy-v1,False,False
spot,PHBBTC,PHBBTC,UNKNOWN,non-USDT quote,archive symbol spelling,r1.6-taxonomy-v1,False,False
spot,PHBBUSD,PHBBUSD,UNKNOWN,non-USDT quote,archive symbol spelling,r1.6-taxonomy-v1,False,False
spot,PHBPAX,PHBPAX,UNKNOWN,non-USDT quote,archive symbol spelling,r1.6-taxonomy-v1,False,False
spot,PHBTRY,PHBTRY,UNKNOWN,non-USDT quote,archive symbol spelling,r1.6-taxonomy-v1,False,False
spot,PHBTUSD,PHBTUSD,UNKNOWN,non-USDT quote,archive symbol spelling,r1.6-taxonomy-v1,False,False
spot,PHBUSDC,PHBUSDC,UNKNOWN,non-USDT quote,archive symbol spelling,r1.6-taxonomy-v1,False,False
spot,PHBUSDT,PHB,CRYPTO,USDT quote and base not in excluded taxonomy,r1.6 taxonomy v1,r1.6-taxonomy-v1,True,True
spot,PHXBNB,PHXBNB,UNKNOWN,non-USDT quote,archive symbol spelling,r1.6-taxonomy-v1,False,False
spot,PHXBTC,PHXBTC,UNKNOWN,non-USDT quote,archive symbol spelling,r1.6-taxonomy-v1,False,False
spot,PHXETH,PHXETH,UNKNOWN,non-USDT quote,archive symbol spelling,r1.6-taxonomy-v1,False,False
spot,PIVXBNB,PIVXBNB,UNKNOWN,non-USDT quote,archive symbol spelling,r1.6-taxonomy-v1,False,False
spot,PIVXBTC,PIVXBTC,UNKNOWN,non-USDT quote,archive symbol spelling,r1.6-taxonomy-v1,False,False
spot,PIVXETH,PIVXETH,UNKNOWN,non-USDT quote,archive symbol spelling,r1.6-taxonomy-v1,False,False
spot,PIVXUSDT,PIVX,CRYPTO,USDT quote and base not in excluded taxonomy,r1.6 taxonomy v1,r1.6-taxonomy-v1,True,True
spot,PIXELBNB,PIXELBNB,UNKNOWN,non-USDT quote,archive symbol spelling,r1.6-taxonomy-v1,False,False
spot,PIXELBTC,PIXELBTC,UNKNOWN,non-USDT quote,archive symbol spelling,r1.6-taxonomy-v1,False,False
spot,PIXELFDUSD,PIXELFDUSD,UNKNOWN,non-USDT quote,archive symbol spelling,r1.6-taxonomy-v1,False,False
spot,PIXELTRY,PIXELTRY,UNKNOWN,non-USDT quote,archive symbol spelling,r1.6-taxonomy-v1,False,False
spot,PIXELUSDC,PIXELUSDC,UNKNOWN,non-USDT quote,archive symbol spelling,r1.6-taxonomy-v1,False,False
spot,PIXELUSDT,PIXEL,CRYPTO,USDT quote and base not in excluded taxonomy,r1.6 taxonomy v1,r1.6-taxonomy-v1,True,True
spot,PLABNB,PLABNB,UNKNOWN,non-USDT quote,archive symbol spelling,r1.6-taxonomy-v1,False,False
spot,PLABTC,PLABTC,UNKNOWN,non-USDT quote,archive symbol spelling,r1.6-taxonomy-v1,False,False
spot,PLABUSD,PLABUSD,UNKNOWN,non-USDT quote,archive symbol spelling,r1.6-taxonomy-v1,False,False
spot,PLAUSDT,PLA,CRYPTO,USDT quote and base not in excluded taxonomy,r1.6 taxonomy v1,r1.6-taxonomy-v1,True,True
spot,PLTRBUSDT,PLTRB,CRYPTO,USDT quote and base not in excluded taxonomy,r1.6 taxonomy v1,r1.6-taxonomy-v1,True,True
spot,PLUMEBNB,PLUMEBNB,UNKNOWN,non-USDT quote,archive symbol spelling,r1.6-taxonomy-v1,False,False
spot,PLUMEFDUSD,PLUMEFDUSD,UNKNOWN,non-USDT quote,archive symbol spelling,r1.6-taxonomy-v1,False,False
spot,PLUMETRY,PLUMETRY,UNKNOWN,non-USDT quote,archive symbol spelling,r1.6-taxonomy-v1,False,False
spot,PLUMEUSDC,PLUMEUSDC,UNKNOWN,non-USDT quote,archive symbol spelling,r1.6-taxonomy-v1,False,False
spot,PLUMEUSDT,PLUME,CRYPTO,USDT quote and base not in excluded taxonomy,r1.6 taxonomy v1,r1.6-taxonomy-v1,True,True
spot,PNTBTC,PNTBTC,UNKNOWN,non-USDT quote,archive symbol spelling,r1.6-taxonomy-v1,False,False
spot,PNTUSDT,PNT,CRYPTO,USDT quote and base not in excluded taxonomy,r1.6 taxonomy v1,r1.6-taxonomy-v1,True,True
spot,PNUTBRL,PNUTBRL,UNKNOWN,non-USDT quote,archive symbol spelling,r1.6-taxonomy-v1,False,False
spot,PNUTBTC,PNUTBTC,UNKNOWN,non-USDT quote,archive symbol spelling,r1.6-taxonomy-v1,False,False
spot,PNUTEUR,PNUTEUR,UNKNOWN,non-USDT quote,archive symbol spelling,r1.6-taxonomy-v1,False,False
spot,PNUTFDUSD,PNUTFDUSD,UNKNOWN,non-USDT quote,archive symbol spelling,r1.6-taxonomy-v1,False,False
spot,PNUTTRY,PNUTTRY,UNKNOWN,non-USDT quote,archive symbol spelling,r1.6-taxonomy-v1,False,False
spot,PNUTUSDC,PNUTUSDC,UNKNOWN,non-USDT quote,archive symbol spelling,r1.6-taxonomy-v1,False,False
spot,PNUTUSDT,PNUT,CRYPTO,USDT quote and base not in excluded taxonomy,r1.6 taxonomy v1,r1.6-taxonomy-v1,True,True
spot,POABNB,POABNB,UNKNOWN,non-USDT quote,archive symbol spelling,r1.6-taxonomy-v1,False,False
spot,POABTC,POABTC,UNKNOWN,non-USDT quote,archive symbol spelling,r1.6-taxonomy-v1,False,False
spot,POAETH,POAETH,UNKNOWN,non-USDT quote,archive symbol spelling,r1.6-taxonomy-v1,False,False
spot,POEBTC,POEBTC,UNKNOWN,non-USDT quote,archive symbol spelling,r1.6-taxonomy-v1,False,False
spot,POEETH,POEETH,UNKNOWN,non-USDT quote,archive symbol spelling,r1.6-taxonomy-v1,False,False
spot,POLBNB,POLBNB,UNKNOWN,non-USDT quote,archive symbol spelling,r1.6-taxonomy-v1,False,False
spot,POLBRL,POLBRL,UNKNOWN,non-USDT quote,archive symbol spelling,r1.6-taxonomy-v1,False,False
spot,POLBTC,POLBTC,UNKNOWN,non-USDT quote,archive symbol spelling,r1.6-taxonomy-v1,False,False
spot,POLETH,POLETH,UNKNOWN,non-USDT quote,archive symbol spelling,r1.6-taxonomy-v1,False,False
spot,POLEUR,POLEUR,UNKNOWN,non-USDT quote,archive symbol spelling,r1.6-taxonomy-v1,False,False
spot,POLFDUSD,POLFDUSD,UNKNOWN,non-USDT quote,archive symbol spelling,r1.6-taxonomy-v1,False,False
spot,POLIDR,POLIDR,UNKNOWN,non-USDT quote,archive symbol spelling,r1.6-taxonomy-v1,False,False
spot,POLJPY,POLJPY,UNKNOWN,non-USDT quote,archive symbol spelling,r1.6-taxonomy-v1,False,False
spot,POLSBNB,POLSBNB,UNKNOWN,non-USDT quote,archive symbol spelling,r1.6-taxonomy-v1,False,False
spot,POLSBTC,POLSBTC,UNKNOWN,non-USDT quote,archive symbol spelling,r1.6-taxonomy-v1,False,False
spot,POLSBUSD,POLSBUSD,UNKNOWN,non-USDT quote,archive symbol spelling,r1.6-taxonomy-v1,False,False
spot,POLSUSDT,POLS,CRYPTO,USDT quote and base not in excluded taxonomy,r1.6 taxonomy v1,r1.6-taxonomy-v1,True,True
spot,POLTRY,POLTRY,UNKNOWN,non-USDT quote,archive symbol spelling,r1.6-taxonomy-v1,False,False
spot,POLUSDC,POLUSDC,UNKNOWN,non-USDT quote,archive symbol spelling,r1.6-taxonomy-v1,False,False
spot,POLUSDT,POL,CRYPTO,USDT quote and base not in excluded taxonomy,r1.6 taxonomy v1,r1.6-taxonomy-v1,True,True
spot,POLYBNB,POLYBNB,UNKNOWN,non-USDT quote,archive symbol spelling,r1.6-taxonomy-v1,False,False
spot,POLYBTC,POLYBTC,UNKNOWN,non-USDT quote,archive symbol spelling,r1.6-taxonomy-v1,False,False
spot,POLYBUSD,POLYBUSD,UNKNOWN,non-USDT quote,archive symbol spelling,r1.6-taxonomy-v1,False,False
spot,POLYUSDT,POLY,CRYPTO,USDT quote and base not in excluded taxonomy,r1.6 taxonomy v1,r1.6-taxonomy-v1,True,True
spot,POLYXBTC,POLYXBTC,UNKNOWN,non-USDT quote,archive symbol spelling,r1.6-taxonomy-v1,False,False
spot,POLYXBUSD,POLYXBUSD,UNKNOWN,non-USDT quote,archive symbol spelling,r1.6-taxonomy-v1,False,False
spot,POLYXTRY,POLYXTRY,UNKNOWN,non-USDT quote,archive symbol spelling,r1.6-taxonomy-v1,False,False
spot,POLYXUSDT,POLYX,CRYPTO,USDT quote and base not in excluded taxonomy,r1.6 taxonomy v1,r1.6-taxonomy-v1,True,True
spot,PONDBTC,PONDBTC,UNKNOWN,non-USDT quote,archive symbol spelling,r1.6-taxonomy-v1,False,False
spot,PONDBUSD,PONDBUSD,UNKNOWN,non-USDT quote,archive symbol spelling,r1.6-taxonomy-v1,False,False
spot,PONDUSDT,POND,CRYPTO,USDT quote and base not in excluded taxonomy,r1.6 taxonomy v1,r1.6-taxonomy-v1,True,True
spot,PORTALBNB,PORTALBNB,UNKNOWN,non-USDT quote,archive symbol spelling,r1.6-taxonomy-v1,False,False
spot,PORTALBTC,PORTALBTC,UNKNOWN,non-USDT quote,archive symbol spelling,r1.6-taxonomy-v1,False,False
spot,PORTALFDUSD,PORTALFDUSD,UNKNOWN,non-USDT quote,archive symbol spelling,r1.6-taxonomy-v1,False,False
spot,PORTALTRY,PORTALTRY,UNKNOWN,non-USDT quote,archive symbol spelling,r1.6-taxonomy-v1,False,False
spot,PORTALUSDT,PORTAL,CRYPTO,USDT quote and base not in excluded taxonomy,r1.6 taxonomy v1,r1.6-taxonomy-v1,True,True
spot,PORTOBTC,PORTOBTC,UNKNOWN,non-USDT quote,archive symbol spelling,r1.6-taxonomy-v1,False,False
spot,PORTOBUSD,PORTOBUSD,UNKNOWN,non-USDT quote,archive symbol spelling,r1.6-taxonomy-v1,False,False
spot,PORTOEUR,PORTOEUR,UNKNOWN,non-USDT quote,archive symbol spelling,r1.6-taxonomy-v1,False,False
spot,PORTOTRY,PORTOTRY,UNKNOWN,non-USDT quote,archive symbol spelling,r1.6-taxonomy-v1,False,False
spot,PORTOUSDT,PORTO,CRYPTO,USDT quote and base not in excluded taxonomy,r1.6 taxonomy v1,r1.6-taxonomy-v1,True,True
spot,POWRBNB,POWRBNB,UNKNOWN,non-USDT quote,archive symbol spelling,r1.6-taxonomy-v1,False,False
spot,POWRBTC,POWRBTC,UNKNOWN,non-USDT quote,archive symbol spelling,r1.6-taxonomy-v1,False,False
spot,POWRBUSD,POWRBUSD,UNKNOWN,non-USDT quote,archive symbol spelling,r1.6-taxonomy-v1,False,False
spot,POWRETH,POWRETH,UNKNOWN,non-USDT quote,archive symbol spelling,r1.6-taxonomy-v1,False,False
spot,POWRUSDT,POWR,CRYPTO,USDT quote and base not in excluded taxonomy,r1.6 taxonomy v1,r1.6-taxonomy-v1,True,True
spot,PPTBTC,PPTBTC,UNKNOWN,non-USDT quote,archive symbol spelling,r1.6-taxonomy-v1,False,False
spot,PPTETH,PPTETH,UNKNOWN,non-USDT quote,archive symbol spelling,r1.6-taxonomy-v1,False,False
spot,PROMBNB,PROMBNB,UNKNOWN,non-USDT quote,archive symbol spelling,r1.6-taxonomy-v1,False,False
spot,PROMBTC,PROMBTC,UNKNOWN,non-USDT quote,archive symbol spelling,r1.6-taxonomy-v1,False,False
spot,PROMBUSD,PROMBUSD,UNKNOWN,non-USDT quote,archive symbol spelling,r1.6-taxonomy-v1,False,False
spot,PROMUSDT,PROM,CRYPTO,USDT quote and base not in excluded taxonomy,r1.6 taxonomy v1,r1.6-taxonomy-v1,True,True
spot,PROSBUSD,PROSBUSD,UNKNOWN,non-USDT quote,archive symbol spelling,r1.6-taxonomy-v1,False,False
spot,PROSETH,PROSETH,UNKNOWN,non-USDT quote,archive symbol spelling,r1.6-taxonomy-v1,False,False
spot,PROSUSDT,PROS,CRYPTO,USDT quote and base not in excluded taxonomy,r1.6 taxonomy v1,r1.6-taxonomy-v1,True,True
spot,PROVEBNB,PROVEBNB,UNKNOWN,non-USDT quote,archive symbol spelling,r1.6-taxonomy-v1,False,False
spot,PROVEFDUSD,PROVEFDUSD,UNKNOWN,non-USDT quote,archive symbol spelling,r1.6-taxonomy-v1,False,False
spot,PROVETRY,PROVETRY,UNKNOWN,non-USDT quote,archive symbol spelling,r1.6-taxonomy-v1,False,False
spot,PROVEUSDC,PROVEUSDC,UNKNOWN,non-USDT quote,archive symbol spelling,r1.6-taxonomy-v1,False,False
spot,PROVEUSDT,PROVE,CRYPTO,USDT quote and base not in excluded taxonomy,r1.6 taxonomy v1,r1.6-taxonomy-v1,True,True
spot,PSGBTC,PSGBTC,UNKNOWN,non-USDT quote,archive symbol spelling,r1.6-taxonomy-v1,False,False
spot,PSGBUSD,PSGBUSD,UNKNOWN,non-USDT quote,archive symbol spelling,r1.6-taxonomy-v1,False,False
spot,PSGTRY,PSGTRY,UNKNOWN,non-USDT quote,archive symbol spelling,r1.6-taxonomy-v1,False,False
spot,PSGUSDT,PSG,CRYPTO,USDT quote and base not in excluded taxonomy,r1.6 taxonomy v1,r1.6-taxonomy-v1,True,True
spot,PUMPTRY,PUMPTRY,UNKNOWN,non-USDT quote,archive symbol spelling,r1.6-taxonomy-v1,False,False
spot,PUMPUSDC,PUMPUSDC,UNKNOWN,non-USDT quote,archive symbol spelling,r1.6-taxonomy-v1,False,False
spot,PUMPUSDT,PUMP,CRYPTO,USDT quote and base not in excluded taxonomy,r1.6 taxonomy v1,r1.6-taxonomy-v1,True,True
spot,PUNDIXBUSD,PUNDIXBUSD,UNKNOWN,non-USDT quote,archive symbol spelling,r1.6-taxonomy-v1,False,False
spot,PUNDIXETH,PUNDIXETH,UNKNOWN,non-USDT quote,archive symbol spelling,r1.6-taxonomy-v1,False,False
spot,PUNDIXUSDC,PUNDIXUSDC,UNKNOWN,non-USDT quote,archive symbol spelling,r1.6-taxonomy-v1,False,False
spot,PUNDIXUSDT,PUNDIX,CRYPTO,USDT quote and base not in excluded taxonomy,r1.6 taxonomy v1,r1.6-taxonomy-v1,True,True
spot,PYPLBUSDT,PYPLB,CRYPTO,USDT quote and base not in excluded taxonomy,r1.6 taxonomy v1,r1.6-taxonomy-v1,True,True
spot,PYRBTC,PYRBTC,UNKNOWN,non-USDT quote,archive symbol spelling,r1.6-taxonomy-v1,False,False
spot,PYRBUSD,PYRBUSD,UNKNOWN,non-USDT quote,archive symbol spelling,r1.6-taxonomy-v1,False,False
spot,PYRUSDT,PYR,CRYPTO,USDT quote and base not in excluded taxonomy,r1.6 taxonomy v1,r1.6-taxonomy-v1,True,True
spot,PYTHBTC,PYTHBTC,UNKNOWN,non-USDT quote,archive symbol spelling,r1.6-taxonomy-v1,False,False
spot,PYTHFDUSD,PYTHFDUSD,UNKNOWN,non-USDT quote,archive symbol spelling,r1.6-taxonomy-v1,False,False
spot,PYTHTRY,PYTHTRY,UNKNOWN,non-USDT quote,archive symbol spelling,r1.6-taxonomy-v1,False,False
spot,PYTHUSDC,PYTHUSDC,UNKNOWN,non-USDT quote,archive symbol spelling,r1.6-taxonomy-v1,False,False
spot,PYTHUSDT,PYTH,CRYPTO,USDT quote and base not in excluded taxonomy,r1.6 taxonomy v1,r1.6-taxonomy-v1,True,True
spot,QCOMBUSDT,QCOMB,CRYPTO,USDT quote and base not in excluded taxonomy,r1.6 taxonomy v1,r1.6-taxonomy-v1,True,True
spot,QIBNB,QIBNB,UNKNOWN,non-USDT quote,archive symbol spelling,r1.6-taxonomy-v1,False,False
spot,QIBTC,QIBTC,UNKNOWN,non-USDT quote,archive symbol spelling,r1.6-taxonomy-v1,False,False
spot,QIBUSD,QIBUSD,UNKNOWN,non-USDT quote,archive symbol spelling,r1.6-taxonomy-v1,False,False
spot,QIUSDT,QI,CRYPTO,USDT quote and base not in excluded taxonomy,r1.6 taxonomy v1,r1.6-taxonomy-v1,True,True
spot,QKCBTC,QKCBTC,UNKNOWN,non-USDT quote,archive symbol spelling,r1.6-taxonomy-v1,False,False
spot,QKCBUSD,QKCBUSD,UNKNOWN,non-USDT quote,archive symbol spelling,r1.6-taxonomy-v1,False,False
spot,QKCETH,QKCETH,UNKNOWN,non-USDT quote,archive symbol spelling,r1.6-taxonomy-v1,False,False
spot,QKCUSDT,QKC,CRYPTO,USDT quote and base not in excluded taxonomy,r1.6 taxonomy v1,r1.6-taxonomy-v1,True,True
spot,QLCBNB,QLCBNB,UNKNOWN,non-USDT quote,archive symbol spelling,r1.6-taxonomy-v1,False,False
spot,QLCBTC,QLCBTC,UNKNOWN,non-USDT quote,archive symbol spelling,r1.6-taxonomy-v1,False,False
spot,QLCETH,QLCETH,UNKNOWN,non-USDT quote,archive symbol spelling,r1.6-taxonomy-v1,False,False
spot,QNTBNB,QNTBNB,UNKNOWN,non-USDT quote,archive symbol spelling,r1.6-taxonomy-v1,False,False
spot,QNTBTC,QNTBTC,UNKNOWN,non-USDT quote,archive symbol spelling,r1.6-taxonomy-v1,False,False
spot,QNTBUSD,QNTBUSD,UNKNOWN,non-USDT quote,archive symbol spelling,r1.6-taxonomy-v1,False,False
spot,QNTBUSDT,QNTB,CRYPTO,USDT quote and base not in excluded taxonomy,r1.6 taxonomy v1,r1.6-taxonomy-v1,True,True
spot,QNTUSDC,QNTUSDC,UNKNOWN,non-USDT quote,archive symbol spelling,r1.6-taxonomy-v1,False,False
spot,QNTUSDT,QNT,CRYPTO,USDT quote and base not in excluded taxonomy,r1.6 taxonomy v1,r1.6-taxonomy-v1,True,True
spot,QQQBUSDT,QQQB,CRYPTO,USDT quote and base not in excluded taxonomy,r1.6 taxonomy v1,r1.6-taxonomy-v1,True,True
spot,QSPBNB,QSPBNB,UNKNOWN,non-USDT quote,archive symbol spelling,r1.6-taxonomy-v1,False,False
spot,QSPBTC,QSPBTC,UNKNOWN,non-USDT quote,archive symbol spelling,r1.6-taxonomy-v1,False,False
spot,QSPETH,QSPETH,UNKNOWN,non-USDT quote,archive symbol spelling,r1.6-taxonomy-v1,False,False
spot,QTUMBNB,QTUMBNB,UNKNOWN,non-USDT quote,archive symbol spelling,r1.6-taxonomy-v1,False,False
spot,QTUMBTC,QTUMBTC,UNKNOWN,non-USDT quote,archive symbol spelling,r1.6-taxonomy-v1,False,False
spot,QTUMBUSD,QTUMBUSD,UNKNOWN,non-USDT quote,archive symbol spelling,r1.6-taxonomy-v1,False,False
spot,QTUMETH,QTUMETH,UNKNOWN,non-USDT quote,archive symbol spelling,r1.6-taxonomy-v1,False,False
spot,QTUMTRY,QTUMTRY,UNKNOWN,non-USDT quote,archive symbol spelling,r1.6-taxonomy-v1,False,False
spot,QTUMUSDC,QTUMUSDC,UNKNOWN,non-USDT quote,archive symbol spelling,r1.6-taxonomy-v1,False,False
spot,QTUMUSDT,QTUM,CRYPTO,USDT quote and base not in excluded taxonomy,r1.6 taxonomy v1,r1.6-taxonomy-v1,True,True
spot,QUICKBNB,QUICKBNB,UNKNOWN,non-USDT quote,archive symbol spelling,r1.6-taxonomy-v1,False,False
spot,QUICKBTC,QUICKBTC,UNKNOWN,non-USDT quote,archive symbol spelling,r1.6-taxonomy-v1,False,False
spot,QUICKBUSD,QUICKBUSD,UNKNOWN,non-USDT quote,archive symbol spelling,r1.6-taxonomy-v1,False,False
spot,QUICKTUSD,QUICKTUSD,UNKNOWN,non-USDT quote,archive symbol spelling,r1.6-taxonomy-v1,False,False
spot,QUICKUSDT,QUICK,CRYPTO,USDT quote and base not in excluded taxonomy,r1.6 taxonomy v1,r1.6-taxonomy-v1,True,True
spot,RADBNB,RADBNB,UNKNOWN,non-USDT quote,archive symbol spelling,r1.6-taxonomy-v1,False,False
spot,RADBTC,RADBTC,UNKNOWN,non-USDT quote,archive symbol spelling,r1.6-taxonomy-v1,False,False
spot,RADBUSD,RADBUSD,UNKNOWN,non-USDT quote,archive symbol spelling,r1.6-taxonomy-v1,False,False
spot,RADTRY,RADTRY,UNKNOWN,non-USDT quote,archive symbol spelling,r1.6-taxonomy-v1,False,False
spot,RADUSDT,RAD,CRYPTO,USDT quote and base not in excluded taxonomy,r1.6 taxonomy v1,r1.6-taxonomy-v1,True,True
spot,RAMPBTC,RAMPBTC,UNKNOWN,non-USDT quote,archive symbol spelling,r1.6-taxonomy-v1,False,False
spot,RAMPBUSD,RAMPBUSD,UNKNOWN,non-USDT quote,archive symbol spelling,r1.6-taxonomy-v1,False,False
spot,RAMPUSDT,RAMP,CRYPTO,USDT quote and base not in excluded taxonomy,r1.6 taxonomy v1,r1.6-taxonomy-v1,True,True
spot,RAREBNB,RAREBNB,UNKNOWN,non-USDT quote,archive symbol spelling,r1.6-taxonomy-v1,False,False
spot,RAREBRL,RAREBRL,UNKNOWN,non-USDT quote,archive symbol spelling,r1.6-taxonomy-v1,False,False
spot,RAREBTC,RAREBTC,UNKNOWN,non-USDT quote,archive symbol spelling,r1.6-taxonomy-v1,False,False
spot,RAREBUSD,RAREBUSD,UNKNOWN,non-USDT quote,archive symbol spelling,r1.6-taxonomy-v1,False,False
spot,RARETRY,RARETRY,UNKNOWN,non-USDT quote,archive symbol spelling,r1.6-taxonomy-v1,False,False
spot,RAREUSDC,RAREUSDC,UNKNOWN,non-USDT quote,archive symbol spelling,r1.6-taxonomy-v1,False,False
spot,RAREUSDT,RARE,CRYPTO,USDT quote and base not in excluded taxonomy,r1.6 taxonomy v1,r1.6-taxonomy-v1,True,True
spot,RAYBNB,RAYBNB,UNKNOWN,non-USDT quote,archive symbol spelling,r1.6-taxonomy-v1,False,False
spot,RAYBUSD,RAYBUSD,UNKNOWN,non-USDT quote,archive symbol spelling,r1.6-taxonomy-v1,False,False
spot,RAYFDUSD,RAYFDUSD,UNKNOWN,non-USDT quote,archive symbol spelling,r1.6-taxonomy-v1,False,False
spot,RAYTRY,RAYTRY,UNKNOWN,non-USDT quote,archive symbol spelling,r1.6-taxonomy-v1,False,False
spot,RAYUSDC,RAYUSDC,UNKNOWN,non-USDT quote,archive symbol spelling,r1.6-taxonomy-v1,False,False
spot,RAYUSDT,RAY,CRYPTO,USDT quote and base not in excluded taxonomy,r1.6 taxonomy v1,r1.6-taxonomy-v1,True,True
spot,RCNBNB,RCNBNB,UNKNOWN,non-USDT quote,archive symbol spelling,r1.6-taxonomy-v1,False,False
spot,RCNBTC,RCNBTC,UNKNOWN,non-USDT quote,archive symbol spelling,r1.6-taxonomy-v1,False,False
spot,RCNETH,RCNETH,UNKNOWN,non-USDT quote,archive symbol spelling,r1.6-taxonomy-v1,False,False
spot,RDNBNB,RDNBNB,UNKNOWN,non-USDT quote,archive symbol spelling,r1.6-taxonomy-v1,False,False
spot,RDNBTC,RDNBTC,UNKNOWN,non-USDT quote,archive symbol spelling,r1.6-taxonomy-v1,False,False
spot,RDNETH,RDNETH,UNKNOWN,non-USDT quote,archive symbol spelling,r1.6-taxonomy-v1,False,False
spot,RDNTBTC,RDNTBTC,UNKNOWN,non-USDT quote,archive symbol spelling,r1.6-taxonomy-v1,False,False
spot,RDNTTRY,RDNTTRY,UNKNOWN,non-USDT quote,archive symbol spelling,r1.6-taxonomy-v1,False,False
spot,RDNTTUSD,RDNTTUSD,UNKNOWN,non-USDT quote,archive symbol spelling,r1.6-taxonomy-v1,False,False
spot,RDNTUSDT,RDNT,CRYPTO,USDT quote and base not in excluded taxonomy,r1.6 taxonomy v1,r1.6-taxonomy-v1,True,True
spot,REDBTC,REDBTC,UNKNOWN,non-USDT quote,archive symbol spelling,r1.6-taxonomy-v1,False,False
spot,REDFDUSD,REDFDUSD,UNKNOWN,non-USDT quote,archive symbol spelling,r1.6-taxonomy-v1,False,False
spot,REDTRY,REDTRY,UNKNOWN,non-USDT quote,archive symbol spelling,r1.6-taxonomy-v1,False,False
spot,REDUSDC,REDUSDC,UNKNOWN,non-USDT quote,archive symbol spelling,r1.6-taxonomy-v1,False,False
spot,REDUSDT,RED,CRYPTO,USDT quote and base not in excluded taxonomy,r1.6 taxonomy v1,r1.6-taxonomy-v1,True,True
spot,REEFBIDR,REEFBIDR,UNKNOWN,non-USDT quote,archive symbol spelling,r1.6-taxonomy-v1,False,False
spot,REEFBTC,REEFBTC,UNKNOWN,non-USDT quote,archive symbol spelling,r1.6-taxonomy-v1,False,False
spot,REEFBUSD,REEFBUSD,UNKNOWN,non-USDT quote,archive symbol spelling,r1.6-taxonomy-v1,False,False
spot,REEFTRY,REEFTRY,UNKNOWN,non-USDT quote,archive symbol spelling,r1.6-taxonomy-v1,False,False
spot,REEFUSDT,REEF,CRYPTO,USDT quote and base not in excluded taxonomy,r1.6 taxonomy v1,r1.6-taxonomy-v1,True,True
spot,REIBNB,REIBNB,UNKNOWN,non-USDT quote,archive symbol spelling,r1.6-taxonomy-v1,False,False
spot,REIBUSD,REIBUSD,UNKNOWN,non-USDT quote,archive symbol spelling,r1.6-taxonomy-v1,False,False
spot,REIETH,REIETH,UNKNOWN,non-USDT quote,archive symbol spelling,r1.6-taxonomy-v1,False,False
spot,REIUSDT,REI,CRYPTO,USDT quote and base not in excluded taxonomy,r1.6 taxonomy v1,r1.6-taxonomy-v1,True,True
spot,RENBNB,RENBNB,UNKNOWN,non-USDT quote,archive symbol spelling,r1.6-taxonomy-v1,False,False
spot,RENBTC,RENBTC,UNKNOWN,non-USDT quote,archive symbol spelling,r1.6-taxonomy-v1,False,False
spot,RENBTCBTC,RENBTCBTC,UNKNOWN,non-USDT quote,archive symbol spelling,r1.6-taxonomy-v1,False,False
spot,RENBTCETH,RENBTCETH,UNKNOWN,non-USDT quote,archive symbol spelling,r1.6-taxonomy-v1,False,False
spot,RENBUSD,RENBUSD,UNKNOWN,non-USDT quote,archive symbol spelling,r1.6-taxonomy-v1,False,False
spot,RENDERBRL,RENDERBRL,UNKNOWN,non-USDT quote,archive symbol spelling,r1.6-taxonomy-v1,False,False
spot,RENDERBTC,RENDERBTC,UNKNOWN,non-USDT quote,archive symbol spelling,r1.6-taxonomy-v1,False,False
spot,RENDEREUR,RENDEREUR,UNKNOWN,non-USDT quote,archive symbol spelling,r1.6-taxonomy-v1,False,False
spot,RENDERFDUSD,RENDERFDUSD,UNKNOWN,non-USDT quote,archive symbol spelling,r1.6-taxonomy-v1,False,False
spot,RENDERIDR,RENDERIDR,UNKNOWN,non-USDT quote,archive symbol spelling,r1.6-taxonomy-v1,False,False
spot,RENDERTRY,RENDERTRY,UNKNOWN,non-USDT quote,archive symbol spelling,r1.6-taxonomy-v1,False,False
spot,RENDERUSDC,RENDERUSDC,UNKNOWN,non-USDT quote,archive symbol spelling,r1.6-taxonomy-v1,False,False
spot,RENDERUSDT,RENDER,CRYPTO,USDT quote and base not in excluded taxonomy,r1.6 taxonomy v1,r1.6-taxonomy-v1,True,True
spot,RENUSDT,REN,CRYPTO,USDT quote and base not in excluded taxonomy,r1.6 taxonomy v1,r1.6-taxonomy-v1,True,True
spot,REPBNB,REPBNB,UNKNOWN,non-USDT quote,archive symbol spelling,r1.6-taxonomy-v1,False,False
spot,REPBTC,REPBTC,UNKNOWN,non-USDT quote,archive symbol spelling,r1.6-taxonomy-v1,False,False
spot,REPBUSD,REPBUSD,UNKNOWN,non-USDT quote,archive symbol spelling,r1.6-taxonomy-v1,False,False
spot,REPETH,REPETH,UNKNOWN,non-USDT quote,archive symbol spelling,r1.6-taxonomy-v1,False,False
spot,REPUSDT,REP,CRYPTO,USDT quote and base not in excluded taxonomy,r1.6 taxonomy v1,r1.6-taxonomy-v1,True,True
spot,REQBTC,REQBTC,UNKNOWN,non-USDT quote,archive symbol spelling,r1.6-taxonomy-v1,False,False
spot,REQBUSD,REQBUSD,UNKNOWN,non-USDT quote,archive symbol spelling,r1.6-taxonomy-v1,False,False
spot,REQETH,REQETH,UNKNOWN,non-USDT quote,archive symbol spelling,r1.6-taxonomy-v1,False,False
spot,REQUSDT,REQ,CRYPTO,USDT quote and base not in excluded taxonomy,r1.6 taxonomy v1,r1.6-taxonomy-v1,True,True
spot,RESOLVBNB,RESOLVBNB,UNKNOWN,non-USDT quote,archive symbol spelling,r1.6-taxonomy-v1,False,False
spot,RESOLVFDUSD,RESOLVFDUSD,UNKNOWN,non-USDT quote,archive symbol spelling,r1.6-taxonomy-v1,False,False
spot,RESOLVTRY,RESOLVTRY,UNKNOWN,non-USDT quote,archive symbol spelling,r1.6-taxonomy-v1,False,False
spot,RESOLVUSDC,RESOLVUSDC,UNKNOWN,non-USDT quote,archive symbol spelling,r1.6-taxonomy-v1,False,False
spot,RESOLVUSDT,RESOLV,CRYPTO,USDT quote and base not in excluded taxonomy,r1.6 taxonomy v1,r1.6-taxonomy-v1,True,True
spot,RETRY,RETRY,UNKNOWN,non-USDT quote,archive symbol spelling,r1.6-taxonomy-v1,False,False
spot,REU,REU,UNKNOWN,non-USDT quote,archive symbol spelling,r1.6-taxonomy-v1,False,False
spot,REUSD1,REUSD1,UNKNOWN,non-USDT quote,archive symbol spelling,r1.6-taxonomy-v1,False,False
spot,REUSDC,REUSDC,UNKNOWN,non-USDT quote,archive symbol spelling,r1.6-taxonomy-v1,False,False
spot,REUSDT,RE,CRYPTO,USDT quote and base not in excluded taxonomy,r1.6 taxonomy v1,r1.6-taxonomy-v1,True,True
spot,REZBNB,REZBNB,UNKNOWN,non-USDT quote,archive symbol spelling,r1.6-taxonomy-v1,False,False
spot,REZBTC,REZBTC,UNKNOWN,non-USDT quote,archive symbol spelling,r1.6-taxonomy-v1,False,False
spot,REZFDUSD,REZFDUSD,UNKNOWN,non-USDT quote,archive symbol spelling,r1.6-taxonomy-v1,False,False
spot,REZTRY,REZTRY,UNKNOWN,non-USDT quote,archive symbol spelling,r1.6-taxonomy-v1,False,False
spot,REZUSDC,REZUSDC,UNKNOWN,non-USDT quote,archive symbol spelling,r1.6-taxonomy-v1,False,False
spot,REZUSDT,REZ,CRYPTO,USDT quote and base not in excluded taxonomy,r1.6 taxonomy v1,r1.6-taxonomy-v1,True,True
spot,RGTBNB,RGTBNB,UNKNOWN,non-USDT quote,archive symbol spelling,r1.6-taxonomy-v1,False,False
spot,RGTBTC,RGTBTC,UNKNOWN,non-USDT quote,archive symbol spelling,r1.6-taxonomy-v1,False,False
spot,RGTBUSD,RGTBUSD,UNKNOWN,non-USDT quote,archive symbol spelling,r1.6-taxonomy-v1,False,False
spot,RGTUSDT,RGT,CRYPTO,USDT quote and base not in excluded taxonomy,r1.6 taxonomy v1,r1.6-taxonomy-v1,True,True
spot,RIFBTC,RIFBTC,UNKNOWN,non-USDT quote,archive symbol spelling,r1.6-taxonomy-v1,False,False
spot,RIFUSDT,RIF,CRYPTO,USDT quote and base not in excluded taxonomy,r1.6 taxonomy v1,r1.6-taxonomy-v1,True,True
spot,RKLBBUSDT,RKLBB,CRYPTO,USDT quote and base not in excluded taxonomy,r1.6 taxonomy v1,r1.6-taxonomy-v1,True,True
spot,RLCBNB,RLCBNB,UNKNOWN,non-USDT quote,archive symbol spelling,r1.6-taxonomy-v1,False,False
spot,RLCBTC,RLCBTC,UNKNOWN,non-USDT quote,archive symbol spelling,r1.6-taxonomy-v1,False,False
spot,RLCBUSD,RLCBUSD,UNKNOWN,non-USDT quote,archive symbol spelling,r1.6-taxonomy-v1,False,False
spot,RLCETH,RLCETH,UNKNOWN,non-USDT quote,archive symbol spelling,r1.6-taxonomy-v1,False,False
spot,RLCUSDT,RLC,CRYPTO,USDT quote and base not in excluded taxonomy,r1.6 taxonomy v1,r1.6-taxonomy-v1,True,True
spot,RLUSDU,RLUSDU,UNKNOWN,non-USDT quote,archive symbol spelling,r1.6-taxonomy-v1,False,False
spot,RLUSDUSDT,RLUSD,CRYPTO,USDT quote and base not in excluded taxonomy,r1.6 taxonomy v1,r1.6-taxonomy-v1,True,True
spot,RNDRBRL,RNDRBRL,UNKNOWN,non-USDT quote,archive symbol spelling,r1.6-taxonomy-v1,False,False
spot,RNDRBTC,RNDRBTC,UNKNOWN,non-USDT quote,archive symbol spelling,r1.6-taxonomy-v1,False,False
spot,RNDRBUSD,RNDRBUSD,UNKNOWN,non-USDT quote,archive symbol spelling,r1.6-taxonomy-v1,False,False
spot,RNDREUR,RNDREUR,UNKNOWN,non-USDT quote,archive symbol spelling,r1.6-taxonomy-v1,False,False
spot,RNDRFDUSD,RNDRFDUSD,UNKNOWN,non-USDT quote,archive symbol spelling,r1.6-taxonomy-v1,False,False
spot,RNDRTRY,RNDRTRY,UNKNOWN,non-USDT quote,archive symbol spelling,r1.6-taxonomy-v1,False,False
spot,RNDRUSDC,RNDRUSDC,UNKNOWN,non-USDT quote,archive symbol spelling,r1.6-taxonomy-v1,False,False
spot,RNDRUSDT,RNDR,CRYPTO,USDT quote and base not in excluded taxonomy,r1.6 taxonomy v1,r1.6-taxonomy-v1,True,True
spot,ROBOTRY,ROBOTRY,UNKNOWN,non-USDT quote,archive symbol spelling,r1.6-taxonomy-v1,False,False
spot,ROBOUSDC,ROBOUSDC,UNKNOWN,non-USDT quote,archive symbol spelling,r1.6-taxonomy-v1,False,False
spot,ROBOUSDT,ROBO,CRYPTO,USDT quote and base not in excluded taxonomy,r1.6 taxonomy v1,r1.6-taxonomy-v1,True,True
spot,RONINBTC,RONINBTC,UNKNOWN,non-USDT quote,archive symbol spelling,r1.6-taxonomy-v1,False,False
spot,RONINFDUSD,RONINFDUSD,UNKNOWN,non-USDT quote,archive symbol spelling,r1.6-taxonomy-v1,False,False
spot,RONINTRY,RONINTRY,UNKNOWN,non-USDT quote,archive symbol spelling,r1.6-taxonomy-v1,False,False
spot,RONINUSDT,RONIN,CRYPTO,USDT quote and base not in excluded taxonomy,r1.6 taxonomy v1,r1.6-taxonomy-v1,True,True
spot,ROSEBNB,ROSEBNB,UNKNOWN,non-USDT quote,archive symbol spelling,r1.6-taxonomy-v1,False,False
spot,ROSEBTC,ROSEBTC,UNKNOWN,non-USDT quote,archive symbol spelling,r1.6-taxonomy-v1,False,False
spot,ROSEBUSD,ROSEBUSD,UNKNOWN,non-USDT quote,archive symbol spelling,r1.6-taxonomy-v1,False,False
spot,ROSEETH,ROSEETH,UNKNOWN,non-USDT quote,archive symbol spelling,r1.6-taxonomy-v1,False,False
spot,ROSETRY,ROSETRY,UNKNOWN,non-USDT quote,archive symbol spelling,r1.6-taxonomy-v1,False,False
spot,ROSEUSDC,ROSEUSDC,UNKNOWN,non-USDT quote,archive symbol spelling,r1.6-taxonomy-v1,False,False
spot,ROSEUSDT,ROSE,CRYPTO,USDT quote and base not in excluded taxonomy,r1.6 taxonomy v1,r1.6-taxonomy-v1,True,True
spot,RPLBTC,RPLBTC,UNKNOWN,non-USDT quote,archive symbol spelling,r1.6-taxonomy-v1,False,False
spot,RPLBUSD,RPLBUSD,UNKNOWN,non-USDT quote,archive symbol spelling,r1.6-taxonomy-v1,False,False
spot,RPLUSDC,RPLUSDC,UNKNOWN,non-USDT quote,archive symbol spelling,r1.6-taxonomy-v1,False,False
spot,RPLUSDT,RPL,CRYPTO,USDT quote and base not in excluded taxonomy,r1.6 taxonomy v1,r1.6-taxonomy-v1,True,True
spot,RPXBNB,RPXBNB,UNKNOWN,non-USDT quote,archive symbol spelling,r1.6-taxonomy-v1,False,False
spot,RPXBTC,RPXBTC,UNKNOWN,non-USDT quote,archive symbol spelling,r1.6-taxonomy-v1,False,False
spot,RPXETH,RPXETH,UNKNOWN,non-USDT quote,archive symbol spelling,r1.6-taxonomy-v1,False,False
spot,RSRBNB,RSRBNB,UNKNOWN,non-USDT quote,archive symbol spelling,r1.6-taxonomy-v1,False,False
spot,RSRBTC,RSRBTC,UNKNOWN,non-USDT quote,archive symbol spelling,r1.6-taxonomy-v1,False,False
spot,RSRBUSD,RSRBUSD,UNKNOWN,non-USDT quote,archive symbol spelling,r1.6-taxonomy-v1,False,False
spot,RSRFDUSD,RSRFDUSD,UNKNOWN,non-USDT quote,archive symbol spelling,r1.6-taxonomy-v1,False,False
spot,RSRTRY,RSRTRY,UNKNOWN,non-USDT quote,archive symbol spelling,r1.6-taxonomy-v1,False,False
spot,RSRUSDC,RSRUSDC,UNKNOWN,non-USDT quote,archive symbol spelling,r1.6-taxonomy-v1,False,False
spot,RSRUSDT,RSR,CRYPTO,USDT quote and base not in excluded taxonomy,r1.6 taxonomy v1,r1.6-taxonomy-v1,True,True
spot,RUNEAUD,RUNEAUD,UNKNOWN,non-USDT quote,archive symbol spelling,r1.6-taxonomy-v1,False,False
spot,RUNEBNB,RUNEBNB,UNKNOWN,non-USDT quote,archive symbol spelling,r1.6-taxonomy-v1,False,False
spot,RUNEBTC,RUNEBTC,UNKNOWN,non-USDT quote,archive symbol spelling,r1.6-taxonomy-v1,False,False
spot,RUNEBUSD,RUNEBUSD,UNKNOWN,non-USDT quote,archive symbol spelling,r1.6-taxonomy-v1,False,False
spot,RUNEETH,RUNEETH,UNKNOWN,non-USDT quote,archive symbol spelling,r1.6-taxonomy-v1,False,False
spot,RUNEEUR,RUNEEUR,UNKNOWN,non-USDT quote,archive symbol spelling,r1.6-taxonomy-v1,False,False
spot,RUNEFDUSD,RUNEFDUSD,UNKNOWN,non-USDT quote,archive symbol spelling,r1.6-taxonomy-v1,False,False
spot,RUNEGBP,RUNEGBP,UNKNOWN,non-USDT quote,archive symbol spelling,r1.6-taxonomy-v1,False,False
spot,RUNETRY,RUNETRY,UNKNOWN,non-USDT quote,archive symbol spelling,r1.6-taxonomy-v1,False,False
spot,RUNETUSD,RUNETUSD,UNKNOWN,non-USDT quote,archive symbol spelling,r1.6-taxonomy-v1,False,False
spot,RUNEUSDC,RUNEUSDC,UNKNOWN,non-USDT quote,archive symbol spelling,r1.6-taxonomy-v1,False,False
spot,RUNEUSDT,RUNE,CRYPTO,USDT quote and base not in excluded taxonomy,r1.6 taxonomy v1,r1.6-taxonomy-v1,True,True
spot,RVNBNB,RVNBNB,UNKNOWN,non-USDT quote,archive symbol spelling,r1.6-taxonomy-v1,False,False
spot,RVNBTC,RVNBTC,UNKNOWN,non-USDT quote,archive symbol spelling,r1.6-taxonomy-v1,False,False
spot,RVNBUSD,RVNBUSD,UNKNOWN,non-USDT quote,archive symbol spelling,r1.6-taxonomy-v1,False,False
spot,RVNTRY,RVNTRY,UNKNOWN,non-USDT quote,archive symbol spelling,r1.6-taxonomy-v1,False,False
spot,RVNUSDC,RVNUSDC,UNKNOWN,non-USDT quote,archive symbol spelling,r1.6-taxonomy-v1,False,False
spot,RVNUSDT,RVN,CRYPTO,USDT quote and base not in excluded taxonomy,r1.6 taxonomy v1,r1.6-taxonomy-v1,True,True
spot,SAGABNB,SAGABNB,UNKNOWN,non-USDT quote,archive symbol spelling,r1.6-taxonomy-v1,False,False
spot,SAGABTC,SAGABTC,UNKNOWN,non-USDT quote,archive symbol spelling,r1.6-taxonomy-v1,False,False
spot,SAGAFDUSD,SAGAFDUSD,UNKNOWN,non-USDT quote,archive symbol spelling,r1.6-taxonomy-v1,False,False
spot,SAGATRY,SAGATRY,UNKNOWN,non-USDT quote,archive symbol spelling,r1.6-taxonomy-v1,False,False
spot,SAGAUSDC,SAGAUSDC,UNKNOWN,non-USDT quote,archive symbol spelling,r1.6-taxonomy-v1,False,False
spot,SAGAUSDT,SAGA,CRYPTO,USDT quote and base not in excluded taxonomy,r1.6 taxonomy v1,r1.6-taxonomy-v1,True,True
spot,SAHARABNB,SAHARABNB,UNKNOWN,non-USDT quote,archive symbol spelling,r1.6-taxonomy-v1,False,False
spot,SAHARAFDUSD,SAHARAFDUSD,UNKNOWN,non-USDT quote,archive symbol spelling,r1.6-taxonomy-v1,False,False
spot,SAHARATRY,SAHARATRY,UNKNOWN,non-USDT quote,archive symbol spelling,r1.6-taxonomy-v1,False,False
spot,SAHARAUSDC,SAHARAUSDC,UNKNOWN,non-USDT quote,archive symbol spelling,r1.6-taxonomy-v1,False,False
spot,SAHARAUSDT,SAHARA,CRYPTO,USDT quote and base not in excluded taxonomy,r1.6 taxonomy v1,r1.6-taxonomy-v1,True,True
spot,SALTBTC,SALTBTC,UNKNOWN,non-USDT quote,archive symbol spelling,r1.6-taxonomy-v1,False,False
spot,SALTETH,SALTETH,UNKNOWN,non-USDT quote,archive symbol spelling,r1.6-taxonomy-v1,False,False
spot,SANDAUD,SANDAUD,UNKNOWN,non-USDT quote,archive symbol spelling,r1.6-taxonomy-v1,False,False
spot,SANDBIDR,SANDBIDR,UNKNOWN,non-USDT quote,archive symbol spelling,r1.6-taxonomy-v1,False,False
spot,SANDBNB,SANDBNB,UNKNOWN,non-USDT quote,archive symbol spelling,r1.6-taxonomy-v1,False,False
spot,SANDBRL,SANDBRL,UNKNOWN,non-USDT quote,archive symbol spelling,r1.6-taxonomy-v1,False,False
spot,SANDBTC,SANDBTC,UNKNOWN,non-USDT quote,archive symbol spelling,r1.6-taxonomy-v1,False,False
spot,SANDBUSD,SANDBUSD,UNKNOWN,non-USDT quote,archive symbol spelling,r1.6-taxonomy-v1,False,False
spot,SANDETH,SANDETH,UNKNOWN,non-USDT quote,archive symbol spelling,r1.6-taxonomy-v1,False,False
spot,SANDFDUSD,SANDFDUSD,UNKNOWN,non-USDT quote,archive symbol spelling,r1.6-taxonomy-v1,False,False
spot,SANDTRY,SANDTRY,UNKNOWN,non-USDT quote,archive symbol spelling,r1.6-taxonomy-v1,False,False
spot,SANDUSDC,SANDUSDC,UNKNOWN,non-USDT quote,archive symbol spelling,r1.6-taxonomy-v1,False,False
spot,SANDUSDT,SAND,CRYPTO,USDT quote and base not in excluded taxonomy,r1.6 taxonomy v1,r1.6-taxonomy-v1,True,True
spot,SANTOSBRL,SANTOSBRL,UNKNOWN,non-USDT quote,archive symbol spelling,r1.6-taxonomy-v1,False,False
spot,SANTOSBTC,SANTOSBTC,UNKNOWN,non-USDT quote,archive symbol spelling,r1.6-taxonomy-v1,False,False
spot,SANTOSBUSD,SANTOSBUSD,UNKNOWN,non-USDT quote,archive symbol spelling,r1.6-taxonomy-v1,False,False
spot,SANTOSTRY,SANTOSTRY,UNKNOWN,non-USDT quote,archive symbol spelling,r1.6-taxonomy-v1,False,False
spot,SANTOSUSDT,SANTOS,CRYPTO,USDT quote and base not in excluded taxonomy,r1.6 taxonomy v1,r1.6-taxonomy-v1,True,True
spot,SAPIENBNB,SAPIENBNB,UNKNOWN,non-USDT quote,archive symbol spelling,r1.6-taxonomy-v1,False,False
spot,SAPIENTRY,SAPIENTRY,UNKNOWN,non-USDT quote,archive symbol spelling,r1.6-taxonomy-v1,False,False
spot,SAPIENUSDC,SAPIENUSDC,UNKNOWN,non-USDT quote,archive symbol spelling,r1.6-taxonomy-v1,False,False
spot,SAPIENUSDT,SAPIEN,CRYPTO,USDT quote and base not in excluded taxonomy,r1.6 taxonomy v1,r1.6-taxonomy-v1,True,True
spot,SBNB,SBNB,UNKNOWN,non-USDT quote,archive symbol spelling,r1.6-taxonomy-v1,False,False
spot,SBTC,SBTC,UNKNOWN,non-USDT quote,archive symbol spelling,r1.6-taxonomy-v1,False,False
spot,SCBNB,SCBNB,UNKNOWN,non-USDT quote,archive symbol spelling,r1.6-taxonomy-v1,False,False
spot,SCBTC,SCBTC,UNKNOWN,non-USDT quote,archive symbol spelling,r1.6-taxonomy-v1,False,False
spot,SCBUSD,SCBUSD,UNKNOWN,non-USDT quote,archive symbol spelling,r1.6-taxonomy-v1,False,False
spot,SCETH,SCETH,UNKNOWN,non-USDT quote,archive symbol spelling,r1.6-taxonomy-v1,False,False
spot,SCRBTC,SCRBTC,UNKNOWN,non-USDT quote,archive symbol spelling,r1.6-taxonomy-v1,False,False
spot,SCRFDUSD,SCRFDUSD,UNKNOWN,non-USDT quote,archive symbol spelling,r1.6-taxonomy-v1,False,False
spot,SCRIDR,SCRIDR,UNKNOWN,non-USDT quote,archive symbol spelling,r1.6-taxonomy-v1,False,False
spot,SCRTBTC,SCRTBTC,UNKNOWN,non-USDT quote,archive symbol spelling,r1.6-taxonomy-v1,False,False
spot,SCRTBUSD,SCRTBUSD,UNKNOWN,non-USDT quote,archive symbol spelling,r1.6-taxonomy-v1,False,False
spot,SCRTETH,SCRTETH,UNKNOWN,non-USDT quote,archive symbol spelling,r1.6-taxonomy-v1,False,False
spot,SCRTRY,SCRTRY,UNKNOWN,non-USDT quote,archive symbol spelling,r1.6-taxonomy-v1,False,False
spot,SCRTUSDT,SCRT,CRYPTO,USDT quote and base not in excluded taxonomy,r1.6 taxonomy v1,r1.6-taxonomy-v1,True,True
spot,SCRUSDT,SCR,CRYPTO,USDT quote and base not in excluded taxonomy,r1.6 taxonomy v1,r1.6-taxonomy-v1,True,True
spot,SCUSDT,SC,CRYPTO,USDT quote and base not in excluded taxonomy,r1.6 taxonomy v1,r1.6-taxonomy-v1,True,True
spot,SEIBNB,SEIBNB,UNKNOWN,non-USDT quote,archive symbol spelling,r1.6-taxonomy-v1,False,False
spot,SEIBTC,SEIBTC,UNKNOWN,non-USDT quote,archive symbol spelling,r1.6-taxonomy-v1,False,False
spot,SEIFDUSD,SEIFDUSD,UNKNOWN,non-USDT quote,archive symbol spelling,r1.6-taxonomy-v1,False,False
spot,SEIJPY,SEIJPY,UNKNOWN,non-USDT quote,archive symbol spelling,r1.6-taxonomy-v1,False,False
spot,SEITRY,SEITRY,UNKNOWN,non-USDT quote,archive symbol spelling,r1.6-taxonomy-v1,False,False
spot,SEITUSD,SEITUSD,UNKNOWN,non-USDT quote,archive symbol spelling,r1.6-taxonomy-v1,False,False
spot,SEIUSDC,SEIUSDC,UNKNOWN,non-USDT quote,archive symbol spelling,r1.6-taxonomy-v1,False,False
spot,SEIUSDT,SEI,CRYPTO,USDT quote and base not in excluded taxonomy,r1.6 taxonomy v1,r1.6-taxonomy-v1,True,True
spot,SENTTRY,SENTTRY,UNKNOWN,non-USDT quote,archive symbol spelling,r1.6-taxonomy-v1,False,False
spot,SENTUSDC,SENTUSDC,UNKNOWN,non-USDT quote,archive symbol spelling,r1.6-taxonomy-v1,False,False
spot,SENTUSDT,SENT,CRYPTO,USDT quote and base not in excluded taxonomy,r1.6 taxonomy v1,r1.6-taxonomy-v1,True,True
spot,SETH,SETH,UNKNOWN,non-USDT quote,archive symbol spelling,r1.6-taxonomy-v1,False,False
spot,SEUR,SEUR,UNKNOWN,non-USDT quote,archive symbol spelling,r1.6-taxonomy-v1,False,False
spot,SFDUSD,SFDUSD,UNKNOWN,non-USDT quote,archive symbol spelling,r1.6-taxonomy-v1,False,False
spot,SFPBTC,SFPBTC,UNKNOWN,non-USDT quote,archive symbol spelling,r1.6-taxonomy-v1,False,False
spot,SFPBUSD,SFPBUSD,UNKNOWN,non-USDT quote,archive symbol spelling,r1.6-taxonomy-v1,False,False
spot,SFPUSDT,SFP,CRYPTO,USDT quote and base not in excluded taxonomy,r1.6 taxonomy v1,r1.6-taxonomy-v1,True,True
spot,SHELLBNB,SHELLBNB,UNKNOWN,non-USDT quote,archive symbol spelling,r1.6-taxonomy-v1,False,False
spot,SHELLBTC,SHELLBTC,UNKNOWN,non-USDT quote,archive symbol spelling,r1.6-taxonomy-v1,False,False
spot,SHELLFDUSD,SHELLFDUSD,UNKNOWN,non-USDT quote,archive symbol spelling,r1.6-taxonomy-v1,False,False
spot,SHELLTRY,SHELLTRY,UNKNOWN,non-USDT quote,archive symbol spelling,r1.6-taxonomy-v1,False,False
spot,SHELLUSDC,SHELLUSDC,UNKNOWN,non-USDT quote,archive symbol spelling,r1.6-taxonomy-v1,False,False
spot,SHELLUSDT,SHELL,CRYPTO,USDT quote and base not in excluded taxonomy,r1.6 taxonomy v1,r1.6-taxonomy-v1,True,True
spot,SHIBAUD,SHIBAUD,UNKNOWN,non-USDT quote,archive symbol spelling,r1.6-taxonomy-v1,False,False
spot,SHIBBRL,SHIBBRL,UNKNOWN,non-USDT quote,archive symbol spelling,r1.6-taxonomy-v1,False,False
spot,SHIBBUSD,SHIBBUSD,UNKNOWN,non-USDT quote,archive symbol spelling,r1.6-taxonomy-v1,False,False
spot,SHIBDOGE,SHIBDOGE,UNKNOWN,non-USDT quote,archive symbol spelling,r1.6-taxonomy-v1,False,False
spot,SHIBEUR,SHIBEUR,UNKNOWN,non-USDT quote,archive symbol spelling,r1.6-taxonomy-v1,False,False
spot,SHIBFDUSD,SHIBFDUSD,UNKNOWN,non-USDT quote,archive symbol spelling,r1.6-taxonomy-v1,False,False
spot,SHIBGBP,SHIBGBP,UNKNOWN,non-USDT quote,archive symbol spelling,r1.6-taxonomy-v1,False,False
spot,SHIBJPY,SHIBJPY,UNKNOWN,non-USDT quote,archive symbol spelling,r1.6-taxonomy-v1,False,False
spot,SHIBRUB,SHIBRUB,UNKNOWN,non-USDT quote,archive symbol spelling,r1.6-taxonomy-v1,False,False
spot,SHIBTRY,SHIBTRY,UNKNOWN,non-USDT quote,archive symbol spelling,r1.6-taxonomy-v1,False,False
spot,SHIBTUSD,SHIBTUSD,UNKNOWN,non-USDT quote,archive symbol spelling,r1.6-taxonomy-v1,False,False
spot,SHIBUAH,SHIBUAH,UNKNOWN,non-USDT quote,archive symbol spelling,r1.6-taxonomy-v1,False,False
spot,SHIBUSDC,SHIBUSDC,UNKNOWN,non-USDT quote,archive symbol spelling,r1.6-taxonomy-v1,False,False
spot,SHIBUSDT,SHIB,CRYPTO,USDT quote and base not in excluded taxonomy,r1.6 taxonomy v1,r1.6-taxonomy-v1,True,True
spot,SIGNBNB,SIGNBNB,UNKNOWN,non-USDT quote,archive symbol spelling,r1.6-taxonomy-v1,False,False
spot,SIGNFDUSD,SIGNFDUSD,UNKNOWN,non-USDT quote,archive symbol spelling,r1.6-taxonomy-v1,False,False
spot,SIGNTRY,SIGNTRY,UNKNOWN,non-USDT quote,archive symbol spelling,r1.6-taxonomy-v1,False,False
spot,SIGNUSDC,SIGNUSDC,UNKNOWN,non-USDT quote,archive symbol spelling,r1.6-taxonomy-v1,False,False
spot,SIGNUSDT,SIGN,CRYPTO,USDT quote and base not in excluded taxonomy,r1.6 taxonomy v1,r1.6-taxonomy-v1,True,True
spot,SKHYBUSDT,SKHYB,CRYPTO,USDT quote and base not in excluded taxonomy,r1.6 taxonomy v1,r1.6-taxonomy-v1,True,True
spot,SKLBTC,SKLBTC,UNKNOWN,non-USDT quote,archive symbol spelling,r1.6-taxonomy-v1,False,False
spot,SKLBUSD,SKLBUSD,UNKNOWN,non-USDT quote,archive symbol spelling,r1.6-taxonomy-v1,False,False
spot,SKLTRY,SKLTRY,UNKNOWN,non-USDT quote,archive symbol spelling,r1.6-taxonomy-v1,False,False
spot,SKLUSDC,SKLUSDC,UNKNOWN,non-USDT quote,archive symbol spelling,r1.6-taxonomy-v1,False,False
spot,SKLUSDT,SKL,CRYPTO,USDT quote and base not in excluded taxonomy,r1.6 taxonomy v1,r1.6-taxonomy-v1,True,True
spot,SKYBNB,SKYBNB,UNKNOWN,non-USDT quote,archive symbol spelling,r1.6-taxonomy-v1,False,False
spot,SKYBTC,SKYBTC,UNKNOWN,non-USDT quote,archive symbol spelling,r1.6-taxonomy-v1,False,False
spot,SKYETH,SKYETH,UNKNOWN,non-USDT quote,archive symbol spelling,r1.6-taxonomy-v1,False,False
spot,SKYTRY,SKYTRY,UNKNOWN,non-USDT quote,archive symbol spelling,r1.6-taxonomy-v1,False,False
spot,SKYUSDC,SKYUSDC,UNKNOWN,non-USDT quote,archive symbol spelling,r1.6-taxonomy-v1,False,False
spot,SKYUSDT,SKY,CRYPTO,USDT quote and base not in excluded taxonomy,r1.6 taxonomy v1,r1.6-taxonomy-v1,True,True
spot,SLFBTC,SLFBTC,UNKNOWN,non-USDT quote,archive symbol spelling,r1.6-taxonomy-v1,False,False
spot,SLFTRY,SLFTRY,UNKNOWN,non-USDT quote,archive symbol spelling,r1.6-taxonomy-v1,False,False
spot,SLFUSDC,SLFUSDC,UNKNOWN,non-USDT quote,archive symbol spelling,r1.6-taxonomy-v1,False,False
spot,SLFUSDT,SLF,CRYPTO,USDT quote and base not in excluded taxonomy,r1.6 taxonomy v1,r1.6-taxonomy-v1,True,True
spot,SLPBIDR,SLPBIDR,UNKNOWN,non-USDT quote,archive symbol spelling,r1.6-taxonomy-v1,False,False
spot,SLPBNB,SLPBNB,UNKNOWN,non-USDT quote,archive symbol spelling,r1.6-taxonomy-v1,False,False
spot,SLPBUSD,SLPBUSD,UNKNOWN,non-USDT quote,archive symbol spelling,r1.6-taxonomy-v1,False,False
spot,SLPETH,SLPETH,UNKNOWN,non-USDT quote,archive symbol spelling,r1.6-taxonomy-v1,False,False
spot,SLPTRY,SLPTRY,UNKNOWN,non-USDT quote,archive symbol spelling,r1.6-taxonomy-v1,False,False
spot,SLPUSDT,SLP,CRYPTO,USDT quote and base not in excluded taxonomy,r1.6 taxonomy v1,r1.6-taxonomy-v1,True,True
spot,SMHBUSDT,SMHB,CRYPTO,USDT quote and base not in excluded taxonomy,r1.6 taxonomy v1,r1.6-taxonomy-v1,True,True
spot,SNDKBUSDT,SNDKB,CRYPTO,USDT quote and base not in excluded taxonomy,r1.6 taxonomy v1,r1.6-taxonomy-v1,True,True
spot,SNGLSBTC,SNGLSBTC,UNKNOWN,non-USDT quote,archive symbol spelling,r1.6-taxonomy-v1,False,False
spot,SNGLSETH,SNGLSETH,UNKNOWN,non-USDT quote,archive symbol spelling,r1.6-taxonomy-v1,False,False
spot,SNMBTC,SNMBTC,UNKNOWN,non-USDT quote,archive symbol spelling,r1.6-taxonomy-v1,False,False
spot,SNMBUSD,SNMBUSD,UNKNOWN,non-USDT quote,archive symbol spelling,r1.6-taxonomy-v1,False,False
spot,SNMETH,SNMETH,UNKNOWN,non-USDT quote,archive symbol spelling,r1.6-taxonomy-v1,False,False
spot,SNTBTC,SNTBTC,UNKNOWN,non-USDT quote,archive symbol spelling,r1.6-taxonomy-v1,False,False
spot,SNTBUSD,SNTBUSD,UNKNOWN,non-USDT quote,archive symbol spelling,r1.6-taxonomy-v1,False,False
spot,SNTETH,SNTETH,UNKNOWN,non-USDT quote,archive symbol spelling,r1.6-taxonomy-v1,False,False
spot,SNTUSDT,SNT,CRYPTO,USDT quote and base not in excluded taxonomy,r1.6 taxonomy v1,r1.6-taxonomy-v1,True,True
spot,SNXBNB,SNXBNB,UNKNOWN,non-USDT quote,archive symbol spelling,r1.6-taxonomy-v1,False,False
spot,SNXBTC,SNXBTC,UNKNOWN,non-USDT quote,archive symbol spelling,r1.6-taxonomy-v1,False,False
spot,SNXBUSD,SNXBUSD,UNKNOWN,non-USDT quote,archive symbol spelling,r1.6-taxonomy-v1,False,False
spot,SNXETH,SNXETH,UNKNOWN,non-USDT quote,archive symbol spelling,r1.6-taxonomy-v1,False,False
spot,SNXTRY,SNXTRY,UNKNOWN,non-USDT quote,archive symbol spelling,r1.6-taxonomy-v1,False,False
spot,SNXUSDC,SNXUSDC,UNKNOWN,non-USDT quote,archive symbol spelling,r1.6-taxonomy-v1,False,False
spot,SNXUSDT,SNX,CRYPTO,USDT quote and base not in excluded taxonomy,r1.6 taxonomy v1,r1.6-taxonomy-v1,True,True
spot,SNXXBUSDT,SNXXB,CRYPTO,USDT quote and base not in excluded taxonomy,r1.6 taxonomy v1,r1.6-taxonomy-v1,True,True
spot,SOLARS,SOLARS,UNKNOWN,non-USDT quote,archive symbol spelling,r1.6-taxonomy-v1,False,False
spot,SOLAUD,SOLAUD,UNKNOWN,non-USDT quote,archive symbol spelling,r1.6-taxonomy-v1,False,False
spot,SOLBIDR,SOLBIDR,UNKNOWN,non-USDT quote,archive symbol spelling,r1.6-taxonomy-v1,False,False
spot,SOLBNB,SOLBNB,UNKNOWN,non-USDT quote,archive symbol spelling,r1.6-taxonomy-v1,False,False
spot,SOLBRL,SOLBRL,UNKNOWN,non-USDT quote,archive symbol spelling,r1.6-taxonomy-v1,False,False
spot,SOLBTC,SOLBTC,UNKNOWN,non-USDT quote,archive symbol spelling,r1.6-taxonomy-v1,False,False
spot,SOLBUSD,SOLBUSD,UNKNOWN,non-USDT quote,archive symbol spelling,r1.6-taxonomy-v1,False,False
spot,SOLETH,SOLETH,UNKNOWN,non-USDT quote,archive symbol spelling,r1.6-taxonomy-v1,False,False
spot,SOLEUR,SOLEUR,UNKNOWN,non-USDT quote,archive symbol spelling,r1.6-taxonomy-v1,False,False
spot,SOLFDUSD,SOLFDUSD,UNKNOWN,non-USDT quote,archive symbol spelling,r1.6-taxonomy-v1,False,False
spot,SOLGBP,SOLGBP,UNKNOWN,non-USDT quote,archive symbol spelling,r1.6-taxonomy-v1,False,False
spot,SOLIDR,SOLIDR,UNKNOWN,non-USDT quote,archive symbol spelling,r1.6-taxonomy-v1,False,False
spot,SOLJPY,SOLJPY,UNKNOWN,non-USDT quote,archive symbol spelling,r1.6-taxonomy-v1,False,False
spot,SOLMXN,SOLMXN,UNKNOWN,non-USDT quote,archive symbol spelling,r1.6-taxonomy-v1,False,False
spot,SOLRUB,SOLRUB,UNKNOWN,non-USDT quote,archive symbol spelling,r1.6-taxonomy-v1,False,False
spot,SOLTRY,SOLTRY,UNKNOWN,non-USDT quote,archive symbol spelling,r1.6-taxonomy-v1,False,False
spot,SOLTUSD,SOLTUSD,UNKNOWN,non-USDT quote,archive symbol spelling,r1.6-taxonomy-v1,False,False
spot,SOLU,SOLU,UNKNOWN,non-USDT quote,archive symbol spelling,r1.6-taxonomy-v1,False,False
spot,SOLUSD,SOLUSD,UNKNOWN,non-USDT quote,archive symbol spelling,r1.6-taxonomy-v1,False,False
spot,SOLUSD1,SOLUSD1,UNKNOWN,non-USDT quote,archive symbol spelling,r1.6-taxonomy-v1,False,False
spot,SOLUSDC,SOLUSDC,UNKNOWN,non-USDT quote,archive symbol spelling,r1.6-taxonomy-v1,False,False
spot,SOLUSDT,SOL,CRYPTO,USDT quote and base not in excluded taxonomy,r1.6 taxonomy v1,r1.6-taxonomy-v1,True,True
spot,SOLVBNB,SOLVBNB,UNKNOWN,non-USDT quote,archive symbol spelling,r1.6-taxonomy-v1,False,False
spot,SOLVFDUSD,SOLVFDUSD,UNKNOWN,non-USDT quote,archive symbol spelling,r1.6-taxonomy-v1,False,False
spot,SOLVTRY,SOLVTRY,UNKNOWN,non-USDT quote,archive symbol spelling,r1.6-taxonomy-v1,False,False
spot,SOLVUSDC,SOLVUSDC,UNKNOWN,non-USDT quote,archive symbol spelling,r1.6-taxonomy-v1,False,False
spot,SOLVUSDT,SOLV,CRYPTO,USDT quote and base not in excluded taxonomy,r1.6 taxonomy v1,r1.6-taxonomy-v1,True,True
spot,SOMIBNB,SOMIBNB,UNKNOWN,non-USDT quote,archive symbol spelling,r1.6-taxonomy-v1,False,False
spot,SOMIFDUSD,SOMIFDUSD,UNKNOWN,non-USDT quote,archive symbol spelling,r1.6-taxonomy-v1,False,False
spot,SOMITRY,SOMITRY,UNKNOWN,non-USDT quote,archive symbol spelling,r1.6-taxonomy-v1,False,False
spot,SOMIUSDC,SOMIUSDC,UNKNOWN,non-USDT quote,archive symbol spelling,r1.6-taxonomy-v1,False,False
spot,SOMIUSDT,SOMI,CRYPTO,USDT quote and base not in excluded taxonomy,r1.6 taxonomy v1,r1.6-taxonomy-v1,True,True
spot,SOPHBNB,SOPHBNB,UNKNOWN,non-USDT quote,archive symbol spelling,r1.6-taxonomy-v1,False,False
spot,SOPHFDUSD,SOPHFDUSD,UNKNOWN,non-USDT quote,archive symbol spelling,r1.6-taxonomy-v1,False,False
spot,SOPHTRY,SOPHTRY,UNKNOWN,non-USDT quote,archive symbol spelling,r1.6-taxonomy-v1,False,False
spot,SOPHUSDC,SOPHUSDC,UNKNOWN,non-USDT quote,archive symbol spelling,r1.6-taxonomy-v1,False,False
spot,SOPHUSDT,SOPH,CRYPTO,USDT quote and base not in excluded taxonomy,r1.6 taxonomy v1,r1.6-taxonomy-v1,True,True
spot,SOXLBUSDT,SOXLB,CRYPTO,USDT quote and base not in excluded taxonomy,r1.6 taxonomy v1,r1.6-taxonomy-v1,True,True
spot,SOXSBUSDT,SOXSB,CRYPTO,USDT quote and base not in excluded taxonomy,r1.6 taxonomy v1,r1.6-taxonomy-v1,True,True
spot,SPARTABNB,SPARTABNB,UNKNOWN,non-USDT quote,archive symbol spelling,r1.6-taxonomy-v1,False,False
spot,SPCXBUSDT,SPCXB,CRYPTO,USDT quote and base not in excluded taxonomy,r1.6 taxonomy v1,r1.6-taxonomy-v1,True,True
spot,SPELLBNB,SPELLBNB,UNKNOWN,non-USDT quote,archive symbol spelling,r1.6-taxonomy-v1,False,False
spot,SPELLBTC,SPELLBTC,UNKNOWN,non-USDT quote,archive symbol spelling,r1.6-taxonomy-v1,False,False
spot,SPELLBUSD,SPELLBUSD,UNKNOWN,non-USDT quote,archive symbol spelling,r1.6-taxonomy-v1,False,False
spot,SPELLTRY,SPELLTRY,UNKNOWN,non-USDT quote,archive symbol spelling,r1.6-taxonomy-v1,False,False
spot,SPELLUSDT,SPELL,CRYPTO,USDT quote and base not in excluded taxonomy,r1.6 taxonomy v1,r1.6-taxonomy-v1,True,True
spot,SPKBNB,SPKBNB,UNKNOWN,non-USDT quote,archive symbol spelling,r1.6-taxonomy-v1,False,False
spot,SPKFDUSD,SPKFDUSD,UNKNOWN,non-USDT quote,archive symbol spelling,r1.6-taxonomy-v1,False,False
spot,SPKTRY,SPKTRY,UNKNOWN,non-USDT quote,archive symbol spelling,r1.6-taxonomy-v1,False,False
spot,SPKUSDC,SPKUSDC,UNKNOWN,non-USDT quote,archive symbol spelling,r1.6-taxonomy-v1,False,False
spot,SPKUSDT,SPK,CRYPTO,USDT quote and base not in excluded taxonomy,r1.6 taxonomy v1,r1.6-taxonomy-v1,True,True
spot,SPYBUSDT,SPYB,CRYPTO,USDT quote and base not in excluded taxonomy,r1.6 taxonomy v1,r1.6-taxonomy-v1,True,True
spot,SRMBIDR,SRMBIDR,UNKNOWN,non-USDT quote,archive symbol spelling,r1.6-taxonomy-v1,False,False
spot,SRMBNB,SRMBNB,UNKNOWN,non-USDT quote,archive symbol spelling,r1.6-taxonomy-v1,False,False
spot,SRMBTC,SRMBTC,UNKNOWN,non-USDT quote,archive symbol spelling,r1.6-taxonomy-v1,False,False
spot,SRMBUSD,SRMBUSD,UNKNOWN,non-USDT quote,archive symbol spelling,r1.6-taxonomy-v1,False,False
spot,SRMUSDT,SRM,CRYPTO,USDT quote and base not in excluded taxonomy,r1.6 taxonomy v1,r1.6-taxonomy-v1,True,True
spot,SSVBTC,SSVBTC,UNKNOWN,non-USDT quote,archive symbol spelling,r1.6-taxonomy-v1,False,False
spot,SSVBUSD,SSVBUSD,UNKNOWN,non-USDT quote,archive symbol spelling,r1.6-taxonomy-v1,False,False
spot,SSVETH,SSVETH,UNKNOWN,non-USDT quote,archive symbol spelling,r1.6-taxonomy-v1,False,False
spot,SSVTUSD,SSVTUSD,UNKNOWN,non-USDT quote,archive symbol spelling,r1.6-taxonomy-v1,False,False
spot,SSVUSDC,SSVUSDC,UNKNOWN,non-USDT quote,archive symbol spelling,r1.6-taxonomy-v1,False,False
spot,SSVUSDT,SSV,CRYPTO,USDT quote and base not in excluded taxonomy,r1.6 taxonomy v1,r1.6-taxonomy-v1,True,True
spot,STEEMBNB,STEEMBNB,UNKNOWN,non-USDT quote,archive symbol spelling,r1.6-taxonomy-v1,False,False
spot,STEEMBTC,STEEMBTC,UNKNOWN,non-USDT quote,archive symbol spelling,r1.6-taxonomy-v1,False,False
spot,STEEMBUSD,STEEMBUSD,UNKNOWN,non-USDT quote,archive symbol spelling,r1.6-taxonomy-v1,False,False
spot,STEEMETH,STEEMETH,UNKNOWN,non-USDT quote,archive symbol spelling,r1.6-taxonomy-v1,False,False
spot,STEEMUSDC,STEEMUSDC,UNKNOWN,non-USDT quote,archive symbol spelling,r1.6-taxonomy-v1,False,False
spot,STEEMUSDT,STEEM,CRYPTO,USDT quote and base not in excluded taxonomy,r1.6 taxonomy v1,r1.6-taxonomy-v1,True,True
spot,STGBTC,STGBTC,UNKNOWN,non-USDT quote,archive symbol spelling,r1.6-taxonomy-v1,False,False
spot,STGBUSD,STGBUSD,UNKNOWN,non-USDT quote,archive symbol spelling,r1.6-taxonomy-v1,False,False
spot,STGUSDT,STG,CRYPTO,USDT quote and base not in excluded taxonomy,r1.6 taxonomy v1,r1.6-taxonomy-v1,True,True
spot,STMXBNB,STMXBNB,UNKNOWN,non-USDT quote,archive symbol spelling,r1.6-taxonomy-v1,False,False
spot,STMXBTC,STMXBTC,UNKNOWN,non-USDT quote,archive symbol spelling,r1.6-taxonomy-v1,False,False
spot,STMXBUSD,STMXBUSD,UNKNOWN,non-USDT quote,archive symbol spelling,r1.6-taxonomy-v1,False,False
spot,STMXETH,STMXETH,UNKNOWN,non-USDT quote,archive symbol spelling,r1.6-taxonomy-v1,False,False
spot,STMXTRY,STMXTRY,UNKNOWN,non-USDT quote,archive symbol spelling,r1.6-taxonomy-v1,False,False
spot,STMXUSDT,STMX,CRYPTO,USDT quote and base not in excluded taxonomy,r1.6 taxonomy v1,r1.6-taxonomy-v1,True,True
spot,STOBNB,STOBNB,UNKNOWN,non-USDT quote,archive symbol spelling,r1.6-taxonomy-v1,False,False
spot,STOFDUSD,STOFDUSD,UNKNOWN,non-USDT quote,archive symbol spelling,r1.6-taxonomy-v1,False,False
spot,STORJBTC,STORJBTC,UNKNOWN,non-USDT quote,archive symbol spelling,r1.6-taxonomy-v1,False,False
spot,STORJBUSD,STORJBUSD,UNKNOWN,non-USDT quote,archive symbol spelling,r1.6-taxonomy-v1,False,False
spot,STORJETH,STORJETH,UNKNOWN,non-USDT quote,archive symbol spelling,r1.6-taxonomy-v1,False,False
spot,STORJTRY,STORJTRY,UNKNOWN,non-USDT quote,archive symbol spelling,r1.6-taxonomy-v1,False,False
spot,STORJUSDT,STORJ,CRYPTO,USDT quote and base not in excluded taxonomy,r1.6 taxonomy v1,r1.6-taxonomy-v1,True,True
spot,STORMBNB,STORMBNB,UNKNOWN,non-USDT quote,archive symbol spelling,r1.6-taxonomy-v1,False,False
spot,STORMBTC,STORMBTC,UNKNOWN,non-USDT quote,archive symbol spelling,r1.6-taxonomy-v1,False,False
spot,STORMETH,STORMETH,UNKNOWN,non-USDT quote,archive symbol spelling,r1.6-taxonomy-v1,False,False
spot,STORMUSDT,STORM,CRYPTO,USDT quote and base not in excluded taxonomy,r1.6 taxonomy v1,r1.6-taxonomy-v1,True,True
spot,STOTRY,STOTRY,UNKNOWN,non-USDT quote,archive symbol spelling,r1.6-taxonomy-v1,False,False
spot,STOUSDC,STOUSDC,UNKNOWN,non-USDT quote,archive symbol spelling,r1.6-taxonomy-v1,False,False
spot,STOUSDT,STO,CRYPTO,USDT quote and base not in excluded taxonomy,r1.6 taxonomy v1,r1.6-taxonomy-v1,True,True
spot,STPTBNB,STPTBNB,UNKNOWN,non-USDT quote,archive symbol spelling,r1.6-taxonomy-v1,False,False
spot,STPTBTC,STPTBTC,UNKNOWN,non-USDT quote,archive symbol spelling,r1.6-taxonomy-v1,False,False
spot,STPTBUSD,STPTBUSD,UNKNOWN,non-USDT quote,archive symbol spelling,r1.6-taxonomy-v1,False,False
spot,STPTUSDT,STPT,CRYPTO,USDT quote and base not in excluded taxonomy,r1.6 taxonomy v1,r1.6-taxonomy-v1,True,True
spot,STRATBNB,STRATBNB,UNKNOWN,non-USDT quote,archive symbol spelling,r1.6-taxonomy-v1,False,False
spot,STRATBTC,STRATBTC,UNKNOWN,non-USDT quote,archive symbol spelling,r1.6-taxonomy-v1,False,False
spot,STRATBUSD,STRATBUSD,UNKNOWN,non-USDT quote,archive symbol spelling,r1.6-taxonomy-v1,False,False
spot,STRATETH,STRATETH,UNKNOWN,non-USDT quote,archive symbol spelling,r1.6-taxonomy-v1,False,False
spot,STRATUSDT,STRAT,CRYPTO,USDT quote and base not in excluded taxonomy,r1.6 taxonomy v1,r1.6-taxonomy-v1,True,True
spot,STRAXBTC,STRAXBTC,UNKNOWN,non-USDT quote,archive symbol spelling,r1.6-taxonomy-v1,False,False
spot,STRAXBUSD,STRAXBUSD,UNKNOWN,non-USDT quote,archive symbol spelling,r1.6-taxonomy-v1,False,False
spot,STRAXETH,STRAXETH,UNKNOWN,non-USDT quote,archive symbol spelling,r1.6-taxonomy-v1,False,False
spot,STRAXTRY,STRAXTRY,UNKNOWN,non-USDT quote,archive symbol spelling,r1.6-taxonomy-v1,False,False
spot,STRAXUSDT,STRAX,CRYPTO,USDT quote and base not in excluded taxonomy,r1.6 taxonomy v1,r1.6-taxonomy-v1,True,True
spot,STRKBTC,STRKBTC,UNKNOWN,non-USDT quote,archive symbol spelling,r1.6-taxonomy-v1,False,False
spot,STRKFDUSD,STRKFDUSD,UNKNOWN,non-USDT quote,archive symbol spelling,r1.6-taxonomy-v1,False,False
spot,STRKTRY,STRKTRY,UNKNOWN,non-USDT quote,archive symbol spelling,r1.6-taxonomy-v1,False,False
spot,STRKUSDC,STRKUSDC,UNKNOWN,non-USDT quote,archive symbol spelling,r1.6-taxonomy-v1,False,False
spot,STRKUSDT,STRK,CRYPTO,USDT quote and base not in excluded taxonomy,r1.6 taxonomy v1,r1.6-taxonomy-v1,True,True
spot,STRY,STRY,UNKNOWN,non-USDT quote,archive symbol spelling,r1.6-taxonomy-v1,False,False
spot,STXBNB,STXBNB,UNKNOWN,non-USDT quote,archive symbol spelling,r1.6-taxonomy-v1,False,False
spot,STXBTC,STXBTC,UNKNOWN,non-USDT quote,archive symbol spelling,r1.6-taxonomy-v1,False,False
spot,STXBUSD,STXBUSD,UNKNOWN,non-USDT quote,archive symbol spelling,r1.6-taxonomy-v1,False,False
spot,STXFDUSD,STXFDUSD,UNKNOWN,non-USDT quote,archive symbol spelling,r1.6-taxonomy-v1,False,False
spot,STXTRY,STXTRY,UNKNOWN,non-USDT quote,archive symbol spelling,r1.6-taxonomy-v1,False,False
spot,STXUSDC,STXUSDC,UNKNOWN,non-USDT quote,archive symbol spelling,r1.6-taxonomy-v1,False,False
spot,STXUSDT,STX,CRYPTO,USDT quote and base not in excluded taxonomy,r1.6 taxonomy v1,r1.6-taxonomy-v1,True,True
spot,SUBBTC,SUBBTC,UNKNOWN,non-USDT quote,archive symbol spelling,r1.6-taxonomy-v1,False,False
spot,SUBETH,SUBETH,UNKNOWN,non-USDT quote,archive symbol spelling,r1.6-taxonomy-v1,False,False
spot,SUIBNB,SUIBNB,UNKNOWN,non-USDT quote,archive symbol spelling,r1.6-taxonomy-v1,False,False
spot,SUIBRL,SUIBRL,UNKNOWN,non-USDT quote,archive symbol spelling,r1.6-taxonomy-v1,False,False
spot,SUIBTC,SUIBTC,UNKNOWN,non-USDT quote,archive symbol spelling,r1.6-taxonomy-v1,False,False
spot,SUIEUR,SUIEUR,UNKNOWN,non-USDT quote,archive symbol spelling,r1.6-taxonomy-v1,False,False
spot,SUIFDUSD,SUIFDUSD,UNKNOWN,non-USDT quote,archive symbol spelling,r1.6-taxonomy-v1,False,False
spot,SUIIDR,SUIIDR,UNKNOWN,non-USDT quote,archive symbol spelling,r1.6-taxonomy-v1,False,False
spot,SUIJPY,SUIJPY,UNKNOWN,non-USDT quote,archive symbol spelling,r1.6-taxonomy-v1,False,False
spot,SUITRY,SUITRY,UNKNOWN,non-USDT quote,archive symbol spelling,r1.6-taxonomy-v1,False,False
spot,SUITUSD,SUITUSD,UNKNOWN,non-USDT quote,archive symbol spelling,r1.6-taxonomy-v1,False,False
spot,SUIU,SUIU,UNKNOWN,non-USDT quote,archive symbol spelling,r1.6-taxonomy-v1,False,False
spot,SUIUSD1,SUIUSD1,UNKNOWN,non-USDT quote,archive symbol spelling,r1.6-taxonomy-v1,False,False
spot,SUIUSDC,SUIUSDC,UNKNOWN,non-USDT quote,archive symbol spelling,r1.6-taxonomy-v1,False,False
spot,SUIUSDT,SUI,CRYPTO,USDT quote and base not in excluded taxonomy,r1.6 taxonomy v1,r1.6-taxonomy-v1,True,True
spot,SUNBTC,SUNBTC,UNKNOWN,non-USDT quote,archive symbol spelling,r1.6-taxonomy-v1,False,False
spot,SUNBUSD,SUNBUSD,UNKNOWN,non-USDT quote,archive symbol spelling,r1.6-taxonomy-v1,False,False
spot,SUNTRY,SUNTRY,UNKNOWN,non-USDT quote,archive symbol spelling,r1.6-taxonomy-v1,False,False
spot,SUNUSDT,SUN,CRYPTO,USDT quote and base not in excluded taxonomy,r1.6 taxonomy v1,r1.6-taxonomy-v1,True,True
spot,SUPERBTC,SUPERBTC,UNKNOWN,non-USDT quote,archive symbol spelling,r1.6-taxonomy-v1,False,False
spot,SUPERBUSD,SUPERBUSD,UNKNOWN,non-USDT quote,archive symbol spelling,r1.6-taxonomy-v1,False,False
spot,SUPERFDUSD,SUPERFDUSD,UNKNOWN,non-USDT quote,archive symbol spelling,r1.6-taxonomy-v1,False,False
spot,SUPERTRY,SUPERTRY,UNKNOWN,non-USDT quote,archive symbol spelling,r1.6-taxonomy-v1,False,False
spot,SUPERUSDT,SUPER,CRYPTO,USDT quote and base not in excluded taxonomy,r1.6 taxonomy v1,r1.6-taxonomy-v1,True,True
spot,SUSDBTC,SUSDBTC,UNKNOWN,non-USDT quote,archive symbol spelling,r1.6-taxonomy-v1,False,False
spot,SUSDC,SUSDC,UNKNOWN,non-USDT quote,archive symbol spelling,r1.6-taxonomy-v1,False,False
spot,SUSDETH,SUSDETH,UNKNOWN,non-USDT quote,archive symbol spelling,r1.6-taxonomy-v1,False,False
spot,SUSDT,S,CRYPTO,USDT quote and base not in excluded taxonomy,r1.6 taxonomy v1,r1.6-taxonomy-v1,True,True
spot,SUSDUSDT,SUSD,CRYPTO,USDT quote and base not in excluded taxonomy,r1.6 taxonomy v1,r1.6-taxonomy-v1,True,True
spot,SUSHIBIDR,SUSHIBIDR,UNKNOWN,non-USDT quote,archive symbol spelling,r1.6-taxonomy-v1,False,False
spot,SUSHIBNB,SUSHIBNB,UNKNOWN,non-USDT quote,archive symbol spelling,r1.6-taxonomy-v1,False,False
spot,SUSHIBTC,SUSHIBTC,UNKNOWN,non-USDT quote,archive symbol spelling,r1.6-taxonomy-v1,False,False
spot,SUSHIBUSD,SUSHIBUSD,UNKNOWN,non-USDT quote,archive symbol spelling,r1.6-taxonomy-v1,False,False
spot,SUSHIDOWNUSDT,SUSHIDOWN,LEVERAGED_OR_SYNTHETIC,leveraged-token suffix,archive symbol policy,r1.6-taxonomy-v1,False,True
spot,SUSHITRY,SUSHITRY,UNKNOWN,non-USDT quote,archive symbol spelling,r1.6-taxonomy-v1,False,False
spot,SUSHIUPUSDT,SUSHIUP,LEVERAGED_OR_SYNTHETIC,leveraged-token suffix,archive symbol policy,r1.6-taxonomy-v1,False,True
spot,SUSHIUSDC,SUSHIUSDC,UNKNOWN,non-USDT quote,archive symbol spelling,r1.6-taxonomy-v1,False,False
spot,SUSHIUSDT,SUSHI,CRYPTO,USDT quote and base not in excluded taxonomy,r1.6 taxonomy v1,r1.6-taxonomy-v1,True,True
spot,SWRVBNB,SWRVBNB,UNKNOWN,non-USDT quote,archive symbol spelling,r1.6-taxonomy-v1,False,False
spot,SWRVBUSD,SWRVBUSD,UNKNOWN,non-USDT quote,archive symbol spelling,r1.6-taxonomy-v1,False,False
spot,SXPAUD,SXPAUD,UNKNOWN,non-USDT quote,archive symbol spelling,r1.6-taxonomy-v1,False,False
spot,SXPBIDR,SXPBIDR,UNKNOWN,non-USDT quote,archive symbol spelling,r1.6-taxonomy-v1,False,False
spot,SXPBNB,SXPBNB,UNKNOWN,non-USDT quote,archive symbol spelling,r1.6-taxonomy-v1,False,False
spot,SXPBTC,SXPBTC,UNKNOWN,non-USDT quote,archive symbol spelling,r1.6-taxonomy-v1,False,False
spot,SXPBUSD,SXPBUSD,UNKNOWN,non-USDT quote,archive symbol spelling,r1.6-taxonomy-v1,False,False
spot,SXPDOWNUSDT,SXPDOWN,LEVERAGED_OR_SYNTHETIC,leveraged-token suffix,archive symbol policy,r1.6-taxonomy-v1,False,True
spot,SXPEUR,SXPEUR,UNKNOWN,non-USDT quote,archive symbol spelling,r1.6-taxonomy-v1,False,False
spot,SXPGBP,SXPGBP,UNKNOWN,non-USDT quote,archive symbol spelling,r1.6-taxonomy-v1,False,False
spot,SXPTRY,SXPTRY,UNKNOWN,non-USDT quote,archive symbol spelling,r1.6-taxonomy-v1,False,False
spot,SXPUPUSDT,SXPUP,LEVERAGED_OR_SYNTHETIC,leveraged-token suffix,archive symbol policy,r1.6-taxonomy-v1,False,True
spot,SXPUSDT,SXP,CRYPTO,USDT quote and base not in excluded taxonomy,r1.6 taxonomy v1,r1.6-taxonomy-v1,True,True
spot,SXTBNB,SXTBNB,UNKNOWN,non-USDT quote,archive symbol spelling,r1.6-taxonomy-v1,False,False
spot,SXTFDUSD,SXTFDUSD,UNKNOWN,non-USDT quote,archive symbol spelling,r1.6-taxonomy-v1,False,False
spot,SXTTRY,SXTTRY,UNKNOWN,non-USDT quote,archive symbol spelling,r1.6-taxonomy-v1,False,False
spot,SXTUSDC,SXTUSDC,UNKNOWN,non-USDT quote,archive symbol spelling,r1.6-taxonomy-v1,False,False
spot,SXTUSDT,SXT,CRYPTO,USDT quote and base not in excluded taxonomy,r1.6 taxonomy v1,r1.6-taxonomy-v1,True,True
spot,SYNBTC,SYNBTC,UNKNOWN,non-USDT quote,archive symbol spelling,r1.6-taxonomy-v1,False,False
spot,SYNUSDC,SYNUSDC,UNKNOWN,non-USDT quote,archive symbol spelling,r1.6-taxonomy-v1,False,False
spot,SYNUSDT,SYN,CRYPTO,USDT quote and base not in excluded taxonomy,r1.6 taxonomy v1,r1.6-taxonomy-v1,True,True
spot,SYRUPTRY,SYRUPTRY,UNKNOWN,non-USDT quote,archive symbol spelling,r1.6-taxonomy-v1,False,False
spot,SYRUPUSDC,SYRUPUSDC,UNKNOWN,non-USDT quote,archive symbol spelling,r1.6-taxonomy-v1,False,False
spot,SYRUPUSDT,SYRUP,LEVERAGED_OR_SYNTHETIC,leveraged-token suffix,archive symbol policy,r1.6-taxonomy-v1,False,True
spot,SYSBNB,SYSBNB,UNKNOWN,non-USDT quote,archive symbol spelling,r1.6-taxonomy-v1,False,False
spot,SYSBTC,SYSBTC,UNKNOWN,non-USDT quote,archive symbol spelling,r1.6-taxonomy-v1,False,False
spot,SYSBUSD,SYSBUSD,UNKNOWN,non-USDT quote,archive symbol spelling,r1.6-taxonomy-v1,False,False
spot,SYSETH,SYSETH,UNKNOWN,non-USDT quote,archive symbol spelling,r1.6-taxonomy-v1,False,False
spot,SYSUSDT,SYS,CRYPTO,USDT quote and base not in excluded taxonomy,r1.6 taxonomy v1,r1.6-taxonomy-v1,True,True
spot,TAOBTC,TAOBTC,UNKNOWN,non-USDT quote,archive symbol spelling,r1.6-taxonomy-v1,False,False
spot,TAOFDUSD,TAOFDUSD,UNKNOWN,non-USDT quote,archive symbol spelling,r1.6-taxonomy-v1,False,False
spot,TAOIDR,TAOIDR,UNKNOWN,non-USDT quote,archive symbol spelling,r1.6-taxonomy-v1,False,False
spot,TAOJPY,TAOJPY,UNKNOWN,non-USDT quote,archive symbol spelling,r1.6-taxonomy-v1,False,False
spot,TAOTRY,TAOTRY,UNKNOWN,non-USDT quote,archive symbol spelling,r1.6-taxonomy-v1,False,False
spot,TAOU,TAOU,UNKNOWN,non-USDT quote,archive symbol spelling,r1.6-taxonomy-v1,False,False
spot,TAOUSD1,TAOUSD1,UNKNOWN,non-USDT quote,archive symbol spelling,r1.6-taxonomy-v1,False,False
spot,TAOUSDC,TAOUSDC,UNKNOWN,non-USDT quote,archive symbol spelling,r1.6-taxonomy-v1,False,False
spot,TAOUSDT,TAO,CRYPTO,USDT quote and base not in excluded taxonomy,r1.6 taxonomy v1,r1.6-taxonomy-v1,True,True
spot,TBUSD,TBUSD,UNKNOWN,non-USDT quote,archive symbol spelling,r1.6-taxonomy-v1,False,False
spot,TCTBNB,TCTBNB,UNKNOWN,non-USDT quote,archive symbol spelling,r1.6-taxonomy-v1,False,False
spot,TCTBTC,TCTBTC,UNKNOWN,non-USDT quote,archive symbol spelling,r1.6-taxonomy-v1,False,False
spot,TCTUSDT,TCT,CRYPTO,USDT quote and base not in excluded taxonomy,r1.6 taxonomy v1,r1.6-taxonomy-v1,True,True
spot,TFUELBNB,TFUELBNB,UNKNOWN,non-USDT quote,archive symbol spelling,r1.6-taxonomy-v1,False,False
spot,TFUELBTC,TFUELBTC,UNKNOWN,non-USDT quote,archive symbol spelling,r1.6-taxonomy-v1,False,False
spot,TFUELBUSD,TFUELBUSD,UNKNOWN,non-USDT quote,archive symbol spelling,r1.6-taxonomy-v1,False,False
spot,TFUELPAX,TFUELPAX,UNKNOWN,non-USDT quote,archive symbol spelling,r1.6-taxonomy-v1,False,False
spot,TFUELTUSD,TFUELTUSD,UNKNOWN,non-USDT quote,archive symbol spelling,r1.6-taxonomy-v1,False,False
spot,TFUELUSDC,TFUELUSDC,UNKNOWN,non-USDT quote,archive symbol spelling,r1.6-taxonomy-v1,False,False
spot,TFUELUSDT,TFUEL,CRYPTO,USDT quote and base not in excluded taxonomy,r1.6 taxonomy v1,r1.6-taxonomy-v1,True,True
spot,THEBNB,THEBNB,UNKNOWN,non-USDT quote,archive symbol spelling,r1.6-taxonomy-v1,False,False
spot,THEBTC,THEBTC,UNKNOWN,non-USDT quote,archive symbol spelling,r1.6-taxonomy-v1,False,False
spot,THEFDUSD,THEFDUSD,UNKNOWN,non-USDT quote,archive symbol spelling,r1.6-taxonomy-v1,False,False
spot,THETABNB,THETABNB,UNKNOWN,non-USDT quote,archive symbol spelling,r1.6-taxonomy-v1,False,False
spot,THETABTC,THETABTC,UNKNOWN,non-USDT quote,archive symbol spelling,r1.6-taxonomy-v1,False,False
spot,THETABUSD,THETABUSD,UNKNOWN,non-USDT quote,archive symbol spelling,r1.6-taxonomy-v1,False,False
spot,THETAETH,THETAETH,UNKNOWN,non-USDT quote,archive symbol spelling,r1.6-taxonomy-v1,False,False
spot,THETAEUR,THETAEUR,UNKNOWN,non-USDT quote,archive symbol spelling,r1.6-taxonomy-v1,False,False
spot,THETAFDUSD,THETAFDUSD,UNKNOWN,non-USDT quote,archive symbol spelling,r1.6-taxonomy-v1,False,False
spot,THETATRY,THETATRY,UNKNOWN,non-USDT quote,archive symbol spelling,r1.6-taxonomy-v1,False,False
spot,THETAUSDC,THETAUSDC,UNKNOWN,non-USDT quote,archive symbol spelling,r1.6-taxonomy-v1,False,False
spot,THETAUSDT,THETA,CRYPTO,USDT quote and base not in excluded taxonomy,r1.6 taxonomy v1,r1.6-taxonomy-v1,True,True
spot,THETRY,THETRY,UNKNOWN,non-USDT quote,archive symbol spelling,r1.6-taxonomy-v1,False,False
spot,THEUSDC,THEUSDC,UNKNOWN,non-USDT quote,archive symbol spelling,r1.6-taxonomy-v1,False,False
spot,THEUSDT,THE,CRYPTO,USDT quote and base not in excluded taxonomy,r1.6 taxonomy v1,r1.6-taxonomy-v1,True,True
spot,TIABTC,TIABTC,UNKNOWN,non-USDT quote,archive symbol spelling,r1.6-taxonomy-v1,False,False
spot,TIAFDUSD,TIAFDUSD,UNKNOWN,non-USDT quote,archive symbol spelling,r1.6-taxonomy-v1,False,False
spot,TIAIDR,TIAIDR,UNKNOWN,non-USDT quote,archive symbol spelling,r1.6-taxonomy-v1,False,False
spot,TIATRY,TIATRY,UNKNOWN,non-USDT quote,archive symbol spelling,r1.6-taxonomy-v1,False,False
spot,TIATUSD,TIATUSD,UNKNOWN,non-USDT quote,archive symbol spelling,r1.6-taxonomy-v1,False,False
spot,TIAUSDC,TIAUSDC,UNKNOWN,non-USDT quote,archive symbol spelling,r1.6-taxonomy-v1,False,False
spot,TIAUSDT,TIA,CRYPTO,USDT quote and base not in excluded taxonomy,r1.6 taxonomy v1,r1.6-taxonomy-v1,True,True
spot,TKOBIDR,TKOBIDR,UNKNOWN,non-USDT quote,archive symbol spelling,r1.6-taxonomy-v1,False,False
spot,TKOBTC,TKOBTC,UNKNOWN,non-USDT quote,archive symbol spelling,r1.6-taxonomy-v1,False,False
spot,TKOBUSD,TKOBUSD,UNKNOWN,non-USDT quote,archive symbol spelling,r1.6-taxonomy-v1,False,False
spot,TKOIDR,TKOIDR,UNKNOWN,non-USDT quote,archive symbol spelling,r1.6-taxonomy-v1,False,False
spot,TKOUSDT,TKO,CRYPTO,USDT quote and base not in excluded taxonomy,r1.6 taxonomy v1,r1.6-taxonomy-v1,True,True
spot,TLMBNB,TLMBNB,UNKNOWN,non-USDT quote,archive symbol spelling,r1.6-taxonomy-v1,False,False
spot,TLMBTC,TLMBTC,UNKNOWN,non-USDT quote,archive symbol spelling,r1.6-taxonomy-v1,False,False
spot,TLMBUSD,TLMBUSD,UNKNOWN,non-USDT quote,archive symbol spelling,r1.6-taxonomy-v1,False,False
spot,TLMFDUSD,TLMFDUSD,UNKNOWN,non-USDT quote,archive symbol spelling,r1.6-taxonomy-v1,False,False
spot,TLMTRY,TLMTRY,UNKNOWN,non-USDT quote,archive symbol spelling,r1.6-taxonomy-v1,False,False
spot,TLMUSDC,TLMUSDC,UNKNOWN,non-USDT quote,archive symbol spelling,r1.6-taxonomy-v1,False,False
spot,TLMUSDT,TLM,CRYPTO,USDT quote and base not in excluded taxonomy,r1.6 taxonomy v1,r1.6-taxonomy-v1,True,True
spot,TNBBTC,TNBBTC,UNKNOWN,non-USDT quote,archive symbol spelling,r1.6-taxonomy-v1,False,False
spot,TNBETH,TNBETH,UNKNOWN,non-USDT quote,archive symbol spelling,r1.6-taxonomy-v1,False,False
spot,TNSRBTC,TNSRBTC,UNKNOWN,non-USDT quote,archive symbol spelling,r1.6-taxonomy-v1,False,False
spot,TNSRFDUSD,TNSRFDUSD,UNKNOWN,non-USDT quote,archive symbol spelling,r1.6-taxonomy-v1,False,False
spot,TNSRTRY,TNSRTRY,UNKNOWN,non-USDT quote,archive symbol spelling,r1.6-taxonomy-v1,False,False
spot,TNSRUSDC,TNSRUSDC,UNKNOWN,non-USDT quote,archive symbol spelling,r1.6-taxonomy-v1,False,False
spot,TNSRUSDT,TNSR,CRYPTO,USDT quote and base not in excluded taxonomy,r1.6 taxonomy v1,r1.6-taxonomy-v1,True,True
spot,TNTBTC,TNTBTC,UNKNOWN,non-USDT quote,archive symbol spelling,r1.6-taxonomy-v1,False,False
spot,TNTETH,TNTETH,UNKNOWN,non-USDT quote,archive symbol spelling,r1.6-taxonomy-v1,False,False
spot,TOMOBNB,TOMOBNB,UNKNOWN,non-USDT quote,archive symbol spelling,r1.6-taxonomy-v1,False,False
spot,TOMOBTC,TOMOBTC,UNKNOWN,non-USDT quote,archive symbol spelling,r1.6-taxonomy-v1,False,False
spot,TOMOBUSD,TOMOBUSD,UNKNOWN,non-USDT quote,archive symbol spelling,r1.6-taxonomy-v1,False,False
spot,TOMOTRY,TOMOTRY,UNKNOWN,non-USDT quote,archive symbol spelling,r1.6-taxonomy-v1,False,False
spot,TOMOUSDC,TOMOUSDC,UNKNOWN,non-USDT quote,archive symbol spelling,r1.6-taxonomy-v1,False,False
spot,TOMOUSDT,TOMO,CRYPTO,USDT quote and base not in excluded taxonomy,r1.6 taxonomy v1,r1.6-taxonomy-v1,True,True
spot,TONBTC,TONBTC,UNKNOWN,non-USDT quote,archive symbol spelling,r1.6-taxonomy-v1,False,False
spot,TONFDUSD,TONFDUSD,UNKNOWN,non-USDT quote,archive symbol spelling,r1.6-taxonomy-v1,False,False
spot,TONIDR,TONIDR,UNKNOWN,non-USDT quote,archive symbol spelling,r1.6-taxonomy-v1,False,False
spot,TONTRY,TONTRY,UNKNOWN,non-USDT quote,archive symbol spelling,r1.6-taxonomy-v1,False,False
spot,TONU,TONU,UNKNOWN,non-USDT quote,archive symbol spelling,r1.6-taxonomy-v1,False,False
spot,TONUSD1,TONUSD1,UNKNOWN,non-USDT quote,archive symbol spelling,r1.6-taxonomy-v1,False,False
spot,TONUSDC,TONUSDC,UNKNOWN,non-USDT quote,archive symbol spelling,r1.6-taxonomy-v1,False,False
spot,TONUSDT,TON,CRYPTO,USDT quote and base not in excluded taxonomy,r1.6 taxonomy v1,r1.6-taxonomy-v1,True,True
spot,TORNBNB,TORNBNB,UNKNOWN,non-USDT quote,archive symbol spelling,r1.6-taxonomy-v1,False,False
spot,TORNBTC,TORNBTC,UNKNOWN,non-USDT quote,archive symbol spelling,r1.6-taxonomy-v1,False,False
spot,TORNBUSD,TORNBUSD,UNKNOWN,non-USDT quote,archive symbol spelling,r1.6-taxonomy-v1,False,False
spot,TORNUSDT,TORN,CRYPTO,USDT quote and base not in excluded taxonomy,r1.6 taxonomy v1,r1.6-taxonomy-v1,True,True
spot,TOWNSBNB,TOWNSBNB,UNKNOWN,non-USDT quote,archive symbol spelling,r1.6-taxonomy-v1,False,False
spot,TOWNSFDUSD,TOWNSFDUSD,UNKNOWN,non-USDT quote,archive symbol spelling,r1.6-taxonomy-v1,False,False
spot,TOWNSTRY,TOWNSTRY,UNKNOWN,non-USDT quote,archive symbol spelling,r1.6-taxonomy-v1,False,False
spot,TOWNSUSDC,TOWNSUSDC,UNKNOWN,non-USDT quote,archive symbol spelling,r1.6-taxonomy-v1,False,False
spot,TOWNSUSDT,TOWNS,CRYPTO,USDT quote and base not in excluded taxonomy,r1.6 taxonomy v1,r1.6-taxonomy-v1,True,True
spot,TQQQBUSDT,TQQQB,CRYPTO,USDT quote and base not in excluded taxonomy,r1.6 taxonomy v1,r1.6-taxonomy-v1,True,True
spot,TRBBNB,TRBBNB,UNKNOWN,non-USDT quote,archive symbol spelling,r1.6-taxonomy-v1,False,False
spot,TRBBTC,TRBBTC,UNKNOWN,non-USDT quote,archive symbol spelling,r1.6-taxonomy-v1,False,False
spot,TRBBUSD,TRBBUSD,UNKNOWN,non-USDT quote,archive symbol spelling,r1.6-taxonomy-v1,False,False
spot,TRBFDUSD,TRBFDUSD,UNKNOWN,non-USDT quote,archive symbol spelling,r1.6-taxonomy-v1,False,False
spot,TRBJPY,TRBJPY,UNKNOWN,non-USDT quote,archive symbol spelling,r1.6-taxonomy-v1,False,False
spot,TRBTRY,TRBTRY,UNKNOWN,non-USDT quote,archive symbol spelling,r1.6-taxonomy-v1,False,False
spot,TRBUSDC,TRBUSDC,UNKNOWN,non-USDT quote,archive symbol spelling,r1.6-taxonomy-v1,False,False
spot,TRBUSDT,TRB,CRYPTO,USDT quote and base not in excluded taxonomy,r1.6 taxonomy v1,r1.6-taxonomy-v1,True,True
spot,TREEBNB,TREEBNB,UNKNOWN,non-USDT quote,archive symbol spelling,r1.6-taxonomy-v1,False,False
spot,TREEFDUSD,TREEFDUSD,UNKNOWN,non-USDT quote,archive symbol spelling,r1.6-taxonomy-v1,False,False
spot,TREETRY,TREETRY,UNKNOWN,non-USDT quote,archive symbol spelling,r1.6-taxonomy-v1,False,False
spot,TREEUSDC,TREEUSDC,UNKNOWN,non-USDT quote,archive symbol spelling,r1.6-taxonomy-v1,False,False
spot,TREEUSDT,TREE,CRYPTO,USDT quote and base not in excluded taxonomy,r1.6 taxonomy v1,r1.6-taxonomy-v1,True,True
spot,TRIBEBNB,TRIBEBNB,UNKNOWN,non-USDT quote,archive symbol spelling,r1.6-taxonomy-v1,False,False
spot,TRIBEBTC,TRIBEBTC,UNKNOWN,non-USDT quote,archive symbol spelling,r1.6-taxonomy-v1,False,False
spot,TRIBEBUSD,TRIBEBUSD,UNKNOWN,non-USDT quote,archive symbol spelling,r1.6-taxonomy-v1,False,False
spot,TRIBEUSDT,TRIBE,CRYPTO,USDT quote and base not in excluded taxonomy,r1.6 taxonomy v1,r1.6-taxonomy-v1,True,True
spot,TRIGBNB,TRIGBNB,UNKNOWN,non-USDT quote,archive symbol spelling,r1.6-taxonomy-v1,False,False
spot,TRIGBTC,TRIGBTC,UNKNOWN,non-USDT quote,archive symbol spelling,r1.6-taxonomy-v1,False,False
spot,TRIGETH,TRIGETH,UNKNOWN,non-USDT quote,archive symbol spelling,r1.6-taxonomy-v1,False,False
spot,TROYBNB,TROYBNB,UNKNOWN,non-USDT quote,archive symbol spelling,r1.6-taxonomy-v1,False,False
spot,TROYBTC,TROYBTC,UNKNOWN,non-USDT quote,archive symbol spelling,r1.6-taxonomy-v1,False,False
spot,TROYBUSD,TROYBUSD,UNKNOWN,non-USDT quote,archive symbol spelling,r1.6-taxonomy-v1,False,False
spot,TROYTRY,TROYTRY,UNKNOWN,non-USDT quote,archive symbol spelling,r1.6-taxonomy-v1,False,False
spot,TROYUSDC,TROYUSDC,UNKNOWN,non-USDT quote,archive symbol spelling,r1.6-taxonomy-v1,False,False
spot,TROYUSDT,TROY,CRYPTO,USDT quote and base not in excluded taxonomy,r1.6 taxonomy v1,r1.6-taxonomy-v1,True,True
spot,TRUBTC,TRUBTC,UNKNOWN,non-USDT quote,archive symbol spelling,r1.6-taxonomy-v1,False,False
spot,TRUBUSD,TRUBUSD,UNKNOWN,non-USDT quote,archive symbol spelling,r1.6-taxonomy-v1,False,False
spot,TRUMPBRL,TRUMPBRL,UNKNOWN,non-USDT quote,archive symbol spelling,r1.6-taxonomy-v1,False,False
spot,TRUMPEUR,TRUMPEUR,UNKNOWN,non-USDT quote,archive symbol spelling,r1.6-taxonomy-v1,False,False
spot,TRUMPFDUSD,TRUMPFDUSD,UNKNOWN,non-USDT quote,archive symbol spelling,r1.6-taxonomy-v1,False,False
spot,TRUMPJPY,TRUMPJPY,UNKNOWN,non-USDT quote,archive symbol spelling,r1.6-taxonomy-v1,False,False
spot,TRUMPTRY,TRUMPTRY,UNKNOWN,non-USDT quote,archive symbol spelling,r1.6-taxonomy-v1,False,False
spot,TRUMPU,TRUMPU,UNKNOWN,non-USDT quote,archive symbol spelling,r1.6-taxonomy-v1,False,False
spot,TRUMPUSD1,TRUMPUSD1,UNKNOWN,non-USDT quote,archive symbol spelling,r1.6-taxonomy-v1,False,False
spot,TRUMPUSDC,TRUMPUSDC,UNKNOWN,non-USDT quote,archive symbol spelling,r1.6-taxonomy-v1,False,False
spot,TRUMPUSDT,TRUMP,CRYPTO,USDT quote and base not in excluded taxonomy,r1.6 taxonomy v1,r1.6-taxonomy-v1,True,True
spot,TRURUB,TRURUB,UNKNOWN,non-USDT quote,archive symbol spelling,r1.6-taxonomy-v1,False,False
spot,TRUTRY,TRUTRY,UNKNOWN,non-USDT quote,archive symbol spelling,r1.6-taxonomy-v1,False,False
spot,TRUUSDT,TRU,CRYPTO,USDT quote and base not in excluded taxonomy,r1.6 taxonomy v1,r1.6-taxonomy-v1,True,True
spot,TRXAUD,TRXAUD,UNKNOWN,non-USDT quote,archive symbol spelling,r1.6-taxonomy-v1,False,False
spot,TRXBNB,TRXBNB,UNKNOWN,non-USDT quote,archive symbol spelling,r1.6-taxonomy-v1,False,False
spot,TRXBTC,TRXBTC,UNKNOWN,non-USDT quote,archive symbol spelling,r1.6-taxonomy-v1,False,False
spot,TRXBUSD,TRXBUSD,UNKNOWN,non-USDT quote,archive symbol spelling,r1.6-taxonomy-v1,False,False
spot,TRXDOWNUSDT,TRXDOWN,LEVERAGED_OR_SYNTHETIC,leveraged-token suffix,archive symbol policy,r1.6-taxonomy-v1,False,True
spot,TRXETH,TRXETH,UNKNOWN,non-USDT quote,archive symbol spelling,r1.6-taxonomy-v1,False,False
spot,TRXEUR,TRXEUR,UNKNOWN,non-USDT quote,archive symbol spelling,r1.6-taxonomy-v1,False,False
spot,TRXFDUSD,TRXFDUSD,UNKNOWN,non-USDT quote,archive symbol spelling,r1.6-taxonomy-v1,False,False
spot,TRXJPY,TRXJPY,UNKNOWN,non-USDT quote,archive symbol spelling,r1.6-taxonomy-v1,False,False
spot,TRXNGN,TRXNGN,UNKNOWN,non-USDT quote,archive symbol spelling,r1.6-taxonomy-v1,False,False
spot,TRXPAX,TRXPAX,UNKNOWN,non-USDT quote,archive symbol spelling,r1.6-taxonomy-v1,False,False
spot,TRXTRY,TRXTRY,UNKNOWN,non-USDT quote,archive symbol spelling,r1.6-taxonomy-v1,False,False
spot,TRXTUSD,TRXTUSD,UNKNOWN,non-USDT quote,archive symbol spelling,r1.6-taxonomy-v1,False,False
spot,TRXU,TRXU,UNKNOWN,non-USDT quote,archive symbol spelling,r1.6-taxonomy-v1,False,False
spot,TRXUPUSDT,TRXUP,LEVERAGED_OR_SYNTHETIC,leveraged-token suffix,archive symbol policy,r1.6-taxonomy-v1,False,True
spot,TRXUSD1,TRXUSD1,UNKNOWN,non-USDT quote,archive symbol spelling,r1.6-taxonomy-v1,False,False
spot,TRXUSDC,TRXUSDC,UNKNOWN,non-USDT quote,archive symbol spelling,r1.6-taxonomy-v1,False,False
spot,TRXUSDT,TRX,CRYPTO,USDT quote and base not in excluded taxonomy,r1.6 taxonomy v1,r1.6-taxonomy-v1,True,True
spot,TRXXRP,TRXXRP,UNKNOWN,non-USDT quote,archive symbol spelling,r1.6-taxonomy-v1,False,False
spot,TSLABUSDT,TSLAB,CRYPTO,USDT quote and base not in excluded taxonomy,r1.6 taxonomy v1,r1.6-taxonomy-v1,True,True
spot,TSMBUSDT,TSMB,CRYPTO,USDT quote and base not in excluded taxonomy,r1.6 taxonomy v1,r1.6-taxonomy-v1,True,True
spot,TSTFDUSD,TSTFDUSD,UNKNOWN,non-USDT quote,archive symbol spelling,r1.6-taxonomy-v1,False,False
spot,TSTTRY,TSTTRY,UNKNOWN,non-USDT quote,archive symbol spelling,r1.6-taxonomy-v1,False,False
spot,TSTUSDC,TSTUSDC,UNKNOWN,non-USDT quote,archive symbol spelling,r1.6-taxonomy-v1,False,False
spot,TSTUSDT,TST,CRYPTO,USDT quote and base not in excluded taxonomy,r1.6 taxonomy v1,r1.6-taxonomy-v1,True,True
spot,TURBOFDUSD,TURBOFDUSD,UNKNOWN,non-USDT quote,archive symbol spelling,r1.6-taxonomy-v1,False,False
spot,TURBOTRY,TURBOTRY,UNKNOWN,non-USDT quote,archive symbol spelling,r1.6-taxonomy-v1,False,False
spot,TURBOUSDC,TURBOUSDC,UNKNOWN,non-USDT quote,archive symbol spelling,r1.6-taxonomy-v1,False,False
spot,TURBOUSDT,TURBO,CRYPTO,USDT quote and base not in excluded taxonomy,r1.6 taxonomy v1,r1.6-taxonomy-v1,True,True
spot,TURTLEBNB,TURTLEBNB,UNKNOWN,non-USDT quote,archive symbol spelling,r1.6-taxonomy-v1,False,False
spot,TURTLEFDUSD,TURTLEFDUSD,UNKNOWN,non-USDT quote,archive symbol spelling,r1.6-taxonomy-v1,False,False
spot,TURTLETRY,TURTLETRY,UNKNOWN,non-USDT quote,archive symbol spelling,r1.6-taxonomy-v1,False,False
spot,TURTLEUSDC,TURTLEUSDC,UNKNOWN,non-USDT quote,archive symbol spelling,r1.6-taxonomy-v1,False,False
spot,TURTLEUSDT,TURTLE,CRYPTO,USDT quote and base not in excluded taxonomy,r1.6 taxonomy v1,r1.6-taxonomy-v1,True,True
spot,TUSDBNB,TUSDBNB,UNKNOWN,non-USDT quote,archive symbol spelling,r1.6-taxonomy-v1,False,False
spot,TUSDBTC,TUSDBTC,UNKNOWN,non-USDT quote,archive symbol spelling,r1.6-taxonomy-v1,False,False
spot,TUSDBTUSD,TUSDBTUSD,UNKNOWN,non-USDT quote,archive symbol spelling,r1.6-taxonomy-v1,False,False
spot,TUSDBUSD,TUSDBUSD,UNKNOWN,non-USDT quote,archive symbol spelling,r1.6-taxonomy-v1,False,False
spot,TUSDC,TUSDC,UNKNOWN,non-USDT quote,archive symbol spelling,r1.6-taxonomy-v1,False,False
spot,TUSDETH,TUSDETH,UNKNOWN,non-USDT quote,archive symbol spelling,r1.6-taxonomy-v1,False,False
spot,TUSDT,T,CRYPTO,USDT quote and base not in excluded taxonomy,r1.6 taxonomy v1,r1.6-taxonomy-v1,True,True
spot,TUSDTRY,TUSDTRY,UNKNOWN,non-USDT quote,archive symbol spelling,r1.6-taxonomy-v1,False,False
spot,TUSDUSDT,TUSD,STABLECOIN,base asset in frozen stablecoin list,r1.6 taxonomy v1,r1.6-taxonomy-v1,False,True
spot,TUTUSDC,TUTUSDC,UNKNOWN,non-USDT quote,archive symbol spelling,r1.6-taxonomy-v1,False,False
spot,TUTUSDT,TUT,CRYPTO,USDT quote and base not in excluded taxonomy,r1.6 taxonomy v1,r1.6-taxonomy-v1,True,True
spot,TVKBTC,TVKBTC,UNKNOWN,non-USDT quote,archive symbol spelling,r1.6-taxonomy-v1,False,False
spot,TVKBUSD,TVKBUSD,UNKNOWN,non-USDT quote,archive symbol spelling,r1.6-taxonomy-v1,False,False
spot,TVKUSDT,TVK,CRYPTO,USDT quote and base not in excluded taxonomy,r1.6 taxonomy v1,r1.6-taxonomy-v1,True,True
spot,TWTBTC,TWTBTC,UNKNOWN,non-USDT quote,archive symbol spelling,r1.6-taxonomy-v1,False,False
spot,TWTBUSD,TWTBUSD,UNKNOWN,non-USDT quote,archive symbol spelling,r1.6-taxonomy-v1,False,False
spot,TWTTRY,TWTTRY,UNKNOWN,non-USDT quote,archive symbol spelling,r1.6-taxonomy-v1,False,False
spot,TWTUSDC,TWTUSDC,UNKNOWN,non-USDT quote,archive symbol spelling,r1.6-taxonomy-v1,False,False
spot,TWTUSDT,TWT,CRYPTO,USDT quote and base not in excluded taxonomy,r1.6 taxonomy v1,r1.6-taxonomy-v1,True,True
spot,UFTBUSD,UFTBUSD,UNKNOWN,non-USDT quote,archive symbol spelling,r1.6-taxonomy-v1,False,False
spot,UFTETH,UFTETH,UNKNOWN,non-USDT quote,archive symbol spelling,r1.6-taxonomy-v1,False,False
spot,UFTUSDT,UFT,CRYPTO,USDT quote and base not in excluded taxonomy,r1.6 taxonomy v1,r1.6-taxonomy-v1,True,True
spot,UIDR,UIDR,UNKNOWN,non-USDT quote,archive symbol spelling,r1.6-taxonomy-v1,False,False
spot,UMABTC,UMABTC,UNKNOWN,non-USDT quote,archive symbol spelling,r1.6-taxonomy-v1,False,False
spot,UMABUSD,UMABUSD,UNKNOWN,non-USDT quote,archive symbol spelling,r1.6-taxonomy-v1,False,False
spot,UMATRY,UMATRY,UNKNOWN,non-USDT quote,archive symbol spelling,r1.6-taxonomy-v1,False,False
spot,UMAUSDC,UMAUSDC,UNKNOWN,non-USDT quote,archive symbol spelling,r1.6-taxonomy-v1,False,False
spot,UMAUSDT,UMA,CRYPTO,USDT quote and base not in excluded taxonomy,r1.6 taxonomy v1,r1.6-taxonomy-v1,True,True
spot,UNFIBNB,UNFIBNB,UNKNOWN,non-USDT quote,archive symbol spelling,r1.6-taxonomy-v1,False,False
spot,UNFIBTC,UNFIBTC,UNKNOWN,non-USDT quote,archive symbol spelling,r1.6-taxonomy-v1,False,False
spot,UNFIBUSD,UNFIBUSD,UNKNOWN,non-USDT quote,archive symbol spelling,r1.6-taxonomy-v1,False,False
spot,UNFIETH,UNFIETH,UNKNOWN,non-USDT quote,archive symbol spelling,r1.6-taxonomy-v1,False,False
spot,UNFITRY,UNFITRY,UNKNOWN,non-USDT quote,archive symbol spelling,r1.6-taxonomy-v1,False,False
spot,UNFIUSDT,UNFI,CRYPTO,USDT quote and base not in excluded taxonomy,r1.6 taxonomy v1,r1.6-taxonomy-v1,True,True
spot,UNIAUD,UNIAUD,UNKNOWN,non-USDT quote,archive symbol spelling,r1.6-taxonomy-v1,False,False
spot,UNIBNB,UNIBNB,UNKNOWN,non-USDT quote,archive symbol spelling,r1.6-taxonomy-v1,False,False
spot,UNIBTC,UNIBTC,UNKNOWN,non-USDT quote,archive symbol spelling,r1.6-taxonomy-v1,False,False
spot,UNIBUSD,UNIBUSD,UNKNOWN,non-USDT quote,archive symbol spelling,r1.6-taxonomy-v1,False,False
spot,UNIDOWNUSDT,UNIDOWN,LEVERAGED_OR_SYNTHETIC,leveraged-token suffix,archive symbol policy,r1.6-taxonomy-v1,False,True
spot,UNIETH,UNIETH,UNKNOWN,non-USDT quote,archive symbol spelling,r1.6-taxonomy-v1,False,False
spot,UNIEUR,UNIEUR,UNKNOWN,non-USDT quote,archive symbol spelling,r1.6-taxonomy-v1,False,False
spot,UNIFDUSD,UNIFDUSD,UNKNOWN,non-USDT quote,archive symbol spelling,r1.6-taxonomy-v1,False,False
spot,UNITRY,UNITRY,UNKNOWN,non-USDT quote,archive symbol spelling,r1.6-taxonomy-v1,False,False
spot,UNIU,UNIU,UNKNOWN,non-USDT quote,archive symbol spelling,r1.6-taxonomy-v1,False,False
spot,UNIUPUSDT,UNIUP,LEVERAGED_OR_SYNTHETIC,leveraged-token suffix,archive symbol policy,r1.6-taxonomy-v1,False,True
spot,UNIUSD1,UNIUSD1,UNKNOWN,non-USDT quote,archive symbol spelling,r1.6-taxonomy-v1,False,False
spot,UNIUSDC,UNIUSDC,UNKNOWN,non-USDT quote,archive symbol spelling,r1.6-taxonomy-v1,False,False
spot,UNIUSDT,UNI,CRYPTO,USDT quote and base not in excluded taxonomy,r1.6 taxonomy v1,r1.6-taxonomy-v1,True,True
spot,USD1TRY,USD1TRY,UNKNOWN,non-USDT quote,archive symbol spelling,r1.6-taxonomy-v1,False,False
spot,USD1U,USD1U,UNKNOWN,non-USDT quote,archive symbol spelling,r1.6-taxonomy-v1,False,False
spot,USD1USDC,USD1USDC,UNKNOWN,non-USDT quote,archive symbol spelling,r1.6-taxonomy-v1,False,False
spot,USD1USDT,USD1,CRYPTO,USDT quote and base not in excluded taxonomy,r1.6 taxonomy v1,r1.6-taxonomy-v1,True,True
spot,USDCBNB,USDCBNB,UNKNOWN,non-USDT quote,archive symbol spelling,r1.6-taxonomy-v1,False,False
spot,USDCBRL,USDCBRL,UNKNOWN,non-USDT quote,archive symbol spelling,r1.6-taxonomy-v1,False,False
spot,USDCBUSD,USDCBUSD,UNKNOWN,non-USDT quote,archive symbol spelling,r1.6-taxonomy-v1,False,False
spot,USDCCZK,USDCCZK,UNKNOWN,non-USDT quote,archive symbol spelling,r1.6-taxonomy-v1,False,False
spot,USDCIDR,USDCIDR,UNKNOWN,non-USDT quote,archive symbol spelling,r1.6-taxonomy-v1,False,False
spot,USDCMXN,USDCMXN,UNKNOWN,non-USDT quote,archive symbol spelling,r1.6-taxonomy-v1,False,False
spot,USDCPAX,USDCPAX,UNKNOWN,non-USDT quote,archive symbol spelling,r1.6-taxonomy-v1,False,False
spot,USDCPLN,USDCPLN,UNKNOWN,non-USDT quote,archive symbol spelling,r1.6-taxonomy-v1,False,False
spot,USDCRON,USDCRON,UNKNOWN,non-USDT quote,archive symbol spelling,r1.6-taxonomy-v1,False,False
spot,USDCTRY,USDCTRY,UNKNOWN,non-USDT quote,archive symbol spelling,r1.6-taxonomy-v1,False,False
spot,USDCTUSD,USDCTUSD,UNKNOWN,non-USDT quote,archive symbol spelling,r1.6-taxonomy-v1,False,False
spot,USDCUSD,USDCUSD,UNKNOWN,non-USDT quote,archive symbol spelling,r1.6-taxonomy-v1,False,False
spot,USDCUSDT,USDC,STABLECOIN,base asset in frozen stablecoin list,r1.6 taxonomy v1,r1.6-taxonomy-v1,False,True
spot,USDEUSDC,USDEUSDC,UNKNOWN,non-USDT quote,archive symbol spelling,r1.6-taxonomy-v1,False,False
spot,USDEUSDT,USDE,STABLECOIN,base asset in frozen stablecoin list,r1.6 taxonomy v1,r1.6-taxonomy-v1,False,True
spot,USDPBUSD,USDPBUSD,UNKNOWN,non-USDT quote,archive symbol spelling,r1.6-taxonomy-v1,False,False
spot,USDPUSDT,USDP,STABLECOIN,base asset in frozen stablecoin list,r1.6 taxonomy v1,r1.6-taxonomy-v1,False,True
spot,USDSBUSDS,USDSBUSDS,UNKNOWN,non-USDT quote,archive symbol spelling,r1.6-taxonomy-v1,False,False
spot,USDSBUSDT,USDSB,CRYPTO,USDT quote and base not in excluded taxonomy,r1.6 taxonomy v1,r1.6-taxonomy-v1,True,True
spot,USDSPAX,USDSPAX,UNKNOWN,non-USDT quote,archive symbol spelling,r1.6-taxonomy-v1,False,False
spot,USDSTUSD,USDSTUSD,UNKNOWN,non-USDT quote,archive symbol spelling,r1.6-taxonomy-v1,False,False
spot,USDSUSDC,USDSUSDC,UNKNOWN,non-USDT quote,archive symbol spelling,r1.6-taxonomy-v1,False,False
spot,USDSUSDT,USDS,CRYPTO,USDT quote and base not in excluded taxonomy,r1.6 taxonomy v1,r1.6-taxonomy-v1,True,True
spot,USDTAED,USDTAED,UNKNOWN,non-USDT quote,archive symbol spelling,r1.6-taxonomy-v1,False,False
spot,USDTARS,USDTARS,UNKNOWN,non-USDT quote,archive symbol spelling,r1.6-taxonomy-v1,False,False
spot,USDTBIDR,USDTBIDR,UNKNOWN,non-USDT quote,archive symbol spelling,r1.6-taxonomy-v1,False,False
spot,USDTBKRW,USDTBKRW,UNKNOWN,non-USDT quote,archive symbol spelling,r1.6-taxonomy-v1,False,False
spot,USDTBRL,USDTBRL,UNKNOWN,non-USDT quote,archive symbol spelling,r1.6-taxonomy-v1,False,False
spot,USDTBVND,USDTBVND,UNKNOWN,non-USDT quote,archive symbol spelling,r1.6-taxonomy-v1,False,False
spot,USDTCOP,USDTCOP,UNKNOWN,non-USDT quote,archive symbol spelling,r1.6-taxonomy-v1,False,False
spot,USDTCZK,USDTCZK,UNKNOWN,non-USDT quote,archive symbol spelling,r1.6-taxonomy-v1,False,False
spot,USDTDAI,USDTDAI,UNKNOWN,non-USDT quote,archive symbol spelling,r1.6-taxonomy-v1,False,False
spot,USDTGYEN,USDTGYEN,UNKNOWN,non-USDT quote,archive symbol spelling,r1.6-taxonomy-v1,False,False
spot,USDTIDR,USDTIDR,UNKNOWN,non-USDT quote,archive symbol spelling,r1.6-taxonomy-v1,False,False
spot,USDTIDRT,USDTIDRT,UNKNOWN,non-USDT quote,archive symbol spelling,r1.6-taxonomy-v1,False,False
spot,USDTKZT,USDTKZT,UNKNOWN,non-USDT quote,archive symbol spelling,r1.6-taxonomy-v1,False,False
spot,USDTMXN,USDTMXN,UNKNOWN,non-USDT quote,archive symbol spelling,r1.6-taxonomy-v1,False,False
spot,USDTNGN,USDTNGN,UNKNOWN,non-USDT quote,archive symbol spelling,r1.6-taxonomy-v1,False,False
spot,USDTPLN,USDTPLN,UNKNOWN,non-USDT quote,archive symbol spelling,r1.6-taxonomy-v1,False,False
spot,USDTRON,USDTRON,UNKNOWN,non-USDT quote,archive symbol spelling,r1.6-taxonomy-v1,False,False
spot,USDTRUB,USDTRUB,UNKNOWN,non-USDT quote,archive symbol spelling,r1.6-taxonomy-v1,False,False
spot,USDTTRY,USDTTRY,UNKNOWN,non-USDT quote,archive symbol spelling,r1.6-taxonomy-v1,False,False
spot,USDTUAH,USDTUAH,UNKNOWN,non-USDT quote,archive symbol spelling,r1.6-taxonomy-v1,False,False
spot,USDTUSD,USDTUSD,UNKNOWN,non-USDT quote,archive symbol spelling,r1.6-taxonomy-v1,False,False
spot,USDTVAI,USDTVAI,UNKNOWN,non-USDT quote,archive symbol spelling,r1.6-taxonomy-v1,False,False
spot,USDTZAR,USDTZAR,UNKNOWN,non-USDT quote,archive symbol spelling,r1.6-taxonomy-v1,False,False
spot,USTBTC,USTBTC,UNKNOWN,non-USDT quote,archive symbol spelling,r1.6-taxonomy-v1,False,False
spot,USTBUSD,USTBUSD,UNKNOWN,non-USDT quote,archive symbol spelling,r1.6-taxonomy-v1,False,False
spot,USTCBUSD,USTCBUSD,UNKNOWN,non-USDT quote,archive symbol spelling,r1.6-taxonomy-v1,False,False
spot,USTCFDUSD,USTCFDUSD,UNKNOWN,non-USDT quote,archive symbol spelling,r1.6-taxonomy-v1,False,False
spot,USTCTRY,USTCTRY,UNKNOWN,non-USDT quote,archive symbol spelling,r1.6-taxonomy-v1,False,False
spot,USTCUSDT,USTC,CRYPTO,USDT quote and base not in excluded taxonomy,r1.6 taxonomy v1,r1.6-taxonomy-v1,True,True
spot,USTUSDT,UST,STABLECOIN,base asset in frozen stablecoin list,r1.6 taxonomy v1,r1.6-taxonomy-v1,False,True
spot,USUALBTC,USUALBTC,UNKNOWN,non-USDT quote,archive symbol spelling,r1.6-taxonomy-v1,False,False
spot,USUALFDUSD,USUALFDUSD,UNKNOWN,non-USDT quote,archive symbol spelling,r1.6-taxonomy-v1,False,False
spot,USUALTRY,USUALTRY,UNKNOWN,non-USDT quote,archive symbol spelling,r1.6-taxonomy-v1,False,False
spot,USUALUSDC,USUALUSDC,UNKNOWN,non-USDT quote,archive symbol spelling,r1.6-taxonomy-v1,False,False
spot,USUALUSDT,USUAL,CRYPTO,USDT quote and base not in excluded taxonomy,r1.6 taxonomy v1,r1.6-taxonomy-v1,True,True
spot,UTKBTC,UTKBTC,UNKNOWN,non-USDT quote,archive symbol spelling,r1.6-taxonomy-v1,False,False
spot,UTKBUSD,UTKBUSD,UNKNOWN,non-USDT quote,archive symbol spelling,r1.6-taxonomy-v1,False,False
spot,UTKUSDC,UTKUSDC,UNKNOWN,non-USDT quote,archive symbol spelling,r1.6-taxonomy-v1,False,False
spot,UTKUSDT,UTK,CRYPTO,USDT quote and base not in excluded taxonomy,r1.6 taxonomy v1,r1.6-taxonomy-v1,True,True
spot,UTRY,UTRY,UNKNOWN,non-USDT quote,archive symbol spelling,r1.6-taxonomy-v1,False,False
spot,UUSD,UUSD,UNKNOWN,non-USDT quote,archive symbol spelling,r1.6-taxonomy-v1,False,False
spot,UUSDC,UUSDC,UNKNOWN,non-USDT quote,archive symbol spelling,r1.6-taxonomy-v1,False,False
spot,UUSDT,U,CRYPTO,USDT quote and base not in excluded taxonomy,r1.6 taxonomy v1,r1.6-taxonomy-v1,True,True
spot,VANABNB,VANABNB,UNKNOWN,non-USDT quote,archive symbol spelling,r1.6-taxonomy-v1,False,False
spot,VANAFDUSD,VANAFDUSD,UNKNOWN,non-USDT quote,archive symbol spelling,r1.6-taxonomy-v1,False,False
spot,VANATRY,VANATRY,UNKNOWN,non-USDT quote,archive symbol spelling,r1.6-taxonomy-v1,False,False
spot,VANAUSDC,VANAUSDC,UNKNOWN,non-USDT quote,archive symbol spelling,r1.6-taxonomy-v1,False,False
spot,VANAUSDT,VANA,CRYPTO,USDT quote and base not in excluded taxonomy,r1.6 taxonomy v1,r1.6-taxonomy-v1,True,True
spot,VANRYBTC,VANRYBTC,UNKNOWN,non-USDT quote,archive symbol spelling,r1.6-taxonomy-v1,False,False
spot,VANRYTRY,VANRYTRY,UNKNOWN,non-USDT quote,archive symbol spelling,r1.6-taxonomy-v1,False,False
spot,VANRYUSDC,VANRYUSDC,UNKNOWN,non-USDT quote,archive symbol spelling,r1.6-taxonomy-v1,False,False
spot,VANRYUSDT,VANRY,CRYPTO,USDT quote and base not in excluded taxonomy,r1.6 taxonomy v1,r1.6-taxonomy-v1,True,True
spot,VELODROMEUSDC,VELODROMEUSDC,UNKNOWN,non-USDT quote,archive symbol spelling,r1.6-taxonomy-v1,False,False
spot,VELODROMEUSDT,VELODROME,CRYPTO,USDT quote and base not in excluded taxonomy,r1.6 taxonomy v1,r1.6-taxonomy-v1,True,True
spot,VENBNB,VENBNB,UNKNOWN,non-USDT quote,archive symbol spelling,r1.6-taxonomy-v1,False,False
spot,VENBTC,VENBTC,UNKNOWN,non-USDT quote,archive symbol spelling,r1.6-taxonomy-v1,False,False
spot,VENETH,VENETH,UNKNOWN,non-USDT quote,archive symbol spelling,r1.6-taxonomy-v1,False,False
spot,VENUSDT,VEN,CRYPTO,USDT quote and base not in excluded taxonomy,r1.6 taxonomy v1,r1.6-taxonomy-v1,True,True
spot,VETBNB,VETBNB,UNKNOWN,non-USDT quote,archive symbol spelling,r1.6-taxonomy-v1,False,False
spot,VETBTC,VETBTC,UNKNOWN,non-USDT quote,archive symbol spelling,r1.6-taxonomy-v1,False,False
spot,VETBUSD,VETBUSD,UNKNOWN,non-USDT quote,archive symbol spelling,r1.6-taxonomy-v1,False,False
spot,VETETH,VETETH,UNKNOWN,non-USDT quote,archive symbol spelling,r1.6-taxonomy-v1,False,False
spot,VETEUR,VETEUR,UNKNOWN,non-USDT quote,archive symbol spelling,r1.6-taxonomy-v1,False,False
spot,VETGBP,VETGBP,UNKNOWN,non-USDT quote,archive symbol spelling,r1.6-taxonomy-v1,False,False
spot,VETTRY,VETTRY,UNKNOWN,non-USDT quote,archive symbol spelling,r1.6-taxonomy-v1,False,False
spot,VETUSDC,VETUSDC,UNKNOWN,non-USDT quote,archive symbol spelling,r1.6-taxonomy-v1,False,False
spot,VETUSDT,VET,CRYPTO,USDT quote and base not in excluded taxonomy,r1.6 taxonomy v1,r1.6-taxonomy-v1,True,True
spot,VGXBTC,VGXBTC,UNKNOWN,non-USDT quote,archive symbol spelling,r1.6-taxonomy-v1,False,False
spot,VGXETH,VGXETH,UNKNOWN,non-USDT quote,archive symbol spelling,r1.6-taxonomy-v1,False,False
spot,VGXUSDT,VGX,CRYPTO,USDT quote and base not in excluded taxonomy,r1.6 taxonomy v1,r1.6-taxonomy-v1,True,True
spot,VIABNB,VIABNB,UNKNOWN,non-USDT quote,archive symbol spelling,r1.6-taxonomy-v1,False,False
spot,VIABTC,VIABTC,UNKNOWN,non-USDT quote,archive symbol spelling,r1.6-taxonomy-v1,False,False
spot,VIAETH,VIAETH,UNKNOWN,non-USDT quote,archive symbol spelling,r1.6-taxonomy-v1,False,False
spot,VIBBTC,VIBBTC,UNKNOWN,non-USDT quote,archive symbol spelling,r1.6-taxonomy-v1,False,False
spot,VIBBUSD,VIBBUSD,UNKNOWN,non-USDT quote,archive symbol spelling,r1.6-taxonomy-v1,False,False
spot,VIBEBTC,VIBEBTC,UNKNOWN,non-USDT quote,archive symbol spelling,r1.6-taxonomy-v1,False,False
spot,VIBEETH,VIBEETH,UNKNOWN,non-USDT quote,archive symbol spelling,r1.6-taxonomy-v1,False,False
spot,VIBETH,VIBETH,UNKNOWN,non-USDT quote,archive symbol spelling,r1.6-taxonomy-v1,False,False
spot,VIBUSDT,VIB,CRYPTO,USDT quote and base not in excluded taxonomy,r1.6 taxonomy v1,r1.6-taxonomy-v1,True,True
spot,VICBTC,VICBTC,UNKNOWN,non-USDT quote,archive symbol spelling,r1.6-taxonomy-v1,False,False
spot,VICTRY,VICTRY,UNKNOWN,non-USDT quote,archive symbol spelling,r1.6-taxonomy-v1,False,False
spot,VICUSDT,VIC,CRYPTO,USDT quote and base not in excluded taxonomy,r1.6 taxonomy v1,r1.6-taxonomy-v1,True,True
spot,VIDTBTC,VIDTBTC,UNKNOWN,non-USDT quote,archive symbol spelling,r1.6-taxonomy-v1,False,False
spot,VIDTBUSD,VIDTBUSD,UNKNOWN,non-USDT quote,archive symbol spelling,r1.6-taxonomy-v1,False,False
spot,VIDTUSDT,VIDT,CRYPTO,USDT quote and base not in excluded taxonomy,r1.6 taxonomy v1,r1.6-taxonomy-v1,True,True
spot,VIRTUALIDR,VIRTUALIDR,UNKNOWN,non-USDT quote,archive symbol spelling,r1.6-taxonomy-v1,False,False
spot,VIRTUALTRY,VIRTUALTRY,UNKNOWN,non-USDT quote,archive symbol spelling,r1.6-taxonomy-v1,False,False
spot,VIRTUALUSDC,VIRTUALUSDC,UNKNOWN,non-USDT quote,archive symbol spelling,r1.6-taxonomy-v1,False,False
spot,VIRTUALUSDT,VIRTUAL,CRYPTO,USDT quote and base not in excluded taxonomy,r1.6 taxonomy v1,r1.6-taxonomy-v1,True,True
spot,VITEBNB,VITEBNB,UNKNOWN,non-USDT quote,archive symbol spelling,r1.6-taxonomy-v1,False,False
spot,VITEBTC,VITEBTC,UNKNOWN,non-USDT quote,archive symbol spelling,r1.6-taxonomy-v1,False,False
spot,VITEBUSD,VITEBUSD,UNKNOWN,non-USDT quote,archive symbol spelling,r1.6-taxonomy-v1,False,False
spot,VITEUSDT,VITE,CRYPTO,USDT quote and base not in excluded taxonomy,r1.6 taxonomy v1,r1.6-taxonomy-v1,True,True
spot,VOXELBNB,VOXELBNB,UNKNOWN,non-USDT quote,archive symbol spelling,r1.6-taxonomy-v1,False,False
spot,VOXELBTC,VOXELBTC,UNKNOWN,non-USDT quote,archive symbol spelling,r1.6-taxonomy-v1,False,False
spot,VOXELBUSD,VOXELBUSD,UNKNOWN,non-USDT quote,archive symbol spelling,r1.6-taxonomy-v1,False,False
spot,VOXELETH,VOXELETH,UNKNOWN,non-USDT quote,archive symbol spelling,r1.6-taxonomy-v1,False,False
spot,VOXELUSDT,VOXEL,CRYPTO,USDT quote and base not in excluded taxonomy,r1.6 taxonomy v1,r1.6-taxonomy-v1,True,True
spot,VTHOBNB,VTHOBNB,UNKNOWN,non-USDT quote,archive symbol spelling,r1.6-taxonomy-v1,False,False
spot,VTHOBUSD,VTHOBUSD,UNKNOWN,non-USDT quote,archive symbol spelling,r1.6-taxonomy-v1,False,False
spot,VTHOTRY,VTHOTRY,UNKNOWN,non-USDT quote,archive symbol spelling,r1.6-taxonomy-v1,False,False
spot,VTHOUSDT,VTHO,CRYPTO,USDT quote and base not in excluded taxonomy,r1.6 taxonomy v1,r1.6-taxonomy-v1,True,True
spot,WABIBNB,WABIBNB,UNKNOWN,non-USDT quote,archive symbol spelling,r1.6-taxonomy-v1,False,False
spot,WABIBTC,WABIBTC,UNKNOWN,non-USDT quote,archive symbol spelling,r1.6-taxonomy-v1,False,False
spot,WABIETH,WABIETH,UNKNOWN,non-USDT quote,archive symbol spelling,r1.6-taxonomy-v1,False,False
spot,WALBNB,WALBNB,UNKNOWN,non-USDT quote,archive symbol spelling,r1.6-taxonomy-v1,False,False
spot,WALFDUSD,WALFDUSD,UNKNOWN,non-USDT quote,archive symbol spelling,r1.6-taxonomy-v1,False,False
spot,WALTRY,WALTRY,UNKNOWN,non-USDT quote,archive symbol spelling,r1.6-taxonomy-v1,False,False
spot,WALUSDC,WALUSDC,UNKNOWN,non-USDT quote,archive symbol spelling,r1.6-taxonomy-v1,False,False
spot,WALUSDT,WAL,CRYPTO,USDT quote and base not in excluded taxonomy,r1.6 taxonomy v1,r1.6-taxonomy-v1,True,True
spot,WANBNB,WANBNB,UNKNOWN,non-USDT quote,archive symbol spelling,r1.6-taxonomy-v1,False,False
spot,WANBTC,WANBTC,UNKNOWN,non-USDT quote,archive symbol spelling,r1.6-taxonomy-v1,False,False
spot,WANETH,WANETH,UNKNOWN,non-USDT quote,archive symbol spelling,r1.6-taxonomy-v1,False,False
spot,WANUSDT,WAN,CRYPTO,USDT quote and base not in excluded taxonomy,r1.6 taxonomy v1,r1.6-taxonomy-v1,True,True
spot,WAVESBNB,WAVESBNB,UNKNOWN,non-USDT quote,archive symbol spelling,r1.6-taxonomy-v1,False,False
spot,WAVESBTC,WAVESBTC,UNKNOWN,non-USDT quote,archive symbol spelling,r1.6-taxonomy-v1,False,False
spot,WAVESBUSD,WAVESBUSD,UNKNOWN,non-USDT quote,archive symbol spelling,r1.6-taxonomy-v1,False,False
spot,WAVESETH,WAVESETH,UNKNOWN,non-USDT quote,archive symbol spelling,r1.6-taxonomy-v1,False,False
spot,WAVESEUR,WAVESEUR,UNKNOWN,non-USDT quote,archive symbol spelling,r1.6-taxonomy-v1,False,False
spot,WAVESPAX,WAVESPAX,UNKNOWN,non-USDT quote,archive symbol spelling,r1.6-taxonomy-v1,False,False
spot,WAVESRUB,WAVESRUB,UNKNOWN,non-USDT quote,archive symbol spelling,r1.6-taxonomy-v1,False,False
spot,WAVESTRY,WAVESTRY,UNKNOWN,non-USDT quote,archive symbol spelling,r1.6-taxonomy-v1,False,False
spot,WAVESTUSD,WAVESTUSD,UNKNOWN,non-USDT quote,archive symbol spelling,r1.6-taxonomy-v1,False,False
spot,WAVESUSDC,WAVESUSDC,UNKNOWN,non-USDT quote,archive symbol spelling,r1.6-taxonomy-v1,False,False
spot,WAVESUSDT,WAVES,CRYPTO,USDT quote and base not in excluded taxonomy,r1.6 taxonomy v1,r1.6-taxonomy-v1,True,True
spot,WAXPBNB,WAXPBNB,UNKNOWN,non-USDT quote,archive symbol spelling,r1.6-taxonomy-v1,False,False
spot,WAXPBTC,WAXPBTC,UNKNOWN,non-USDT quote,archive symbol spelling,r1.6-taxonomy-v1,False,False
spot,WAXPBUSD,WAXPBUSD,UNKNOWN,non-USDT quote,archive symbol spelling,r1.6-taxonomy-v1,False,False
spot,WAXPUSDT,WAXP,CRYPTO,USDT quote and base not in excluded taxonomy,r1.6 taxonomy v1,r1.6-taxonomy-v1,True,True
spot,WBETHETH,WBETHETH,UNKNOWN,non-USDT quote,archive symbol spelling,r1.6-taxonomy-v1,False,False
spot,WBETHUSDT,WBETH,CRYPTO,USDT quote and base not in excluded taxonomy,r1.6 taxonomy v1,r1.6-taxonomy-v1,True,True
spot,WBTC,WBTC,UNKNOWN,non-USDT quote,archive symbol spelling,r1.6-taxonomy-v1,False,False
spot,WBTCBTC,WBTCBTC,UNKNOWN,non-USDT quote,archive symbol spelling,r1.6-taxonomy-v1,False,False
spot,WBTCBUSD,WBTCBUSD,UNKNOWN,non-USDT quote,archive symbol spelling,r1.6-taxonomy-v1,False,False
spot,WBTCETH,WBTCETH,UNKNOWN,non-USDT quote,archive symbol spelling,r1.6-taxonomy-v1,False,False
spot,WBTCUSDT,WBTC,CRYPTO,USDT quote and base not in excluded taxonomy,r1.6 taxonomy v1,r1.6-taxonomy-v1,True,True
spot,WCTBNB,WCTBNB,UNKNOWN,non-USDT quote,archive symbol spelling,r1.6-taxonomy-v1,False,False
spot,WCTFDUSD,WCTFDUSD,UNKNOWN,non-USDT quote,archive symbol spelling,r1.6-taxonomy-v1,False,False
spot,WCTTRY,WCTTRY,UNKNOWN,non-USDT quote,archive symbol spelling,r1.6-taxonomy-v1,False,False
spot,WCTUSDC,WCTUSDC,UNKNOWN,non-USDT quote,archive symbol spelling,r1.6-taxonomy-v1,False,False
spot,WCTUSDT,WCT,CRYPTO,USDT quote and base not in excluded taxonomy,r1.6 taxonomy v1,r1.6-taxonomy-v1,True,True
spot,WDCBUSDT,WDCB,CRYPTO,USDT quote and base not in excluded taxonomy,r1.6 taxonomy v1,r1.6-taxonomy-v1,True,True
spot,WFDUSD,WFDUSD,UNKNOWN,non-USDT quote,archive symbol spelling,r1.6-taxonomy-v1,False,False
spot,WIFBRL,WIFBRL,UNKNOWN,non-USDT quote,archive symbol spelling,r1.6-taxonomy-v1,False,False
spot,WIFBTC,WIFBTC,UNKNOWN,non-USDT quote,archive symbol spelling,r1.6-taxonomy-v1,False,False
spot,WIFEUR,WIFEUR,UNKNOWN,non-USDT quote,archive symbol spelling,r1.6-taxonomy-v1,False,False
spot,WIFFDUSD,WIFFDUSD,UNKNOWN,non-USDT quote,archive symbol spelling,r1.6-taxonomy-v1,False,False
spot,WIFIDR,WIFIDR,UNKNOWN,non-USDT quote,archive symbol spelling,r1.6-taxonomy-v1,False,False
spot,WIFTRY,WIFTRY,UNKNOWN,non-USDT quote,archive symbol spelling,r1.6-taxonomy-v1,False,False
spot,WIFUSDC,WIFUSDC,UNKNOWN,non-USDT quote,archive symbol spelling,r1.6-taxonomy-v1,False,False
spot,WIFUSDT,WIF,CRYPTO,USDT quote and base not in excluded taxonomy,r1.6 taxonomy v1,r1.6-taxonomy-v1,True,True
spot,WINBNB,WINBNB,UNKNOWN,non-USDT quote,archive symbol spelling,r1.6-taxonomy-v1,False,False
spot,WINBRL,WINBRL,UNKNOWN,non-USDT quote,archive symbol spelling,r1.6-taxonomy-v1,False,False
spot,WINBTC,WINBTC,UNKNOWN,non-USDT quote,archive symbol spelling,r1.6-taxonomy-v1,False,False
spot,WINBUSD,WINBUSD,UNKNOWN,non-USDT quote,archive symbol spelling,r1.6-taxonomy-v1,False,False
spot,WINEUR,WINEUR,UNKNOWN,non-USDT quote,archive symbol spelling,r1.6-taxonomy-v1,False,False
spot,WINGBNB,WINGBNB,UNKNOWN,non-USDT quote,archive symbol spelling,r1.6-taxonomy-v1,False,False
spot,WINGBTC,WINGBTC,UNKNOWN,non-USDT quote,archive symbol spelling,r1.6-taxonomy-v1,False,False
spot,WINGBUSD,WINGBUSD,UNKNOWN,non-USDT quote,archive symbol spelling,r1.6-taxonomy-v1,False,False
spot,WINGETH,WINGETH,UNKNOWN,non-USDT quote,archive symbol spelling,r1.6-taxonomy-v1,False,False
spot,WINGSBTC,WINGSBTC,UNKNOWN,non-USDT quote,archive symbol spelling,r1.6-taxonomy-v1,False,False
spot,WINGSETH,WINGSETH,UNKNOWN,non-USDT quote,archive symbol spelling,r1.6-taxonomy-v1,False,False
spot,WINGUSDT,WING,CRYPTO,USDT quote and base not in excluded taxonomy,r1.6 taxonomy v1,r1.6-taxonomy-v1,True,True
spot,WINTRX,WINTRX,UNKNOWN,non-USDT quote,archive symbol spelling,r1.6-taxonomy-v1,False,False
spot,WINUSDC,WINUSDC,UNKNOWN,non-USDT quote,archive symbol spelling,r1.6-taxonomy-v1,False,False
spot,WINUSDT,WIN,CRYPTO,USDT quote and base not in excluded taxonomy,r1.6 taxonomy v1,r1.6-taxonomy-v1,True,True
spot,WLDBTC,WLDBTC,UNKNOWN,non-USDT quote,archive symbol spelling,r1.6-taxonomy-v1,False,False
spot,WLDEUR,WLDEUR,UNKNOWN,non-USDT quote,archive symbol spelling,r1.6-taxonomy-v1,False,False
spot,WLDFDUSD,WLDFDUSD,UNKNOWN,non-USDT quote,archive symbol spelling,r1.6-taxonomy-v1,False,False
spot,WLDIDR,WLDIDR,UNKNOWN,non-USDT quote,archive symbol spelling,r1.6-taxonomy-v1,False,False
spot,WLDRUB,WLDRUB,UNKNOWN,non-USDT quote,archive symbol spelling,r1.6-taxonomy-v1,False,False
spot,WLDTRY,WLDTRY,UNKNOWN,non-USDT quote,archive symbol spelling,r1.6-taxonomy-v1,False,False
spot,WLDU,WLDU,UNKNOWN,non-USDT quote,archive symbol spelling,r1.6-taxonomy-v1,False,False
spot,WLDUSDC,WLDUSDC,UNKNOWN,non-USDT quote,archive symbol spelling,r1.6-taxonomy-v1,False,False
spot,WLDUSDT,WLD,CRYPTO,USDT quote and base not in excluded taxonomy,r1.6 taxonomy v1,r1.6-taxonomy-v1,True,True
spot,WLFIBRL,WLFIBRL,UNKNOWN,non-USDT quote,archive symbol spelling,r1.6-taxonomy-v1,False,False
spot,WLFIEUR,WLFIEUR,UNKNOWN,non-USDT quote,archive symbol spelling,r1.6-taxonomy-v1,False,False
spot,WLFITRY,WLFITRY,UNKNOWN,non-USDT quote,archive symbol spelling,r1.6-taxonomy-v1,False,False
spot,WLFIU,WLFIU,UNKNOWN,non-USDT quote,archive symbol spelling,r1.6-taxonomy-v1,False,False
spot,WLFIUSD1,WLFIUSD1,UNKNOWN,non-USDT quote,archive symbol spelling,r1.6-taxonomy-v1,False,False
spot,WLFIUSDC,WLFIUSDC,UNKNOWN,non-USDT quote,archive symbol spelling,r1.6-taxonomy-v1,False,False
spot,WLFIUSDT,WLFI,CRYPTO,USDT quote and base not in excluded taxonomy,r1.6 taxonomy v1,r1.6-taxonomy-v1,True,True
spot,WNXMBNB,WNXMBNB,UNKNOWN,non-USDT quote,archive symbol spelling,r1.6-taxonomy-v1,False,False
spot,WNXMBTC,WNXMBTC,UNKNOWN,non-USDT quote,archive symbol spelling,r1.6-taxonomy-v1,False,False
spot,WNXMBUSD,WNXMBUSD,UNKNOWN,non-USDT quote,archive symbol spelling,r1.6-taxonomy-v1,False,False
spot,WNXMUSDT,WNXM,CRYPTO,USDT quote and base not in excluded taxonomy,r1.6 taxonomy v1,r1.6-taxonomy-v1,True,True
spot,WOOBNB,WOOBNB,UNKNOWN,non-USDT quote,archive symbol spelling,r1.6-taxonomy-v1,False,False
spot,WOOBTC,WOOBTC,UNKNOWN,non-USDT quote,archive symbol spelling,r1.6-taxonomy-v1,False,False
spot,WOOBUSD,WOOBUSD,UNKNOWN,non-USDT quote,archive symbol spelling,r1.6-taxonomy-v1,False,False
spot,WOOUSDT,WOO,CRYPTO,USDT quote and base not in excluded taxonomy,r1.6 taxonomy v1,r1.6-taxonomy-v1,True,True
spot,WPRBTC,WPRBTC,UNKNOWN,non-USDT quote,archive symbol spelling,r1.6-taxonomy-v1,False,False
spot,WPRETH,WPRETH,UNKNOWN,non-USDT quote,archive symbol spelling,r1.6-taxonomy-v1,False,False
spot,WRXBNB,WRXBNB,UNKNOWN,non-USDT quote,archive symbol spelling,r1.6-taxonomy-v1,False,False
spot,WRXBTC,WRXBTC,UNKNOWN,non-USDT quote,archive symbol spelling,r1.6-taxonomy-v1,False,False
spot,WRXBUSD,WRXBUSD,UNKNOWN,non-USDT quote,archive symbol spelling,r1.6-taxonomy-v1,False,False
spot,WRXEUR,WRXEUR,UNKNOWN,non-USDT quote,archive symbol spelling,r1.6-taxonomy-v1,False,False
spot,WRXUSDT,WRX,CRYPTO,USDT quote and base not in excluded taxonomy,r1.6 taxonomy v1,r1.6-taxonomy-v1,True,True
spot,WTCBNB,WTCBNB,UNKNOWN,non-USDT quote,archive symbol spelling,r1.6-taxonomy-v1,False,False
spot,WTCBTC,WTCBTC,UNKNOWN,non-USDT quote,archive symbol spelling,r1.6-taxonomy-v1,False,False
spot,WTCETH,WTCETH,UNKNOWN,non-USDT quote,archive symbol spelling,r1.6-taxonomy-v1,False,False
spot,WTCUSDT,WTC,CRYPTO,USDT quote and base not in excluded taxonomy,r1.6 taxonomy v1,r1.6-taxonomy-v1,True,True
spot,WTRY,WTRY,UNKNOWN,non-USDT quote,archive symbol spelling,r1.6-taxonomy-v1,False,False
spot,WUSDC,WUSDC,UNKNOWN,non-USDT quote,archive symbol spelling,r1.6-taxonomy-v1,False,False
spot,WUSDT,W,CRYPTO,USDT quote and base not in excluded taxonomy,r1.6 taxonomy v1,r1.6-taxonomy-v1,True,True
spot,XAIBNB,XAIBNB,UNKNOWN,non-USDT quote,archive symbol spelling,r1.6-taxonomy-v1,False,False
spot,XAIBTC,XAIBTC,UNKNOWN,non-USDT quote,archive symbol spelling,r1.6-taxonomy-v1,False,False
spot,XAIFDUSD,XAIFDUSD,UNKNOWN,non-USDT quote,archive symbol spelling,r1.6-taxonomy-v1,False,False
spot,XAITRY,XAITRY,UNKNOWN,non-USDT quote,archive symbol spelling,r1.6-taxonomy-v1,False,False
spot,XAITUSD,XAITUSD,UNKNOWN,non-USDT quote,archive symbol spelling,r1.6-taxonomy-v1,False,False
spot,XAIUSDC,XAIUSDC,UNKNOWN,non-USDT quote,archive symbol spelling,r1.6-taxonomy-v1,False,False
spot,XAIUSDT,XAI,CRYPTO,USDT quote and base not in excluded taxonomy,r1.6 taxonomy v1,r1.6-taxonomy-v1,True,True
spot,XAUTBTC,XAUTBTC,UNKNOWN,non-USDT quote,archive symbol spelling,r1.6-taxonomy-v1,False,False
spot,XAUTTRY,XAUTTRY,UNKNOWN,non-USDT quote,archive symbol spelling,r1.6-taxonomy-v1,False,False
spot,XAUTU,XAUTU,UNKNOWN,non-USDT quote,archive symbol spelling,r1.6-taxonomy-v1,False,False
spot,XAUTUSD1,XAUTUSD1,UNKNOWN,non-USDT quote,archive symbol spelling,r1.6-taxonomy-v1,False,False
spot,XAUTUSDC,XAUTUSDC,UNKNOWN,non-USDT quote,archive symbol spelling,r1.6-taxonomy-v1,False,False
spot,XAUTUSDT,XAUT,CRYPTO,USDT quote and base not in excluded taxonomy,r1.6 taxonomy v1,r1.6-taxonomy-v1,True,True
spot,XECBUSD,XECBUSD,UNKNOWN,non-USDT quote,archive symbol spelling,r1.6-taxonomy-v1,False,False
spot,XECTRY,XECTRY,UNKNOWN,non-USDT quote,archive symbol spelling,r1.6-taxonomy-v1,False,False
spot,XECUSDT,XEC,CRYPTO,USDT quote and base not in excluded taxonomy,r1.6 taxonomy v1,r1.6-taxonomy-v1,True,True
spot,XEMBNB,XEMBNB,UNKNOWN,non-USDT quote,archive symbol spelling,r1.6-taxonomy-v1,False,False
spot,XEMBTC,XEMBTC,UNKNOWN,non-USDT quote,archive symbol spelling,r1.6-taxonomy-v1,False,False
spot,XEMBUSD,XEMBUSD,UNKNOWN,non-USDT quote,archive symbol spelling,r1.6-taxonomy-v1,False,False
spot,XEMETH,XEMETH,UNKNOWN,non-USDT quote,archive symbol spelling,r1.6-taxonomy-v1,False,False
spot,XEMUSDT,XEM,CRYPTO,USDT quote and base not in excluded taxonomy,r1.6 taxonomy v1,r1.6-taxonomy-v1,True,True
spot,XLMBNB,XLMBNB,UNKNOWN,non-USDT quote,archive symbol spelling,r1.6-taxonomy-v1,False,False
spot,XLMBTC,XLMBTC,UNKNOWN,non-USDT quote,archive symbol spelling,r1.6-taxonomy-v1,False,False
spot,XLMBUSD,XLMBUSD,UNKNOWN,non-USDT quote,archive symbol spelling,r1.6-taxonomy-v1,False,False
spot,XLMDOWNUSDT,XLMDOWN,LEVERAGED_OR_SYNTHETIC,leveraged-token suffix,archive symbol policy,r1.6-taxonomy-v1,False,True
spot,XLMETH,XLMETH,UNKNOWN,non-USDT quote,archive symbol spelling,r1.6-taxonomy-v1,False,False
spot,XLMEUR,XLMEUR,UNKNOWN,non-USDT quote,archive symbol spelling,r1.6-taxonomy-v1,False,False
spot,XLMFDUSD,XLMFDUSD,UNKNOWN,non-USDT quote,archive symbol spelling,r1.6-taxonomy-v1,False,False
spot,XLMJPY,XLMJPY,UNKNOWN,non-USDT quote,archive symbol spelling,r1.6-taxonomy-v1,False,False
spot,XLMPAX,XLMPAX,UNKNOWN,non-USDT quote,archive symbol spelling,r1.6-taxonomy-v1,False,False
spot,XLMTRY,XLMTRY,UNKNOWN,non-USDT quote,archive symbol spelling,r1.6-taxonomy-v1,False,False
spot,XLMTUSD,XLMTUSD,UNKNOWN,non-USDT quote,archive symbol spelling,r1.6-taxonomy-v1,False,False
spot,XLMU,XLMU,UNKNOWN,non-USDT quote,archive symbol spelling,r1.6-taxonomy-v1,False,False
spot,XLMUPUSDT,XLMUP,LEVERAGED_OR_SYNTHETIC,leveraged-token suffix,archive symbol policy,r1.6-taxonomy-v1,False,True
spot,XLMUSD1,XLMUSD1,UNKNOWN,non-USDT quote,archive symbol spelling,r1.6-taxonomy-v1,False,False
spot,XLMUSDC,XLMUSDC,UNKNOWN,non-USDT quote,archive symbol spelling,r1.6-taxonomy-v1,False,False
spot,XLMUSDT,XLM,CRYPTO,USDT quote and base not in excluded taxonomy,r1.6 taxonomy v1,r1.6-taxonomy-v1,True,True
spot,XMRBNB,XMRBNB,UNKNOWN,non-USDT quote,archive symbol spelling,r1.6-taxonomy-v1,False,False
spot,XMRBTC,XMRBTC,UNKNOWN,non-USDT quote,archive symbol spelling,r1.6-taxonomy-v1,False,False
spot,XMRBUSD,XMRBUSD,UNKNOWN,non-USDT quote,archive symbol spelling,r1.6-taxonomy-v1,False,False
spot,XMRETH,XMRETH,UNKNOWN,non-USDT quote,archive symbol spelling,r1.6-taxonomy-v1,False,False
spot,XMRUSDT,XMR,CRYPTO,USDT quote and base not in excluded taxonomy,r1.6 taxonomy v1,r1.6-taxonomy-v1,True,True
spot,XNOBTC,XNOBTC,UNKNOWN,non-USDT quote,archive symbol spelling,r1.6-taxonomy-v1,False,False
spot,XNOBUSD,XNOBUSD,UNKNOWN,non-USDT quote,archive symbol spelling,r1.6-taxonomy-v1,False,False
spot,XNOETH,XNOETH,UNKNOWN,non-USDT quote,archive symbol spelling,r1.6-taxonomy-v1,False,False
spot,XNOUSDT,XNO,CRYPTO,USDT quote and base not in excluded taxonomy,r1.6 taxonomy v1,r1.6-taxonomy-v1,True,True
spot,XPLBNB,XPLBNB,UNKNOWN,non-USDT quote,archive symbol spelling,r1.6-taxonomy-v1,False,False
spot,XPLFDUSD,XPLFDUSD,UNKNOWN,non-USDT quote,archive symbol spelling,r1.6-taxonomy-v1,False,False
spot,XPLTRY,XPLTRY,UNKNOWN,non-USDT quote,archive symbol spelling,r1.6-taxonomy-v1,False,False
spot,XPLU,XPLU,UNKNOWN,non-USDT quote,archive symbol spelling,r1.6-taxonomy-v1,False,False
spot,XPLUSD1,XPLUSD1,UNKNOWN,non-USDT quote,archive symbol spelling,r1.6-taxonomy-v1,False,False
spot,XPLUSDC,XPLUSDC,UNKNOWN,non-USDT quote,archive symbol spelling,r1.6-taxonomy-v1,False,False
spot,XPLUSDT,XPL,CRYPTO,USDT quote and base not in excluded taxonomy,r1.6 taxonomy v1,r1.6-taxonomy-v1,True,True
spot,XRPAUD,XRPAUD,UNKNOWN,non-USDT quote,archive symbol spelling,r1.6-taxonomy-v1,False,False
spot,XRPBEARBUSD,XRPBEARBUSD,UNKNOWN,non-USDT quote,archive symbol spelling,r1.6-taxonomy-v1,False,False
spot,XRPBEARUSDT,XRPBEAR,LEVERAGED_OR_SYNTHETIC,leveraged-token suffix,archive symbol policy,r1.6-taxonomy-v1,False,True
spot,XRPBIDR,XRPBIDR,UNKNOWN,non-USDT quote,archive symbol spelling,r1.6-taxonomy-v1,False,False
spot,XRPBKRW,XRPBKRW,UNKNOWN,non-USDT quote,archive symbol spelling,r1.6-taxonomy-v1,False,False
spot,XRPBNB,XRPBNB,UNKNOWN,non-USDT quote,archive symbol spelling,r1.6-taxonomy-v1,False,False
spot,XRPBRL,XRPBRL,UNKNOWN,non-USDT quote,archive symbol spelling,r1.6-taxonomy-v1,False,False
spot,XRPBTC,XRPBTC,UNKNOWN,non-USDT quote,archive symbol spelling,r1.6-taxonomy-v1,False,False
spot,XRPBULLBUSD,XRPBULLBUSD,UNKNOWN,non-USDT quote,archive symbol spelling,r1.6-taxonomy-v1,False,False
spot,XRPBULLUSDT,XRPBULL,LEVERAGED_OR_SYNTHETIC,leveraged-token suffix,archive symbol policy,r1.6-taxonomy-v1,False,True
spot,XRPBUSD,XRPBUSD,UNKNOWN,non-USDT quote,archive symbol spelling,r1.6-taxonomy-v1,False,False
spot,XRPDOWNUSDT,XRPDOWN,LEVERAGED_OR_SYNTHETIC,leveraged-token suffix,archive symbol policy,r1.6-taxonomy-v1,False,True
spot,XRPETH,XRPETH,UNKNOWN,non-USDT quote,archive symbol spelling,r1.6-taxonomy-v1,False,False
spot,XRPEUR,XRPEUR,UNKNOWN,non-USDT quote,archive symbol spelling,r1.6-taxonomy-v1,False,False
spot,XRPFDUSD,XRPFDUSD,UNKNOWN,non-USDT quote,archive symbol spelling,r1.6-taxonomy-v1,False,False
spot,XRPGBP,XRPGBP,UNKNOWN,non-USDT quote,archive symbol spelling,r1.6-taxonomy-v1,False,False
spot,XRPIDR,XRPIDR,UNKNOWN,non-USDT quote,archive symbol spelling,r1.6-taxonomy-v1,False,False
spot,XRPJPY,XRPJPY,UNKNOWN,non-USDT quote,archive symbol spelling,r1.6-taxonomy-v1,False,False
spot,XRPMXN,XRPMXN,UNKNOWN,non-USDT quote,archive symbol spelling,r1.6-taxonomy-v1,False,False
spot,XRPNGN,XRPNGN,UNKNOWN,non-USDT quote,archive symbol spelling,r1.6-taxonomy-v1,False,False
spot,XRPPAX,XRPPAX,UNKNOWN,non-USDT quote,archive symbol spelling,r1.6-taxonomy-v1,False,False
spot,XRPRLUSD,XRPRLUSD,UNKNOWN,non-USDT quote,archive symbol spelling,r1.6-taxonomy-v1,False,False
spot,XRPRUB,XRPRUB,UNKNOWN,non-USDT quote,archive symbol spelling,r1.6-taxonomy-v1,False,False
spot,XRPTRY,XRPTRY,UNKNOWN,non-USDT quote,archive symbol spelling,r1.6-taxonomy-v1,False,False
spot,XRPTUSD,XRPTUSD,UNKNOWN,non-USDT quote,archive symbol spelling,r1.6-taxonomy-v1,False,False
spot,XRPU,XRPU,UNKNOWN,non-USDT quote,archive symbol spelling,r1.6-taxonomy-v1,False,False
spot,XRPUPUSDT,XRPUP,LEVERAGED_OR_SYNTHETIC,leveraged-token suffix,archive symbol policy,r1.6-taxonomy-v1,False,True
spot,XRPUSD1,XRPUSD1,UNKNOWN,non-USDT quote,archive symbol spelling,r1.6-taxonomy-v1,False,False
spot,XRPUSDC,XRPUSDC,UNKNOWN,non-USDT quote,archive symbol spelling,r1.6-taxonomy-v1,False,False
spot,XRPUSDT,XRP,CRYPTO,USDT quote and base not in excluded taxonomy,r1.6 taxonomy v1,r1.6-taxonomy-v1,True,True
spot,XTZBNB,XTZBNB,UNKNOWN,non-USDT quote,archive symbol spelling,r1.6-taxonomy-v1,False,False
spot,XTZBTC,XTZBTC,UNKNOWN,non-USDT quote,archive symbol spelling,r1.6-taxonomy-v1,False,False
spot,XTZBUSD,XTZBUSD,UNKNOWN,non-USDT quote,archive symbol spelling,r1.6-taxonomy-v1,False,False
spot,XTZDOWNUSDT,XTZDOWN,LEVERAGED_OR_SYNTHETIC,leveraged-token suffix,archive symbol policy,r1.6-taxonomy-v1,False,True
spot,XTZETH,XTZETH,UNKNOWN,non-USDT quote,archive symbol spelling,r1.6-taxonomy-v1,False,False
spot,XTZTRY,XTZTRY,UNKNOWN,non-USDT quote,archive symbol spelling,r1.6-taxonomy-v1,False,False
spot,XTZUPUSDT,XTZUP,LEVERAGED_OR_SYNTHETIC,leveraged-token suffix,archive symbol policy,r1.6-taxonomy-v1,False,True
spot,XTZUSDC,XTZUSDC,UNKNOWN,non-USDT quote,archive symbol spelling,r1.6-taxonomy-v1,False,False
spot,XTZUSDT,XTZ,CRYPTO,USDT quote and base not in excluded taxonomy,r1.6 taxonomy v1,r1.6-taxonomy-v1,True,True
spot,XUSDUSDT,XUSD,CRYPTO,USDT quote and base not in excluded taxonomy,r1.6 taxonomy v1,r1.6-taxonomy-v1,True,True
spot,XVGBTC,XVGBTC,UNKNOWN,non-USDT quote,archive symbol spelling,r1.6-taxonomy-v1,False,False
spot,XVGBUSD,XVGBUSD,UNKNOWN,non-USDT quote,archive symbol spelling,r1.6-taxonomy-v1,False,False
spot,XVGETH,XVGETH,UNKNOWN,non-USDT quote,archive symbol spelling,r1.6-taxonomy-v1,False,False
spot,XVGTRY,XVGTRY,UNKNOWN,non-USDT quote,archive symbol spelling,r1.6-taxonomy-v1,False,False
spot,XVGTUSD,XVGTUSD,UNKNOWN,non-USDT quote,archive symbol spelling,r1.6-taxonomy-v1,False,False
spot,XVGUSDC,XVGUSDC,UNKNOWN,non-USDT quote,archive symbol spelling,r1.6-taxonomy-v1,False,False
spot,XVGUSDT,XVG,CRYPTO,USDT quote and base not in excluded taxonomy,r1.6 taxonomy v1,r1.6-taxonomy-v1,True,True
spot,XVSBNB,XVSBNB,UNKNOWN,non-USDT quote,archive symbol spelling,r1.6-taxonomy-v1,False,False
spot,XVSBTC,XVSBTC,UNKNOWN,non-USDT quote,archive symbol spelling,r1.6-taxonomy-v1,False,False
spot,XVSBUSD,XVSBUSD,UNKNOWN,non-USDT quote,archive symbol spelling,r1.6-taxonomy-v1,False,False
spot,XVSTRY,XVSTRY,UNKNOWN,non-USDT quote,archive symbol spelling,r1.6-taxonomy-v1,False,False
spot,XVSUSDT,XVS,CRYPTO,USDT quote and base not in excluded taxonomy,r1.6 taxonomy v1,r1.6-taxonomy-v1,True,True
spot,XZCBNB,XZCBNB,UNKNOWN,non-USDT quote,archive symbol spelling,r1.6-taxonomy-v1,False,False
spot,XZCBTC,XZCBTC,UNKNOWN,non-USDT quote,archive symbol spelling,r1.6-taxonomy-v1,False,False
spot,XZCETH,XZCETH,UNKNOWN,non-USDT quote,archive symbol spelling,r1.6-taxonomy-v1,False,False
spot,XZCUSDT,XZC,CRYPTO,USDT quote and base not in excluded taxonomy,r1.6 taxonomy v1,r1.6-taxonomy-v1,True,True
spot,XZCXRP,XZCXRP,UNKNOWN,non-USDT quote,archive symbol spelling,r1.6-taxonomy-v1,False,False
spot,YBBNB,YBBNB,UNKNOWN,non-USDT quote,archive symbol spelling,r1.6-taxonomy-v1,False,False
spot,YBFDUSD,YBFDUSD,UNKNOWN,non-USDT quote,archive symbol spelling,r1.6-taxonomy-v1,False,False
spot,YBTRY,YBTRY,UNKNOWN,non-USDT quote,archive symbol spelling,r1.6-taxonomy-v1,False,False
spot,YBUSDC,YBUSDC,UNKNOWN,non-USDT quote,archive symbol spelling,r1.6-taxonomy-v1,False,False
spot,YBUSDT,YB,CRYPTO,USDT quote and base not in excluded taxonomy,r1.6 taxonomy v1,r1.6-taxonomy-v1,True,True
spot,YFIBNB,YFIBNB,UNKNOWN,non-USDT quote,archive symbol spelling,r1.6-taxonomy-v1,False,False
spot,YFIBTC,YFIBTC,UNKNOWN,non-USDT quote,archive symbol spelling,r1.6-taxonomy-v1,False,False
spot,YFIBUSD,YFIBUSD,UNKNOWN,non-USDT quote,archive symbol spelling,r1.6-taxonomy-v1,False,False
spot,YFIDOWNUSDT,YFIDOWN,LEVERAGED_OR_SYNTHETIC,leveraged-token suffix,archive symbol policy,r1.6-taxonomy-v1,False,True
spot,YFIEUR,YFIEUR,UNKNOWN,non-USDT quote,archive symbol spelling,r1.6-taxonomy-v1,False,False
spot,YFIIBNB,YFIIBNB,UNKNOWN,non-USDT quote,archive symbol spelling,r1.6-taxonomy-v1,False,False
spot,YFIIBTC,YFIIBTC,UNKNOWN,non-USDT quote,archive symbol spelling,r1.6-taxonomy-v1,False,False
spot,YFIIBUSD,YFIIBUSD,UNKNOWN,non-USDT quote,archive symbol spelling,r1.6-taxonomy-v1,False,False
spot,YFIIUSDT,YFII,CRYPTO,USDT quote and base not in excluded taxonomy,r1.6 taxonomy v1,r1.6-taxonomy-v1,True,True
spot,YFIUPUSDT,YFIUP,LEVERAGED_OR_SYNTHETIC,leveraged-token suffix,archive symbol policy,r1.6-taxonomy-v1,False,True
spot,YFIUSDT,YFI,CRYPTO,USDT quote and base not in excluded taxonomy,r1.6 taxonomy v1,r1.6-taxonomy-v1,True,True
spot,YGGBNB,YGGBNB,UNKNOWN,non-USDT quote,archive symbol spelling,r1.6-taxonomy-v1,False,False
spot,YGGBTC,YGGBTC,UNKNOWN,non-USDT quote,archive symbol spelling,r1.6-taxonomy-v1,False,False
spot,YGGBUSD,YGGBUSD,UNKNOWN,non-USDT quote,archive symbol spelling,r1.6-taxonomy-v1,False,False
spot,YGGTRY,YGGTRY,UNKNOWN,non-USDT quote,archive symbol spelling,r1.6-taxonomy-v1,False,False
spot,YGGUSDC,YGGUSDC,UNKNOWN,non-USDT quote,archive symbol spelling,r1.6-taxonomy-v1,False,False
spot,YGGUSDT,YGG,CRYPTO,USDT quote and base not in excluded taxonomy,r1.6 taxonomy v1,r1.6-taxonomy-v1,True,True
spot,YOYOBNB,YOYOBNB,UNKNOWN,non-USDT quote,archive symbol spelling,r1.6-taxonomy-v1,False,False
spot,YOYOBTC,YOYOBTC,UNKNOWN,non-USDT quote,archive symbol spelling,r1.6-taxonomy-v1,False,False
spot,YOYOETH,YOYOETH,UNKNOWN,non-USDT quote,archive symbol spelling,r1.6-taxonomy-v1,False,False
spot,ZAMATRY,ZAMATRY,UNKNOWN,non-USDT quote,archive symbol spelling,r1.6-taxonomy-v1,False,False
spot,ZAMAUSDC,ZAMAUSDC,UNKNOWN,non-USDT quote,archive symbol spelling,r1.6-taxonomy-v1,False,False
spot,ZAMAUSDT,ZAMA,CRYPTO,USDT quote and base not in excluded taxonomy,r1.6 taxonomy v1,r1.6-taxonomy-v1,True,True
spot,ZBTBNB,ZBTBNB,UNKNOWN,non-USDT quote,archive symbol spelling,r1.6-taxonomy-v1,False,False
spot,ZBTFDUSD,ZBTFDUSD,UNKNOWN,non-USDT quote,archive symbol spelling,r1.6-taxonomy-v1,False,False
spot,ZBTTRY,ZBTTRY,UNKNOWN,non-USDT quote,archive symbol spelling,r1.6-taxonomy-v1,False,False
spot,ZBTUSDC,ZBTUSDC,UNKNOWN,non-USDT quote,archive symbol spelling,r1.6-taxonomy-v1,False,False
spot,ZBTUSDT,ZBT,CRYPTO,USDT quote and base not in excluded taxonomy,r1.6 taxonomy v1,r1.6-taxonomy-v1,True,True
spot,ZECBNB,ZECBNB,UNKNOWN,non-USDT quote,archive symbol spelling,r1.6-taxonomy-v1,False,False
spot,ZECBTC,ZECBTC,UNKNOWN,non-USDT quote,archive symbol spelling,r1.6-taxonomy-v1,False,False
spot,ZECBUSD,ZECBUSD,UNKNOWN,non-USDT quote,archive symbol spelling,r1.6-taxonomy-v1,False,False
spot,ZECETH,ZECETH,UNKNOWN,non-USDT quote,archive symbol spelling,r1.6-taxonomy-v1,False,False
spot,ZECPAX,ZECPAX,UNKNOWN,non-USDT quote,archive symbol spelling,r1.6-taxonomy-v1,False,False
spot,ZECTUSD,ZECTUSD,UNKNOWN,non-USDT quote,archive symbol spelling,r1.6-taxonomy-v1,False,False
spot,ZECU,ZECU,UNKNOWN,non-USDT quote,archive symbol spelling,r1.6-taxonomy-v1,False,False
spot,ZECUSD1,ZECUSD1,UNKNOWN,non-USDT quote,archive symbol spelling,r1.6-taxonomy-v1,False,False
spot,ZECUSDC,ZECUSDC,UNKNOWN,non-USDT quote,archive symbol spelling,r1.6-taxonomy-v1,False,False
spot,ZECUSDT,ZEC,CRYPTO,USDT quote and base not in excluded taxonomy,r1.6 taxonomy v1,r1.6-taxonomy-v1,True,True
spot,ZENBNB,ZENBNB,UNKNOWN,non-USDT quote,archive symbol spelling,r1.6-taxonomy-v1,False,False
spot,ZENBTC,ZENBTC,UNKNOWN,non-USDT quote,archive symbol spelling,r1.6-taxonomy-v1,False,False
spot,ZENBUSD,ZENBUSD,UNKNOWN,non-USDT quote,archive symbol spelling,r1.6-taxonomy-v1,False,False
spot,ZENETH,ZENETH,UNKNOWN,non-USDT quote,archive symbol spelling,r1.6-taxonomy-v1,False,False
spot,ZENUSDC,ZENUSDC,UNKNOWN,non-USDT quote,archive symbol spelling,r1.6-taxonomy-v1,False,False
spot,ZENUSDT,ZEN,CRYPTO,USDT quote and base not in excluded taxonomy,r1.6 taxonomy v1,r1.6-taxonomy-v1,True,True
spot,ZILBIDR,ZILBIDR,UNKNOWN,non-USDT quote,archive symbol spelling,r1.6-taxonomy-v1,False,False
spot,ZILBNB,ZILBNB,UNKNOWN,non-USDT quote,archive symbol spelling,r1.6-taxonomy-v1,False,False
spot,ZILBTC,ZILBTC,UNKNOWN,non-USDT quote,archive symbol spelling,r1.6-taxonomy-v1,False,False
spot,ZILBUSD,ZILBUSD,UNKNOWN,non-USDT quote,archive symbol spelling,r1.6-taxonomy-v1,False,False
spot,ZILETH,ZILETH,UNKNOWN,non-USDT quote,archive symbol spelling,r1.6-taxonomy-v1,False,False
spot,ZILEUR,ZILEUR,UNKNOWN,non-USDT quote,archive symbol spelling,r1.6-taxonomy-v1,False,False
spot,ZILIDR,ZILIDR,UNKNOWN,non-USDT quote,archive symbol spelling,r1.6-taxonomy-v1,False,False
spot,ZILTRY,ZILTRY,UNKNOWN,non-USDT quote,archive symbol spelling,r1.6-taxonomy-v1,False,False
spot,ZILUSDT,ZIL,CRYPTO,USDT quote and base not in excluded taxonomy,r1.6 taxonomy v1,r1.6-taxonomy-v1,True,True
spot,ZKBTC,ZKBTC,UNKNOWN,non-USDT quote,archive symbol spelling,r1.6-taxonomy-v1,False,False
spot,ZKCBNB,ZKCBNB,UNKNOWN,non-USDT quote,archive symbol spelling,r1.6-taxonomy-v1,False,False
spot,ZKCFDUSD,ZKCFDUSD,UNKNOWN,non-USDT quote,archive symbol spelling,r1.6-taxonomy-v1,False,False
spot,ZKCTRY,ZKCTRY,UNKNOWN,non-USDT quote,archive symbol spelling,r1.6-taxonomy-v1,False,False
spot,ZKCUSDC,ZKCUSDC,UNKNOWN,non-USDT quote,archive symbol spelling,r1.6-taxonomy-v1,False,False
spot,ZKCUSDT,ZKC,CRYPTO,USDT quote and base not in excluded taxonomy,r1.6 taxonomy v1,r1.6-taxonomy-v1,True,True
spot,ZKFDUSD,ZKFDUSD,UNKNOWN,non-USDT quote,archive symbol spelling,r1.6-taxonomy-v1,False,False
spot,ZKPTRY,ZKPTRY,UNKNOWN,non-USDT quote,archive symbol spelling,r1.6-taxonomy-v1,False,False
spot,ZKPUSDC,ZKPUSDC,UNKNOWN,non-USDT quote,archive symbol spelling,r1.6-taxonomy-v1,False,False
spot,ZKPUSDT,ZKP,CRYPTO,USDT quote and base not in excluded taxonomy,r1.6 taxonomy v1,r1.6-taxonomy-v1,True,True
spot,ZKTRY,ZKTRY,UNKNOWN,non-USDT quote,archive symbol spelling,r1.6-taxonomy-v1,False,False
spot,ZKUSDC,ZKUSDC,UNKNOWN,non-USDT quote,archive symbol spelling,r1.6-taxonomy-v1,False,False
spot,ZKUSDT,ZK,CRYPTO,USDT quote and base not in excluded taxonomy,r1.6 taxonomy v1,r1.6-taxonomy-v1,True,True
spot,ZROBTC,ZROBTC,UNKNOWN,non-USDT quote,archive symbol spelling,r1.6-taxonomy-v1,False,False
spot,ZROFDUSD,ZROFDUSD,UNKNOWN,non-USDT quote,archive symbol spelling,r1.6-taxonomy-v1,False,False
spot,ZROTRY,ZROTRY,UNKNOWN,non-USDT quote,archive symbol spelling,r1.6-taxonomy-v1,False,False
spot,ZROUSDC,ZROUSDC,UNKNOWN,non-USDT quote,archive symbol spelling,r1.6-taxonomy-v1,False,False
spot,ZROUSDT,ZRO,CRYPTO,USDT quote and base not in excluded taxonomy,r1.6 taxonomy v1,r1.6-taxonomy-v1,True,True
spot,ZRXBNB,ZRXBNB,UNKNOWN,non-USDT quote,archive symbol spelling,r1.6-taxonomy-v1,False,False
spot,ZRXBTC,ZRXBTC,UNKNOWN,non-USDT quote,archive symbol spelling,r1.6-taxonomy-v1,False,False
spot,ZRXBUSD,ZRXBUSD,UNKNOWN,non-USDT quote,archive symbol spelling,r1.6-taxonomy-v1,False,False
spot,ZRXETH,ZRXETH,UNKNOWN,non-USDT quote,archive symbol spelling,r1.6-taxonomy-v1,False,False
spot,ZRXUSDT,ZRX,CRYPTO,USDT quote and base not in excluded taxonomy,r1.6 taxonomy v1,r1.6-taxonomy-v1,True,True
spot,币安人生TRY,币安人生TRY,UNKNOWN,non-USDT quote,archive symbol spelling,r1.6-taxonomy-v1,False,False
spot,币安人生U,币安人生U,UNKNOWN,non-USDT quote,archive symbol spelling,r1.6-taxonomy-v1,False,False
spot,币安人生USD1,币安人生USD1,UNKNOWN,non-USDT quote,archive symbol spelling,r1.6-taxonomy-v1,False,False
spot,币安人生USDC,币安人生USDC,UNKNOWN,non-USDT quote,archive symbol spelling,r1.6-taxonomy-v1,False,False
spot,币安人生USDT,币安人生,CRYPTO,USDT quote and base not in excluded taxonomy,r1.6 taxonomy v1,r1.6-taxonomy-v1,True,True
um,0GUSDT,0G,PERPETUAL_VERIFIED,historical fundingRate archive presence,Binance Vision fundingRate census,r1.6-taxonomy-v1,True,True
um,1000000BOBUSDT,BOB,PERPETUAL_VERIFIED,historical fundingRate archive presence,Binance Vision fundingRate census,r1.6-taxonomy-v1,True,True
um,1000000MOGUSDT,MOG,PERPETUAL_VERIFIED,historical fundingRate archive presence,Binance Vision fundingRate census,r1.6-taxonomy-v1,True,True
um,1000BONKUSDC,BONKUSDC,UNKNOWN,non-USDT quote,archive symbol spelling,r1.6-taxonomy-v1,False,False
um,1000BONKUSDT,BONK,PERPETUAL_VERIFIED,historical fundingRate archive presence,Binance Vision fundingRate census,r1.6-taxonomy-v1,True,True
um,1000BTTCUSDT,BTTC,PERPETUAL_VERIFIED,historical fundingRate archive presence,Binance Vision fundingRate census,r1.6-taxonomy-v1,True,True
um,1000CATUSDT,CAT,PERPETUAL_VERIFIED,historical fundingRate archive presence,Binance Vision fundingRate census,r1.6-taxonomy-v1,True,True
um,1000CHEEMSUSDT,CHEEMS,PERPETUAL_VERIFIED,historical fundingRate archive presence,Binance Vision fundingRate census,r1.6-taxonomy-v1,True,True
um,1000FLOKIUSDT,FLOKI,PERPETUAL_VERIFIED,historical fundingRate archive presence,Binance Vision fundingRate census,r1.6-taxonomy-v1,True,True
um,1000LUNCBUSD,LUNCBUSD,UNKNOWN,non-USDT quote,archive symbol spelling,r1.6-taxonomy-v1,False,False
um,1000LUNCUSDT,LUNC,PERPETUAL_VERIFIED,historical fundingRate archive presence,Binance Vision fundingRate census,r1.6-taxonomy-v1,True,True
um,1000PEPEUSDC,PEPEUSDC,UNKNOWN,non-USDT quote,archive symbol spelling,r1.6-taxonomy-v1,False,False
um,1000PEPEUSDT,PEPE,PERPETUAL_VERIFIED,historical fundingRate archive presence,Binance Vision fundingRate census,r1.6-taxonomy-v1,True,True
um,1000RATSUSDT,RATS,PERPETUAL_VERIFIED,historical fundingRate archive presence,Binance Vision fundingRate census,r1.6-taxonomy-v1,True,True
um,1000SATSUSDT,SATS,PERPETUAL_VERIFIED,historical fundingRate archive presence,Binance Vision fundingRate census,r1.6-taxonomy-v1,True,True
um,1000SHIBBUSD,SHIBBUSD,UNKNOWN,non-USDT quote,archive symbol spelling,r1.6-taxonomy-v1,False,False
um,1000SHIBUSDC,SHIBUSDC,UNKNOWN,non-USDT quote,archive symbol spelling,r1.6-taxonomy-v1,False,False
um,1000SHIBUSDT,SHIB,PERPETUAL_VERIFIED,historical fundingRate archive presence,Binance Vision fundingRate census,r1.6-taxonomy-v1,True,True
um,1000WHYUSDT,WHY,PERPETUAL_VERIFIED,historical fundingRate archive presence,Binance Vision fundingRate census,r1.6-taxonomy-v1,True,True
um,1000XECUSDT,XEC,PERPETUAL_VERIFIED,historical fundingRate archive presence,Binance Vision fundingRate census,r1.6-taxonomy-v1,True,True
um,1000XUSDT,X,PERPETUAL_VERIFIED,historical fundingRate archive presence,Binance Vision fundingRate census,r1.6-taxonomy-v1,True,True
um,1INCHUSDT,1INCH,PERPETUAL_VERIFIED,historical fundingRate archive presence,Binance Vision fundingRate census,r1.6-taxonomy-v1,True,True
um,1MBABYDOGEUSDT,1MBABYDOGE,PERPETUAL_VERIFIED,historical fundingRate archive presence,Binance Vision fundingRate census,r1.6-taxonomy-v1,True,True
um,2ZUSDT,2Z,PERPETUAL_VERIFIED,historical fundingRate archive presence,Binance Vision fundingRate census,r1.6-taxonomy-v1,True,True
um,42USDT,42,PERPETUAL_VERIFIED,historical fundingRate archive presence,Binance Vision fundingRate census,r1.6-taxonomy-v1,True,True
um,4USDT,4,PERPETUAL_VERIFIED,historical fundingRate archive presence,Binance Vision fundingRate census,r1.6-taxonomy-v1,True,True
um,A2ZUSDT,A2Z,PERPETUAL_VERIFIED,historical fundingRate archive presence,Binance Vision fundingRate census,r1.6-taxonomy-v1,True,True
um,AAOIUSDT,AAOI,PERPETUAL_VERIFIED,historical fundingRate archive presence,Binance Vision fundingRate census,r1.6-taxonomy-v1,True,True
um,AAPLUSDT,AAPL,PERPETUAL_VERIFIED,historical fundingRate archive presence,Binance Vision fundingRate census,r1.6-taxonomy-v1,True,True
um,AAVEUSDC,AAVEUSDC,UNKNOWN,non-USDT quote,archive symbol spelling,r1.6-taxonomy-v1,False,False
um,AAVEUSDT,AAVE,PERPETUAL_VERIFIED,historical fundingRate archive presence,Binance Vision fundingRate census,r1.6-taxonomy-v1,True,True
um,ACEUSDT,ACE,PERPETUAL_VERIFIED,historical fundingRate archive presence,Binance Vision fundingRate census,r1.6-taxonomy-v1,True,True
um,ACHUSDT,ACH,PERPETUAL_VERIFIED,historical fundingRate archive presence,Binance Vision fundingRate census,r1.6-taxonomy-v1,True,True
um,ACTUSDT,ACT,PERPETUAL_VERIFIED,historical fundingRate archive presence,Binance Vision fundingRate census,r1.6-taxonomy-v1,True,True
um,ACUUSDT,ACU,PERPETUAL_VERIFIED,historical fundingRate archive presence,Binance Vision fundingRate census,r1.6-taxonomy-v1,True,True
um,ACXUSDT,ACX,PERPETUAL_VERIFIED,historical fundingRate archive presence,Binance Vision fundingRate census,r1.6-taxonomy-v1,True,True
um,ADABUSD,ADABUSD,UNKNOWN,non-USDT quote,archive symbol spelling,r1.6-taxonomy-v1,False,False
um,ADAUSDC,ADAUSDC,UNKNOWN,non-USDT quote,archive symbol spelling,r1.6-taxonomy-v1,False,False
um,ADAUSDT,ADA,PERPETUAL_VERIFIED,historical fundingRate archive presence,Binance Vision fundingRate census,r1.6-taxonomy-v1,True,True
um,ADBEUSDT,ADBE,PERPETUAL_VERIFIED,historical fundingRate archive presence,Binance Vision fundingRate census,r1.6-taxonomy-v1,True,True
um,AERGOUSDT,AERGO,PERPETUAL_VERIFIED,historical fundingRate archive presence,Binance Vision fundingRate census,r1.6-taxonomy-v1,True,True
um,AERGOUSDTSETTLED,AERGOUSDTSETTLED,UNKNOWN,non-USDT quote,archive symbol spelling,r1.6-taxonomy-v1,False,False
um,AERGOUSDTSETTLEDSETTLED,AERGOUSDTSETTLEDSETTLED,UNKNOWN,non-USDT quote,archive symbol spelling,r1.6-taxonomy-v1,False,False
um,AEROUSDT,AERO,PERPETUAL_VERIFIED,historical fundingRate archive presence,Binance Vision fundingRate census,r1.6-taxonomy-v1,True,True
um,AEVOUSDT,AEVO,PERPETUAL_VERIFIED,historical fundingRate archive presence,Binance Vision fundingRate census,r1.6-taxonomy-v1,True,True
um,AGIXBUSD,AGIXBUSD,UNKNOWN,non-USDT quote,archive symbol spelling,r1.6-taxonomy-v1,False,False
um,AGIXUSDT,AGIX,PERPETUAL_VERIFIED,historical fundingRate archive presence,Binance Vision fundingRate census,r1.6-taxonomy-v1,True,True
um,AGLDUSDT,AGLD,PERPETUAL_VERIFIED,historical fundingRate archive presence,Binance Vision fundingRate census,r1.6-taxonomy-v1,True,True
um,AGTUSDT,AGT,PERPETUAL_VERIFIED,historical fundingRate archive presence,Binance Vision fundingRate census,r1.6-taxonomy-v1,True,True
um,AI16ZUSDT,AI16Z,PERPETUAL_VERIFIED,historical fundingRate archive presence,Binance Vision fundingRate census,r1.6-taxonomy-v1,True,True
um,AIAUSDT,AIA,PERPETUAL_VERIFIED,historical fundingRate archive presence,Binance Vision fundingRate census,r1.6-taxonomy-v1,True,True
um,AIAUSDTSETTLED,AIAUSDTSETTLED,UNKNOWN,non-USDT quote,archive symbol spelling,r1.6-taxonomy-v1,False,False
um,AIGENSYNUSDT,AIGENSYN,PERPETUAL_VERIFIED,historical fundingRate archive presence,Binance Vision fundingRate census,r1.6-taxonomy-v1,True,True
um,AINUSDT,AIN,PERPETUAL_VERIFIED,historical fundingRate archive presence,Binance Vision fundingRate census,r1.6-taxonomy-v1,True,True
um,AIOTUSDT,AIOT,PERPETUAL_VERIFIED,historical fundingRate archive presence,Binance Vision fundingRate census,r1.6-taxonomy-v1,True,True
um,AIOUSDT,AIO,PERPETUAL_VERIFIED,historical fundingRate archive presence,Binance Vision fundingRate census,r1.6-taxonomy-v1,True,True
um,AIUSDT,AI,PERPETUAL_VERIFIED,historical fundingRate archive presence,Binance Vision fundingRate census,r1.6-taxonomy-v1,True,True
um,AIXBTUSDT,AIXBT,PERPETUAL_VERIFIED,historical fundingRate archive presence,Binance Vision fundingRate census,r1.6-taxonomy-v1,True,True
um,AKEUSDT,AKE,PERPETUAL_VERIFIED,historical fundingRate archive presence,Binance Vision fundingRate census,r1.6-taxonomy-v1,True,True
um,AKROUSDT,AKRO,PERPETUAL_VERIFIED,historical fundingRate archive presence,Binance Vision fundingRate census,r1.6-taxonomy-v1,True,True
um,AKTUSDT,AKT,PERPETUAL_VERIFIED,historical fundingRate archive presence,Binance Vision fundingRate census,r1.6-taxonomy-v1,True,True
um,ALABUSDT,ALAB,PERPETUAL_VERIFIED,historical fundingRate archive presence,Binance Vision fundingRate census,r1.6-taxonomy-v1,True,True
um,ALCHUSDT,ALCH,PERPETUAL_VERIFIED,historical fundingRate archive presence,Binance Vision fundingRate census,r1.6-taxonomy-v1,True,True
um,ALGOUSDT,ALGO,PERPETUAL_VERIFIED,historical fundingRate archive presence,Binance Vision fundingRate census,r1.6-taxonomy-v1,True,True
um,ALICEUSDT,ALICE,PERPETUAL_VERIFIED,historical fundingRate archive presence,Binance Vision fundingRate census,r1.6-taxonomy-v1,True,True
um,ALLOUSDT,ALLO,PERPETUAL_VERIFIED,historical fundingRate archive presence,Binance Vision fundingRate census,r1.6-taxonomy-v1,True,True
um,ALLUSDT,ALL,PERPETUAL_VERIFIED,historical fundingRate archive presence,Binance Vision fundingRate census,r1.6-taxonomy-v1,True,True
um,ALPACAUSDT,ALPACA,PERPETUAL_VERIFIED,historical fundingRate archive presence,Binance Vision fundingRate census,r1.6-taxonomy-v1,True,True
um,ALPHAUSDT,ALPHA,PERPETUAL_VERIFIED,historical fundingRate archive presence,Binance Vision fundingRate census,r1.6-taxonomy-v1,True,True
um,ALPINEUSDT,ALPINE,PERPETUAL_VERIFIED,historical fundingRate archive presence,Binance Vision fundingRate census,r1.6-taxonomy-v1,True,True
um,ALTUSDT,ALT,PERPETUAL_VERIFIED,historical fundingRate archive presence,Binance Vision fundingRate census,r1.6-taxonomy-v1,True,True
um,AMATUSDT,AMAT,PERPETUAL_VERIFIED,historical fundingRate archive presence,Binance Vision fundingRate census,r1.6-taxonomy-v1,True,True
um,AMBBUSD,AMBBUSD,UNKNOWN,non-USDT quote,archive symbol spelling,r1.6-taxonomy-v1,False,False
um,AMBUSDT,AMB,PERPETUAL_VERIFIED,historical fundingRate archive presence,Binance Vision fundingRate census,r1.6-taxonomy-v1,True,True
um,AMDUSDT,AMD,PERPETUAL_VERIFIED,historical fundingRate archive presence,Binance Vision fundingRate census,r1.6-taxonomy-v1,True,True
um,AMZNUSDT,AMZN,PERPETUAL_VERIFIED,historical fundingRate archive presence,Binance Vision fundingRate census,r1.6-taxonomy-v1,True,True
um,ANCBUSD,ANCBUSD,UNKNOWN,non-USDT quote,archive symbol spelling,r1.6-taxonomy-v1,False,False
um,ANCUSDT,ANC,PERPETUAL_VERIFIED,historical fundingRate archive presence,Binance Vision fundingRate census,r1.6-taxonomy-v1,True,True
um,ANIMEUSDT,ANIME,PERPETUAL_VERIFIED,historical fundingRate archive presence,Binance Vision fundingRate census,r1.6-taxonomy-v1,True,True
um,ANKRUSDT,ANKR,PERPETUAL_VERIFIED,historical fundingRate archive presence,Binance Vision fundingRate census,r1.6-taxonomy-v1,True,True
um,ANTHROPICUSDT,ANTHROPIC,PERPETUAL_VERIFIED,historical fundingRate archive presence,Binance Vision fundingRate census,r1.6-taxonomy-v1,True,True
um,ANTUSDT,ANT,PERPETUAL_VERIFIED,historical fundingRate archive presence,Binance Vision fundingRate census,r1.6-taxonomy-v1,True,True
um,APEBUSD,APEBUSD,UNKNOWN,non-USDT quote,archive symbol spelling,r1.6-taxonomy-v1,False,False
um,APEUSDT,APE,PERPETUAL_VERIFIED,historical fundingRate archive presence,Binance Vision fundingRate census,r1.6-taxonomy-v1,True,True
um,API3USDT,API3,PERPETUAL_VERIFIED,historical fundingRate archive presence,Binance Vision fundingRate census,r1.6-taxonomy-v1,True,True
um,APPUSDT,APP,PERPETUAL_VERIFIED,historical fundingRate archive presence,Binance Vision fundingRate census,r1.6-taxonomy-v1,True,True
um,APRUSDT,APR,PERPETUAL_VERIFIED,historical fundingRate archive presence,Binance Vision fundingRate census,r1.6-taxonomy-v1,True,True
um,APTBUSD,APTBUSD,UNKNOWN,non-USDT quote,archive symbol spelling,r1.6-taxonomy-v1,False,False
um,APTUSDT,APT,PERPETUAL_VERIFIED,historical fundingRate archive presence,Binance Vision fundingRate census,r1.6-taxonomy-v1,True,True
um,ARBUSDC,ARBUSDC,UNKNOWN,non-USDT quote,archive symbol spelling,r1.6-taxonomy-v1,False,False
um,ARBUSDT,ARB,PERPETUAL_VERIFIED,historical fundingRate archive presence,Binance Vision fundingRate census,r1.6-taxonomy-v1,True,True
um,ARCUSDT,ARC,PERPETUAL_VERIFIED,historical fundingRate archive presence,Binance Vision fundingRate census,r1.6-taxonomy-v1,True,True
um,ARIAUSDT,ARIA,PERPETUAL_VERIFIED,historical fundingRate archive presence,Binance Vision fundingRate census,r1.6-taxonomy-v1,True,True
um,ARKMUSDT,ARKM,PERPETUAL_VERIFIED,historical fundingRate archive presence,Binance Vision fundingRate census,r1.6-taxonomy-v1,True,True
um,ARKUSDT,ARK,PERPETUAL_VERIFIED,historical fundingRate archive presence,Binance Vision fundingRate census,r1.6-taxonomy-v1,True,True
um,ARMUSDT,ARM,PERPETUAL_VERIFIED,historical fundingRate archive presence,Binance Vision fundingRate census,r1.6-taxonomy-v1,True,True
um,ARPAUSDT,ARPA,PERPETUAL_VERIFIED,historical fundingRate archive presence,Binance Vision fundingRate census,r1.6-taxonomy-v1,True,True
um,ARUSDT,AR,PERPETUAL_VERIFIED,historical fundingRate archive presence,Binance Vision fundingRate census,r1.6-taxonomy-v1,True,True
um,ARXUSDT,ARX,PERPETUAL_VERIFIED,historical fundingRate archive presence,Binance Vision fundingRate census,r1.6-taxonomy-v1,True,True
um,ASMLUSDT,ASML,PERPETUAL_VERIFIED,historical fundingRate archive presence,Binance Vision fundingRate census,r1.6-taxonomy-v1,True,True
um,ASRUSDT,ASR,PERPETUAL_VERIFIED,historical fundingRate archive presence,Binance Vision fundingRate census,r1.6-taxonomy-v1,True,True
um,ASTERUSDT,ASTER,PERPETUAL_VERIFIED,historical fundingRate archive presence,Binance Vision fundingRate census,r1.6-taxonomy-v1,True,True
um,ASTRUSDT,ASTR,PERPETUAL_VERIFIED,historical fundingRate archive presence,Binance Vision fundingRate census,r1.6-taxonomy-v1,True,True
um,ASTSUSDT,ASTS,PERPETUAL_VERIFIED,historical fundingRate archive presence,Binance Vision fundingRate census,r1.6-taxonomy-v1,True,True
um,ATAUSDT,ATA,PERPETUAL_VERIFIED,historical fundingRate archive presence,Binance Vision fundingRate census,r1.6-taxonomy-v1,True,True
um,ATHUSDT,ATH,PERPETUAL_VERIFIED,historical fundingRate archive presence,Binance Vision fundingRate census,r1.6-taxonomy-v1,True,True
um,ATOMUSDT,ATOM,PERPETUAL_VERIFIED,historical fundingRate archive presence,Binance Vision fundingRate census,r1.6-taxonomy-v1,True,True
um,ATUSDT,AT,PERPETUAL_VERIFIED,historical fundingRate archive presence,Binance Vision fundingRate census,r1.6-taxonomy-v1,True,True
um,AUCTIONBUSD,AUCTIONBUSD,UNKNOWN,non-USDT quote,archive symbol spelling,r1.6-taxonomy-v1,False,False
um,AUCTIONUSDT,AUCTION,PERPETUAL_VERIFIED,historical fundingRate archive presence,Binance Vision fundingRate census,r1.6-taxonomy-v1,True,True
um,AUDIOUSDT,AUDIO,PERPETUAL_VERIFIED,historical fundingRate archive presence,Binance Vision fundingRate census,r1.6-taxonomy-v1,True,True
um,AUSDT,A,PERPETUAL_VERIFIED,historical fundingRate archive presence,Binance Vision fundingRate census,r1.6-taxonomy-v1,True,True
um,AVAAIUSDT,AVAAI,PERPETUAL_VERIFIED,historical fundingRate archive presence,Binance Vision fundingRate census,r1.6-taxonomy-v1,True,True
um,AVAUSDT,AVA,PERPETUAL_VERIFIED,historical fundingRate archive presence,Binance Vision fundingRate census,r1.6-taxonomy-v1,True,True
um,AVAXBUSD,AVAXBUSD,UNKNOWN,non-USDT quote,archive symbol spelling,r1.6-taxonomy-v1,False,False
um,AVAXUSDC,AVAXUSDC,UNKNOWN,non-USDT quote,archive symbol spelling,r1.6-taxonomy-v1,False,False
um,AVAXUSDT,AVAX,PERPETUAL_VERIFIED,historical fundingRate archive presence,Binance Vision fundingRate census,r1.6-taxonomy-v1,True,True
um,AVGOUSDT,AVGO,PERPETUAL_VERIFIED,historical fundingRate archive presence,Binance Vision fundingRate census,r1.6-taxonomy-v1,True,True
um,AVNTUSDT,AVNT,PERPETUAL_VERIFIED,historical fundingRate archive presence,Binance Vision fundingRate census,r1.6-taxonomy-v1,True,True
um,AWEUSDT,AWE,PERPETUAL_VERIFIED,historical fundingRate archive presence,Binance Vision fundingRate census,r1.6-taxonomy-v1,True,True
um,AXLUSDT,AXL,PERPETUAL_VERIFIED,historical fundingRate archive presence,Binance Vision fundingRate census,r1.6-taxonomy-v1,True,True
um,AXSUSDT,AXS,PERPETUAL_VERIFIED,historical fundingRate archive presence,Binance Vision fundingRate census,r1.6-taxonomy-v1,True,True
um,AXTIUSDT,AXTI,PERPETUAL_VERIFIED,historical fundingRate archive presence,Binance Vision fundingRate census,r1.6-taxonomy-v1,True,True
um,AZTECUSDT,AZTEC,PERPETUAL_VERIFIED,historical fundingRate archive presence,Binance Vision fundingRate census,r1.6-taxonomy-v1,True,True
um,B2USDT,B2,PERPETUAL_VERIFIED,historical fundingRate archive presence,Binance Vision fundingRate census,r1.6-taxonomy-v1,True,True
um,B3USDT,B3,PERPETUAL_VERIFIED,historical fundingRate archive presence,Binance Vision fundingRate census,r1.6-taxonomy-v1,True,True
um,BABAUSDT,BABA,PERPETUAL_VERIFIED,historical fundingRate archive presence,Binance Vision fundingRate census,r1.6-taxonomy-v1,True,True
um,BABYUSDT,BABY,PERPETUAL_VERIFIED,historical fundingRate archive presence,Binance Vision fundingRate census,r1.6-taxonomy-v1,True,True
um,BADGERUSDT,BADGER,PERPETUAL_VERIFIED,historical fundingRate archive presence,Binance Vision fundingRate census,r1.6-taxonomy-v1,True,True
um,BAKEUSDT,BAKE,PERPETUAL_VERIFIED,historical fundingRate archive presence,Binance Vision fundingRate census,r1.6-taxonomy-v1,True,True
um,BALUSDT,BAL,PERPETUAL_VERIFIED,historical fundingRate archive presence,Binance Vision fundingRate census,r1.6-taxonomy-v1,True,True
um,BANANAS31USDT,BANANAS31,PERPETUAL_VERIFIED,historical fundingRate archive presence,Binance Vision fundingRate census,r1.6-taxonomy-v1,True,True
um,BANANAUSDT,BANANA,PERPETUAL_VERIFIED,historical fundingRate archive presence,Binance Vision fundingRate census,r1.6-taxonomy-v1,True,True
um,BANDUSDT,BAND,PERPETUAL_VERIFIED,historical fundingRate archive presence,Binance Vision fundingRate census,r1.6-taxonomy-v1,True,True
um,BANKUSDT,BANK,PERPETUAL_VERIFIED,historical fundingRate archive presence,Binance Vision fundingRate census,r1.6-taxonomy-v1,True,True
um,BANUSDT,BAN,PERPETUAL_VERIFIED,historical fundingRate archive presence,Binance Vision fundingRate census,r1.6-taxonomy-v1,True,True
um,BARDUSDT,BARD,PERPETUAL_VERIFIED,historical fundingRate archive presence,Binance Vision fundingRate census,r1.6-taxonomy-v1,True,True
um,BASEDUSDT,BASED,PERPETUAL_VERIFIED,historical fundingRate archive presence,Binance Vision fundingRate census,r1.6-taxonomy-v1,True,True
um,BASUSDT,BAS,PERPETUAL_VERIFIED,historical fundingRate archive presence,Binance Vision fundingRate census,r1.6-taxonomy-v1,True,True
um,BATUSDT,BAT,PERPETUAL_VERIFIED,historical fundingRate archive presence,Binance Vision fundingRate census,r1.6-taxonomy-v1,True,True
um,BBUSDT,BB,PERPETUAL_VERIFIED,historical fundingRate archive presence,Binance Vision fundingRate census,r1.6-taxonomy-v1,True,True
um,BBXUSDT,BBX,PERPETUAL_VERIFIED,historical fundingRate archive presence,Binance Vision fundingRate census,r1.6-taxonomy-v1,True,True
um,BCHUSDC,BCHUSDC,UNKNOWN,non-USDT quote,archive symbol spelling,r1.6-taxonomy-v1,False,False
um,BCHUSDT,BCH,PERPETUAL_VERIFIED,historical fundingRate archive presence,Binance Vision fundingRate census,r1.6-taxonomy-v1,True,True
um,BDXNUSDT,BDXN,PERPETUAL_VERIFIED,historical fundingRate archive presence,Binance Vision fundingRate census,r1.6-taxonomy-v1,True,True
um,BDXNUSDTSETTLED,BDXNUSDTSETTLED,UNKNOWN,non-USDT quote,archive symbol spelling,r1.6-taxonomy-v1,False,False
um,BEAMXUSDT,BEAMX,PERPETUAL_VERIFIED,historical fundingRate archive presence,Binance Vision fundingRate census,r1.6-taxonomy-v1,True,True
um,BEATUSDT,BEAT,PERPETUAL_VERIFIED,historical fundingRate archive presence,Binance Vision fundingRate census,r1.6-taxonomy-v1,True,True
um,BELUSDT,BEL,PERPETUAL_VERIFIED,historical fundingRate archive presence,Binance Vision fundingRate census,r1.6-taxonomy-v1,True,True
um,BERAUSDT,BERA,PERPETUAL_VERIFIED,historical fundingRate archive presence,Binance Vision fundingRate census,r1.6-taxonomy-v1,True,True
um,BEUSDT,BE,PERPETUAL_VERIFIED,historical fundingRate archive presence,Binance Vision fundingRate census,r1.6-taxonomy-v1,True,True
um,BICOUSDT,BICO,PERPETUAL_VERIFIED,historical fundingRate archive presence,Binance Vision fundingRate census,r1.6-taxonomy-v1,True,True
um,BIDUSDT,BID,PERPETUAL_VERIFIED,historical fundingRate archive presence,Binance Vision fundingRate census,r1.6-taxonomy-v1,True,True
um,BIGTIMEUSDT,BIGTIME,PERPETUAL_VERIFIED,historical fundingRate archive presence,Binance Vision fundingRate census,r1.6-taxonomy-v1,True,True
um,BILLUSDT,BILL,PERPETUAL_VERIFIED,historical fundingRate archive presence,Binance Vision fundingRate census,r1.6-taxonomy-v1,True,True
um,BIOUSDC,BIOUSDC,UNKNOWN,non-USDT quote,archive symbol spelling,r1.6-taxonomy-v1,False,False
um,BIOUSDT,BIO,PERPETUAL_VERIFIED,historical fundingRate archive presence,Binance Vision fundingRate census,r1.6-taxonomy-v1,True,True
um,BIRBUSDT,BIRB,PERPETUAL_VERIFIED,historical fundingRate archive presence,Binance Vision fundingRate census,r1.6-taxonomy-v1,True,True
um,BITOUSDT,BITO,PERPETUAL_VERIFIED,historical fundingRate archive presence,Binance Vision fundingRate census,r1.6-taxonomy-v1,True,True
um,BLESSUSDT,BLESS,PERPETUAL_VERIFIED,historical fundingRate archive presence,Binance Vision fundingRate census,r1.6-taxonomy-v1,True,True
um,BLUAIUSDT,BLUAI,PERPETUAL_VERIFIED,historical fundingRate archive presence,Binance Vision fundingRate census,r1.6-taxonomy-v1,True,True
um,BLUEBIRDUSDT,BLUEBIRD,PERPETUAL_VERIFIED,historical fundingRate archive presence,Binance Vision fundingRate census,r1.6-taxonomy-v1,True,True
um,BLURUSDT,BLUR,PERPETUAL_VERIFIED,historical fundingRate archive presence,Binance Vision fundingRate census,r1.6-taxonomy-v1,True,True
um,BLZUSDT,BLZ,PERPETUAL_VERIFIED,historical fundingRate archive presence,Binance Vision fundingRate census,r1.6-taxonomy-v1,True,True
um,BMNRUSDT,BMNR,PERPETUAL_VERIFIED,historical fundingRate archive presence,Binance Vision fundingRate census,r1.6-taxonomy-v1,True,True
um,BMTUSDT,BMT,PERPETUAL_VERIFIED,historical fundingRate archive presence,Binance Vision fundingRate census,r1.6-taxonomy-v1,True,True
um,BNBBUSD,BNBBUSD,UNKNOWN,non-USDT quote,archive symbol spelling,r1.6-taxonomy-v1,False,False
um,BNBUSDC,BNBUSDC,UNKNOWN,non-USDT quote,archive symbol spelling,r1.6-taxonomy-v1,False,False
um,BNBUSDT,BNB,PERPETUAL_VERIFIED,historical fundingRate archive presence,Binance Vision fundingRate census,r1.6-taxonomy-v1,True,True
um,BNCUSDT,BNC,PERPETUAL_VERIFIED,historical fundingRate archive presence,Binance Vision fundingRate census,r1.6-taxonomy-v1,True,True
um,BNTUSDT,BNT,PERPETUAL_VERIFIED,historical fundingRate archive presence,Binance Vision fundingRate census,r1.6-taxonomy-v1,True,True
um,BNXUSDT,BNX,PERPETUAL_VERIFIED,historical fundingRate archive presence,Binance Vision fundingRate census,r1.6-taxonomy-v1,True,True
um,BNXUSDTSETTLED,BNXUSDTSETTLED,UNKNOWN,non-USDT quote,archive symbol spelling,r1.6-taxonomy-v1,False,False
um,BOBUSDT,BOB,PERPETUAL_VERIFIED,historical fundingRate archive presence,Binance Vision fundingRate census,r1.6-taxonomy-v1,True,True
um,BOMEUSDC,BOMEUSDC,UNKNOWN,non-USDT quote,archive symbol spelling,r1.6-taxonomy-v1,False,False
um,BOMEUSDT,BOME,PERPETUAL_VERIFIED,historical fundingRate archive presence,Binance Vision fundingRate census,r1.6-taxonomy-v1,True,True
um,BONDUSDT,BOND,PERPETUAL_VERIFIED,historical fundingRate archive presence,Binance Vision fundingRate census,r1.6-taxonomy-v1,True,True
um,BOTUSDT,BOT,PERPETUAL_VERIFIED,historical fundingRate archive presence,Binance Vision fundingRate census,r1.6-taxonomy-v1,True,True
um,BRETTUSDT,BRETT,PERPETUAL_VERIFIED,historical fundingRate archive presence,Binance Vision fundingRate census,r1.6-taxonomy-v1,True,True
um,BREVUSDT,BREV,PERPETUAL_VERIFIED,historical fundingRate archive presence,Binance Vision fundingRate census,r1.6-taxonomy-v1,True,True
um,BRKBUSDT,BRKB,PERPETUAL_VERIFIED,historical fundingRate archive presence,Binance Vision fundingRate census,r1.6-taxonomy-v1,True,True
um,BROCCOLI714USDT,BROCCOLI714,PERPETUAL_VERIFIED,historical fundingRate archive presence,Binance Vision fundingRate census,r1.6-taxonomy-v1,True,True
um,BROCCOLIF3BUSDT,BROCCOLIF3B,PERPETUAL_VERIFIED,historical fundingRate archive presence,Binance Vision fundingRate census,r1.6-taxonomy-v1,True,True
um,BRUSDT,BR,PERPETUAL_VERIFIED,historical fundingRate archive presence,Binance Vision fundingRate census,r1.6-taxonomy-v1,True,True
um,BSBUSDT,BSB,PERPETUAL_VERIFIED,historical fundingRate archive presence,Binance Vision fundingRate census,r1.6-taxonomy-v1,True,True
um,BSPUSDT,BSP,PERPETUAL_VERIFIED,historical fundingRate archive presence,Binance Vision fundingRate census,r1.6-taxonomy-v1,True,True
um,BSVUSDT,BSV,PERPETUAL_VERIFIED,historical fundingRate archive presence,Binance Vision fundingRate census,r1.6-taxonomy-v1,True,True
um,BSWUSDT,BSW,PERPETUAL_VERIFIED,historical fundingRate archive presence,Binance Vision fundingRate census,r1.6-taxonomy-v1,True,True
um,BTCBUSD,BTCBUSD,UNKNOWN,non-USDT quote,archive symbol spelling,r1.6-taxonomy-v1,False,False
um,BTCBUSD_210129,BTCBUSD_210129,DATED_DELIVERY,dated delivery suffix,archive symbol policy,r1.6-taxonomy-v1,False,True
um,BTCBUSD_210226,BTCBUSD_210226,DATED_DELIVERY,dated delivery suffix,archive symbol policy,r1.6-taxonomy-v1,False,True
um,BTCDOMUSDT,BTCDOM,PERPETUAL_VERIFIED,historical fundingRate archive presence,Binance Vision fundingRate census,r1.6-taxonomy-v1,True,True
um,BTCSTUSDT,BTCST,PERPETUAL_VERIFIED,historical fundingRate archive presence,Binance Vision fundingRate census,r1.6-taxonomy-v1,True,True
um,BTCSTUSDTSETTLED,BTCSTUSDTSETTLED,UNKNOWN,non-USDT quote,archive symbol spelling,r1.6-taxonomy-v1,False,False
um,BTCU,BTCU,UNKNOWN,non-USDT quote,archive symbol spelling,r1.6-taxonomy-v1,False,False
um,BTCUSD1,BTCUSD1,UNKNOWN,non-USDT quote,archive symbol spelling,r1.6-taxonomy-v1,False,False
um,BTCUSDC,BTCUSDC,UNKNOWN,non-USDT quote,archive symbol spelling,r1.6-taxonomy-v1,False,False
um,BTCUSDT,BTC,PERPETUAL_VERIFIED,historical fundingRate archive presence,Binance Vision fundingRate census,r1.6-taxonomy-v1,True,True
um,BTCUSDT_210326,BTCUSDT_210326,DATED_DELIVERY,dated delivery suffix,archive symbol policy,r1.6-taxonomy-v1,False,True
um,BTCUSDT_210625,BTCUSDT_210625,DATED_DELIVERY,dated delivery suffix,archive symbol policy,r1.6-taxonomy-v1,False,True
um,BTCUSDT_210924,BTCUSDT_210924,DATED_DELIVERY,dated delivery suffix,archive symbol policy,r1.6-taxonomy-v1,False,True
um,BTCUSDT_211231,BTCUSDT_211231,DATED_DELIVERY,dated delivery suffix,archive symbol policy,r1.6-taxonomy-v1,False,True
um,BTCUSDT_220325,BTCUSDT_220325,DATED_DELIVERY,dated delivery suffix,archive symbol policy,r1.6-taxonomy-v1,False,True
um,BTCUSDT_220624,BTCUSDT_220624,DATED_DELIVERY,dated delivery suffix,archive symbol policy,r1.6-taxonomy-v1,False,True
um,BTCUSDT_220930,BTCUSDT_220930,DATED_DELIVERY,dated delivery suffix,archive symbol policy,r1.6-taxonomy-v1,False,True
um,BTCUSDT_221230,BTCUSDT_221230,DATED_DELIVERY,dated delivery suffix,archive symbol policy,r1.6-taxonomy-v1,False,True
um,BTCUSDT_230331,BTCUSDT_230331,DATED_DELIVERY,dated delivery suffix,archive symbol policy,r1.6-taxonomy-v1,False,True
um,BTCUSDT_230630,BTCUSDT_230630,DATED_DELIVERY,dated delivery suffix,archive symbol policy,r1.6-taxonomy-v1,False,True
um,BTCUSDT_230929,BTCUSDT_230929,DATED_DELIVERY,dated delivery suffix,archive symbol policy,r1.6-taxonomy-v1,False,True
um,BTCUSDT_231229,BTCUSDT_231229,DATED_DELIVERY,dated delivery suffix,archive symbol policy,r1.6-taxonomy-v1,False,True
um,BTCUSDT_240329,BTCUSDT_240329,DATED_DELIVERY,dated delivery suffix,archive symbol policy,r1.6-taxonomy-v1,False,True
um,BTCUSDT_240628,BTCUSDT_240628,DATED_DELIVERY,dated delivery suffix,archive symbol policy,r1.6-taxonomy-v1,False,True
um,BTCUSDT_240927,BTCUSDT_240927,DATED_DELIVERY,dated delivery suffix,archive symbol policy,r1.6-taxonomy-v1,False,True
um,BTCUSDT_241227,BTCUSDT_241227,DATED_DELIVERY,dated delivery suffix,archive symbol policy,r1.6-taxonomy-v1,False,True
um,BTCUSDT_250328,BTCUSDT_250328,DATED_DELIVERY,dated delivery suffix,archive symbol policy,r1.6-taxonomy-v1,False,True
um,BTCUSDT_250627,BTCUSDT_250627,DATED_DELIVERY,dated delivery suffix,archive symbol policy,r1.6-taxonomy-v1,False,True
um,BTCUSDT_250926,BTCUSDT_250926,DATED_DELIVERY,dated delivery suffix,archive symbol policy,r1.6-taxonomy-v1,False,True
um,BTCUSDT_251226,BTCUSDT_251226,DATED_DELIVERY,dated delivery suffix,archive symbol policy,r1.6-taxonomy-v1,False,True
um,BTCUSDT_260327,BTCUSDT_260327,DATED_DELIVERY,dated delivery suffix,archive symbol policy,r1.6-taxonomy-v1,False,True
um,BTCUSDT_260626,BTCUSDT_260626,DATED_DELIVERY,dated delivery suffix,archive symbol policy,r1.6-taxonomy-v1,False,True
um,BTCUSDT_260925,BTCUSDT_260925,DATED_DELIVERY,dated delivery suffix,archive symbol policy,r1.6-taxonomy-v1,False,True
um,BTCUSDT_261225,BTCUSDT_261225,DATED_DELIVERY,dated delivery suffix,archive symbol policy,r1.6-taxonomy-v1,False,True
um,BTRUSDT,BTR,PERPETUAL_VERIFIED,historical fundingRate archive presence,Binance Vision fundingRate census,r1.6-taxonomy-v1,True,True
um,BTSUSDT,BTS,PERPETUAL_VERIFIED,historical fundingRate archive presence,Binance Vision fundingRate census,r1.6-taxonomy-v1,True,True
um,BTTUSDT,BTT,PERPETUAL_VERIFIED,historical fundingRate archive presence,Binance Vision fundingRate census,r1.6-taxonomy-v1,True,True
um,BTWUSDT,BTW,PERPETUAL_VERIFIED,historical fundingRate archive presence,Binance Vision fundingRate census,r1.6-taxonomy-v1,True,True
um,BULLAUSDT,BULLA,PERPETUAL_VERIFIED,historical fundingRate archive presence,Binance Vision fundingRate census,r1.6-taxonomy-v1,True,True
um,BUSDT,B,PERPETUAL_VERIFIED,historical fundingRate archive presence,Binance Vision fundingRate census,r1.6-taxonomy-v1,True,True
um,BXUSDT,BX,PERPETUAL_VERIFIED,historical fundingRate archive presence,Binance Vision fundingRate census,r1.6-taxonomy-v1,True,True
um,BZRXUSDT,BZRX,PERPETUAL_VERIFIED,historical fundingRate archive presence,Binance Vision fundingRate census,r1.6-taxonomy-v1,True,True
um,BZUSDT,BZ,PERPETUAL_VERIFIED,historical fundingRate archive presence,Binance Vision fundingRate census,r1.6-taxonomy-v1,True,True
um,C98USDT,C98,PERPETUAL_VERIFIED,historical fundingRate archive presence,Binance Vision fundingRate census,r1.6-taxonomy-v1,True,True
um,CAKEUSDT,CAKE,PERPETUAL_VERIFIED,historical fundingRate archive presence,Binance Vision fundingRate census,r1.6-taxonomy-v1,True,True
um,CAPUSDT,CAP,PERPETUAL_VERIFIED,historical fundingRate archive presence,Binance Vision fundingRate census,r1.6-taxonomy-v1,True,True
um,CARVUSDT,CARV,PERPETUAL_VERIFIED,historical fundingRate archive presence,Binance Vision fundingRate census,r1.6-taxonomy-v1,True,True
um,CATIUSDT,CATI,PERPETUAL_VERIFIED,historical fundingRate archive presence,Binance Vision fundingRate census,r1.6-taxonomy-v1,True,True
um,CATUSDT,CAT,PERPETUAL_VERIFIED,historical fundingRate archive presence,Binance Vision fundingRate census,r1.6-taxonomy-v1,True,True
um,CBRSUSDT,CBRS,PERPETUAL_VERIFIED,historical fundingRate archive presence,Binance Vision fundingRate census,r1.6-taxonomy-v1,True,True
um,CCUSDT,CC,PERPETUAL_VERIFIED,historical fundingRate archive presence,Binance Vision fundingRate census,r1.6-taxonomy-v1,True,True
um,CELOUSDT,CELO,PERPETUAL_VERIFIED,historical fundingRate archive presence,Binance Vision fundingRate census,r1.6-taxonomy-v1,True,True
um,CELRUSDT,CELR,PERPETUAL_VERIFIED,historical fundingRate archive presence,Binance Vision fundingRate census,r1.6-taxonomy-v1,True,True
um,CETUSUSDT,CETUS,PERPETUAL_VERIFIED,historical fundingRate archive presence,Binance Vision fundingRate census,r1.6-taxonomy-v1,True,True
um,CFGUSDT,CFG,PERPETUAL_VERIFIED,historical fundingRate archive presence,Binance Vision fundingRate census,r1.6-taxonomy-v1,True,True
um,CFXUSDT,CFX,PERPETUAL_VERIFIED,historical fundingRate archive presence,Binance Vision fundingRate census,r1.6-taxonomy-v1,True,True
um,CGPTUSDT,CGPT,PERPETUAL_VERIFIED,historical fundingRate archive presence,Binance Vision fundingRate census,r1.6-taxonomy-v1,True,True
um,CHESSUSDT,CHESS,PERPETUAL_VERIFIED,historical fundingRate archive presence,Binance Vision fundingRate census,r1.6-taxonomy-v1,True,True
um,CHILLGUYUSDT,CHILLGUY,PERPETUAL_VERIFIED,historical fundingRate archive presence,Binance Vision fundingRate census,r1.6-taxonomy-v1,True,True
um,CHIPUSDT,CHIP,PERPETUAL_VERIFIED,historical fundingRate archive presence,Binance Vision fundingRate census,r1.6-taxonomy-v1,True,True
um,CHRUSDT,CHR,PERPETUAL_VERIFIED,historical fundingRate archive presence,Binance Vision fundingRate census,r1.6-taxonomy-v1,True,True
um,CHZUSDT,CHZ,PERPETUAL_VERIFIED,historical fundingRate archive presence,Binance Vision fundingRate census,r1.6-taxonomy-v1,True,True
um,CIENUSDT,CIEN,PERPETUAL_VERIFIED,historical fundingRate archive presence,Binance Vision fundingRate census,r1.6-taxonomy-v1,True,True
um,CKBUSDT,CKB,PERPETUAL_VERIFIED,historical fundingRate archive presence,Binance Vision fundingRate census,r1.6-taxonomy-v1,True,True
um,CLANKERUSDT,CLANKER,PERPETUAL_VERIFIED,historical fundingRate archive presence,Binance Vision fundingRate census,r1.6-taxonomy-v1,True,True
um,CLOUSDT,CLO,PERPETUAL_VERIFIED,historical fundingRate archive presence,Binance Vision fundingRate census,r1.6-taxonomy-v1,True,True
um,CLUSDT,CL,PERPETUAL_VERIFIED,historical fundingRate archive presence,Binance Vision fundingRate census,r1.6-taxonomy-v1,True,True
um,COAIUSDT,COAI,PERPETUAL_VERIFIED,historical fundingRate archive presence,Binance Vision fundingRate census,r1.6-taxonomy-v1,True,True
um,COCOSUSDT,COCOS,PERPETUAL_VERIFIED,historical fundingRate archive presence,Binance Vision fundingRate census,r1.6-taxonomy-v1,True,True
um,COHRUSDT,COHR,PERPETUAL_VERIFIED,historical fundingRate archive presence,Binance Vision fundingRate census,r1.6-taxonomy-v1,True,True
um,COINUSDT,COIN,PERPETUAL_VERIFIED,historical fundingRate archive presence,Binance Vision fundingRate census,r1.6-taxonomy-v1,True,True
um,COLLECTUSDT,COLLECT,PERPETUAL_VERIFIED,historical fundingRate archive presence,Binance Vision fundingRate census,r1.6-taxonomy-v1,True,True
um,COMBOUSDT,COMBO,PERPETUAL_VERIFIED,historical fundingRate archive presence,Binance Vision fundingRate census,r1.6-taxonomy-v1,True,True
um,COMMONUSDT,COMMON,PERPETUAL_VERIFIED,historical fundingRate archive presence,Binance Vision fundingRate census,r1.6-taxonomy-v1,True,True
um,COMPUSDT,COMP,PERPETUAL_VERIFIED,historical fundingRate archive presence,Binance Vision fundingRate census,r1.6-taxonomy-v1,True,True
um,COOKIEUSDT,COOKIE,PERPETUAL_VERIFIED,historical fundingRate archive presence,Binance Vision fundingRate census,r1.6-taxonomy-v1,True,True
um,COPPERUSDT,COPPER,PERPETUAL_VERIFIED,historical fundingRate archive presence,Binance Vision fundingRate census,r1.6-taxonomy-v1,True,True
um,COSTUSDT,COST,PERPETUAL_VERIFIED,historical fundingRate archive presence,Binance Vision fundingRate census,r1.6-taxonomy-v1,True,True
um,COSUSDT,COS,PERPETUAL_VERIFIED,historical fundingRate archive presence,Binance Vision fundingRate census,r1.6-taxonomy-v1,True,True
um,COTIUSDT,COTI,PERPETUAL_VERIFIED,historical fundingRate archive presence,Binance Vision fundingRate census,r1.6-taxonomy-v1,True,True
um,COWUSDT,COW,PERPETUAL_VERIFIED,historical fundingRate archive presence,Binance Vision fundingRate census,r1.6-taxonomy-v1,True,True
um,CRCLUSDT,CRCL,PERPETUAL_VERIFIED,historical fundingRate archive presence,Binance Vision fundingRate census,r1.6-taxonomy-v1,True,True
um,CRDOUSDT,CRDO,PERPETUAL_VERIFIED,historical fundingRate archive presence,Binance Vision fundingRate census,r1.6-taxonomy-v1,True,True
um,CRMUSDT,CRM,PERPETUAL_VERIFIED,historical fundingRate archive presence,Binance Vision fundingRate census,r1.6-taxonomy-v1,True,True
um,CROSSUSDT,CROSS,PERPETUAL_VERIFIED,historical fundingRate archive presence,Binance Vision fundingRate census,r1.6-taxonomy-v1,True,True
um,CRVUSDC,CRVUSDC,UNKNOWN,non-USDT quote,archive symbol spelling,r1.6-taxonomy-v1,False,False
um,CRVUSDT,CRV,PERPETUAL_VERIFIED,historical fundingRate archive presence,Binance Vision fundingRate census,r1.6-taxonomy-v1,True,True
um,CRWDUSDT,CRWD,PERPETUAL_VERIFIED,historical fundingRate archive presence,Binance Vision fundingRate census,r1.6-taxonomy-v1,True,True
um,CRWVUSDT,CRWV,PERPETUAL_VERIFIED,historical fundingRate archive presence,Binance Vision fundingRate census,r1.6-taxonomy-v1,True,True
um,CSCOUSDT,CSCO,PERPETUAL_VERIFIED,historical fundingRate archive presence,Binance Vision fundingRate census,r1.6-taxonomy-v1,True,True
um,CTKUSDT,CTK,PERPETUAL_VERIFIED,historical fundingRate archive presence,Binance Vision fundingRate census,r1.6-taxonomy-v1,True,True
um,CTKUSDTSETTLED,CTKUSDTSETTLED,UNKNOWN,non-USDT quote,archive symbol spelling,r1.6-taxonomy-v1,False,False
um,CTRUSDT,CTR,PERPETUAL_VERIFIED,historical fundingRate archive presence,Binance Vision fundingRate census,r1.6-taxonomy-v1,True,True
um,CTSIUSDT,CTSI,PERPETUAL_VERIFIED,historical fundingRate archive presence,Binance Vision fundingRate census,r1.6-taxonomy-v1,True,True
um,CUDISUSDT,CUDIS,PERPETUAL_VERIFIED,historical fundingRate archive presence,Binance Vision fundingRate census,r1.6-taxonomy-v1,True,True
um,CUSDT,C,PERPETUAL_VERIFIED,historical fundingRate archive presence,Binance Vision fundingRate census,r1.6-taxonomy-v1,True,True
um,CVCUSDT,CVC,PERPETUAL_VERIFIED,historical fundingRate archive presence,Binance Vision fundingRate census,r1.6-taxonomy-v1,True,True
um,CVCUSDTSETTLED,CVCUSDTSETTLED,UNKNOWN,non-USDT quote,archive symbol spelling,r1.6-taxonomy-v1,False,False
um,CVXBUSD,CVXBUSD,UNKNOWN,non-USDT quote,archive symbol spelling,r1.6-taxonomy-v1,False,False
um,CVXUSDT,CVX,PERPETUAL_VERIFIED,historical fundingRate archive presence,Binance Vision fundingRate census,r1.6-taxonomy-v1,True,True
um,CVXUSDTSETTLED,CVXUSDTSETTLED,UNKNOWN,non-USDT quote,archive symbol spelling,r1.6-taxonomy-v1,False,False
um,CYBERUSDT,CYBER,PERPETUAL_VERIFIED,historical fundingRate archive presence,Binance Vision fundingRate census,r1.6-taxonomy-v1,True,True
um,CYSUSDT,CYS,PERPETUAL_VERIFIED,historical fundingRate archive presence,Binance Vision fundingRate census,r1.6-taxonomy-v1,True,True
um,DAMUSDT,DAM,PERPETUAL_VERIFIED,historical fundingRate archive presence,Binance Vision fundingRate census,r1.6-taxonomy-v1,True,True
um,DARUSDT,DAR,PERPETUAL_VERIFIED,historical fundingRate archive presence,Binance Vision fundingRate census,r1.6-taxonomy-v1,True,True
um,DASHUSDT,DASH,PERPETUAL_VERIFIED,historical fundingRate archive presence,Binance Vision fundingRate census,r1.6-taxonomy-v1,True,True
um,DATAIPUSDC,DATAIPUSDC,UNKNOWN,non-USDT quote,archive symbol spelling,r1.6-taxonomy-v1,False,False
um,DATAIPUSDT,DATAIP,PERPETUAL_VERIFIED,historical fundingRate archive presence,Binance Vision fundingRate census,r1.6-taxonomy-v1,True,True
um,DEEPUSDT,DEEP,PERPETUAL_VERIFIED,historical fundingRate archive presence,Binance Vision fundingRate census,r1.6-taxonomy-v1,True,True
um,DEFIUSDT,DEFI,PERPETUAL_VERIFIED,historical fundingRate archive presence,Binance Vision fundingRate census,r1.6-taxonomy-v1,True,True
um,DEGENUSDT,DEGEN,PERPETUAL_VERIFIED,historical fundingRate archive presence,Binance Vision fundingRate census,r1.6-taxonomy-v1,True,True
um,DEGOUSDT,DEGO,PERPETUAL_VERIFIED,historical fundingRate archive presence,Binance Vision fundingRate census,r1.6-taxonomy-v1,True,True
um,DELLUSDT,DELL,PERPETUAL_VERIFIED,historical fundingRate archive presence,Binance Vision fundingRate census,r1.6-taxonomy-v1,True,True
um,DENTUSDT,DENT,PERPETUAL_VERIFIED,historical fundingRate archive presence,Binance Vision fundingRate census,r1.6-taxonomy-v1,True,True
um,DEXEUSDT,DEXE,PERPETUAL_VERIFIED,historical fundingRate archive presence,Binance Vision fundingRate census,r1.6-taxonomy-v1,True,True
um,DFUSDT,DF,PERPETUAL_VERIFIED,historical fundingRate archive presence,Binance Vision fundingRate census,r1.6-taxonomy-v1,True,True
um,DGBUSDT,DGB,PERPETUAL_VERIFIED,historical fundingRate archive presence,Binance Vision fundingRate census,r1.6-taxonomy-v1,True,True
um,DIAUSDT,DIA,PERPETUAL_VERIFIED,historical fundingRate archive presence,Binance Vision fundingRate census,r1.6-taxonomy-v1,True,True
um,DISUSDT,DIS,PERPETUAL_VERIFIED,historical fundingRate archive presence,Binance Vision fundingRate census,r1.6-taxonomy-v1,True,True
um,DKNGUSDT,DKNG,PERPETUAL_VERIFIED,historical fundingRate archive presence,Binance Vision fundingRate census,r1.6-taxonomy-v1,True,True
um,DMCUSDT,DMC,PERPETUAL_VERIFIED,historical fundingRate archive presence,Binance Vision fundingRate census,r1.6-taxonomy-v1,True,True
um,DODOBUSD,DODOBUSD,UNKNOWN,non-USDT quote,archive symbol spelling,r1.6-taxonomy-v1,False,False
um,DODOUSDT,DODO,PERPETUAL_VERIFIED,historical fundingRate archive presence,Binance Vision fundingRate census,r1.6-taxonomy-v1,True,True
um,DODOXUSDT,DODOX,PERPETUAL_VERIFIED,historical fundingRate archive presence,Binance Vision fundingRate census,r1.6-taxonomy-v1,True,True
um,DOGEBUSD,DOGEBUSD,UNKNOWN,non-USDT quote,archive symbol spelling,r1.6-taxonomy-v1,False,False
um,DOGEUSDC,DOGEUSDC,UNKNOWN,non-USDT quote,archive symbol spelling,r1.6-taxonomy-v1,False,False
um,DOGEUSDT,DOGE,PERPETUAL_VERIFIED,historical fundingRate archive presence,Binance Vision fundingRate census,r1.6-taxonomy-v1,True,True
um,DOGSUSDT,DOGS,PERPETUAL_VERIFIED,historical fundingRate archive presence,Binance Vision fundingRate census,r1.6-taxonomy-v1,True,True
um,DOLOUSDT,DOLO,PERPETUAL_VERIFIED,historical fundingRate archive presence,Binance Vision fundingRate census,r1.6-taxonomy-v1,True,True
um,DOODUSDT,DOOD,PERPETUAL_VERIFIED,historical fundingRate archive presence,Binance Vision fundingRate census,r1.6-taxonomy-v1,True,True
um,DOTBUSD,DOTBUSD,UNKNOWN,non-USDT quote,archive symbol spelling,r1.6-taxonomy-v1,False,False
um,DOTECOUSDT,DOTECO,PERPETUAL_VERIFIED,historical fundingRate archive presence,Binance Vision fundingRate census,r1.6-taxonomy-v1,True,True
um,DOTUSDT,DOT,PERPETUAL_VERIFIED,historical fundingRate archive presence,Binance Vision fundingRate census,r1.6-taxonomy-v1,True,True
um,DRAMUSDT,DRAM,PERPETUAL_VERIFIED,historical fundingRate archive presence,Binance Vision fundingRate census,r1.6-taxonomy-v1,True,True
um,DRIFTUSDT,DRIFT,PERPETUAL_VERIFIED,historical fundingRate archive presence,Binance Vision fundingRate census,r1.6-taxonomy-v1,True,True
um,DUSDT,D,PERPETUAL_VERIFIED,historical fundingRate archive presence,Binance Vision fundingRate census,r1.6-taxonomy-v1,True,True
um,DUSKUSDT,DUSK,PERPETUAL_VERIFIED,historical fundingRate archive presence,Binance Vision fundingRate census,r1.6-taxonomy-v1,True,True
um,DYDXUSDT,DYDX,PERPETUAL_VERIFIED,historical fundingRate archive presence,Binance Vision fundingRate census,r1.6-taxonomy-v1,True,True
um,DYMUSDT,DYM,PERPETUAL_VERIFIED,historical fundingRate archive presence,Binance Vision fundingRate census,r1.6-taxonomy-v1,True,True
um,EBAYUSDT,EBAY,PERPETUAL_VERIFIED,historical fundingRate archive presence,Binance Vision fundingRate census,r1.6-taxonomy-v1,True,True
um,EDENUSDT,EDEN,PERPETUAL_VERIFIED,historical fundingRate archive presence,Binance Vision fundingRate census,r1.6-taxonomy-v1,True,True
um,EDGEUSDT,EDGE,PERPETUAL_VERIFIED,historical fundingRate archive presence,Binance Vision fundingRate census,r1.6-taxonomy-v1,True,True
um,EDUUSDT,EDU,PERPETUAL_VERIFIED,historical fundingRate archive presence,Binance Vision fundingRate census,r1.6-taxonomy-v1,True,True
um,EGLDUSDT,EGLD,PERPETUAL_VERIFIED,historical fundingRate archive presence,Binance Vision fundingRate census,r1.6-taxonomy-v1,True,True
um,EIGENUSDT,EIGEN,PERPETUAL_VERIFIED,historical fundingRate archive presence,Binance Vision fundingRate census,r1.6-taxonomy-v1,True,True
um,ELSAUSDT,ELSA,PERPETUAL_VERIFIED,historical fundingRate archive presence,Binance Vision fundingRate census,r1.6-taxonomy-v1,True,True
um,ENAUSDC,ENAUSDC,UNKNOWN,non-USDT quote,archive symbol spelling,r1.6-taxonomy-v1,False,False
um,ENAUSDT,ENA,PERPETUAL_VERIFIED,historical fundingRate archive presence,Binance Vision fundingRate census,r1.6-taxonomy-v1,True,True
um,ENJUSDT,ENJ,PERPETUAL_VERIFIED,historical fundingRate archive presence,Binance Vision fundingRate census,r1.6-taxonomy-v1,True,True
um,ENSOUSDT,ENSO,PERPETUAL_VERIFIED,historical fundingRate archive presence,Binance Vision fundingRate census,r1.6-taxonomy-v1,True,True
um,ENSUSDT,ENS,PERPETUAL_VERIFIED,historical fundingRate archive presence,Binance Vision fundingRate census,r1.6-taxonomy-v1,True,True
um,EOSUSDT,EOS,PERPETUAL_VERIFIED,historical fundingRate archive presence,Binance Vision fundingRate census,r1.6-taxonomy-v1,True,True
um,EPICUSDT,EPIC,PERPETUAL_VERIFIED,historical fundingRate archive presence,Binance Vision fundingRate census,r1.6-taxonomy-v1,True,True
um,EPTUSDT,EPT,PERPETUAL_VERIFIED,historical fundingRate archive presence,Binance Vision fundingRate census,r1.6-taxonomy-v1,True,True
um,ERAUSDT,ERA,PERPETUAL_VERIFIED,historical fundingRate archive presence,Binance Vision fundingRate census,r1.6-taxonomy-v1,True,True
um,ESPORTSUSDT,ESPORTS,PERPETUAL_VERIFIED,historical fundingRate archive presence,Binance Vision fundingRate census,r1.6-taxonomy-v1,True,True
um,ESPUSDT,ESP,PERPETUAL_VERIFIED,historical fundingRate archive presence,Binance Vision fundingRate census,r1.6-taxonomy-v1,True,True
um,ETCBUSD,ETCBUSD,UNKNOWN,non-USDT quote,archive symbol spelling,r1.6-taxonomy-v1,False,False
um,ETCUSDT,ETC,PERPETUAL_VERIFIED,historical fundingRate archive presence,Binance Vision fundingRate census,r1.6-taxonomy-v1,True,True
um,ETHBTC,ETHBTC,UNKNOWN,non-USDT quote,archive symbol spelling,r1.6-taxonomy-v1,False,False
um,ETHBUSD,ETHBUSD,UNKNOWN,non-USDT quote,archive symbol spelling,r1.6-taxonomy-v1,False,False
um,ETHFIUSDC,ETHFIUSDC,UNKNOWN,non-USDT quote,archive symbol spelling,r1.6-taxonomy-v1,False,False
um,ETHFIUSDT,ETHFI,PERPETUAL_VERIFIED,historical fundingRate archive presence,Binance Vision fundingRate census,r1.6-taxonomy-v1,True,True
um,ETHU,ETHU,UNKNOWN,non-USDT quote,archive symbol spelling,r1.6-taxonomy-v1,False,False
um,ETHUSD1,ETHUSD1,UNKNOWN,non-USDT quote,archive symbol spelling,r1.6-taxonomy-v1,False,False
um,ETHUSDC,ETHUSDC,UNKNOWN,non-USDT quote,archive symbol spelling,r1.6-taxonomy-v1,False,False
um,ETHUSDT,ETH,PERPETUAL_VERIFIED,historical fundingRate archive presence,Binance Vision fundingRate census,r1.6-taxonomy-v1,True,True
um,ETHUSDT_210326,ETHUSDT_210326,DATED_DELIVERY,dated delivery suffix,archive symbol policy,r1.6-taxonomy-v1,False,True
um,ETHUSDT_210625,ETHUSDT_210625,DATED_DELIVERY,dated delivery suffix,archive symbol policy,r1.6-taxonomy-v1,False,True
um,ETHUSDT_210924,ETHUSDT_210924,DATED_DELIVERY,dated delivery suffix,archive symbol policy,r1.6-taxonomy-v1,False,True
um,ETHUSDT_211231,ETHUSDT_211231,DATED_DELIVERY,dated delivery suffix,archive symbol policy,r1.6-taxonomy-v1,False,True
um,ETHUSDT_220325,ETHUSDT_220325,DATED_DELIVERY,dated delivery suffix,archive symbol policy,r1.6-taxonomy-v1,False,True
um,ETHUSDT_220624,ETHUSDT_220624,DATED_DELIVERY,dated delivery suffix,archive symbol policy,r1.6-taxonomy-v1,False,True
um,ETHUSDT_220930,ETHUSDT_220930,DATED_DELIVERY,dated delivery suffix,archive symbol policy,r1.6-taxonomy-v1,False,True
um,ETHUSDT_221230,ETHUSDT_221230,DATED_DELIVERY,dated delivery suffix,archive symbol policy,r1.6-taxonomy-v1,False,True
um,ETHUSDT_230331,ETHUSDT_230331,DATED_DELIVERY,dated delivery suffix,archive symbol policy,r1.6-taxonomy-v1,False,True
um,ETHUSDT_230630,ETHUSDT_230630,DATED_DELIVERY,dated delivery suffix,archive symbol policy,r1.6-taxonomy-v1,False,True
um,ETHUSDT_230929,ETHUSDT_230929,DATED_DELIVERY,dated delivery suffix,archive symbol policy,r1.6-taxonomy-v1,False,True
um,ETHUSDT_231229,ETHUSDT_231229,DATED_DELIVERY,dated delivery suffix,archive symbol policy,r1.6-taxonomy-v1,False,True
um,ETHUSDT_240329,ETHUSDT_240329,DATED_DELIVERY,dated delivery suffix,archive symbol policy,r1.6-taxonomy-v1,False,True
um,ETHUSDT_240628,ETHUSDT_240628,DATED_DELIVERY,dated delivery suffix,archive symbol policy,r1.6-taxonomy-v1,False,True
um,ETHUSDT_240927,ETHUSDT_240927,DATED_DELIVERY,dated delivery suffix,archive symbol policy,r1.6-taxonomy-v1,False,True
um,ETHUSDT_241227,ETHUSDT_241227,DATED_DELIVERY,dated delivery suffix,archive symbol policy,r1.6-taxonomy-v1,False,True
um,ETHUSDT_250328,ETHUSDT_250328,DATED_DELIVERY,dated delivery suffix,archive symbol policy,r1.6-taxonomy-v1,False,True
um,ETHUSDT_250627,ETHUSDT_250627,DATED_DELIVERY,dated delivery suffix,archive symbol policy,r1.6-taxonomy-v1,False,True
um,ETHUSDT_250926,ETHUSDT_250926,DATED_DELIVERY,dated delivery suffix,archive symbol policy,r1.6-taxonomy-v1,False,True
um,ETHUSDT_251226,ETHUSDT_251226,DATED_DELIVERY,dated delivery suffix,archive symbol policy,r1.6-taxonomy-v1,False,True
um,ETHUSDT_260327,ETHUSDT_260327,DATED_DELIVERY,dated delivery suffix,archive symbol policy,r1.6-taxonomy-v1,False,True
um,ETHUSDT_260626,ETHUSDT_260626,DATED_DELIVERY,dated delivery suffix,archive symbol policy,r1.6-taxonomy-v1,False,True
um,ETHUSDT_260925,ETHUSDT_260925,DATED_DELIVERY,dated delivery suffix,archive symbol policy,r1.6-taxonomy-v1,False,True
um,ETHUSDT_261225,ETHUSDT_261225,DATED_DELIVERY,dated delivery suffix,archive symbol policy,r1.6-taxonomy-v1,False,True
um,ETHWUSDT,ETHW,PERPETUAL_VERIFIED,historical fundingRate archive presence,Binance Vision fundingRate census,r1.6-taxonomy-v1,True,True
um,EULUSDT,EUL,PERPETUAL_VERIFIED,historical fundingRate archive presence,Binance Vision fundingRate census,r1.6-taxonomy-v1,True,True
um,EVAAUSDT,EVAA,PERPETUAL_VERIFIED,historical fundingRate archive presence,Binance Vision fundingRate census,r1.6-taxonomy-v1,True,True
um,EWJUSDT,EWJ,PERPETUAL_VERIFIED,historical fundingRate archive presence,Binance Vision fundingRate census,r1.6-taxonomy-v1,True,True
um,EWTUSDT,EWT,PERPETUAL_VERIFIED,historical fundingRate archive presence,Binance Vision fundingRate census,r1.6-taxonomy-v1,True,True
um,EWYUSDT,EWY,PERPETUAL_VERIFIED,historical fundingRate archive presence,Binance Vision fundingRate census,r1.6-taxonomy-v1,True,True
um,EWZUSDT,EWZ,PERPETUAL_VERIFIED,historical fundingRate archive presence,Binance Vision fundingRate census,r1.6-taxonomy-v1,True,True
um,FARTCOINUSDT,FARTCOIN,PERPETUAL_VERIFIED,historical fundingRate archive presence,Binance Vision fundingRate census,r1.6-taxonomy-v1,True,True
um,FETUSDT,FET,PERPETUAL_VERIFIED,historical fundingRate archive presence,Binance Vision fundingRate census,r1.6-taxonomy-v1,True,True
um,FFUSDT,FF,PERPETUAL_VERIFIED,historical fundingRate archive presence,Binance Vision fundingRate census,r1.6-taxonomy-v1,True,True
um,FHEUSDT,FHE,PERPETUAL_VERIFIED,historical fundingRate archive presence,Binance Vision fundingRate census,r1.6-taxonomy-v1,True,True
um,FIDAUSDT,FIDA,PERPETUAL_VERIFIED,historical fundingRate archive presence,Binance Vision fundingRate census,r1.6-taxonomy-v1,True,True
um,FIGHTUSDT,FIGHT,PERPETUAL_VERIFIED,historical fundingRate archive presence,Binance Vision fundingRate census,r1.6-taxonomy-v1,True,True
um,FILBUSD,FILBUSD,UNKNOWN,non-USDT quote,archive symbol spelling,r1.6-taxonomy-v1,False,False
um,FILUSDC,FILUSDC,UNKNOWN,non-USDT quote,archive symbol spelling,r1.6-taxonomy-v1,False,False
um,FILUSDT,FIL,PERPETUAL_VERIFIED,historical fundingRate archive presence,Binance Vision fundingRate census,r1.6-taxonomy-v1,True,True
um,FIOUSDT,FIO,PERPETUAL_VERIFIED,historical fundingRate archive presence,Binance Vision fundingRate census,r1.6-taxonomy-v1,True,True
um,FISUSDT,FIS,PERPETUAL_VERIFIED,historical fundingRate archive presence,Binance Vision fundingRate census,r1.6-taxonomy-v1,True,True
um,FLEXUSDT,FLEX,PERPETUAL_VERIFIED,historical fundingRate archive presence,Binance Vision fundingRate census,r1.6-taxonomy-v1,True,True
um,FLMUSDT,FLM,PERPETUAL_VERIFIED,historical fundingRate archive presence,Binance Vision fundingRate census,r1.6-taxonomy-v1,True,True
um,FLNCUSDT,FLNC,PERPETUAL_VERIFIED,historical fundingRate archive presence,Binance Vision fundingRate census,r1.6-taxonomy-v1,True,True
um,FLOCKUSDT,FLOCK,PERPETUAL_VERIFIED,historical fundingRate archive presence,Binance Vision fundingRate census,r1.6-taxonomy-v1,True,True
um,FLOWUSDT,FLOW,PERPETUAL_VERIFIED,historical fundingRate archive presence,Binance Vision fundingRate census,r1.6-taxonomy-v1,True,True
um,FLUIDUSDT,FLUID,PERPETUAL_VERIFIED,historical fundingRate archive presence,Binance Vision fundingRate census,r1.6-taxonomy-v1,True,True
um,FLUXUSDT,FLUX,PERPETUAL_VERIFIED,historical fundingRate archive presence,Binance Vision fundingRate census,r1.6-taxonomy-v1,True,True
um,FOGOUSDT,FOGO,PERPETUAL_VERIFIED,historical fundingRate archive presence,Binance Vision fundingRate census,r1.6-taxonomy-v1,True,True
um,FOLKSUSDT,FOLKS,PERPETUAL_VERIFIED,historical fundingRate archive presence,Binance Vision fundingRate census,r1.6-taxonomy-v1,True,True
um,FOOTBALLUSDT,FOOTBALL,PERPETUAL_VERIFIED,historical fundingRate archive presence,Binance Vision fundingRate census,r1.6-taxonomy-v1,True,True
um,FORMUSDT,FORM,PERPETUAL_VERIFIED,historical fundingRate archive presence,Binance Vision fundingRate census,r1.6-taxonomy-v1,True,True
um,FORTHUSDT,FORTH,PERPETUAL_VERIFIED,historical fundingRate archive presence,Binance Vision fundingRate census,r1.6-taxonomy-v1,True,True
um,FRAXUSDT,FRAX,STABLECOIN,base asset in frozen stablecoin list,r1.6 taxonomy v1,r1.6-taxonomy-v1,False,True
um,FRONTUSDT,FRONT,PERPETUAL_VERIFIED,historical fundingRate archive presence,Binance Vision fundingRate census,r1.6-taxonomy-v1,True,True
um,FTMBUSD,FTMBUSD,UNKNOWN,non-USDT quote,archive symbol spelling,r1.6-taxonomy-v1,False,False
um,FTMUSDT,FTM,PERPETUAL_VERIFIED,historical fundingRate archive presence,Binance Vision fundingRate census,r1.6-taxonomy-v1,True,True
um,FTTBUSD,FTTBUSD,UNKNOWN,non-USDT quote,archive symbol spelling,r1.6-taxonomy-v1,False,False
um,FTTUSDT,FTT,PERPETUAL_VERIFIED,historical fundingRate archive presence,Binance Vision fundingRate census,r1.6-taxonomy-v1,True,True
um,FUNUSDT,FUN,PERPETUAL_VERIFIED,historical fundingRate archive presence,Binance Vision fundingRate census,r1.6-taxonomy-v1,True,True
um,FUSDT,F,PERPETUAL_VERIFIED,historical fundingRate archive presence,Binance Vision fundingRate census,r1.6-taxonomy-v1,True,True
um,FWDIUSDT,FWDI,PERPETUAL_VERIFIED,historical fundingRate archive presence,Binance Vision fundingRate census,r1.6-taxonomy-v1,True,True
um,FXSUSDT,FXS,PERPETUAL_VERIFIED,historical fundingRate archive presence,Binance Vision fundingRate census,r1.6-taxonomy-v1,True,True
um,GALABUSD,GALABUSD,UNKNOWN,non-USDT quote,archive symbol spelling,r1.6-taxonomy-v1,False,False
um,GALAUSDT,GALA,PERPETUAL_VERIFIED,historical fundingRate archive presence,Binance Vision fundingRate census,r1.6-taxonomy-v1,True,True
um,GALBUSD,GALBUSD,UNKNOWN,non-USDT quote,archive symbol spelling,r1.6-taxonomy-v1,False,False
um,GALUSDT,GAL,PERPETUAL_VERIFIED,historical fundingRate archive presence,Binance Vision fundingRate census,r1.6-taxonomy-v1,True,True
um,GASUSDT,GAS,PERPETUAL_VERIFIED,historical fundingRate archive presence,Binance Vision fundingRate census,r1.6-taxonomy-v1,True,True
um,GENIUSUSDT,GENIUS,PERPETUAL_VERIFIED,historical fundingRate archive presence,Binance Vision fundingRate census,r1.6-taxonomy-v1,True,True
um,GEVUSDT,GEV,PERPETUAL_VERIFIED,historical fundingRate archive presence,Binance Vision fundingRate census,r1.6-taxonomy-v1,True,True
um,GHSTUSDT,GHST,PERPETUAL_VERIFIED,historical fundingRate archive presence,Binance Vision fundingRate census,r1.6-taxonomy-v1,True,True
um,GIGGLEUSDT,GIGGLE,PERPETUAL_VERIFIED,historical fundingRate archive presence,Binance Vision fundingRate census,r1.6-taxonomy-v1,True,True
um,GLMRUSDT,GLMR,PERPETUAL_VERIFIED,historical fundingRate archive presence,Binance Vision fundingRate census,r1.6-taxonomy-v1,True,True
um,GLMUSDT,GLM,PERPETUAL_VERIFIED,historical fundingRate archive presence,Binance Vision fundingRate census,r1.6-taxonomy-v1,True,True
um,GLWUSDT,GLW,PERPETUAL_VERIFIED,historical fundingRate archive presence,Binance Vision fundingRate census,r1.6-taxonomy-v1,True,True
um,GMEUSDT,GME,PERPETUAL_VERIFIED,historical fundingRate archive presence,Binance Vision fundingRate census,r1.6-taxonomy-v1,True,True
um,GMTBUSD,GMTBUSD,UNKNOWN,non-USDT quote,archive symbol spelling,r1.6-taxonomy-v1,False,False
um,GMTUSDT,GMT,PERPETUAL_VERIFIED,historical fundingRate archive presence,Binance Vision fundingRate census,r1.6-taxonomy-v1,True,True
um,GMXUSDT,GMX,PERPETUAL_VERIFIED,historical fundingRate archive presence,Binance Vision fundingRate census,r1.6-taxonomy-v1,True,True
um,GOATUSDT,GOAT,PERPETUAL_VERIFIED,historical fundingRate archive presence,Binance Vision fundingRate census,r1.6-taxonomy-v1,True,True
um,GOOGLUSDT,GOOGL,PERPETUAL_VERIFIED,historical fundingRate archive presence,Binance Vision fundingRate census,r1.6-taxonomy-v1,True,True
um,GPSUSDT,GPS,PERPETUAL_VERIFIED,historical fundingRate archive presence,Binance Vision fundingRate census,r1.6-taxonomy-v1,True,True
um,GRAMUSDT,GRAM,PERPETUAL_VERIFIED,historical fundingRate archive presence,Binance Vision fundingRate census,r1.6-taxonomy-v1,True,True
um,GRASSUSDT,GRASS,PERPETUAL_VERIFIED,historical fundingRate archive presence,Binance Vision fundingRate census,r1.6-taxonomy-v1,True,True
um,GRIFFAINUSDT,GRIFFAIN,PERPETUAL_VERIFIED,historical fundingRate archive presence,Binance Vision fundingRate census,r1.6-taxonomy-v1,True,True
um,GRTUSDT,GRT,PERPETUAL_VERIFIED,historical fundingRate archive presence,Binance Vision fundingRate census,r1.6-taxonomy-v1,True,True
um,GRVTUSDT,GRVT,PERPETUAL_VERIFIED,historical fundingRate archive presence,Binance Vision fundingRate census,r1.6-taxonomy-v1,True,True
um,GSUSDT,GS,PERPETUAL_VERIFIED,historical fundingRate archive presence,Binance Vision fundingRate census,r1.6-taxonomy-v1,True,True
um,GTCUSDT,GTC,PERPETUAL_VERIFIED,historical fundingRate archive presence,Binance Vision fundingRate census,r1.6-taxonomy-v1,True,True
um,GUAUSDT,GUA,PERPETUAL_VERIFIED,historical fundingRate archive presence,Binance Vision fundingRate census,r1.6-taxonomy-v1,True,True
um,GUNUSDT,GUN,PERPETUAL_VERIFIED,historical fundingRate archive presence,Binance Vision fundingRate census,r1.6-taxonomy-v1,True,True
um,GUSDT,G,PERPETUAL_VERIFIED,historical fundingRate archive presence,Binance Vision fundingRate census,r1.6-taxonomy-v1,True,True
um,GWEIUSDT,GWEI,PERPETUAL_VERIFIED,historical fundingRate archive presence,Binance Vision fundingRate census,r1.6-taxonomy-v1,True,True
um,HAEDALUSDT,HAEDAL,PERPETUAL_VERIFIED,historical fundingRate archive presence,Binance Vision fundingRate census,r1.6-taxonomy-v1,True,True
um,HANAUSDT,HANA,PERPETUAL_VERIFIED,historical fundingRate archive presence,Binance Vision fundingRate census,r1.6-taxonomy-v1,True,True
um,HBARUSDC,HBARUSDC,UNKNOWN,non-USDT quote,archive symbol spelling,r1.6-taxonomy-v1,False,False
um,HBARUSDT,HBAR,PERPETUAL_VERIFIED,historical fundingRate archive presence,Binance Vision fundingRate census,r1.6-taxonomy-v1,True,True
um,HDUSDT,HD,PERPETUAL_VERIFIED,historical fundingRate archive presence,Binance Vision fundingRate census,r1.6-taxonomy-v1,True,True
um,HEIUSDT,HEI,PERPETUAL_VERIFIED,historical fundingRate archive presence,Binance Vision fundingRate census,r1.6-taxonomy-v1,True,True
um,HEMIUSDT,HEMI,PERPETUAL_VERIFIED,historical fundingRate archive presence,Binance Vision fundingRate census,r1.6-taxonomy-v1,True,True
um,HFTUSDT,HFT,PERPETUAL_VERIFIED,historical fundingRate archive presence,Binance Vision fundingRate census,r1.6-taxonomy-v1,True,True
um,HIFIUSDT,HIFI,PERPETUAL_VERIFIED,historical fundingRate archive presence,Binance Vision fundingRate census,r1.6-taxonomy-v1,True,True
um,HIGHUSDT,HIGH,PERPETUAL_VERIFIED,historical fundingRate archive presence,Binance Vision fundingRate census,r1.6-taxonomy-v1,True,True
um,HIMSUSDT,HIMS,PERPETUAL_VERIFIED,historical fundingRate archive presence,Binance Vision fundingRate census,r1.6-taxonomy-v1,True,True
um,HIPPOUSDT,HIPPO,PERPETUAL_VERIFIED,historical fundingRate archive presence,Binance Vision fundingRate census,r1.6-taxonomy-v1,True,True
um,HIVEUSDT,HIVE,PERPETUAL_VERIFIED,historical fundingRate archive presence,Binance Vision fundingRate census,r1.6-taxonomy-v1,True,True
um,HK0700USDT,HK0700,PERPETUAL_VERIFIED,historical fundingRate archive presence,Binance Vision fundingRate census,r1.6-taxonomy-v1,True,True
um,HK1810USDT,HK1810,PERPETUAL_VERIFIED,historical fundingRate archive presence,Binance Vision fundingRate census,r1.6-taxonomy-v1,True,True
um,HMSTRUSDT,HMSTR,PERPETUAL_VERIFIED,historical fundingRate archive presence,Binance Vision fundingRate census,r1.6-taxonomy-v1,True,True
um,HNTUSDT,HNT,PERPETUAL_VERIFIED,historical fundingRate archive presence,Binance Vision fundingRate census,r1.6-taxonomy-v1,True,True
um,HOLOUSDT,HOLO,PERPETUAL_VERIFIED,historical fundingRate archive presence,Binance Vision fundingRate census,r1.6-taxonomy-v1,True,True
um,HOMEUSDT,HOME,PERPETUAL_VERIFIED,historical fundingRate archive presence,Binance Vision fundingRate census,r1.6-taxonomy-v1,True,True
um,HOODUSDT,HOOD,PERPETUAL_VERIFIED,historical fundingRate archive presence,Binance Vision fundingRate census,r1.6-taxonomy-v1,True,True
um,HOOKUSDT,HOOK,PERPETUAL_VERIFIED,historical fundingRate archive presence,Binance Vision fundingRate census,r1.6-taxonomy-v1,True,True
um,HOTUSDT,HOT,PERPETUAL_VERIFIED,historical fundingRate archive presence,Binance Vision fundingRate census,r1.6-taxonomy-v1,True,True
um,HPEUSDT,HPE,PERPETUAL_VERIFIED,historical fundingRate archive presence,Binance Vision fundingRate census,r1.6-taxonomy-v1,True,True
um,HUMAUSDT,HUMA,PERPETUAL_VERIFIED,historical fundingRate archive presence,Binance Vision fundingRate census,r1.6-taxonomy-v1,True,True
um,HUSDT,H,PERPETUAL_VERIFIED,historical fundingRate archive presence,Binance Vision fundingRate census,r1.6-taxonomy-v1,True,True
um,HYPERUSDT,HYPER,PERPETUAL_VERIFIED,historical fundingRate archive presence,Binance Vision fundingRate census,r1.6-taxonomy-v1,True,True
um,HYPEUSDT,HYPE,PERPETUAL_VERIFIED,historical fundingRate archive presence,Binance Vision fundingRate census,r1.6-taxonomy-v1,True,True
um,HYUNDAIUSDT,HYUNDAI,PERPETUAL_VERIFIED,historical fundingRate archive presence,Binance Vision fundingRate census,r1.6-taxonomy-v1,True,True
um,IBMUSDT,IBM,PERPETUAL_VERIFIED,historical fundingRate archive presence,Binance Vision fundingRate census,r1.6-taxonomy-v1,True,True
um,ICNTUSDT,ICNT,PERPETUAL_VERIFIED,historical fundingRate archive presence,Binance Vision fundingRate census,r1.6-taxonomy-v1,True,True
um,ICPBUSD,ICPBUSD,UNKNOWN,non-USDT quote,archive symbol spelling,r1.6-taxonomy-v1,False,False
um,ICPUSDT,ICP,PERPETUAL_VERIFIED,historical fundingRate archive presence,Binance Vision fundingRate census,r1.6-taxonomy-v1,True,True
um,ICPUSDT_SETTLED,ICPUSDT_SETTLED,UNKNOWN,non-USDT quote,archive symbol spelling,r1.6-taxonomy-v1,False,False
um,ICXUSDT,ICX,PERPETUAL_VERIFIED,historical fundingRate archive presence,Binance Vision fundingRate census,r1.6-taxonomy-v1,True,True
um,IDEXUSDT,IDEX,PERPETUAL_VERIFIED,historical fundingRate archive presence,Binance Vision fundingRate census,r1.6-taxonomy-v1,True,True
um,IDOLUSDT,IDOL,PERPETUAL_VERIFIED,historical fundingRate archive presence,Binance Vision fundingRate census,r1.6-taxonomy-v1,True,True
um,IDUSDT,ID,PERPETUAL_VERIFIED,historical fundingRate archive presence,Binance Vision fundingRate census,r1.6-taxonomy-v1,True,True
um,ILVUSDT,ILV,PERPETUAL_VERIFIED,historical fundingRate archive presence,Binance Vision fundingRate census,r1.6-taxonomy-v1,True,True
um,IMXUSDT,IMX,PERPETUAL_VERIFIED,historical fundingRate archive presence,Binance Vision fundingRate census,r1.6-taxonomy-v1,True,True
um,INITUSDT,INIT,PERPETUAL_VERIFIED,historical fundingRate archive presence,Binance Vision fundingRate census,r1.6-taxonomy-v1,True,True
um,INJUSDT,INJ,PERPETUAL_VERIFIED,historical fundingRate archive presence,Binance Vision fundingRate census,r1.6-taxonomy-v1,True,True
um,INTCUSDT,INTC,PERPETUAL_VERIFIED,historical fundingRate archive presence,Binance Vision fundingRate census,r1.6-taxonomy-v1,True,True
um,INTWUSDT,INTW,PERPETUAL_VERIFIED,historical fundingRate archive presence,Binance Vision fundingRate census,r1.6-taxonomy-v1,True,True
um,INUSDT,IN,PERPETUAL_VERIFIED,historical fundingRate archive presence,Binance Vision fundingRate census,r1.6-taxonomy-v1,True,True
um,INXUSDT,INX,PERPETUAL_VERIFIED,historical fundingRate archive presence,Binance Vision fundingRate census,r1.6-taxonomy-v1,True,True
um,IOSTUSDT,IOST,PERPETUAL_VERIFIED,historical fundingRate archive presence,Binance Vision fundingRate census,r1.6-taxonomy-v1,True,True
um,IOTAUSDT,IOTA,PERPETUAL_VERIFIED,historical fundingRate archive presence,Binance Vision fundingRate census,r1.6-taxonomy-v1,True,True
um,IOTXUSDT,IOTX,PERPETUAL_VERIFIED,historical fundingRate archive presence,Binance Vision fundingRate census,r1.6-taxonomy-v1,True,True
um,IOUSDT,IO,PERPETUAL_VERIFIED,historical fundingRate archive presence,Binance Vision fundingRate census,r1.6-taxonomy-v1,True,True
um,IPUSDC,IPUSDC,UNKNOWN,non-USDT quote,archive symbol spelling,r1.6-taxonomy-v1,False,False
um,IPUSDT,IP,PERPETUAL_VERIFIED,historical fundingRate archive presence,Binance Vision fundingRate census,r1.6-taxonomy-v1,True,True
um,IRENUSDT,IREN,PERPETUAL_VERIFIED,historical fundingRate archive presence,Binance Vision fundingRate census,r1.6-taxonomy-v1,True,True
um,IRUSDT,IR,PERPETUAL_VERIFIED,historical fundingRate archive presence,Binance Vision fundingRate census,r1.6-taxonomy-v1,True,True
um,IRYSUSDT,IRYS,PERPETUAL_VERIFIED,historical fundingRate archive presence,Binance Vision fundingRate census,r1.6-taxonomy-v1,True,True
um,IWMUSDT,IWM,PERPETUAL_VERIFIED,historical fundingRate archive presence,Binance Vision fundingRate census,r1.6-taxonomy-v1,True,True
um,JASMYUSDT,JASMY,PERPETUAL_VERIFIED,historical fundingRate archive presence,Binance Vision fundingRate census,r1.6-taxonomy-v1,True,True
um,JCTUSDT,JCT,PERPETUAL_VERIFIED,historical fundingRate archive presence,Binance Vision fundingRate census,r1.6-taxonomy-v1,True,True
um,JELLYJELLYUSDT,JELLYJELLY,PERPETUAL_VERIFIED,historical fundingRate archive presence,Binance Vision fundingRate census,r1.6-taxonomy-v1,True,True
um,JOEUSDT,JOE,PERPETUAL_VERIFIED,historical fundingRate archive presence,Binance Vision fundingRate census,r1.6-taxonomy-v1,True,True
um,JPMUSDT,JPM,PERPETUAL_VERIFIED,historical fundingRate archive presence,Binance Vision fundingRate census,r1.6-taxonomy-v1,True,True
um,JSTUSDT,JST,PERPETUAL_VERIFIED,historical fundingRate archive presence,Binance Vision fundingRate census,r1.6-taxonomy-v1,True,True
um,JTOUSDT,JTO,PERPETUAL_VERIFIED,historical fundingRate archive presence,Binance Vision fundingRate census,r1.6-taxonomy-v1,True,True
um,JUPUSDT,JUP,LEVERAGED_OR_SYNTHETIC,leveraged-token suffix,archive symbol policy,r1.6-taxonomy-v1,False,True
um,KAIAUSDT,KAIA,PERPETUAL_VERIFIED,historical fundingRate archive presence,Binance Vision fundingRate census,r1.6-taxonomy-v1,True,True
um,KAITOUSDC,KAITOUSDC,UNKNOWN,non-USDT quote,archive symbol spelling,r1.6-taxonomy-v1,False,False
um,KAITOUSDT,KAITO,PERPETUAL_VERIFIED,historical fundingRate archive presence,Binance Vision fundingRate census,r1.6-taxonomy-v1,True,True
um,KASUSDT,KAS,PERPETUAL_VERIFIED,historical fundingRate archive presence,Binance Vision fundingRate census,r1.6-taxonomy-v1,True,True
um,KATUSDT,KAT,PERPETUAL_VERIFIED,historical fundingRate archive presence,Binance Vision fundingRate census,r1.6-taxonomy-v1,True,True
um,KAVAUSDT,KAVA,PERPETUAL_VERIFIED,historical fundingRate archive presence,Binance Vision fundingRate census,r1.6-taxonomy-v1,True,True
um,KDAUSDT,KDA,PERPETUAL_VERIFIED,historical fundingRate archive presence,Binance Vision fundingRate census,r1.6-taxonomy-v1,True,True
um,KEEPUSDT,KEEP,PERPETUAL_VERIFIED,historical fundingRate archive presence,Binance Vision fundingRate census,r1.6-taxonomy-v1,True,True
um,KERNELUSDT,KERNEL,PERPETUAL_VERIFIED,historical fundingRate archive presence,Binance Vision fundingRate census,r1.6-taxonomy-v1,True,True
um,KEYUSDT,KEY,PERPETUAL_VERIFIED,historical fundingRate archive presence,Binance Vision fundingRate census,r1.6-taxonomy-v1,True,True
um,KGENUSDT,KGEN,PERPETUAL_VERIFIED,historical fundingRate archive presence,Binance Vision fundingRate census,r1.6-taxonomy-v1,True,True
um,KITEUSDT,KITE,PERPETUAL_VERIFIED,historical fundingRate archive presence,Binance Vision fundingRate census,r1.6-taxonomy-v1,True,True
um,KLACUSDT,KLAC,PERPETUAL_VERIFIED,historical fundingRate archive presence,Binance Vision fundingRate census,r1.6-taxonomy-v1,True,True
um,KLAYUSDT,KLAY,PERPETUAL_VERIFIED,historical fundingRate archive presence,Binance Vision fundingRate census,r1.6-taxonomy-v1,True,True
um,KMNOUSDT,KMNO,PERPETUAL_VERIFIED,historical fundingRate archive presence,Binance Vision fundingRate census,r1.6-taxonomy-v1,True,True
um,KNCUSDT,KNC,PERPETUAL_VERIFIED,historical fundingRate archive presence,Binance Vision fundingRate census,r1.6-taxonomy-v1,True,True
um,KOMAUSDT,KOMA,PERPETUAL_VERIFIED,historical fundingRate archive presence,Binance Vision fundingRate census,r1.6-taxonomy-v1,True,True
um,KORUUSDT,KORU,PERPETUAL_VERIFIED,historical fundingRate archive presence,Binance Vision fundingRate census,r1.6-taxonomy-v1,True,True
um,KSMUSDT,KSM,PERPETUAL_VERIFIED,historical fundingRate archive presence,Binance Vision fundingRate census,r1.6-taxonomy-v1,True,True
um,KSTRUSDT,KSTR,PERPETUAL_VERIFIED,historical fundingRate archive presence,Binance Vision fundingRate census,r1.6-taxonomy-v1,True,True
um,LABUSDT,LAB,PERPETUAL_VERIFIED,historical fundingRate archive presence,Binance Vision fundingRate census,r1.6-taxonomy-v1,True,True
um,LAUSDT,LA,PERPETUAL_VERIFIED,historical fundingRate archive presence,Binance Vision fundingRate census,r1.6-taxonomy-v1,True,True
um,LAYERUSDT,LAYER,PERPETUAL_VERIFIED,historical fundingRate archive presence,Binance Vision fundingRate census,r1.6-taxonomy-v1,True,True
um,LDOBUSD,LDOBUSD,UNKNOWN,non-USDT quote,archive symbol spelling,r1.6-taxonomy-v1,False,False
um,LDOUSDT,LDO,PERPETUAL_VERIFIED,historical fundingRate archive presence,Binance Vision fundingRate census,r1.6-taxonomy-v1,True,True
um,LENDUSDT,LEND,PERPETUAL_VERIFIED,historical fundingRate archive presence,Binance Vision fundingRate census,r1.6-taxonomy-v1,True,True
um,LEVERBUSD,LEVERBUSD,UNKNOWN,non-USDT quote,archive symbol spelling,r1.6-taxonomy-v1,False,False
um,LEVERUSDT,LEVER,PERPETUAL_VERIFIED,historical fundingRate archive presence,Binance Vision fundingRate census,r1.6-taxonomy-v1,True,True
um,LIGHTUSDT,LIGHT,PERPETUAL_VERIFIED,historical fundingRate archive presence,Binance Vision fundingRate census,r1.6-taxonomy-v1,True,True
um,LINAUSDT,LINA,PERPETUAL_VERIFIED,historical fundingRate archive presence,Binance Vision fundingRate census,r1.6-taxonomy-v1,True,True
um,LINEAUSDT,LINEA,PERPETUAL_VERIFIED,historical fundingRate archive presence,Binance Vision fundingRate census,r1.6-taxonomy-v1,True,True
um,LINKBUSD,LINKBUSD,UNKNOWN,non-USDT quote,archive symbol spelling,r1.6-taxonomy-v1,False,False
um,LINKUSDC,LINKUSDC,UNKNOWN,non-USDT quote,archive symbol spelling,r1.6-taxonomy-v1,False,False
um,LINKUSDT,LINK,PERPETUAL_VERIFIED,historical fundingRate archive presence,Binance Vision fundingRate census,r1.6-taxonomy-v1,True,True
um,LISTAUSDT,LISTA,PERPETUAL_VERIFIED,historical fundingRate archive presence,Binance Vision fundingRate census,r1.6-taxonomy-v1,True,True
um,LITEUSDT,LITE,PERPETUAL_VERIFIED,historical fundingRate archive presence,Binance Vision fundingRate census,r1.6-taxonomy-v1,True,True
um,LITUSDT,LIT,PERPETUAL_VERIFIED,historical fundingRate archive presence,Binance Vision fundingRate census,r1.6-taxonomy-v1,True,True
um,LITUSDTSETTLED,LITUSDTSETTLED,UNKNOWN,non-USDT quote,archive symbol spelling,r1.6-taxonomy-v1,False,False
um,LLYUSDT,LLY,PERPETUAL_VERIFIED,historical fundingRate archive presence,Binance Vision fundingRate census,r1.6-taxonomy-v1,True,True
um,LOKAUSDT,LOKA,PERPETUAL_VERIFIED,historical fundingRate archive presence,Binance Vision fundingRate census,r1.6-taxonomy-v1,True,True
um,LOOMUSDT,LOOM,PERPETUAL_VERIFIED,historical fundingRate archive presence,Binance Vision fundingRate census,r1.6-taxonomy-v1,True,True
um,LPTUSDT,LPT,PERPETUAL_VERIFIED,historical fundingRate archive presence,Binance Vision fundingRate census,r1.6-taxonomy-v1,True,True
um,LQTYUSDT,LQTY,PERPETUAL_VERIFIED,historical fundingRate archive presence,Binance Vision fundingRate census,r1.6-taxonomy-v1,True,True
um,LRCUSDT,LRC,PERPETUAL_VERIFIED,historical fundingRate archive presence,Binance Vision fundingRate census,r1.6-taxonomy-v1,True,True
um,LRCXUSDT,LRCX,PERPETUAL_VERIFIED,historical fundingRate archive presence,Binance Vision fundingRate census,r1.6-taxonomy-v1,True,True
um,LSKUSDT,LSK,PERPETUAL_VERIFIED,historical fundingRate archive presence,Binance Vision fundingRate census,r1.6-taxonomy-v1,True,True
um,LTCBUSD,LTCBUSD,UNKNOWN,non-USDT quote,archive symbol spelling,r1.6-taxonomy-v1,False,False
um,LTCUSDC,LTCUSDC,UNKNOWN,non-USDT quote,archive symbol spelling,r1.6-taxonomy-v1,False,False
um,LTCUSDT,LTC,PERPETUAL_VERIFIED,historical fundingRate archive presence,Binance Vision fundingRate census,r1.6-taxonomy-v1,True,True
um,LUMIAUSDT,LUMIA,PERPETUAL_VERIFIED,historical fundingRate archive presence,Binance Vision fundingRate census,r1.6-taxonomy-v1,True,True
um,LUNA2BUSD,LUNA2BUSD,UNKNOWN,non-USDT quote,archive symbol spelling,r1.6-taxonomy-v1,False,False
um,LUNA2USDT,LUNA2,PERPETUAL_VERIFIED,historical fundingRate archive presence,Binance Vision fundingRate census,r1.6-taxonomy-v1,True,True
um,LUNABUSD,LUNABUSD,UNKNOWN,non-USDT quote,archive symbol spelling,r1.6-taxonomy-v1,False,False
um,LUNAUSDT,LUNA,PERPETUAL_VERIFIED,historical fundingRate archive presence,Binance Vision fundingRate census,r1.6-taxonomy-v1,True,True
um,LYNUSDT,LYN,PERPETUAL_VERIFIED,historical fundingRate archive presence,Binance Vision fundingRate census,r1.6-taxonomy-v1,True,True
um,MAGICUSDT,MAGIC,PERPETUAL_VERIFIED,historical fundingRate archive presence,Binance Vision fundingRate census,r1.6-taxonomy-v1,True,True
um,MAGMAUSDT,MAGMA,PERPETUAL_VERIFIED,historical fundingRate archive presence,Binance Vision fundingRate census,r1.6-taxonomy-v1,True,True
um,MANAUSDT,MANA,PERPETUAL_VERIFIED,historical fundingRate archive presence,Binance Vision fundingRate census,r1.6-taxonomy-v1,True,True
um,MANTAUSDT,MANTA,PERPETUAL_VERIFIED,historical fundingRate archive presence,Binance Vision fundingRate census,r1.6-taxonomy-v1,True,True
um,MANTRAUSDT,MANTRA,PERPETUAL_VERIFIED,historical fundingRate archive presence,Binance Vision fundingRate census,r1.6-taxonomy-v1,True,True
um,MASKUSDT,MASK,PERPETUAL_VERIFIED,historical fundingRate archive presence,Binance Vision fundingRate census,r1.6-taxonomy-v1,True,True
um,MATICBUSD,MATICBUSD,UNKNOWN,non-USDT quote,archive symbol spelling,r1.6-taxonomy-v1,False,False
um,MATICUSDC,MATICUSDC,UNKNOWN,non-USDT quote,archive symbol spelling,r1.6-taxonomy-v1,False,False
um,MATICUSDT,MATIC,PERPETUAL_VERIFIED,historical fundingRate archive presence,Binance Vision fundingRate census,r1.6-taxonomy-v1,True,True
um,MAVIAUSDT,MAVIA,PERPETUAL_VERIFIED,historical fundingRate archive presence,Binance Vision fundingRate census,r1.6-taxonomy-v1,True,True
um,MAVIAUSDTSETTLED,MAVIAUSDTSETTLED,UNKNOWN,non-USDT quote,archive symbol spelling,r1.6-taxonomy-v1,False,False
um,MAVUSDT,MAV,PERPETUAL_VERIFIED,historical fundingRate archive presence,Binance Vision fundingRate census,r1.6-taxonomy-v1,True,True
um,MBLUSDT,MBL,PERPETUAL_VERIFIED,historical fundingRate archive presence,Binance Vision fundingRate census,r1.6-taxonomy-v1,True,True
um,MBOXUSDT,MBOX,PERPETUAL_VERIFIED,historical fundingRate archive presence,Binance Vision fundingRate census,r1.6-taxonomy-v1,True,True
um,MDTUSDT,MDT,PERPETUAL_VERIFIED,historical fundingRate archive presence,Binance Vision fundingRate census,r1.6-taxonomy-v1,True,True
um,MEGAUSDT,MEGA,PERPETUAL_VERIFIED,historical fundingRate archive presence,Binance Vision fundingRate census,r1.6-taxonomy-v1,True,True
um,MELANIAUSDT,MELANIA,PERPETUAL_VERIFIED,historical fundingRate archive presence,Binance Vision fundingRate census,r1.6-taxonomy-v1,True,True
um,MEMEFIUSDT,MEMEFI,PERPETUAL_VERIFIED,historical fundingRate archive presence,Binance Vision fundingRate census,r1.6-taxonomy-v1,True,True
um,MEMEUSDT,MEME,PERPETUAL_VERIFIED,historical fundingRate archive presence,Binance Vision fundingRate census,r1.6-taxonomy-v1,True,True
um,MERLUSDT,MERL,PERPETUAL_VERIFIED,historical fundingRate archive presence,Binance Vision fundingRate census,r1.6-taxonomy-v1,True,True
um,METAUSDT,META,PERPETUAL_VERIFIED,historical fundingRate archive presence,Binance Vision fundingRate census,r1.6-taxonomy-v1,True,True
um,METISUSDT,METIS,PERPETUAL_VERIFIED,historical fundingRate archive presence,Binance Vision fundingRate census,r1.6-taxonomy-v1,True,True
um,METUSDT,MET,PERPETUAL_VERIFIED,historical fundingRate archive presence,Binance Vision fundingRate census,r1.6-taxonomy-v1,True,True
um,MEUSDT,ME,PERPETUAL_VERIFIED,historical fundingRate archive presence,Binance Vision fundingRate census,r1.6-taxonomy-v1,True,True
um,MEWUSDT,MEW,PERPETUAL_VERIFIED,historical fundingRate archive presence,Binance Vision fundingRate census,r1.6-taxonomy-v1,True,True
um,MILKUSDT,MILK,PERPETUAL_VERIFIED,historical fundingRate archive presence,Binance Vision fundingRate census,r1.6-taxonomy-v1,True,True
um,MINAUSDT,MINA,PERPETUAL_VERIFIED,historical fundingRate archive presence,Binance Vision fundingRate census,r1.6-taxonomy-v1,True,True
um,MINAUSDTSETTLED,MINAUSDTSETTLED,UNKNOWN,non-USDT quote,archive symbol spelling,r1.6-taxonomy-v1,False,False
um,MINIMAXUSDT,MINIMAX,PERPETUAL_VERIFIED,historical fundingRate archive presence,Binance Vision fundingRate census,r1.6-taxonomy-v1,True,True
um,MIRAUSDT,MIRA,PERPETUAL_VERIFIED,historical fundingRate archive presence,Binance Vision fundingRate census,r1.6-taxonomy-v1,True,True
um,MITOUSDT,MITO,PERPETUAL_VERIFIED,historical fundingRate archive presence,Binance Vision fundingRate census,r1.6-taxonomy-v1,True,True
um,MKRUSDT,MKR,PERPETUAL_VERIFIED,historical fundingRate archive presence,Binance Vision fundingRate census,r1.6-taxonomy-v1,True,True
um,MLNUSDT,MLN,PERPETUAL_VERIFIED,historical fundingRate archive presence,Binance Vision fundingRate census,r1.6-taxonomy-v1,True,True
um,MMTUSDT,MMT,PERPETUAL_VERIFIED,historical fundingRate archive presence,Binance Vision fundingRate census,r1.6-taxonomy-v1,True,True
um,MOCAUSDT,MOCA,PERPETUAL_VERIFIED,historical fundingRate archive presence,Binance Vision fundingRate census,r1.6-taxonomy-v1,True,True
um,MONUSDT,MON,PERPETUAL_VERIFIED,historical fundingRate archive presence,Binance Vision fundingRate census,r1.6-taxonomy-v1,True,True
um,MOODENGUSDT,MOODENG,PERPETUAL_VERIFIED,historical fundingRate archive presence,Binance Vision fundingRate census,r1.6-taxonomy-v1,True,True
um,MORPHOUSDT,MORPHO,PERPETUAL_VERIFIED,historical fundingRate archive presence,Binance Vision fundingRate census,r1.6-taxonomy-v1,True,True
um,MOVEUSDT,MOVE,PERPETUAL_VERIFIED,historical fundingRate archive presence,Binance Vision fundingRate census,r1.6-taxonomy-v1,True,True
um,MOVRUSDT,MOVR,PERPETUAL_VERIFIED,historical fundingRate archive presence,Binance Vision fundingRate census,r1.6-taxonomy-v1,True,True
um,MRVLUSDT,MRVL,PERPETUAL_VERIFIED,historical fundingRate archive presence,Binance Vision fundingRate census,r1.6-taxonomy-v1,True,True
um,MSFTUSDT,MSFT,PERPETUAL_VERIFIED,historical fundingRate archive presence,Binance Vision fundingRate census,r1.6-taxonomy-v1,True,True
um,MSTRUSDT,MSTR,PERPETUAL_VERIFIED,historical fundingRate archive presence,Binance Vision fundingRate census,r1.6-taxonomy-v1,True,True
um,MTLUSDT,MTL,PERPETUAL_VERIFIED,historical fundingRate archive presence,Binance Vision fundingRate census,r1.6-taxonomy-v1,True,True
um,MUBARAKUSDT,MUBARAK,PERPETUAL_VERIFIED,historical fundingRate archive presence,Binance Vision fundingRate census,r1.6-taxonomy-v1,True,True
um,MUSDT,M,PERPETUAL_VERIFIED,historical fundingRate archive presence,Binance Vision fundingRate census,r1.6-taxonomy-v1,True,True
um,MUUSDT,MU,PERPETUAL_VERIFIED,historical fundingRate archive presence,Binance Vision fundingRate census,r1.6-taxonomy-v1,True,True
um,MUUUSDT,MUU,PERPETUAL_VERIFIED,historical fundingRate archive presence,Binance Vision fundingRate census,r1.6-taxonomy-v1,True,True
um,MVLLUSDT,MVLL,PERPETUAL_VERIFIED,historical fundingRate archive presence,Binance Vision fundingRate census,r1.6-taxonomy-v1,True,True
um,MYROUSDT,MYRO,PERPETUAL_VERIFIED,historical fundingRate archive presence,Binance Vision fundingRate census,r1.6-taxonomy-v1,True,True
um,MYXUSDT,MYX,PERPETUAL_VERIFIED,historical fundingRate archive presence,Binance Vision fundingRate census,r1.6-taxonomy-v1,True,True
um,NAORISUSDT,NAORIS,PERPETUAL_VERIFIED,historical fundingRate archive presence,Binance Vision fundingRate census,r1.6-taxonomy-v1,True,True
um,NATGASUSDT,NATGAS,PERPETUAL_VERIFIED,historical fundingRate archive presence,Binance Vision fundingRate census,r1.6-taxonomy-v1,True,True
um,NBISUSDT,NBIS,PERPETUAL_VERIFIED,historical fundingRate archive presence,Binance Vision fundingRate census,r1.6-taxonomy-v1,True,True
um,NEARBUSD,NEARBUSD,UNKNOWN,non-USDT quote,archive symbol spelling,r1.6-taxonomy-v1,False,False
um,NEARUSDC,NEARUSDC,UNKNOWN,non-USDT quote,archive symbol spelling,r1.6-taxonomy-v1,False,False
um,NEARUSDT,NEAR,PERPETUAL_VERIFIED,historical fundingRate archive presence,Binance Vision fundingRate census,r1.6-taxonomy-v1,True,True
um,NEIROETHUSDT,NEIROETH,PERPETUAL_VERIFIED,historical fundingRate archive presence,Binance Vision fundingRate census,r1.6-taxonomy-v1,True,True
um,NEIROUSDT,NEIRO,PERPETUAL_VERIFIED,historical fundingRate archive presence,Binance Vision fundingRate census,r1.6-taxonomy-v1,True,True
um,NEOUSDC,NEOUSDC,UNKNOWN,non-USDT quote,archive symbol spelling,r1.6-taxonomy-v1,False,False
um,NEOUSDT,NEO,PERPETUAL_VERIFIED,historical fundingRate archive presence,Binance Vision fundingRate census,r1.6-taxonomy-v1,True,True
um,NEWTUSDT,NEWT,PERPETUAL_VERIFIED,historical fundingRate archive presence,Binance Vision fundingRate census,r1.6-taxonomy-v1,True,True
um,NFLXUSDT,NFLX,PERPETUAL_VERIFIED,historical fundingRate archive presence,Binance Vision fundingRate census,r1.6-taxonomy-v1,True,True
um,NFPUSDT,NFP,PERPETUAL_VERIFIED,historical fundingRate archive presence,Binance Vision fundingRate census,r1.6-taxonomy-v1,True,True
um,NIGHTUSDT,NIGHT,PERPETUAL_VERIFIED,historical fundingRate archive presence,Binance Vision fundingRate census,r1.6-taxonomy-v1,True,True
um,NILUSDT,NIL,PERPETUAL_VERIFIED,historical fundingRate archive presence,Binance Vision fundingRate census,r1.6-taxonomy-v1,True,True
um,NKNUSDT,NKN,PERPETUAL_VERIFIED,historical fundingRate archive presence,Binance Vision fundingRate census,r1.6-taxonomy-v1,True,True
um,NMRUSDT,NMR,PERPETUAL_VERIFIED,historical fundingRate archive presence,Binance Vision fundingRate census,r1.6-taxonomy-v1,True,True
um,NOKUSDT,NOK,PERPETUAL_VERIFIED,historical fundingRate archive presence,Binance Vision fundingRate census,r1.6-taxonomy-v1,True,True
um,NOMUSDT,NOM,PERPETUAL_VERIFIED,historical fundingRate archive presence,Binance Vision fundingRate census,r1.6-taxonomy-v1,True,True
um,NOTUSDT,NOT,PERPETUAL_VERIFIED,historical fundingRate archive presence,Binance Vision fundingRate census,r1.6-taxonomy-v1,True,True
um,NOWUSDT,NOW,PERPETUAL_VERIFIED,historical fundingRate archive presence,Binance Vision fundingRate census,r1.6-taxonomy-v1,True,True
um,NTRNUSDT,NTRN,PERPETUAL_VERIFIED,historical fundingRate archive presence,Binance Vision fundingRate census,r1.6-taxonomy-v1,True,True
um,NULSUSDT,NULS,PERPETUAL_VERIFIED,historical fundingRate archive presence,Binance Vision fundingRate census,r1.6-taxonomy-v1,True,True
um,NUUSDT,NU,PERPETUAL_VERIFIED,historical fundingRate archive presence,Binance Vision fundingRate census,r1.6-taxonomy-v1,True,True
um,NVDAUSDT,NVDA,PERPETUAL_VERIFIED,historical fundingRate archive presence,Binance Vision fundingRate census,r1.6-taxonomy-v1,True,True
um,NVOUSDT,NVO,PERPETUAL_VERIFIED,historical fundingRate archive presence,Binance Vision fundingRate census,r1.6-taxonomy-v1,True,True
um,NXPCUSDT,NXPC,PERPETUAL_VERIFIED,historical fundingRate archive presence,Binance Vision fundingRate census,r1.6-taxonomy-v1,True,True
um,OBOLUSDT,OBOL,PERPETUAL_VERIFIED,historical fundingRate archive presence,Binance Vision fundingRate census,r1.6-taxonomy-v1,True,True
um,OCEANUSDT,OCEAN,PERPETUAL_VERIFIED,historical fundingRate archive presence,Binance Vision fundingRate census,r1.6-taxonomy-v1,True,True
um,OGNUSDT,OGN,PERPETUAL_VERIFIED,historical fundingRate archive presence,Binance Vision fundingRate census,r1.6-taxonomy-v1,True,True
um,OGUSDT,OG,PERPETUAL_VERIFIED,historical fundingRate archive presence,Binance Vision fundingRate census,r1.6-taxonomy-v1,True,True
um,OLUSDT,OL,PERPETUAL_VERIFIED,historical fundingRate archive presence,Binance Vision fundingRate census,r1.6-taxonomy-v1,True,True
um,OMGUSDT,OMG,PERPETUAL_VERIFIED,historical fundingRate archive presence,Binance Vision fundingRate census,r1.6-taxonomy-v1,True,True
um,OMNIUSDT,OMNI,PERPETUAL_VERIFIED,historical fundingRate archive presence,Binance Vision fundingRate census,r1.6-taxonomy-v1,True,True
um,OMUSDT,OM,PERPETUAL_VERIFIED,historical fundingRate archive presence,Binance Vision fundingRate census,r1.6-taxonomy-v1,True,True
um,ONDOUSDT,ONDO,PERPETUAL_VERIFIED,historical fundingRate archive presence,Binance Vision fundingRate census,r1.6-taxonomy-v1,True,True
um,ONDSUSDT,ONDS,PERPETUAL_VERIFIED,historical fundingRate archive presence,Binance Vision fundingRate census,r1.6-taxonomy-v1,True,True
um,ONEUSDT,ONE,PERPETUAL_VERIFIED,historical fundingRate archive presence,Binance Vision fundingRate census,r1.6-taxonomy-v1,True,True
um,ONGUSDT,ONG,PERPETUAL_VERIFIED,historical fundingRate archive presence,Binance Vision fundingRate census,r1.6-taxonomy-v1,True,True
um,ONTUSDT,ONT,PERPETUAL_VERIFIED,historical fundingRate archive presence,Binance Vision fundingRate census,r1.6-taxonomy-v1,True,True
um,ONUSDT,ON,PERPETUAL_VERIFIED,historical fundingRate archive presence,Binance Vision fundingRate census,r1.6-taxonomy-v1,True,True
um,OPENAIUSDT,OPENAI,PERPETUAL_VERIFIED,historical fundingRate archive presence,Binance Vision fundingRate census,r1.6-taxonomy-v1,True,True
um,OPENUSDT,OPEN,PERPETUAL_VERIFIED,historical fundingRate archive presence,Binance Vision fundingRate census,r1.6-taxonomy-v1,True,True
um,OPGUSDT,OPG,PERPETUAL_VERIFIED,historical fundingRate archive presence,Binance Vision fundingRate census,r1.6-taxonomy-v1,True,True
um,OPNUSDT,OPN,PERPETUAL_VERIFIED,historical fundingRate archive presence,Binance Vision fundingRate census,r1.6-taxonomy-v1,True,True
um,OPUSDT,OP,PERPETUAL_VERIFIED,historical fundingRate archive presence,Binance Vision fundingRate census,r1.6-taxonomy-v1,True,True
um,ORBSUSDT,ORBS,PERPETUAL_VERIFIED,historical fundingRate archive presence,Binance Vision fundingRate census,r1.6-taxonomy-v1,True,True
um,ORCAUSDT,ORCA,PERPETUAL_VERIFIED,historical fundingRate archive presence,Binance Vision fundingRate census,r1.6-taxonomy-v1,True,True
um,ORCLUSDT,ORCL,PERPETUAL_VERIFIED,historical fundingRate archive presence,Binance Vision fundingRate census,r1.6-taxonomy-v1,True,True
um,ORDERUSDT,ORDER,PERPETUAL_VERIFIED,historical fundingRate archive presence,Binance Vision fundingRate census,r1.6-taxonomy-v1,True,True
um,ORDIUSDC,ORDIUSDC,UNKNOWN,non-USDT quote,archive symbol spelling,r1.6-taxonomy-v1,False,False
um,ORDIUSDT,ORDI,PERPETUAL_VERIFIED,historical fundingRate archive presence,Binance Vision fundingRate census,r1.6-taxonomy-v1,True,True
um,OUSDT,O,PERPETUAL_VERIFIED,historical fundingRate archive presence,Binance Vision fundingRate census,r1.6-taxonomy-v1,True,True
um,OXTUSDT,OXT,PERPETUAL_VERIFIED,historical fundingRate archive presence,Binance Vision fundingRate census,r1.6-taxonomy-v1,True,True
um,PANWUSDT,PANW,PERPETUAL_VERIFIED,historical fundingRate archive presence,Binance Vision fundingRate census,r1.6-taxonomy-v1,True,True
um,PARTIUSDT,PARTI,PERPETUAL_VERIFIED,historical fundingRate archive presence,Binance Vision fundingRate census,r1.6-taxonomy-v1,True,True
um,PAXGUSDT,PAXG,PERPETUAL_VERIFIED,historical fundingRate archive presence,Binance Vision fundingRate census,r1.6-taxonomy-v1,True,True
um,PAYPUSDT,PAYP,PERPETUAL_VERIFIED,historical fundingRate archive presence,Binance Vision fundingRate census,r1.6-taxonomy-v1,True,True
um,PENDLEUSDT,PENDLE,PERPETUAL_VERIFIED,historical fundingRate archive presence,Binance Vision fundingRate census,r1.6-taxonomy-v1,True,True
um,PENGUSDT,PENG,PERPETUAL_VERIFIED,historical fundingRate archive presence,Binance Vision fundingRate census,r1.6-taxonomy-v1,True,True
um,PENGUUSDC,PENGUUSDC,UNKNOWN,non-USDT quote,archive symbol spelling,r1.6-taxonomy-v1,False,False
um,PENGUUSDT,PENGU,PERPETUAL_VERIFIED,historical fundingRate archive presence,Binance Vision fundingRate census,r1.6-taxonomy-v1,True,True
um,PEOPLEUSDT,PEOPLE,PERPETUAL_VERIFIED,historical fundingRate archive presence,Binance Vision fundingRate census,r1.6-taxonomy-v1,True,True
um,PERPUSDT,PERP,PERPETUAL_VERIFIED,historical fundingRate archive presence,Binance Vision fundingRate census,r1.6-taxonomy-v1,True,True
um,PHAROSUSDT,PHAROS,PERPETUAL_VERIFIED,historical fundingRate archive presence,Binance Vision fundingRate census,r1.6-taxonomy-v1,True,True
um,PHAUSDT,PHA,PERPETUAL_VERIFIED,historical fundingRate archive presence,Binance Vision fundingRate census,r1.6-taxonomy-v1,True,True
um,PHBBUSD,PHBBUSD,UNKNOWN,non-USDT quote,archive symbol spelling,r1.6-taxonomy-v1,False,False
um,PHBUSDT,PHB,PERPETUAL_VERIFIED,historical fundingRate archive presence,Binance Vision fundingRate census,r1.6-taxonomy-v1,True,True
um,PIEVERSEUSDT,PIEVERSE,PERPETUAL_VERIFIED,historical fundingRate archive presence,Binance Vision fundingRate census,r1.6-taxonomy-v1,True,True
um,PIPPINUSDT,PIPPIN,PERPETUAL_VERIFIED,historical fundingRate archive presence,Binance Vision fundingRate census,r1.6-taxonomy-v1,True,True
um,PIXELUSDT,PIXEL,PERPETUAL_VERIFIED,historical fundingRate archive presence,Binance Vision fundingRate census,r1.6-taxonomy-v1,True,True
um,PLAYUSDT,PLAY,PERPETUAL_VERIFIED,historical fundingRate archive presence,Binance Vision fundingRate census,r1.6-taxonomy-v1,True,True
um,PLTRUSDT,PLTR,PERPETUAL_VERIFIED,historical fundingRate archive presence,Binance Vision fundingRate census,r1.6-taxonomy-v1,True,True
um,PLUMEUSDT,PLUME,PERPETUAL_VERIFIED,historical fundingRate archive presence,Binance Vision fundingRate census,r1.6-taxonomy-v1,True,True
um,PNUTUSDC,PNUTUSDC,UNKNOWN,non-USDT quote,archive symbol spelling,r1.6-taxonomy-v1,False,False
um,PNUTUSDT,PNUT,PERPETUAL_VERIFIED,historical fundingRate archive presence,Binance Vision fundingRate census,r1.6-taxonomy-v1,True,True
um,POLUSDT,POL,PERPETUAL_VERIFIED,historical fundingRate archive presence,Binance Vision fundingRate census,r1.6-taxonomy-v1,True,True
um,POLYXUSDT,POLYX,PERPETUAL_VERIFIED,historical fundingRate archive presence,Binance Vision fundingRate census,r1.6-taxonomy-v1,True,True
um,PONKEUSDT,PONKE,PERPETUAL_VERIFIED,historical fundingRate archive presence,Binance Vision fundingRate census,r1.6-taxonomy-v1,True,True
um,POPCATUSDT,POPCAT,PERPETUAL_VERIFIED,historical fundingRate archive presence,Binance Vision fundingRate census,r1.6-taxonomy-v1,True,True
um,POPMARTUSDT,POPMART,PERPETUAL_VERIFIED,historical fundingRate archive presence,Binance Vision fundingRate census,r1.6-taxonomy-v1,True,True
um,PORT3USDT,PORT3,PERPETUAL_VERIFIED,historical fundingRate archive presence,Binance Vision fundingRate census,r1.6-taxonomy-v1,True,True
um,PORTALUSDT,PORTAL,PERPETUAL_VERIFIED,historical fundingRate archive presence,Binance Vision fundingRate census,r1.6-taxonomy-v1,True,True
um,POWERUSDT,POWER,PERPETUAL_VERIFIED,historical fundingRate archive presence,Binance Vision fundingRate census,r1.6-taxonomy-v1,True,True
um,POWRUSDT,POWR,PERPETUAL_VERIFIED,historical fundingRate archive presence,Binance Vision fundingRate census,r1.6-taxonomy-v1,True,True
um,PRLUSDT,PRL,PERPETUAL_VERIFIED,historical fundingRate archive presence,Binance Vision fundingRate census,r1.6-taxonomy-v1,True,True
um,PROMPTUSDT,PROMPT,PERPETUAL_VERIFIED,historical fundingRate archive presence,Binance Vision fundingRate census,r1.6-taxonomy-v1,True,True
um,PROMUSDT,PROM,PERPETUAL_VERIFIED,historical fundingRate archive presence,Binance Vision fundingRate census,r1.6-taxonomy-v1,True,True
um,PROVEUSDT,PROVE,PERPETUAL_VERIFIED,historical fundingRate archive presence,Binance Vision fundingRate census,r1.6-taxonomy-v1,True,True
um,PTBUSDT,PTB,PERPETUAL_VERIFIED,historical fundingRate archive presence,Binance Vision fundingRate census,r1.6-taxonomy-v1,True,True
um,PUFFERUSDT,PUFFER,PERPETUAL_VERIFIED,historical fundingRate archive presence,Binance Vision fundingRate census,r1.6-taxonomy-v1,True,True
um,PUMPBTCUSDT,PUMPBTC,PERPETUAL_VERIFIED,historical fundingRate archive presence,Binance Vision fundingRate census,r1.6-taxonomy-v1,True,True
um,PUMPUSDT,PUMP,PERPETUAL_VERIFIED,historical fundingRate archive presence,Binance Vision fundingRate census,r1.6-taxonomy-v1,True,True
um,PUMPUSDTSETTLED,PUMPUSDTSETTLED,UNKNOWN,non-USDT quote,archive symbol spelling,r1.6-taxonomy-v1,False,False
um,PUNDIXUSDT,PUNDIX,PERPETUAL_VERIFIED,historical fundingRate archive presence,Binance Vision fundingRate census,r1.6-taxonomy-v1,True,True
um,PYPLUSDT,PYPL,PERPETUAL_VERIFIED,historical fundingRate archive presence,Binance Vision fundingRate census,r1.6-taxonomy-v1,True,True
um,PYTHUSDT,PYTH,PERPETUAL_VERIFIED,historical fundingRate archive presence,Binance Vision fundingRate census,r1.6-taxonomy-v1,True,True
um,QCOMUSDT,QCOM,PERPETUAL_VERIFIED,historical fundingRate archive presence,Binance Vision fundingRate census,r1.6-taxonomy-v1,True,True
um,QNTUSDT,QNT,PERPETUAL_VERIFIED,historical fundingRate archive presence,Binance Vision fundingRate census,r1.6-taxonomy-v1,True,True
um,QNTXUSDT,QNTX,PERPETUAL_VERIFIED,historical fundingRate archive presence,Binance Vision fundingRate census,r1.6-taxonomy-v1,True,True
um,QQQUSDT,QQQ,PERPETUAL_VERIFIED,historical fundingRate archive presence,Binance Vision fundingRate census,r1.6-taxonomy-v1,True,True
um,QTUMUSDT,QTUM,PERPETUAL_VERIFIED,historical fundingRate archive presence,Binance Vision fundingRate census,r1.6-taxonomy-v1,True,True
um,QUICKUSDT,QUICK,PERPETUAL_VERIFIED,historical fundingRate archive presence,Binance Vision fundingRate census,r1.6-taxonomy-v1,True,True
um,QUSDT,Q,PERPETUAL_VERIFIED,historical fundingRate archive presence,Binance Vision fundingRate census,r1.6-taxonomy-v1,True,True
um,RADUSDT,RAD,PERPETUAL_VERIFIED,historical fundingRate archive presence,Binance Vision fundingRate census,r1.6-taxonomy-v1,True,True
um,RAREUSDT,RARE,PERPETUAL_VERIFIED,historical fundingRate archive presence,Binance Vision fundingRate census,r1.6-taxonomy-v1,True,True
um,RAVEUSDT,RAVE,PERPETUAL_VERIFIED,historical fundingRate archive presence,Binance Vision fundingRate census,r1.6-taxonomy-v1,True,True
um,RAYSOLUSDT,RAYSOL,PERPETUAL_VERIFIED,historical fundingRate archive presence,Binance Vision fundingRate census,r1.6-taxonomy-v1,True,True
um,RAYUSDT,RAY,PERPETUAL_VERIFIED,historical fundingRate archive presence,Binance Vision fundingRate census,r1.6-taxonomy-v1,True,True
um,RDNTUSDT,RDNT,PERPETUAL_VERIFIED,historical fundingRate archive presence,Binance Vision fundingRate census,r1.6-taxonomy-v1,True,True
um,RECALLUSDT,RECALL,PERPETUAL_VERIFIED,historical fundingRate archive presence,Binance Vision fundingRate census,r1.6-taxonomy-v1,True,True
um,REDUSDT,RED,PERPETUAL_VERIFIED,historical fundingRate archive presence,Binance Vision fundingRate census,r1.6-taxonomy-v1,True,True
um,REEFUSDT,REEF,PERPETUAL_VERIFIED,historical fundingRate archive presence,Binance Vision fundingRate census,r1.6-taxonomy-v1,True,True
um,REIUSDT,REI,PERPETUAL_VERIFIED,historical fundingRate archive presence,Binance Vision fundingRate census,r1.6-taxonomy-v1,True,True
um,RENDERUSDT,RENDER,PERPETUAL_VERIFIED,historical fundingRate archive presence,Binance Vision fundingRate census,r1.6-taxonomy-v1,True,True
um,RENUSDT,REN,PERPETUAL_VERIFIED,historical fundingRate archive presence,Binance Vision fundingRate census,r1.6-taxonomy-v1,True,True
um,RESOLVUSDT,RESOLV,PERPETUAL_VERIFIED,historical fundingRate archive presence,Binance Vision fundingRate census,r1.6-taxonomy-v1,True,True
um,REUSDT,RE,PERPETUAL_VERIFIED,historical fundingRate archive presence,Binance Vision fundingRate census,r1.6-taxonomy-v1,True,True
um,REZUSDT,REZ,PERPETUAL_VERIFIED,historical fundingRate archive presence,Binance Vision fundingRate census,r1.6-taxonomy-v1,True,True
um,RIFUSDT,RIF,PERPETUAL_VERIFIED,historical fundingRate archive presence,Binance Vision fundingRate census,r1.6-taxonomy-v1,True,True
um,RIVERUSDT,RIVER,PERPETUAL_VERIFIED,historical fundingRate archive presence,Binance Vision fundingRate census,r1.6-taxonomy-v1,True,True
um,RIVNUSDT,RIVN,PERPETUAL_VERIFIED,historical fundingRate archive presence,Binance Vision fundingRate census,r1.6-taxonomy-v1,True,True
um,RKLBUSDT,RKLB,PERPETUAL_VERIFIED,historical fundingRate archive presence,Binance Vision fundingRate census,r1.6-taxonomy-v1,True,True
um,RLCUSDT,RLC,PERPETUAL_VERIFIED,historical fundingRate archive presence,Binance Vision fundingRate census,r1.6-taxonomy-v1,True,True
um,RLSUSDT,RLS,PERPETUAL_VERIFIED,historical fundingRate archive presence,Binance Vision fundingRate census,r1.6-taxonomy-v1,True,True
um,RNDRUSDT,RNDR,PERPETUAL_VERIFIED,historical fundingRate archive presence,Binance Vision fundingRate census,r1.6-taxonomy-v1,True,True
um,ROBOUSDT,ROBO,PERPETUAL_VERIFIED,historical fundingRate archive presence,Binance Vision fundingRate census,r1.6-taxonomy-v1,True,True
um,RONINUSDT,RONIN,PERPETUAL_VERIFIED,historical fundingRate archive presence,Binance Vision fundingRate census,r1.6-taxonomy-v1,True,True
um,ROSEUSDT,ROSE,PERPETUAL_VERIFIED,historical fundingRate archive presence,Binance Vision fundingRate census,r1.6-taxonomy-v1,True,True
um,RPLUSDT,RPL,PERPETUAL_VERIFIED,historical fundingRate archive presence,Binance Vision fundingRate census,r1.6-taxonomy-v1,True,True
um,RSRUSDT,RSR,PERPETUAL_VERIFIED,historical fundingRate archive presence,Binance Vision fundingRate census,r1.6-taxonomy-v1,True,True
um,RUNEUSDT,RUNE,PERPETUAL_VERIFIED,historical fundingRate archive presence,Binance Vision fundingRate census,r1.6-taxonomy-v1,True,True
um,RVNUSDT,RVN,PERPETUAL_VERIFIED,historical fundingRate archive presence,Binance Vision fundingRate census,r1.6-taxonomy-v1,True,True
um,RVVUSDT,RVV,PERPETUAL_VERIFIED,historical fundingRate archive presence,Binance Vision fundingRate census,r1.6-taxonomy-v1,True,True
um,SAFEUSDT,SAFE,PERPETUAL_VERIFIED,historical fundingRate archive presence,Binance Vision fundingRate census,r1.6-taxonomy-v1,True,True
um,SAGAUSDT,SAGA,PERPETUAL_VERIFIED,historical fundingRate archive presence,Binance Vision fundingRate census,r1.6-taxonomy-v1,True,True
um,SAHARAUSDT,SAHARA,PERPETUAL_VERIFIED,historical fundingRate archive presence,Binance Vision fundingRate census,r1.6-taxonomy-v1,True,True
um,SAMSUNGUSDT,SAMSUNG,PERPETUAL_VERIFIED,historical fundingRate archive presence,Binance Vision fundingRate census,r1.6-taxonomy-v1,True,True
um,SANDBUSD,SANDBUSD,UNKNOWN,non-USDT quote,archive symbol spelling,r1.6-taxonomy-v1,False,False
um,SANDUSDT,SAND,PERPETUAL_VERIFIED,historical fundingRate archive presence,Binance Vision fundingRate census,r1.6-taxonomy-v1,True,True
um,SANTOSUSDT,SANTOS,PERPETUAL_VERIFIED,historical fundingRate archive presence,Binance Vision fundingRate census,r1.6-taxonomy-v1,True,True
um,SAPIENUSDT,SAPIEN,PERPETUAL_VERIFIED,historical fundingRate archive presence,Binance Vision fundingRate census,r1.6-taxonomy-v1,True,True
um,SCRTUSDT,SCRT,PERPETUAL_VERIFIED,historical fundingRate archive presence,Binance Vision fundingRate census,r1.6-taxonomy-v1,True,True
um,SCRUSDT,SCR,PERPETUAL_VERIFIED,historical fundingRate archive presence,Binance Vision fundingRate census,r1.6-taxonomy-v1,True,True
um,SCUSDT,SC,PERPETUAL_VERIFIED,historical fundingRate archive presence,Binance Vision fundingRate census,r1.6-taxonomy-v1,True,True
um,SEIUSDT,SEI,PERPETUAL_VERIFIED,historical fundingRate archive presence,Binance Vision fundingRate census,r1.6-taxonomy-v1,True,True
um,SENTUSDT,SENT,PERPETUAL_VERIFIED,historical fundingRate archive presence,Binance Vision fundingRate census,r1.6-taxonomy-v1,True,True
um,SFPUSDT,SFP,PERPETUAL_VERIFIED,historical fundingRate archive presence,Binance Vision fundingRate census,r1.6-taxonomy-v1,True,True
um,SHAZUSDT,SHAZ,PERPETUAL_VERIFIED,historical fundingRate archive presence,Binance Vision fundingRate census,r1.6-taxonomy-v1,True,True
um,SHELLUSDT,SHELL,PERPETUAL_VERIFIED,historical fundingRate archive presence,Binance Vision fundingRate census,r1.6-taxonomy-v1,True,True
um,SIGNUSDT,SIGN,PERPETUAL_VERIFIED,historical fundingRate archive presence,Binance Vision fundingRate census,r1.6-taxonomy-v1,True,True
um,SIRENUSDT,SIREN,PERPETUAL_VERIFIED,historical fundingRate archive presence,Binance Vision fundingRate census,r1.6-taxonomy-v1,True,True
um,SKATEUSDT,SKATE,PERPETUAL_VERIFIED,historical fundingRate archive presence,Binance Vision fundingRate census,r1.6-taxonomy-v1,True,True
um,SKHYNIXUSDT,SKHYNIX,PERPETUAL_VERIFIED,historical fundingRate archive presence,Binance Vision fundingRate census,r1.6-taxonomy-v1,True,True
um,SKHYUSDT,SKHY,PERPETUAL_VERIFIED,historical fundingRate archive presence,Binance Vision fundingRate census,r1.6-taxonomy-v1,True,True
um,SKLUSDT,SKL,PERPETUAL_VERIFIED,historical fundingRate archive presence,Binance Vision fundingRate census,r1.6-taxonomy-v1,True,True
um,SKRUSDT,SKR,PERPETUAL_VERIFIED,historical fundingRate archive presence,Binance Vision fundingRate census,r1.6-taxonomy-v1,True,True
um,SKYAIUSDT,SKYAI,PERPETUAL_VERIFIED,historical fundingRate archive presence,Binance Vision fundingRate census,r1.6-taxonomy-v1,True,True
um,SKYUSDT,SKY,PERPETUAL_VERIFIED,historical fundingRate archive presence,Binance Vision fundingRate census,r1.6-taxonomy-v1,True,True
um,SLERFUSDT,SLERF,PERPETUAL_VERIFIED,historical fundingRate archive presence,Binance Vision fundingRate census,r1.6-taxonomy-v1,True,True
um,SLPUSDT,SLP,PERPETUAL_VERIFIED,historical fundingRate archive presence,Binance Vision fundingRate census,r1.6-taxonomy-v1,True,True
um,SLPUSDTSETTLED,SLPUSDTSETTLED,UNKNOWN,non-USDT quote,archive symbol spelling,r1.6-taxonomy-v1,False,False
um,SLXUSDT,SLX,PERPETUAL_VERIFIED,historical fundingRate archive presence,Binance Vision fundingRate census,r1.6-taxonomy-v1,True,True
um,SMCIUSDT,SMCI,PERPETUAL_VERIFIED,historical fundingRate archive presence,Binance Vision fundingRate census,r1.6-taxonomy-v1,True,True
um,SMHUSDT,SMH,PERPETUAL_VERIFIED,historical fundingRate archive presence,Binance Vision fundingRate census,r1.6-taxonomy-v1,True,True
um,SNDKUSDT,SNDK,PERPETUAL_VERIFIED,historical fundingRate archive presence,Binance Vision fundingRate census,r1.6-taxonomy-v1,True,True
um,SNOWUSDT,SNOW,PERPETUAL_VERIFIED,historical fundingRate archive presence,Binance Vision fundingRate census,r1.6-taxonomy-v1,True,True
um,SNTUSDT,SNT,PERPETUAL_VERIFIED,historical fundingRate archive presence,Binance Vision fundingRate census,r1.6-taxonomy-v1,True,True
um,SNXUSDT,SNX,PERPETUAL_VERIFIED,historical fundingRate archive presence,Binance Vision fundingRate census,r1.6-taxonomy-v1,True,True
um,SNXXUSDT,SNXX,PERPETUAL_VERIFIED,historical fundingRate archive presence,Binance Vision fundingRate census,r1.6-taxonomy-v1,True,True
um,SOFIUSDT,SOFI,PERPETUAL_VERIFIED,historical fundingRate archive presence,Binance Vision fundingRate census,r1.6-taxonomy-v1,True,True
um,SOLBUSD,SOLBUSD,UNKNOWN,non-USDT quote,archive symbol spelling,r1.6-taxonomy-v1,False,False
um,SOLUSDC,SOLUSDC,UNKNOWN,non-USDT quote,archive symbol spelling,r1.6-taxonomy-v1,False,False
um,SOLUSDT,SOL,PERPETUAL_VERIFIED,historical fundingRate archive presence,Binance Vision fundingRate census,r1.6-taxonomy-v1,True,True
um,SOLVUSDT,SOLV,PERPETUAL_VERIFIED,historical fundingRate archive presence,Binance Vision fundingRate census,r1.6-taxonomy-v1,True,True
um,SOMIUSDT,SOMI,PERPETUAL_VERIFIED,historical fundingRate archive presence,Binance Vision fundingRate census,r1.6-taxonomy-v1,True,True
um,SONICUSDT,SONIC,PERPETUAL_VERIFIED,historical fundingRate archive presence,Binance Vision fundingRate census,r1.6-taxonomy-v1,True,True
um,SONYUSDT,SONY,PERPETUAL_VERIFIED,historical fundingRate archive presence,Binance Vision fundingRate census,r1.6-taxonomy-v1,True,True
um,SOONUSDT,SOON,PERPETUAL_VERIFIED,historical fundingRate archive presence,Binance Vision fundingRate census,r1.6-taxonomy-v1,True,True
um,SOPHUSDT,SOPH,PERPETUAL_VERIFIED,historical fundingRate archive presence,Binance Vision fundingRate census,r1.6-taxonomy-v1,True,True
um,SOXLUSDT,SOXL,PERPETUAL_VERIFIED,historical fundingRate archive presence,Binance Vision fundingRate census,r1.6-taxonomy-v1,True,True
um,SOXSUSDT,SOXS,PERPETUAL_VERIFIED,historical fundingRate archive presence,Binance Vision fundingRate census,r1.6-taxonomy-v1,True,True
um,SPACEUSDT,SPACE,PERPETUAL_VERIFIED,historical fundingRate archive presence,Binance Vision fundingRate census,r1.6-taxonomy-v1,True,True
um,SPCXUSD1,SPCXUSD1,UNKNOWN,non-USDT quote,archive symbol spelling,r1.6-taxonomy-v1,False,False
um,SPCXUSDT,SPCX,PERPETUAL_VERIFIED,historical fundingRate archive presence,Binance Vision fundingRate census,r1.6-taxonomy-v1,True,True
um,SPELLUSDT,SPELL,PERPETUAL_VERIFIED,historical fundingRate archive presence,Binance Vision fundingRate census,r1.6-taxonomy-v1,True,True
um,SPKUSDT,SPK,PERPETUAL_VERIFIED,historical fundingRate archive presence,Binance Vision fundingRate census,r1.6-taxonomy-v1,True,True
um,SPORTFUNUSDT,SPORTFUN,PERPETUAL_VERIFIED,historical fundingRate archive presence,Binance Vision fundingRate census,r1.6-taxonomy-v1,True,True
um,SPXUSDT,SPX,PERPETUAL_VERIFIED,historical fundingRate archive presence,Binance Vision fundingRate census,r1.6-taxonomy-v1,True,True
um,SPYUSDT,SPY,PERPETUAL_VERIFIED,historical fundingRate archive presence,Binance Vision fundingRate census,r1.6-taxonomy-v1,True,True
um,SQDUSDT,SQD,PERPETUAL_VERIFIED,historical fundingRate archive presence,Binance Vision fundingRate census,r1.6-taxonomy-v1,True,True
um,SQQQUSDT,SQQQ,PERPETUAL_VERIFIED,historical fundingRate archive presence,Binance Vision fundingRate census,r1.6-taxonomy-v1,True,True
um,SRMUSDT,SRM,PERPETUAL_VERIFIED,historical fundingRate archive presence,Binance Vision fundingRate census,r1.6-taxonomy-v1,True,True
um,SSVUSDT,SSV,PERPETUAL_VERIFIED,historical fundingRate archive presence,Binance Vision fundingRate census,r1.6-taxonomy-v1,True,True
um,STABLEUSDT,STABLE,PERPETUAL_VERIFIED,historical fundingRate archive presence,Binance Vision fundingRate census,r1.6-taxonomy-v1,True,True
um,STARUSDT,STAR,PERPETUAL_VERIFIED,historical fundingRate archive presence,Binance Vision fundingRate census,r1.6-taxonomy-v1,True,True
um,STBLUSDT,STBL,PERPETUAL_VERIFIED,historical fundingRate archive presence,Binance Vision fundingRate census,r1.6-taxonomy-v1,True,True
um,STEEMUSDT,STEEM,PERPETUAL_VERIFIED,historical fundingRate archive presence,Binance Vision fundingRate census,r1.6-taxonomy-v1,True,True
um,STGUSDT,STG,PERPETUAL_VERIFIED,historical fundingRate archive presence,Binance Vision fundingRate census,r1.6-taxonomy-v1,True,True
um,STMXUSDT,STMX,PERPETUAL_VERIFIED,historical fundingRate archive presence,Binance Vision fundingRate census,r1.6-taxonomy-v1,True,True
um,STORJUSDT,STORJ,PERPETUAL_VERIFIED,historical fundingRate archive presence,Binance Vision fundingRate census,r1.6-taxonomy-v1,True,True
um,STOUSDT,STO,PERPETUAL_VERIFIED,historical fundingRate archive presence,Binance Vision fundingRate census,r1.6-taxonomy-v1,True,True
um,STPTUSDT,STPT,PERPETUAL_VERIFIED,historical fundingRate archive presence,Binance Vision fundingRate census,r1.6-taxonomy-v1,True,True
um,STRAXUSDT,STRAX,PERPETUAL_VERIFIED,historical fundingRate archive presence,Binance Vision fundingRate census,r1.6-taxonomy-v1,True,True
um,STRCUSDT,STRC,PERPETUAL_VERIFIED,historical fundingRate archive presence,Binance Vision fundingRate census,r1.6-taxonomy-v1,True,True
um,STRKUSDT,STRK,PERPETUAL_VERIFIED,historical fundingRate archive presence,Binance Vision fundingRate census,r1.6-taxonomy-v1,True,True
um,STXUSDT,STX,PERPETUAL_VERIFIED,historical fundingRate archive presence,Binance Vision fundingRate census,r1.6-taxonomy-v1,True,True
um,STXXUSDT,STXX,PERPETUAL_VERIFIED,historical fundingRate archive presence,Binance Vision fundingRate census,r1.6-taxonomy-v1,True,True
um,SUIUSDC,SUIUSDC,UNKNOWN,non-USDT quote,archive symbol spelling,r1.6-taxonomy-v1,False,False
um,SUIUSDT,SUI,PERPETUAL_VERIFIED,historical fundingRate archive presence,Binance Vision fundingRate census,r1.6-taxonomy-v1,True,True
um,SUNUSDT,SUN,PERPETUAL_VERIFIED,historical fundingRate archive presence,Binance Vision fundingRate census,r1.6-taxonomy-v1,True,True
um,SUPERUSDT,SUPER,PERPETUAL_VERIFIED,historical fundingRate archive presence,Binance Vision fundingRate census,r1.6-taxonomy-v1,True,True
um,SUSDT,S,PERPETUAL_VERIFIED,historical fundingRate archive presence,Binance Vision fundingRate census,r1.6-taxonomy-v1,True,True
um,SUSHIUSDT,SUSHI,PERPETUAL_VERIFIED,historical fundingRate archive presence,Binance Vision fundingRate census,r1.6-taxonomy-v1,True,True
um,SWARMSUSDT,SWARMS,PERPETUAL_VERIFIED,historical fundingRate archive presence,Binance Vision fundingRate census,r1.6-taxonomy-v1,True,True
um,SWELLUSDT,SWELL,PERPETUAL_VERIFIED,historical fundingRate archive presence,Binance Vision fundingRate census,r1.6-taxonomy-v1,True,True
um,SXPUSDT,SXP,PERPETUAL_VERIFIED,historical fundingRate archive presence,Binance Vision fundingRate census,r1.6-taxonomy-v1,True,True
um,SXPUSDTSETTLED,SXPUSDTSETTLED,UNKNOWN,non-USDT quote,archive symbol spelling,r1.6-taxonomy-v1,False,False
um,SXTUSDT,SXT,PERPETUAL_VERIFIED,historical fundingRate archive presence,Binance Vision fundingRate census,r1.6-taxonomy-v1,True,True
um,SYNUSDT,SYN,PERPETUAL_VERIFIED,historical fundingRate archive presence,Binance Vision fundingRate census,r1.6-taxonomy-v1,True,True
um,SYRUPUSDT,SYRUP,LEVERAGED_OR_SYNTHETIC,leveraged-token suffix,archive symbol policy,r1.6-taxonomy-v1,False,True
um,SYSUSDT,SYS,PERPETUAL_VERIFIED,historical fundingRate archive presence,Binance Vision fundingRate census,r1.6-taxonomy-v1,True,True
um,TACUSDT,TAC,PERPETUAL_VERIFIED,historical fundingRate archive presence,Binance Vision fundingRate census,r1.6-taxonomy-v1,True,True
um,TAGUSDT,TAG,PERPETUAL_VERIFIED,historical fundingRate archive presence,Binance Vision fundingRate census,r1.6-taxonomy-v1,True,True
um,TAIKOUSDT,TAIKO,PERPETUAL_VERIFIED,historical fundingRate archive presence,Binance Vision fundingRate census,r1.6-taxonomy-v1,True,True
um,TAKEUSDT,TAKE,PERPETUAL_VERIFIED,historical fundingRate archive presence,Binance Vision fundingRate census,r1.6-taxonomy-v1,True,True
um,TANSSIUSDT,TANSSI,PERPETUAL_VERIFIED,historical fundingRate archive presence,Binance Vision fundingRate census,r1.6-taxonomy-v1,True,True
um,TAOUSDT,TAO,PERPETUAL_VERIFIED,historical fundingRate archive presence,Binance Vision fundingRate census,r1.6-taxonomy-v1,True,True
um,TAUSDT,TA,PERPETUAL_VERIFIED,historical fundingRate archive presence,Binance Vision fundingRate census,r1.6-taxonomy-v1,True,True
um,TBTUSDT,TBT,PERPETUAL_VERIFIED,historical fundingRate archive presence,Binance Vision fundingRate census,r1.6-taxonomy-v1,True,True
um,TENCENTUSDT,TENCENT,PERPETUAL_VERIFIED,historical fundingRate archive presence,Binance Vision fundingRate census,r1.6-taxonomy-v1,True,True
um,TERUSDT,TER,PERPETUAL_VERIFIED,historical fundingRate archive presence,Binance Vision fundingRate census,r1.6-taxonomy-v1,True,True
um,THETAUSDT,THETA,PERPETUAL_VERIFIED,historical fundingRate archive presence,Binance Vision fundingRate census,r1.6-taxonomy-v1,True,True
um,THEUSDT,THE,PERPETUAL_VERIFIED,historical fundingRate archive presence,Binance Vision fundingRate census,r1.6-taxonomy-v1,True,True
um,TIAUSDC,TIAUSDC,UNKNOWN,non-USDT quote,archive symbol spelling,r1.6-taxonomy-v1,False,False
um,TIAUSDT,TIA,PERPETUAL_VERIFIED,historical fundingRate archive presence,Binance Vision fundingRate census,r1.6-taxonomy-v1,True,True
um,TLMBUSD,TLMBUSD,UNKNOWN,non-USDT quote,archive symbol spelling,r1.6-taxonomy-v1,False,False
um,TLMUSDT,TLM,PERPETUAL_VERIFIED,historical fundingRate archive presence,Binance Vision fundingRate census,r1.6-taxonomy-v1,True,True
um,TLMUSDTSETTLED,TLMUSDTSETTLED,UNKNOWN,non-USDT quote,archive symbol spelling,r1.6-taxonomy-v1,False,False
um,TMFUSDT,TMF,PERPETUAL_VERIFIED,historical fundingRate archive presence,Binance Vision fundingRate census,r1.6-taxonomy-v1,True,True
um,TNSRUSDT,TNSR,PERPETUAL_VERIFIED,historical fundingRate archive presence,Binance Vision fundingRate census,r1.6-taxonomy-v1,True,True
um,TOKENUSDT,TOKEN,PERPETUAL_VERIFIED,historical fundingRate archive presence,Binance Vision fundingRate census,r1.6-taxonomy-v1,True,True
um,TOMOUSDT,TOMO,PERPETUAL_VERIFIED,historical fundingRate archive presence,Binance Vision fundingRate census,r1.6-taxonomy-v1,True,True
um,TONUSDT,TON,PERPETUAL_VERIFIED,historical fundingRate archive presence,Binance Vision fundingRate census,r1.6-taxonomy-v1,True,True
um,TOSHIUSDT,TOSHI,PERPETUAL_VERIFIED,historical fundingRate archive presence,Binance Vision fundingRate census,r1.6-taxonomy-v1,True,True
um,TOWNSUSDT,TOWNS,PERPETUAL_VERIFIED,historical fundingRate archive presence,Binance Vision fundingRate census,r1.6-taxonomy-v1,True,True
um,TQQQUSDT,TQQQ,PERPETUAL_VERIFIED,historical fundingRate archive presence,Binance Vision fundingRate census,r1.6-taxonomy-v1,True,True
um,TRADOORUSDT,TRADOOR,PERPETUAL_VERIFIED,historical fundingRate archive presence,Binance Vision fundingRate census,r1.6-taxonomy-v1,True,True
um,TRBUSDT,TRB,PERPETUAL_VERIFIED,historical fundingRate archive presence,Binance Vision fundingRate census,r1.6-taxonomy-v1,True,True
um,TREEUSDT,TREE,PERPETUAL_VERIFIED,historical fundingRate archive presence,Binance Vision fundingRate census,r1.6-taxonomy-v1,True,True
um,TRIAUSDT,TRIA,PERPETUAL_VERIFIED,historical fundingRate archive presence,Binance Vision fundingRate census,r1.6-taxonomy-v1,True,True
um,TROYUSDT,TROY,PERPETUAL_VERIFIED,historical fundingRate archive presence,Binance Vision fundingRate census,r1.6-taxonomy-v1,True,True
um,TRUMPUSDC,TRUMPUSDC,UNKNOWN,non-USDT quote,archive symbol spelling,r1.6-taxonomy-v1,False,False
um,TRUMPUSDT,TRUMP,PERPETUAL_VERIFIED,historical fundingRate archive presence,Binance Vision fundingRate census,r1.6-taxonomy-v1,True,True
um,TRUSTUSDT,TRUST,PERPETUAL_VERIFIED,historical fundingRate archive presence,Binance Vision fundingRate census,r1.6-taxonomy-v1,True,True
um,TRUTHUSDT,TRUTH,PERPETUAL_VERIFIED,historical fundingRate archive presence,Binance Vision fundingRate census,r1.6-taxonomy-v1,True,True
um,TRUUSDT,TRU,PERPETUAL_VERIFIED,historical fundingRate archive presence,Binance Vision fundingRate census,r1.6-taxonomy-v1,True,True
um,TRXBUSD,TRXBUSD,UNKNOWN,non-USDT quote,archive symbol spelling,r1.6-taxonomy-v1,False,False
um,TRXUSDT,TRX,PERPETUAL_VERIFIED,historical fundingRate archive presence,Binance Vision fundingRate census,r1.6-taxonomy-v1,True,True
um,TSLAUSDT,TSLA,PERPETUAL_VERIFIED,historical fundingRate archive presence,Binance Vision fundingRate census,r1.6-taxonomy-v1,True,True
um,TSMUSDT,TSM,PERPETUAL_VERIFIED,historical fundingRate archive presence,Binance Vision fundingRate census,r1.6-taxonomy-v1,True,True
um,TSTUSDT,TST,PERPETUAL_VERIFIED,historical fundingRate archive presence,Binance Vision fundingRate census,r1.6-taxonomy-v1,True,True
um,TTWOUSDT,TTWO,PERPETUAL_VERIFIED,historical fundingRate archive presence,Binance Vision fundingRate census,r1.6-taxonomy-v1,True,True
um,TURBOUSDT,TURBO,PERPETUAL_VERIFIED,historical fundingRate archive presence,Binance Vision fundingRate census,r1.6-taxonomy-v1,True,True
um,TURTLEUSDT,TURTLE,PERPETUAL_VERIFIED,historical fundingRate archive presence,Binance Vision fundingRate census,r1.6-taxonomy-v1,True,True
um,TUSDT,T,PERPETUAL_VERIFIED,historical fundingRate archive presence,Binance Vision fundingRate census,r1.6-taxonomy-v1,True,True
um,TUTUSDT,TUT,PERPETUAL_VERIFIED,historical fundingRate archive presence,Binance Vision fundingRate census,r1.6-taxonomy-v1,True,True
um,TWTUSDT,TWT,PERPETUAL_VERIFIED,historical fundingRate archive presence,Binance Vision fundingRate census,r1.6-taxonomy-v1,True,True
um,TXNUSDT,TXN,PERPETUAL_VERIFIED,historical fundingRate archive presence,Binance Vision fundingRate census,r1.6-taxonomy-v1,True,True
um,TZAUSDT,TZA,PERPETUAL_VERIFIED,historical fundingRate archive presence,Binance Vision fundingRate census,r1.6-taxonomy-v1,True,True
um,UAIUSDT,UAI,PERPETUAL_VERIFIED,historical fundingRate archive presence,Binance Vision fundingRate census,r1.6-taxonomy-v1,True,True
um,UBERUSDT,UBER,PERPETUAL_VERIFIED,historical fundingRate archive presence,Binance Vision fundingRate census,r1.6-taxonomy-v1,True,True
um,UBUSDT,UB,PERPETUAL_VERIFIED,historical fundingRate archive presence,Binance Vision fundingRate census,r1.6-taxonomy-v1,True,True
um,UMAUSDT,UMA,PERPETUAL_VERIFIED,historical fundingRate archive presence,Binance Vision fundingRate census,r1.6-taxonomy-v1,True,True
um,UNFIUSDT,UNFI,PERPETUAL_VERIFIED,historical fundingRate archive presence,Binance Vision fundingRate census,r1.6-taxonomy-v1,True,True
um,UNIBUSD,UNIBUSD,UNKNOWN,non-USDT quote,archive symbol spelling,r1.6-taxonomy-v1,False,False
um,UNIUSDC,UNIUSDC,UNKNOWN,non-USDT quote,archive symbol spelling,r1.6-taxonomy-v1,False,False
um,UNIUSDT,UNI,PERPETUAL_VERIFIED,historical fundingRate archive presence,Binance Vision fundingRate census,r1.6-taxonomy-v1,True,True
um,URNMUSDT,URNM,PERPETUAL_VERIFIED,historical fundingRate archive presence,Binance Vision fundingRate census,r1.6-taxonomy-v1,True,True
um,USARUSDT,USAR,PERPETUAL_VERIFIED,historical fundingRate archive presence,Binance Vision fundingRate census,r1.6-taxonomy-v1,True,True
um,USDCUSDT,USDC,STABLECOIN,base asset in frozen stablecoin list,r1.6 taxonomy v1,r1.6-taxonomy-v1,False,True
um,USELESSUSDT,USELESS,PERPETUAL_VERIFIED,historical fundingRate archive presence,Binance Vision fundingRate census,r1.6-taxonomy-v1,True,True
um,USTCUSDT,USTC,PERPETUAL_VERIFIED,historical fundingRate archive presence,Binance Vision fundingRate census,r1.6-taxonomy-v1,True,True
um,USUALUSDT,USUAL,PERPETUAL_VERIFIED,historical fundingRate archive presence,Binance Vision fundingRate census,r1.6-taxonomy-v1,True,True
um,USUSDT,US,PERPETUAL_VERIFIED,historical fundingRate archive presence,Binance Vision fundingRate census,r1.6-taxonomy-v1,True,True
um,UVXYUSDT,UVXY,PERPETUAL_VERIFIED,historical fundingRate archive presence,Binance Vision fundingRate census,r1.6-taxonomy-v1,True,True
um,UXLINKUSDT,UXLINK,PERPETUAL_VERIFIED,historical fundingRate archive presence,Binance Vision fundingRate census,r1.6-taxonomy-v1,True,True
um,VANAUSDT,VANA,PERPETUAL_VERIFIED,historical fundingRate archive presence,Binance Vision fundingRate census,r1.6-taxonomy-v1,True,True
um,VANRYUSDT,VANRY,PERPETUAL_VERIFIED,historical fundingRate archive presence,Binance Vision fundingRate census,r1.6-taxonomy-v1,True,True
um,VELODROMEUSDT,VELODROME,PERPETUAL_VERIFIED,historical fundingRate archive presence,Binance Vision fundingRate census,r1.6-taxonomy-v1,True,True
um,VELVETUSDT,VELVET,PERPETUAL_VERIFIED,historical fundingRate archive presence,Binance Vision fundingRate census,r1.6-taxonomy-v1,True,True
um,VETUSDT,VET,PERPETUAL_VERIFIED,historical fundingRate archive presence,Binance Vision fundingRate census,r1.6-taxonomy-v1,True,True
um,VFYUSDT,VFY,PERPETUAL_VERIFIED,historical fundingRate archive presence,Binance Vision fundingRate census,r1.6-taxonomy-v1,True,True
um,VICUSDT,VIC,PERPETUAL_VERIFIED,historical fundingRate archive presence,Binance Vision fundingRate census,r1.6-taxonomy-v1,True,True
um,VIDTUSDT,VIDT,PERPETUAL_VERIFIED,historical fundingRate archive presence,Binance Vision fundingRate census,r1.6-taxonomy-v1,True,True
um,VINEUSDT,VINE,PERPETUAL_VERIFIED,historical fundingRate archive presence,Binance Vision fundingRate census,r1.6-taxonomy-v1,True,True
um,VIRTUALUSDT,VIRTUAL,PERPETUAL_VERIFIED,historical fundingRate archive presence,Binance Vision fundingRate census,r1.6-taxonomy-v1,True,True
um,VOXELUSDT,VOXEL,PERPETUAL_VERIFIED,historical fundingRate archive presence,Binance Vision fundingRate census,r1.6-taxonomy-v1,True,True
um,VRTUSDT,VRT,PERPETUAL_VERIFIED,historical fundingRate archive presence,Binance Vision fundingRate census,r1.6-taxonomy-v1,True,True
um,VTHOUSDT,VTHO,PERPETUAL_VERIFIED,historical fundingRate archive presence,Binance Vision fundingRate census,r1.6-taxonomy-v1,True,True
um,VUSDT,V,PERPETUAL_VERIFIED,historical fundingRate archive presence,Binance Vision fundingRate census,r1.6-taxonomy-v1,True,True
um,VVVUSDT,VVV,PERPETUAL_VERIFIED,historical fundingRate archive presence,Binance Vision fundingRate census,r1.6-taxonomy-v1,True,True
um,WALUSDT,WAL,PERPETUAL_VERIFIED,historical fundingRate archive presence,Binance Vision fundingRate census,r1.6-taxonomy-v1,True,True
um,WAVESBUSD,WAVESBUSD,UNKNOWN,non-USDT quote,archive symbol spelling,r1.6-taxonomy-v1,False,False
um,WAVESUSDT,WAVES,PERPETUAL_VERIFIED,historical fundingRate archive presence,Binance Vision fundingRate census,r1.6-taxonomy-v1,True,True
um,WAXPUSDT,WAXP,PERPETUAL_VERIFIED,historical fundingRate archive presence,Binance Vision fundingRate census,r1.6-taxonomy-v1,True,True
um,WCTUSDT,WCT,PERPETUAL_VERIFIED,historical fundingRate archive presence,Binance Vision fundingRate census,r1.6-taxonomy-v1,True,True
um,WDCUSDT,WDC,PERPETUAL_VERIFIED,historical fundingRate archive presence,Binance Vision fundingRate census,r1.6-taxonomy-v1,True,True
um,WENUSDT,WEN,PERPETUAL_VERIFIED,historical fundingRate archive presence,Binance Vision fundingRate census,r1.6-taxonomy-v1,True,True
um,WETUSDT,WET,PERPETUAL_VERIFIED,historical fundingRate archive presence,Binance Vision fundingRate census,r1.6-taxonomy-v1,True,True
um,WIFUSDC,WIFUSDC,UNKNOWN,non-USDT quote,archive symbol spelling,r1.6-taxonomy-v1,False,False
um,WIFUSDT,WIF,PERPETUAL_VERIFIED,historical fundingRate archive presence,Binance Vision fundingRate census,r1.6-taxonomy-v1,True,True
um,WLDUSDC,WLDUSDC,UNKNOWN,non-USDT quote,archive symbol spelling,r1.6-taxonomy-v1,False,False
um,WLDUSDT,WLD,PERPETUAL_VERIFIED,historical fundingRate archive presence,Binance Vision fundingRate census,r1.6-taxonomy-v1,True,True
um,WLFIUSDC,WLFIUSDC,UNKNOWN,non-USDT quote,archive symbol spelling,r1.6-taxonomy-v1,False,False
um,WLFIUSDT,WLFI,PERPETUAL_VERIFIED,historical fundingRate archive presence,Binance Vision fundingRate census,r1.6-taxonomy-v1,True,True
um,WMTUSDT,WMT,PERPETUAL_VERIFIED,historical fundingRate archive presence,Binance Vision fundingRate census,r1.6-taxonomy-v1,True,True
um,WOOUSDT,WOO,PERPETUAL_VERIFIED,historical fundingRate archive presence,Binance Vision fundingRate census,r1.6-taxonomy-v1,True,True
um,WUSDT,W,PERPETUAL_VERIFIED,historical fundingRate archive presence,Binance Vision fundingRate census,r1.6-taxonomy-v1,True,True
um,XAGUSDT,XAG,PERPETUAL_VERIFIED,historical fundingRate archive presence,Binance Vision fundingRate census,r1.6-taxonomy-v1,True,True
um,XAIUSDT,XAI,PERPETUAL_VERIFIED,historical fundingRate archive presence,Binance Vision fundingRate census,r1.6-taxonomy-v1,True,True
um,XANUSDT,XAN,PERPETUAL_VERIFIED,historical fundingRate archive presence,Binance Vision fundingRate census,r1.6-taxonomy-v1,True,True
um,XAUTUSDT,XAUT,PERPETUAL_VERIFIED,historical fundingRate archive presence,Binance Vision fundingRate census,r1.6-taxonomy-v1,True,True
um,XAUUSDT,XAU,PERPETUAL_VERIFIED,historical fundingRate archive presence,Binance Vision fundingRate census,r1.6-taxonomy-v1,True,True
um,XBIUSDT,XBI,PERPETUAL_VERIFIED,historical fundingRate archive presence,Binance Vision fundingRate census,r1.6-taxonomy-v1,True,True
um,XCNUSDT,XCN,PERPETUAL_VERIFIED,historical fundingRate archive presence,Binance Vision fundingRate census,r1.6-taxonomy-v1,True,True
um,XEMUSDT,XEM,PERPETUAL_VERIFIED,historical fundingRate archive presence,Binance Vision fundingRate census,r1.6-taxonomy-v1,True,True
um,XLEUSDT,XLE,PERPETUAL_VERIFIED,historical fundingRate archive presence,Binance Vision fundingRate census,r1.6-taxonomy-v1,True,True
um,XLMUSDT,XLM,PERPETUAL_VERIFIED,historical fundingRate archive presence,Binance Vision fundingRate census,r1.6-taxonomy-v1,True,True
um,XMRUSDT,XMR,PERPETUAL_VERIFIED,historical fundingRate archive presence,Binance Vision fundingRate census,r1.6-taxonomy-v1,True,True
um,XNYUSDT,XNY,PERPETUAL_VERIFIED,historical fundingRate archive presence,Binance Vision fundingRate census,r1.6-taxonomy-v1,True,True
um,XPDUSDT,XPD,PERPETUAL_VERIFIED,historical fundingRate archive presence,Binance Vision fundingRate census,r1.6-taxonomy-v1,True,True
um,XPINUSDT,XPIN,PERPETUAL_VERIFIED,historical fundingRate archive presence,Binance Vision fundingRate census,r1.6-taxonomy-v1,True,True
um,XPLUSDT,XPL,PERPETUAL_VERIFIED,historical fundingRate archive presence,Binance Vision fundingRate census,r1.6-taxonomy-v1,True,True
um,XPTUSDT,XPT,PERPETUAL_VERIFIED,historical fundingRate archive presence,Binance Vision fundingRate census,r1.6-taxonomy-v1,True,True
um,XRPBUSD,XRPBUSD,UNKNOWN,non-USDT quote,archive symbol spelling,r1.6-taxonomy-v1,False,False
um,XRPUSDC,XRPUSDC,UNKNOWN,non-USDT quote,archive symbol spelling,r1.6-taxonomy-v1,False,False
um,XRPUSDT,XRP,PERPETUAL_VERIFIED,historical fundingRate archive presence,Binance Vision fundingRate census,r1.6-taxonomy-v1,True,True
um,XTZUSDT,XTZ,PERPETUAL_VERIFIED,historical fundingRate archive presence,Binance Vision fundingRate census,r1.6-taxonomy-v1,True,True
um,XVGUSDT,XVG,PERPETUAL_VERIFIED,historical fundingRate archive presence,Binance Vision fundingRate census,r1.6-taxonomy-v1,True,True
um,XVSUSDT,XVS,PERPETUAL_VERIFIED,historical fundingRate archive presence,Binance Vision fundingRate census,r1.6-taxonomy-v1,True,True
um,YALAUSDT,YALA,PERPETUAL_VERIFIED,historical fundingRate archive presence,Binance Vision fundingRate census,r1.6-taxonomy-v1,True,True
um,YBUSDT,YB,PERPETUAL_VERIFIED,historical fundingRate archive presence,Binance Vision fundingRate census,r1.6-taxonomy-v1,True,True
um,YFIIUSDT,YFII,PERPETUAL_VERIFIED,historical fundingRate archive presence,Binance Vision fundingRate census,r1.6-taxonomy-v1,True,True
um,YFIUSDT,YFI,PERPETUAL_VERIFIED,historical fundingRate archive presence,Binance Vision fundingRate census,r1.6-taxonomy-v1,True,True
um,YGGUSDT,YGG,PERPETUAL_VERIFIED,historical fundingRate archive presence,Binance Vision fundingRate census,r1.6-taxonomy-v1,True,True
um,ZAMAUSDT,ZAMA,PERPETUAL_VERIFIED,historical fundingRate archive presence,Binance Vision fundingRate census,r1.6-taxonomy-v1,True,True
um,ZBTUSDT,ZBT,PERPETUAL_VERIFIED,historical fundingRate archive presence,Binance Vision fundingRate census,r1.6-taxonomy-v1,True,True
um,ZECUSDC,ZECUSDC,UNKNOWN,non-USDT quote,archive symbol spelling,r1.6-taxonomy-v1,False,False
um,ZECUSDT,ZEC,PERPETUAL_VERIFIED,historical fundingRate archive presence,Binance Vision fundingRate census,r1.6-taxonomy-v1,True,True
um,ZENUSDT,ZEN,PERPETUAL_VERIFIED,historical fundingRate archive presence,Binance Vision fundingRate census,r1.6-taxonomy-v1,True,True
um,ZEREBROUSDT,ZEREBRO,PERPETUAL_VERIFIED,historical fundingRate archive presence,Binance Vision fundingRate census,r1.6-taxonomy-v1,True,True
um,ZESTUSDT,ZEST,PERPETUAL_VERIFIED,historical fundingRate archive presence,Binance Vision fundingRate census,r1.6-taxonomy-v1,True,True
um,ZETAUSDT,ZETA,PERPETUAL_VERIFIED,historical fundingRate archive presence,Binance Vision fundingRate census,r1.6-taxonomy-v1,True,True
um,ZHIPUUSDT,ZHIPU,PERPETUAL_VERIFIED,historical fundingRate archive presence,Binance Vision fundingRate census,r1.6-taxonomy-v1,True,True
um,ZILUSDT,ZIL,PERPETUAL_VERIFIED,historical fundingRate archive presence,Binance Vision fundingRate census,r1.6-taxonomy-v1,True,True
um,ZKCUSDT,ZKC,PERPETUAL_VERIFIED,historical fundingRate archive presence,Binance Vision fundingRate census,r1.6-taxonomy-v1,True,True
um,ZKJUSDT,ZKJ,PERPETUAL_VERIFIED,historical fundingRate archive presence,Binance Vision fundingRate census,r1.6-taxonomy-v1,True,True
um,ZKPUSDT,ZKP,PERPETUAL_VERIFIED,historical fundingRate archive presence,Binance Vision fundingRate census,r1.6-taxonomy-v1,True,True
um,ZKUSDT,ZK,PERPETUAL_VERIFIED,historical fundingRate archive presence,Binance Vision fundingRate census,r1.6-taxonomy-v1,True,True
um,ZMUSDT,ZM,PERPETUAL_VERIFIED,historical fundingRate archive presence,Binance Vision fundingRate census,r1.6-taxonomy-v1,True,True
um,ZORAUSDT,ZORA,PERPETUAL_VERIFIED,historical fundingRate archive presence,Binance Vision fundingRate census,r1.6-taxonomy-v1,True,True
um,ZRCUSDT,ZRC,PERPETUAL_VERIFIED,historical fundingRate archive presence,Binance Vision fundingRate census,r1.6-taxonomy-v1,True,True
um,ZROUSDT,ZRO,PERPETUAL_VERIFIED,historical fundingRate archive presence,Binance Vision fundingRate census,r1.6-taxonomy-v1,True,True
um,ZRXUSDT,ZRX,PERPETUAL_VERIFIED,historical fundingRate archive presence,Binance Vision fundingRate census,r1.6-taxonomy-v1,True,True
um,币安人生USDT,币安人生,PERPETUAL_VERIFIED,historical fundingRate archive presence,Binance Vision fundingRate census,r1.6-taxonomy-v1,True,True
um,我踏马来了USDT,我踏马来了,PERPETUAL_VERIFIED,historical fundingRate archive presence,Binance Vision fundingRate census,r1.6-taxonomy-v1,True,True
um,龙虾USDT,龙虾,PERPETUAL_VERIFIED,historical fundingRate archive presence,Binance Vision fundingRate census,r1.6-taxonomy-v1,True,True
