trial_id,feature_id,variant,market,timeframe,side,horizon_bars,valid_fold_count,positive_fold_fraction,aggregate_observations,aggregate_mean_net_return,aggregate_sum_net_return,aggregate_hac_t,p_value,bootstrap_ci_low,bootstrap_ci_high,best_fold_aggregate_mean,worst_fold_aggregate_mean,max_top_symbol_share_abs,fdr_q_value,bonferroni_p,catastrophic_reversal,temporal_replication,horizon_decay_position,spot_um_consistency_note,um_long_short_mean_delta
T0001,trend.ema_20_50_spread,ema_10_30,spot,15m,LONG,4,8,0.0,119317,-0.002950057195982221,-351.9919744530107,-55.58266932535566,0.0,-0.0030549591956129064,-0.00283923511413121,-0.00268091370262606,-0.003315906910646218,0.02145175230345715,0.0,0.0,True,NO_REPLICATION,1,same_direction,
T0002,trend.ema_20_50_spread,ema_10_30,spot,15m,LONG,16,8,0.0,89150,-0.0029760161158988952,-265.3118367323865,-16.57600335210001,1.28557409835609e-61,-0.003342816907384266,-0.002602726562146788,-0.002363772287411798,-0.004149733845215804,0.020524008925061305,1.1171195613301195e-60,9.71894018357204e-59,True,NO_REPLICATION,2,same_direction,
T0003,trend.ema_20_50_spread,ema_10_30,spot,15m,LONG,48,8,0.0,52719,-0.0029359065068060956,-154.77805513231056,-6.4645388658400185,1.0249293021260002e-10,-0.004196609696811731,-0.001703059749589203,-0.00010441283532943688,-0.007248886409444626,0.018122367232050983,3.4591363946752505e-10,7.748465524072561e-08,True,NO_REPLICATION,3,same_direction,
T0004,trend.ema_20_50_spread,ema_10_30,spot,15m,LONG,96,8,0.25,35230,-0.0021101649575612303,-74.34111145488214,-2.497992226609906,0.012494415420040353,-0.004513469695296106,0.0003457557697703047,0.0030431330666943353,-0.011693293127304836,0.021619154205288694,0.019761041961402735,1.0,True,NO_REPLICATION,4,same_direction,
T0005,trend.ema_20_50_spread,ema_20_50,spot,15m,LONG,4,8,0.0,118127,-0.002896133174065265,-342.1115234528076,-53.62912365942971,0.0,-0.0030347625955810453,-0.002738388270399573,-0.00232126686070062,-0.003485657895102505,0.02196851615899122,0.0,0.0,True,NO_REPLICATION,1,same_direction,
T0006,trend.ema_20_50_spread,ema_20_50,spot,15m,LONG,16,8,0.0,89552,-0.0027165031332299205,-243.26828858700586,-15.215142795004462,3.2622872841163755e-52,-0.0031184691202097684,-0.0022759790782900637,-0.0012296322900843116,-0.004098823292350714,0.024348124034358178,2.623711900842532e-51,2.46628918679198e-49,True,NO_REPLICATION,2,same_direction,
T0007,trend.ema_20_50_spread,ema_20_50,spot,15m,LONG,48,8,0.125,52396,-0.0024557371880071714,-128.67080570282374,-5.321345455330568,1.0342483818226936e-07,-0.003749771081144051,-0.001102659064343811,0.0015060191623108457,-0.007878414278966683,0.02416869413309753,2.8852095079629387e-07,7.818917766579564e-05,True,NO_REPLICATION,3,same_direction,
T0008,trend.ema_20_50_spread,ema_20_50,spot,15m,LONG,96,8,0.375,34007,-0.0017451223514165647,-59.346375804623115,-2.063538291388301,0.03906908418865682,-0.004245238732260911,0.0009204253415725177,0.004680742166974135,-0.01116099282807107,0.048981221396249615,0.055939825088304085,1.0,True,NO_REPLICATION,4,same_direction,
T0009,trend.ema_20_50_spread,ema_50_200,spot,15m,LONG,4,8,0.0,113102,-0.0029259198196414215,-330.92738344108403,-54.50087167776838,0.0,-0.003057145673545572,-0.0027916805459793524,-0.0026186664512946865,-0.003255708993425109,0.022347512460691544,0.0,0.0,True,NO_REPLICATION,1,same_direction,
T0010,trend.ema_20_50_spread,ema_50_200,spot,15m,LONG,16,8,0.0,84701,-0.002704564940893506,-229.07935505862085,-14.7757734639316,2.4189913462290554e-49,-0.0031284951313246276,-0.0022890404360901883,-0.001952750235147233,-0.0041099774280273504,0.02226960899229142,1.866079038519557e-48,1.8287574577491658e-46,True,NO_REPLICATION,2,same_direction,
T0011,trend.ema_20_50_spread,ema_50_200,spot,15m,LONG,48,8,0.125,49193,-0.0019107728625178996,-93.99664942584303,-4.073271411122529,4.642990430558679e-05,-0.0032319818059886466,-0.000657151068885421,0.0004607445008918685,-0.005605340708776062,0.022520683040361325,0.00010604534034750337,0.035101007655023615,True,NO_REPLICATION,3,same_direction,
T0012,trend.ema_20_50_spread,ema_50_200,spot,15m,LONG,96,8,0.5,30586,-0.001253162506992,-38.329228438857314,-1.4356901846347316,0.15110074617128302,-0.0038082040238949545,0.0012218505901922768,0.004110505259577341,-0.0077588009760305035,0.04250179851859928,0.19901073885973863,1.0,False,NO_REPLICATION,4,same_direction,
T0013,trend.ema_50_200_regime,ema_10_30,spot,15m,LONG,4,8,0.0,119317,-0.002950057195982221,-351.9919744530107,-55.58266932535566,0.0,-0.0030549591956129064,-0.00283923511413121,-0.00268091370262606,-0.003315906910646218,0.02145175230345715,0.0,0.0,True,NO_REPLICATION,1,same_direction,
T0014,trend.ema_50_200_regime,ema_10_30,spot,15m,LONG,16,8,0.0,89150,-0.0029760161158988952,-265.3118367323865,-16.57600335210001,1.28557409835609e-61,-0.003342816907384266,-0.002602726562146788,-0.002363772287411798,-0.004149733845215804,0.020524008925061305,1.1171195613301195e-60,9.71894018357204e-59,True,NO_REPLICATION,2,same_direction,
T0015,trend.ema_50_200_regime,ema_10_30,spot,15m,LONG,48,8,0.0,52719,-0.0029359065068060956,-154.77805513231056,-6.4645388658400185,1.0249293021260002e-10,-0.004196609696811731,-0.001703059749589203,-0.00010441283532943688,-0.007248886409444626,0.018122367232050983,3.4591363946752505e-10,7.748465524072561e-08,True,NO_REPLICATION,3,same_direction,
T0016,trend.ema_50_200_regime,ema_10_30,spot,15m,LONG,96,8,0.25,35230,-0.0021101649575612303,-74.34111145488214,-2.497992226609906,0.012494415420040353,-0.004513469695296106,0.0003457557697703047,0.0030431330666943353,-0.011693293127304836,0.021619154205288694,0.019761041961402735,1.0,True,NO_REPLICATION,4,same_direction,
T0017,trend.ema_50_200_regime,ema_20_50,spot,15m,LONG,4,8,0.0,118127,-0.002896133174065265,-342.1115234528076,-53.62912365942971,0.0,-0.0030347625955810453,-0.002738388270399573,-0.00232126686070062,-0.003485657895102505,0.02196851615899122,0.0,0.0,True,NO_REPLICATION,1,same_direction,
T0018,trend.ema_50_200_regime,ema_20_50,spot,15m,LONG,16,8,0.0,89552,-0.0027165031332299205,-243.26828858700586,-15.215142795004462,3.2622872841163755e-52,-0.0031184691202097684,-0.0022759790782900637,-0.0012296322900843116,-0.004098823292350714,0.024348124034358178,2.623711900842532e-51,2.46628918679198e-49,True,NO_REPLICATION,2,same_direction,
T0019,trend.ema_50_200_regime,ema_20_50,spot,15m,LONG,48,8,0.125,52396,-0.0024557371880071714,-128.67080570282374,-5.321345455330568,1.0342483818226936e-07,-0.003749771081144051,-0.001102659064343811,0.0015060191623108457,-0.007878414278966683,0.02416869413309753,2.8852095079629387e-07,7.818917766579564e-05,True,NO_REPLICATION,3,same_direction,
T0020,trend.ema_50_200_regime,ema_20_50,spot,15m,LONG,96,8,0.375,34007,-0.0017451223514165647,-59.346375804623115,-2.063538291388301,0.03906908418865682,-0.004245238732260911,0.0009204253415725177,0.004680742166974135,-0.01116099282807107,0.048981221396249615,0.055939825088304085,1.0,True,NO_REPLICATION,4,same_direction,
T0021,trend.ema_50_200_regime,ema_50_200,spot,15m,LONG,4,8,0.0,113102,-0.0029259198196414215,-330.92738344108403,-54.50087167776838,0.0,-0.003057145673545572,-0.0027916805459793524,-0.0026186664512946865,-0.003255708993425109,0.022347512460691544,0.0,0.0,True,NO_REPLICATION,1,same_direction,
T0022,trend.ema_50_200_regime,ema_50_200,spot,15m,LONG,16,8,0.0,84701,-0.002704564940893506,-229.07935505862085,-14.7757734639316,2.4189913462290554e-49,-0.0031284951313246276,-0.0022890404360901883,-0.001952750235147233,-0.0041099774280273504,0.02226960899229142,1.866079038519557e-48,1.8287574577491658e-46,True,NO_REPLICATION,2,same_direction,
T0023,trend.ema_50_200_regime,ema_50_200,spot,15m,LONG,48,8,0.125,49193,-0.0019107728625178996,-93.99664942584303,-4.073271411122529,4.642990430558679e-05,-0.0032319818059886466,-0.000657151068885421,0.0004607445008918685,-0.005605340708776062,0.022520683040361325,0.00010604534034750337,0.035101007655023615,True,NO_REPLICATION,3,same_direction,
T0024,trend.ema_50_200_regime,ema_50_200,spot,15m,LONG,96,8,0.5,30586,-0.001253162506992,-38.329228438857314,-1.4356901846347316,0.15110074617128302,-0.0038082040238949545,0.0012218505901922768,0.004110505259577341,-0.0077588009760305035,0.04250179851859928,0.19901073885973863,1.0,False,NO_REPLICATION,4,same_direction,
T0025,trend.ema_slope,default,spot,15m,LONG,4,8,0.0,119735,-0.0030986104093709502,-371.01211736603074,-57.174878323953756,0.0,-0.003223596131074962,-0.0029668506931670737,-0.002902088598933421,-0.003497178634508467,0.021576870804010446,0.0,0.0,True,NO_REPLICATION,1,same_direction,
T0026,trend.ema_slope,default,spot,15m,LONG,16,8,0.0,87595,-0.0030297379048348926,-265.3898917740124,-16.67214738854813,2.6079319540985068e-62,-0.0034649761480048846,-0.0026320348507700886,-0.002185779939549766,-0.00449693175797482,0.022503320681347708,2.319525361527613e-61,1.9715965572984712e-59,True,NO_REPLICATION,2,same_direction,
T0027,trend.ema_slope,default,spot,15m,LONG,48,8,0.0,52913,-0.002966055238308241,-156.94288082460398,-6.394548325814248,1.6236112889298306e-10,-0.004134025204286845,-0.0018430631086232168,-0.0002934101403721375,-0.0066409068446905304,0.02195109267746121,5.360044255156995e-10,1.227450134430952e-07,True,NO_REPLICATION,3,same_direction,
T0028,trend.ema_slope,default,spot,15m,LONG,96,8,0.25,35562,-0.002380428591519008,-84.65280157159896,-2.8820649337409936,0.003953147703182811,-0.004688955873627536,-1.6986100333641287e-05,0.003588229593986681,-0.011145149118647947,0.02617110206387829,0.006838855065460424,1.0,True,NO_REPLICATION,4,same_direction,
T0029,trend.adx_dmi,adx14_threshold20,spot,15m,LONG,4,8,0.0,110257,-0.00318353242944235,-351.0067350730252,-54.221248381136824,0.0,-0.00329551996939954,-0.0030677770780942097,-0.0029588038967112637,-0.003541301391909829,0.01986880602407217,0.0,0.0,True,NO_REPLICATION,1,same_direction,
T0030,trend.adx_dmi,adx14_threshold20,spot,15m,LONG,16,8,0.0,78954,-0.003343415216942464,-263.9760050384753,-17.523920284879004,1.270076584162912e-68,-0.0037438630053469634,-0.002978972817494068,-0.0023115575846645335,-0.004791709464524222,0.02078199491461446,1.2469842826326773e-67,9.601778976271615e-66,True,NO_REPLICATION,2,same_direction,
T0031,trend.adx_dmi,adx14_threshold20,spot,15m,LONG,48,8,0.0,50095,-0.0030567024269670126,-153.1255080789125,-6.461362130440205,1.0471388036332824e-10,-0.004200930772914504,-0.0018674269385399614,-0.0002900053930454429,-0.007426184078576902,0.01975712177721772,3.5183863802078286e-10,7.916369355467614e-08,True,NO_REPLICATION,3,same_direction,
T0032,trend.adx_dmi,adx14_threshold20,spot,15m,LONG,96,8,0.375,34329,-0.001961805046888168,-67.34680545462392,-2.2739765382467056,0.02297354226056798,-0.004273599577440985,0.0004548573177970547,0.003972686888802753,-0.01019638999139167,0.024069063910297825,0.03452882296021748,1.0,True,NO_REPLICATION,4,same_direction,
T0033,trend.kaufman_er,er10_threshold0.3,spot,15m,LONG,4,8,0.0,106218,-0.0032452373722932385,-344.7026232102432,-56.78340890644341,0.0,-0.0033665309881402436,-0.0031272975255724517,-0.002928259944502203,-0.003621441810846344,0.02104709238783782,0.0,0.0,True,NO_REPLICATION,1,same_direction,
T0034,trend.kaufman_er,er10_threshold0.3,spot,15m,LONG,16,8,0.0,81923,-0.0033783228414983883,-276.7623421440725,-18.21045773807234,5.9705893262472396e-74,-0.0037797451080633553,-0.0030059764087064715,-0.002978224277027346,-0.004364753122934315,0.021395974553737384,6.018354040857218e-73,4.513765530642913e-71,True,NO_REPLICATION,2,same_direction,
T0035,trend.kaufman_er,er10_threshold0.3,spot,15m,LONG,48,8,0.0,54718,-0.00320021739593107,-175.10949547055628,-6.735563894979174,1.6490508671187663e-11,-0.004389829511656478,-0.00202804149384193,-0.000990048470740598,-0.0077928380281163095,0.019868827860788488,5.7716780349156825e-11,1.2466824555417874e-08,True,NO_REPLICATION,3,same_direction,
T0036,trend.kaufman_er,er10_threshold0.3,spot,15m,LONG,96,8,0.125,37274,-0.0021275336014134516,-79.301687459085,-2.567634339556787,0.010243372853933102,-0.004473002590189179,0.00037472671768458903,0.004962010853513732,-0.011433128820874572,0.026603259745665176,0.016698396301017306,1.0,True,NO_REPLICATION,4,same_direction,
T0037,trend.donchian,donchian_20,spot,15m,LONG,4,8,0.0,62513,-0.0033803274845989805,-211.31441204473606,-43.13748635096784,0.0,-0.0036187384116246287,-0.0031517488657099085,-0.002754192920396847,-0.0041035524931875705,0.02275109081418728,0.0,0.0,True,NO_REPLICATION,1,same_direction,
T0038,trend.donchian,donchian_20,spot,15m,LONG,16,8,0.0,51578,-0.003958992202056967,-204.19689979769424,-18.558796580778143,1.23143506541498e-76,-0.0044597199946172965,-0.0034889492004144544,-0.003247833130139359,-0.005318423487689621,0.022304921781466747,1.2580606884509796e-75,9.30964909453725e-74,True,NO_REPLICATION,2,same_direction,
T0039,trend.donchian,donchian_20,spot,15m,LONG,48,8,0.0,37456,-0.004368642141040887,-163.63186003482747,-8.62661349706718,6.563652502386413e-18,-0.005767088317674223,-0.003033692264237878,-0.0012985690452780644,-0.009397780014490702,0.018343701514864526,2.5979692627246745e-17,4.962121291804128e-15,True,NO_REPLICATION,3,same_direction,
T0040,trend.donchian,donchian_20,spot,15m,LONG,96,8,0.125,27164,-0.0028654454130149333,-77.83695919913765,-3.061031725108801,0.0022079100461416677,-0.0055401466745376516,-7.110528194508325e-05,0.0028859764341567307,-0.013036872114470273,0.022441111973602663,0.00403183573643261,1.0,True,NO_REPLICATION,4,same_direction,
T0041,trend.donchian,donchian_48,spot,15m,LONG,4,8,0.0,45794,-0.00328571195443069,-150.465893241199,-33.26890092559313,7.950898056132046e-240,-0.0035556117992794145,-0.003015282499792677,-0.0026521124414027905,-0.004237419417075829,0.024196221230184913,1.1131257278584864e-238,6.010878930435827e-237,True,NO_REPLICATION,1,same_direction,
T0042,trend.donchian,donchian_48,spot,15m,LONG,16,8,0.0,37790,-0.0037867414686501583,-143.10096010028948,-15.791299034575554,5.397011893727303e-56,-0.004297277015383774,-0.00324711182811995,-0.002663052354529912,-0.005699323568788457,0.02379612588757983,4.636523854156638e-55,4.0801409916578413e-53,True,NO_REPLICATION,2,same_direction,
T0043,trend.donchian,donchian_48,spot,15m,LONG,48,8,0.125,29239,-0.0036937490632190173,-108.00152885946085,-6.8567033646024615,7.186795571137247e-12,-0.004997994081036925,-0.002351868707693579,0.00012460247275945387,-0.010382047117862576,0.027900282516895,2.527077884548725e-11,5.433217451779759e-09,True,NO_REPLICATION,3,same_direction,
T0044,trend.donchian,donchian_48,spot,15m,LONG,96,8,0.25,22258,-0.00242427153969693,-53.959435930574266,-2.5373126378239896,0.011177480153996798,-0.005260736545159322,0.0004133252387946024,0.0038403095029258313,-0.013702581012844713,0.05873344333135407,0.0179641478343652,1.0,True,NO_REPLICATION,4,same_direction,
T0045,trend.donchian,donchian_55,spot,15m,LONG,4,8,0.0,43424,-0.00330323781569472,-143.43979890872754,-32.39866440520297,1.4922001178200528e-227,-0.0035626645325677574,-0.0030500486922707243,-0.0026243056363370364,-0.004228471737374975,0.02465545161784308,2.0144701590570714e-226,1.12810328907196e-224,True,NO_REPLICATION,1,same_direction,
T0046,trend.donchian,donchian_55,spot,15m,LONG,16,8,0.0,35752,-0.003764306353336896,-134.5814807445007,-15.261753008511867,2.012663797455017e-52,-0.004314155081057433,-0.0032206310379380883,-0.002317362747289404,-0.00574547536832496,0.02744919775538797,1.6720591548087834e-51,1.521573830875993e-49,True,NO_REPLICATION,2,same_direction,
T0047,trend.donchian,donchian_55,spot,15m,LONG,48,8,0.125,27802,-0.003637974427501577,-101.14296503339885,-6.709047220313022,1.996570521265602e-11,-0.004967304386263843,-0.0022428530709978755,0.0001900339207472383,-0.010103554753726053,0.033213944803646755,6.923886761820161e-11,1.5094073140767952e-08,True,NO_REPLICATION,3,same_direction,
T0048,trend.donchian,donchian_55,spot,15m,LONG,96,8,0.25,21449,-0.0026549442797863657,-56.94589985713776,-2.779357542405161,0.0054513946721561094,-0.005631185953386407,0.00034610554493472195,0.00372964548055221,-0.014444617097101922,0.06250465981615581,0.00928210444177932,1.0,True,NO_REPLICATION,4,same_direction,
T0049,momentum.roc,roc_6,spot,15m,LONG,4,8,0.0,118758,-0.003143263251766767,-373.2876572533177,-57.68950524306963,0.0,-0.003248237158012427,-0.003038801158065707,-0.002918345045621056,-0.003514238979567796,0.02149047410385206,0.0,0.0,True,NO_REPLICATION,1,same_direction,
T0050,momentum.roc,roc_6,spot,15m,LONG,16,8,0.0,85128,-0.003058829287877647,-260.39201961844833,-16.82319944718524,2.0899969252237113e-63,-0.00346273565800233,-0.0026495717874246887,-0.0017089220803151938,-0.00437250960189419,0.021345115801960943,1.9268752139867388e-62,1.5800376754691258e-60,True,NO_REPLICATION,2,same_direction,
T0051,momentum.roc,roc_6,spot,15m,LONG,48,8,0.0,53725,-0.0029592248420559674,-158.98435463945685,-6.269571755026645,3.6478554964067684e-10,-0.004145570999043126,-0.0017560502044967452,-0.0008430759065610101,-0.007139215619035795,0.02241784226205315,1.1785379296083406e-09,2.757778755283517e-07,True,NO_REPLICATION,3,same_direction,
T0052,momentum.roc,roc_6,spot,15m,LONG,96,8,0.375,34137,-0.002351777485301972,-80.28262801575342,-2.8028138300762717,0.00506874581148524,-0.004649022297597788,5.872668734267788e-05,0.0030489854860478783,-0.010386352777193455,0.022844899615090893,0.008650049285514314,1.0,True,NO_REPLICATION,4,same_direction,
T0053,momentum.roc,roc_12,spot,15m,LONG,4,8,0.0,118821,-0.0031193123871964368,-370.63981715906783,-57.22769458463608,0.0,-0.0032437609753406165,-0.002990173133403651,-0.0028159501990446395,-0.003509706006623854,0.020643928070693946,0.0,0.0,True,NO_REPLICATION,1,same_direction,
T0054,momentum.roc,roc_12,spot,15m,LONG,16,8,0.0,82502,-0.003166477300991905,-261.24071028643414,-17.196850288007905,3.6586289224251057e-66,-0.0035897886612176193,-0.0027346168004419697,-0.0019925131787293052,-0.0043648561505626295,0.02162020060035418,3.501168943485291e-65,2.76592346535338e-63,True,NO_REPLICATION,2,same_direction,
T0055,momentum.roc,roc_12,spot,15m,LONG,48,8,0.0,51264,-0.0030273645766959504,-155.1948176597412,-6.411032962763218,1.4578979872499917e-10,-0.004171901091534534,-0.0018755953385281294,-0.0012106393962253215,-0.007375017718365417,0.019674671612317417,4.834082799828919e-10,1.1021708783609936e-07,True,NO_REPLICATION,3,same_direction,
T0056,momentum.roc,roc_12,spot,15m,LONG,96,8,0.375,34380,-0.002023003673142189,-69.55086628262845,-2.4626102830757346,0.013797841144300972,-0.004184242913492439,0.0002397593183351402,0.00333206911901068,-0.010420102576508907,0.023768457766385222,0.021507562690910382,1.0,True,NO_REPLICATION,4,same_direction,
T0057,momentum.roc,roc_24,spot,15m,LONG,4,8,0.0,118638,-0.0030730292113930633,-364.57803958125027,-56.54810495513787,0.0,-0.003189642995908807,-0.0029536211407673193,-0.0027947162961265864,-0.003481417769537806,0.021101211211430083,0.0,0.0,True,NO_REPLICATION,1,same_direction,
T0058,momentum.roc,roc_24,spot,15m,LONG,16,8,0.0,84052,-0.0031104406107430767,-261.4387542141771,-17.119176282250496,1.3801153596372799e-65,-0.003523896768896856,-0.0026801793024213622,-0.002349466535183836,-0.004784791066885067,0.020135640102021908,1.3042090148572295e-64,1.0433672118857836e-62,True,NO_REPLICATION,2,same_direction,
T0059,momentum.roc,roc_24,spot,15m,LONG,48,8,0.0,48465,-0.0028950990288240646,-140.3109744319583,-6.214560423889972,5.188629022996102e-10,-0.004055254282222864,-0.0017511769046437368,-0.0005760878517748066,-0.007321382627144352,0.02170803241713876,1.669192996334065e-09,3.922603541385053e-07,True,NO_REPLICATION,3,same_direction,
T0060,momentum.roc,roc_24,spot,15m,LONG,96,8,0.125,32730,-0.0022178920618595058,-72.59160718466163,-2.573048933475009,0.010085058341732974,-0.004562106464485536,0.0001701275601055234,0.0030986925490043235,-0.012310285345697523,0.026437437224983686,0.016502822741017595,1.0,True,NO_REPLICATION,4,same_direction,
T0061,momentum.rsi,rsi_7_30_70,spot,15m,LONG,4,8,0.0,56914,-0.002369236343071203,-134.84271722955447,-28.8649373439954,6.792152028021177e-182,-0.0025783417815436645,-0.002122267109314642,-0.0014024082063954697,-0.003419266228630518,0.025009696290677372,8.70316429353222e-181,5.13486693318401e-179,True,NO_REPLICATION,1,same_direction,
T0062,momentum.rsi,rsi_7_30_70,spot,15m,LONG,16,8,0.0,43613,-0.0021433064993760026,-93.47602635728559,-8.971931731010644,3.026479828858168e-19,-0.00274404108504972,-0.0015505673050695609,-0.0008429248605590385,-0.0043762301786768034,0.024513441472559856,1.2782227657076954e-18,2.288018750616775e-16,True,NO_REPLICATION,2,same_direction,
T0063,momentum.rsi,rsi_7_30_70,spot,15m,LONG,48,8,0.25,32256,-0.0014643576162847217,-47.234319270879986,-2.566971352818652,0.010263576511290194,-0.0028480769989181723,4.6731577289771376e-05,0.0016388268090447326,-0.006628204279334679,0.030514678108941696,0.016698396301017306,1.0,True,NO_REPLICATION,3,same_direction,
T0064,momentum.rsi,rsi_7_30_70,spot,15m,LONG,96,8,0.375,24279,-0.0019327115761822895,-46.92430435812981,-1.9885923312591047,0.04675742612598544,-0.00454667017314913,0.0006614877307641049,0.0026586915034596333,-0.013436348426405145,0.02319983205937881,0.06632010159708254,1.0,True,NO_REPLICATION,4,same_direction,
T0065,momentum.rsi,rsi_14_30_70,spot,15m,LONG,4,8,0.125,22604,-0.002151443390236366,-48.63122639290282,-12.82402877835685,1.6257963571519374e-37,-0.00253226485739529,-0.0016717360615933936,0.00037303923758186366,-0.0037615602325288336,0.032965639004008104,1.1072991405467248e-36,1.2291020460068646e-34,True,NO_REPLICATION,1,same_direction,
T0066,momentum.rsi,rsi_14_30_70,spot,15m,LONG,16,8,0.25,16736,-0.0017256117760370393,-28.87983868375589,-4.409453247817645,1.0427781407091673e-05,-0.0026431466593754512,-0.0007453466627592796,0.002195534135196021,-0.005478587217976484,0.033164089164559346,2.543033143148808e-05,0.007883402743761305,True,NO_REPLICATION,2,same_direction,
T0067,momentum.rsi,rsi_14_30_70,spot,15m,LONG,48,8,0.375,13643,-0.002037159295757431,-27.79296427201863,-2.4791004120622757,0.01318341305299195,-0.0038275078380748022,-0.0001860473731120117,0.0006871040189422808,-0.008940857676097374,0.030028553651340384,0.020807223941674145,1.0,True,NO_REPLICATION,3,same_direction,
T0068,momentum.rsi,rsi_14_30_70,spot,15m,LONG,96,8,0.5,11535,-0.0013585403788280667,-15.67076326978175,-1.025033913589649,0.30536868279880874,-0.004570864956216707,0.0019157951623409988,0.005501599645459767,-0.013014987979211093,0.02066783669506108,0.368783904466293,1.0,True,NO_REPLICATION,4,same_direction,
T0069,momentum.rsi,rsi_21_30_70,spot,15m,LONG,4,8,0.125,10813,-0.001981663593075003,-21.42772843192001,-6.004337887964381,1.982884202791942e-09,-0.0025638390255447326,-0.0012729865473085457,0.002497015038852373,-0.003988236759916094,0.04412453808711016,6.325149608905942e-09,1.4990604573107082e-06,False,NO_REPLICATION,1,same_direction,
T0070,momentum.rsi,rsi_21_30_70,spot,15m,LONG,16,8,0.25,7836,-0.0016731450390245262,-13.110764525796188,-2.7023918289624826,0.006899090816437492,-0.0031866642163900162,-8.527871350230213e-05,0.0041394984269314174,-0.00579605341373812,0.03657894904547051,0.011513714475114225,1.0,False,NO_REPLICATION,2,same_direction,
T0071,momentum.rsi,rsi_21_30_70,spot,15m,LONG,48,8,0.125,6448,-0.002393443979683323,-15.432926780998068,-1.9968662540841604,0.04588168154915171,-0.004841098963615267,0.00011361405904541655,0.0007127239249259133,-0.0083984087578007,0.03388210813741123,0.06520028430668927,1.0,True,NO_REPLICATION,3,same_direction,
T0072,momentum.rsi,rsi_21_30_70,spot,15m,LONG,96,8,0.625,5731,-0.00020402415887277927,-1.169262454499898,-0.11091315814811363,0.911689095812592,-0.003848145007144889,0.003937972855481421,0.007950092814701933,-0.009651626137857729,0.029039260555947622,0.9226733017862377,1.0,False,NO_REPLICATION,4,opposite_direction,
T0073,volatility.atr_natr,natr14_filter,spot,15m,LONG,4,8,0.0,72320,-0.0032807090698909955,-237.2608799345168,-38.5468947492739,0.0,-0.0034720684006070814,-0.0031116481011732203,-0.00291479628026865,-0.0038373793562432867,0.02313025923678443,0.0,0.0,True,NO_REPLICATION,1,same_direction,
T0074,volatility.atr_natr,natr14_filter,spot,15m,LONG,16,8,0.0,46640,-0.0030416318082141145,-141.8617075351063,-11.033794435779635,2.8458925444941463e-28,-0.0036407674356024678,-0.002462870637937221,-0.0014104850993015886,-0.004948193727204159,0.023604749240611678,1.617665235817725e-27,2.1514947636375745e-25,True,NO_REPLICATION,2,same_direction,
T0075,volatility.atr_natr,natr14_filter,spot,15m,LONG,48,8,0.25,28655,-0.0020208396687778963,-57.907160708830624,-2.944371839513481,0.003238707513290625,-0.0037476016023295766,-0.00037981646293058823,0.0022172126689024036,-0.008542870546211395,0.023921622477210025,0.005774676603886113,1.0,True,NO_REPLICATION,3,same_direction,
T0076,volatility.atr_natr,natr14_filter,spot,15m,LONG,96,8,0.625,19857,0.0012994193132203227,25.80256930261595,1.0810279632702597,0.27969780429158103,-0.001781196890500664,0.004501764123032101,0.013077745407761392,-0.008989116824716736,0.061942084249010126,0.3416018417519148,1.0,False,NO_REPLICATION,4,same_direction,
T0077,volatility.bollinger_bandwidth,bb20_2s_filter,spot,15m,LONG,4,8,0.0,113091,-0.003169101485945085,-358.3968561470156,-57.67621884835818,0.0,-0.0032834590779726343,-0.00305043667416513,-0.0030121505549200655,-0.003481153194782966,0.02002306613992546,0.0,0.0,True,NO_REPLICATION,1,same_direction,
T0078,volatility.bollinger_bandwidth,bb20_2s_filter,spot,15m,LONG,16,8,0.0,90634,-0.0030081471696211766,-272.6404105714457,-16.75125508021362,6.896939271723039e-63,-0.00338258495669366,-0.002630223606134365,-0.00223128797830212,-0.0044210439776168784,0.020824984885126668,6.282031433039299e-62,5.214086089422618e-60,True,NO_REPLICATION,2,same_direction,
T0079,volatility.bollinger_bandwidth,bb20_2s_filter,spot,15m,LONG,48,8,0.0,60973,-0.002664159798907135,-162.44181541876475,-5.755387979484284,8.685596100712761e-09,-0.0038690565069673904,-0.0014219297333176331,-0.00012459917808673642,-0.007368097946182581,0.021692369412853803,2.6584253652383998e-08,6.5663106521388476e-06,True,NO_REPLICATION,3,same_direction,
T0080,volatility.bollinger_bandwidth,bb20_2s_filter,spot,15m,LONG,96,8,0.375,38775,-0.0020441363511416125,-79.26138701551602,-2.465609538660696,0.013682331826619768,-0.004396968738906528,0.00045399824754753314,0.004207047488037446,-0.010915810582224371,0.02688804509062807,0.02137157615893501,1.0,True,NO_REPLICATION,4,same_direction,
T0081,volatility.realized_percentile,rv20_p100_filter,spot,15m,LONG,4,8,0.0,64834,-0.0033665751234753325,-218.2685315553997,-41.46682961478963,0.0,-0.0035466945475250682,-0.003182764259790543,-0.0031089483743871726,-0.0039140240656947226,0.019104319526226134,0.0,0.0,True,NO_REPLICATION,1,same_direction,
T0082,volatility.realized_percentile,rv20_p100_filter,spot,15m,LONG,16,8,0.0,44222,-0.0034830747800380646,-154.02853292284328,-14.728930181401052,5.4929175812852226e-49,-0.0040336003218274805,-0.0029088862718270945,-0.0026711370146190595,-0.005927918363002626,0.018969063035080683,4.194591607526898e-48,4.152645691451629e-46,True,NO_REPLICATION,2,same_direction,
T0083,volatility.realized_percentile,rv20_p100_filter,spot,15m,LONG,48,8,0.125,31189,-0.0027674789956980994,-86.31490239682802,-4.73511773851981,2.1988925063134348e-06,-0.004278387409336851,-0.001207694701081643,0.001264936204095655,-0.007895409973758014,0.024348847383015897,5.7521201895258014e-06,0.0016623627347729566,True,NO_REPLICATION,3,same_direction,
T0084,volatility.realized_percentile,rv20_p100_filter,spot,15m,LONG,96,8,0.375,24083,-0.0014711175164406189,-35.428923148439424,-1.5298959795726497,0.12605561330939308,-0.004161793134846201,0.0012903534436589622,0.004469604147215197,-0.009748166093664176,0.03619146377115782,0.16837110187615045,1.0,True,NO_REPLICATION,4,same_direction,
T0085,volume.rvol,rvol20_filter,spot,15m,LONG,4,8,0.0,72837,-0.003240161270526593,-236.00362646134545,-44.63322429967839,0.0,-0.003427850812352227,-0.003064175974669367,-0.002784456134661214,-0.0037117400742176705,0.020105490508965488,0.0,0.0,True,NO_REPLICATION,1,same_direction,
T0086,volume.rvol,rvol20_filter,spot,15m,LONG,16,8,0.0,60802,-0.0033689503714815785,-204.83892048682293,-16.689929014687706,2.137436643499534e-62,-0.0037904525555211835,-0.0029475418217144215,-0.0026932613051975384,-0.005040564528427059,0.020920204881421885,1.9236929791495806e-61,1.6159021024856478e-59,True,NO_REPLICATION,2,same_direction,
T0087,volume.rvol,rvol20_filter,spot,15m,LONG,48,8,0.0,43704,-0.0031547165733268523,-137.87373312067675,-6.306831481401886,2.8752278094922024e-10,-0.004442165230852711,-0.0018741393804183103,-0.000173376165721879,-0.008862588210111422,0.01906449397186712,9.32906533895324e-10,2.173672223976105e-07,True,NO_REPLICATION,3,same_direction,
T0088,volume.rvol,rvol20_filter,spot,15m,LONG,96,8,0.375,31239,-0.0019449421025731965,-60.75804634228409,-2.050948208696937,0.040280313875249364,-0.0046418766382081925,0.0007754389164491685,0.004077295339025433,-0.012917352442912386,0.04875719818776406,0.05745644771639343,1.0,True,NO_REPLICATION,4,same_direction,
T0089,volume.vwap_deviation,vwap_dev20_reversal,spot,15m,LONG,4,8,0.0,121201,-0.0026746228139399785,-324.1669596723393,-47.49786565557995,0.0,-0.002807496644749466,-0.0025430371538778243,-0.002235986659886602,-0.0031616276497350632,0.020175743695151033,0.0,0.0,True,NO_REPLICATION,1,same_direction,
T0090,volume.vwap_deviation,vwap_dev20_reversal,spot,15m,LONG,16,8,0.0,90120,-0.002387492357354539,-215.16081124479103,-12.637335156530655,1.4118237146887638e-36,-0.002857511726811746,-0.0018668818899299185,-0.0006609497115596631,-0.003976682052360787,0.02148710446710546,9.445475471723057e-36,1.0673387283047055e-33,True,NO_REPLICATION,2,same_direction,
T0091,volume.vwap_deviation,vwap_dev20_reversal,spot,15m,LONG,48,8,0.125,56121,-0.002004529999079946,-112.49622807836565,-4.1668038909557525,3.093619320240686e-05,-0.0032162261931168276,-0.0007295575396567831,0.0018664639587808788,-0.0066528172598970285,0.021026773827229082,7.19623448031372e-05,0.023387762061019588,True,NO_REPLICATION,3,same_direction,
T0092,volume.vwap_deviation,vwap_dev20_reversal,spot,15m,LONG,96,8,0.375,37383,-0.0019822502335186303,-74.10246047962696,-2.2728255136578372,0.02304234703150647,-0.0044084860082354484,0.0005154514473685666,0.003547287566232473,-0.011833133510598486,0.024863070965013202,0.0345635205472597,1.0,True,NO_REPLICATION,4,same_direction,
T0093,orderflow.taker_ratio,ratio_sign,spot,15m,LONG,4,8,0.0,138435,-0.003009677457853614,-416.6446988779651,-57.07629167417351,0.0,-0.003116020314751987,-0.002897381999427398,-0.0027027148489905685,-0.0034222691074066664,0.020911135622792912,0.0,0.0,True,NO_REPLICATION,1,same_direction,
T0094,orderflow.taker_ratio,ratio_sign,spot,15m,LONG,16,8,0.0,122082,-0.0028562144540712317,-348.6923729819241,-15.41913449633649,1.367748445935855e-53,-0.0032446438900511055,-0.0024471599666623955,-0.0020312109532659517,-0.004400898363097699,0.021073431195115788,1.148908694586118e-52,1.0340178251275063e-50,True,NO_REPLICATION,2,same_direction,
T0095,orderflow.taker_ratio,ratio_sign,spot,15m,LONG,48,8,0.0,75372,-0.002510240242883871,-189.20182758664313,-5.459771478148387,4.7824797355072484e-08,-0.003616543919789341,-0.0013965771118538137,-0.0002479724212763341,-0.006376722135208911,0.020895609047960662,1.3695282878952577e-07,3.61555468004348e-05,True,NO_REPLICATION,3,same_direction,
T0096,orderflow.taker_ratio,ratio_sign,spot,15m,LONG,96,8,0.375,39409,-0.0024880090882998746,-98.04995016080976,-2.830819792474712,0.004645237020054058,-0.004781348349170405,-4.989161510833658e-05,0.001521820412580417,-0.010497590916741783,0.025840717126293343,0.00799954256756462,1.0,True,NO_REPLICATION,4,same_direction,
T0097,orderflow.cvd,cvd_slope6_sign,spot,15m,LONG,4,8,0.0,136504,-0.0030322685599106533,-413.9167875020438,-56.57391495618502,0.0,-0.003129853777731667,-0.0029344050739490324,-0.0027989914805313064,-0.0033644680947518407,0.022451804974298457,0.0,0.0,True,NO_REPLICATION,1,same_direction,
T0098,orderflow.cvd,cvd_slope6_sign,spot,15m,LONG,16,8,0.0,116501,-0.0028369814250579677,-330.5111730006783,-15.218762609927202,2.9814754829537483e-52,-0.0032387594684051674,-0.0024141086397899752,-0.0018757982280205323,-0.004275197785514588,0.019694611502249312,2.4499950707750363e-51,2.2539954651130335e-49,True,NO_REPLICATION,2,same_direction,
T0099,orderflow.cvd,cvd_slope6_sign,spot,15m,LONG,48,8,0.0,76232,-0.0024831744579599294,-189.29735527920133,-5.472580190990418,4.449224188357062e-08,-0.0036585112550676737,-0.0012993596125399757,-1.3640926233817762e-06,-0.006946979215073698,0.022978694875441165,1.2789404891246916e-07,3.363613486397939e-05,True,NO_REPLICATION,3,same_direction,
T0100,orderflow.cvd,cvd_slope6_sign,spot,15m,LONG,96,8,0.375,48037,-0.0018776005256443706,-90.19429645037863,-2.3344075305386727,0.01957849198964485,-0.004179413895569597,0.0005280885941379392,0.0020578481320898023,-0.009828327761398093,0.02558871164727347,0.029841411177765134,1.0,True,NO_REPLICATION,4,same_direction,
T0101,context.btc_regime,regime_follow,spot,15m,LONG,4,8,0.0,10232,-0.0028623302413380014,-29.287363029370432,-33.28242913834256,1.0358356553882229e-230,-0.0029788583451177612,-0.0027609878468649943,-0.0026053323462037073,-0.003226689506159996,0.02026195734335244,1.4238031917699935e-229,7.830917554734965e-228,True,NO_REPLICATION,1,same_direction,
T0102,context.btc_regime,regime_follow,spot,15m,LONG,16,8,0.0,3835,-0.002606268444150675,-9.99503948331784,-9.64839711158352,8.81158663212451e-22,-0.003028785845389427,-0.0022076379480572405,-0.0016606121612853092,-0.003923613413447804,0.021534844565680604,4.086846315267564e-21,6.66155949388613e-19,True,NO_REPLICATION,2,same_direction,
T0103,context.btc_regime,regime_follow,spot,15m,LONG,48,8,0.125,1640,-0.001588031852616204,-2.6043722382905745,-2.1119276098585846,0.03484362107166028,-0.0032269054483621217,-0.00012967412340037394,0.0017712265602806195,-0.0076272860245792965,0.023117003712103592,0.05056003364716924,1.0,True,NO_REPLICATION,3,same_direction,
T0104,context.btc_regime,regime_follow,spot,15m,LONG,96,8,0.375,979,-0.0018089647860153632,-1.7709765255090406,-1.193858406305996,0.2328228545124928,-0.005144422395196057,0.0013311944595140845,0.004127809903076225,-0.011642432362413356,0.02713860601660219,0.28949683883461275,1.0,True,NO_REPLICATION,4,same_direction,
T0105,context.market_breadth,breadth_0.4_0.6,spot,15m,LONG,4,8,0.0,12121,-0.0028805327650640727,-34.914937645341624,-40.039034099462036,0.0,-0.0029952285147218627,-0.0027744645688341837,-0.0025590271025568378,-0.0032635483595500137,0.021419207497811118,0.0,0.0,True,NO_REPLICATION,1,same_direction,
T0106,context.market_breadth,breadth_0.4_0.6,spot,15m,LONG,16,8,0.0,4978,-0.002527838215789405,-12.583578638199658,-10.990316414137547,8.85585578826515e-28,-0.0029210465171905036,-0.0021487472066290896,-0.0016201799875612455,-0.0033240454180185476,0.02361488949890367,4.9592792414284844e-27,6.695026975928454e-25,True,NO_REPLICATION,2,same_direction,
T0107,context.market_breadth,breadth_0.4_0.6,spot,15m,LONG,48,8,0.125,2240,-0.0017629378553145794,-3.948980795904658,-2.7212595171006666,0.006553704449133642,-0.0030696439465215343,-0.00039244705599821917,0.0017009730000933944,-0.006099029831867165,0.020256967457598744,0.01096150567155981,1.0,True,NO_REPLICATION,3,same_direction,
T0108,context.market_breadth,breadth_0.4_0.6,spot,15m,LONG,96,8,0.25,1322,-0.0011359486045439452,-1.5017240552070956,-0.8764160667624149,0.3809632286654033,-0.0036306099227597206,0.0015736425915319715,0.007892648616348776,-0.009512562584910964,0.02179231377823024,0.44308953980160753,1.0,False,NO_REPLICATION,4,same_direction,
T0109,trend.ema_20_50_spread,ema_10_30,spot,1h,LONG,4,8,0.0,29195,-0.0027418273673477708,-80.04764998971817,-13.086064105282926,5.0949252966490356e-39,-0.003242166680158793,-0.0022339175083156276,-0.0018352982377136135,-0.0049235455244069,0.021936477455181392,3.533728003914377e-38,3.851763524266671e-36,True,NO_REPLICATION,1,same_direction,
T0110,trend.ema_20_50_spread,ema_10_30,spot,1h,LONG,12,8,0.125,23522,-0.002481132829963619,-58.36120642640425,-4.554378517247033,5.280421894965569e-06,-0.003856440055633048,-0.0011333136098255186,7.35611289881967e-05,-0.007133689477854688,0.027112160694173514,1.3131575501953849e-05,0.00399199895259397,True,NO_REPLICATION,2,same_direction,
T0111,trend.ema_20_50_spread,ema_10_30,spot,1h,LONG,24,8,0.25,17708,-0.0024596172938180345,-43.55490303892975,-2.4700352156047214,0.013519328948561834,-0.005403919499903666,0.0004894111354402435,0.0021172086662348166,-0.011985363349296002,0.03202330326970572,0.021204590633013998,1.0,True,NO_REPLICATION,3,same_direction,
T0112,trend.ema_20_50_spread,ema_20_50,spot,1h,LONG,4,8,0.0,28384,-0.0026362247428898715,-74.82660310218611,-12.584924542347233,3.194059499112275e-36,-0.0031422046196720897,-0.0021594358317713904,-0.0019760919875628172,-0.003726168339138343,0.025528187463831994,2.0997469402859823e-35,2.4147089813288798e-33,True,NO_REPLICATION,1,same_direction,
T0113,trend.ema_20_50_spread,ema_20_50,spot,1h,LONG,12,8,0.125,23165,-0.002413202231650014,-55.90182969617258,-4.401027236118337,1.0822086844367073e-05,-0.0037868195885987573,-0.0010913834916053574,0.00013449704894714616,-0.006169838471532686,0.025402950320873387,2.6222748892120216e-05,0.008181497654341507,True,NO_REPLICATION,2,same_direction,
T0114,trend.ema_20_50_spread,ema_20_50,spot,1h,LONG,24,8,0.375,17657,-0.0017843202245714821,-31.50574220525866,-1.813391633211351,0.06978841025639937,-0.0045493347141839086,0.0008416320934370499,0.004310311588897939,-0.007336708229494395,0.04042225361066448,0.09663010650886067,1.0,False,NO_REPLICATION,3,same_direction,
T0115,trend.ema_20_50_spread,ema_50_200,spot,1h,LONG,4,8,0.0,25100,-0.0025643063522705445,-64.36408944199067,-11.954133251435302,7.586513339263185e-33,-0.003099087994339675,-0.0020432309748349567,-0.0013275485346741444,-0.004051025815130237,0.02724332107582741,4.701150888920465e-32,5.735404084482968e-30,True,NO_REPLICATION,1,same_direction,
T0116,trend.ema_20_50_spread,ema_50_200,spot,1h,LONG,12,8,0.25,19801,-0.0018647912503752192,-36.924731548679716,-3.260699338011702,0.0011132560148469901,-0.003383812244297001,-0.0004033983865275116,0.0015633441720885254,-0.006946915436351488,0.024951576554345625,0.0020988068509334777,0.8416215472243246,True,NO_REPLICATION,2,same_direction,
T0117,trend.ema_20_50_spread,ema_50_200,spot,1h,LONG,24,8,0.5,15170,-0.00062396120158968,-9.465491428115445,-0.6095801360743316,0.5421491036339624,-0.0036193021709800648,0.0022825232073228684,0.003756563354601045,-0.00965558690738621,0.03398191032852928,0.59314721034338,1.0,True,NO_REPLICATION,3,opposite_direction,
T0118,trend.ema_50_200_regime,ema_10_30,spot,1h,LONG,4,8,0.0,29195,-0.0027418273673477708,-80.04764998971817,-13.086064105282926,5.0949252966490356e-39,-0.003242166680158793,-0.0022339175083156276,-0.0018352982377136135,-0.0049235455244069,0.021936477455181392,3.533728003914377e-38,3.851763524266671e-36,True,NO_REPLICATION,1,same_direction,
T0119,trend.ema_50_200_regime,ema_10_30,spot,1h,LONG,12,8,0.125,23522,-0.002481132829963619,-58.36120642640425,-4.554378517247033,5.280421894965569e-06,-0.003856440055633048,-0.0011333136098255186,7.35611289881967e-05,-0.007133689477854688,0.027112160694173514,1.3131575501953849e-05,0.00399199895259397,True,NO_REPLICATION,2,same_direction,
T0120,trend.ema_50_200_regime,ema_10_30,spot,1h,LONG,24,8,0.25,17708,-0.0024596172938180345,-43.55490303892975,-2.4700352156047214,0.013519328948561834,-0.005403919499903666,0.0004894111354402435,0.0021172086662348166,-0.011985363349296002,0.03202330326970572,0.021204590633013998,1.0,True,NO_REPLICATION,3,same_direction,
T0121,trend.ema_50_200_regime,ema_20_50,spot,1h,LONG,4,8,0.0,28384,-0.0026362247428898715,-74.82660310218611,-12.584924542347233,3.194059499112275e-36,-0.0031422046196720897,-0.0021594358317713904,-0.0019760919875628172,-0.003726168339138343,0.025528187463831994,2.0997469402859823e-35,2.4147089813288798e-33,True,NO_REPLICATION,1,same_direction,
T0122,trend.ema_50_200_regime,ema_20_50,spot,1h,LONG,12,8,0.125,23165,-0.002413202231650014,-55.90182969617258,-4.401027236118337,1.0822086844367073e-05,-0.0037868195885987573,-0.0010913834916053574,0.00013449704894714616,-0.006169838471532686,0.025402950320873387,2.6222748892120216e-05,0.008181497654341507,True,NO_REPLICATION,2,same_direction,
T0123,trend.ema_50_200_regime,ema_20_50,spot,1h,LONG,24,8,0.375,17657,-0.0017843202245714821,-31.50574220525866,-1.813391633211351,0.06978841025639937,-0.0045493347141839086,0.0008416320934370499,0.004310311588897939,-0.007336708229494395,0.04042225361066448,0.09663010650886067,1.0,False,NO_REPLICATION,3,same_direction,
T0124,trend.ema_50_200_regime,ema_50_200,spot,1h,LONG,4,8,0.0,25100,-0.0025643063522705445,-64.36408944199067,-11.954133251435302,7.586513339263185e-33,-0.003099087994339675,-0.0020432309748349567,-0.0013275485346741444,-0.004051025815130237,0.02724332107582741,4.701150888920465e-32,5.735404084482968e-30,True,NO_REPLICATION,1,same_direction,
T0125,trend.ema_50_200_regime,ema_50_200,spot,1h,LONG,12,8,0.25,19801,-0.0018647912503752192,-36.924731548679716,-3.260699338011702,0.0011132560148469901,-0.003383812244297001,-0.0004033983865275116,0.0015633441720885254,-0.006946915436351488,0.024951576554345625,0.0020988068509334777,0.8416215472243246,True,NO_REPLICATION,2,same_direction,
T0126,trend.ema_50_200_regime,ema_50_200,spot,1h,LONG,24,8,0.5,15170,-0.00062396120158968,-9.465491428115445,-0.6095801360743316,0.5421491036339624,-0.0036193021709800648,0.0022825232073228684,0.003756563354601045,-0.00965558690738621,0.03398191032852928,0.59314721034338,1.0,True,NO_REPLICATION,3,opposite_direction,
T0127,trend.ema_slope,default,spot,1h,LONG,4,8,0.0,29454,-0.0028468855977933534,-83.85216839740544,-13.53279027040833,1.3338723598696816e-41,-0.0033258340172788023,-0.00235821853462331,-0.0012358272749675796,-0.004560130424346356,0.02359994562315652,9.79036411710174e-41,1.0084075040614793e-38,True,NO_REPLICATION,1,same_direction,
T0128,trend.ema_slope,default,spot,1h,LONG,12,8,0.125,23231,-0.002726856103555316,-63.34759414169354,-4.966332580475125,6.871464384416612e-07,-0.003961140053855874,-0.001389029096504404,0.0007439268086036706,-0.008242935095832425,0.0213941864345459,1.8421372605031767e-06,0.0005194827074618959,True,NO_REPLICATION,2,same_direction,
T0129,trend.ema_slope,default,spot,1h,LONG,24,8,0.25,17542,-0.0024840717594635554,-43.57558680450969,-2.5631846906513345,0.010379948803632966,-0.0049041267315495666,0.00022955651129937392,0.003041755963452267,-0.012496389285359531,0.029376130803290403,0.016767609605868636,1.0,True,NO_REPLICATION,3,same_direction,
T0130,trend.adx_dmi,adx14_threshold20,spot,1h,LONG,4,8,0.0,27746,-0.00289717957746523,-80.38514455635027,-13.234053081834633,7.370466795698564e-40,-0.003348077823756296,-0.0024326563260370273,-0.0019423440464553389,-0.004416685342587609,0.021796446216555233,5.3067360929029655e-39,5.572072897548114e-37,True,NO_REPLICATION,1,same_direction,
T0131,trend.adx_dmi,adx14_threshold20,spot,1h,LONG,12,8,0.125,21678,-0.0027563486280808487,-59.75212555953664,-4.863700046189804,1.1601912597721526e-06,-0.004035811138499324,-0.0014400488801526124,0.00039495596773575357,-0.007117213936815886,0.02221468754311115,3.0775599732903417e-06,0.0008771045923877473,True,NO_REPLICATION,2,same_direction,
T0132,trend.adx_dmi,adx14_threshold20,spot,1h,LONG,24,8,0.375,16656,-0.0019041753391143795,-31.715944448289104,-1.8067808003815153,0.07081450357335968,-0.00469047880771781,0.0009763995811324952,0.006940765449944284,-0.011152816096042835,0.03544930244999477,0.09751505410101989,1.0,False,NO_REPLICATION,3,same_direction,
T0133,trend.kaufman_er,er10_threshold0.3,spot,1h,LONG,4,8,0.0,26182,-0.003415411398387584,-89.42230123258372,-15.732178908967452,1.635462417102833e-55,-0.0038785588537214024,-0.0029611331964100583,-0.002123099848885397,-0.0051797715019814995,0.020549829636995882,1.3892242554266763e-54,1.2364095873297418e-52,True,NO_REPLICATION,1,same_direction,
T0134,trend.kaufman_er,er10_threshold0.3,spot,1h,LONG,12,8,0.125,21191,-0.003529400345689369,-74.79152272550341,-6.483212494298404,9.176851811859051e-11,-0.004759762477283743,-0.0022441084495363082,0.0009701283108904631,-0.009027351719254041,0.02293156850721436,3.1250900764709206e-10,6.937699969765443e-08,True,NO_REPLICATION,2,same_direction,
T0135,trend.kaufman_er,er10_threshold0.3,spot,1h,LONG,24,8,0.25,17338,-0.00273832245467843,-47.47703471921462,-2.7630517662231218,0.005732405582025822,-0.005269530306526976,-0.00020152168771942405,0.0037942193061754692,-0.012830294322110919,0.023737126256157304,0.009716813049353186,1.0,True,NO_REPLICATION,3,same_direction,
T0136,trend.donchian,donchian_20,spot,1h,LONG,4,8,0.0,15459,-0.003918872522287335,-60.58185032203992,-13.149982254355514,2.766159762188769e-39,-0.0045717358526323375,-0.003296920957008174,-0.0024949153106168633,-0.006189141035174216,0.02319278294478527,1.9544082058081397e-38,2.0912167802147094e-36,True,NO_REPLICATION,1,same_direction,
T0137,trend.donchian,donchian_20,spot,1h,LONG,12,8,0.125,13422,-0.004063966804936022,-54.54656245585129,-6.394767746827902,1.6611845214942255e-10,-0.005673173985902594,-0.0025084883798144088,9.517500925405864e-05,-0.009606144519474998,0.026088520571605035,5.460241296737541e-10,1.2558554982496345e-07,True,NO_REPLICATION,2,same_direction,
T0138,trend.donchian,donchian_20,spot,1h,LONG,24,8,0.25,11361,-0.0032138504805661948,-36.51255530971254,-2.6973807507261447,0.006999046032118662,-0.0064458641702212745,4.6990033271366296e-05,0.0043868584427641045,-0.01504936989071566,0.03849810077837588,0.011654799119563235,1.0,True,NO_REPLICATION,3,same_direction,
T0139,trend.donchian,donchian_48,spot,1h,LONG,4,8,0.0,11312,-0.0037213022657250467,-42.09537122988173,-9.913759201877426,4.5045019648304764e-23,-0.004547445264954656,-0.002961133457087115,-0.002458386898357718,-0.006319444342956789,0.024711777230928867,2.1151574443551802e-22,3.40540348541184e-20,True,NO_REPLICATION,1,same_direction,
T0140,trend.donchian,donchian_48,spot,1h,LONG,12,8,0.25,9766,-0.003160527216237385,-30.865708793774303,-4.322123489582313,1.56066001455114e-05,-0.005066627845529898,-0.0013613393494586292,0.002390304061849905,-0.008569819654517136,0.030138210144437724,3.721952589907451e-05,0.01179858971000662,True,NO_REPLICATION,2,same_direction,
T0141,trend.donchian,donchian_48,spot,1h,LONG,24,8,0.25,8425,-0.002204811779373225,-18.57553924121942,-1.580078568465721,0.11412641899473108,-0.006014804512162461,0.001526501494966027,0.009729035844023412,-0.014019730389465006,0.060669549197371164,0.15352237145910444,1.0,False,NO_REPLICATION,3,same_direction,
T0142,trend.donchian,donchian_55,spot,1h,LONG,4,8,0.0,10776,-0.0036228691653494597,-39.04003812580578,-9.146543398360546,6.935741548292759e-20,-0.004421070646413412,-0.002843352975545684,-0.0018793411471993424,-0.006115142080563811,0.024170999962144602,3.013460120982371e-19,5.243420610509326e-17,True,NO_REPLICATION,1,same_direction,
T0143,trend.donchian,donchian_55,spot,1h,LONG,12,8,0.25,9307,-0.003336743351139244,-31.055070369052945,-4.388738981725922,1.1526709938323498e-05,-0.005142396169970809,-0.0015471297504104432,0.0017984981872288359,-0.008914337171346844,0.02868955873834721,2.784087128873024e-05,0.008714192713372565,True,NO_REPLICATION,2,same_direction,
T0144,trend.donchian,donchian_55,spot,1h,LONG,24,8,0.25,8051,-0.0020845396632146115,-16.782628828540837,-1.449159512830802,0.1473319938299538,-0.0058823521615886335,0.0016452595182042467,0.010424158108859327,-0.012905714532170895,0.060412155052211924,0.19540874971130714,1.0,False,NO_REPLICATION,3,same_direction,
T0145,momentum.roc,roc_6,spot,1h,LONG,4,8,0.0,29121,-0.003287447991085722,-95.7337729484073,-14.99632147658184,1.1999077310412805e-50,-0.0037697329766026243,-0.0028118021452532087,-0.002180088155243065,-0.005103496494500558,0.020160462010428266,9.548739417549559e-50,9.071302446672081e-48,True,NO_REPLICATION,1,same_direction,
T0146,momentum.roc,roc_6,spot,1h,LONG,12,8,0.0,21907,-0.0036785947289219305,-80.58697472649273,-6.736339839405588,1.664535453171113e-11,-0.004909571867999636,-0.0024718270643121847,-0.0017120448639018435,-0.00821841483161127,0.01878014825923056,5.799026740080007e-11,1.2583888025973615e-08,True,NO_REPLICATION,2,same_direction,
T0147,momentum.roc,roc_6,spot,1h,LONG,24,8,0.25,17116,-0.0025489172219504666,-43.62726717090419,-2.536923288171444,0.01119194924601324,-0.00484158473873054,-0.00019673527732386853,0.0023379214051996106,-0.012264609055808787,0.026991425923330432,0.0179641478343652,1.0,True,NO_REPLICATION,3,same_direction,
T0148,momentum.roc,roc_12,spot,1h,LONG,4,8,0.0,29083,-0.003106317348856266,-90.34102745678678,-14.82217087990333,1.5975541185401449e-49,-0.0035676673523949596,-0.0026353298762713377,-0.0015800520824422542,-0.00429908794163827,0.020589962477478376,1.258073868350364e-48,1.2077509136163495e-46,True,NO_REPLICATION,1,same_direction,
T0149,momentum.roc,roc_12,spot,1h,LONG,12,8,0.125,21590,-0.0025536934427473983,-55.134241428916326,-4.6430806004818335,3.452728099045727e-06,-0.004061591459538164,-0.0009942169066826485,0.0020490656665854714,-0.008115780085486598,0.020840737448233806,8.818454198914086e-06,0.0026102624428785697,True,NO_REPLICATION,2,same_direction,
T0150,momentum.roc,roc_12,spot,1h,LONG,24,8,0.25,16426,-0.002497311428253065,-41.02083752048485,-2.5222676508559574,0.011669465717320728,-0.005075923649920185,0.00019954787728329305,0.005556313129569393,-0.013841401864229963,0.024764889593558673,0.01869092390316625,1.0,True,NO_REPLICATION,3,same_direction,
T0151,momentum.roc,roc_24,spot,1h,LONG,4,8,0.0,28841,-0.0029377468743257465,-84.72755760242886,-13.881943030224377,1.1267046009766393e-43,-0.003469577023381119,-0.0023829665751250763,-0.0018012455161417259,-0.005159660229484831,0.021256642810049672,8.433551270676627e-43,8.517886783383393e-41,True,NO_REPLICATION,1,same_direction,
T0152,momentum.roc,roc_24,spot,1h,LONG,12,8,0.0,21709,-0.003007100732884692,-65.28114981019378,-5.614112314708482,1.9998816297198262e-08,-0.004416172038881737,-0.0015778711364635531,-0.00031836855791937403,-0.008600925108660295,0.02156780878930944,5.999644889159478e-08,1.5119105120681886e-05,True,NO_REPLICATION,2,same_direction,
T0153,momentum.roc,roc_24,spot,1h,LONG,24,8,0.375,15794,-0.0023465928261780303,-37.06208709665581,-2.3179616872073945,0.02046411447050826,-0.005201680555754648,0.0006768814270165115,0.005434476999476381,-0.012496367290379878,0.025473481701415165,0.03106600509980772,1.0,True,NO_REPLICATION,3,same_direction,
T0154,momentum.rsi,rsi_7_30_70,spot,1h,LONG,4,8,0.0,12973,-0.0025690243420038003,-33.3279527888153,-7.3924397845123595,1.5299337063457763e-13,-0.003330081173525782,-0.0017676972387925757,-0.0005100566307358267,-0.006128573407069177,0.028860961114851327,5.534114267930177e-13,1.156629881997407e-10,True,NO_REPLICATION,1,same_direction,
T0155,momentum.rsi,rsi_7_30_70,spot,1h,LONG,12,8,0.125,10350,-0.0026510549674664203,-27.43841891327745,-3.4591663313998833,0.0005440326828990897,-0.004180518924327902,-0.0009791346802145908,0.001576421445697322,-0.008069217398975056,0.028029182582660697,0.0010794979219729969,0.41128870827171177,True,NO_REPLICATION,2,same_direction,
T0156,momentum.rsi,rsi_7_30_70,spot,1h,LONG,24,8,0.5,8771,-0.0013706450892790947,-12.02192807806694,-1.0366302742171092,0.29993677971085664,-0.004204565202809748,0.0017330025870369596,0.009045806685071447,-0.01381465260983045,0.02513841753974753,0.3645533849861859,1.0,False,NO_REPLICATION,3,opposite_direction,
T0157,momentum.rsi,rsi_14_30_70,spot,1h,LONG,4,8,0.125,5535,-0.0021694088273779798,-12.007677859537118,-2.566709275206136,0.01029292682046834,-0.0033757217033202605,-0.0009231084834883234,0.002990153868175285,-0.004031034049949991,0.03296082924983728,0.016698396301017306,1.0,False,NO_REPLICATION,1,same_direction,
T0158,momentum.rsi,rsi_14_30_70,spot,1h,LONG,12,8,0.25,4251,-0.002773982428141232,-11.792199302028378,-2.258040879205848,0.023993625325955528,-0.004862669359460622,-0.0003491876859057368,0.004969204535930764,-0.010136585650466217,0.03874229770433391,0.03570704871342988,1.0,True,NO_REPLICATION,2,same_direction,
T0159,momentum.rsi,rsi_14_30_70,spot,1h,LONG,24,8,0.375,3618,-0.002015124333192242,-7.290719837489531,-0.9950560595023868,0.3197755619914793,-0.0052727550869251455,0.0018623749857350463,0.011367632541269603,-0.008977500033358668,0.02658501721473188,0.3837306743897751,1.0,False,NO_REPLICATION,3,opposite_direction,
T0160,momentum.rsi,rsi_21_30_70,spot,1h,LONG,4,8,0.375,2865,-0.0008780087711636234,-2.515495129383781,-0.5659069462026833,0.5715013738624917,-0.002684498153447768,0.0011281936024761848,0.00810772697816244,-0.004628955194841389,0.022216016231525457,0.6225576925649045,1.0,False,NO_REPLICATION,1,same_direction,
T0161,momentum.rsi,rsi_21_30_70,spot,1h,LONG,12,8,0.25,2172,-0.002846763681103076,-6.183170715355881,-1.4417369417841908,0.14952082660737295,-0.007022450306991269,0.0012063021656050976,0.011542353021334389,-0.012630924448812766,0.04469863142612739,0.197964526996802,1.0,False,NO_REPLICATION,2,opposite_direction,
T0162,momentum.rsi,rsi_21_30_70,spot,1h,LONG,24,8,0.625,1847,0.0008551261588227167,1.5794180153455577,0.27449816982519276,0.7837325244556749,-0.005228545055934825,0.0076743072993005375,0.03510542561053146,-0.01390444088981133,0.033244240621157745,0.817243846191021,1.0,False,NO_REPLICATION,3,same_direction,
T0163,volatility.atr_natr,natr14_filter,spot,1h,LONG,4,8,0.0,16766,-0.0030910127772627322,-51.82392022358697,-8.875689128640143,7.639645732872079e-19,-0.003910020824701807,-0.0023150407581478917,-0.0013499411749936304,-0.005897898659063212,0.024024906380334814,3.1219309048925902e-18,5.775572174051292e-16,True,NO_REPLICATION,1,same_direction,
T0164,volatility.atr_natr,natr14_filter,spot,1h,LONG,12,8,0.25,12066,-0.0024543940351463285,-29.6147184280756,-2.9670013250628213,0.003013094409058593,-0.0041313570394099445,-0.0008078632046141083,0.0041495874111325375,-0.00839505055328626,0.027077579569537377,0.005385104901296209,1.0,True,NO_REPLICATION,2,same_direction,
T0165,volatility.atr_natr,natr14_filter,spot,1h,LONG,24,8,0.375,9224,0.0005907610464152703,5.4491798921344525,0.3853577322843428,0.6999812806054294,-0.0029128591765138654,0.004361828597893858,0.016772261387875385,-0.012700878189796936,0.07006716697875591,0.7463385728937596,1.0,False,NO_REPLICATION,3,same_direction,
T0166,volatility.bollinger_bandwidth,bb20_2s_filter,spot,1h,LONG,4,8,0.0,27665,-0.00322316551853742,-89.16887407033772,-13.072295325921333,6.185423193348721e-39,-0.003713902579760072,-0.0027633167701936016,-0.002353350154490385,-0.004502311577217916,0.02181693863712134,4.2510726674287574e-38,4.676179934171633e-36,True,NO_REPLICATION,1,same_direction,
T0167,volatility.bollinger_bandwidth,bb20_2s_filter,spot,1h,LONG,12,8,0.0,23519,-0.003075664281653197,-72.33654824020154,-5.675874420712673,1.3960561212416247e-08,-0.004350880170693476,-0.0017697987906153928,-0.0009913799489392671,-0.008004686392003444,0.024203948408042242,4.2216737106346726e-08,1.0554184276586682e-05,True,NO_REPLICATION,2,same_direction,
T0168,volatility.bollinger_bandwidth,bb20_2s_filter,spot,1h,LONG,24,8,0.25,19364,-0.002144307357115643,-41.52236766318731,-2.2116430846819557,0.027002969640426155,-0.004483544828941669,0.0004145201563155908,0.004303804324666603,-0.012281001898028623,0.023974855807859574,0.03979384999641749,1.0,True,NO_REPLICATION,3,same_direction,
T0169,volatility.realized_percentile,rv20_p100_filter,spot,1h,LONG,4,8,0.0,15616,-0.0031786675233714122,-49.63807204496797,-9.242937862066235,2.7016457584909558e-20,-0.0038919443860714453,-0.0024889799024689313,-0.0011971256541447027,-0.005087045236934608,0.02543522381272419,1.2014377608348015e-19,2.0424441934191626e-17,True,NO_REPLICATION,1,same_direction,
T0170,volatility.realized_percentile,rv20_p100_filter,spot,1h,LONG,12,8,0.125,11620,-0.003216622528867437,-37.37715378543962,-4.145110904428549,3.420591566650492e-05,-0.0049316360617327045,-0.001389213198504459,0.005569599901328071,-0.007668415075518105,0.021582659830442247,7.884046415816378e-05,0.02585967224387772,False,NO_REPLICATION,2,same_direction,
T0171,volatility.realized_percentile,rv20_p100_filter,spot,1h,LONG,24,8,0.375,8967,-0.0008831348200139222,-7.91906993106484,-0.6483887989448824,0.5167501178337117,-0.0038040380030446097,0.0023557371350023375,0.011751765689179686,-0.012649301584796328,0.043828032506358174,0.5703110789522424,1.0,False,NO_REPLICATION,3,opposite_direction,
T0172,volume.rvol,rvol20_filter,spot,1h,LONG,4,8,0.0,17218,-0.00386616669816312,-66.5676582089726,-13.526492270642594,1.7773265607648504e-41,-0.0045715514658299745,-0.0031344571141563356,-0.0025395070066769818,-0.006380009249564888,0.021330749106559018,1.291979692248295e-40,1.343658879938227e-38,True,NO_REPLICATION,1,same_direction,
T0173,volume.rvol,rvol20_filter,spot,1h,LONG,12,8,0.125,14978,-0.003517297222309873,-52.68207779575728,-5.66611471012326,1.4876023181078976e-08,-0.005178324122491257,-0.0018269973407272265,0.0012318351891380031,-0.011292095406283826,0.020393918974333868,4.4805870617114366e-08,1.1246273524895706e-05,True,NO_REPLICATION,2,same_direction,
T0174,volume.rvol,rvol20_filter,spot,1h,LONG,24,8,0.25,12817,-0.0019081595830420493,-24.456881375849946,-1.6094472254370753,0.10754321527700729,-0.005174662565764112,0.0013717638866693567,0.008285168952660673,-0.01313458345201628,0.04446749620372094,0.14492454679040556,1.0,False,NO_REPLICATION,3,same_direction,
T0175,volume.vwap_deviation,vwap_dev20_reversal,spot,1h,LONG,4,8,0.0,29471,-0.002599095378910346,-76.5979399118668,-11.595254173604472,5.0867486199215515e-31,-0.0030198432350017836,-0.002167581073444279,-0.0019497578538891548,-0.0037501930641834673,0.022141355745573178,3.0764655653285546e-30,3.845581956660693e-28,True,NO_REPLICATION,1,same_direction,
T0176,volume.vwap_deviation,vwap_dev20_reversal,spot,1h,LONG,12,8,0.125,23555,-0.002173121974033996,-51.18788809837077,-3.671465204523134,0.00024169683460019422,-0.003473048314912499,-0.0006895327839235247,0.0013055863110799087,-0.006292215689278552,0.020018762913957197,0.0005006104300212242,0.18272280695774684,True,NO_REPLICATION,2,same_direction,
T0177,volume.vwap_deviation,vwap_dev20_reversal,spot,1h,LONG,24,8,0.25,18234,-0.0023326346050730686,-42.53325938890233,-2.262693491977963,0.02366630328434783,-0.004745049482067583,0.00035806077942946584,0.004135103093000073,-0.012917870573185043,0.025290974958338718,0.035359140875428775,1.0,True,NO_REPLICATION,3,same_direction,
T0178,orderflow.taker_ratio,ratio_sign,spot,1h,LONG,4,8,0.0,34412,-0.002848999070670063,-98.03975601989822,-13.96722077859421,3.2635664402602823e-44,-0.0032548746795758488,-0.002433432799488081,-0.001788506784843602,-0.004162828901590444,0.021364958859711163,2.4672562288367737e-43,2.4672562288367735e-41,True,NO_REPLICATION,1,same_direction,
T0179,orderflow.taker_ratio,ratio_sign,spot,1h,LONG,12,8,0.125,31495,-0.0024705811898676246,-77.81095457488084,-4.438593579175566,9.085580457489048e-06,-0.0036633040739847173,-0.001224318751047255,0.0008398937135263784,-0.007077542690315025,0.019810373807312133,2.2373611810624495e-05,0.00686869882586172,True,NO_REPLICATION,2,same_direction,
T0180,orderflow.taker_ratio,ratio_sign,spot,1h,LONG,24,8,0.5,25452,-0.0013965956881585855,-35.546153455012316,-1.4220921961164323,0.15501174249528973,-0.003649222564514266,0.00102633241336708,0.004286400899281144,-0.00963364205905976,0.04830932599107879,0.20380674317641573,1.0,True,NO_REPLICATION,3,same_direction,
T0181,orderflow.cvd,cvd_slope6_sign,spot,1h,LONG,4,8,0.0,33603,-0.0027506763547586323,-92.43097754895432,-13.223182367649242,8.109161470445597e-40,-0.0031555550742556225,-0.0023147771211951365,-0.001809292660932859,-0.0042659391164521256,0.02179872167921884,5.783515161940445e-39,6.130526071656872e-37,True,NO_REPLICATION,1,same_direction,
T0182,orderflow.cvd,cvd_slope6_sign,spot,1h,LONG,12,8,0.0,29751,-0.0023552241078497447,-70.07027243263775,-4.287222422975288,1.814902457136048e-05,-0.0035136343224835744,-0.001103809756457666,-0.0007684506423544579,-0.006230440280591628,0.0202364785818663,4.301148142930572e-05,0.013720662575948525,True,NO_REPLICATION,2,same_direction,
T0183,orderflow.cvd,cvd_slope6_sign,spot,1h,LONG,24,8,0.625,24727,-0.0012120127797628976,-29.96944000519717,-1.2536393803015846,0.20998496371810366,-0.0035826410198255233,0.0013099897033833382,0.003783504644724119,-0.008994180323818256,0.021772695774163724,0.26502275888294885,1.0,True,NO_REPLICATION,3,opposite_direction,
T0184,context.btc_regime,regime_follow,spot,1h,LONG,4,8,0.0,3259,-0.0024335301485060136,-7.930874753981099,-7.816493288677634,7.274329792061633e-15,-0.00314595566147057,-0.0018131691320744604,-0.0014517355682999423,-0.0032613940877522433,0.021641000397611514,2.6957810405875464e-14,5.4993933227985945e-12,True,NO_REPLICATION,1,same_direction,
T0185,context.btc_regime,regime_follow,spot,1h,LONG,12,8,0.125,1563,-0.001451640349907196,-2.2689138669049473,-1.7415567974341057,0.08178288695349564,-0.0031227648804652225,4.487617038502609e-05,0.000721932548489214,-0.007698954371828084,0.02414848442515219,0.11140155412043731,1.0,True,NO_REPLICATION,2,same_direction,
T0186,context.btc_regime,regime_follow,spot,1h,LONG,24,8,0.625,950,0.0009203934625181267,0.8743737893922203,0.5575632062290331,0.5772741759977416,-0.002955744035572053,0.004429104124772467,0.00744969452533954,-0.01206556849212562,0.024958026365176505,0.6279414058335145,1.0,False,NO_REPLICATION,3,same_direction,
T0187,trend.ema_20_50_spread,ema_10_30,spot,4h,LONG,3,8,0.25,7431,-0.0015617699161788695,-11.60551224712518,-2.5116170580578334,0.012038979393991492,-0.003162697129589717,-4.521761523789908e-05,0.002450756035937517,-0.005885668541042885,0.026573783104981413,0.01912073197869237,1.0,True,NO_REPLICATION,1,same_direction,
T0188,trend.ema_20_50_spread,ema_10_30,spot,4h,LONG,6,8,0.625,6877,-0.0003503270939966054,-2.4091994254146556,-0.30718149252949833,0.7587145343196441,-0.003362724754308893,0.0025482171620501834,0.006369996231430256,-0.008672892600902864,0.036810785926070504,0.7988693425426893,1.0,False,NO_REPLICATION,2,opposite_direction,
T0189,trend.ema_20_50_spread,ema_20_50,spot,4h,LONG,3,8,0.125,7305,-0.0011740585559790703,-8.576497751427109,-1.879320041605719,0.06024058796737247,-0.002716260093207997,0.0003594597872490619,0.0028035443408110554,-0.006622518403184126,0.03738339324702403,0.08402561716482213,1.0,True,NO_REPLICATION,1,same_direction,
T0190,trend.ema_20_50_spread,ema_20_50,spot,4h,LONG,6,8,0.625,6810,0.0008383423136428201,5.709111155907605,0.741712684888261,0.45828701431133495,-0.002288467281540609,0.0038801545872792246,0.007293057823898501,-0.01035399437850584,0.03592065883708835,0.5155728911002517,1.0,False,NO_REPLICATION,2,same_direction,
T0191,trend.ema_20_50_spread,ema_50_200,spot,4h,LONG,3,8,0.25,6768,-0.0018179601230279697,-12.3039541126533,-2.902703853073129,0.00371151218797664,-0.0031500554791944087,-0.0005025112352304274,0.0010508183867354393,-0.008704380127564713,0.028747922168764185,0.006465214779056083,1.0,True,NO_REPLICATION,1,same_direction,
T0192,trend.ema_20_50_spread,ema_50_200,spot,4h,LONG,6,8,0.625,6210,0.00016099325104519422,0.9997680889906562,0.13590276714202065,0.8919025536147404,-0.0025890875378626766,0.0028057369625912256,0.005937190845071377,-0.012682066712896189,0.04533937616914209,0.9046727162925055,1.0,True,NO_REPLICATION,2,same_direction,
T0193,trend.ema_50_200_regime,ema_10_30,spot,4h,LONG,3,8,0.25,7431,-0.0015617699161788695,-11.60551224712518,-2.5116170580578334,0.012038979393991492,-0.003162697129589717,-4.521761523789908e-05,0.002450756035937517,-0.005885668541042885,0.026573783104981413,0.01912073197869237,1.0,True,NO_REPLICATION,1,same_direction,
T0194,trend.ema_50_200_regime,ema_10_30,spot,4h,LONG,6,8,0.625,6877,-0.0003503270939966054,-2.4091994254146556,-0.30718149252949833,0.7587145343196441,-0.003362724754308893,0.0025482171620501834,0.006369996231430256,-0.008672892600902864,0.036810785926070504,0.7988693425426893,1.0,False,NO_REPLICATION,2,opposite_direction,
T0195,trend.ema_50_200_regime,ema_20_50,spot,4h,LONG,3,8,0.125,7305,-0.0011740585559790703,-8.576497751427109,-1.879320041605719,0.06024058796737247,-0.002716260093207997,0.0003594597872490619,0.0028035443408110554,-0.006622518403184126,0.03738339324702403,0.08402561716482213,1.0,True,NO_REPLICATION,1,same_direction,
T0196,trend.ema_50_200_regime,ema_20_50,spot,4h,LONG,6,8,0.625,6810,0.0008383423136428201,5.709111155907605,0.741712684888261,0.45828701431133495,-0.002288467281540609,0.0038801545872792246,0.007293057823898501,-0.01035399437850584,0.03592065883708835,0.5155728911002517,1.0,False,NO_REPLICATION,2,same_direction,
T0197,trend.ema_50_200_regime,ema_50_200,spot,4h,LONG,3,8,0.25,6768,-0.0018179601230279697,-12.3039541126533,-2.902703853073129,0.00371151218797664,-0.0031500554791944087,-0.0005025112352304274,0.0010508183867354393,-0.008704380127564713,0.028747922168764185,0.006465214779056083,1.0,True,NO_REPLICATION,1,same_direction,
T0198,trend.ema_50_200_regime,ema_50_200,spot,4h,LONG,6,8,0.625,6210,0.00016099325104519422,0.9997680889906562,0.13590276714202065,0.8919025536147404,-0.0025890875378626766,0.0028057369625912256,0.005937190845071377,-0.012682066712896189,0.04533937616914209,0.9046727162925055,1.0,True,NO_REPLICATION,2,same_direction,
T0199,trend.ema_slope,default,spot,4h,LONG,3,8,0.125,7536,-0.001915455831540294,-14.434875146487656,-3.0666644266823235,0.0021722900288514892,-0.003409268752669987,-0.00034528664315176165,0.003913945264084677,-0.006748017606014258,0.02151899684903156,0.003976395307050184,1.0,False,NO_REPLICATION,1,same_direction,
T0200,trend.ema_slope,default,spot,4h,LONG,6,8,0.625,6978,-0.0003987312221067883,-2.782346467861169,-0.3438519056892909,0.7309680242296916,-0.0032802412327017413,0.002595815625646297,0.007987810842652071,-0.00924476943747575,0.039436973205406005,0.7728836731715341,1.0,False,NO_REPLICATION,2,opposite_direction,
T0201,trend.adx_dmi,adx14_threshold20,spot,4h,LONG,3,8,0.125,7313,-0.0025787989602846866,-18.858756796561913,-4.0221664813118565,5.824584610325048e-05,-0.0041369276860353035,-0.0010099792777095364,0.0026937223270758633,-0.006869411355130298,0.02124146777533852,0.00013144435717629064,0.044033859654057365,True,NO_REPLICATION,1,same_direction,
T0202,trend.adx_dmi,adx14_threshold20,spot,4h,LONG,6,8,0.375,6668,-0.0015056673009916177,-10.039789563012107,-1.2624945722625398,0.20681503564268444,-0.0044764745854176495,0.0014815802408734851,0.007404239262545086,-0.009907157344739846,0.050504071876094056,0.26189642704500743,1.0,False,NO_REPLICATION,2,opposite_direction,
T0203,trend.kaufman_er,er10_threshold0.3,spot,4h,LONG,3,8,0.25,6746,-0.0016625868328877691,-11.215810774660891,-2.2684102906524144,0.02333568164018744,-0.003519251845264584,0.0003284698039761718,0.0062846377507904515,-0.009177694810687987,0.022575133698556443,0.03493420855441921,1.0,False,NO_REPLICATION,1,same_direction,
T0204,trend.kaufman_er,er10_threshold0.3,spot,4h,LONG,6,8,0.25,6182,-0.00174169854180439,-10.76718038543474,-1.2615065345897014,0.20717401279415218,-0.005337959093283872,0.0021706828810016537,0.010768585885916749,-0.015946383335191175,0.0466149832567165,0.2619122971110017,1.0,False,NO_REPLICATION,2,opposite_direction,
T0205,trend.donchian,donchian_20,spot,4h,LONG,3,8,0.375,4101,-0.0013722917428115795,-5.627768437270287,-1.4394121269081561,0.15011013125354594,-0.0037950011535426258,0.0011414602049537735,0.008028277205964711,-0.011314922386521866,0.0348913598364812,0.19839730634209918,1.0,False,NO_REPLICATION,1,same_direction,
T0206,trend.donchian,donchian_20,spot,4h,LONG,6,8,0.375,3842,0.001010099466966286,3.8808021520844704,0.5399714225158577,0.5892480441238994,-0.0035203458791851893,0.005922124239043059,0.021559276767899448,-0.013926059167755488,0.0810717978798083,0.6382113486499541,1.0,False,NO_REPLICATION,2,same_direction,
T0207,trend.donchian,donchian_48,spot,4h,LONG,3,8,0.5,3096,0.0007413959944110887,2.2953619986967304,0.6551191343699113,0.512439739714863,-0.001999284487671012,0.0033325063086763643,0.008023601816351157,-0.008105207081552528,0.05141834111469962,0.5680417056076781,1.0,False,NO_REPLICATION,1,same_direction,
T0208,trend.donchian,donchian_48,spot,4h,LONG,6,8,0.5,2884,0.002601292669666167,7.502128059317226,1.115084415830314,0.26490719035432964,-0.002883741564271753,0.008538152224138514,0.01966896341336585,-0.01274305276467377,0.08779355244924578,0.32511336998031365,1.0,False,NO_REPLICATION,2,same_direction,
T0209,trend.donchian,donchian_55,spot,4h,LONG,3,8,0.5,2936,0.0008424869344200009,2.473541639457123,0.7172430297701311,0.47328122865162353,-0.0019239600677250497,0.003532560040266129,0.008522869412740167,-0.006683373980264656,0.041992380391912734,0.5300749760898184,1.0,False,NO_REPLICATION,1,same_direction,
T0210,trend.donchian,donchian_55,spot,4h,LONG,6,8,0.5,2734,0.003402867481520523,9.30343969447711,1.398423008783976,0.16209953548209916,-0.002130885000027534,0.009423697489644254,0.021414937181572804,-0.011357326011084516,0.09384105099805437,0.21201946163402588,1.0,False,NO_REPLICATION,2,same_direction,
T0211,momentum.roc,roc_6,spot,4h,LONG,3,8,0.125,7392,-0.0027332711608926657,-20.204340421318584,-4.301391063360265,1.7191337595020995e-05,-0.004290981634352658,-0.0011217716740821915,0.0027312573687152445,-0.008435997179890204,0.025739640581344318,4.086997239571029e-05,0.012996651221835872,True,NO_REPLICATION,1,same_direction,
T0212,momentum.roc,roc_6,spot,4h,LONG,6,8,0.25,6324,-0.0023617427293094084,-14.935661020152699,-1.910492940057502,0.05611495900413426,-0.005431366261793884,0.0008575162923050641,0.007403950514718959,-0.014910054558131321,0.02071595831779924,0.07868712082335047,1.0,True,NO_REPLICATION,2,same_direction,
T0213,momentum.roc,roc_12,spot,4h,LONG,3,8,0.125,7525,-0.001967151056875368,-14.802811702987144,-2.989635317796201,0.002802140822916723,-0.0035877447762119896,-0.00014880796001102983,0.0029900518508354018,-0.008749288008504268,0.0261717173010444,0.005053655563171795,1.0,True,NO_REPLICATION,1,same_direction,
T0214,momentum.roc,roc_12,spot,4h,LONG,6,8,0.5,6716,-0.0016687136558904646,-11.207080912960361,-1.2876478234140876,0.1979129587716987,-0.004751880650793842,0.0016565852651742466,0.008460693209248523,-0.011030641885731933,0.03927411452231048,0.25188922025488925,1.0,False,NO_REPLICATION,2,opposite_direction,
T0215,momentum.roc,roc_24,spot,4h,LONG,3,8,0.25,7458,-0.0013394054613147003,-9.989285930485035,-2.2559440645310356,0.024102985398952004,-0.0027516412694418425,7.596577802749662e-05,0.003213247857819256,-0.006764808267739116,0.023270514137400108,0.03579932605423912,1.0,True,NO_REPLICATION,1,same_direction,
T0216,momentum.roc,roc_24,spot,4h,LONG,6,8,0.5,6801,-5.480364596542075e-05,-0.3727195962108265,-0.043922823036987316,0.9649672123505643,-0.0029144865633050367,0.0029272414426921795,0.008414704409315854,-0.008069298142105757,0.034743689002359565,0.9691777173403126,1.0,False,NO_REPLICATION,2,opposite_direction,
T0217,momentum.rsi,rsi_7_30_70,spot,4h,LONG,3,8,0.25,3266,-0.003135179443940271,-10.239496063908925,-3.164644355887739,0.0015670057707604255,-0.004624478997995169,-0.0014015751849080866,0.000629084828019292,-0.008088996739976342,0.045662068278337846,0.002925077438752794,1.0,True,NO_REPLICATION,1,same_direction,
T0218,momentum.rsi,rsi_7_30_70,spot,4h,LONG,6,8,0.5,2871,-0.001974278143469859,-5.668152549901966,-1.1069318457457313,0.2684161638277577,-0.004776798508774837,0.0016876474932939305,0.013300888785633319,-0.014918502302838397,0.030574719823081097,0.32835375380871323,1.0,False,NO_REPLICATION,2,same_direction,
T0219,momentum.rsi,rsi_14_30_70,spot,4h,LONG,3,8,0.375,1494,-0.0014624750033792933,-2.1849376550486643,-0.8056522737930691,0.42057166824607717,-0.0040389093992180035,0.0016732637242601231,0.009450664772442519,-0.008526471398002331,0.03680413187622979,0.48026040411751064,1.0,False,NO_REPLICATION,1,same_direction,
T0220,momentum.rsi,rsi_14_30_70,spot,4h,LONG,6,8,0.375,1276,0.0011987544561237978,1.529610686013966,0.3841566033433627,0.7009264375060441,-0.003240012386316241,0.006835187806049753,0.03229185263381618,-0.011824940698421108,0.025102283568081758,0.7463385728937596,1.0,False,NO_REPLICATION,2,same_direction,
T0221,momentum.rsi,rsi_21_30_70,spot,4h,LONG,3,8,0.375,779,-0.0013555865920199806,-1.0560019551835649,-0.45644442014098346,0.6481978250139121,-0.005580560436155635,0.0036732490235056084,0.01658122778156758,-0.00845282898671125,0.04802415526868114,0.6980591961688284,1.0,False,NO_REPLICATION,1,same_direction,
T0222,momentum.rsi,rsi_21_30_70,spot,4h,LONG,6,8,0.5,657,0.0015440754199109307,1.0144575508814815,0.2953447312340376,0.7678240027250406,-0.006445705788455311,0.010780580413782619,0.044237415579108916,-0.016136878172668505,0.035390471579821274,0.8062152028612927,1.0,False,NO_REPLICATION,2,same_direction,
T0223,volatility.atr_natr,natr14_filter,spot,4h,LONG,3,8,0.125,3833,-0.002676525495156141,-10.259122222933488,-2.3768853743603175,0.017508340757434626,-0.005041846993079921,-0.00011402604012495752,0.003131859141764007,-0.010996900232357713,0.02643304432688754,0.026794140916235987,1.0,True,NO_REPLICATION,1,same_direction,
T0224,volatility.atr_natr,natr14_filter,spot,4h,LONG,6,8,0.25,3169,-0.001308387576257377,-4.146280229159627,-0.6117280204572108,0.5407616156618125,-0.00655959537635432,0.0037326031763473843,0.013432113481169902,-0.01709326022106499,0.04510475740279398,0.59314721034338,1.0,False,NO_REPLICATION,2,opposite_direction,
T0225,volatility.bollinger_bandwidth,bb20_2s_filter,spot,4h,LONG,3,8,0.125,7149,-0.002599849243913766,-18.586322244739513,-4.1616098546045555,3.1971817900499995e-05,-0.003920277933699243,-0.00115580268006965,0.0021858664059500386,-0.006772205536846351,0.021862115755616564,7.391649643051375e-05,0.024170694332777996,True,NO_REPLICATION,1,same_direction,
T0226,volatility.bollinger_bandwidth,bb20_2s_filter,spot,4h,LONG,6,8,0.5,6649,-0.0009856973902119914,-6.553901947519531,-0.8403042777701502,0.40076802313518517,-0.0037020416092979395,0.0019283105565365939,0.0069821291446152635,-0.008821602391782053,0.05567005683318609,0.46115772525144594,1.0,False,NO_REPLICATION,2,same_direction,
T0227,volatility.realized_percentile,rv20_p100_filter,spot,4h,LONG,3,8,0.25,4179,-0.0022757164019639644,-9.510218843807408,-2.185000395896652,0.028944184663454924,-0.00498695055756781,0.0002402714851973303,0.0023397466016653688,-0.01154612367409411,0.031101303179347617,0.042571602345470666,1.0,True,NO_REPLICATION,1,same_direction,
T0228,volatility.realized_percentile,rv20_p100_filter,spot,4h,LONG,6,8,0.5,3486,0.00028993939883752834,1.0107287443476238,0.13489061961919677,0.892706145971176,-0.004567034014000537,0.005297474762456633,0.016548898596613765,-0.01583023440152596,0.04122935134895638,0.9046727162925055,1.0,False,NO_REPLICATION,2,same_direction,
T0229,volume.rvol,rvol20_filter,spot,4h,LONG,3,8,0.25,4651,-0.0020830863808347705,-9.688434757262517,-2.31521568567601,0.020644449861005346,-0.004314826795226863,0.0004031306276815447,0.0073397655275027895,-0.011699274436527093,0.03153437213352908,0.03127696211406822,1.0,False,NO_REPLICATION,1,same_direction,
T0230,volume.rvol,rvol20_filter,spot,4h,LONG,6,8,0.25,4301,-0.0014837784987329118,-6.3817313230502535,-0.8409187007266901,0.40044023953454044,-0.005725839052284858,0.003329530459884842,0.018931640476687276,-0.011622072087991021,0.06383180262080339,0.46115772525144594,1.0,False,NO_REPLICATION,2,same_direction,
T0231,volume.vwap_deviation,vwap_dev20_reversal,spot,4h,LONG,3,8,0.0,7612,-0.0027917565624343806,-21.250850953250506,-4.483458050886255,7.4519050768109e-06,-0.003907131863124224,-0.0016455301862791055,-0.001408976673249866,-0.006690870730105535,0.023436676986333,1.8470951600226363e-05,0.005633640238069041,True,NO_REPLICATION,1,same_direction,
T0232,volume.vwap_deviation,vwap_dev20_reversal,spot,4h,LONG,6,8,0.25,6899,-0.0022514993603313257,-15.533094086925816,-1.8118938250550138,0.0700460702421508,-0.004731584276063501,0.0003115276307600566,0.0037755076550918497,-0.011287191306025885,0.027732464635891796,0.09680955960341134,1.0,True,NO_REPLICATION,2,same_direction,
T0233,orderflow.taker_ratio,ratio_sign,spot,4h,LONG,3,8,0.125,8632,-0.002335743674643905,-20.162139399526186,-3.855800718397425,0.00011618924991566632,-0.003650660874236447,-0.0008972837500672281,0.001590961605941853,-0.007012217469631737,0.01987834114276163,0.0002509687798178393,0.08783907293624374,True,NO_REPLICATION,1,same_direction,
T0234,orderflow.taker_ratio,ratio_sign,spot,4h,LONG,6,8,0.375,8392,-0.001408282975389026,-11.818310729464706,-1.2672045434722106,0.20511732939588825,-0.003753706792827679,0.0010866161200261972,0.005529437688588554,-0.008889427314030132,0.02280826121320526,0.26018238426726764,1.0,False,NO_REPLICATION,2,opposite_direction,
T0235,orderflow.cvd,cvd_slope6_sign,spot,4h,LONG,3,8,0.125,8386,-0.002038641153907324,-17.096044716666817,-3.4323680980226214,0.0006012251987967357,-0.0033958739121641573,-0.0006090025763305187,0.0009771386457992476,-0.006278400158918238,0.024995963692637558,0.0011898592939537493,0.4545262502903322,True,NO_REPLICATION,1,same_direction,
T0236,orderflow.cvd,cvd_slope6_sign,spot,4h,LONG,6,8,0.5,7919,-0.001276998861335213,-10.112553982913552,-1.1524591955844876,0.2491672202641719,-0.004054654321816596,0.001365259155435736,0.0037638082800310895,-0.008066058692327,0.02093414843970332,0.30829855731540745,1.0,True,NO_REPLICATION,2,opposite_direction,
T0237,context.btc_regime,regime_follow,spot,4h,LONG,3,8,0.625,2008,9.040986688873638e-05,0.18154301271258266,0.098378246022089,0.9216417719800655,-0.002114017706981264,0.001833227326701697,0.0023063366151546056,-0.005475922594358434,0.026063431452024055,0.9314989032311892,1.0,True,NO_REPLICATION,1,same_direction,
T0238,context.btc_regime,regime_follow,spot,4h,LONG,6,8,0.625,1381,0.0015003815329708787,2.0720268970327833,0.8886291793168188,0.3743572667489238,-0.002276736731148495,0.004644588924187193,0.006114863033371611,-0.011789989588861335,0.02634955100412808,0.43742518340368836,1.0,False,NO_REPLICATION,2,opposite_direction,
T0239,context.market_breadth,breadth_0.4_0.6,spot,4h,LONG,3,8,0.25,903,-0.0011016930415711284,-0.994828816538729,-1.0310184984851347,0.3028085138774214,-0.00340286023632373,0.001122361754549907,0.004019702602627139,-0.0078014480516330155,0.037297866272742744,0.367453028075972,1.0,False,NO_REPLICATION,1,same_direction,
T0240,context.market_breadth,breadth_0.4_0.6,spot,4h,LONG,6,8,0.375,634,-0.00044514433750051914,-0.28222150997532913,-0.2327796635207722,0.8160077512531608,-0.004020453104808687,0.0029213246439604096,0.009063806901829693,-0.014756373477972597,0.03361051512575704,0.8472811352369173,1.0,False,NO_REPLICATION,2,opposite_direction,
T0241,trend.ema_20_50_spread,ema_10_30,um,15m,LONG,4,8,0.0,111165,-0.0018829126456181963,-209.3139842501468,-34.8072501059632,5.034884672172168e-264,-0.001993829614634578,-0.0017649745665865863,-0.0015549782783915026,-0.002299109451882133,0.0238583074637266,9.283836127224779e-263,3.8063728121621592e-261,True,NO_REPLICATION,1,same_direction,0.0002258609159450553
T0242,trend.ema_20_50_spread,ema_10_30,um,15m,LONG,16,8,0.0,80382,-0.0018014586352817286,-144.80484802121592,-9.565088162433533,1.1512564883984688e-21,-0.002167140200697588,-0.0013975348000353194,-0.0010882308215688719,-0.0029796572290818673,0.02378362368020025,5.2748479104802575e-21,8.703499052292425e-19,True,NO_REPLICATION,2,same_direction,0.000530571082219089
T0243,trend.ema_20_50_spread,ema_10_30,um,15m,LONG,48,8,0.125,46817,-0.0013860576695831242,-64.89106191687313,-2.895873874906034,0.003782792294372667,-0.0026212583944158967,-6.681818417195093e-05,0.0011657407078445386,-0.005477718872471487,0.028493320121858436,0.006559153611343432,1.0,True,NO_REPLICATION,3,same_direction,0.001632966684107816
T0244,trend.ema_20_50_spread,ema_10_30,um,15m,LONG,96,8,0.5,31200,-0.0006266363744265102,-19.551054882107117,-0.712472734591289,0.47617741746580106,-0.002947524764697828,0.0018740104903409432,0.0048329933446242136,-0.009260655353528605,0.03705210435845131,0.5317431722365519,1.0,False,NO_REPLICATION,4,same_direction,0.002431349505590143
T0245,trend.ema_20_50_spread,ema_20_50,um,15m,LONG,4,8,0.0,110693,-0.0018649023757750407,-206.43163868166658,-34.13713232617728,4.387162222345767e-254,-0.0020009783001756105,-0.0017139373803852598,-0.0013058984904102489,-0.002463179552541706,0.02379396656436347,6.909780500194583e-253,3.3166946400933998e-251,True,NO_REPLICATION,1,same_direction,0.00024833920474386095
T0246,trend.ema_20_50_spread,ema_20_50,um,15m,LONG,16,8,0.0,82168,-0.0016556204090525909,-136.0390177710333,-8.878815124025817,6.88982603602247e-19,-0.002070384341797373,-0.0012183364244862647,-0.00019642661448235343,-0.0029883235868014353,0.028953473116306815,2.8462887886519053e-18,5.208708483232987e-16,True,NO_REPLICATION,2,same_direction,0.0007038149557385925
T0247,trend.ema_20_50_spread,ema_20_50,um,15m,LONG,48,8,0.125,47268,-0.0014539498726992403,-68.72530258274769,-3.0187517572143885,0.0025395370146419384,-0.002692521598186722,-0.00017063033484182916,0.001426138520648748,-0.006471518026986853,0.033475992963411465,0.004604052717192579,1.0,True,NO_REPLICATION,3,same_direction,0.0015233471071864609
T0248,trend.ema_20_50_spread,ema_20_50,um,15m,LONG,96,8,0.625,30712,-0.0008092994872319084,-24.855205851866373,-0.9160231154672883,0.35966196369316383,-0.0032126986780670694,0.0017518482003298468,0.004697927689847201,-0.009535871703597118,0.04690737137206398,0.4241879010172104,1.0,True,NO_REPLICATION,4,same_direction,0.00257296233948486
T0249,trend.ema_20_50_spread,ema_50_200,um,15m,LONG,4,8,0.0,109179,-0.0018670637987606934,-203.84415848489374,-34.29419784125565,2.2350056848302094e-256,-0.0019888974467604085,-0.0017311989233234207,-0.0015258129433574105,-0.0023047822091596206,0.024999580281646245,3.9294518551898566e-255,1.6896642977316383e-253,True,NO_REPLICATION,1,same_direction,0.00017727576194183185
T0250,trend.ema_20_50_spread,ema_50_200,um,15m,LONG,16,8,0.0,80712,-0.0015787256010300775,-127.4221007103396,-8.217929890739299,2.1007728461169089e-16,-0.0020361952607034607,-0.0011058992090272458,-0.000734928601139179,-0.0029699904840476007,0.02994275238391322,8.102980977879505e-16,1.588184271664383e-13,True,NO_REPLICATION,2,same_direction,0.0005513010527483377
T0251,trend.ema_20_50_spread,ema_50_200,um,15m,LONG,48,8,0.25,45937,-0.0008814976935801691,-40.49335954999223,-1.7819382808020325,0.07476590095101712,-0.0022452078763415696,0.0004347102041202454,0.0011726431049036026,-0.004599186918560817,0.030172916033291013,0.1022770768207309,1.0,True,NO_REPLICATION,3,same_direction,0.0017692646575459274
T0252,trend.ema_20_50_spread,ema_50_200,um,15m,LONG,96,8,0.5,28633,-1.2280121988173136e-05,-0.3516167328873614,-0.013553843706486452,0.9891860229050348,-0.002640030636559238,0.002468688406790685,0.005422859295997811,-0.006013251052935374,0.05513205303983223,0.9904962030678228,1.0,False,NO_REPLICATION,4,same_direction,0.0031448792354550163
T0253,trend.ema_50_200_regime,ema_10_30,um,15m,LONG,4,8,0.0,111165,-0.0018829126456181963,-209.3139842501468,-34.8072501059632,5.034884672172168e-264,-0.001993829614634578,-0.0017649745665865863,-0.0015549782783915026,-0.002299109451882133,0.0238583074637266,9.283836127224779e-263,3.8063728121621592e-261,True,NO_REPLICATION,1,same_direction,0.0002258609159450553
T0254,trend.ema_50_200_regime,ema_10_30,um,15m,LONG,16,8,0.0,80382,-0.0018014586352817286,-144.80484802121592,-9.565088162433533,1.1512564883984688e-21,-0.002167140200697588,-0.0013975348000353194,-0.0010882308215688719,-0.0029796572290818673,0.02378362368020025,5.2748479104802575e-21,8.703499052292425e-19,True,NO_REPLICATION,2,same_direction,0.000530571082219089
T0255,trend.ema_50_200_regime,ema_10_30,um,15m,LONG,48,8,0.125,46817,-0.0013860576695831242,-64.89106191687313,-2.895873874906034,0.003782792294372667,-0.0026212583944158967,-6.681818417195093e-05,0.0011657407078445386,-0.005477718872471487,0.028493320121858436,0.006559153611343432,1.0,True,NO_REPLICATION,3,same_direction,0.001632966684107816
T0256,trend.ema_50_200_regime,ema_10_30,um,15m,LONG,96,8,0.5,31200,-0.0006266363744265102,-19.551054882107117,-0.712472734591289,0.47617741746580106,-0.002947524764697828,0.0018740104903409432,0.0048329933446242136,-0.009260655353528605,0.03705210435845131,0.5317431722365519,1.0,False,NO_REPLICATION,4,same_direction,0.002431349505590143
T0257,trend.ema_50_200_regime,ema_20_50,um,15m,LONG,4,8,0.0,110693,-0.0018649023757750407,-206.43163868166658,-34.13713232617728,4.387162222345767e-254,-0.0020009783001756105,-0.0017139373803852598,-0.0013058984904102489,-0.002463179552541706,0.02379396656436347,6.909780500194583e-253,3.3166946400933998e-251,True,NO_REPLICATION,1,same_direction,0.00024833920474386095
T0258,trend.ema_50_200_regime,ema_20_50,um,15m,LONG,16,8,0.0,82168,-0.0016556204090525909,-136.0390177710333,-8.878815124025817,6.88982603602247e-19,-0.002070384341797373,-0.0012183364244862647,-0.00019642661448235343,-0.0029883235868014353,0.028953473116306815,2.8462887886519053e-18,5.208708483232987e-16,True,NO_REPLICATION,2,same_direction,0.0007038149557385925
T0259,trend.ema_50_200_regime,ema_20_50,um,15m,LONG,48,8,0.125,47268,-0.0014539498726992403,-68.72530258274769,-3.0187517572143885,0.0025395370146419384,-0.002692521598186722,-0.00017063033484182916,0.001426138520648748,-0.006471518026986853,0.033475992963411465,0.004604052717192579,1.0,True,NO_REPLICATION,3,same_direction,0.0015233471071864609
T0260,trend.ema_50_200_regime,ema_20_50,um,15m,LONG,96,8,0.625,30712,-0.0008092994872319084,-24.855205851866373,-0.9160231154672883,0.35966196369316383,-0.0032126986780670694,0.0017518482003298468,0.004697927689847201,-0.009535871703597118,0.04690737137206398,0.4241879010172104,1.0,True,NO_REPLICATION,4,same_direction,0.00257296233948486
T0261,trend.ema_50_200_regime,ema_50_200,um,15m,LONG,4,8,0.0,109179,-0.0018670637987606934,-203.84415848489374,-34.29419784125565,2.2350056848302094e-256,-0.0019888974467604085,-0.0017311989233234207,-0.0015258129433574105,-0.0023047822091596206,0.024999580281646245,3.9294518551898566e-255,1.6896642977316383e-253,True,NO_REPLICATION,1,same_direction,0.00017727576194183185
T0262,trend.ema_50_200_regime,ema_50_200,um,15m,LONG,16,8,0.0,80712,-0.0015787256010300775,-127.4221007103396,-8.217929890739299,2.1007728461169089e-16,-0.0020361952607034607,-0.0011058992090272458,-0.000734928601139179,-0.0029699904840476007,0.02994275238391322,8.102980977879505e-16,1.588184271664383e-13,True,NO_REPLICATION,2,same_direction,0.0005513010527483377
T0263,trend.ema_50_200_regime,ema_50_200,um,15m,LONG,48,8,0.25,45937,-0.0008814976935801691,-40.49335954999223,-1.7819382808020325,0.07476590095101712,-0.0022452078763415696,0.0004347102041202454,0.0011726431049036026,-0.004599186918560817,0.030172916033291013,0.1022770768207309,1.0,True,NO_REPLICATION,3,same_direction,0.0017692646575459274
T0264,trend.ema_50_200_regime,ema_50_200,um,15m,LONG,96,8,0.5,28633,-1.2280121988173136e-05,-0.3516167328873614,-0.013553843706486452,0.9891860229050348,-0.002640030636559238,0.002468688406790685,0.005422859295997811,-0.006013251052935374,0.05513205303983223,0.9904962030678228,1.0,False,NO_REPLICATION,4,same_direction,0.0031448792354550163
T0265,trend.ema_slope,default,um,15m,LONG,4,8,0.0,110561,-0.0019888017879826545,-219.88391448115027,-35.992286167838195,4.796833301136539e-282,-0.0021073994751341397,-0.001873733801058098,-0.0016511975017885349,-0.0023253659075317358,0.023419317905150252,1.0989109017149163e-280,3.626405975659224e-279,True,NO_REPLICATION,1,same_direction,0.00016055262124584557
T0266,trend.ema_slope,default,um,15m,LONG,16,8,0.0,78001,-0.001883357759158846,-146.90378857214915,-9.961881056777123,2.3110444335649985e-23,-0.0023159027728211277,-0.0014498952296320149,-0.0011509546031578388,-0.0028875357317392544,0.025767578203387837,1.105790880870341e-22,1.7471495917751387e-20,True,NO_REPLICATION,2,same_direction,0.000466774748885959
T0267,trend.ema_slope,default,um,15m,LONG,48,8,0.125,46804,-0.0017397616066372682,-81.4278022370507,-3.6338922263379985,0.0002794761295727722,-0.002926478139101701,-0.0005509303760288153,0.0007954445147883718,-0.005223834399092006,0.031550942691638516,0.0005772785627240868,0.21128395395701577,True,NO_REPLICATION,3,same_direction,0.0010728123053658264
T0268,trend.ema_slope,default,um,15m,LONG,96,8,0.5,31609,-0.0009063184604988797,-28.64782021790909,-1.0591943570772637,0.28951936842191445,-0.0032365646735203145,0.001446102046512668,0.005417955497739069,-0.00980498403138654,0.03186116128492305,0.35302684278543117,1.0,False,NO_REPLICATION,4,same_direction,0.0022261840287380623
T0269,trend.adx_dmi,adx14_threshold20,um,15m,LONG,4,8,0.0,98123,-0.002031350702013999,-199.3222249337196,-34.19573263616571,8.92395843002671e-255,-0.0021534745402415215,-0.0019112541761910414,-0.0018206243209588314,-0.0023344624663412185,0.023681722756816116,1.4666331680652594e-253,6.746512573100193e-252,True,NO_REPLICATION,1,same_direction,0.000156415260912611
T0270,trend.adx_dmi,adx14_threshold20,um,15m,LONG,16,8,0.0,68204,-0.001981730923164598,-135.16197588351824,-10.045245630262771,1.001433891158911e-23,-0.0023741588830181177,-0.0015764533267963602,-0.0012220673688530588,-0.0033210380882335573,0.025044182553772876,4.853102703308569e-23,7.570840217161368e-21,True,NO_REPLICATION,2,same_direction,0.00036850212418839887
T0271,trend.adx_dmi,adx14_threshold20,um,15m,LONG,48,8,0.125,42697,-0.0016824706704490447,-71.83645021616286,-3.3831212015019365,0.0007173135166627475,-0.0028852493343812964,-0.00035423803679000533,0.0008165458815929962,-0.005490868376095559,0.027761732282962255,0.0014048938305622723,0.5422890185970372,True,NO_REPLICATION,3,same_direction,0.0015109440154999966
T0272,trend.adx_dmi,adx14_threshold20,um,15m,LONG,96,8,0.375,29743,-0.0007980319632381437,-23.73586468259211,-0.8893573215993612,0.3738182670793478,-0.0029702849097026592,0.0016492193174146741,0.004648508836371196,-0.007850043871620648,0.04237071853628123,0.43742518340368836,1.0,False,NO_REPLICATION,4,same_direction,0.0025765437743043205
T0273,trend.kaufman_er,er10_threshold0.3,um,15m,LONG,4,8,0.0,94371,-0.002176376376268347,-205.38681500482016,-37.82898983775979,8.219619943807e-311,-0.002280312250042858,-0.002077554311042307,-0.0019676825459357546,-0.002513430219548331,0.022415767376043366,2.390012568276124e-309,6.214032677517918e-308,True,NO_REPLICATION,1,same_direction,4.315614599798966e-06
T0274,trend.kaufman_er,er10_threshold0.3,um,15m,LONG,16,8,0.0,70797,-0.002266947523206371,-160.49308380044147,-12.046575029862348,2.1798636596014817e-33,-0.0026482770831566327,-0.0018972298055961276,-0.0015280662732010382,-0.003279300359018041,0.023022523895876813,1.3733141055489333e-32,1.64797692665872e-30,True,NO_REPLICATION,2,same_direction,0.0001759784042961272
T0275,trend.kaufman_er,er10_threshold0.3,um,15m,LONG,48,8,0.125,47375,-0.0019391250915120298,-91.86605121038241,-4.000122138351952,6.340586237073649e-05,-0.0030362603232843653,-0.0007961729795228659,4.100774772300873e-05,-0.006061903952667807,0.026879905527997742,0.00014181902944460586,0.04793483195227678,True,NO_REPLICATION,3,same_direction,0.0010142866478174797
T0276,trend.kaufman_er,er10_threshold0.3,um,15m,LONG,96,8,0.625,32701,-0.0010461686633497168,-34.21076146019909,-1.1950993563098917,0.232056880792685,-0.0034041256172017012,0.0015285297825020196,0.0040920711491707635,-0.010027654166796797,0.036246535586749326,0.28917948205681826,1.0,True,NO_REPLICATION,4,same_direction,0.0024010597184462913
T0277,trend.donchian,donchian_20,um,15m,LONG,4,8,0.0,53857,-0.0023432550091322707,-126.2006850268367,-29.33657590879804,1.0728395633713009e-187,-0.0025386969736261593,-0.002151345055354396,-0.0016776426135000958,-0.0029530442906347504,0.025488638920787957,1.398390879152937e-186,8.110667099087035e-185,True,NO_REPLICATION,1,same_direction,0.00017929745558839527
T0278,trend.donchian,donchian_20,um,15m,LONG,16,8,0.0,44022,-0.002613219019378449,-115.03912767107808,-11.602951424080096,4.418482665645348e-31,-0.0030509721164126554,-0.0021978380067382425,-0.0011597453692110049,-0.003936764443635737,0.026015757009019275,2.6938491090547443e-30,3.340372895227883e-28,True,NO_REPLICATION,2,same_direction,5.739652170357783e-05
T0279,trend.donchian,donchian_20,um,15m,LONG,48,8,0.0,31827,-0.0030074175723049587,-95.71707907374991,-5.611592296110261,2.021386016801183e-08,-0.004364666010042167,-0.0016861199287465103,-0.0009608891993448031,-0.007922622066385058,0.023299460436052875,6.040189046251756e-08,1.5281678287016944e-05,True,NO_REPLICATION,3,same_direction,0.00038947142307268687
T0280,trend.donchian,donchian_20,um,15m,LONG,96,8,0.625,23234,-0.0015521857784687267,-36.0634843769424,-1.5709163076295634,0.11621570787027617,-0.004087325342123364,0.001034082154238259,0.001760948519724062,-0.011020219113896708,0.03284310359212714,0.15605519564818612,1.0,True,NO_REPLICATION,4,same_direction,0.0014506241392804775
T0281,trend.donchian,donchian_48,um,15m,LONG,4,8,0.0,40095,-0.002271569180448966,-91.07856629010128,-22.643476604530868,8.27057797844567e-113,-0.002478963162211793,-0.0020711780746559003,-0.0016704015594921184,-0.002766312842002085,0.02692757727442369,9.061676741601342e-112,6.252556951704927e-110,True,NO_REPLICATION,1,same_direction,0.00023049314742738672
T0282,trend.donchian,donchian_48,um,15m,LONG,16,8,0.0,32878,-0.0025180835437643204,-82.78955075188333,-10.074910795869814,7.724423995748936e-24,-0.003042354559028946,-0.00204684317907283,-0.0015383609877560266,-0.004149970747840322,0.02802874717457788,3.791989961549478e-23,5.839664540786196e-21,True,NO_REPLICATION,2,same_direction,0.0005955578768562703
T0283,trend.donchian,donchian_48,um,15m,LONG,48,8,0.125,25271,-0.002383296915037875,-60.22829633992214,-4.213738918169709,2.5204867924938036e-05,-0.003752601692460509,-0.0011713439076502876,0.0007552193139803687,-0.008753733053715618,0.028682373686754487,5.881135849152209e-05,0.019054880151253156,True,NO_REPLICATION,3,same_direction,0.0009444423079025236
T0284,trend.donchian,donchian_48,um,15m,LONG,96,8,0.5,19313,-0.0013828085439008455,-26.70618140835703,-1.3694912032188589,0.17086170697694603,-0.0042668744276704385,0.0014323964037465614,0.004281848337053487,-0.012491887585932912,0.0429320412356544,0.22270939736995035,1.0,True,NO_REPLICATION,4,same_direction,0.003531355893816753
T0285,trend.donchian,donchian_55,um,15m,LONG,4,8,0.0,38238,-0.00230556332447439,-88.16013040125173,-22.309116319261637,1.5109119919265128e-109,-0.0025235041596456784,-0.0020861527402403625,-0.0016975903954572873,-0.002799954879660039,0.028016792005399933,1.6317849512806338e-108,1.1422494658964437e-106,True,NO_REPLICATION,1,same_direction,0.00022544266001886656
T0286,trend.donchian,donchian_55,um,15m,LONG,16,8,0.0,31336,-0.002525084672367906,-79.12605329332071,-9.983282291230415,1.9555301167876592e-23,-0.003094503940596858,-0.0019973059113503797,-0.0012765800467630212,-0.004483447921505188,0.029031581130178938,9.416438014595352e-23,1.4783807682914703e-20,True,NO_REPLICATION,2,same_direction,0.0005795282186360153
T0287,trend.donchian,donchian_55,um,15m,LONG,48,8,0.125,24281,-0.0023666452964616795,-57.46451444338604,-4.16248183011788,3.1589176080711154e-05,-0.0037195846495595934,-0.0010940351945407766,0.00078368512008185,-0.009153873966544853,0.03957617044659147,7.325588072704796e-05,0.023881417117017634,True,NO_REPLICATION,3,same_direction,0.0009815305527811256
T0288,trend.donchian,donchian_55,um,15m,LONG,96,8,0.375,18768,-0.001686098698818719,-31.644700379429718,-1.6677553024129506,0.09538099599669489,-0.004638860971575665,0.001087147653185062,0.003816161310988044,-0.013280645128279521,0.08448744001221027,0.12899469226028862,1.0,True,NO_REPLICATION,4,same_direction,0.003204175554081697
T0289,momentum.roc,roc_6,um,15m,LONG,4,8,0.0,107256,-0.00207111573028399,-222.13958876733966,-37.629145889272,7.423948268181558e-308,-0.002171931047584191,-0.00197051579763872,-0.0019118665067247883,-0.0024866620267967815,0.02320842981519324,2.078705515090836e-306,5.612504890745257e-305,True,NO_REPLICATION,1,same_direction,8.818217207910836e-05
T0290,momentum.roc,roc_6,um,15m,LONG,16,8,0.0,73837,-0.002046579834827372,-151.11331526414867,-11.020845944770539,3.1896883850970327e-28,-0.0024030429895848322,-0.0016758017360226443,-0.0009914300874959768,-0.003333674247928388,0.022932912253800626,1.799555536666684e-27,2.4114044191333567e-25,True,NO_REPLICATION,2,same_direction,0.0003759046679925955
T0291,momentum.roc,roc_6,um,15m,LONG,48,8,0.125,46835,-0.0017382281335854798,-81.40991463647595,-3.517716697312699,0.00043568882747226334,-0.0028760697131066356,-0.0005374827959563069,0.0007918312278726891,-0.005541145705477548,0.02823306842696388,0.0008760126424708273,0.32938075356903107,True,NO_REPLICATION,3,same_direction,0.00099348472319223
T0292,momentum.roc,roc_6,um,15m,LONG,96,8,0.625,31740,-0.0010327245741187819,-32.778677982530134,-1.1878752425252534,0.23489145392130104,-0.0031744849737931746,0.0013457711863944098,0.0034293859909495157,-0.008216062446242239,0.041627139748540036,0.29158939107471854,1.0,True,NO_REPLICATION,4,same_direction,0.002462962491227608
T0293,momentum.roc,roc_12,um,15m,LONG,4,8,0.0,107970,-0.00197675954187601,-213.43072773635282,-35.220592179845546,3.3415630903232252e-270,-0.0021127162126749442,-0.0018274590745155964,-0.001625318166586842,-0.002394246417546892,0.022878638334277005,6.647951832327259e-269,2.5262216962843583e-267,True,NO_REPLICATION,1,same_direction,0.00015940964920344806
T0294,momentum.roc,roc_12,um,15m,LONG,16,8,0.0,71658,-0.001956728760254155,-140.21526950229222,-10.213944954686568,1.7850633330213367e-24,-0.0024009257245669294,-0.0014696654693714564,-0.0007181562246478101,-0.0031035997374563623,0.024548619792035164,9.057099864188795e-24,1.3495078797641306e-21,True,NO_REPLICATION,2,same_direction,0.0002883067000628882
T0295,momentum.roc,roc_12,um,15m,LONG,48,8,0.125,44257,-0.001648274278659861,-72.94767475064947,-3.3032304217162642,0.000956535949492032,-0.002892817419827235,-0.0003771841032208497,0.0007028481496386332,-0.005335883135679019,0.025805105141171097,0.001830737159027788,0.7231411778159762,True,NO_REPLICATION,3,same_direction,0.0011559387330975248
T0296,momentum.roc,roc_12,um,15m,LONG,96,8,0.625,30929,-0.0007095503853998998,-21.945683870033502,-0.815909734180095,0.41455804795735945,-0.00298386453407546,0.001579252001335572,0.004897745391113315,-0.00929737069990163,0.03736738971558973,0.4755779730739966,1.0,False,NO_REPLICATION,4,same_direction,0.002644389824364113
T0297,momentum.roc,roc_24,um,15m,LONG,4,8,0.0,108533,-0.0019416939364550227,-210.737868005273,-35.19673863516908,7.532602514452127e-270,-0.0020665316123097484,-0.0018183405530518251,-0.0016568975398809891,-0.002307574185356011,0.022797597404580573,1.4601660258784123e-268,5.694647500925808e-267,True,NO_REPLICATION,1,same_direction,0.00019763534056688767
T0298,momentum.roc,roc_24,um,15m,LONG,16,8,0.0,73926,-0.0019358577755153176,-143.11022191274537,-10.05613777722885,8.941394785340856e-24,-0.0023412697302894144,-0.0015222077851860822,-0.0013539243817040163,-0.003338691159638806,0.025277925984033542,4.3610931985275403e-23,6.759694457717687e-21,True,NO_REPLICATION,2,same_direction,0.0003614954067649443
T0299,momentum.roc,roc_24,um,15m,LONG,48,8,0.125,42026,-0.0016200784137854441,-68.08541541774707,-3.281063125223944,0.0010350081824236942,-0.002781711770577626,-0.00038004884542894014,0.00040661544151070206,-0.005650553505359201,0.025140445397765537,0.00197592471189978,0.7824661859123129,True,NO_REPLICATION,3,same_direction,0.0012677344973205452
T0300,momentum.roc,roc_24,um,15m,LONG,96,8,0.5,28945,-0.0007275535190808368,-21.059036609794823,-0.805364633171846,0.4206159102035909,-0.0031480014517756205,0.0018047580215005427,0.005024877803193908,-0.010533965633627556,0.03675365774850094,0.48026040411751064,1.0,True,NO_REPLICATION,4,same_direction,0.002716507329043618
T0301,momentum.rsi,rsi_7_30_70,um,15m,LONG,4,8,0.0,47518,-0.0015329340915732307,-72.84196216337678,-17.02875295120084,7.833083253829328e-65,-0.0017452442922742842,-0.001306846494092459,-0.0008822383380254114,-0.002261683011514346,0.025535091259226924,7.31087770357404e-64,5.921810939894972e-62,True,NO_REPLICATION,1,same_direction,9.711689705950389e-05
T0302,momentum.rsi,rsi_7_30_70,um,15m,LONG,16,8,0.0,36092,-0.0014408356040267085,-52.00263862053196,-5.803582690959149,6.5454662371633156e-09,-0.00200828271494964,-0.0008547513397608239,-2.33840079138754e-05,-0.0036952944580974528,0.028738710297907304,2.0447820145849036e-08,4.948372475295466e-06,True,NO_REPLICATION,2,same_direction,0.00010820347173298023
T0303,momentum.rsi,rsi_7_30_70,um,15m,LONG,48,8,0.25,26829,-0.0008313024248444952,-22.303012756152963,-1.4037984675253665,0.16039044550699869,-0.0022609313296390854,0.000659777078876748,0.0018997746253909883,-0.005663078318808961,0.03664216236471156,0.2101476201096898,1.0,True,NO_REPLICATION,3,same_direction,0.0005514588646261742
T0304,momentum.rsi,rsi_7_30_70,um,15m,LONG,96,8,0.75,20363,-0.0007687336356766636,-15.653723023283902,-0.745038559154656,0.45625700914892686,-0.003508209284355785,0.00212312337092605,0.003472254313342271,-0.011778894691570797,0.041271255919722596,0.5148213416665502,1.0,True,NO_REPLICATION,4,same_direction,0.0015459445777644962
T0305,momentum.rsi,rsi_14_30_70,um,15m,LONG,4,8,0.125,19378,-0.001480953892400153,-28.697924526930166,-9.014573577754659,2.1561157394741238e-19,-0.0019054603967043,-0.0010518487343525447,0.0006474876382149627,-0.003214044440781639,0.035060556519922306,9.157435387878863e-19,1.6300234990424376e-16,True,NO_REPLICATION,1,same_direction,7.735606569683122e-05
T0306,momentum.rsi,rsi_14_30_70,um,15m,LONG,16,8,0.25,14311,-0.0010102467058247591,-14.457640607058128,-2.3948989236588343,0.016637726638639584,-0.0019408465035572798,-5.9523234234582616e-05,0.0024084058143176885,-0.004691991151791417,0.027827767915498913,0.025669635385329643,1.0,False,NO_REPLICATION,2,same_direction,0.0006580750718577423
T0307,momentum.rsi,rsi_14_30_70,um,15m,LONG,48,8,0.5,11620,-0.0009539016694870639,-11.084337399439683,-1.1150182295207902,0.2648656717381006,-0.0028518638108873686,0.0009834203838693539,0.0025700078334050924,-0.007758326092148835,0.03603701035639288,0.32511336998031365,1.0,True,NO_REPLICATION,3,same_direction,0.0010782733936292644
T0308,momentum.rsi,rsi_14_30_70,um,15m,LONG,96,8,0.625,9910,-0.00022793360102930685,-2.258821986200431,-0.17290360648750294,0.8627307282117371,-0.003229400930778258,0.0030026863132728795,0.006744865055328671,-0.0107304827345139,0.02804286838582464,0.8861744980000996,1.0,False,NO_REPLICATION,4,same_direction,0.003061613406276321
T0309,momentum.rsi,rsi_21_30_70,um,15m,LONG,4,8,0.125,9251,-0.001272679594568559,-11.773558929353738,-4.353534685391356,1.35400979140153e-05,-0.0018570135804634855,-0.0006382425176421944,0.0022304769226570266,-0.002660240940109925,0.026387492173036,3.249623499363672e-05,0.010236314022995567,False,NO_REPLICATION,1,same_direction,0.00013430987330821588
T0310,momentum.rsi,rsi_21_30_70,um,15m,LONG,16,8,0.375,6699,-0.00011167922265179389,-0.7481391125443673,-0.15041345469337647,0.8804429558716851,-0.0013851119275390385,0.0012607948306404364,0.00443647678099675,-0.00248865298148454,0.03979370202771344,0.9006967180500595,1.0,False,NO_REPLICATION,2,same_direction,0.0019898772033142536
T0311,momentum.rsi,rsi_21_30_70,um,15m,LONG,48,8,0.375,5546,-0.0009226200626097692,-5.11685086723378,-0.7594987978712341,0.4475865191896267,-0.0033034948764214664,0.0017035687268840158,0.002180765213204042,-0.0066428211235753975,0.024709914841021648,0.5068292396838417,1.0,True,NO_REPLICATION,3,same_direction,0.0024948367879114946
T0312,momentum.rsi,rsi_21_30_70,um,15m,LONG,96,8,0.625,4995,0.0017678804232132545,8.830562713950206,0.9973454495934974,0.3186451809948865,-0.0018025967589291572,0.005617917018378181,0.012086916113492151,-0.007211241137444715,0.03566416995015305,0.3829821253293071,1.0,False,NO_REPLICATION,4,opposite_direction,0.005970171393942957
T0313,volatility.atr_natr,natr14_filter,um,15m,LONG,4,8,0.0,59533,-0.002076032211758092,-123.59242566259451,-21.866931507198426,1.3997308114084122e-105,-0.0022838534337238777,-0.001869960707916245,-0.0018108270763144377,-0.0029057703566334843,0.030505611729309854,1.4904175963729008e-104,1.0581964934247596e-102,True,NO_REPLICATION,1,same_direction,0.0003675968794656886
T0314,volatility.atr_natr,natr14_filter,um,15m,LONG,16,8,0.0,36832,-0.0016160039500472377,-59.52065748813986,-5.361735239649134,8.292164869666643e-08,-0.0022887733922950307,-0.0010317329959364833,-0.0007219646665374513,-0.0037938932283435455,0.03382906945413531,2.3304374131851233e-07,6.268876641467981e-05,True,NO_REPLICATION,2,same_direction,0.0019957830905911493
T0315,volatility.atr_natr,natr14_filter,um,15m,LONG,48,8,0.5,22369,-0.0005063509514178886,-11.326564432266752,-0.6498538215953459,0.5157933228005412,-0.002347941990458784,0.0011310194930139596,0.0016104722149603255,-0.006447165318789951,0.042774877310499455,0.5700873567795456,1.0,True,NO_REPLICATION,3,same_direction,0.004700842167087088
T0316,volatility.atr_natr,natr14_filter,um,15m,LONG,96,8,0.75,15523,0.0023706314552989173,36.79931208060509,1.8079540759434023,0.07063299610121695,-0.0010388579394923225,0.005612926273808355,0.007571907915190915,-0.007404090128220689,0.052360532772348416,0.09744260046080296,1.0,False,NO_REPLICATION,4,same_direction,0.009948788715137078
T0317,volatility.bollinger_bandwidth,bb20_2s_filter,um,15m,LONG,4,8,0.0,101001,-0.0020766597678201055,-209.74471320959847,-37.2928893448936,2.4758324681161464e-302,-0.0021846576996099863,-0.0019680315511949645,-0.0018549478919350558,-0.0024246813978127967,0.022505968219568954,6.239097819652689e-301,1.8717293458958068e-299,True,NO_REPLICATION,1,same_direction,2.8065016418610256e-05
T0318,volatility.bollinger_bandwidth,bb20_2s_filter,um,15m,LONG,16,8,0.0,79368,-0.0019090905135536165,-151.52069587972343,-10.219543712555474,1.6787316336705293e-24,-0.002302339725404493,-0.0015140728035889705,-0.001366356250369264,-0.0033652873712795794,0.02433200324940916,8.633476973162722e-24,1.26912111505492e-21,True,NO_REPLICATION,2,same_direction,0.0003754632559665515
T0319,volatility.bollinger_bandwidth,bb20_2s_filter,um,15m,LONG,48,8,0.125,53158,-0.0016256097279353891,-86.41416191758941,-3.356871024068224,0.0007888510893619818,-0.0027957186694917346,-0.0003639880896372125,0.0003248942773179425,-0.006208112743026664,0.03501342278690257,0.0015370397514372636,0.5963714235576583,True,NO_REPLICATION,3,same_direction,0.0011858482951234719
T0320,volatility.bollinger_bandwidth,bb20_2s_filter,um,15m,LONG,96,8,0.625,35426,-0.0010093865297369027,-35.75852720245952,-1.1718893075201091,0.24124938176750524,-0.0032597218949017995,0.0014032444683432616,0.002992418784714318,-0.009349072633275668,0.03372688711725062,0.2989910370757934,1.0,True,NO_REPLICATION,4,same_direction,0.002371634095838883
T0321,volatility.realized_percentile,rv20_p100_filter,um,15m,LONG,4,8,0.0,55885,-0.0021045473040956753,-117.61262608938681,-24.692381632858854,6.767267080799501e-134,-0.0022969131807089624,-0.0019306844657127641,-0.001789342840462655,-0.0026395611415680896,0.023539605452838286,7.751596838006702e-133,5.116053913084423e-131,True,NO_REPLICATION,1,same_direction,0.0002569616295093314
T0322,volatility.realized_percentile,rv20_p100_filter,um,15m,LONG,16,8,0.0,37840,-0.0019348305613335348,-73.21398844086096,-7.784328342705521,7.186074097809458e-15,-0.0024924565778114338,-0.001369766573306075,-0.0004929156158011376,-0.003219746522956602,0.023301531543350955,2.6761931122876604e-14,5.43267201794395e-12,True,NO_REPLICATION,2,same_direction,0.0008389239461218817
T0323,volatility.realized_percentile,rv20_p100_filter,um,15m,LONG,48,8,0.25,26750,-0.0012778225429837154,-34.181753024814384,-2.086834858577054,0.03691250927566758,-0.002820126828172486,0.0003307390027092047,0.0033717554804578633,-0.006382329722778042,0.030405527878702914,0.05305296009962869,1.0,False,NO_REPLICATION,3,same_direction,0.001967548011198666
T0324,volatility.realized_percentile,rv20_p100_filter,um,15m,LONG,96,8,0.625,20671,-7.646743326325403e-06,-0.1580658312984724,-0.0075462098607054625,0.9939791256283269,-0.0026472894399658248,0.0026598284715888083,0.007015908890667818,-0.007524603331850722,0.042585021680135615,0.9939791256283269,1.0,False,NO_REPLICATION,4,same_direction,0.0044642068665225005
T0325,volume.rvol,rvol20_filter,um,15m,LONG,4,8,0.0,53484,-0.002290939063448626,-122.52858486948632,-28.125903610337396,8.621200242395483e-173,-0.002481504468648537,-0.0020907252073652204,-0.001692819530823848,-0.0026998947245597755,0.026700073325176425,1.086271230541831e-171,6.517627383250986e-170,True,NO_REPLICATION,1,same_direction,0.00016976293121397264
T0326,volume.rvol,rvol20_filter,um,15m,LONG,16,8,0.0,44447,-0.0024945285892284523,-110.87431220543702,-11.168207628038926,6.376063514434389e-29,-0.0029038954225405773,-0.002078690561226381,-0.0013066375485669892,-0.003673033403885645,0.027765915678583417,3.6553769410374415e-28,4.8203040169123986e-26,True,NO_REPLICATION,2,same_direction,6.729744551376348e-05
T0327,volume.rvol,rvol20_filter,um,15m,LONG,48,8,0.125,32497,-0.0023748767791768066,-77.17637069290868,-4.457055604419309,8.337062408841748e-06,-0.003631852798936478,-0.001073478697041467,6.832460849930451e-05,-0.0071497666057465424,0.02418382252979711,2.0597448304197258e-05,0.006302819181084361,True,NO_REPLICATION,3,same_direction,0.0007488446968300934
T0328,volume.rvol,rvol20_filter,um,15m,LONG,96,8,0.625,23783,-0.000856835591563199,-20.378120874147562,-0.89402669535282,0.3713166554081581,-0.003266917441286152,0.001799624250414755,0.004257653670403064,-0.009288499607923887,0.07556739952859079,0.4352176612225854,1.0,True,NO_REPLICATION,4,same_direction,0.0029974464529044977
T0329,volume.vwap_deviation,vwap_dev20_reversal,um,15m,LONG,4,8,0.0,108233,-0.0018366399476514254,-198.78505145415673,-31.4704049632818,2.1081673653173867e-216,-0.001953319645363013,-0.0017081909140268655,-0.0014234872109668624,-0.0021700482070164027,0.023210391245519813,2.7960956634735865e-215,1.5937745281799444e-213,True,NO_REPLICATION,1,same_direction,0.0001354075636243791
T0330,volume.vwap_deviation,vwap_dev20_reversal,um,15m,LONG,16,8,0.0,76917,-0.0016296329025796055,-125.34647396771551,-8.143948452818885,3.8826457141685127e-16,-0.0020935037414766544,-0.0011630312119511174,-0.0001893266031870116,-0.002933901799896094,0.026933876282335782,1.4676400799556979e-15,2.935280159911396e-13,True,NO_REPLICATION,2,same_direction,0.000441624142567302
T0331,volume.vwap_deviation,vwap_dev20_reversal,um,15m,LONG,48,8,0.25,48153,-0.001416500259109176,-68.20873697688415,-2.806224823255228,0.0050145823214582785,-0.0026936004945783522,-6.828985462800515e-05,0.0012617165529741792,-0.006323807106212695,0.026806666628759,0.008576977907290631,1.0,True,NO_REPLICATION,3,same_direction,0.0008726030184036586
T0332,volume.vwap_deviation,vwap_dev20_reversal,um,15m,LONG,96,8,0.625,32592,-0.0009336503436960352,-30.42953200174118,-1.0437871386051747,0.29659162533991434,-0.003346472712956077,0.0017171441524363748,0.004281992466606341,-0.00919842568218988,0.030906837145875592,0.3610680656312001,1.0,True,NO_REPLICATION,4,same_direction,0.002545469669647485
T0333,orderflow.taker_ratio,ratio_sign,um,15m,LONG,4,8,0.0,127807,-0.0020281630034624876,-259.21342898353015,-37.56292508547363,4.161064288967692e-307,-0.002121801068728503,-0.0019300075963616322,-0.0019070152780588615,-0.0022829314029164643,0.022568974737962943,1.123487358021277e-305,3.1457646024595755e-304,True,NO_REPLICATION,1,same_direction,9.975276813609405e-05
T0334,orderflow.taker_ratio,ratio_sign,um,15m,LONG,16,8,0.0,107117,-0.00188051532775115,-201.43516036271993,-9.945072831441868,2.7122010586346215e-23,-0.0022800414945653557,-0.0014654780724287616,-0.0010934148624159093,-0.0031481846024137114,0.027589225650071224,1.2895748429734427e-22,2.0504240003277738e-20,True,NO_REPLICATION,2,same_direction,0.00044924309914463304
T0335,orderflow.taker_ratio,ratio_sign,um,15m,LONG,48,8,0.125,67851,-0.0013141219422796078,-89.16448790561367,-2.731375826708374,0.0063086800654575574,-0.0023874927544262152,-4.520941674755198e-05,0.0009594357788129702,-0.00504466889399307,0.03137602057340537,0.010608658992892846,1.0,True,NO_REPLICATION,3,same_direction,0.0013062344916365898
T0336,orderflow.taker_ratio,ratio_sign,um,15m,LONG,96,8,0.625,37864,-0.0005649244981558733,-21.390301198173987,-0.6434304792660475,0.5199487083646712,-0.002731255060822784,0.0018957704589290282,0.0042390411199271835,-0.00763475712641152,0.0415414085331732,0.5730046990141274,1.0,False,NO_REPLICATION,4,same_direction,0.002936658735526843
T0337,orderflow.cvd,cvd_slope6_sign,um,15m,LONG,4,8,0.0,119885,-0.0020487826767924657,-245.61831120726475,-37.416872794928445,1.2065068873508244e-304,-0.0021388417832651184,-0.0019596145687260083,-0.0018569432653144067,-0.0023158837639976485,0.026987556321737407,3.145238644266287e-303,9.121192068372232e-302,True,NO_REPLICATION,1,same_direction,8.959429204621113e-05
T0338,orderflow.cvd,cvd_slope6_sign,um,15m,LONG,16,8,0.0,95010,-0.0018555791982708758,-176.29857962771592,-9.777921321352233,1.4353646822465776e-22,-0.002199891899770171,-0.0015005368341436112,-0.001315977778986116,-0.00288263348920411,0.027130690257166287,6.698368517150695e-22,1.0851356997784126e-19,True,NO_REPLICATION,2,same_direction,0.0004295185879575284
T0339,orderflow.cvd,cvd_slope6_sign,um,15m,LONG,48,8,0.125,62437,-0.0014254676408235207,-89.00192309009816,-2.9881742096732173,0.0028075864239843307,-0.002592516337946148,-0.00010779534810796633,0.0006646950555178715,-0.005313359398979405,0.03222659543725028,0.005053655563171795,1.0,True,NO_REPLICATION,3,same_direction,0.0015293165827384488
T0340,orderflow.cvd,cvd_slope6_sign,um,15m,LONG,96,8,0.625,41311,-0.00024670043036899135,-10.191441478973402,-0.2865233818369684,0.7744787245726433,-0.002650090830816851,0.0023662453790541742,0.005058921888839749,-0.008478786321002645,0.05499953447292212,0.8098443332688019,1.0,False,NO_REPLICATION,4,same_direction,0.003564994307650573
T0341,context.btc_regime,regime_follow,um,15m,LONG,4,8,0.0,9795,-0.0018486005849127256,-18.107042729220147,-21.160492320507995,3.2436080111263506e-97,-0.0019873801720958896,-0.001727223031213401,-0.0015958750529360773,-0.0022442716590334788,0.022883540736993696,3.405788411682668e-96,2.452167656411521e-94,True,NO_REPLICATION,1,same_direction,0.00021444333523903784
T0342,context.btc_regime,regime_follow,um,15m,LONG,16,8,0.0,3659,-0.001678914359124679,-6.143147640037201,-5.995892805367541,2.220029108082845e-09,-0.00213278374057507,-0.001233399453145622,-0.00097565984537193,-0.0029517094998277884,0.026086430338740765,7.05185716685139e-09,1.6783420057106307e-06,True,NO_REPLICATION,2,same_direction,0.0011518264174682602
T0343,context.btc_regime,regime_follow,um,15m,LONG,48,8,0.5,1568,-0.0006954386429976664,-1.090447792220341,-0.9342523993017134,0.35031764992168307,-0.002401504401914906,0.0008858059788256071,0.002036157311355306,-0.004816317410536589,0.027967321776995534,0.4144603182172025,1.0,True,NO_REPLICATION,3,same_direction,0.0031727190269408233
T0344,context.btc_regime,regime_follow,um,15m,LONG,96,8,0.5,956,-0.001228800514951762,-1.1747332922938845,-0.8056499660849638,0.42064525635145356,-0.004310396733028026,0.00174872640151515,0.0030098314685172247,-0.00852826840911856,0.029582702320899653,0.48026040411751064,1.0,True,NO_REPLICATION,4,same_direction,0.004479610303737897
T0345,context.market_breadth,breadth_0.4_0.6,um,15m,LONG,4,8,0.0,11953,-0.0019299821271268555,-23.069076365547303,-25.80610000021566,5.973071523238325e-143,-0.0020388789193313164,-0.0018159483361939765,-0.001565932284635635,-0.0020849580900189598,0.0228768144376232,7.055690736825271e-142,4.515642071568174e-140,True,NO_REPLICATION,1,same_direction,0.0003130604738801003
T0346,context.market_breadth,breadth_0.4_0.6,um,15m,LONG,16,8,0.0,4886,-0.0014699818319132475,-7.182331230728127,-6.391031494061874,1.8011245732144596e-10,-0.0018660277644681452,-0.0010510295465835755,-0.0005985963488757809,-0.002463037302420696,0.02807946766407457,5.86918179892298e-10,1.3616501773501314e-07,True,NO_REPLICATION,2,same_direction,0.001159867072490865
T0347,context.market_breadth,breadth_0.4_0.6,um,15m,LONG,48,8,0.125,2193,-0.0014017975702336845,-3.07414207152247,-2.2600199061652524,0.02391777570801933,-0.0025365737425904152,-0.00015770109961478243,0.00034201924356790043,-0.005018583678203313,0.024266725620693017,0.03566437561195782,1.0,True,NO_REPLICATION,3,same_direction,0.0028136311705853666
T0348,context.market_breadth,breadth_0.4_0.6,um,15m,LONG,96,8,0.5,1292,-0.0008938203684844568,-1.1548159160819182,-0.7194299384532908,0.4720062639215657,-0.0033757183503767144,0.0016627051500079828,0.0063114567392399765,-0.009093626343001612,0.03514008624309501,0.5294313583452577,1.0,False,NO_REPLICATION,4,same_direction,0.002573078790433037
T0349,derivatives.funding,funding_sign,um,15m,LONG,4,8,0.0,62347,-0.0018245391128071575,-113.75454006618784,-23.912977992851225,8.30036406800056e-126,-0.0019436922488552022,-0.001680171159100131,-0.0014131908772303547,-0.002043032005283225,0.04735898664912804,9.365783933445409e-125,6.275075235408424e-123,True,NO_REPLICATION,1,not_comparable,0.00022327991839784698
T0350,derivatives.funding,funding_sign,um,15m,LONG,16,8,0.25,30290,-0.0011127367521845644,-33.704796223670456,-3.693042313345185,0.0002219763211469035,-0.0015432287152170247,-0.0005773645685002356,0.0005693980282513027,-0.0019866364488908897,0.049713358815447396,0.0004648589994101359,0.16781409878705905,True,NO_REPLICATION,2,not_comparable,0.0010658116953081089
T0351,derivatives.funding,funding_sign,um,15m,LONG,48,8,0.625,13992,0.000344542332163569,4.820836311632657,0.44821758263502437,0.654003115105506,-0.0009428831222271397,0.001901253699013948,0.005141319218316424,-0.002681826391495761,0.05506769178790393,0.7033091821049253,1.0,False,NO_REPLICATION,3,not_comparable,0.0028486281549161764
T0352,derivatives.funding,funding_sign,um,15m,LONG,96,8,0.75,8902,0.0016680616342085181,14.84908466772423,1.2312210195995938,0.2182727418958779,-0.0006449060921458734,0.004458863737668853,0.014439412238448565,-0.004438491261661463,0.04764909789512905,0.2732023060815955,1.0,False,NO_REPLICATION,4,not_comparable,0.004625482601370522
T0353,derivatives.funding_zscore,z90_extreme,um,15m,LONG,4,8,0.125,10234,-0.0015100648961990095,-15.454004147700664,-6.389614762266612,1.7353923299346578e-10,-0.0018644746095354318,-0.0010707933011657046,0.0013035996171243524,-0.0022027895030297304,0.02728429380946174,5.67946580705888e-10,1.3119566014306012e-07,False,NO_REPLICATION,1,not_comparable,0.0003942004183108269
T0354,derivatives.funding_zscore,z90_extreme,um,15m,LONG,16,8,0.625,3654,0.00014983746049682223,0.5475060806553884,0.14079757806603493,0.8880376194547693,-0.0013350835994453874,0.0017705134369481832,0.005417824210319876,-0.0021759609267609677,0.08171727034289285,0.9046727162925055,1.0,False,NO_REPLICATION,2,not_comparable,0.001988023584715272
T0355,derivatives.funding_zscore,z90_extreme,um,15m,LONG,48,8,0.75,1674,0.0011215296494259113,1.8774406331389755,0.6391388884360462,0.5228200787740499,-0.0014711636125585355,0.004125996595024583,0.010410658147832024,-0.004483474350914041,0.06881372939035289,0.57533039236271,1.0,False,NO_REPLICATION,3,not_comparable,0.0028870796902520143
T0356,derivatives.funding_zscore,z90_extreme,um,15m,LONG,96,8,0.75,1288,0.004313377629208378,5.5556303864203915,1.5673591533807112,0.11727658788431565,-0.0003443788919670261,0.010257637893919412,0.018785023951677377,-0.005613910732847574,0.0450920661633115,0.15720053269599757,1.0,False,NO_REPLICATION,4,not_comparable,0.003827827896370264
T0357,trend.ema_20_50_spread,ema_10_30,um,1h,LONG,4,8,0.0,27735,-0.0016168349018584073,-44.84291600304293,-7.610638441428852,2.8139896133587738e-14,-0.002073365025799402,-0.001126697329236059,-0.0003913524803810567,-0.003738061833187018,0.03362900890635809,1.0277179457484218e-13,2.127376147699233e-11,True,NO_REPLICATION,1,same_direction,0.0005362500804154244
T0358,trend.ema_20_50_spread,ema_10_30,um,1h,LONG,12,8,0.25,22000,-0.0014031048573253221,-30.868306861157087,-2.513428086580073,0.01196350043967869,-0.0027253277482723478,-2.141675807381859e-05,0.000512391336047544,-0.006378064202297998,0.03529492320047238,0.01908102601771538,1.0,True,NO_REPLICATION,2,same_direction,0.0012333756308623245
T0359,trend.ema_20_50_spread,ema_10_30,um,1h,LONG,24,8,0.375,16412,-0.0013934808313974094,-22.86980740489428,-1.362868412147659,0.17294268516249683,-0.004212442965294043,0.0012607849294463734,0.002915862900804193,-0.009679317498885929,0.04010231805750722,0.22426186961037323,1.0,True,NO_REPLICATION,3,same_direction,0.002054887942591608
T0360,trend.ema_20_50_spread,ema_20_50,um,1h,LONG,4,8,0.0,27536,-0.0015273786336372803,-42.05789805583615,-7.114445332898965,1.1510954456756795e-12,-0.002000020300731361,-0.00109065551932968,-0.0007521295563662447,-0.00260908928881135,0.028092798685053127,4.085578201553116e-12,8.702281569308137e-10,True,NO_REPLICATION,1,same_direction,0.0006476047299187016
T0361,trend.ema_20_50_spread,ema_20_50,um,1h,LONG,12,8,0.25,22154,-0.0012173134228424286,-26.968361569651165,-2.1601539595355104,0.030771443043776978,-0.002609728304587363,0.00023848008824499641,0.001174819810178671,-0.004712031894503653,0.03352920211607988,0.044996539537902114,1.0,True,NO_REPLICATION,2,same_direction,0.0013056470569767855
T0362,trend.ema_20_50_spread,ema_20_50,um,1h,LONG,24,8,0.375,16731,-0.0003762645878023503,-6.295282818521123,-0.3740307183500983,0.7083862021739974,-0.0029984261492880873,0.0022165619835540756,0.005712364814194747,-0.00642111666434931,0.05348048159079145,0.7521628775892445,1.0,False,NO_REPLICATION,3,same_direction,0.0023909784466519257
T0363,trend.ema_20_50_spread,ema_50_200,um,1h,LONG,4,8,0.0,26387,-0.0014641343614296134,-38.63411339504321,-6.658077488036663,2.828756497710295e-11,-0.0019603415403323656,-0.0009586481011381616,-0.00034105816267100816,-0.003539404192591749,0.032220913916079064,9.720635964859013e-11,2.1385399122689828e-08,True,NO_REPLICATION,1,same_direction,0.0005827494589747385
T0364,trend.ema_20_50_spread,ema_50_200,um,1h,LONG,12,8,0.5,21280,-0.00044314289742852976,-9.430080857279114,-0.7579260420210957,0.44850365257736785,-0.0019139228741047807,0.0008965968845638825,0.0019154833124931244,-0.0050223520503769915,0.043032899189388046,0.5068292396838417,1.0,True,NO_REPLICATION,2,same_direction,0.001480104013614411
T0365,trend.ema_20_50_spread,ema_50_200,um,1h,LONG,24,8,0.75,16106,0.0011653241871655746,18.768711358488744,1.119642269032584,0.2628829330312643,-0.001842840284293318,0.0038524775512414388,0.007293350951903157,-0.007546501458229659,0.03916362671791276,0.3236799631459867,1.0,False,NO_REPLICATION,3,opposite_direction,0.0035875918797455353
T0366,trend.ema_50_200_regime,ema_10_30,um,1h,LONG,4,8,0.0,27735,-0.0016168349018584073,-44.84291600304293,-7.610638441428852,2.8139896133587738e-14,-0.002073365025799402,-0.001126697329236059,-0.0003913524803810567,-0.003738061833187018,0.03362900890635809,1.0277179457484218e-13,2.127376147699233e-11,True,NO_REPLICATION,1,same_direction,0.0005362500804154244
T0367,trend.ema_50_200_regime,ema_10_30,um,1h,LONG,12,8,0.25,22000,-0.0014031048573253221,-30.868306861157087,-2.513428086580073,0.01196350043967869,-0.0027253277482723478,-2.141675807381859e-05,0.000512391336047544,-0.006378064202297998,0.03529492320047238,0.01908102601771538,1.0,True,NO_REPLICATION,2,same_direction,0.0012333756308623245
T0368,trend.ema_50_200_regime,ema_10_30,um,1h,LONG,24,8,0.375,16412,-0.0013934808313974094,-22.86980740489428,-1.362868412147659,0.17294268516249683,-0.004212442965294043,0.0012607849294463734,0.002915862900804193,-0.009679317498885929,0.04010231805750722,0.22426186961037323,1.0,True,NO_REPLICATION,3,same_direction,0.002054887942591608
T0369,trend.ema_50_200_regime,ema_20_50,um,1h,LONG,4,8,0.0,27536,-0.0015273786336372803,-42.05789805583615,-7.114445332898965,1.1510954456756795e-12,-0.002000020300731361,-0.00109065551932968,-0.0007521295563662447,-0.00260908928881135,0.028092798685053127,4.085578201553116e-12,8.702281569308137e-10,True,NO_REPLICATION,1,same_direction,0.0006476047299187016
T0370,trend.ema_50_200_regime,ema_20_50,um,1h,LONG,12,8,0.25,22154,-0.0012173134228424286,-26.968361569651165,-2.1601539595355104,0.030771443043776978,-0.002609728304587363,0.00023848008824499641,0.001174819810178671,-0.004712031894503653,0.03352920211607988,0.044996539537902114,1.0,True,NO_REPLICATION,2,same_direction,0.0013056470569767855
T0371,trend.ema_50_200_regime,ema_20_50,um,1h,LONG,24,8,0.375,16731,-0.0003762645878023503,-6.295282818521123,-0.3740307183500983,0.7083862021739974,-0.0029984261492880873,0.0022165619835540756,0.005712364814194747,-0.00642111666434931,0.05348048159079145,0.7521628775892445,1.0,False,NO_REPLICATION,3,same_direction,0.0023909784466519257
T0372,trend.ema_50_200_regime,ema_50_200,um,1h,LONG,4,8,0.0,26387,-0.0014641343614296134,-38.63411339504321,-6.658077488036663,2.828756497710295e-11,-0.0019603415403323656,-0.0009586481011381616,-0.00034105816267100816,-0.003539404192591749,0.032220913916079064,9.720635964859013e-11,2.1385399122689828e-08,True,NO_REPLICATION,1,same_direction,0.0005827494589747385
T0373,trend.ema_50_200_regime,ema_50_200,um,1h,LONG,12,8,0.5,21280,-0.00044314289742852976,-9.430080857279114,-0.7579260420210957,0.44850365257736785,-0.0019139228741047807,0.0008965968845638825,0.0019154833124931244,-0.0050223520503769915,0.043032899189388046,0.5068292396838417,1.0,True,NO_REPLICATION,2,same_direction,0.001480104013614411
T0374,trend.ema_50_200_regime,ema_50_200,um,1h,LONG,24,8,0.75,16106,0.0011653241871655746,18.768711358488744,1.119642269032584,0.2628829330312643,-0.001842840284293318,0.0038524775512414388,0.007293350951903157,-0.007546501458229659,0.03916362671791276,0.3236799631459867,1.0,False,NO_REPLICATION,3,opposite_direction,0.0035875918797455353
T0375,trend.ema_slope,default,um,1h,LONG,4,8,0.0,27674,-0.001684939658018581,-46.62902009600621,-7.905978362340466,2.756814727278047e-15,-0.0021473564349295754,-0.0011941980261305182,-0.0003158637700702062,-0.003626307447056084,0.030355932849065834,1.0317583830802988e-14,2.0841519338222036e-12,True,NO_REPLICATION,1,same_direction,0.0005334674951606097
T0376,trend.ema_slope,default,um,1h,LONG,12,8,0.25,21339,-0.0012975091142589613,-27.687546989171974,-2.2868091836985043,0.02221671012940102,-0.002566818534250516,0.00010416881871645585,0.0015527236662855205,-0.006818142690227281,0.031222928861040316,0.03345783437814177,1.0,True,NO_REPLICATION,2,same_direction,0.0015017140325284373
T0377,trend.ema_slope,default,um,1h,LONG,24,8,0.625,16205,-0.0009879740791965915,-16.010119953380766,-0.9862020726340567,0.3240486875399907,-0.0034719510526741854,0.0015519963325620874,0.004518546611351754,-0.010268378988821021,0.038596943314963356,0.38762786041176106,1.0,True,NO_REPLICATION,3,same_direction,0.003008462104693452
T0378,trend.adx_dmi,adx14_threshold20,um,1h,LONG,4,8,0.0,24981,-0.0018284452839814507,-45.67639163914062,-8.190735472987678,2.71937255228086e-16,-0.0023202727504090396,-0.001337315699280907,-0.0004709645668463943,-0.0035510792569187874,0.029224457652598616,1.0330882660926283e-15,2.0558456495243302e-13,True,NO_REPLICATION,1,same_direction,0.00041975774265131847
T0379,trend.adx_dmi,adx14_threshold20,um,1h,LONG,12,8,0.25,19160,-0.0014154234326321131,-27.119512969231288,-2.4072882883838105,0.016080872485065158,-0.0027773421051331282,-6.150526256053709e-07,0.001046328550012608,-0.00684933978287338,0.03407492149361604,0.02486122617322957,1.0,True,NO_REPLICATION,2,same_direction,0.0011655612260652037
T0380,trend.adx_dmi,adx14_threshold20,um,1h,LONG,24,8,0.375,14666,-0.0014332961447858434,-21.02072125942918,-1.3464591603514917,0.1781752925350574,-0.0038982881157269595,0.0011130450804758183,0.0037092984209085218,-0.010652507661496207,0.049163277413566984,0.229472778801539,1.0,True,NO_REPLICATION,3,same_direction,0.0019836763463634624
T0381,trend.kaufman_er,er10_threshold0.3,um,1h,LONG,4,8,0.0,23878,-0.0021091612898898196,-50.362553279989115,-9.521603411231123,1.8616313535235902e-21,-0.002551159581606091,-0.001668120332944177,-0.0007931322430392551,-0.0035763224882696433,0.025286853862722388,8.478272911227917e-21,1.4073933032638341e-18,True,NO_REPLICATION,1,same_direction,0.00031673167469299483
T0382,trend.kaufman_er,er10_threshold0.3,um,1h,LONG,12,8,0.125,18841,-0.0021044818625413795,-39.65054277214213,-3.7988400262975626,0.00014583157576265957,-0.003460618444577701,-0.0007325626787234037,0.0024553982492380748,-0.0074995242117649455,0.027485301577893334,0.00031143692451008655,0.11024867127657063,True,NO_REPLICATION,2,same_direction,0.0009180991080936355
T0383,trend.kaufman_er,er10_threshold0.3,um,1h,LONG,24,8,0.375,15448,-0.0012499337642212498,-19.30897678968987,-1.1947959351293906,0.23218511323874164,-0.003917312027695021,0.0014010178337550883,0.0055592563658643885,-0.010741074845147197,0.035714696284171274,0.28917948205681826,1.0,False,NO_REPLICATION,3,same_direction,0.002622501197695442
T0384,trend.donchian,donchian_20,um,1h,LONG,4,8,0.0,13715,-0.0024194451248533734,-33.18268988736401,-8.001408601327926,1.328230128112901e-15,-0.0030502614956917484,-0.0018142315333930352,-0.0013471784662644304,-0.003988900516451859,0.032054899672576055,4.995731228126135e-15,1.0041419768533532e-12,True,NO_REPLICATION,1,same_direction,0.0002767993740395596
T0385,trend.donchian,donchian_20,um,1h,LONG,12,8,0.125,11832,-0.002572048574539091,-30.432478733946528,-3.8597617500367933,0.00011410094337445562,-0.004102427429437394,-0.0010903472393127198,0.0012567255847529904,-0.00820499646587625,0.03436214562839261,0.00024716422117790387,0.08626031319108844,True,NO_REPLICATION,2,same_direction,0.0005271812769093043
T0386,trend.donchian,donchian_20,um,1h,LONG,24,8,0.25,10022,-0.0018314044730927586,-18.354335629335626,-1.4667616020464695,0.14247229854617827,-0.004964573370695442,0.001295615933422981,0.006264375029289039,-0.014190432244654255,0.055514801213896355,0.18929535624061647,1.0,True,NO_REPLICATION,3,same_direction,0.00336285803250075
T0387,trend.donchian,donchian_48,um,1h,LONG,4,8,0.0,10254,-0.002049018365574258,-21.01063432059844,-5.512996633429402,3.613223225221942e-08,-0.0026924561979007307,-0.0013789078299788434,-0.001050215681661997,-0.003897569074678091,0.02825996670546451,1.0546705630377561e-07,2.7315967582677885e-05,True,NO_REPLICATION,1,same_direction,0.00048756583133156665
T0388,trend.donchian,donchian_48,um,1h,LONG,12,8,0.375,8851,-0.0016263329706532824,-14.394673123252202,-2.1062161761707445,0.03521366343993802,-0.003338121509428152,4.809025406481964e-05,0.0024641985843295335,-0.006012748070869952,0.0418258568196186,0.05099909877508266,1.0,True,NO_REPLICATION,2,same_direction,0.0008082719183269494
T0389,trend.donchian,donchian_48,um,1h,LONG,24,8,0.375,7608,-0.0003024559666730347,-2.3010849944484484,-0.21089642483641105,0.8329737429274611,-0.0038602302868929795,0.0034671295561138744,0.011306411024093152,-0.00966784102003142,0.08682462733956148,0.8602843574496729,1.0,False,NO_REPLICATION,3,same_direction,0.004787715431488691
T0390,trend.donchian,donchian_55,um,1h,LONG,4,8,0.0,9820,-0.0022740975945368678,-22.33163837835204,-5.7718273656220305,8.0793766171456e-09,-0.0029075164756316467,-0.0016768393774449725,-0.0013349927810647434,-0.004106255542682877,0.028782320747048,2.503282263345112e-08,6.108008722562073e-06,True,NO_REPLICATION,1,same_direction,0.00039416401781294536
T0391,trend.donchian,donchian_55,um,1h,LONG,12,8,0.25,8437,-0.0018552825688913826,-15.653019033736594,-2.3051085510815694,0.02118464737672361,-0.00353340242601587,-0.0001969559719031517,0.0020169490051641244,-0.006685346629546474,0.03570557506796523,0.031967252328948204,1.0,True,NO_REPLICATION,2,same_direction,0.0004943499921147435
T0392,trend.donchian,donchian_55,um,1h,LONG,24,8,0.375,7272,-0.0009861576264936492,-7.171338259861816,-0.6675240210157086,0.5044586563880025,-0.004612299710337827,0.0026096413486188896,0.009296966952606995,-0.011280537831513348,0.08470632116139899,0.5600157771355798,1.0,False,NO_REPLICATION,3,same_direction,0.004349288464638722
T0393,momentum.roc,roc_6,um,1h,LONG,4,8,0.0,26583,-0.0020069553224605517,-53.350893336968845,-9.104531099333702,9.255440769439908e-20,-0.002498925048622641,-0.001545181314719476,-0.0012012371413864234,-0.0037546234442777256,0.02153106773421906,3.9983504123980404e-19,6.99711322169657e-17,True,NO_REPLICATION,1,same_direction,0.00023640671150938894
T0394,momentum.roc,roc_6,um,1h,LONG,12,8,0.125,19560,-0.002036326119747404,-39.83053890225922,-3.5948618744752205,0.00032536189867647783,-0.0033267416146556057,-0.000748827284785318,3.850123715605248e-05,-0.006228871273177872,0.028049196247357622,0.0006630016048501812,0.24597359539941724,True,NO_REPLICATION,2,same_direction,0.0008630748430112287
T0395,momentum.roc,roc_6,um,1h,LONG,24,8,0.625,15177,-0.001001620153793547,-15.201589074124662,-0.9727968154043144,0.3306698004048001,-0.003227069273991978,0.0013399481344914894,0.002857458128036501,-0.009212682694481035,0.03554217792047026,0.39492317394317356,1.0,True,NO_REPLICATION,3,same_direction,0.0022600589581111795
T0396,momentum.roc,roc_12,um,1h,LONG,4,8,0.0,26847,-0.0018300997761814288,-49.13268869114282,-8.582236550947334,9.799179325580821e-18,-0.002270778780464291,-0.001377805925325867,-0.0005924756977175822,-0.0025762306711458343,0.02900759001828476,3.858426859447449e-17,7.408179570139101e-15,True,NO_REPLICATION,1,same_direction,0.00043083231409761914
T0397,momentum.roc,roc_12,um,1h,LONG,12,8,0.125,19298,-0.0014162831581911535,-27.331432386772878,-2.4750135749766358,0.013331635677369036,-0.002723705032509564,-5.111929423709478e-05,0.0015991184066735749,-0.006506455934083168,0.028531416529146304,0.020997326191856232,1.0,True,NO_REPLICATION,2,same_direction,0.001198721008495466
T0398,momentum.roc,roc_12,um,1h,LONG,24,8,0.375,14643,-0.0009119757364102205,-13.35406070825486,-0.8733162640161116,0.38250504005912594,-0.0035358346564953592,0.0017426811791415389,0.005677443270524166,-0.010831065229159319,0.0297823400772846,0.44419940135898495,1.0,False,NO_REPLICATION,3,same_direction,0.0018328204041116022
T0399,momentum.roc,roc_24,um,1h,LONG,4,8,0.0,26904,-0.0018077117286757855,-48.63467634829333,-8.204707035072786,2.413782689894579e-16,-0.0023498448515579203,-0.0012481076472005408,-0.0007936289220505279,-0.00377153608373297,0.02834104413378001,9.216261179597484e-16,1.8248197135603017e-13,True,NO_REPLICATION,1,same_direction,0.0005556931375632884
T0400,momentum.roc,roc_24,um,1h,LONG,12,8,0.25,19722,-0.0018049518505013284,-35.5972603955872,-3.2075097937655315,0.001341032510378961,-0.0032134512128322895,-0.00031990569410121736,0.0007965438332205058,-0.007117420172939313,0.025633352992769712,0.002515683815996264,1.0,True,NO_REPLICATION,2,same_direction,0.0008089105227051753
T0401,momentum.roc,roc_24,um,1h,LONG,24,8,0.5,14351,-0.0010004392251520468,-14.357303320157024,-0.9378749279837478,0.3483244736600735,-0.0038619503705998727,0.0020469495793004793,0.006730085443825077,-0.010917530549178487,0.03566408201655905,0.41274812239344133,1.0,False,NO_REPLICATION,3,same_direction,0.0029442158509326855
T0402,momentum.rsi,rsi_7_30_70,um,1h,LONG,4,8,0.125,11243,-0.0017722759170597723,-19.92569813550302,-4.857464070227865,1.2050205326346249e-06,-0.002520991127574514,-0.0010504095882997153,0.00022792014680919466,-0.004240060278479635,0.03007680453390862,3.185299030320896e-06,0.0009109955226717764,True,NO_REPLICATION,1,same_direction,0.00011226859545579383
T0403,momentum.rsi,rsi_7_30_70,um,1h,LONG,12,8,0.25,8912,-0.0010300163403024417,-9.179505624775361,-1.314007466467618,0.18887751621933785,-0.0026003710439613356,0.0005491147264150929,0.002111975063576705,-0.00438864426250248,0.03827327032014139,0.2420193258674905,1.0,True,NO_REPLICATION,2,same_direction,0.0010161945442448922
T0404,momentum.rsi,rsi_7_30_70,um,1h,LONG,24,8,0.75,7555,0.00045813921495096283,3.4612417689545243,0.3412289356954544,0.7329407321157162,-0.002466334027282343,0.0035512380056291278,0.008778799385804434,-0.007183760792969943,0.029963701105421785,0.7738871417311193,1.0,False,NO_REPLICATION,3,opposite_direction,0.0031635434569057966
T0405,momentum.rsi,rsi_14_30_70,um,1h,LONG,4,8,0.375,4859,-0.0015665650496173883,-7.61193957609089,-2.565130997446727,0.010343446475868342,-0.002692473871819107,-0.00035293977546159937,0.0038188899634056727,-0.006047630322810342,0.03321069863637984,0.016744422988771875,1.0,False,NO_REPLICATION,1,same_direction,0.0008424774361490107
T0406,momentum.rsi,rsi_14_30_70,um,1h,LONG,12,8,0.375,3745,-0.0008698517019258768,-3.257594623712409,-0.7091801267612301,0.4782568622416169,-0.0031508838691324836,0.0013901991252126078,0.007482712500486635,-0.00689681804721674,0.032439762958862084,0.5332775632074667,1.0,False,NO_REPLICATION,2,same_direction,0.002834620907797835
T0407,momentum.rsi,rsi_14_30_70,um,1h,LONG,24,8,0.625,3176,0.0016639014640199607,5.284551049727395,0.8468111850935528,0.3971641949897845,-0.0014604189449363301,0.005441107749112701,0.015714503434975245,-0.004069254726199455,0.03725970067077751,0.4584063074996596,1.0,False,NO_REPLICATION,3,opposite_direction,0.006171550028824106
T0408,momentum.rsi,rsi_21_30_70,um,1h,LONG,4,8,0.5,2499,-0.0005724603242151298,-1.4305783502136094,-0.5191851664411473,0.6036776161053452,-0.0033936379203204116,0.0021422233549010434,0.015403401859399105,-0.016587931403983243,0.03409516355126028,0.6519718253937729,1.0,False,NO_REPLICATION,1,same_direction,0.00231536444961943
T0409,momentum.rsi,rsi_21_30_70,um,1h,LONG,12,8,0.375,1867,0.0004335466598210652,0.8094316138859287,0.23141073901353132,0.8170210946927416,-0.003300711316883129,0.004552780470226759,0.019511169133842644,-0.013274743974675979,0.047687559619647504,0.8472811352369173,1.0,False,NO_REPLICATION,2,opposite_direction,0.006532106728413394
T0410,momentum.rsi,rsi_21_30_70,um,1h,LONG,24,8,0.75,1591,0.004982297645683187,7.926835554281951,1.6779700990881368,0.09354946016593825,-0.0009106533520658552,0.011457329883104514,0.04075543669336782,-0.01611655156316003,0.038507502613627356,0.12674442990223891,1.0,False,NO_REPLICATION,3,same_direction,0.013433205799061588
T0411,volatility.atr_natr,natr14_filter,um,1h,LONG,4,8,0.125,14296,-0.0011836517904033066,-16.92148599560567,-3.126556368396315,0.0017722120153727946,-0.0021655917743321207,-0.0003653225263653894,8.234411644396342e-05,-0.004068088622565287,0.031226625360248953,0.003291872932731776,1.0,True,NO_REPLICATION,1,same_direction,0.0017983003658332349
T0412,volatility.atr_natr,natr14_filter,um,1h,LONG,12,8,0.5,9960,-0.00035415208154815917,-3.5273547322196652,-0.39802564100337323,0.6906198168328963,-0.0024261091526378465,0.0015652434688864891,0.00199311068591468,-0.004876783342944481,0.04217532074365128,0.7379991164345978,1.0,True,NO_REPLICATION,2,same_direction,0.004999719437993385
T0413,volatility.atr_natr,natr14_filter,um,1h,LONG,24,8,0.625,7494,0.003488191162003902,26.140504568057242,2.129957785861272,0.033207589435113934,-0.0001493987190959882,0.006762831345339353,0.007816437467749836,-0.008059021733330864,0.05091434101536109,0.04827872617874256,1.0,False,NO_REPLICATION,3,same_direction,0.010303056946465773
T0414,volatility.bollinger_bandwidth,bb20_2s_filter,um,1h,LONG,4,8,0.0,25191,-0.001934758838263199,-48.73850989468825,-8.946226696375247,3.925511657837034e-19,-0.0023446039906854367,-0.0014893936611765014,-0.001004668076902677,-0.0038952354778576336,0.022932034788849334,1.6487148962915544e-18,2.9676868133247978e-16,True,NO_REPLICATION,1,same_direction,0.0005087400228237025
T0415,volatility.bollinger_bandwidth,bb20_2s_filter,um,1h,LONG,12,8,0.25,21132,-0.0015530536314279887,-32.81912933933626,-2.7463761289432167,0.0060308633064958764,-0.0028087240304469634,-0.00027112649791034897,0.0011820578608503656,-0.006607265065766236,0.0292666540376383,0.010177081829711792,1.0,True,NO_REPLICATION,2,same_direction,0.0013803180544689792
T0416,volatility.bollinger_bandwidth,bb20_2s_filter,um,1h,LONG,24,8,0.625,17391,-0.0009626162540441184,-16.740859274081263,-0.9579468387983594,0.33810288345999673,-0.0036010996319658655,0.0018365820609206902,0.005712922907829328,-0.011065086346846564,0.041409096216940666,0.4018958803392414,1.0,False,NO_REPLICATION,3,same_direction,0.0030062570544964135
T0417,volatility.realized_percentile,rv20_p100_filter,um,1h,LONG,4,8,0.125,14047,-0.0013156973034570128,-18.481600021660658,-3.769672307348178,0.0001641313242101512,-0.0021303665640869055,-0.0005458380479529889,0.0009647025474915271,-0.0035508973986892534,0.02489257817876566,0.0003485485424238042,0.1240832811028743,True,NO_REPLICATION,1,same_direction,0.0016049423470692317
T0418,volatility.realized_percentile,rv20_p100_filter,um,1h,LONG,12,8,0.125,10442,-0.0006429510666047877,-6.713695037487193,-0.7743531570134846,0.43873951061644206,-0.00269907654226644,0.001284775214493988,0.006207814154817681,-0.006022719963224575,0.03975973891349899,0.49952871991872017,1.0,False,NO_REPLICATION,2,same_direction,0.0035755089178326135
T0419,volatility.realized_percentile,rv20_p100_filter,um,1h,LONG,24,8,0.625,8131,0.0018067613588147924,14.690776608523077,1.2328047088965335,0.21768428041421775,-0.001424359311569047,0.0048809645339507575,0.011270314187121348,-0.009016767235661693,0.0475214274704786,0.2729176052954372,1.0,False,NO_REPLICATION,3,opposite_direction,0.006120381596964053
T0420,volume.rvol,rvol20_filter,um,1h,LONG,4,8,0.0,13754,-0.0025160079819888845,-34.60517378427512,-8.410302385856761,4.4889559404140885e-17,-0.0031932686811925676,-0.0018604574530997559,-0.001224560613830143,-0.004358911545617452,0.02564212545375474,1.7493044798727069e-16,3.393650690953051e-14,True,NO_REPLICATION,1,same_direction,-0.00047892521352931776
T0421,volume.rvol,rvol20_filter,um,1h,LONG,12,8,0.375,11929,-0.0016687126937746455,-19.906073724037746,-2.566830077167557,0.010275375075366511,-0.003225682682477835,-0.00011364568816556364,0.0021035020797531626,-0.007100508109388087,0.028003509941930852,0.016698396301017306,1.0,True,NO_REPLICATION,2,same_direction,0.0008277591590662801
T0422,volume.rvol,rvol20_filter,um,1h,LONG,24,8,0.25,10306,-0.0005047106214445338,-5.201547664607364,-0.397316880583951,0.6911420296768456,-0.0035945481940500633,0.002795532573681428,0.009358489297880475,-0.008586919124658896,0.06504322569747145,0.7379991164345978,1.0,False,NO_REPLICATION,3,same_direction,0.003141206169231855
T0423,volume.vwap_deviation,vwap_dev20_reversal,um,1h,LONG,4,8,0.0,26581,-0.0017928958646253395,-47.65696497760615,-7.719875369603066,1.205270302962709e-14,-0.0022282518452493927,-0.0013295216415057634,-0.0012530663743933709,-0.0028178904363221516,0.024256782874223868,4.44480170263321e-14,9.11184349039808e-12,True,NO_REPLICATION,1,same_direction,0.0004351212038920598
T0424,volume.vwap_deviation,vwap_dev20_reversal,um,1h,LONG,12,8,0.25,20628,-0.0014101539254519017,-29.088655174221827,-2.3048853832210554,0.021182872862772376,-0.002797530471258028,8.628258220683737e-06,0.0008897754763992965,-0.006164179060819831,0.02737313243836107,0.031967252328948204,1.0,True,NO_REPLICATION,2,same_direction,0.0012014534929241285
T0425,volume.vwap_deviation,vwap_dev20_reversal,um,1h,LONG,24,8,0.625,15867,-0.0007324529177287067,-11.62183044560139,-0.679681759853469,0.49671590384088593,-0.003272106655348348,0.001810667777807415,0.004277129639157808,-0.01038781276787356,0.029090374928401132,0.5530445114929452,1.0,True,NO_REPLICATION,3,same_direction,0.002039748844113933
T0426,orderflow.taker_ratio,ratio_sign,um,1h,LONG,4,8,0.0,31306,-0.0018825145430083655,-58.93400028341989,-8.853424455971975,8.92459242935834e-19,-0.0022601166554744308,-0.0014977842394465037,-0.000888018652825143,-0.0031066305090503388,0.027237121022949427,3.5888254662738856e-18,6.746991876594905e-16,True,NO_REPLICATION,1,same_direction,0.0004651781622624989
T0427,orderflow.taker_ratio,ratio_sign,um,1h,LONG,12,8,0.375,27499,-0.0012018701975855057,-33.05022856340382,-2.1507638347325213,0.031503532435657934,-0.002320427154289185,8.058649093860309e-05,0.001183482902809454,-0.0057360841705865395,0.030470165072942233,0.04588953857679653,1.0,True,NO_REPLICATION,2,same_direction,0.0014955727506824207
T0428,orderflow.taker_ratio,ratio_sign,um,1h,LONG,24,8,0.625,22509,-0.0005499930875748162,-12.379794408221539,-0.5665737149751754,0.571009486683187,-0.0027626244496779563,0.0019009128996401018,0.005666107629538364,-0.007668131914227875,0.03396130645031887,0.6225576925649045,1.0,False,NO_REPLICATION,3,same_direction,0.003042904903574216
T0429,orderflow.cvd,cvd_slope6_sign,um,1h,LONG,4,8,0.0,27009,-0.001673557885794869,-45.20112493743362,-7.607428390052744,2.8870129040986256e-14,-0.002119546696025592,-0.0011790197152872928,-0.000227435111945704,-0.002944354363675905,0.030881408781984396,1.0493181516820005e-13,2.182581755498561e-11,True,NO_REPLICATION,1,same_direction,0.0006039834002636772
T0430,orderflow.cvd,cvd_slope6_sign,um,1h,LONG,12,8,0.375,22448,-0.000989211729957869,-22.205824914094244,-1.7266893306825066,0.08423723106981038,-0.0022071418890408107,0.00038351985202853147,0.002538007349973585,-0.004634332605523452,0.03755180630440665,0.11433275886674442,1.0,False,NO_REPLICATION,2,same_direction,0.0018639518608452312
T0431,orderflow.cvd,cvd_slope6_sign,um,1h,LONG,24,8,0.625,18419,0.00016629013469539992,3.0628979909545713,0.1644076749042159,0.8694120262269537,-0.0021363825938321597,0.002928795981073173,0.005578714740163035,-0.006802696472693522,0.04445439139413391,0.8918256334159795,1.0,False,NO_REPLICATION,3,opposite_direction,0.0036569847894201792
T0432,context.btc_regime,regime_follow,um,1h,LONG,4,8,0.0,3104,-0.0015852021759021838,-4.920467554000378,-5.054980359713895,4.5539036200852845e-07,-0.00228324626691599,-0.001001176731089072,-0.0005157130010297688,-0.002132492429121776,0.027080801211400538,1.2383996894908184e-06,0.0003442751136784475,True,NO_REPLICATION,1,same_direction,0.0006109801338561442
T0433,context.btc_regime,regime_follow,um,1h,LONG,12,8,0.375,1493,-0.00032934531962809584,-0.49171256220474713,-0.40919410005251217,0.6824559557291084,-0.0019054054818424277,0.001058688764238845,0.001787740729718159,-0.0055647729685358305,0.03687760667071232,0.730788530497459,1.0,True,NO_REPLICATION,2,same_direction,0.002880345055287928
T0434,context.btc_regime,regime_follow,um,1h,LONG,24,8,0.75,914,0.0004901561399575788,0.448002711921227,0.28658648315733987,0.7744939853880208,-0.0026408431589258546,0.003354510393781395,0.0034039477864064084,-0.011481063395193725,0.04796317968108455,0.8098443332688019,1.0,True,NO_REPLICATION,3,same_direction,0.003912946453051314
T0435,derivatives.funding,funding_sign,um,1h,LONG,4,8,0.0,16085,-0.001320119029667783,-21.23411459220629,-3.940696371587223,8.158885190104373e-05,-0.0017796448030575173,-0.0007581299878846927,-9.041149539532956e-05,-0.001974591112557771,0.04946323359708791,0.00017982848990434128,0.061681172037189064,True,NO_REPLICATION,1,not_comparable,0.000787545726486891
T0436,derivatives.funding,funding_sign,um,1h,LONG,12,8,0.625,10388,-4.95599033510611e-05,-0.5148282760108227,-0.06242993953725463,0.9502216543664447,-0.001430757770483959,0.00161046789133452,0.005051601426221805,-0.003464627384892541,0.03824783529125234,0.9578234276013762,1.0,False,NO_REPLICATION,2,not_comparable,0.002405167763990043
T0437,derivatives.funding,funding_sign,um,1h,LONG,24,8,0.75,7560,0.001563816945677558,11.822456109322339,1.1116158744760434,0.2663386983123709,-0.0009640274236488086,0.004595235157825108,0.013988585740131607,-0.005161283394363548,0.05091439211809236,0.32634044720284017,1.0,False,NO_REPLICATION,3,not_comparable,0.0050687184270697275
T0438,derivatives.funding_zscore,z90_extreme,um,1h,LONG,4,8,0.375,3015,-0.0002654904055561705,-0.8004535727518541,-0.24822285457211046,0.8039788943442517,-0.0017922248094347144,0.0017221143877457078,0.0016102903027812128,-0.0025494075033930716,0.06289080131505913,0.8367584673991953,1.0,False,NO_REPLICATION,1,not_comparable,0.001772066592230702
T0439,derivatives.funding_zscore,z90_extreme,um,1h,LONG,12,8,0.75,1647,0.0015704904746316585,2.5865978117183417,0.90792497309909,0.3640507673305404,-0.0009518492416764448,0.004491834818475102,0.012381138714991951,-0.004166117877207679,0.048907091686887866,0.42736394425759094,1.0,False,NO_REPLICATION,2,not_comparable,0.003214459524604193
T0440,derivatives.funding_zscore,z90_extreme,um,1h,LONG,24,8,0.625,1286,0.0024556144466713254,3.1579201784193245,0.9669515355698881,0.33375020990100457,-0.0018147472019588713,0.007871237256768054,0.015805409854529162,-0.005909501296843318,0.04647731072626383,0.3979734364119234,1.0,False,NO_REPLICATION,3,not_comparable,0.002336638296612965
T0441,trend.ema_20_50_spread,ema_10_30,um,4h,LONG,3,8,0.5,7028,-0.0005356509489343114,-3.76455486911034,-0.8559763552225698,0.3920400444535194,-0.0020882541943737206,0.0009597681861562717,0.0026572498896711184,-0.0063009922217168056,0.0322819147867124,0.4538779075143349,1.0,True,NO_REPLICATION,1,same_direction,0.0014630023589390652
T0442,trend.ema_20_50_spread,ema_10_30,um,4h,LONG,6,8,0.625,6389,0.0006484844762207165,4.143167318574157,0.5543207851311717,0.5793787326823826,-0.002499408017357778,0.0037295210707218346,0.005643838878969883,-0.007797025044571928,0.0481742230399112,0.6284222695952385,1.0,False,NO_REPLICATION,2,opposite_direction,0.003414149203485733
T0443,trend.ema_20_50_spread,ema_20_50,um,4h,LONG,3,8,0.625,6878,-0.00014351493471377933,-0.9870957209613742,-0.22475651941799107,0.8221753706847212,-0.0016440707697647332,0.0013464955865193796,0.0019944925477725804,-0.005915053384150388,0.05270388382138512,0.8502935434167568,1.0,True,NO_REPLICATION,1,same_direction,0.0020575827683264577
T0444,trend.ema_20_50_spread,ema_20_50,um,4h,LONG,6,8,0.625,6285,0.0014615479195499797,9.185828674371622,1.2500583111112542,0.21132479720473474,-0.0015733099386856762,0.004391173056117282,0.0067148448528688105,-0.008275492116788416,0.04885853382672912,0.2655696156407811,1.0,False,NO_REPLICATION,2,same_direction,0.0037358522515644633
T0445,trend.ema_20_50_spread,ema_50_200,um,4h,LONG,3,8,0.375,6560,-0.0009209344883152493,-6.041330243348035,-1.3534309106245261,0.17596464771656956,-0.0022755815523894793,0.00046523598531451177,0.0018400865609859152,-0.00841068542908633,0.04191493159852257,0.2270124124125027,1.0,True,NO_REPLICATION,1,same_direction,0.0005887784068690648
T0446,trend.ema_20_50_spread,ema_50_200,um,4h,LONG,6,8,0.625,5839,0.00023332729828236067,1.362398094670704,0.18681418879621348,0.8518128130830328,-0.00258717012434435,0.002934643539664144,0.005124891275836299,-0.012800847729781637,0.05342148000438853,0.8773439873171291,1.0,True,NO_REPLICATION,2,same_direction,0.0019138535813801177
T0447,trend.ema_50_200_regime,ema_10_30,um,4h,LONG,3,8,0.5,7028,-0.0005356509489343114,-3.76455486911034,-0.8559763552225698,0.3920400444535194,-0.0020882541943737206,0.0009597681861562717,0.0026572498896711184,-0.0063009922217168056,0.0322819147867124,0.4538779075143349,1.0,True,NO_REPLICATION,1,same_direction,0.0014630023589390652
T0448,trend.ema_50_200_regime,ema_10_30,um,4h,LONG,6,8,0.625,6389,0.0006484844762207165,4.143167318574157,0.5543207851311717,0.5793787326823826,-0.002499408017357778,0.0037295210707218346,0.005643838878969883,-0.007797025044571928,0.0481742230399112,0.6284222695952385,1.0,False,NO_REPLICATION,2,opposite_direction,0.003414149203485733
T0449,trend.ema_50_200_regime,ema_20_50,um,4h,LONG,3,8,0.625,6878,-0.00014351493471377933,-0.9870957209613742,-0.22475651941799107,0.8221753706847212,-0.0016440707697647332,0.0013464955865193796,0.0019944925477725804,-0.005915053384150388,0.05270388382138512,0.8502935434167568,1.0,True,NO_REPLICATION,1,same_direction,0.0020575827683264577
T0450,trend.ema_50_200_regime,ema_20_50,um,4h,LONG,6,8,0.625,6285,0.0014615479195499797,9.185828674371622,1.2500583111112542,0.21132479720473474,-0.0015733099386856762,0.004391173056117282,0.0067148448528688105,-0.008275492116788416,0.04885853382672912,0.2655696156407811,1.0,False,NO_REPLICATION,2,same_direction,0.0037358522515644633
T0451,trend.ema_50_200_regime,ema_50_200,um,4h,LONG,3,8,0.375,6560,-0.0009209344883152493,-6.041330243348035,-1.3534309106245261,0.17596464771656956,-0.0022755815523894793,0.00046523598531451177,0.0018400865609859152,-0.00841068542908633,0.04191493159852257,0.2270124124125027,1.0,True,NO_REPLICATION,1,same_direction,0.0005887784068690648
T0452,trend.ema_50_200_regime,ema_50_200,um,4h,LONG,6,8,0.625,5839,0.00023332729828236067,1.362398094670704,0.18681418879621348,0.8518128130830328,-0.00258717012434435,0.002934643539664144,0.005124891275836299,-0.012800847729781637,0.05342148000438853,0.8773439873171291,1.0,True,NO_REPLICATION,2,same_direction,0.0019138535813801177
T0453,trend.ema_slope,default,um,4h,LONG,3,8,0.375,7074,-0.0007239407884035917,-5.121157137167008,-1.2012556000644148,0.22969229073354247,-0.0020304904923637906,0.000579965540637757,0.00283003163719243,-0.0050129482234572455,0.030114544419760587,0.2870204492472035,1.0,False,NO_REPLICATION,1,same_direction,0.0015032180560165167
T0454,trend.ema_slope,default,um,4h,LONG,6,8,0.625,6416,0.001151935652712005,7.390819147800224,0.9628540014765365,0.33565708846211184,-0.0020727956205044786,0.004469607302810585,0.007968845101856291,-0.0074604620267644615,0.052941427089572515,0.39961694311394735,1.0,False,NO_REPLICATION,2,opposite_direction,0.003941333666136271
T0455,trend.adx_dmi,adx14_threshold20,um,4h,LONG,3,8,0.375,6514,-0.0010459737370878586,-6.813472923390311,-1.5379909994818732,0.12409939309491322,-0.002540421347978818,0.0004067671975759251,0.0028663780347297487,-0.005729188600656691,0.043103587240506586,0.1660515773092998,1.0,False,NO_REPLICATION,1,same_direction,0.0013567345082212742
T0456,trend.adx_dmi,adx14_threshold20,um,4h,LONG,6,8,0.75,5822,0.001555535474157734,9.056327530546326,1.249665242310384,0.21147210134358496,-0.0014887477298486443,0.004794490034876306,0.01134218155035317,-0.007650375815852491,0.07150414859693624,0.2655696156407811,1.0,False,NO_REPLICATION,2,opposite_direction,0.006772082704796864
T0457,trend.kaufman_er,er10_threshold0.3,um,4h,LONG,3,8,0.375,6198,-0.00119396225998216,-7.400178087369428,-1.6376882768553567,0.10153750831450183,-0.002857080545354157,0.0005440241649240665,0.0033619580069371643,-0.007292970474960519,0.03329757035263492,0.13707563622457744,1.0,True,NO_REPLICATION,1,same_direction,0.0012228094234438033
T0458,trend.kaufman_er,er10_threshold0.3,um,4h,LONG,6,8,0.625,5631,5.840119877619358e-05,0.32885715030874607,0.04374399579815755,0.965110020484245,-0.0036132339602177543,0.004204734068314637,0.011170969366542024,-0.013709704935425327,0.05843128144045814,0.9691777173403126,1.0,False,NO_REPLICATION,2,opposite_direction,0.003856808108583477
T0459,trend.donchian,donchian_20,um,4h,LONG,3,8,0.625,3684,-0.00026096395323694713,-0.9613912037249133,-0.2797178946364743,0.7797096557953233,-0.0026774991157166436,0.001955286886931386,0.005456034472146929,-0.009835776272557334,0.0369976958466341,0.8141719610238458,1.0,False,NO_REPLICATION,1,same_direction,0.0011797453143747429
T0460,trend.donchian,donchian_20,um,4h,LONG,6,8,0.625,3423,0.0012612564736884555,4.317280909435583,0.7307272839263763,0.4649957729414006,-0.0028563254748834813,0.005745617759242106,0.013474936873258543,-0.012089711745144113,0.1005387992333439,0.5223429485047532,1.0,False,NO_REPLICATION,2,same_direction,0.005823197675297246
T0461,trend.donchian,donchian_48,um,4h,LONG,3,8,0.625,2780,0.0014479065989823645,4.025180345170973,1.2727261779017416,0.20322169230486192,-0.0010064640878184481,0.00395146137447939,0.006261597658433877,-0.009202650878057446,0.037410479778550706,0.2582110913991187,1.0,False,NO_REPLICATION,1,same_direction,0.00020574538479205175
T0462,trend.donchian,donchian_48,um,4h,LONG,6,8,0.625,2582,0.001620072571925321,4.183027380711179,0.7643087676785881,0.4447531295952491,-0.0034496269156092697,0.007150405155637208,0.012636998561795463,-0.01225634700971334,0.09558669145095045,0.5048549038648774,1.0,False,NO_REPLICATION,2,same_direction,0.005522178947732474
T0463,trend.donchian,donchian_55,um,4h,LONG,3,8,0.625,2637,0.0019797702420270044,5.220654128225211,1.7389562842145745,0.08215919625372098,-0.0005087092611816749,0.004520842754869979,0.007795419124813103,-0.008664890413455032,0.040206286871498784,0.1117128639708868,1.0,False,NO_REPLICATION,1,same_direction,6.357630664968381e-05
T0464,trend.donchian,donchian_55,um,4h,LONG,6,8,0.5,2452,0.0028609778053973593,7.0151175788343245,1.3305820651882745,0.18345034254749248,-0.0022873870579419283,0.00824164155084571,0.015529177502114534,-0.01008168433984355,0.10256301459569135,0.2354642766823503,1.0,False,NO_REPLICATION,2,same_direction,0.0068635758888564765
T0465,momentum.roc,roc_6,um,4h,LONG,3,8,0.375,6835,-0.0013713081295657478,-9.372891065581886,-2.063055854659254,0.039145010029901256,-0.0028247593210343406,0.00017803896615839902,0.0030653410633738115,-0.007328985923922462,0.03194209536419567,0.05594258522231635,1.0,True,NO_REPLICATION,1,same_direction,0.0011757597723434975
T0466,momentum.roc,roc_6,um,4h,LONG,6,8,0.375,5670,-0.002469662023477021,-14.002983673114711,-1.9425495782477729,0.05212005845096881,-0.005250095316226322,0.0004888919269496268,0.0027066513670044087,-0.011971374474743805,0.022291400040777745,0.0733757247466153,1.0,True,NO_REPLICATION,2,same_direction,0.0012674936769974626
T0467,momentum.roc,roc_12,um,4h,LONG,3,8,0.5,6963,-0.00024015716303055977,-1.6722143261817877,-0.362568422459013,0.716938308339209,-0.0017814767859513098,0.001412511073708684,0.005329625934850357,-0.005677703792454534,0.029007337251466404,0.7591111500062213,1.0,False,NO_REPLICATION,1,same_direction,0.0024427569700449714
T0468,momentum.roc,roc_12,um,4h,LONG,6,8,0.625,6128,0.0003969347298986932,2.432416024819192,0.2954575297823408,0.767654402958683,-0.0025731138598973024,0.003600552783399957,0.009833250506535399,-0.00764903530042386,0.045260891937141806,0.8062152028612927,1.0,False,NO_REPLICATION,2,opposite_direction,0.003726607343128221
T0469,momentum.roc,roc_24,um,4h,LONG,3,8,0.5,6885,-0.0005034305728350186,-3.466119493969103,-0.8248964775025811,0.4094589483773232,-0.002018289267171919,0.0009306302212739498,0.001985343173648788,-0.0047465553165225525,0.025486685929515248,0.47044219600798837,1.0,True,NO_REPLICATION,1,same_direction,0.0018371264966856498
T0470,momentum.roc,roc_24,um,4h,LONG,6,8,0.625,6231,0.0013241725126264749,8.250918926175565,1.0100614181064806,0.31250509221279665,-0.001708159838216155,0.004686956366073639,0.008507777228447937,-0.007338981378105037,0.04649499865554789,0.37680039826614714,1.0,False,NO_REPLICATION,2,opposite_direction,0.004511222103078915
T0471,momentum.rsi,rsi_7_30_70,um,4h,LONG,3,8,0.375,2863,-0.001967445328721204,-5.632795976128807,-1.8617193723938503,0.06274508953248481,-0.003916720668600914,5.049342642778087e-06,0.002621235530924631,-0.00725968699838761,0.030579250020998844,0.08735780421097333,1.0,True,NO_REPLICATION,1,same_direction,0.0013909847912713714
T0472,momentum.rsi,rsi_7_30_70,um,4h,LONG,6,8,0.625,2520,-0.0001267510264976206,-0.31941258677400386,-0.06637627818658556,0.947083523201765,-0.003956780551877294,0.003923496304251351,0.014362384303521443,-0.014153400862062133,0.046169761887606145,0.9559347710821554,1.0,False,NO_REPLICATION,2,same_direction,0.004824043383915445
T0473,momentum.rsi,rsi_14_30_70,um,4h,LONG,3,8,0.25,1295,-0.0026601280356161657,-3.4448658061229347,-1.5066625354929846,0.1321412506631354,-0.005450960963496036,0.00034279301644454417,0.009433615664323974,-0.009187132129821097,0.044771277012137616,0.17618833421751387,1.0,False,NO_REPLICATION,1,same_direction,0.001879723041130872
T0474,momentum.rsi,rsi_14_30_70,um,4h,LONG,6,8,0.5,1114,0.0016145246720362418,1.7985804846483733,0.5384105643636251,0.5904012907916444,-0.002987721584819418,0.007254991228584676,0.02798343513358171,-0.011917838957336363,0.03682905346703839,0.6385456020579158,1.0,False,NO_REPLICATION,2,same_direction,0.008572281586730138
T0475,momentum.rsi,rsi_21_30_70,um,4h,LONG,3,8,0.5,683,-0.0003839862939514112,-0.26226263876881384,-0.13557422740100816,0.8921978855425438,-0.00463098658162318,0.004463220322181898,0.016376153906901253,-0.006522851229238361,0.04004491640984742,0.9046727162925055,1.0,False,NO_REPLICATION,1,same_direction,0.006114095820099889
T0476,momentum.rsi,rsi_21_30_70,um,4h,LONG,6,8,0.5,568,0.0049866967272826235,2.8324437410965304,1.026969984014563,0.304872506594993,-0.002409875095448145,0.01448419955149516,0.06604011412373771,-0.006491246756216982,0.02866955905975068,0.36877378397730354,1.0,False,NO_REPLICATION,2,same_direction,0.01568959556440011
T0477,volatility.atr_natr,natr14_filter,um,4h,LONG,3,8,0.375,3498,-0.0001752263443234786,-0.6129417524435281,-0.14706003689268304,0.8830931101324068,-0.0027310906450607113,0.0022580266270529727,0.004447306908956561,-0.012833005231040527,0.03555963940803293,0.9021870152163507,1.0,True,NO_REPLICATION,1,same_direction,0.004715994196715833
T0478,volatility.atr_natr,natr14_filter,um,4h,LONG,6,8,0.625,2861,0.0025794141525229838,7.379703890368257,1.1314475960254917,0.25796160963237835,-0.003184614021190014,0.007765324677346972,0.012676577322300394,-0.014529819334370695,0.06651197083908701,0.31865845895764383,1.0,False,NO_REPLICATION,2,opposite_direction,0.014864985455108375
T0479,volatility.bollinger_bandwidth,bb20_2s_filter,um,4h,LONG,3,8,0.25,6467,-0.0012260513792640671,-7.928874269700722,-1.909785138956458,0.056205086302393195,-0.002495817081319351,-3.554294619058398e-05,0.0011929422036145124,-0.005014188533538447,0.028558609193141224,0.07868712082335047,1.0,True,NO_REPLICATION,1,same_direction,0.001287083090445313
T0480,volatility.bollinger_bandwidth,bb20_2s_filter,um,4h,LONG,6,8,0.625,5991,-0.0005801414528814621,-3.475627444212839,-0.47828476113873053,0.6324649961029487,-0.0032486819336819167,0.002120918373408312,0.005681802394557788,-0.00845844865501534,0.0835525151998863,0.6820877846702271,1.0,False,NO_REPLICATION,2,same_direction,0.0026389670329024653
T0481,volatility.realized_percentile,rv20_p100_filter,um,4h,LONG,3,8,0.5,3666,-0.0008583073570123412,-3.146554770807243,-0.8044648313705822,0.42118075123003906,-0.0031367133101142955,0.0014267372905090534,0.002727576234601255,-0.010278826081478594,0.02358815552810056,0.48026040411751064,1.0,True,NO_REPLICATION,1,same_direction,0.003259694522177813
T0482,volatility.realized_percentile,rv20_p100_filter,um,4h,LONG,6,8,0.625,3036,0.0013272854562581392,4.029638645199711,0.5853526287972647,0.5583541522864846,-0.0038015826250142435,0.0067288913804266414,0.014273670569199808,-0.016697283616834382,0.055839663198454036,0.6099938426713618,1.0,False,NO_REPLICATION,2,same_direction,0.008464633564584512
T0483,volume.rvol,rvol20_filter,um,4h,LONG,3,8,0.625,3971,-0.0008522997007768778,-3.3844821117849815,-0.8516786191219596,0.39444386081964117,-0.003382030290752464,0.001657636376692685,0.005165281314795194,-0.011635720147684114,0.038643927052699416,0.4559626281034384,1.0,True,NO_REPLICATION,1,same_direction,0.0010446522019079475
T0484,volume.rvol,rvol20_filter,um,4h,LONG,6,8,0.5,3672,-0.0013575657191514858,-4.9849813207242555,-0.7665561822698933,0.44339472642260436,-0.005422207888370701,0.0027862703612609504,0.009179937573180969,-0.013905899902849822,0.07972677996051333,0.5040697942488555,1.0,False,NO_REPLICATION,2,same_direction,0.003321289350681121
T0485,volume.vwap_deviation,vwap_dev20_reversal,um,4h,LONG,3,8,0.125,6796,-0.0016010359879322323,-10.880640573987451,-2.424581484916496,0.01535195160740408,-0.0028301883256672497,-0.0002538743778299177,2.625726996190745e-05,-0.004816445566240618,0.02539467137981819,0.02383177703325972,1.0,True,NO_REPLICATION,1,same_direction,0.0012943732315397667
T0486,volume.vwap_deviation,vwap_dev20_reversal,um,4h,LONG,6,8,0.5,6094,-0.0008458551273032872,-5.154641145786233,-0.6523885973035158,0.5141751290438993,-0.003549398600135936,0.00219637963455366,0.004484475351663871,-0.00870605530174972,0.03229159008619284,0.5691308895420027,1.0,False,NO_REPLICATION,2,same_direction,0.002135539920661091
T0487,orderflow.taker_ratio,ratio_sign,um,4h,LONG,3,8,0.25,7612,-0.001142501046594964,-8.696717966680866,-1.8299123243102065,0.06730214237270625,-0.0024152061292276035,0.000288468375190826,0.002552185315872559,-0.005376256989195294,0.034127474714082895,0.09353018315030501,1.0,True,NO_REPLICATION,1,same_direction,0.0018724314732882304
T0488,orderflow.taker_ratio,ratio_sign,um,4h,LONG,6,8,0.625,7147,0.0007826912813371348,5.593894587716502,0.6763344253231693,0.4988502295990594,-0.0017383307511682987,0.003551140664615599,0.009162176907130603,-0.007914284595494661,0.11323820682488545,0.5546040787895424,1.0,False,NO_REPLICATION,2,opposite_direction,0.004510648165284429
T0489,orderflow.cvd,cvd_slope6_sign,um,4h,LONG,3,8,0.375,5891,-0.0009552143013239976,-5.6271674490996695,-1.3653609136280893,0.17219178475448385,-0.0023779528425353774,0.0006774213287467825,0.004287406743980665,-0.004478368159209608,0.037877154047089266,0.22405678016246092,1.0,False,NO_REPLICATION,1,same_direction,0.0018689482791937073
T0490,orderflow.cvd,cvd_slope6_sign,um,4h,LONG,6,8,0.625,5174,0.000585500993336124,3.029382139521106,0.4304299720709347,0.666900828135809,-0.002420818129920372,0.0039148532370580705,0.008489045957794792,-0.006932590095236861,0.045085194528062596,0.7151447178307399,1.0,False,NO_REPLICATION,2,opposite_direction,0.004370689001612394
T0491,context.btc_regime,regime_follow,um,4h,LONG,3,8,0.75,1721,0.0013756579136055922,2.367507269315224,1.4054455767838419,0.16006941739852326,-0.0006247328796659948,0.0031425436103778735,0.003126524875730364,-0.004185528638433107,0.049164447376023095,0.21009111033556177,1.0,False,NO_REPLICATION,1,same_direction,0.003012766906008896
T0492,context.btc_regime,regime_follow,um,4h,LONG,6,8,0.5,1170,-0.0003264741295904524,-0.3819747316208293,-0.1604025078095525,0.8725917267088087,-0.004857258036675782,0.0033752284011532314,0.004582442423100877,-0.020822911892769438,0.05733746187202481,0.8938744517504869,1.0,True,NO_REPLICATION,2,opposite_direction,-0.0006560710610909242
T0493,context.market_breadth,breadth_0.4_0.6,um,4h,LONG,3,8,0.25,824,-0.0008791910427648443,-0.7244534192382317,-0.9899596231057537,0.3224848110379957,-0.0026201718277830324,0.0007292861109765904,0.0018701123814318687,-0.003145782938841651,0.06432900265021274,0.3863684899282484,1.0,False,NO_REPLICATION,1,same_direction,0.0008125792068428399
T0494,context.market_breadth,breadth_0.4_0.6,um,4h,LONG,6,8,0.375,599,0.00042027958959185366,0.25174747416552035,0.24742973746372074,0.8046605896815014,-0.003078272567720999,0.003284941501418228,0.00927118714158289,-0.00708024100751552,0.04120867591310111,0.8367584673991953,1.0,False,NO_REPLICATION,2,opposite_direction,0.004084222922863637
T0495,derivatives.funding,funding_sign,um,4h,LONG,3,8,0.625,5223,-0.0002275715609977154,-1.1886062630910676,-0.29160964999919703,0.770596679128068,-0.0018003756589496918,0.0016462436155198622,0.0042596188360155135,-0.004170068270374688,0.04245404206006273,0.8080042849109839,1.0,False,NO_REPLICATION,1,not_comparable,0.0023933254879114512
T0496,derivatives.funding,funding_sign,um,4h,LONG,6,8,0.75,4187,0.001542000805506219,6.456357372654539,1.0267187809475837,0.30461222738408145,-0.0013669938129333753,0.005052045019666495,0.012401101753152531,-0.007511848718313638,0.04184584596038414,0.36877378397730354,1.0,False,NO_REPLICATION,2,not_comparable,0.004638642660063743
T0497,derivatives.funding_zscore,z90_extreme,um,4h,LONG,3,8,0.625,1315,0.0014206972920803797,1.8682169390856993,0.8844216780409511,0.3766304227684094,-0.0015472323874092574,0.004603251614918335,0.010724155779436868,-0.004817871478646799,0.041106509302500434,0.43940215989647763,1.0,False,NO_REPLICATION,1,not_comparable,0.002174434080328626
T0498,derivatives.funding_zscore,z90_extreme,um,4h,LONG,6,8,0.625,1145,0.00224881769570636,2.574896261583782,0.9137934939576062,0.3610179104796946,-0.001621942914836695,0.006766826928408955,0.01653361523191429,-0.004994671857816425,0.04598921104045979,0.42512389458356564,1.0,False,NO_REPLICATION,2,not_comparable,0.0033763006797934906
T0499,trend.ema_20_50_spread,ema_10_30,um,15m,SHORT,4,8,0.0,109560,-0.0021087735615632516,-231.03723140486983,-34.21272824105893,3.504955863374054e-255,-0.00221983683191743,-0.00200788461881136,-0.001879739559676664,-0.0023405248611241022,0.023493125101170378,5.888325850468411e-254,2.649746632710785e-252,True,NO_REPLICATION,1,same_direction,0.0002258609159450553
T0500,trend.ema_20_50_spread,ema_10_30,um,15m,SHORT,16,8,0.0,80067,-0.0023320297175008177,-186.71862339113795,-10.672485501088982,1.426698168624186e-26,-0.0027786085904171567,-0.0019102602612367386,-0.0011225497089027117,-0.0031066788758080687,0.022832101255073057,7.704170110570604e-26,1.0785838154798845e-23,True,NO_REPLICATION,2,same_direction,0.000530571082219089
T0501,trend.ema_20_50_spread,ema_10_30,um,15m,SHORT,48,8,0.125,48995,-0.00301902435369094,-147.9170982090876,-5.763298338804357,8.297903581042152e-09,-0.004274280040747732,-0.0018334685603711193,0.0013968223870181645,-0.005842911172687695,0.02969134036577793,2.5500874419788077e-08,6.273215107267867e-06,True,NO_REPLICATION,3,same_direction,0.001632966684107816
T0502,trend.ema_20_50_spread,ema_10_30,um,15m,SHORT,96,8,0.125,33424,-0.003057985880016653,-102.2101200536766,-3.337188931410357,0.0008472268290623017,-0.005740481153580867,-0.0006297469877562685,0.006690241425653205,-0.007750140356341594,0.03526893685836027,0.0016423166224900003,0.6405034827711001,False,NO_REPLICATION,4,same_direction,0.002431349505590143
T0503,trend.ema_20_50_spread,ema_20_50,um,15m,SHORT,4,8,0.0,108649,-0.0021132415805189017,-229.60158448179814,-33.849408489125125,7.474057830934418e-250,-0.002225131467849061,-0.0019990139148107627,-0.0018400791572446885,-0.0022925764286454726,0.02231496810108619,1.130077544037284e-248,5.6503877201864193e-247,True,NO_REPLICATION,1,same_direction,0.00024833920474386095
T0504,trend.ema_20_50_spread,ema_20_50,um,15m,SHORT,16,8,0.0,81148,-0.0023594353647911834,-191.46346098207493,-10.462657515000311,1.331149382140144e-25,-0.002825103516504085,-0.0019308225935973115,-0.0012505345465044417,-0.002946492409324478,0.02403551042856645,7.08696431618274e-25,1.006348932897949e-22,True,NO_REPLICATION,2,same_direction,0.0007038149557385925
T0505,trend.ema_20_50_spread,ema_20_50,um,15m,SHORT,48,8,0.125,48314,-0.002977296979885701,-143.84512628619777,-5.4995530114378655,3.8267922611134765e-08,-0.004360856109244781,-0.0017736468035995055,0.0010321811372034557,-0.005232376234644442,0.02819292815315464,1.1084501721845932e-07,2.8930549494017883e-05,True,NO_REPLICATION,3,same_direction,0.0015233471071864609
T0506,trend.ema_20_50_spread,ema_20_50,um,15m,SHORT,96,8,0.125,32233,-0.0033822618267167685,-109.0204454605616,-3.594869654928333,0.00032503821034117366,-0.0061409926122633594,-0.0008527754306979186,0.00628167544895218,-0.007240200494725702,0.031664976301641966,0.0006630016048501812,0.24572888701792728,False,NO_REPLICATION,4,same_direction,0.00257296233948486
T0507,trend.ema_20_50_spread,ema_50_200,um,15m,SHORT,4,8,0.0,107857,-0.0020443395607025253,-220.49633199869228,-33.708087775045826,8.6363214208247e-248,-0.0021467679088541932,-0.0019462650900125857,-0.0018030697433383184,-0.002208439592606368,0.023195367245235084,1.2555882681045143e-246,6.529058994143474e-245,True,NO_REPLICATION,1,same_direction,0.00017727576194183185
T0508,trend.ema_20_50_spread,ema_50_200,um,15m,SHORT,16,8,0.0,82261,-0.0021300266537784152,-175.2181225664662,-9.04161776500088,1.576132468852848e-19,-0.0025653633677254605,-0.0017345261097694074,-0.0009352881254006153,-0.0026339785923200827,0.02328487939318058,6.731955629676571e-19,1.191556146452753e-16,True,NO_REPLICATION,2,same_direction,0.0005513010527483377
T0509,trend.ema_20_50_spread,ema_50_200,um,15m,SHORT,48,8,0.125,47327,-0.0026507623511260966,-125.45262979174478,-4.558882872523748,5.155500561640332e-06,-0.0039424950237675884,-0.001515086556402798,0.0011635864620950537,-0.004280666225680833,0.027028529678344227,1.2948699085050135e-05,0.003897558424600091,True,NO_REPLICATION,3,same_direction,0.0017692646575459274
T0510,trend.ema_20_50_spread,ema_50_200,um,15m,SHORT,96,8,0.125,29729,-0.0031571593574431893,-93.85919053742857,-3.1181215423677653,0.0018218141776498947,-0.0058004890698414805,-0.0008473259447825421,0.0043785673061893515,-0.007086521167799876,0.028459484646134067,0.003359247605617855,1.0,False,NO_REPLICATION,4,same_direction,0.0031448792354550163
T0511,trend.ema_50_200_regime,ema_10_30,um,15m,SHORT,4,8,0.0,109560,-0.0021087735615632516,-231.03723140486983,-34.21272824105893,3.504955863374054e-255,-0.00221983683191743,-0.00200788461881136,-0.001879739559676664,-0.0023405248611241022,0.023493125101170378,5.888325850468411e-254,2.649746632710785e-252,True,NO_REPLICATION,1,same_direction,0.0002258609159450553
T0512,trend.ema_50_200_regime,ema_10_30,um,15m,SHORT,16,8,0.0,80067,-0.0023320297175008177,-186.71862339113795,-10.672485501088982,1.426698168624186e-26,-0.0027786085904171567,-0.0019102602612367386,-0.0011225497089027117,-0.0031066788758080687,0.022832101255073057,7.704170110570604e-26,1.0785838154798845e-23,True,NO_REPLICATION,2,same_direction,0.000530571082219089
T0513,trend.ema_50_200_regime,ema_10_30,um,15m,SHORT,48,8,0.125,48995,-0.00301902435369094,-147.9170982090876,-5.763298338804357,8.297903581042152e-09,-0.004274280040747732,-0.0018334685603711193,0.0013968223870181645,-0.005842911172687695,0.02969134036577793,2.5500874419788077e-08,6.273215107267867e-06,True,NO_REPLICATION,3,same_direction,0.001632966684107816
T0514,trend.ema_50_200_regime,ema_10_30,um,15m,SHORT,96,8,0.125,33424,-0.003057985880016653,-102.2101200536766,-3.337188931410357,0.0008472268290623017,-0.005740481153580867,-0.0006297469877562685,0.006690241425653205,-0.007750140356341594,0.03526893685836027,0.0016423166224900003,0.6405034827711001,False,NO_REPLICATION,4,same_direction,0.002431349505590143
T0515,trend.ema_50_200_regime,ema_20_50,um,15m,SHORT,4,8,0.0,108649,-0.0021132415805189017,-229.60158448179814,-33.849408489125125,7.474057830934418e-250,-0.002225131467849061,-0.0019990139148107627,-0.0018400791572446885,-0.0022925764286454726,0.02231496810108619,1.130077544037284e-248,5.6503877201864193e-247,True,NO_REPLICATION,1,same_direction,0.00024833920474386095
T0516,trend.ema_50_200_regime,ema_20_50,um,15m,SHORT,16,8,0.0,81148,-0.0023594353647911834,-191.46346098207493,-10.462657515000311,1.331149382140144e-25,-0.002825103516504085,-0.0019308225935973115,-0.0012505345465044417,-0.002946492409324478,0.02403551042856645,7.08696431618274e-25,1.006348932897949e-22,True,NO_REPLICATION,2,same_direction,0.0007038149557385925
T0517,trend.ema_50_200_regime,ema_20_50,um,15m,SHORT,48,8,0.125,48314,-0.002977296979885701,-143.84512628619777,-5.4995530114378655,3.8267922611134765e-08,-0.004360856109244781,-0.0017736468035995055,0.0010321811372034557,-0.005232376234644442,0.02819292815315464,1.1084501721845932e-07,2.8930549494017883e-05,True,NO_REPLICATION,3,same_direction,0.0015233471071864609
T0518,trend.ema_50_200_regime,ema_20_50,um,15m,SHORT,96,8,0.125,32233,-0.0033822618267167685,-109.0204454605616,-3.594869654928333,0.00032503821034117366,-0.0061409926122633594,-0.0008527754306979186,0.00628167544895218,-0.007240200494725702,0.031664976301641966,0.0006630016048501812,0.24572888701792728,False,NO_REPLICATION,4,same_direction,0.00257296233948486
T0519,trend.ema_50_200_regime,ema_50_200,um,15m,SHORT,4,8,0.0,107857,-0.0020443395607025253,-220.49633199869228,-33.708087775045826,8.6363214208247e-248,-0.0021467679088541932,-0.0019462650900125857,-0.0018030697433383184,-0.002208439592606368,0.023195367245235084,1.2555882681045143e-246,6.529058994143474e-245,True,NO_REPLICATION,1,same_direction,0.00017727576194183185
T0520,trend.ema_50_200_regime,ema_50_200,um,15m,SHORT,16,8,0.0,82261,-0.0021300266537784152,-175.2181225664662,-9.04161776500088,1.576132468852848e-19,-0.0025653633677254605,-0.0017345261097694074,-0.0009352881254006153,-0.0026339785923200827,0.02328487939318058,6.731955629676571e-19,1.191556146452753e-16,True,NO_REPLICATION,2,same_direction,0.0005513010527483377
T0521,trend.ema_50_200_regime,ema_50_200,um,15m,SHORT,48,8,0.125,47327,-0.0026507623511260966,-125.45262979174478,-4.558882872523748,5.155500561640332e-06,-0.0039424950237675884,-0.001515086556402798,0.0011635864620950537,-0.004280666225680833,0.027028529678344227,1.2948699085050135e-05,0.003897558424600091,True,NO_REPLICATION,3,same_direction,0.0017692646575459274
T0522,trend.ema_50_200_regime,ema_50_200,um,15m,SHORT,96,8,0.125,29729,-0.0031571593574431893,-93.85919053742857,-3.1181215423677653,0.0018218141776498947,-0.0058004890698414805,-0.0008473259447825421,0.0043785673061893515,-0.007086521167799876,0.028459484646134067,0.003359247605617855,1.0,False,NO_REPLICATION,4,same_direction,0.0031448792354550163
T0523,trend.ema_slope,default,um,15m,SHORT,4,8,0.0,110140,-0.0021493544092285,-236.72989463242698,-35.53911287052187,4.475589257561507e-275,-0.0022669802062155234,-0.0020414922951324916,-0.0018655356765235347,-0.002571072754309116,0.021982144357787635,9.144717510044593e-274,3.383545478716499e-272,True,NO_REPLICATION,1,same_direction,0.00016055262124584557
T0524,trend.ema_slope,default,um,15m,SHORT,16,8,0.0,80660,-0.002350132508044805,-189.56168809889397,-11.432177960069149,3.047021263086588e-30,-0.0027673998696953177,-0.0019444619292536376,-0.0011297511875114452,-0.003396914135725483,0.023739855555338325,1.8282127578519527e-29,2.3035480748934605e-27,True,NO_REPLICATION,2,same_direction,0.000466774748885959
T0525,trend.ema_slope,default,um,15m,SHORT,48,8,0.125,50365,-0.0028125739120030946,-141.65528507803586,-5.432706555437576,5.5762190720016354e-08,-0.004194029566917392,-0.0015213492102626334,0.0023109754168587665,-0.006971503749084205,0.027362688081192073,1.584820157305728e-07,4.2156216184332365e-05,True,NO_REPLICATION,3,same_direction,0.0010728123053658264
T0526,trend.ema_slope,default,um,15m,SHORT,96,8,0.25,34543,-0.003132502489236942,-108.20603348571169,-3.484053712478986,0.0004944919626681123,-0.00568336570150631,-0.0007067741388648829,0.006355591296930665,-0.009876471872960564,0.02897893946414651,0.0009837787467818235,0.3738359237770929,False,NO_REPLICATION,4,same_direction,0.0022261840287380623
T0527,trend.adx_dmi,adx14_threshold20,um,15m,SHORT,4,8,0.0,96253,-0.00218776596292661,-210.57903722957496,-33.47705950847131,2.6628911442802038e-244,-0.0023163181202255933,-0.0020633105997625674,-0.0018642900590740584,-0.0024998133803824205,0.022466712461347873,3.7983881227845926e-243,2.013145705075834e-241,True,NO_REPLICATION,1,same_direction,0.000156415260912611
T0528,trend.adx_dmi,adx14_threshold20,um,15m,SHORT,16,8,0.0,68372,-0.0023502330473529967,-160.6901339136191,-10.156420153205596,3.2279857608235244e-24,-0.002854636765926027,-0.0018794510029805805,-0.0006248008042935032,-0.00325823072372344,0.02683358861285119,1.616130619326215e-23,2.4403572351825846e-21,True,NO_REPLICATION,2,same_direction,0.00036850212418839887
T0529,trend.adx_dmi,adx14_threshold20,um,15m,SHORT,48,8,0.125,42886,-0.0031934146859490414,-136.9527822216106,-5.773334094485305,7.82528653334521e-09,-0.004524211388837014,-0.0019820250399755998,0.0011309764806613802,-0.006075644645019308,0.027488640192096393,2.4345335881518433e-08,5.915916619208979e-06,True,NO_REPLICATION,3,same_direction,0.0015109440154999966
T0530,trend.adx_dmi,adx14_threshold20,um,15m,SHORT,96,8,0.125,30254,-0.003374575737542464,-102.0944143636097,-3.5979514730072384,0.00032124487862982763,-0.0060271912832622265,-0.0008773455335844599,0.005633783455475034,-0.008395352210919162,0.029501225848596754,0.0006599487180547546,0.24286112824414968,False,NO_REPLICATION,4,same_direction,0.0025765437743043205
T0531,trend.kaufman_er,er10_threshold0.3,um,15m,SHORT,4,8,0.0,95401,-0.002180691990868146,-208.040196620812,-35.827262450368714,3.0209474193529472e-279,-0.002323777745022893,-0.0020518874546038746,-0.0017552252177914466,-0.0025095837628121478,0.0232970181059456,6.34398958064119e-278,2.2838362490308282e-276,True,NO_REPLICATION,1,same_direction,4.315614599798966e-06
T0532,trend.kaufman_er,er10_threshold0.3,um,15m,SHORT,16,8,0.0,74381,-0.0024429259275024983,-181.7072734135633,-12.235950073907595,2.15579168586256e-34,-0.0029471785041384813,-0.00200189182812002,-0.0009152076247614331,-0.003734810485019896,0.023319746964048607,1.3929730893265771e-33,1.6297785145120952e-31,True,NO_REPLICATION,2,same_direction,0.0001759784042961272
T0533,trend.kaufman_er,er10_threshold0.3,um,15m,SHORT,48,8,0.125,49975,-0.0029534117393295095,-147.59675167299224,-5.881424499746932,4.093313330761413e-09,-0.004355846048756949,-0.0016282071544337334,0.00192277625652253,-0.006107295194135391,0.02634789607817598,1.284043517865406e-08,3.094544878055628e-06,True,NO_REPLICATION,3,same_direction,0.0010142866478174797
T0534,trend.kaufman_er,er10_threshold0.3,um,15m,SHORT,96,8,0.125,34693,-0.003447228381796008,-119.59469424964891,-3.9517234823395695,7.774392349869594e-05,-0.006094074807443129,-0.0010889103329217709,0.005822519129221341,-0.00886217065141176,0.034266192398573404,0.00017185498878659103,0.05877440616501413,False,NO_REPLICATION,4,same_direction,0.0024010597184462913
T0535,trend.donchian,donchian_20,um,15m,SHORT,4,8,0.0,33597,-0.002522552464720666,-84.75019515722022,-25.16968372165724,1.658756960981914e-138,-0.0027589998919471705,-0.0022876312609708288,-0.0018245230927736176,-0.003510304808016176,0.023280262277262334,1.929261942311272e-137,1.2540202625023268e-135,True,NO_REPLICATION,1,same_direction,0.00017929745558839527
T0536,trend.donchian,donchian_20,um,15m,SHORT,16,8,0.0,28959,-0.0026706155410820267,-77.33835545419441,-10.307615072706996,7.18739629010533e-25,-0.003255482859045084,-0.002151189562064911,-0.0007466888074208998,-0.004009802045134472,0.0245269501048078,3.747359720910089e-24,5.433671595319629e-22,True,NO_REPLICATION,2,same_direction,5.739652170357783e-05
T0537,trend.donchian,donchian_20,um,15m,SHORT,48,8,0.125,22671,-0.0033968889953776456,-77.01087041420661,-5.587006525768585,2.3366906135589242e-08,-0.004768843528781035,-0.002027828737847416,0.0006774942059770756,-0.005346462031932653,0.026142771219605926,6.927600407257045e-08,1.7665381038505467e-05,True,NO_REPLICATION,3,same_direction,0.00038947142307268687
T0538,trend.donchian,donchian_20,um,15m,SHORT,96,8,0.25,17926,-0.0030028099177492043,-53.82837058557224,-2.9109565001911872,0.003607678661455459,-0.00573644213107479,-0.00034664675745495535,0.006473403775880886,-0.006266214026662482,0.028745882681063133,0.006327415528007846,1.0,False,NO_REPLICATION,4,same_direction,0.0014506241392804775
T0539,trend.donchian,donchian_48,um,15m,SHORT,4,8,0.0,20533,-0.0025020623278763526,-51.37484577828515,-18.258349032331953,6.827771722128198e-74,-0.0028332492039788745,-0.0021527414871750617,-0.001171233758887356,-0.003906167776809829,0.026527327155930775,6.791836081485419e-73,5.161795421928918e-71,True,NO_REPLICATION,1,same_direction,0.00023049314742738672
T0540,trend.donchian,donchian_48,um,15m,SHORT,16,8,0.0,17784,-0.0031136414206205908,-55.372999024316584,-9.156330141120868,5.938917014834731e-20,-0.003908306416212411,-0.0022999506336930406,-0.00018155814283577263,-0.005679926938282052,0.025089904693338005,2.595272406482692e-19,4.489821263215057e-17,True,NO_REPLICATION,2,same_direction,0.0005955578768562703
T0541,trend.donchian,donchian_48,um,15m,SHORT,48,8,0.125,14926,-0.0033277392229403985,-49.66983564160839,-4.419188896714292,9.977044827730096e-06,-0.00513613797955348,-0.001431596013125676,0.0016257737095007384,-0.005181582569424841,0.028623000113965937,2.440985724842703e-05,0.007542645889763952,True,NO_REPLICATION,3,same_direction,0.0009444423079025236
T0542,trend.donchian,donchian_48,um,15m,SHORT,96,8,0.125,12562,-0.004914164437717599,-61.73173366660848,-4.070107340216029,4.727913550492372e-05,-0.008100853692378047,-0.002002665802142095,0.005459267873224996,-0.01007862692155011,0.024331348535691272,0.00010765971819795885,0.035743026441722336,False,NO_REPLICATION,4,same_direction,0.003531355893816753
T0543,trend.donchian,donchian_55,um,15m,SHORT,4,8,0.0,18925,-0.0025310059844932567,-47.89928825653488,-17.29958155841376,1.5400302678701826e-66,-0.0028787895981059676,-0.0021654758525989594,-0.001241874946515244,-0.004104344801577205,0.026814988479765704,1.4926447211664848e-65,1.1642628825098581e-63,True,NO_REPLICATION,1,same_direction,0.00022544266001886656
T0544,trend.donchian,donchian_55,um,15m,SHORT,16,8,0.0,16503,-0.0031046128910039213,-51.23542654023771,-8.633267077934196,6.49881432207227e-18,-0.003945612244065663,-0.0023103244149537704,-0.0005775249528440674,-0.005342194755942962,0.026047883345336947,2.5858440144666505e-17,4.913103627486636e-15,True,NO_REPLICATION,2,same_direction,0.0005795282186360153
T0545,trend.donchian,donchian_55,um,15m,SHORT,48,8,0.25,13905,-0.003348175849242805,-46.556385183721204,-4.2850618982176085,1.8391722897502368e-05,-0.005283874012852586,-0.0013373709025641788,0.001863726808939331,-0.005279818698060661,0.0332901160640946,4.3315085702528944e-05,0.01390414251051179,True,NO_REPLICATION,3,same_direction,0.0009815305527811256
T0546,trend.donchian,donchian_55,um,15m,SHORT,96,8,0.125,11818,-0.004890274252900416,-57.79326112077712,-3.9534259004441106,7.74890793545676e-05,-0.007954046103469867,-0.0019370155890279417,0.005244771496989711,-0.009798475824145949,0.028828668081490677,0.00017179397065118212,0.058581743992053105,False,NO_REPLICATION,4,same_direction,0.003204175554081697
T0547,momentum.roc,roc_6,um,15m,SHORT,4,8,0.0,110241,-0.0021592979023630984,-238.04316005441035,-38.154745272139394,0.0,-0.0022923157888005367,-0.00204357553451105,-0.0018216160788413354,-0.0024543680906540595,0.022623831034192576,0.0,0.0,True,NO_REPLICATION,1,same_direction,8.818217207910836e-05
T0548,momentum.roc,roc_6,um,15m,SHORT,16,8,0.0,81480,-0.0024224845028199674,-197.38403728977096,-12.409943649267014,2.4844973018017136e-35,-0.0028898642718459618,-0.0020067539698049603,-0.0010673175798471225,-0.003647730394446363,0.024018762052315262,1.619206862208703e-34,1.8782799601620954e-32,True,NO_REPLICATION,2,same_direction,0.0003759046679925955
T0549,momentum.roc,roc_6,um,15m,SHORT,48,8,0.125,52263,-0.00273171285677771,-142.76750903377345,-5.440723866952027,5.330220766840325e-08,-0.0040835520511448556,-0.0014848214614804232,0.0011539894668652927,-0.005459317814742947,0.02817618089524831,1.5206214715967117e-07,4.029646899731286e-05,True,NO_REPLICATION,3,same_direction,0.00099348472319223
T0550,momentum.roc,roc_6,um,15m,SHORT,96,8,0.25,34465,-0.0034956870653463897,-120.47885470716332,-3.9826829752633173,6.828144595855722e-05,-0.006121530456247504,-0.0010138715164393064,0.004221873774897142,-0.00919942181541091,0.04056505952257188,0.00015227366709341967,0.051620773144669264,True,NO_REPLICATION,4,same_direction,0.002462962491227608
T0551,momentum.roc,roc_12,um,15m,SHORT,4,8,0.0,109691,-0.002136169191079458,-234.31853473869683,-36.51401340775846,3.7203411103054114e-290,-0.0022805283616046798,-0.0020072149646553393,-0.0018178823661576624,-0.0024969668751806807,0.022435404901456492,9.072831869002873e-289,2.812577879390891e-287,True,NO_REPLICATION,1,same_direction,0.00015940964920344806
T0552,momentum.roc,roc_12,um,15m,SHORT,16,8,0.0,79806,-0.002245035460317043,-179.16729994606195,-11.260283311635103,2.1690025857145183e-29,-0.0027374402093035236,-0.001797068236208658,-0.0007380242395211865,-0.003520528475659262,0.024074256734067483,1.2810671521876375e-28,1.639765954800176e-26,True,NO_REPLICATION,2,same_direction,0.0002883067000628882
T0553,momentum.roc,roc_12,um,15m,SHORT,48,8,0.125,50998,-0.0028042130117573857,-143.00925517360315,-5.580140925099041,2.4154109110900235e-08,-0.004185176360054572,-0.0014781674438306704,0.0019734582439443226,-0.006506797893498061,0.031155849642878642,7.133010346812726e-08,1.8260506487840578e-05,True,NO_REPLICATION,3,same_direction,0.0011559387330975248
T0554,momentum.roc,roc_12,um,15m,SHORT,96,8,0.25,34420,-0.0033539402097640127,-115.44262202007732,-3.7184724645174945,0.00020074899003779688,-0.005961194342276158,-0.0008679288769484966,0.005149943701890189,-0.0095774711133661,0.034918726402802754,0.0004227471767926865,0.15176623646857446,False,NO_REPLICATION,4,same_direction,0.002644389824364113
T0555,momentum.roc,roc_24,um,15m,SHORT,4,8,0.0,109319,-0.0021393292770219103,-233.86933723475823,-35.86405018388633,4.7699408419866715e-280,-0.0022515201242625975,-0.002038505589378101,-0.0019349335213703308,-0.0024957830520583803,0.02333133355844626,1.030307221869121e-278,3.6060752765419235e-277,True,NO_REPLICATION,1,same_direction,0.00019763534056688767
T0556,momentum.roc,roc_24,um,15m,SHORT,16,8,0.0,79664,-0.002297353182280262,-183.01634391317478,-11.179281057515642,5.413251972041297e-29,-0.0027517620242984327,-0.0018389147841290207,-0.0008074315501589614,-0.003228892459121323,0.023394583363961243,3.1480142237409385e-28,4.09241849086322e-26,True,NO_REPLICATION,2,same_direction,0.0003614954067649443
T0557,momentum.roc,roc_24,um,15m,SHORT,48,8,0.125,49089,-0.0028878129111059893,-141.7598479932819,-5.587005002965887,2.3224067883667068e-08,-0.004147359949527459,-0.0017287789177477695,0.0012574655154205443,-0.0057669604464458376,0.028997565751883374,6.912360362225316e-08,1.7557395320052302e-05,True,NO_REPLICATION,3,same_direction,0.0012677344973205452
T0558,momentum.roc,roc_24,um,15m,SHORT,96,8,0.25,33410,-0.003444060848124455,-115.06607293583804,-3.78555077187327,0.00015363652632467735,-0.006067933617769692,-0.000986173951582479,0.006108512317914994,-0.00882947855911304,0.03649318618276062,0.00032718088422945376,0.11614921390145608,False,NO_REPLICATION,4,same_direction,0.002716507329043618
T0559,momentum.rsi,rsi_7_30_70,um,15m,SHORT,4,8,0.0,65341,-0.0016300509886327346,-106.5091616482515,-22.891556749462744,1.6099578115225925e-115,-0.001775703746573889,-0.0014866263510347232,-0.0012900855859947114,-0.002024120416893666,0.02697729554293647,1.789894272810412e-114,1.21712810551108e-112,True,NO_REPLICATION,1,same_direction,9.711689705950389e-05
T0560,momentum.rsi,rsi_7_30_70,um,15m,SHORT,16,8,0.0,48956,-0.0015490390757596888,-75.83475699289133,-7.312020243521616,2.6716691537776104e-13,-0.001960120383208358,-0.0010771420869888093,-0.0008037527134187111,-0.002487982053983066,0.036261438475527756,9.572425972776652e-13,2.0197818802558736e-10,True,NO_REPLICATION,2,same_direction,0.00010820347173298023
T0561,momentum.rsi,rsi_7_30_70,um,15m,SHORT,48,8,0.25,33957,-0.0013827612894706694,-46.95442510655552,-2.670552839304082,0.0075762521152189025,-0.0026465668456620655,-9.504835374669535e-05,0.0030320804321780546,-0.0033587503206095872,0.038523585226089264,0.012533143542900417,1.0,False,NO_REPLICATION,3,same_direction,0.0005514588646261742
T0562,momentum.rsi,rsi_7_30_70,um,15m,SHORT,96,8,0.25,24245,-0.00231467821344116,-56.11937328488092,-2.4668192538181044,0.013638776350975287,-0.0047803021472829,4.698957781815554e-05,0.006831294423267605,-0.007182201614550089,0.03820926362930167,0.02134764994065697,1.0,False,NO_REPLICATION,4,same_direction,0.0015459445777644962
T0563,momentum.rsi,rsi_14_30_70,um,15m,SHORT,4,8,0.0,35389,-0.0015583099580969843,-55.14703110709418,-13.863995498198722,1.3613935459637658e-43,-0.001688065119232994,-0.0014278277102179214,-0.0013774675441674085,-0.0016985440411648632,0.032938934016646645,1.0090328634790265e-42,1.029213520748607e-40,True,NO_REPLICATION,1,same_direction,7.735606569683122e-05
T0564,momentum.rsi,rsi_14_30_70,um,15m,SHORT,16,8,0.0,26392,-0.0016683217776825015,-44.030348356596576,-5.932098024770298,3.0281327802895963e-09,-0.0021820189924393494,-0.0011442814043940298,-0.00011063138746595447,-0.0026536479012035023,0.03442018279860635,9.578528794556212e-09,2.2892683818989347e-06,True,NO_REPLICATION,2,same_direction,0.0006580750718577423
T0565,momentum.rsi,rsi_14_30_70,um,15m,SHORT,48,8,0.25,20430,-0.0020321750631163284,-41.51733653946659,-3.321717577234192,0.0008962211547518363,-0.0034026675128357824,-0.0005266341954161194,0.00462730166938471,-0.005185643491818339,0.04447905195269434,0.0017284265127356843,0.6775431929923883,False,NO_REPLICATION,3,same_direction,0.0010782733936292644
T0566,momentum.rsi,rsi_14_30_70,um,15m,SHORT,96,8,0.25,16471,-0.0032895470073056278,-54.18212875733099,-3.1066023542832846,0.0018957243008286514,-0.006220260446680715,-0.00026249673937348076,0.006656291889899841,-0.00948976924229896,0.08033987190826068,0.003478562066569079,1.0,False,NO_REPLICATION,4,same_direction,0.003061613406276321
T0567,momentum.rsi,rsi_21_30_70,um,15m,SHORT,4,8,0.125,19982,-0.0014069894678767748,-28.114463547113715,-8.66896448564384,4.687877154298672e-18,-0.0017650290683266985,-0.0010216068795929642,5.323498537534676e-06,-0.0021490164733331436,0.03467486269075606,1.875150861719469e-17,3.5440351286497963e-15,True,NO_REPLICATION,1,same_direction,0.00013430987330821588
T0568,momentum.rsi,rsi_21_30_70,um,15m,SHORT,16,8,0.0,14420,-0.0021015564259660477,-30.30444366243041,-5.716931776052901,1.1061272141573745e-08,-0.0027870108366035273,-0.0013511018424468655,-0.0006902872839447932,-0.003691344108781279,0.033700233556796494,3.371903927028126e-08,8.362321739029752e-06,True,NO_REPLICATION,2,same_direction,0.0019898772033142536
T0569,momentum.rsi,rsi_21_30_70,um,15m,SHORT,48,8,0.25,11779,-0.003417456850521264,-40.254224242289965,-4.651037687863401,3.3386275624725994e-06,-0.005275808896951925,-0.0014104313464377786,0.0030660268269343295,-0.009291464204908405,0.03919798002172192,8.58504230350097e-06,0.0025240024372292853,True,NO_REPLICATION,3,same_direction,0.0024948367879114946
T0570,momentum.rsi,rsi_21_30_70,um,15m,SHORT,96,8,0.25,10233,-0.004202290970729702,-43.00204350347705,-3.1780158517332335,0.0014872782736266793,-0.007729143456216676,-0.0007525670879999722,0.005690608463403828,-0.014367585120583809,0.08924228562158737,0.0027831246902519048,1.0,True,NO_REPLICATION,4,same_direction,0.005970171393942957
T0571,volatility.atr_natr,natr14_filter,um,15m,SHORT,4,8,0.0,60453,-0.002443629091223781,-147.7247094517512,-25.833663162135874,2.324153847036475e-146,-0.0026492593730513348,-0.0022352605484617584,-0.0017801237964482266,-0.0029074722144700484,0.027679875295084876,2.78898461644377e-145,1.7570603083595752e-143,True,NO_REPLICATION,1,same_direction,0.0003675968794656886
T0572,volatility.atr_natr,natr14_filter,um,15m,SHORT,16,8,0.0,38956,-0.003611787040638387,-140.700775955109,-10.887380085028393,1.4508015748118788e-27,-0.004267402205167653,-0.002949022874605148,-0.0010173038413902587,-0.005096906509372557,0.028565467626623976,8.005883142757521e-27,1.0968059905577804e-24,True,NO_REPLICATION,2,same_direction,0.0019957830905911493
T0573,volatility.atr_natr,natr14_filter,um,15m,SHORT,48,8,0.125,23720,-0.005207193118504977,-123.51462077093807,-6.460723963977598,1.062246409972358e-10,-0.0069576397561219895,-0.0033161894598592164,0.0006747128682909035,-0.007447124578019229,0.03562252249128073,3.5533552475181537e-10,8.030582859391027e-08,True,NO_REPLICATION,3,same_direction,0.004700842167087088
T0574,volatility.atr_natr,natr14_filter,um,15m,SHORT,96,8,0.125,16308,-0.007578157259838161,-123.58458859344073,-5.528998336529279,3.2700806983638425e-08,-0.011205210979501577,-0.003614477012302542,0.005522776242643138,-0.013095910153447781,0.039934565838932595,9.582096930089399e-08,2.472181007963065e-05,True,NO_REPLICATION,4,opposite_direction,0.009948788715137078
T0575,volatility.bollinger_bandwidth,bb20_2s_filter,um,15m,SHORT,4,8,0.0,101886,-0.0021047247842387157,-214.4419893669458,-36.09976990372837,1.433944790917198e-283,-0.0022178018981594432,-0.0019918391726153725,-0.0017724425592640254,-0.0022531162624635274,0.023384100647365718,3.38769456854188e-282,1.0840622619334016e-280,True,NO_REPLICATION,1,same_direction,2.8065016418610256e-05
T0576,volatility.bollinger_bandwidth,bb20_2s_filter,um,15m,SHORT,16,8,0.0,81109,-0.002284553769520168,-185.2978716920113,-12.156061775451876,5.70206913313582e-34,-0.0027205414745127728,-0.0018827724889639787,-0.0008862151684020331,-0.0036104288643654305,0.024170847067113893,3.6224909786980507e-33,4.3107642646506805e-31,True,NO_REPLICATION,2,same_direction,0.0003754632559665515
T0577,volatility.bollinger_bandwidth,bb20_2s_filter,um,15m,SHORT,48,8,0.125,54334,-0.002811458023058861,-152.75776022488014,-5.70645645615839,1.1595067163075172e-08,-0.004031925792105809,-0.0016977276935142528,0.0012867008533033542,-0.004962678332822876,0.02888499751442811,3.5204300302348713e-08,8.76587077528483e-06,True,NO_REPLICATION,3,same_direction,0.0011858482951234719
T0578,volatility.bollinger_bandwidth,bb20_2s_filter,um,15m,SHORT,96,8,0.25,36158,-0.003381020625575786,-122.25094377956927,-3.9086620855004397,9.297774849047579e-05,-0.005879564707031262,-0.0010651874045020041,0.005628908892959974,-0.009100196880293164,0.03389273361601351,0.00020315369323352513,0.0702911778587997,False,NO_REPLICATION,4,same_direction,0.002371634095838883
T0579,volatility.realized_percentile,rv20_p100_filter,um,15m,SHORT,4,8,0.0,53693,-0.0023615089336050067,-126.79649917205361,-26.739588236013674,1.7388726534392542e-156,-0.002594572907895507,-0.002129167743222244,-0.0017226299923770085,-0.0031396216076534592,0.026160314103438092,2.1550618459017643e-155,1.3145877260000763e-153,True,NO_REPLICATION,1,same_direction,0.0002569616295093314
T0580,volatility.realized_percentile,rv20_p100_filter,um,15m,SHORT,16,8,0.0,36593,-0.0027737545074554165,-101.49999869131605,-10.193110340683994,2.2942625264756238e-24,-0.0034542273554963557,-0.0021166388831379292,-0.0007336759276969611,-0.004900483309474887,0.02787390380323588,1.1563083133437144e-23,1.7344624700155716e-21,True,NO_REPLICATION,2,same_direction,0.0008389239461218817
T0581,volatility.realized_percentile,rv20_p100_filter,um,15m,SHORT,48,8,0.125,27366,-0.0032453705541823814,-88.81281058575505,-5.17855802168536,2.2518923546866587e-07,-0.004950575274385921,-0.001620420194956362,0.00270476251363821,-0.0073517835465869,0.028669128734314202,6.213250438478518e-07,0.0001702430620143114,True,NO_REPLICATION,3,same_direction,0.001967548011198666
T0582,volatility.realized_percentile,rv20_p100_filter,um,15m,SHORT,96,8,0.25,21296,-0.0044718536098488255,-95.23259447534059,-4.277535624224487,1.897974517173171e-05,-0.007534778048566397,-0.001497211881794486,0.0039030386077552257,-0.013665807766223694,0.0324012398215589,4.4561140837978794e-05,0.014348687349829171,True,NO_REPLICATION,4,same_direction,0.0044642068665225005
T0583,volume.rvol,rvol20_filter,um,15m,SHORT,4,8,0.0,34754,-0.002460701994662599,-85.51923712250397,-26.26013560228872,1.6180213515958567e-150,-0.002667518830522742,-0.002262102596036117,-0.0018280550431685658,-0.003653462024030669,0.02608025452528801,1.97294216420398e-149,1.2232241418064676e-147,True,NO_REPLICATION,1,same_direction,0.00016976293121397264
T0584,volume.rvol,rvol20_filter,um,15m,SHORT,16,8,0.0,29960,-0.0025618260347422157,-76.75230800087678,-10.123872598287761,4.733131172474959e-24,-0.0031416562609048546,-0.0020211127852057397,-0.000743779178912296,-0.004283662124895529,0.027572983474001625,2.3541099778888612e-23,3.578247166391069e-21,True,NO_REPLICATION,2,same_direction,6.729744551376348e-05
T0585,volume.rvol,rvol20_filter,um,15m,SHORT,48,8,0.125,22799,-0.0031237214760069,-71.21772593148131,-5.108436588409132,3.2745293486379836e-07,-0.0045488949655765444,-0.0017513109687380588,0.0016189230822159762,-0.005780118883017751,0.025854893973185664,9.001978863892057e-07,0.0002475544187570316,True,NO_REPLICATION,3,same_direction,0.0007488446968300934
T0586,volume.rvol,rvol20_filter,um,15m,SHORT,96,8,0.25,17321,-0.003854282044467697,-66.76001929222498,-3.6850964124399135,0.00022931292082288196,-0.006605826788161348,-0.001273368317017292,0.005433062259475515,-0.010328153276421656,0.027929583821976023,0.00047863255280063583,0.17336056814209877,False,NO_REPLICATION,4,same_direction,0.0029974464529044977
T0587,volume.vwap_deviation,vwap_dev20_reversal,um,15m,SHORT,4,8,0.0,108598,-0.0019720475112758045,-214.1604156295298,-35.900465497833174,1.3427861594398812e-280,-0.0020814354526827,-0.001860582678616655,-0.0015027056597432917,-0.002140027221900291,0.024433594732782234,2.9857245192251476e-279,1.0151463365365502e-277,True,NO_REPLICATION,1,same_direction,0.0001354075636243791
T0588,volume.vwap_deviation,vwap_dev20_reversal,um,15m,SHORT,16,8,0.0,76759,-0.0020712570451469074,-158.98761952843148,-11.164798240364217,6.382404182763786e-29,-0.0024660295348466377,-0.0016731063376506617,-0.000904884147982992,-0.0027554140487146147,0.025709976765051424,3.6553769410374415e-28,4.8250975621694225e-26,True,NO_REPLICATION,2,same_direction,0.000441624142567302
T0589,volume.vwap_deviation,vwap_dev20_reversal,um,15m,SHORT,48,8,0.125,47552,-0.0022891032775128346,-108.85143905229032,-4.681046247289175,2.8620053998071916e-06,-0.0035400274136109014,-0.0010903535414168554,0.002236481836532231,-0.00463566840851811,0.034202676639404704,7.4353129974372395e-06,0.0021636760822542366,True,NO_REPLICATION,3,same_direction,0.0008726030184036586
T0590,volume.vwap_deviation,vwap_dev20_reversal,um,15m,SHORT,96,8,0.125,32638,-0.00347912001334352,-113.5515189955058,-4.043312429141868,5.282224513828669e-05,-0.0058210084781138245,-0.0012811644509043189,0.005669922658848256,-0.009776644079517463,0.03475132534712554,0.00011956172851660101,0.039933617324544736,False,NO_REPLICATION,4,same_direction,0.002545469669647485
T0591,orderflow.taker_ratio,ratio_sign,um,15m,SHORT,4,8,0.0,130829,-0.0021279157715985817,-278.3930924824708,-39.32845515596159,0.0,-0.0022372425421485517,-0.0020296381043888615,-0.0017548087940428515,-0.0024662803645458353,0.02227420350881235,0.0,0.0,True,NO_REPLICATION,1,same_direction,9.975276813609405e-05
T0592,orderflow.taker_ratio,ratio_sign,um,15m,SHORT,16,8,0.0,111806,-0.002329758426895783,-260.4809706775099,-12.16166020653591,5.226308640327689e-34,-0.002755273821219686,-0.0019422907269968392,-0.0010898166368297785,-0.003236388776250173,0.023602366005170853,3.348380789904858e-33,3.951089332087733e-31,True,NO_REPLICATION,2,same_direction,0.00044924309914463304
T0593,orderflow.taker_ratio,ratio_sign,um,15m,SHORT,48,8,0.125,68073,-0.0026203564339161976,-178.37552352597731,-5.414244427673771,6.175564822864635e-08,-0.0039046276641508445,-0.0014309534282098083,0.0011433372944826155,-0.005063559339338612,0.03053724490029782,1.742062315703606e-07,4.668727006085664e-05,True,NO_REPLICATION,3,same_direction,0.0013062344916365898
T0594,orderflow.taker_ratio,ratio_sign,um,15m,SHORT,96,8,0.25,37456,-0.0035015832336827164,-131.15530160081983,-3.9255754931164164,8.667729158727253e-05,-0.005860050781904296,-0.0013990505311060437,0.003441426847437318,-0.007149962781686217,0.0353229878090759,0.00019048846639528496,0.06552803243997803,True,NO_REPLICATION,4,same_direction,0.002936658735526843
T0595,orderflow.cvd,cvd_slope6_sign,um,15m,SHORT,4,8,0.0,131529,-0.002138376968838677,-281.2585843343823,-39.584473551528575,0.0,-0.002242733780012152,-0.0020379216936677975,-0.0017730526933627385,-0.0024737549574890966,0.022036910284976924,0.0,0.0,True,NO_REPLICATION,1,same_direction,8.959429204621113e-05
T0596,orderflow.cvd,cvd_slope6_sign,um,15m,SHORT,16,8,0.0,111765,-0.0022850977862284043,-255.3939540778176,-11.897698156621734,1.2730899916788234e-32,-0.002699485676900805,-0.0019125746282786461,-0.0009896613376339908,-0.003131550017412628,0.024167510470458824,7.824845802513743e-32,9.624560337091904e-30,True,NO_REPLICATION,2,same_direction,0.0004295185879575284
T0597,orderflow.cvd,cvd_slope6_sign,um,15m,SHORT,48,8,0.125,71423,-0.0029547842235619695,-211.03955359946656,-6.210303208869632,5.317262020840538e-10,-0.0042312637670405915,-0.001772586835136919,0.0005828149644768653,-0.005740228953688469,0.030505345296858173,1.703326308370952e-09,4.0198500877554465e-07,True,NO_REPLICATION,3,same_direction,0.0015293165827384488
T0598,orderflow.cvd,cvd_slope6_sign,um,15m,SHORT,96,8,0.125,43756,-0.0038116947380195643,-166.78451495678405,-4.5554452828686935,5.241567621741931e-06,-0.006263046183759496,-0.0015372853011246957,0.0035581865171910782,-0.008711898470350605,0.03552076414981976,1.312127523853278e-05,0.0039626251220369,True,NO_REPLICATION,4,same_direction,0.003564994307650573
T0599,context.btc_regime,regime_follow,um,15m,SHORT,4,8,0.0,8319,-0.0020630439201517635,-17.16246237174252,-12.7285094474476,9.033079023447013e-37,-0.0023272450482787646,-0.001806527054998464,-0.0016425830438676337,-0.002711148792828802,0.0222443321560308,6.097328340826733e-36,6.829007741725942e-34,True,NO_REPLICATION,1,same_direction,0.00021444333523903784
T0600,context.btc_regime,regime_follow,um,15m,SHORT,16,8,0.125,3190,-0.0028307407765929393,-9.030063077331477,-6.440467624901595,1.3702090439466872e-10,-0.0036946399172957936,-0.001969071053045744,0.00019630627568901986,-0.0062454594352744615,0.023065749680784717,4.5633393710294956e-10,1.0358780372236955e-07,True,NO_REPLICATION,2,same_direction,0.0011518264174682602
T0601,context.btc_regime,regime_follow,um,15m,SHORT,48,8,0.125,1407,-0.0038681576699384898,-5.442497841603455,-3.5898813898927364,0.0003422036476924298,-0.005753624818069719,-0.002097048665109903,0.0015971016266024996,-0.009120872997010636,0.02995913700011781,0.0006954461227297767,0.25870595765547694,True,NO_REPLICATION,3,same_direction,0.0031727190269408233
T0602,context.btc_regime,regime_follow,um,15m,SHORT,96,8,0.25,847,-0.005708410818689659,-4.8350239634301415,-2.848304815258345,0.004501850388483765,-0.00946404963230776,-0.002109206607229842,0.004282730951826779,-0.0170175232876533,0.028067576342710586,0.007770317108889786,1.0,True,NO_REPLICATION,4,same_direction,0.004479610303737897
T0603,context.market_breadth,breadth_0.4_0.6,um,15m,SHORT,4,8,0.0,12419,-0.002243042601006956,-27.856346061905384,-20.997563587389923,3.2141307519215596e-96,-0.0024287906400426063,-0.002056776716816063,-0.001761569386520877,-0.0027427043565925687,0.022245535323255333,3.3286066417160265e-95,2.429882848452699e-93,True,NO_REPLICATION,1,same_direction,0.0003130604738801003
T0604,context.market_breadth,breadth_0.4_0.6,um,15m,SHORT,16,8,0.0,5051,-0.0026298489044041125,-13.283366816145172,-8.588755450176137,1.1562827044711798e-17,-0.0032526086243609737,-0.002034157911490277,-0.000721551320401146,-0.0040851489420282204,0.02414317683292194,4.5292731843534304e-17,8.74149724580212e-15,True,NO_REPLICATION,2,same_direction,0.001159867072490865
T0605,context.market_breadth,breadth_0.4_0.6,um,15m,SHORT,48,8,0.125,2238,-0.004215428740819051,-9.434129521953036,-5.507578984760353,4.055181202675575e-08,-0.0060036622755864555,-0.0026821695222666595,0.0011454939813310085,-0.0093131694018088,0.024713924390911864,1.1701209882529522e-07,3.065716989222735e-05,True,NO_REPLICATION,3,same_direction,0.0028136311705853666
T0606,context.market_breadth,breadth_0.4_0.6,um,15m,SHORT,96,8,0.125,1312,-0.003466899158917494,-4.548571696499752,-2.349987133040354,0.018921672058140583,-0.0065864637166702465,-0.0005473111728499809,0.007629637447312132,-0.011561475980531035,0.032666731182149564,0.028898553688796527,1.0,False,NO_REPLICATION,4,same_direction,0.002573078790433037
T0607,derivatives.funding,funding_sign,um,15m,SHORT,4,8,0.0,116983,-0.0020478190312050045,-239.56001372745504,-38.3126102632593,0.0,-0.0021497796703786416,-0.0019482783749888133,-0.0016835781029549495,-0.0023411485204059596,0.025243530869491347,0.0,0.0,True,NO_REPLICATION,1,not_comparable,0.00022327991839784698
T0608,derivatives.funding,funding_sign,um,15m,SHORT,16,8,0.0,79118,-0.0021785484474926733,-172.36239606872533,-11.334123629392746,9.374786523654182e-30,-0.0026214657176165082,-0.0017539742726420302,-0.000667904225121488,-0.0033423287887554584,0.027434221007013926,5.580581584159497e-29,7.087338611882562e-27,True,NO_REPLICATION,2,not_comparable,0.0010658116953081089
T0609,derivatives.funding,funding_sign,um,15m,SHORT,48,8,0.25,41617,-0.0025040858227526074,-104.21253968549527,-4.966362241355485,6.849012336915099e-07,-0.003827657393158911,-0.0012758726736582947,0.00238431501802853,-0.00512055066449759,0.03498972908105133,1.8421372605031767e-06,0.0005177853326707814,True,NO_REPLICATION,3,not_comparable,0.0028486281549161764
T0610,derivatives.funding,funding_sign,um,15m,SHORT,96,8,0.25,24653,-0.0029574209671620042,-72.9092991034449,-3.2193118241948517,0.001286650006349759,-0.005519789280264523,-0.0005211204587870961,0.005907509110175506,-0.007699850633352742,0.03701288538511383,0.002419670161195069,0.9727074048004177,False,NO_REPLICATION,4,not_comparable,0.004625482601370522
T0611,derivatives.funding_zscore,z90_extreme,um,15m,SHORT,4,7,0.14285714285714285,4908,-0.0019042653145098364,-9.346134163614277,-8.911724899046666,6.96028043701702e-19,-0.002228016513685725,-0.0015650917855747396,7.656151952856524e-05,-0.002717610531800615,0.05823408247639251,2.8597673969482974e-18,5.261972010384867e-16,True,NO_REPLICATION,1,not_comparable,0.0003942004183108269
T0612,derivatives.funding_zscore,z90_extreme,um,15m,SHORT,16,6,0.16666666666666666,1786,-0.0018381861242184499,-3.2830004178541516,-2.3953741624282867,0.016705892742686454,-0.0029753810766311828,-0.0004056993807911501,0.0031761539073669833,-0.002658510158554379,0.05388397330206771,0.025722311432731078,1.0,False,NO_REPLICATION,2,not_comparable,0.001988023584715272
T0613,derivatives.funding_zscore,z90_extreme,um,15m,SHORT,48,6,0.5,834,-0.0017655500408261028,-1.4724687340489697,-1.009054785759355,0.3132413711723455,-0.004231129035296385,0.0014219575656959818,0.008593373225850836,-0.0071800105661200585,0.04307138987223496,0.37708674618836496,1.0,False,NO_REPLICATION,3,not_comparable,0.0028870796902520143
T0614,derivatives.funding_zscore,z90_extreme,um,15m,SHORT,96,6,0.5,643,0.0004855497328381143,0.3122084782149075,0.17387581156121826,0.8620178736666396,-0.004007147646151413,0.005286093886911445,0.010141335797056282,-0.011896491828017493,0.04625427371817699,0.8861744980000996,1.0,False,NO_REPLICATION,4,not_comparable,0.003827827896370264
T0615,trend.ema_20_50_spread,ema_10_30,um,1h,SHORT,4,8,0.0,27181,-0.0021530849822738317,-58.52300290318502,-9.179784262462583,4.6175962278805193e-20,-0.002550603605075738,-0.0017867095938384917,-0.0012178019453510521,-0.0026549444083312497,0.025223256131426695,2.02959462109167e-19,3.4909027482776725e-17,True,NO_REPLICATION,1,same_direction,0.0005362500804154244
T0616,trend.ema_20_50_spread,ema_10_30,um,1h,SHORT,12,8,0.125,21850,-0.0026364804881876466,-57.60709866690008,-4.017009508352353,5.913850727050673e-05,-0.003879293605167715,-0.0015471792067926148,0.0008261813518513369,-0.004857320182703737,0.025158317205028997,0.0001326667996928875,0.04470871149650309,True,NO_REPLICATION,2,same_direction,0.0012333756308623245
T0617,trend.ema_20_50_spread,ema_10_30,um,1h,SHORT,24,8,0.125,16874,-0.0034483687739890172,-58.187774692290674,-2.9359466800870786,0.003329802099723304,-0.006265839662555279,-0.0009312490294717637,0.004508121374071637,-0.008950077631856948,0.028394431331393133,0.005895387324100276,1.0,False,NO_REPLICATION,3,same_direction,0.002054887942591608
T0618,trend.ema_20_50_spread,ema_20_50,um,1h,SHORT,4,8,0.0,27238,-0.002174983363555982,-59.24219685653783,-9.282798519995922,1.7698053253460947e-20,-0.0025833987870563404,-0.0018037092616191978,-0.001230277551717153,-0.0027472566141814015,0.02134112438024624,7.916998970187264e-20,1.3379728259616475e-17,True,NO_REPLICATION,1,same_direction,0.0006476047299187016
T0619,trend.ema_20_50_spread,ema_20_50,um,1h,SHORT,12,8,0.125,22475,-0.002522960479819214,-56.70353678393684,-3.8154430774811363,0.00013630265751739777,-0.003800626087026628,-0.001412999580273902,0.0005719659676758725,-0.004722853710294497,0.028038538713993488,0.00029191164046218904,0.10304480908315272,True,NO_REPLICATION,2,same_direction,0.0013056470569767855
T0620,trend.ema_20_50_spread,ema_20_50,um,1h,SHORT,24,8,0.25,17349,-0.002767243034454276,-48.00889940474724,-2.3799710192796,0.01732474007749409,-0.00543335244240329,-0.0004875871102766814,0.004376352769201063,-0.006241412051337582,0.032215545510803134,0.026566944216197833,1.0,False,NO_REPLICATION,3,same_direction,0.0023909784466519257
T0621,trend.ema_20_50_spread,ema_50_200,um,1h,SHORT,4,8,0.0,26799,-0.002046883820404352,-54.85443950301622,-8.855002362913194,8.874107982884308e-19,-0.0024594277053283614,-0.001678474780973684,-0.0006433247963006372,-0.002846620699157445,0.024960774735197186,3.587607291476223e-18,6.708825635060537e-16,True,NO_REPLICATION,1,same_direction,0.0005827494589747385
T0622,trend.ema_20_50_spread,ema_50_200,um,1h,SHORT,12,8,0.125,22382,-0.0019232469110429407,-43.0461123629631,-2.929199204252485,0.0034017937444867003,-0.0032623077976478487,-0.000809886939774745,0.0016159919898630518,-0.0030896908194382204,0.02860027340197418,0.00599476939587866,1.0,False,NO_REPLICATION,2,same_direction,0.001480104013614411
T0623,trend.ema_20_50_spread,ema_50_200,um,1h,SHORT,24,8,0.125,17079,-0.0024222676925799605,-41.36990992157315,-2.087786098422044,0.036831915203277554,-0.005045831052752231,-0.00029806518237459863,0.004880969370951176,-0.007040621534171218,0.044436546518155595,0.05303795789271968,1.0,False,NO_REPLICATION,3,same_direction,0.0035875918797455353
T0624,trend.ema_50_200_regime,ema_10_30,um,1h,SHORT,4,8,0.0,27181,-0.0021530849822738317,-58.52300290318502,-9.179784262462583,4.6175962278805193e-20,-0.002550603605075738,-0.0017867095938384917,-0.0012178019453510521,-0.0026549444083312497,0.025223256131426695,2.02959462109167e-19,3.4909027482776725e-17,True,NO_REPLICATION,1,same_direction,0.0005362500804154244
T0625,trend.ema_50_200_regime,ema_10_30,um,1h,SHORT,12,8,0.125,21850,-0.0026364804881876466,-57.60709866690008,-4.017009508352353,5.913850727050673e-05,-0.003879293605167715,-0.0015471792067926148,0.0008261813518513369,-0.004857320182703737,0.025158317205028997,0.0001326667996928875,0.04470871149650309,True,NO_REPLICATION,2,same_direction,0.0012333756308623245
T0626,trend.ema_50_200_regime,ema_10_30,um,1h,SHORT,24,8,0.125,16874,-0.0034483687739890172,-58.187774692290674,-2.9359466800870786,0.003329802099723304,-0.006265839662555279,-0.0009312490294717637,0.004508121374071637,-0.008950077631856948,0.028394431331393133,0.005895387324100276,1.0,False,NO_REPLICATION,3,same_direction,0.002054887942591608
T0627,trend.ema_50_200_regime,ema_20_50,um,1h,SHORT,4,8,0.0,27238,-0.002174983363555982,-59.24219685653783,-9.282798519995922,1.7698053253460947e-20,-0.0025833987870563404,-0.0018037092616191978,-0.001230277551717153,-0.0027472566141814015,0.02134112438024624,7.916998970187264e-20,1.3379728259616475e-17,True,NO_REPLICATION,1,same_direction,0.0006476047299187016
T0628,trend.ema_50_200_regime,ema_20_50,um,1h,SHORT,12,8,0.125,22475,-0.002522960479819214,-56.70353678393684,-3.8154430774811363,0.00013630265751739777,-0.003800626087026628,-0.001412999580273902,0.0005719659676758725,-0.004722853710294497,0.028038538713993488,0.00029191164046218904,0.10304480908315272,True,NO_REPLICATION,2,same_direction,0.0013056470569767855
T0629,trend.ema_50_200_regime,ema_20_50,um,1h,SHORT,24,8,0.25,17349,-0.002767243034454276,-48.00889940474724,-2.3799710192796,0.01732474007749409,-0.00543335244240329,-0.0004875871102766814,0.004376352769201063,-0.006241412051337582,0.032215545510803134,0.026566944216197833,1.0,False,NO_REPLICATION,3,same_direction,0.0023909784466519257
T0630,trend.ema_50_200_regime,ema_50_200,um,1h,SHORT,4,8,0.0,26799,-0.002046883820404352,-54.85443950301622,-8.855002362913194,8.874107982884308e-19,-0.0024594277053283614,-0.001678474780973684,-0.0006433247963006372,-0.002846620699157445,0.024960774735197186,3.587607291476223e-18,6.708825635060537e-16,True,NO_REPLICATION,1,same_direction,0.0005827494589747385
T0631,trend.ema_50_200_regime,ema_50_200,um,1h,SHORT,12,8,0.125,22382,-0.0019232469110429407,-43.0461123629631,-2.929199204252485,0.0034017937444867003,-0.0032623077976478487,-0.000809886939774745,0.0016159919898630518,-0.0030896908194382204,0.02860027340197418,0.00599476939587866,1.0,False,NO_REPLICATION,2,same_direction,0.001480104013614411
T0632,trend.ema_50_200_regime,ema_50_200,um,1h,SHORT,24,8,0.125,17079,-0.0024222676925799605,-41.36990992157315,-2.087786098422044,0.036831915203277554,-0.005045831052752231,-0.00029806518237459863,0.004880969370951176,-0.007040621534171218,0.044436546518155595,0.05303795789271968,1.0,False,NO_REPLICATION,3,same_direction,0.0035875918797455353
T0633,trend.ema_slope,default,um,1h,SHORT,4,8,0.0,27290,-0.0022184071531791906,-60.540331210260106,-9.372454423711531,7.616608895897773e-21,-0.0026352899317668706,-0.0018183218515205558,-0.0009877924714684575,-0.0033847923936654277,0.025106692937534012,3.4479977995800696e-20,5.758156325298716e-18,True,NO_REPLICATION,1,same_direction,0.0005334674951606097
T0634,trend.ema_slope,default,um,1h,SHORT,12,8,0.125,21707,-0.0027992231467873986,-60.76273684731406,-4.419229276171568,9.953328035601952e-06,-0.0040851467325170865,-0.0016172075016847736,0.0007795907809434036,-0.004293861703494945,0.029209741045731548,2.440985724842703e-05,0.007524715994915075,True,NO_REPLICATION,2,same_direction,0.0015017140325284373
T0635,trend.ema_slope,default,um,1h,SHORT,24,8,0.25,17029,-0.003996436183890044,-68.05531177546355,-3.551786196230462,0.000383658895357086,-0.0068884497653954645,-0.001327434618631658,0.005281758938440806,-0.011002938949405947,0.03297939913708565,0.0007734563330398853,0.290046124889957,True,NO_REPLICATION,3,same_direction,0.003008462104693452
T0636,trend.adx_dmi,adx14_threshold20,um,1h,SHORT,4,8,0.0,23905,-0.002248203026632769,-53.74329335165635,-8.887421245793607,6.686047712648141e-19,-0.0026710866246512617,-0.0018259667704810106,-0.0006255852313904849,-0.0030965491259825526,0.026672670469761132,2.7926254534596656e-18,5.0546520707619945e-16,True,NO_REPLICATION,1,same_direction,0.00041975774265131847
T0637,trend.adx_dmi,adx14_threshold20,um,1h,SHORT,12,8,0.125,18598,-0.002580984658697317,-48.0011526824527,-3.733130670311527,0.00018967801381731368,-0.0038866816398130566,-0.001408838849511743,0.0012579513801919315,-0.004723308601258161,0.031828375795377,0.000401671088083723,0.14339657844588913,True,NO_REPLICATION,2,same_direction,0.0011655612260652037
T0638,trend.adx_dmi,adx14_threshold20,um,1h,SHORT,24,8,0.125,14352,-0.003416972491149306,-49.04038919297484,-2.8164509308826955,0.004862372927677659,-0.005982916915961751,-0.0011280727623637452,0.006318250614289525,-0.008481672176764422,0.05830991502951852,0.008335496447447415,1.0,False,NO_REPLICATION,3,same_direction,0.0019836763463634624
T0639,trend.kaufman_er,er10_threshold0.3,um,1h,SHORT,4,8,0.0,24078,-0.0024258929645828145,-58.41065080122501,-10.392746745825715,3.025514954215172e-25,-0.002953606919309192,-0.0019179083526197627,-0.0005550706339900373,-0.003989758927315756,0.024426081961530465,1.599503010759909e-24,2.28728930538667e-22,True,NO_REPLICATION,1,same_direction,0.00031673167469299483
T0640,trend.kaufman_er,er10_threshold0.3,um,1h,SHORT,12,8,0.125,20139,-0.003022580970635015,-60.871758167618566,-4.8976892800902005,9.7722051490801e-07,-0.004440380205323924,-0.0015805103975804035,0.0005714680050034661,-0.0055467629949822045,0.03637822201680336,2.6013334833466745e-06,0.0007387787092704556,True,NO_REPLICATION,2,same_direction,0.0009180991080936355
T0641,trend.kaufman_er,er10_threshold0.3,um,1h,SHORT,24,8,0.25,16772,-0.0038724349619166914,-64.94847918126675,-3.6767015408126644,0.00023700662112259276,-0.006513029590770467,-0.0012073169649412683,0.005340318824883912,-0.012294484748256892,0.032814355227775524,0.0004922445207930773,0.17917700556868013,True,NO_REPLICATION,3,same_direction,0.002622501197695442
T0642,trend.donchian,donchian_20,um,1h,SHORT,4,8,0.125,7140,-0.002696244498892933,-19.251185722095542,-6.5167110560556605,7.675677493733257e-11,-0.0035531799402476207,-0.0018196472158832687,0.0004279436738122346,-0.0058248662455568445,0.02862057153309909,2.625706871159431e-10,5.802812185262342e-08,True,NO_REPLICATION,1,same_direction,0.0002767993740395596
T0643,trend.donchian,donchian_20,um,1h,SHORT,12,8,0.125,6411,-0.0030992298514483955,-19.869162577635663,-3.391975445126308,0.000698104144258752,-0.004981011999459567,-0.0012355735858789142,0.0022668325970026403,-0.005229809555556703,0.028610731699612556,0.0013708226832717311,0.5277667330596165,True,NO_REPLICATION,2,same_direction,0.0005271812769093043
T0644,trend.donchian,donchian_20,um,1h,SHORT,24,8,0.0,5784,-0.005194262505593509,-30.043614332352856,-3.576451706015047,0.00035113665457647337,-0.008252718110243504,-0.0022180431839782713,-0.0004478984126475056,-0.012224420951140272,0.03075794783853306,0.0007116871604820748,0.2654593108598139,True,NO_REPLICATION,3,same_direction,0.00336285803250075
T0645,trend.donchian,donchian_48,um,1h,SHORT,4,8,0.25,4444,-0.0025365841969058247,-11.272580171049485,-4.756339074493465,2.0338245856421616e-06,-0.0035371740010102966,-0.001454895980936808,0.0023403829143228173,-0.005796272373037753,0.035453220204754075,5.3414467229033455e-06,0.0015375713867454741,True,NO_REPLICATION,1,same_direction,0.00048756583133156665
T0646,trend.donchian,donchian_48,um,1h,SHORT,12,8,0.125,3991,-0.002434604888980232,-9.716508111920104,-2.0995189680148734,0.03583383340036373,-0.004419134231575796,-0.0002891166072912706,0.0022894543262358337,-0.005863882873295201,0.03177325738745965,0.05179804598599423,1.0,True,NO_REPLICATION,2,same_direction,0.0008082719183269494
T0647,trend.donchian,donchian_48,um,1h,SHORT,24,8,0.0,3617,-0.005090171398161726,-18.411149947150964,-2.7656347540991004,0.0057100538640202396,-0.008576445221882376,-0.0017171096259009162,-0.0003503675276108633,-0.016428562154526236,0.031006141452423634,0.009700675777975957,1.0,True,NO_REPLICATION,3,same_direction,0.004787715431488691
T0648,trend.donchian,donchian_55,um,1h,SHORT,4,8,0.25,4116,-0.002668261612349813,-10.98256479643183,-4.650511410123116,3.415021048032283e-06,-0.003831682384963597,-0.0015410521708378643,0.002068988675664305,-0.006582478967159356,0.032704563717002845,8.751714956991206e-06,0.002581755912312406,True,NO_REPLICATION,1,same_direction,0.00039416401781294536
T0649,trend.donchian,donchian_55,um,1h,SHORT,12,8,0.375,3704,-0.002349632561006126,-8.70303900596669,-1.917055595491374,0.055307737535985314,-0.004539220863554758,-0.00023904800970975555,0.00259018339472772,-0.005372024116916329,0.04457284357160961,0.07771867951153327,1.0,True,NO_REPLICATION,2,same_direction,0.0004943499921147435
T0650,trend.donchian,donchian_55,um,1h,SHORT,24,8,0.125,3373,-0.005335446091132371,-17.996459665389487,-2.7264089699136256,0.006435872021000554,-0.009066052563971902,-0.0018442305983452294,0.00021880053576124898,-0.020228801248034743,0.03540948731049532,0.010788291015247049,1.0,True,NO_REPLICATION,3,same_direction,0.004349288464638722
T0651,momentum.roc,roc_6,um,1h,SHORT,4,8,0.0,27512,-0.0022433620339699406,-61.71937627858101,-10.242126937361371,1.4211743304197956e-24,-0.002654639257800089,-0.0018475342853592899,-0.0009341640616711851,-0.0029138330533731893,0.023646312025173047,7.358957491762778e-24,1.0744077937973655e-21,True,NO_REPLICATION,1,same_direction,0.00023640671150938894
T0652,momentum.roc,roc_6,um,1h,SHORT,12,8,0.125,21770,-0.0028994009627586327,-63.119958959255435,-4.928558626213592,8.344708843132337e-07,-0.0042839193570408446,-0.0016086519541222066,0.002255425151656556,-0.005779727878935831,0.0303120080639417,2.229187238660087e-06,0.0006308599885408047,True,NO_REPLICATION,2,same_direction,0.0008630748430112287
T0653,momentum.roc,roc_6,um,1h,SHORT,24,8,0.25,17609,-0.0032616791119047263,-57.434907481530324,-3.1530086567221556,0.0016186829357100394,-0.005761682326499619,-0.0007714896005581825,0.005934433331339649,-0.008106061915254086,0.036307380477719586,0.0030140992595980047,1.0,False,NO_REPLICATION,3,same_direction,0.0022600589581111795
T0654,momentum.roc,roc_12,um,1h,SHORT,4,8,0.0,27133,-0.002260932090279048,-61.34587040554141,-9.947396532918454,2.837589460430649e-23,-0.0027178145783518844,-0.001790505112548356,-0.0011260669665746344,-0.0027805405042119788,0.02373078221942493,1.3407610200534816e-22,2.1452176320855706e-20,True,NO_REPLICATION,1,same_direction,0.00043083231409761914
T0655,momentum.roc,roc_12,um,1h,SHORT,12,8,0.125,21536,-0.0026150041666866196,-56.31672973376304,-4.284537510513733,1.8391395589618047e-05,-0.004008234379116716,-0.0012236369017215583,0.0009602584679480865,-0.004103605845699489,0.029314665545336595,4.3315085702528944e-05,0.013903895065751242,True,NO_REPLICATION,2,same_direction,0.001198721008495466
T0656,momentum.roc,roc_12,um,1h,SHORT,24,8,0.25,17136,-0.0027447961405218228,-47.03482666398195,-2.559697701502296,0.010484827621261551,-0.005575397024088934,-5.0642083741249246e-05,0.0071661505113697,-0.006823732812025682,0.03567503531636146,0.016900916165615634,1.0,False,NO_REPLICATION,3,same_direction,0.0018328204041116022
T0657,momentum.roc,roc_24,um,1h,SHORT,4,8,0.0,26718,-0.002363404866239074,-63.14545121617558,-10.097941836328959,6.228090777223246e-24,-0.002731249688925949,-0.001983654687375728,-0.001226833650406819,-0.0030136319815416415,0.023898531034667166,3.07740956051031e-23,4.708436627580774e-21,True,NO_REPLICATION,1,same_direction,0.0005556931375632884
T0658,momentum.roc,roc_24,um,1h,SHORT,12,8,0.125,21071,-0.0026138623732065037,-55.07669406583424,-4.049278503917378,5.1559483445545714e-05,-0.003862233902997543,-0.0013884967021967733,0.001545024551176495,-0.005087120012559598,0.02512043199202064,0.00011705396241691459,0.03897896948483256,True,NO_REPLICATION,2,same_direction,0.0008089105227051753
T0659,momentum.roc,roc_24,um,1h,SHORT,24,8,0.125,16443,-0.003944655076084732,-64.86196341606126,-3.487929164166148,0.00048804922970475094,-0.006558363279042524,-0.0015300951166954508,0.006058162430577241,-0.010415728880343252,0.030859277448880427,0.0009735230017329596,0.3689652176567917,False,NO_REPLICATION,3,same_direction,0.0029442158509326855
T0660,momentum.rsi,rsi_7_30_70,um,1h,SHORT,4,8,0.125,17082,-0.0018845445125155662,-32.1917893627909,-6.97815892581605,3.1005147758036868e-12,-0.0024383256524397384,-0.0012872551388208864,0.0006840778037057303,-0.0030660823420020186,0.03580277141179458,1.095322042293265e-11,2.343989170507587e-09,True,NO_REPLICATION,1,same_direction,0.00011226859545579383
T0661,momentum.rsi,rsi_7_30_70,um,1h,SHORT,12,8,0.25,13650,-0.002046210884547334,-27.930778574071105,-3.1227122115956183,0.0017956745847717659,-0.0036837634387652408,-0.0003364868675240168,0.004433241131734816,-0.006286463965316436,0.05058519573326334,0.0033272793776653307,1.0,False,NO_REPLICATION,2,same_direction,0.0010161945442448922
T0662,momentum.rsi,rsi_7_30_70,um,1h,SHORT,24,8,0.25,11117,-0.0027054042419548336,-30.075978957811884,-2.2499405167092332,0.024472199059561765,-0.005818616745049396,0.0002714843190083631,0.009848470534066272,-0.01060633603762473,0.058641890890597306,0.03613473142388417,1.0,False,NO_REPLICATION,3,same_direction,0.0031635434569057966
T0663,momentum.rsi,rsi_14_30_70,um,1h,SHORT,4,8,0.0,9983,-0.002409042485766399,-24.049471135405962,-5.929424984891645,3.140782285777645e-09,-0.0032754726782674827,-0.0015600192245359044,-0.0004217987090988222,-0.003922305648157745,0.046372672807814944,9.893464200199583e-09,2.3744314080479e-06,True,NO_REPLICATION,1,same_direction,0.0008424774361490107
T0664,momentum.rsi,rsi_14_30_70,um,1h,SHORT,12,8,0.25,7754,-0.003704472609723712,-28.724480615797663,-4.384649462759038,1.1770624606918219e-05,-0.0058285001968093105,-0.0016588618949617553,0.002043636446343216,-0.010562411598603643,0.06133980458888301,2.833946561410883e-05,0.008898592202830173,True,NO_REPLICATION,2,same_direction,0.002834620907797835
T0665,momentum.rsi,rsi_14_30_70,um,1h,SHORT,24,8,0.25,6556,-0.004507648564804145,-29.552143990855974,-2.9109318585844637,0.0036156660160044838,-0.008511150300052698,-0.0008107332181806515,0.0034512831845346405,-0.014238178311450038,0.08437991275761125,0.006327415528007846,1.0,True,NO_REPLICATION,3,same_direction,0.006171550028824106
T0666,momentum.rsi,rsi_21_30_70,um,1h,SHORT,4,8,0.0,5842,-0.00288782477383456,-16.8706723287415,-4.981109368837572,6.503949169349434e-07,-0.004051704616181422,-0.0017286695894115562,-0.00013716246930922551,-0.0040900629802409424,0.05543642193365342,1.756066275724347e-06,0.0004916985572028171,True,NO_REPLICATION,1,same_direction,0.00231536444961943
T0667,momentum.rsi,rsi_21_30_70,um,1h,SHORT,12,8,0.25,4365,-0.006098560068592329,-26.620214699405516,-5.285035352934109,1.3181407857584477e-07,-0.008759374105337564,-0.003097580674494451,0.002237284610345712,-0.016938290737511384,0.07599554440419498,3.6636560074756856e-07,9.965144340333865e-05,True,NO_REPLICATION,2,same_direction,0.006532106728413394
T0668,momentum.rsi,rsi_21_30_70,um,1h,SHORT,24,8,0.25,3683,-0.008450908153378402,-31.124694728892656,-3.8641863456997454,0.0001133799593629883,-0.014182885037500875,-0.00315561104830258,0.0065151842432883845,-0.030232407276666595,0.10487992622231652,0.0002463081875816642,0.08571524927841916,True,NO_REPLICATION,3,opposite_direction,0.013433205799061588
T0669,volatility.atr_natr,natr14_filter,um,1h,SHORT,4,8,0.0,14646,-0.0029819521562365415,-43.673671280240384,-8.209431211877495,2.4064708567821725e-16,-0.003679567656034159,-0.0022283393293218126,-0.0003738196585872322,-0.00419924614454593,0.029530218261553453,9.216261179597484e-16,1.8192919677273225e-13,True,NO_REPLICATION,1,same_direction,0.0017983003658332349
T0670,volatility.atr_natr,natr14_filter,um,1h,SHORT,12,8,0.125,10399,-0.005353871519541544,-55.67490993171252,-5.582811346074229,2.426008579685982e-08,-0.007271655894916646,-0.003249952930427478,0.0018140457372796115,-0.008396402147785127,0.03793190013310839,7.136429907558763e-08,1.8340624862426024e-05,True,NO_REPLICATION,2,same_direction,0.004999719437993385
T0671,volatility.atr_natr,natr14_filter,um,1h,SHORT,24,8,0.125,7916,-0.006814865784461872,-53.94647754980018,-4.097062665188556,4.2259934874113774e-05,-0.010357896823783365,-0.002385251213495935,0.008465960766576143,-0.01111447029838447,0.036812003030479414,9.710793545541036e-05,0.03194851076483001,False,NO_REPLICATION,3,opposite_direction,0.010303056946465773
T0672,volatility.bollinger_bandwidth,bb20_2s_filter,um,1h,SHORT,4,8,0.0,25224,-0.0024434988610869015,-61.63481527205601,-10.799430537973294,3.970792758801521e-27,-0.003024642898908505,-0.0018847431655555835,-0.0005103914255571203,-0.003621315347085724,0.027525700668631775,2.175303859169529e-26,3.0019193256539498e-24,True,NO_REPLICATION,1,same_direction,0.0005087400228237025
T0673,volatility.bollinger_bandwidth,bb20_2s_filter,um,1h,SHORT,12,8,0.125,21390,-0.002933371685896968,-62.74482036133614,-5.091167435318155,3.5888289918432663e-07,-0.004290598640338327,-0.0015944707128404403,0.00237431991460816,-0.005371847716691059,0.030467920026948446,9.830270716788078e-07,0.00027131547178335094,True,NO_REPLICATION,2,same_direction,0.0013803180544689792
T0674,volatility.bollinger_bandwidth,bb20_2s_filter,um,1h,SHORT,24,8,0.25,17810,-0.003968873308540532,-70.68563362510687,-3.8511016306371184,0.0001179991667662655,-0.0066305423861485165,-0.0013924326861715621,0.004637770591006934,-0.011086852625338131,0.03320208964064661,0.0002541520514965719,0.08920737007529672,True,NO_REPLICATION,3,same_direction,0.0030062570544964135
T0675,volatility.realized_percentile,rv20_p100_filter,um,1h,SHORT,4,8,0.0,13263,-0.0029206396505262445,-38.73644368492958,-7.337871160121809,2.2963581309928814e-13,-0.003488763191599098,-0.0023911358065093237,-0.0016211194654190012,-0.0048035770439707045,0.02943449510439401,8.266889271574373e-13,1.7360467470306182e-10,True,NO_REPLICATION,1,same_direction,0.0016049423470692317
T0676,volatility.realized_percentile,rv20_p100_filter,um,1h,SHORT,12,8,0.125,9642,-0.004218459984437401,-40.67439116994542,-4.669159711798817,3.065191660742408e-06,-0.005973142515086243,-0.002297342868813571,0.0014389030698924031,-0.009613605218496009,0.03816862487501173,7.908822169014542e-06,0.0023172848955212606,True,NO_REPLICATION,2,same_direction,0.0035755089178326135
T0677,volatility.realized_percentile,rv20_p100_filter,um,1h,SHORT,24,8,0.25,7988,-0.0043136202381492605,-34.457198462336294,-2.937050612602824,0.0033229629143727807,-0.007162933944608827,-0.0008688206581977124,0.00593776928738197,-0.013425251599121005,0.0350552520229699,0.005895387324100276,1.0,True,NO_REPLICATION,3,same_direction,0.006120381596964053
T0678,volume.rvol,rvol20_filter,um,1h,SHORT,4,8,0.0,6556,-0.0020370827684595668,-13.35511463002092,-5.257941405065086,1.5028505575265157e-07,-0.002909117059172713,-0.0011232097409279045,-0.00014350383412979135,-0.005607985747628605,0.02455044525412194,4.1617400054580437e-07,0.00011361550214900459,True,NO_REPLICATION,1,same_direction,-0.00047892521352931776
T0679,volume.rvol,rvol20_filter,um,1h,SHORT,12,8,0.125,5956,-0.0024964718528409256,-14.868986355520553,-3.032082340999364,0.002439181894989887,-0.00422939256838513,-0.0006648210567315816,0.003349105116320418,-0.00654188665397757,0.03861829942923263,0.0044434253315960345,1.0,False,NO_REPLICATION,2,same_direction,0.0008277591590662801
T0680,volume.rvol,rvol20_filter,um,1h,SHORT,24,8,0.25,5305,-0.003645916790676389,-19.341588574538243,-2.6849908279864625,0.007275741051343944,-0.00650902601388113,-0.000728662029744424,0.004979814295481134,-0.01159263029710493,0.03252025657914345,0.012088923593002246,1.0,True,NO_REPLICATION,3,same_direction,0.003141206169231855
T0681,volume.vwap_deviation,vwap_dev20_reversal,um,1h,SHORT,4,8,0.0,26923,-0.0022280170685173993,-59.984903535693945,-10.382085067639563,3.3381844514093004e-25,-0.002690835666395781,-0.0017885362055332324,-0.0005248900444219644,-0.0030931869436578133,0.027931319745830185,1.752546836989883e-24,2.5236674452654313e-22,True,NO_REPLICATION,1,same_direction,0.0004351212038920598
T0682,volume.vwap_deviation,vwap_dev20_reversal,um,1h,SHORT,12,8,0.125,20711,-0.00261160741837603,-54.08900124198596,-4.6197311075909395,3.865503315873995e-06,-0.003959657036362272,-0.0013402688640437412,0.0026879888878009227,-0.00447288981680776,0.035664652146030235,9.839462985861079e-06,0.00292232050680074,False,NO_REPLICATION,2,same_direction,0.0012014534929241285
T0683,volume.vwap_deviation,vwap_dev20_reversal,um,1h,SHORT,24,8,0.25,15670,-0.0027722017618426395,-43.44040160807416,-2.748697425378346,0.005990109138510543,-0.005314545401301282,-0.0003086199734725592,0.005620594198076855,-0.006649399247523154,0.04023778987682413,0.010130922838286286,1.0,False,NO_REPLICATION,3,same_direction,0.002039748844113933
T0684,orderflow.taker_ratio,ratio_sign,um,1h,SHORT,4,8,0.0,32748,-0.0023476927052708645,-76.88224071221028,-11.240809826528757,2.9079619610317783e-29,-0.0027775434114816347,-0.0019604346891921812,-0.0011189499867216574,-0.003231100299322557,0.027122596035784263,1.704200963209321e-28,2.1984192425400243e-26,True,NO_REPLICATION,1,same_direction,0.0004651781622624989
T0685,orderflow.taker_ratio,ratio_sign,um,1h,SHORT,12,8,0.125,29537,-0.0026974429482679264,-79.67437236298974,-4.75088082834704,2.034836846820322e-06,-0.0039385086772071,-0.0015706781815920876,0.001448800404885606,-0.0051746185132042375,0.029734908140332795,5.3414467229033455e-06,0.0015383366561961636,True,NO_REPLICATION,2,same_direction,0.0014955727506824207
T0686,orderflow.taker_ratio,ratio_sign,um,1h,SHORT,24,8,0.125,23522,-0.003592897991149032,-84.51214654780753,-3.7101458918910137,0.00020761662317145962,-0.005995228542491884,-0.0013907224188566976,0.0029401550562050544,-0.007067940289460369,0.03669881676527229,0.0004359949086600652,0.15695816711762348,True,NO_REPLICATION,3,same_direction,0.003042904903574216
T0687,orderflow.cvd,cvd_slope6_sign,um,1h,SHORT,4,8,0.0,33023,-0.0022775412860585463,-75.21124588951137,-10.904571809985041,1.221794888789865e-27,-0.0026860718394755537,-0.0018955541714512625,-0.0010370996069788416,-0.0032846821436543013,0.02502744546764384,6.791742175920133e-27,9.23676935925138e-25,True,NO_REPLICATION,1,same_direction,0.0006039834002636772
T0688,orderflow.cvd,cvd_slope6_sign,um,1h,SHORT,12,8,0.125,29750,-0.0028531635908031,-84.88161682639223,-5.048254058167387,4.4849388415148223e-07,-0.004154425655882037,-0.0016659127162639094,0.0009640360691427814,-0.005201491588863882,0.032206674495721004,1.224048290319569e-06,0.0003390613764185206,True,NO_REPLICATION,2,same_direction,0.0018639518608452312
T0689,orderflow.cvd,cvd_slope6_sign,um,1h,SHORT,24,8,0.125,24398,-0.0034906946547247795,-85.16596818597517,-3.5736264262627926,0.0003527499276705998,-0.005950800443399518,-0.0012583181037049056,0.004180901122859002,-0.007345462058809189,0.0347132344190308,0.0007130453083395012,0.26667894531897346,False,NO_REPLICATION,3,same_direction,0.0036569847894201792
T0690,context.btc_regime,regime_follow,um,1h,SHORT,4,8,0.0,2585,-0.002196182309758328,-5.677131270725278,-4.689763815422587,2.877467598185068e-06,-0.002877105202219501,-0.0015802294793929937,-0.0004482815754748627,-0.004036536318670131,0.02625670179738868,7.4498818637942175e-06,0.0021753655042279114,True,NO_REPLICATION,1,same_direction,0.0006109801338561442
T0691,context.btc_regime,regime_follow,um,1h,SHORT,12,8,0.125,1226,-0.003209690374916024,-3.9350803996470454,-3.119303535999978,0.001855093141070185,-0.0053751106174949785,-0.0012530350623885006,0.0017087583181597291,-0.009505977554147184,0.03751015661876427,0.0034122881135013623,1.0,True,NO_REPLICATION,2,same_direction,0.002880345055287928
T0692,context.btc_regime,regime_follow,um,1h,SHORT,24,8,0.25,714,-0.0034227903130937356,-2.4438722835489273,-1.7871940288003059,0.07433081155485168,-0.006906646793476776,-0.0002502074614379914,0.0037320637421294077,-0.007705292059923602,0.03511667194371552,0.10217107915539611,1.0,True,NO_REPLICATION,3,opposite_direction,0.003912946453051314
T0693,derivatives.funding,funding_sign,um,1h,SHORT,4,8,0.0,29373,-0.002107664756154674,-61.90843688253124,-10.22198921982388,1.7372484796748156e-24,-0.0025370152306007296,-0.0016734200554361736,-0.00036498365523409234,-0.003071789024741087,0.026590550924787622,8.874053044825409e-24,1.3133598506341606e-21,True,NO_REPLICATION,1,not_comparable,0.000787545726486891
T0694,derivatives.funding,funding_sign,um,1h,SHORT,12,8,0.125,22613,-0.002454727667341104,-55.50875674158439,-4.2598627113976315,2.0537897497929955e-05,-0.0037923869262778804,-0.001206720304106106,0.0023489760460267462,-0.005266381844588116,0.04220851059020884,4.8070125413111596e-05,0.015526650508435045,True,NO_REPLICATION,2,not_comparable,0.002405167763990043
T0695,derivatives.funding,funding_sign,um,1h,SHORT,24,8,0.25,17296,-0.0035049014813921696,-60.620776022158964,-3.5000106556433535,0.00046641047356628097,-0.006264916987938611,-0.0008830311882262308,0.006139973611243266,-0.01005890380093584,0.06474553581250711,0.0009328209471325619,0.3526063180161084,False,NO_REPLICATION,3,not_comparable,0.0050687184270697275
T0696,derivatives.funding_zscore,z90_extreme,um,1h,SHORT,4,6,0.3333333333333333,1412,-0.0020375569977868725,-2.8770304808750637,-2.6383914880564063,0.008421678735632461,-0.0031114357560250304,-0.0007735716075516637,0.0013549104352597262,-0.0035420166134222594,0.03748237105961622,0.013901286297244847,1.0,True,NO_REPLICATION,1,not_comparable,0.001772066592230702
T0697,derivatives.funding_zscore,z90_extreme,um,1h,SHORT,12,6,0.5,808,-0.0016439690499725343,-1.3283269923778076,-0.9106602247487897,0.36274634815798196,-0.00428424936411344,0.0014597547745919032,0.004828237026139762,-0.006381591981895909,0.035718039330329805,0.42649492878294615,1.0,False,NO_REPLICATION,2,not_comparable,0.003214459524604193
T0698,derivatives.funding_zscore,z90_extreme,um,1h,SHORT,24,6,0.5,640,0.00011897615005836033,0.07614473603735061,0.04348089862563288,0.9653317740175336,-0.0039413229815723665,0.0045089640313200835,0.011136391569737987,-0.009560451501772376,0.04197429118447326,0.9691777173403126,1.0,False,NO_REPLICATION,3,not_comparable,0.002336638296612965
T0699,trend.ema_20_50_spread,ema_10_30,um,4h,SHORT,3,8,0.125,6935,-0.0019986533078733765,-13.860660690101867,-2.986057836108332,0.0028358672557460387,-0.0032325804814504274,-0.0009649567739862409,0.00131941012148831,-0.004301094353066221,0.030297213226552898,0.005080368827829396,1.0,True,NO_REPLICATION,1,same_direction,0.0014630023589390652
T0700,trend.ema_20_50_spread,ema_10_30,um,4h,SHORT,6,8,0.125,6401,-0.0027656647272650166,-17.703019919223372,-1.9842451213650083,0.04727116392177083,-0.0056530443189777005,-0.0002939077116748559,0.005230962033639405,-0.008186005027039246,0.07108524002529537,0.06679813070067056,1.0,False,NO_REPLICATION,2,same_direction,0.003414149203485733
T0701,trend.ema_20_50_spread,ema_20_50,um,4h,SHORT,3,8,0.125,6894,-0.002201097703040237,-15.174367564759393,-3.275288555968867,0.001060754275996698,-0.0035083588391189528,-0.0010248197582483057,0.0019793432766652213,-0.0038313404636550782,0.03777103535323097,0.0020149000820439793,0.8019302326535037,False,NO_REPLICATION,1,same_direction,0.0020575827683264577
T0702,trend.ema_20_50_spread,ema_20_50,um,4h,SHORT,6,8,0.125,6400,-0.0022743043320144836,-14.555547724892694,-1.7810661034323472,0.07494907481307528,-0.0048264284813776485,-5.217968780225915e-05,0.005128405298898787,-0.004600417382549166,0.03447319508096847,0.1022770768207309,1.0,False,NO_REPLICATION,2,opposite_direction,0.0037358522515644633
T0703,trend.ema_20_50_spread,ema_50_200,um,4h,SHORT,3,8,0.125,6276,-0.0015097128951843141,-9.474958130176756,-2.253330572747943,0.02427269604430459,-0.002785215094886955,-0.00027859303663424083,0.0011835540027506418,-0.00314466708841034,0.029764497275523844,0.03591029003814926,1.0,True,NO_REPLICATION,1,same_direction,0.0005887784068690648
T0704,trend.ema_20_50_spread,ema_50_200,um,4h,SHORT,6,8,0.125,5665,-0.0016805262830977572,-9.520181393748794,-1.2989801636639609,0.1940036129297284,-0.00413887162830984,0.0004540548367472426,0.003521797708937345,-0.005867453847068011,0.03073589704813869,0.24774785705215316,1.0,False,NO_REPLICATION,2,opposite_direction,0.0019138535813801177
T0705,trend.ema_50_200_regime,ema_10_30,um,4h,SHORT,3,8,0.125,6935,-0.0019986533078733765,-13.860660690101867,-2.986057836108332,0.0028358672557460387,-0.0032325804814504274,-0.0009649567739862409,0.00131941012148831,-0.004301094353066221,0.030297213226552898,0.005080368827829396,1.0,True,NO_REPLICATION,1,same_direction,0.0014630023589390652
T0706,trend.ema_50_200_regime,ema_10_30,um,4h,SHORT,6,8,0.125,6401,-0.0027656647272650166,-17.703019919223372,-1.9842451213650083,0.04727116392177083,-0.0056530443189777005,-0.0002939077116748559,0.005230962033639405,-0.008186005027039246,0.07108524002529537,0.06679813070067056,1.0,False,NO_REPLICATION,2,same_direction,0.003414149203485733
T0707,trend.ema_50_200_regime,ema_20_50,um,4h,SHORT,3,8,0.125,6894,-0.002201097703040237,-15.174367564759393,-3.275288555968867,0.001060754275996698,-0.0035083588391189528,-0.0010248197582483057,0.0019793432766652213,-0.0038313404636550782,0.03777103535323097,0.0020149000820439793,0.8019302326535037,False,NO_REPLICATION,1,same_direction,0.0020575827683264577
T0708,trend.ema_50_200_regime,ema_20_50,um,4h,SHORT,6,8,0.125,6400,-0.0022743043320144836,-14.555547724892694,-1.7810661034323472,0.07494907481307528,-0.0048264284813776485,-5.217968780225915e-05,0.005128405298898787,-0.004600417382549166,0.03447319508096847,0.1022770768207309,1.0,False,NO_REPLICATION,2,opposite_direction,0.0037358522515644633
T0709,trend.ema_50_200_regime,ema_50_200,um,4h,SHORT,3,8,0.125,6276,-0.0015097128951843141,-9.474958130176756,-2.253330572747943,0.02427269604430459,-0.002785215094886955,-0.00027859303663424083,0.0011835540027506418,-0.00314466708841034,0.029764497275523844,0.03591029003814926,1.0,True,NO_REPLICATION,1,same_direction,0.0005887784068690648
T0710,trend.ema_50_200_regime,ema_50_200,um,4h,SHORT,6,8,0.125,5665,-0.0016805262830977572,-9.520181393748794,-1.2989801636639609,0.1940036129297284,-0.00413887162830984,0.0004540548367472426,0.003521797708937345,-0.005867453847068011,0.03073589704813869,0.24774785705215316,1.0,False,NO_REPLICATION,2,opposite_direction,0.0019138535813801177
T0711,trend.ema_slope,default,um,4h,SHORT,3,8,0.125,7017,-0.0022271588444201084,-15.627973611295902,-3.304968751989758,0.0009546356226523879,-0.0035823828370291047,-0.0010522824071934448,0.0014919935690399422,-0.005140850816246352,0.027289414520421763,0.001830737159027788,0.7217045307252052,True,NO_REPLICATION,1,same_direction,0.0015032180560165167
T0712,trend.ema_slope,default,um,4h,SHORT,6,8,0.25,6401,-0.0027893980134242663,-17.854936683928727,-2.164672364258323,0.03044963497289844,-0.0053336723853799175,-0.0005120722405370146,0.004413929432364276,-0.007780437702327175,0.03377470782357528,0.04469888163011888,1.0,False,NO_REPLICATION,2,same_direction,0.003941333666136271
T0713,trend.adx_dmi,adx14_threshold20,um,4h,SHORT,3,8,0.125,6126,-0.0024027082453091327,-14.718990710763748,-3.306199338527454,0.0009511515998554084,-0.0038991382053918783,-0.0010703330734710764,0.0018191069858253114,-0.004228461421882659,0.03763390236985408,0.0018296962073554423,0.7190706094906888,True,NO_REPLICATION,1,same_direction,0.0013567345082212742
T0714,trend.adx_dmi,adx14_threshold20,um,4h,SHORT,6,8,0.125,5454,-0.0052165472306391295,-28.451048595905814,-2.3288454774147795,0.019903609608522478,-0.010813878336531963,-0.00144497539383163,0.005211372803039146,-0.020607406011234484,0.07047507442256984,0.030275913207329967,1.0,True,NO_REPLICATION,2,same_direction,0.006772082704796864
T0715,trend.kaufman_er,er10_threshold0.3,um,4h,SHORT,3,8,0.125,6187,-0.0024167716834259632,-14.952566405356434,-3.618542187435027,0.0002986324441949504,-0.0036830837119236092,-0.001294728528141019,0.0009525738596852332,-0.004671864828073928,0.02601761929441397,0.0006151665607939578,0.22576612781138253,True,NO_REPLICATION,1,same_direction,0.0012228094234438033
T0716,trend.kaufman_er,er10_threshold0.3,um,4h,SHORT,6,8,0.25,5784,-0.0037984069098072836,-21.969985566325327,-3.0062738127884057,0.0026560672912166027,-0.006515309073495407,-0.0012279595249380455,0.003817892519061632,-0.0112180199682399,0.02769111979907833,0.004803796344879789,1.0,True,NO_REPLICATION,2,same_direction,0.003856808108583477
T0717,trend.donchian,donchian_20,um,4h,SHORT,3,8,0.25,1624,-0.00144070926761169,-2.3397118506013848,-0.9533760166330597,0.3405415529625529,-0.004301708254536114,0.0016075654596367753,0.006742440140607714,-0.005356503374273911,0.0348904800402527,0.40415920571379904,1.0,False,NO_REPLICATION,1,same_direction,0.0011797453143747429
T0718,trend.donchian,donchian_20,um,4h,SHORT,6,8,0.25,1549,-0.00456194120160879,-7.066446921292016,-2.1598625688723474,0.030936419514213265,-0.008676472332618467,-0.0004893927153531097,0.0026317517335457076,-0.01947910277988188,0.030726914624818625,0.045150450101824766,1.0,True,NO_REPLICATION,2,opposite_direction,0.005823197675297246
T0719,trend.donchian,donchian_48,um,4h,SHORT,3,8,0.25,1013,0.0012421612141903127,1.2583093099747868,0.6141933333634907,0.5392256238589153,-0.0022402139611979507,0.0055974138097327954,0.011460310856402296,-0.004769946901206477,0.04066615636702553,0.5925211797054359,1.0,False,NO_REPLICATION,1,same_direction,0.00020574538479205175
T0720,trend.donchian,donchian_48,um,4h,SHORT,6,8,0.375,969,-0.003902106375807153,-3.7811410781571313,-1.3868762048318841,0.16579878479694846,-0.009926465576519014,0.0017887931538849214,0.009369336699926626,-0.030613767662335464,0.03143551128061559,0.21648338740326947,1.0,True,NO_REPLICATION,2,opposite_direction,0.005522178947732474
T0721,trend.donchian,donchian_55,um,4h,SHORT,3,8,0.375,941,0.0019161939353773206,1.8031384931900587,0.881942719107458,0.3780332463074103,-0.0020411447345954304,0.006790685919024836,0.013545529532862267,-0.003056501251918173,0.04336809748874379,0.4403592206600958,1.0,False,NO_REPLICATION,1,same_direction,6.357630664968381e-05
T0722,trend.donchian,donchian_55,um,4h,SHORT,6,8,0.25,896,-0.004002598083459118,-3.5863278827793694,-1.3455518748382216,0.1787878590040776,-0.010045392181387548,0.0015591253011465252,0.006577401732383633,-0.03177004788200911,0.02688201843946557,0.22987010443381406,1.0,True,NO_REPLICATION,2,opposite_direction,0.0068635758888564765
T0723,momentum.roc,roc_6,um,4h,SHORT,3,8,0.125,6857,-0.0025470679019092453,-17.465244603391696,-3.970552096025877,7.243951421149987e-05,-0.003733230899751448,-0.0014310448446273917,0.0018543464166326732,-0.005614397023916213,0.02927159604445522,0.00016107139042321735,0.0547642727438939,True,NO_REPLICATION,1,same_direction,0.0011757597723434975
T0724,momentum.roc,roc_6,um,4h,SHORT,6,8,0.25,6192,-0.003737155700474484,-23.140468097338005,-2.9244166627601818,0.0034635439171480766,-0.006577009596956091,-0.001094473848634007,0.0034802939685908223,-0.011128506468045779,0.05779530454183112,0.00608939349154406,1.0,True,NO_REPLICATION,2,same_direction,0.0012674936769974626
T0725,momentum.roc,roc_12,um,4h,SHORT,3,8,0.0,6950,-0.0026829141330755313,-18.646253224874943,-3.8687675612418673,0.00011038688854322669,-0.0040624354368524115,-0.0013768738119613773,-0.0001558525275847989,-0.004812776774542814,0.026390886069716762,0.00024049708282040166,0.08345248773867937,True,NO_REPLICATION,1,same_direction,0.0024427569700449714
T0726,momentum.roc,roc_12,um,4h,SHORT,6,8,0.125,6397,-0.0033296726132295276,-21.29991570682929,-2.623975154890663,0.008711659286174801,-0.006037097629605314,-0.0006771088281097284,0.0044062765584285965,-0.007062717957448072,0.02789225268345453,0.014348615294876143,1.0,False,NO_REPLICATION,2,same_direction,0.003726607343128221
T0727,momentum.roc,roc_24,um,4h,SHORT,3,8,0.125,6940,-0.0023405570695206684,-16.243466062473438,-3.4007437115846653,0.0006758190430697343,-0.0035704388949410405,-0.0012083158631673483,0.001612056463829649,-0.005759723989449835,0.03614209639686811,0.0013305187410435394,0.5109191965607192,True,NO_REPLICATION,1,same_direction,0.0018371264966856498
T0728,momentum.roc,roc_24,um,4h,SHORT,6,8,0.125,6382,-0.00318704959045244,-20.339750486267473,-2.421298852649968,0.015492865212276297,-0.005877147005194824,-0.0008127198943590718,0.0048190406028286335,-0.008564346861001411,0.03905803205778928,0.02400124200918213,1.0,False,NO_REPLICATION,2,same_direction,0.004511222103078915
T0729,momentum.rsi,rsi_7_30_70,um,4h,SHORT,3,8,0.25,4596,-0.0033584301199925753,-15.435344831485876,-3.9201454383579084,8.978398002614398e-05,-0.00542000499859077,-0.0012488525590981317,0.004990469398485265,-0.009903741275950437,0.031837329213729185,0.00019674402579641985,0.06787668889976485,False,NO_REPLICATION,1,same_direction,0.0013909847912713714
T0730,momentum.rsi,rsi_7_30_70,um,4h,SHORT,6,8,0.25,4103,-0.004950794410413065,-20.313109465924807,-2.818145158275903,0.00485332862344214,-0.009151600734836158,-0.0008028398660582771,0.005965045669280628,-0.015307355684316256,0.07349652708181385,0.008335496447447415,1.0,True,NO_REPLICATION,2,same_direction,0.004824043383915445
T0731,momentum.rsi,rsi_14_30_70,um,4h,SHORT,3,8,0.25,2781,-0.004539851076747038,-12.625325844433512,-3.5090716951596956,0.0004568128235441354,-0.007455464528594235,-0.0015192277700318928,0.008174990818547981,-0.014448919584260108,0.03234015046376753,0.0009160490572927489,0.34535049459936634,False,NO_REPLICATION,1,same_direction,0.001879723041130872
T0732,momentum.rsi,rsi_14_30_70,um,4h,SHORT,6,8,0.25,2457,-0.006957756914693895,-17.0952087394029,-2.5760027964706773,0.010052929500972639,-0.014646243499884384,-0.0008316350786999487,0.010693772839762583,-0.02818406698074426,0.09615740976079964,0.016485932110054915,1.0,True,NO_REPLICATION,2,opposite_direction,0.008572281586730138
T0733,momentum.rsi,rsi_21_30_70,um,4h,SHORT,3,8,0.25,1702,-0.0064980821140513,-11.059735758115313,-3.277000992203974,0.0010702931971084354,-0.010508155629240332,-0.00280014258093728,0.009453839818586279,-0.01748114172036412,0.03529419289185392,0.002027923952415983,0.8091416570139772,False,NO_REPLICATION,1,same_direction,0.006114095820099889
T0734,momentum.rsi,rsi_21_30_70,um,4h,SHORT,6,8,0.375,1467,-0.010702898837117485,-15.70115259405135,-2.611985661983715,0.009093743850026608,-0.01920715762569447,-0.002692165462619938,0.005923888719053739,-0.03717245561357172,0.11077064419914394,0.014945370327435033,1.0,True,NO_REPLICATION,2,opposite_direction,0.01568959556440011
T0735,volatility.atr_natr,natr14_filter,um,4h,SHORT,3,8,0.0,3683,-0.004891220541039311,-18.014365252647785,-4.57472138189589,4.92562695829985e-06,-0.006442959633027182,-0.003232155740827747,-0.00013489974625927685,-0.0068881033385199825,0.03244701732591882,1.2454093580182899e-05,0.003723773980474687,True,NO_REPLICATION,1,same_direction,0.004715994196715833
T0736,volatility.atr_natr,natr14_filter,um,4h,SHORT,6,8,0.0,3051,-0.012285571302585391,-37.483278044188026,-5.440189806451779,5.7432169829158056e-08,-0.01632295802204801,-0.008079759207440243,-0.0031936214154593356,-0.021662195889813402,0.07799506684640502,1.6261693030278462e-07,4.341872039084349e-05,True,NO_REPLICATION,2,same_direction,0.014864985455108375
T0737,volatility.bollinger_bandwidth,bb20_2s_filter,um,4h,SHORT,3,8,0.25,6445,-0.00251313446970938,-16.197151657276954,-3.724987940318181,0.00019699385012464108,-0.00418030328092754,-0.0009786199487269909,0.001453641647762372,-0.005127083320240489,0.029420028928089148,0.0004159981862967281,0.14892735069422866,True,NO_REPLICATION,1,same_direction,0.001287083090445313
T0738,volatility.bollinger_bandwidth,bb20_2s_filter,um,4h,SHORT,6,8,0.25,6004,-0.0032191084857839274,-19.3275273486467,-2.6820046037607357,0.007338276731985357,-0.005663118211425255,-0.0007608936443328966,0.006334374723930777,-0.009207072903976921,0.03627245062919425,0.012166090371449409,1.0,False,NO_REPLICATION,2,same_direction,0.0026389670329024653
T0739,volatility.realized_percentile,rv20_p100_filter,um,4h,SHORT,3,8,0.25,3339,-0.004118001879190154,-13.750008274615924,-3.6877826879173363,0.00022981959876538463,-0.0061263952454640854,-0.002043807934097175,0.0034665991562499777,-0.009530151737979593,0.03149121354905157,0.00047863255280063583,0.1737436166666308,True,NO_REPLICATION,1,same_direction,0.003259694522177813
T0740,volatility.realized_percentile,rv20_p100_filter,um,4h,SHORT,6,8,0.25,2830,-0.007137348108326373,-20.198695146563637,-3.43175661899157,0.0006082912772535548,-0.010684570914612007,-0.0033645949892352534,0.003949990375191417,-0.01553770677521086,0.030899870347911067,0.0012007002757276435,0.45986820560368746,True,NO_REPLICATION,2,opposite_direction,0.008464633564584512
T0741,volume.rvol,rvol20_filter,um,4h,SHORT,3,8,0.25,1398,-0.0018969519026848253,-2.651938759953386,-1.2953904204903173,0.19539959290436798,-0.005043673039054156,0.0012532343491291305,0.006828656527984331,-0.015128065490294324,0.028721427464746083,0.2491097676824658,1.0,True,NO_REPLICATION,1,same_direction,0.0010446522019079475
T0742,volume.rvol,rvol20_filter,um,4h,SHORT,6,8,0.125,1308,-0.004678855069832607,-6.119942431341049,-1.9450121090179073,0.051987744090200606,-0.009819406562039718,0.0006650230150601049,0.013161361592426254,-0.03155161187972216,0.04515009941829809,0.0733259972615516,1.0,True,NO_REPLICATION,2,same_direction,0.003321289350681121
T0743,volume.vwap_deviation,vwap_dev20_reversal,um,4h,SHORT,3,8,0.125,6955,-0.002895409219471999,-20.137571121427754,-4.58907942096189,4.530186119893717e-06,-0.004341629305675124,-0.0014691051821307973,0.0006410289066801918,-0.005165255776166733,0.04263030781061348,1.1492686935032382e-05,0.00342482070663965,True,NO_REPLICATION,1,same_direction,0.0012943732315397667
T0744,volume.vwap_deviation,vwap_dev20_reversal,um,4h,SHORT,6,8,0.125,6235,-0.002981395047964378,-18.5889981240579,-2.4482020368447266,0.014384484225805698,-0.005605788776672931,-0.00035149589152963837,0.004840299227027528,-0.0060446634773076375,0.0432449405953171,0.02237586435125331,1.0,False,NO_REPLICATION,2,same_direction,0.002135539920661091
T0745,orderflow.taker_ratio,ratio_sign,um,4h,SHORT,3,8,0.125,8254,-0.0030149325198831943,-24.885253019115886,-5.041011545052209,4.729217819014696e-07,-0.004278438741642802,-0.0018570695170573288,0.0010974525605613908,-0.005807511375479942,0.04284884868467588,1.281465473539466e-06,0.000357528867117511,True,NO_REPLICATION,1,same_direction,0.0018724314732882304
T0746,orderflow.taker_ratio,ratio_sign,um,4h,SHORT,6,8,0.125,7909,-0.003727956883947295,-29.484410995139154,-3.3752540928081745,0.0007410245970994447,-0.006119922630371914,-0.0015415502250197652,0.003914655205271076,-0.008290151322042187,0.036429534263388276,0.0014475829338686827,0.5602145954071802,True,NO_REPLICATION,2,same_direction,0.004510648165284429
T0747,orderflow.cvd,cvd_slope6_sign,um,4h,SHORT,3,8,0.125,8270,-0.002824162580517705,-23.35582454088142,-4.736384610825117,2.2118856216251906e-06,-0.004075350229049716,-0.0016489311211360807,0.0016313833797215167,-0.005556289693952141,0.02705997860608125,5.766156999822911e-06,0.001672185529948644,True,NO_REPLICATION,1,same_direction,0.0018689482791937073
T0748,orderflow.cvd,cvd_slope6_sign,um,4h,SHORT,6,8,0.125,7991,-0.0037851880082762695,-30.24743737413567,-3.3364843838099416,0.0008523231714359578,-0.006430359783407616,-0.0014268069964885964,0.004329195589248397,-0.009845500951547929,0.02839559885602271,0.001647970121753412,0.6443563176055841,True,NO_REPLICATION,2,same_direction,0.004370689001612394
T0749,context.btc_regime,regime_follow,um,4h,SHORT,3,8,0.25,1521,-0.0016371089924033038,-2.4900427774454252,-1.3569314083853048,0.17500447508964168,-0.004376839089547643,0.0005145562680662997,0.0026135242423986336,-0.007158878150544925,0.03135050924366044,0.22654688898590603,1.0,True,NO_REPLICATION,1,opposite_direction,0.003012766906008896
T0750,context.btc_regime,regime_follow,um,4h,SHORT,6,8,0.5,1039,0.0003295969315004718,0.3424512118289902,0.1418605906879181,0.8872176514954638,-0.003366255992747259,0.003161324727351416,0.004434325080671197,-0.004549322777434783,0.027401420364813432,0.9046727162925055,1.0,False,NO_REPLICATION,2,same_direction,-0.0006560710610909242
T0751,context.market_breadth,breadth_0.4_0.6,um,4h,SHORT,3,8,0.25,999,-0.0016917702496076841,-1.6900784793580765,-1.4743648370643472,0.14069874981849134,-0.0034058634432035163,-7.835384149633363e-05,0.001059013152798711,-0.005061769690840632,0.03080076045978322,0.1872680543358793,1.0,True,NO_REPLICATION,1,same_direction,0.0008125792068428399
T0752,context.market_breadth,breadth_0.4_0.6,um,4h,SHORT,6,8,0.125,692,-0.0036639433332717832,-2.535448786624074,-2.023414634653768,0.043414876034560214,-0.006787460501125565,-0.0005160936843343128,0.0012405064056701738,-0.012254891073021154,0.03211374376101445,0.06181100994750946,1.0,True,NO_REPLICATION,2,same_direction,0.004084222922863637
T0753,derivatives.funding,funding_sign,um,4h,SHORT,3,8,0.125,8030,-0.0026208970489091667,-21.04580330274061,-4.323965213515504,1.55100930643815e-05,-0.003911759595388525,-0.0014857300043970157,0.0010902100184254292,-0.005154768243357778,0.03060847550706547,3.710642517934308e-05,0.011725630356672415,True,NO_REPLICATION,1,not_comparable,0.0023933254879114512
T0754,derivatives.funding,funding_sign,um,4h,SHORT,6,8,0.25,7081,-0.003096641854557524,-21.927320972121827,-2.7317933941142156,0.0063146779719600275,-0.005694768837404936,-0.0006350809228494389,0.004733203445760596,-0.008647012190444529,0.036112005976280614,0.010608658992892846,1.0,False,NO_REPLICATION,2,not_comparable,0.004638642660063743
T0755,derivatives.funding_zscore,z90_extreme,um,4h,SHORT,3,6,0.5,611,-0.0007537367882482462,-0.4605331776196784,-0.4451584541092367,0.6563631713016982,-0.003578522990862543,0.0025059013959551047,0.006086717201427247,-0.011404248051179532,0.044010844833937385,0.70484454190921,1.0,False,NO_REPLICATION,1,not_comparable,0.002174434080328626
T0756,derivatives.funding_zscore,z90_extreme,um,4h,SHORT,6,6,0.5,530,-0.0011274829840871308,-0.5975659815661793,-0.36512439889342874,0.7151644813782317,-0.006347231126205529,0.004195659598516725,0.010322767805853283,-0.02139064675740474,0.05069567288409347,0.7582950181233425,1.0,True,NO_REPLICATION,2,not_comparable,0.0033763006797934906
