trial_id,fold_id,scope,symbols_traded,top_symbol,top_symbol_share_abs
T0001,F01,fold_diagnostic,69,ALGOUSDT,0.023401469264146327
T0001,F02,fold_diagnostic,89,XTZUSDT,0.025285259497226858
T0001,F03,fold_diagnostic,96,ONTUSDT,0.025306131522499036
T0001,F04,fold_diagnostic,100,ICPUSDT,0.024218265627983137
T0001,F05,fold_diagnostic,91,ADAUSDT,0.023712440150485768
T0001,F06,fold_diagnostic,92,WAVESUSDT,0.023122210660407802
T0001,F07,fold_diagnostic,97,DOTUSDT,0.023370208049249455
T0001,F08,fold_diagnostic,108,SUIUSDT,0.022036203184446282
T0002,F01,fold_diagnostic,69,ALGOUSDT,0.026369544285702953
T0002,F02,fold_diagnostic,89,XTZUSDT,0.033657662163167026
T0002,F03,fold_diagnostic,96,THETAUSDT,0.03407853312018791
T0002,F04,fold_diagnostic,100,ICPUSDT,0.032066133837356584
T0002,F05,fold_diagnostic,91,ALGOUSDT,0.027325064962191184
T0002,F06,fold_diagnostic,92,WAVESUSDT,0.026751416189922935
T0002,F07,fold_diagnostic,97,DOGEUSDT,0.027920695939325463
T0002,F08,fold_diagnostic,108,APEUSDT,0.025281724883438016
T0003,F01,fold_diagnostic,69,XTZUSDT,0.042262659756301384
T0003,F02,fold_diagnostic,89,SNXUSDT,0.038812062102946285
T0003,F03,fold_diagnostic,96,DOGEUSDT,0.09064929527123826
T0003,F04,fold_diagnostic,100,LUNAUSDT,0.045895830269327295
T0003,F05,fold_diagnostic,91,ALGOUSDT,0.029051143942963303
T0003,F06,fold_diagnostic,92,SOLUSDT,0.029451597419667234
T0003,F07,fold_diagnostic,97,ACHUSDT,0.03553330064551056
T0003,F08,fold_diagnostic,108,TRBUSDT,0.054463353222683385
T0004,F01,fold_diagnostic,69,BANDUSDT,0.044243469552812935
T0004,F02,fold_diagnostic,89,BANDUSDT,0.05840295450872448
T0004,F03,fold_diagnostic,96,DOGEUSDT,0.1197636128258634
T0004,F04,fold_diagnostic,100,SHIBUSDT,0.05683006751240643
T0004,F05,fold_diagnostic,91,ONEUSDT,0.027435602969413272
T0004,F06,fold_diagnostic,92,GALAUSDT,0.03550950398491628
T0004,F07,fold_diagnostic,97,APTUSDT,0.03588177873306847
T0004,F08,fold_diagnostic,108,TRBUSDT,0.04197475461779929
T0005,F01,fold_diagnostic,69,BTTUSDT,0.022524572385397765
T0005,F02,fold_diagnostic,89,XTZUSDT,0.024342301533654152
T0005,F03,fold_diagnostic,96,LTCUSDT,0.025495077864797645
T0005,F04,fold_diagnostic,100,LTCUSDT,0.02477680865060743
T0005,F05,fold_diagnostic,91,EOSUSDT,0.021913745458272845
T0005,F06,fold_diagnostic,92,TRXUSDT,0.022957482695819112
T0005,F07,fold_diagnostic,97,BNBUSDT,0.02227184029516019
T0005,F08,fold_diagnostic,108,TRXUSDT,0.022423708305857142
T0006,F01,fold_diagnostic,69,ATOMUSDT,0.030859655611252253
T0006,F02,fold_diagnostic,89,ONTUSDT,0.029043479553353763
T0006,F03,fold_diagnostic,96,DOGEUSDT,0.07440386066747563
T0006,F04,fold_diagnostic,100,EOSUSDT,0.03279255998578242
T0006,F05,fold_diagnostic,91,AXSUSDT,0.02636971395290951
T0006,F06,fold_diagnostic,92,GMTUSDT,0.026392319962857274
T0006,F07,fold_diagnostic,97,DOGEUSDT,0.03168855226468197
T0006,F08,fold_diagnostic,108,APEUSDT,0.024886252325208864
T0007,F01,fold_diagnostic,69,RVNUSDT,0.0492180685719836
T0007,F02,fold_diagnostic,89,BANDUSDT,0.049202192368559806
T0007,F03,fold_diagnostic,96,DOGEUSDT,0.16973185956229547
T0007,F04,fold_diagnostic,100,SLPUSDT,0.03757868834263711
T0007,F05,fold_diagnostic,91,ROSEUSDT,0.02830721374584287
T0007,F06,fold_diagnostic,92,WAVESUSDT,0.033052508927639924
T0007,F07,fold_diagnostic,97,ACHUSDT,0.044254036249427066
T0007,F08,fold_diagnostic,108,APEUSDT,0.02480895584393033
T0008,F01,fold_diagnostic,69,ZILUSDT,0.06259828628526083
T0008,F02,fold_diagnostic,89,ZILUSDT,0.03924868296659143
T0008,F03,fold_diagnostic,96,DOGEUSDT,0.18530916987849
T0008,F04,fold_diagnostic,100,GALAUSDT,0.051591323815829836
T0008,F05,fold_diagnostic,91,ICPUSDT,0.026318554394704267
T0008,F06,fold_diagnostic,92,WAVESUSDT,0.039644392014734076
T0008,F07,fold_diagnostic,97,ACHUSDT,0.03446360897535406
T0008,F08,fold_diagnostic,108,TRBUSDT,0.051395845336300885
T0009,F01,fold_diagnostic,69,IOSTUSDT,0.024362575880077526
T0009,F02,fold_diagnostic,89,XMRUSDT,0.026520660751531467
T0009,F03,fold_diagnostic,96,BTCUSDT,0.02465858989595601
T0009,F04,fold_diagnostic,100,EOSUSDT,0.02414371014312861
T0009,F05,fold_diagnostic,91,TRXUSDT,0.025957795571093786
T0009,F06,fold_diagnostic,92,UNIUSDT,0.0246041765566845
T0009,F07,fold_diagnostic,97,TRXUSDT,0.025618078839310335
T0009,F08,fold_diagnostic,108,TRXUSDT,0.023706504648653832
T0010,F01,fold_diagnostic,69,RVNUSDT,0.03317629843551017
T0010,F02,fold_diagnostic,89,ONTUSDT,0.03043359720008017
T0010,F03,fold_diagnostic,96,DOGEUSDT,0.044393836361873364
T0010,F04,fold_diagnostic,100,EOSUSDT,0.030313171960060243
T0010,F05,fold_diagnostic,91,SOLUSDT,0.025837385884301338
T0010,F06,fold_diagnostic,92,GMTUSDT,0.02712121136423804
T0010,F07,fold_diagnostic,97,TRXUSDT,0.030092114322461557
T0010,F08,fold_diagnostic,108,LTCUSDT,0.02591181584073102
T0011,F01,fold_diagnostic,69,ZILUSDT,0.05355528404397887
T0011,F02,fold_diagnostic,89,BANDUSDT,0.05282233778646308
T0011,F03,fold_diagnostic,96,DOGEUSDT,0.12679557520570794
T0011,F04,fold_diagnostic,100,GALAUSDT,0.03620567173055622
T0011,F05,fold_diagnostic,91,SLPUSDT,0.029958147043131086
T0011,F06,fold_diagnostic,92,GMTUSDT,0.02971078572893023
T0011,F07,fold_diagnostic,97,DOGEUSDT,0.031405232776536826
T0011,F08,fold_diagnostic,108,TRBUSDT,0.035971477199460186
T0012,F01,fold_diagnostic,69,ZILUSDT,0.08231269079457557
T0012,F02,fold_diagnostic,89,OMGUSDT,0.05548928020388199
T0012,F03,fold_diagnostic,96,DOGEUSDT,0.16375245153908521
T0012,F04,fold_diagnostic,100,LUNAUSDT,0.0612691082903068
T0012,F05,fold_diagnostic,91,SLPUSDT,0.03477422345706993
T0012,F06,fold_diagnostic,92,BTCSTUSDT,0.03638514543237126
T0012,F07,fold_diagnostic,97,FETUSDT,0.03729602134397826
T0012,F08,fold_diagnostic,108,TRBUSDT,0.050777423123686646
T0013,F01,fold_diagnostic,69,ALGOUSDT,0.023401469264146327
T0013,F02,fold_diagnostic,89,XTZUSDT,0.025285259497226858
T0013,F03,fold_diagnostic,96,ONTUSDT,0.025306131522499036
T0013,F04,fold_diagnostic,100,ICPUSDT,0.024218265627983137
T0013,F05,fold_diagnostic,91,ADAUSDT,0.023712440150485768
T0013,F06,fold_diagnostic,92,WAVESUSDT,0.023122210660407802
T0013,F07,fold_diagnostic,97,DOTUSDT,0.023370208049249455
T0013,F08,fold_diagnostic,108,SUIUSDT,0.022036203184446282
T0014,F01,fold_diagnostic,69,ALGOUSDT,0.026369544285702953
T0014,F02,fold_diagnostic,89,XTZUSDT,0.033657662163167026
T0014,F03,fold_diagnostic,96,THETAUSDT,0.03407853312018791
T0014,F04,fold_diagnostic,100,ICPUSDT,0.032066133837356584
T0014,F05,fold_diagnostic,91,ALGOUSDT,0.027325064962191184
T0014,F06,fold_diagnostic,92,WAVESUSDT,0.026751416189922935
T0014,F07,fold_diagnostic,97,DOGEUSDT,0.027920695939325463
T0014,F08,fold_diagnostic,108,APEUSDT,0.025281724883438016
T0015,F01,fold_diagnostic,69,XTZUSDT,0.042262659756301384
T0015,F02,fold_diagnostic,89,SNXUSDT,0.038812062102946285
T0015,F03,fold_diagnostic,96,DOGEUSDT,0.09064929527123826
T0015,F04,fold_diagnostic,100,LUNAUSDT,0.045895830269327295
T0015,F05,fold_diagnostic,91,ALGOUSDT,0.029051143942963303
T0015,F06,fold_diagnostic,92,SOLUSDT,0.029451597419667234
T0015,F07,fold_diagnostic,97,ACHUSDT,0.03553330064551056
T0015,F08,fold_diagnostic,108,TRBUSDT,0.054463353222683385
T0016,F01,fold_diagnostic,69,BANDUSDT,0.044243469552812935
T0016,F02,fold_diagnostic,89,BANDUSDT,0.05840295450872448
T0016,F03,fold_diagnostic,96,DOGEUSDT,0.1197636128258634
T0016,F04,fold_diagnostic,100,SHIBUSDT,0.05683006751240643
T0016,F05,fold_diagnostic,91,ONEUSDT,0.027435602969413272
T0016,F06,fold_diagnostic,92,GALAUSDT,0.03550950398491628
T0016,F07,fold_diagnostic,97,APTUSDT,0.03588177873306847
T0016,F08,fold_diagnostic,108,TRBUSDT,0.04197475461779929
T0017,F01,fold_diagnostic,69,BTTUSDT,0.022524572385397765
T0017,F02,fold_diagnostic,89,XTZUSDT,0.024342301533654152
T0017,F03,fold_diagnostic,96,LTCUSDT,0.025495077864797645
T0017,F04,fold_diagnostic,100,LTCUSDT,0.02477680865060743
T0017,F05,fold_diagnostic,91,EOSUSDT,0.021913745458272845
T0017,F06,fold_diagnostic,92,TRXUSDT,0.022957482695819112
T0017,F07,fold_diagnostic,97,BNBUSDT,0.02227184029516019
T0017,F08,fold_diagnostic,108,TRXUSDT,0.022423708305857142
T0018,F01,fold_diagnostic,69,ATOMUSDT,0.030859655611252253
T0018,F02,fold_diagnostic,89,ONTUSDT,0.029043479553353763
T0018,F03,fold_diagnostic,96,DOGEUSDT,0.07440386066747563
T0018,F04,fold_diagnostic,100,EOSUSDT,0.03279255998578242
T0018,F05,fold_diagnostic,91,AXSUSDT,0.02636971395290951
T0018,F06,fold_diagnostic,92,GMTUSDT,0.026392319962857274
T0018,F07,fold_diagnostic,97,DOGEUSDT,0.03168855226468197
T0018,F08,fold_diagnostic,108,APEUSDT,0.024886252325208864
T0019,F01,fold_diagnostic,69,RVNUSDT,0.0492180685719836
T0019,F02,fold_diagnostic,89,BANDUSDT,0.049202192368559806
T0019,F03,fold_diagnostic,96,DOGEUSDT,0.16973185956229547
T0019,F04,fold_diagnostic,100,SLPUSDT,0.03757868834263711
T0019,F05,fold_diagnostic,91,ROSEUSDT,0.02830721374584287
T0019,F06,fold_diagnostic,92,WAVESUSDT,0.033052508927639924
T0019,F07,fold_diagnostic,97,ACHUSDT,0.044254036249427066
T0019,F08,fold_diagnostic,108,APEUSDT,0.02480895584393033
T0020,F01,fold_diagnostic,69,ZILUSDT,0.06259828628526083
T0020,F02,fold_diagnostic,89,ZILUSDT,0.03924868296659143
T0020,F03,fold_diagnostic,96,DOGEUSDT,0.18530916987849
T0020,F04,fold_diagnostic,100,GALAUSDT,0.051591323815829836
T0020,F05,fold_diagnostic,91,ICPUSDT,0.026318554394704267
T0020,F06,fold_diagnostic,92,WAVESUSDT,0.039644392014734076
T0020,F07,fold_diagnostic,97,ACHUSDT,0.03446360897535406
T0020,F08,fold_diagnostic,108,TRBUSDT,0.051395845336300885
T0021,F01,fold_diagnostic,69,IOSTUSDT,0.024362575880077526
T0021,F02,fold_diagnostic,89,XMRUSDT,0.026520660751531467
T0021,F03,fold_diagnostic,96,BTCUSDT,0.02465858989595601
T0021,F04,fold_diagnostic,100,EOSUSDT,0.02414371014312861
T0021,F05,fold_diagnostic,91,TRXUSDT,0.025957795571093786
T0021,F06,fold_diagnostic,92,UNIUSDT,0.0246041765566845
T0021,F07,fold_diagnostic,97,TRXUSDT,0.025618078839310335
T0021,F08,fold_diagnostic,108,TRXUSDT,0.023706504648653832
T0022,F01,fold_diagnostic,69,RVNUSDT,0.03317629843551017
T0022,F02,fold_diagnostic,89,ONTUSDT,0.03043359720008017
T0022,F03,fold_diagnostic,96,DOGEUSDT,0.044393836361873364
T0022,F04,fold_diagnostic,100,EOSUSDT,0.030313171960060243
T0022,F05,fold_diagnostic,91,SOLUSDT,0.025837385884301338
T0022,F06,fold_diagnostic,92,GMTUSDT,0.02712121136423804
T0022,F07,fold_diagnostic,97,TRXUSDT,0.030092114322461557
T0022,F08,fold_diagnostic,108,LTCUSDT,0.02591181584073102
T0023,F01,fold_diagnostic,69,ZILUSDT,0.05355528404397887
T0023,F02,fold_diagnostic,89,BANDUSDT,0.05282233778646308
T0023,F03,fold_diagnostic,96,DOGEUSDT,0.12679557520570794
T0023,F04,fold_diagnostic,100,GALAUSDT,0.03620567173055622
T0023,F05,fold_diagnostic,91,SLPUSDT,0.029958147043131086
T0023,F06,fold_diagnostic,92,GMTUSDT,0.02971078572893023
T0023,F07,fold_diagnostic,97,DOGEUSDT,0.031405232776536826
T0023,F08,fold_diagnostic,108,TRBUSDT,0.035971477199460186
T0024,F01,fold_diagnostic,69,ZILUSDT,0.08231269079457557
T0024,F02,fold_diagnostic,89,OMGUSDT,0.05548928020388199
T0024,F03,fold_diagnostic,96,DOGEUSDT,0.16375245153908521
T0024,F04,fold_diagnostic,100,LUNAUSDT,0.0612691082903068
T0024,F05,fold_diagnostic,91,SLPUSDT,0.03477422345706993
T0024,F06,fold_diagnostic,92,BTCSTUSDT,0.03638514543237126
T0024,F07,fold_diagnostic,97,FETUSDT,0.03729602134397826
T0024,F08,fold_diagnostic,108,TRBUSDT,0.050777423123686646
T0025,F01,fold_diagnostic,69,XLMUSDT,0.02291732911171987
T0025,F02,fold_diagnostic,89,XTZUSDT,0.02495507936595136
T0025,F03,fold_diagnostic,96,ONTUSDT,0.023243080763389257
T0025,F04,fold_diagnostic,100,LTCUSDT,0.02372361145928063
T0025,F05,fold_diagnostic,91,ICPUSDT,0.023788246686962247
T0025,F06,fold_diagnostic,92,GALAUSDT,0.02196036786485644
T0025,F07,fold_diagnostic,97,DOGEUSDT,0.022637955669428726
T0025,F08,fold_diagnostic,108,LTCUSDT,0.02216492829683621
T0026,F01,fold_diagnostic,69,ALGOUSDT,0.02847843765449821
T0026,F02,fold_diagnostic,89,XTZUSDT,0.03082192727640136
T0026,F03,fold_diagnostic,96,XEMUSDT,0.024597394545754027
T0026,F04,fold_diagnostic,100,ETCUSDT,0.027925576627653673
T0026,F05,fold_diagnostic,91,ICPUSDT,0.02752994933109856
T0026,F06,fold_diagnostic,92,GALAUSDT,0.02587841604382049
T0026,F07,fold_diagnostic,97,SANDUSDT,0.02495534096583474
T0026,F08,fold_diagnostic,108,PEPEUSDT,0.025100344854503985
T0027,F01,fold_diagnostic,69,ATOMUSDT,0.041148183066661445
T0027,F02,fold_diagnostic,89,SXPUSDT,0.04835209847294554
T0027,F03,fold_diagnostic,96,DOGEUSDT,0.100639089578691
T0027,F04,fold_diagnostic,100,SLPUSDT,0.03973597825874113
T0027,F05,fold_diagnostic,91,SLPUSDT,0.028153775699672073
T0027,F06,fold_diagnostic,92,WAVESUSDT,0.03305920566876216
T0027,F07,fold_diagnostic,97,HOOKUSDT,0.03383588259067558
T0027,F08,fold_diagnostic,108,TRBUSDT,0.04476001116025237
T0028,F01,fold_diagnostic,69,BANDUSDT,0.04618570853378858
T0028,F02,fold_diagnostic,89,WAVESUSDT,0.046295783207907434
T0028,F03,fold_diagnostic,96,DOGEUSDT,0.08787581650784526
T0028,F04,fold_diagnostic,100,LUNAUSDT,0.05176168128304806
T0028,F05,fold_diagnostic,91,SLPUSDT,0.03313219351152164
T0028,F06,fold_diagnostic,92,SOLUSDT,0.035263537560906624
T0028,F07,fold_diagnostic,97,IDUSDT,0.03369308138466108
T0028,F08,fold_diagnostic,108,TRBUSDT,0.04483442245116312
T0029,F01,fold_diagnostic,69,IOSTUSDT,0.025471116550346503
T0029,F02,fold_diagnostic,89,THETAUSDT,0.02602740952050218
T0029,F03,fold_diagnostic,96,EOSUSDT,0.02564504796746635
T0029,F04,fold_diagnostic,100,SLPUSDT,0.02506648658046117
T0029,F05,fold_diagnostic,91,AVAXUSDT,0.02209081929351854
T0029,F06,fold_diagnostic,92,DOTUSDT,0.02272609612088175
T0029,F07,fold_diagnostic,97,LTCUSDT,0.021288750625045837
T0029,F08,fold_diagnostic,108,PEPEUSDT,0.024482582877838038
T0030,F01,fold_diagnostic,69,HOTUSDT,0.03200630911672484
T0030,F02,fold_diagnostic,89,XTZUSDT,0.03161332622164164
T0030,F03,fold_diagnostic,96,DOGEUSDT,0.037520576061359605
T0030,F04,fold_diagnostic,100,ICPUSDT,0.03661531055687428
T0030,F05,fold_diagnostic,91,LUNAUSDT,0.028774715514903623
T0030,F06,fold_diagnostic,92,WAVESUSDT,0.024759848881850184
T0030,F07,fold_diagnostic,97,ACHUSDT,0.02947319970547353
T0030,F08,fold_diagnostic,108,PEPEUSDT,0.030848764458624875
T0031,F01,fold_diagnostic,69,ATOMUSDT,0.044186647019170286
T0031,F02,fold_diagnostic,89,SXPUSDT,0.04170548950416783
T0031,F03,fold_diagnostic,96,DOGEUSDT,0.07213071537583796
T0031,F04,fold_diagnostic,100,SLPUSDT,0.03993352844344701
T0031,F05,fold_diagnostic,91,SLPUSDT,0.030989805170890252
T0031,F06,fold_diagnostic,92,WAVESUSDT,0.03328750658303712
T0031,F07,fold_diagnostic,97,ACHUSDT,0.0377815864107866
T0031,F08,fold_diagnostic,108,APEUSDT,0.028149934550907214
T0032,F01,fold_diagnostic,69,HBARUSDT,0.07141348569611519
T0032,F02,fold_diagnostic,89,WAVESUSDT,0.03887297195568839
T0032,F03,fold_diagnostic,96,DOGEUSDT,0.11258092236622068
T0032,F04,fold_diagnostic,100,LUNAUSDT,0.045751288001048614
T0032,F05,fold_diagnostic,91,SLPUSDT,0.03508332999340661
T0032,F06,fold_diagnostic,92,WAVESUSDT,0.039129073370733146
T0032,F07,fold_diagnostic,97,APTUSDT,0.03247457370010129
T0032,F08,fold_diagnostic,108,TRBUSDT,0.04484818166044076
T0033,F01,fold_diagnostic,69,ATOMUSDT,0.025884696846134692
T0033,F02,fold_diagnostic,89,ALGOUSDT,0.02463267636113724
T0033,F03,fold_diagnostic,96,ONTUSDT,0.023931536282231294
T0033,F04,fold_diagnostic,100,ICPUSDT,0.025145997554991754
T0033,F05,fold_diagnostic,91,GALAUSDT,0.024138899158710925
T0033,F06,fold_diagnostic,92,ATOMUSDT,0.021986171375111645
T0033,F07,fold_diagnostic,97,FETUSDT,0.024538269160864924
T0033,F08,fold_diagnostic,108,LTCUSDT,0.022353614406783597
T0034,F01,fold_diagnostic,69,ALGOUSDT,0.0270957698949345
T0034,F02,fold_diagnostic,89,SXPUSDT,0.03239984017563683
T0034,F03,fold_diagnostic,96,HOTUSDT,0.025521322107680128
T0034,F04,fold_diagnostic,100,ICPUSDT,0.029987578549513005
T0034,F05,fold_diagnostic,91,ICPUSDT,0.025343383880361912
T0034,F06,fold_diagnostic,92,JASMYUSDT,0.02604973018981147
T0034,F07,fold_diagnostic,97,MATICUSDT,0.028979731654777255
T0034,F08,fold_diagnostic,108,LTCUSDT,0.02846265423667203
T0035,F01,fold_diagnostic,69,HOTUSDT,0.04318800940215802
T0035,F02,fold_diagnostic,89,SXPUSDT,0.05338107932600797
T0035,F03,fold_diagnostic,96,DOGEUSDT,0.07883643930038194
T0035,F04,fold_diagnostic,100,SLPUSDT,0.03989943394348611
T0035,F05,fold_diagnostic,91,LUNAUSDT,0.03950862403802878
T0035,F06,fold_diagnostic,92,WAVESUSDT,0.03712007333254937
T0035,F07,fold_diagnostic,97,ACHUSDT,0.03504331026760992
T0035,F08,fold_diagnostic,108,LTCUSDT,0.03560145188650665
T0036,F01,fold_diagnostic,69,HBARUSDT,0.07211985348583376
T0036,F02,fold_diagnostic,89,THETAUSDT,0.04916062032536081
T0036,F03,fold_diagnostic,96,DOGEUSDT,0.12064600133631553
T0036,F04,fold_diagnostic,100,LUNAUSDT,0.056887562838423195
T0036,F05,fold_diagnostic,91,LUNAUSDT,0.03493167901293169
T0036,F06,fold_diagnostic,92,WAVESUSDT,0.04079192896961699
T0036,F07,fold_diagnostic,97,OCEANUSDT,0.03905099559767384
T0036,F08,fold_diagnostic,108,TRBUSDT,0.060917520530643345
T0037,F01,fold_diagnostic,69,ONTUSDT,0.029001847803332006
T0037,F02,fold_diagnostic,89,ETCUSDT,0.029498661190537158
T0037,F03,fold_diagnostic,96,ONTUSDT,0.03341991092043996
T0037,F04,fold_diagnostic,100,ICPUSDT,0.029828518335107915
T0037,F05,fold_diagnostic,91,VETUSDT,0.02595095221521915
T0037,F06,fold_diagnostic,92,JASMYUSDT,0.024304481489126194
T0037,F07,fold_diagnostic,97,OPUSDT,0.030870519195219742
T0037,F08,fold_diagnostic,108,FETUSDT,0.024057923155579797
T0038,F01,fold_diagnostic,69,ONTUSDT,0.032939689977424164
T0038,F02,fold_diagnostic,89,ALGOUSDT,0.035557128541553164
T0038,F03,fold_diagnostic,96,ONTUSDT,0.038529353265933444
T0038,F04,fold_diagnostic,100,ICPUSDT,0.03806094634184463
T0038,F05,fold_diagnostic,91,VETUSDT,0.027635249618284147
T0038,F06,fold_diagnostic,92,WAVESUSDT,0.02796003437908859
T0038,F07,fold_diagnostic,97,ATOMUSDT,0.0355686188727553
T0038,F08,fold_diagnostic,108,LTCUSDT,0.02804183143706111
T0039,F01,fold_diagnostic,69,RVNUSDT,0.031213197341031847
T0039,F02,fold_diagnostic,89,COMPUSDT,0.04487850400883451
T0039,F03,fold_diagnostic,96,DOGEUSDT,0.05929928698169719
T0039,F04,fold_diagnostic,100,ICPUSDT,0.03868676931329851
T0039,F05,fold_diagnostic,91,SLPUSDT,0.029717827812813586
T0039,F06,fold_diagnostic,92,JASMYUSDT,0.0354355127267439
T0039,F07,fold_diagnostic,97,HOOKUSDT,0.04211893885529306
T0039,F08,fold_diagnostic,108,APEUSDT,0.030038609588866505
T0040,F01,fold_diagnostic,69,HOTUSDT,0.0493947347974274
T0040,F02,fold_diagnostic,89,BANDUSDT,0.057345323940287234
T0040,F03,fold_diagnostic,96,DOGEUSDT,0.11688306709609939
T0040,F04,fold_diagnostic,100,GALAUSDT,0.039042732258520035
T0040,F05,fold_diagnostic,91,WAVESUSDT,0.029968372172672075
T0040,F06,fold_diagnostic,92,GALAUSDT,0.038596881175797196
T0040,F07,fold_diagnostic,97,VGXUSDT,0.049723581268101086
T0040,F08,fold_diagnostic,108,TRBUSDT,0.03517497490309187
T0041,F01,fold_diagnostic,69,ALGOUSDT,0.030978260031455974
T0041,F02,fold_diagnostic,89,COMPUSDT,0.030739932590483285
T0041,F03,fold_diagnostic,96,SXPUSDT,0.035070940880527875
T0041,F04,fold_diagnostic,100,EOSUSDT,0.030813761524416488
T0041,F05,fold_diagnostic,91,VETUSDT,0.031193022278430908
T0041,F06,fold_diagnostic,92,JASMYUSDT,0.026782712178747798
T0041,F07,fold_diagnostic,97,ATOMUSDT,0.03188664556515031
T0041,F08,fold_diagnostic,108,FETUSDT,0.02863151224224606
T0042,F01,fold_diagnostic,69,ALGOUSDT,0.05199469465451863
T0042,F02,fold_diagnostic,89,IOSTUSDT,0.0331059044382366
T0042,F03,fold_diagnostic,96,DOGEUSDT,0.063528159016416
T0042,F04,fold_diagnostic,100,EOSUSDT,0.03263990888102296
T0042,F05,fold_diagnostic,91,ALGOUSDT,0.028626127912826187
T0042,F06,fold_diagnostic,92,WAVESUSDT,0.028717806016506055
T0042,F07,fold_diagnostic,97,ATOMUSDT,0.0386112429867916
T0042,F08,fold_diagnostic,108,SUIUSDT,0.03094172532431277
T0043,F01,fold_diagnostic,69,TOMOUSDT,0.05797229728347933
T0043,F02,fold_diagnostic,89,COMPUSDT,0.03958913387669688
T0043,F03,fold_diagnostic,96,DOGEUSDT,0.09579196262030182
T0043,F04,fold_diagnostic,100,EOSUSDT,0.038215448949253154
T0043,F05,fold_diagnostic,91,ALGOUSDT,0.029639022050836714
T0043,F06,fold_diagnostic,92,SOLUSDT,0.033984898896782204
T0043,F07,fold_diagnostic,97,ACHUSDT,0.03758235138978499
T0043,F08,fold_diagnostic,108,DYDXUSDT,0.03500277603495425
T0044,F01,fold_diagnostic,69,HOTUSDT,0.04832616699865615
T0044,F02,fold_diagnostic,89,BANDUSDT,0.05655229976653666
T0044,F03,fold_diagnostic,96,DOGEUSDT,0.20870681504352126
T0044,F04,fold_diagnostic,100,SHIBUSDT,0.04977750311015336
T0044,F05,fold_diagnostic,91,ALGOUSDT,0.03203640971680902
T0044,F06,fold_diagnostic,92,GMTUSDT,0.04071800380225227
T0044,F07,fold_diagnostic,97,FETUSDT,0.04675113700219495
T0044,F08,fold_diagnostic,108,RUNEUSDT,0.04061406582274335
T0045,F01,fold_diagnostic,69,XMRUSDT,0.03244589582247396
T0045,F02,fold_diagnostic,89,COMPUSDT,0.029860645814132187
T0045,F03,fold_diagnostic,96,DOGEUSDT,0.0394474876209846
T0045,F04,fold_diagnostic,100,EOSUSDT,0.027516210954847988
T0045,F05,fold_diagnostic,91,VETUSDT,0.03124113519924931
T0045,F06,fold_diagnostic,92,JASMYUSDT,0.026096626176711914
T0045,F07,fold_diagnostic,97,DYDXUSDT,0.03239158806841577
T0045,F08,fold_diagnostic,108,FETUSDT,0.027439078943978387
T0046,F01,fold_diagnostic,69,ALGOUSDT,0.04933791851415273
T0046,F02,fold_diagnostic,89,ALGOUSDT,0.03635929522849573
T0046,F03,fold_diagnostic,96,DOGEUSDT,0.0744160130297782
T0046,F04,fold_diagnostic,100,SHIBUSDT,0.030594864622888893
T0046,F05,fold_diagnostic,91,ROSEUSDT,0.029727604814057014
T0046,F06,fold_diagnostic,92,SOLUSDT,0.030369894573547596
T0046,F07,fold_diagnostic,97,ACHUSDT,0.0407868650489873
T0046,F08,fold_diagnostic,108,SUIUSDT,0.029589187424832682
T0047,F01,fold_diagnostic,69,TOMOUSDT,0.06497925560729387
T0047,F02,fold_diagnostic,89,SUSHIUSDT,0.03991105157564795
T0047,F03,fold_diagnostic,96,DOGEUSDT,0.10277584597594229
T0047,F04,fold_diagnostic,100,EOSUSDT,0.03961492663786784
T0047,F05,fold_diagnostic,91,ALGOUSDT,0.03240541042820743
T0047,F06,fold_diagnostic,92,SOLUSDT,0.038839163693357735
T0047,F07,fold_diagnostic,97,ACHUSDT,0.04191737053558824
T0047,F08,fold_diagnostic,108,DYDXUSDT,0.03400251120210118
T0048,F01,fold_diagnostic,69,ENJUSDT,0.05317771795416826
T0048,F02,fold_diagnostic,89,WAVESUSDT,0.05193792739465607
T0048,F03,fold_diagnostic,96,DOGEUSDT,0.20832273363166567
T0048,F04,fold_diagnostic,100,SHIBUSDT,0.04757093573867147
T0048,F05,fold_diagnostic,91,ALGOUSDT,0.03550798734340809
T0048,F06,fold_diagnostic,92,BTCSTUSDT,0.03834375006318826
T0048,F07,fold_diagnostic,97,ACHUSDT,0.04584826721463211
T0048,F08,fold_diagnostic,108,TRBUSDT,0.04262287126768046
T0049,F01,fold_diagnostic,69,EOSUSDT,0.023045892398010775
T0049,F02,fold_diagnostic,89,ALGOUSDT,0.0229404620111533
T0049,F03,fold_diagnostic,96,LTCUSDT,0.023882786157022218
T0049,F04,fold_diagnostic,100,CHZUSDT,0.02318683833888424
T0049,F05,fold_diagnostic,91,VETUSDT,0.022709581758055528
T0049,F06,fold_diagnostic,92,WAVESUSDT,0.023059801569290255
T0049,F07,fold_diagnostic,97,OPUSDT,0.02274746056909381
T0049,F08,fold_diagnostic,108,APEUSDT,0.021674582794489534
T0050,F01,fold_diagnostic,69,RVNUSDT,0.02589416786225609
T0050,F02,fold_diagnostic,89,ETCUSDT,0.026555347419091633
T0050,F03,fold_diagnostic,96,HOTUSDT,0.025088512413368607
T0050,F04,fold_diagnostic,100,THETAUSDT,0.025956231207949217
T0050,F05,fold_diagnostic,91,ICPUSDT,0.024351955600434783
T0050,F06,fold_diagnostic,92,WAVESUSDT,0.027143825517873976
T0050,F07,fold_diagnostic,97,OPUSDT,0.024930657756616362
T0050,F08,fold_diagnostic,108,PEPEUSDT,0.02833559214208934
T0051,F01,fold_diagnostic,69,HOTUSDT,0.03717746820086659
T0051,F02,fold_diagnostic,89,SXPUSDT,0.04545824411786904
T0051,F03,fold_diagnostic,96,DOGEUSDT,0.0924234735785222
T0051,F04,fold_diagnostic,100,SLPUSDT,0.04373798250960655
T0051,F05,fold_diagnostic,91,LUNAUSDT,0.04285915700726841
T0051,F06,fold_diagnostic,92,JASMYUSDT,0.03335098670747983
T0051,F07,fold_diagnostic,97,SHIBUSDT,0.030613768625694624
T0051,F08,fold_diagnostic,108,LTCUSDT,0.029833229101295343
T0052,F01,fold_diagnostic,69,HBARUSDT,0.09719551362710427
T0052,F02,fold_diagnostic,89,THETAUSDT,0.048205080878258096
T0052,F03,fold_diagnostic,96,DOGEUSDT,0.10148952114712935
T0052,F04,fold_diagnostic,100,LUNAUSDT,0.05409943522280505
T0052,F05,fold_diagnostic,91,LUNAUSDT,0.03650612508650455
T0052,F06,fold_diagnostic,92,WAVESUSDT,0.03766268572609397
T0052,F07,fold_diagnostic,97,HOOKUSDT,0.02918340906116998
T0052,F08,fold_diagnostic,108,TRBUSDT,0.04406139518092584
T0053,F01,fold_diagnostic,69,ALGOUSDT,0.02434202468835746
T0053,F02,fold_diagnostic,89,BCHUSDT,0.024635718424976825
T0053,F03,fold_diagnostic,96,ONTUSDT,0.023600625744621732
T0053,F04,fold_diagnostic,100,FILUSDT,0.02237596867845243
T0053,F05,fold_diagnostic,91,ICPUSDT,0.023582235053093717
T0053,F06,fold_diagnostic,92,WAVESUSDT,0.023865684498527752
T0053,F07,fold_diagnostic,97,LTCUSDT,0.021700009641528545
T0053,F08,fold_diagnostic,108,PEPEUSDT,0.023135546813644128
T0054,F01,fold_diagnostic,69,ETCUSDT,0.02758112799401554
T0054,F02,fold_diagnostic,89,XTZUSDT,0.028184548379564554
T0054,F03,fold_diagnostic,96,HOTUSDT,0.03178189794436333
T0054,F04,fold_diagnostic,100,SLPUSDT,0.03244546182376465
T0054,F05,fold_diagnostic,91,SLPUSDT,0.026199814859348906
T0054,F06,fold_diagnostic,92,WAVESUSDT,0.027872023486497508
T0054,F07,fold_diagnostic,97,ATOMUSDT,0.024157355423877914
T0054,F08,fold_diagnostic,108,LTCUSDT,0.025980250065281593
T0055,F01,fold_diagnostic,69,HBARUSDT,0.048478565334567764
T0055,F02,fold_diagnostic,89,SXPUSDT,0.05200951730782496
T0055,F03,fold_diagnostic,96,DOGEUSDT,0.0693058609781157
T0055,F04,fold_diagnostic,100,SLPUSDT,0.04654723025947269
T0055,F05,fold_diagnostic,91,LUNAUSDT,0.040430797270868075
T0055,F06,fold_diagnostic,92,SOLUSDT,0.030722990527245142
T0055,F07,fold_diagnostic,97,HOOKUSDT,0.029877967405305222
T0055,F08,fold_diagnostic,108,LTCUSDT,0.03114463272097885
T0056,F01,fold_diagnostic,69,HBARUSDT,0.07203182814940985
T0056,F02,fold_diagnostic,89,THETAUSDT,0.05207770423981155
T0056,F03,fold_diagnostic,96,DOGEUSDT,0.07449326728312079
T0056,F04,fold_diagnostic,100,LUNAUSDT,0.05702322045346965
T0056,F05,fold_diagnostic,91,LUNAUSDT,0.036041310245286076
T0056,F06,fold_diagnostic,92,WAVESUSDT,0.04154084944096614
T0056,F07,fold_diagnostic,97,INJUSDT,0.03449714522389312
T0056,F08,fold_diagnostic,108,TRBUSDT,0.07111207840498664
T0057,F01,fold_diagnostic,69,WAVESUSDT,0.02417959067059327
T0057,F02,fold_diagnostic,89,XTZUSDT,0.02318138041053443
T0057,F03,fold_diagnostic,96,SXPUSDT,0.022745155846356904
T0057,F04,fold_diagnostic,100,ETCUSDT,0.022930066230247983
T0057,F05,fold_diagnostic,91,EOSUSDT,0.022943339331644597
T0057,F06,fold_diagnostic,92,SOLUSDT,0.02195117818887514
T0057,F07,fold_diagnostic,97,DOGEUSDT,0.022283500252801448
T0057,F08,fold_diagnostic,108,LTCUSDT,0.022956202129488838
T0058,F01,fold_diagnostic,69,ALGOUSDT,0.028513853493064473
T0058,F02,fold_diagnostic,89,XTZUSDT,0.027246980883357176
T0058,F03,fold_diagnostic,96,ZECUSDT,0.03185130619507229
T0058,F04,fold_diagnostic,100,ICPUSDT,0.032325145124612174
T0058,F05,fold_diagnostic,91,ROSEUSDT,0.027813750346212987
T0058,F06,fold_diagnostic,92,SOLUSDT,0.028204499582363384
T0058,F07,fold_diagnostic,97,HOOKUSDT,0.025095204385430725
T0058,F08,fold_diagnostic,108,LTCUSDT,0.025616173861688116
T0059,F01,fold_diagnostic,69,ATOMUSDT,0.04982325777650642
T0059,F02,fold_diagnostic,89,SXPUSDT,0.03806984223305341
T0059,F03,fold_diagnostic,96,DOGEUSDT,0.09117983036349335
T0059,F04,fold_diagnostic,100,SLPUSDT,0.04711941239465634
T0059,F05,fold_diagnostic,91,SLPUSDT,0.03450066261316108
T0059,F06,fold_diagnostic,92,GMTUSDT,0.03094195375491295
T0059,F07,fold_diagnostic,97,VGXUSDT,0.03373113755577226
T0059,F08,fold_diagnostic,108,TRBUSDT,0.040761697354732444
T0060,F01,fold_diagnostic,69,HBARUSDT,0.07762312010481941
T0060,F02,fold_diagnostic,89,BANDUSDT,0.04301777426472989
T0060,F03,fold_diagnostic,96,DOGEUSDT,0.11970647536432608
T0060,F04,fold_diagnostic,100,LUNAUSDT,0.0645828256747144
T0060,F05,fold_diagnostic,91,LUNAUSDT,0.03431399851405943
T0060,F06,fold_diagnostic,92,GMTUSDT,0.04007040251339062
T0060,F07,fold_diagnostic,97,INJUSDT,0.034112667723420725
T0060,F08,fold_diagnostic,108,TRBUSDT,0.04535797141579811
T0061,F01,fold_diagnostic,69,KAVAUSDT,0.03322038118308182
T0061,F02,fold_diagnostic,89,KAVAUSDT,0.03457044111817001
T0061,F03,fold_diagnostic,96,TRXUSDT,0.04604751973832329
T0061,F04,fold_diagnostic,100,ETHUSDT,0.026702789039927784
T0061,F05,fold_diagnostic,91,LUNAUSDT,0.047539950649525244
T0061,F06,fold_diagnostic,92,GMTUSDT,0.02669443923604652
T0061,F07,fold_diagnostic,97,BNBUSDT,0.02491776969795851
T0061,F08,fold_diagnostic,108,TRXUSDT,0.028575154692791933
T0062,F01,fold_diagnostic,69,FETUSDT,0.03642125696199205
T0062,F02,fold_diagnostic,89,SOLUSDT,0.04232746630629665
T0062,F03,fold_diagnostic,96,MATICUSDT,0.042545831973776246
T0062,F04,fold_diagnostic,100,FILUSDT,0.03956902604576157
T0062,F05,fold_diagnostic,91,LUNAUSDT,0.043003595022740385
T0062,F06,fold_diagnostic,92,SANDUSDT,0.03246323282282888
T0062,F07,fold_diagnostic,97,OPUSDT,0.029149148832357637
T0062,F08,fold_diagnostic,108,TRBUSDT,0.02725375455808319
T0063,F01,fold_diagnostic,69,BANDUSDT,0.047855527231585634
T0063,F02,fold_diagnostic,89,ZILUSDT,0.07169781484647561
T0063,F03,fold_diagnostic,96,CRVUSDT,0.042228353050821385
T0063,F04,fold_diagnostic,100,AVAXUSDT,0.04652535842934589
T0063,F05,fold_diagnostic,91,LUNAUSDT,0.06475992207195191
T0063,F06,fold_diagnostic,92,GMTUSDT,0.04268786924797021
T0063,F07,fold_diagnostic,97,INJUSDT,0.04920463788462179
T0063,F08,fold_diagnostic,108,TRBUSDT,0.04351350981578089
T0064,F01,fold_diagnostic,69,HBARUSDT,0.053403260473327954
T0064,F02,fold_diagnostic,89,ZILUSDT,0.05025336328465629
T0064,F03,fold_diagnostic,96,CRVUSDT,0.05051470054631348
T0064,F04,fold_diagnostic,100,LUNAUSDT,0.056684150952384174
T0064,F05,fold_diagnostic,91,WAVESUSDT,0.033574181290048175
T0064,F06,fold_diagnostic,92,GMTUSDT,0.035105598276650406
T0064,F07,fold_diagnostic,97,OCEANUSDT,0.04913493702117491
T0064,F08,fold_diagnostic,108,TRBUSDT,0.07484768137451582
T0065,F01,fold_diagnostic,69,KAVAUSDT,0.04676333070961916
T0065,F02,fold_diagnostic,89,ANKRUSDT,0.0393202907829707
T0065,F03,fold_diagnostic,96,SXPUSDT,0.05805290444392723
T0065,F04,fold_diagnostic,100,TRXUSDT,0.04359330471102856
T0065,F05,fold_diagnostic,91,SANDUSDT,0.027304512964695327
T0065,F06,fold_diagnostic,92,GMTUSDT,0.030221230384277275
T0065,F07,fold_diagnostic,97,FILUSDT,0.030614701346839447
T0065,F08,fold_diagnostic,108,TRXUSDT,0.0445685642423522
T0066,F01,fold_diagnostic,69,ERDUSDT,0.049417382577257835
T0066,F02,fold_diagnostic,89,ZILUSDT,0.048192098984045036
T0066,F03,fold_diagnostic,96,MATICUSDT,0.06439936961447096
T0066,F04,fold_diagnostic,100,TRXUSDT,0.04977574021826014
T0066,F05,fold_diagnostic,91,LUNAUSDT,0.05478932230801077
T0066,F06,fold_diagnostic,92,GMTUSDT,0.04003537757829265
T0066,F07,fold_diagnostic,97,BNBUSDT,0.034525078851877535
T0066,F08,fold_diagnostic,108,TRBUSDT,0.050450996833124415
T0067,F01,fold_diagnostic,69,HBARUSDT,0.0679736027084988
T0067,F02,fold_diagnostic,89,ZILUSDT,0.05934451162902376
T0067,F03,fold_diagnostic,96,SOLUSDT,0.038941103716802344
T0067,F04,fold_diagnostic,100,MANAUSDT,0.054423712150029016
T0067,F05,fold_diagnostic,91,LUNAUSDT,0.060914290396747374
T0067,F06,fold_diagnostic,92,FILUSDT,0.037833937712319805
T0067,F07,fold_diagnostic,97,MAGICUSDT,0.04284570792614227
T0067,F08,fold_diagnostic,108,FETUSDT,0.04554394257041495
T0068,F01,fold_diagnostic,69,HBARUSDT,0.08498653107442358
T0068,F02,fold_diagnostic,89,ZILUSDT,0.04581125871039033
T0068,F03,fold_diagnostic,96,VETUSDT,0.043098559964001526
T0068,F04,fold_diagnostic,100,LUNAUSDT,0.06636060728735287
T0068,F05,fold_diagnostic,91,LUNAUSDT,0.03643753605208313
T0068,F06,fold_diagnostic,92,GMTUSDT,0.04250410110186544
T0068,F07,fold_diagnostic,97,HFTUSDT,0.041629001844588356
T0068,F08,fold_diagnostic,108,INJUSDT,0.04288320996856432
T0069,F01,fold_diagnostic,69,KAVAUSDT,0.06320137921785227
T0069,F02,fold_diagnostic,89,SRMUSDT,0.04636200430569099
T0069,F03,fold_diagnostic,95,VETUSDT,0.03722143410134569
T0069,F04,fold_diagnostic,100,TRXUSDT,0.04388453459888284
T0069,F05,fold_diagnostic,91,TRXUSDT,0.03967610841926279
T0069,F06,fold_diagnostic,92,ETCUSDT,0.04443327465554263
T0069,F07,fold_diagnostic,97,AVAXUSDT,0.03572708393197929
T0069,F08,fold_diagnostic,108,TRXUSDT,0.04496925781301182
T0070,F01,fold_diagnostic,69,QTUMUSDT,0.05438904859077711
T0070,F02,fold_diagnostic,89,BANDUSDT,0.05122490087097051
T0070,F03,fold_diagnostic,95,MATICUSDT,0.0646327585831248
T0070,F04,fold_diagnostic,100,TRXUSDT,0.04534224820846759
T0070,F05,fold_diagnostic,91,LUNAUSDT,0.12964773142883337
T0070,F06,fold_diagnostic,92,GMTUSDT,0.04508770257284022
T0070,F07,fold_diagnostic,97,TOMOUSDT,0.030563253511134373
T0070,F08,fold_diagnostic,108,LEVERUSDT,0.04257508951480541
T0071,F01,fold_diagnostic,69,HBARUSDT,0.061224720759705455
T0071,F02,fold_diagnostic,89,XRPUSDT,0.05329857931852266
T0071,F03,fold_diagnostic,95,SUSHIUSDT,0.04177131327630184
T0071,F04,fold_diagnostic,100,SANDUSDT,0.050289674850332214
T0071,F05,fold_diagnostic,91,LUNAUSDT,0.07787039705226571
T0071,F06,fold_diagnostic,92,WAVESUSDT,0.04328960716663921
T0071,F07,fold_diagnostic,97,MASKUSDT,0.04626939806348314
T0071,F08,fold_diagnostic,108,FETUSDT,0.037245171149994614
T0072,F01,fold_diagnostic,69,BANDUSDT,0.05659247048831796
T0072,F02,fold_diagnostic,89,SXPUSDT,0.051067700477614025
T0072,F03,fold_diagnostic,95,MATICUSDT,0.056091776355108446
T0072,F04,fold_diagnostic,100,SANDUSDT,0.0492838113523735
T0072,F05,fold_diagnostic,91,FTMUSDT,0.04058184312594455
T0072,F06,fold_diagnostic,92,GMTUSDT,0.06600717579524776
T0072,F07,fold_diagnostic,97,SANDUSDT,0.03919404361969592
T0072,F08,fold_diagnostic,108,LOOMUSDT,0.04556358116378588
T0073,F01,fold_diagnostic,69,IOTAUSDT,0.02684409274743029
T0073,F02,fold_diagnostic,89,XMRUSDT,0.027742672087997453
T0073,F03,fold_diagnostic,96,XLMUSDT,0.029862484130483355
T0073,F04,fold_diagnostic,100,LTCUSDT,0.03347064311399007
T0073,F05,fold_diagnostic,91,ADAUSDT,0.03175074727538033
T0073,F06,fold_diagnostic,92,FILUSDT,0.038109757430137704
T0073,F07,fold_diagnostic,97,NEARUSDT,0.028887273725415597
T0073,F08,fold_diagnostic,108,AVAXUSDT,0.02835611416532818
T0074,F01,fold_diagnostic,69,ALGOUSDT,0.03776060089938981
T0074,F02,fold_diagnostic,89,XMRUSDT,0.04255416419538957
T0074,F03,fold_diagnostic,96,DOGEUSDT,0.10624763903198332
T0074,F04,fold_diagnostic,100,GALAUSDT,0.04084289295570432
T0074,F05,fold_diagnostic,91,ICPUSDT,0.028876689896411265
T0074,F06,fold_diagnostic,92,SANTOSUSDT,0.03748491281048864
T0074,F07,fold_diagnostic,97,SHIBUSDT,0.04495066784581337
T0074,F08,fold_diagnostic,108,APEUSDT,0.034102670980814806
T0075,F01,fold_diagnostic,69,HBARUSDT,0.05015471975700827
T0075,F02,fold_diagnostic,89,YFIUSDT,0.05906183453753811
T0075,F03,fold_diagnostic,96,DOGEUSDT,0.16002420496991035
T0075,F04,fold_diagnostic,100,GALAUSDT,0.055343288980123646
T0075,F05,fold_diagnostic,91,LUNAUSDT,0.07334939834990394
T0075,F06,fold_diagnostic,92,BTCSTUSDT,0.05828693110071045
T0075,F07,fold_diagnostic,97,VGXUSDT,0.041329036857862406
T0075,F08,fold_diagnostic,108,SOLUSDT,0.03622632312040587
T0076,F01,fold_diagnostic,69,HBARUSDT,0.0899530088023396
T0076,F02,fold_diagnostic,89,BANDUSDT,0.04693284863804607
T0076,F03,fold_diagnostic,96,DOGEUSDT,0.19071603007302965
T0076,F04,fold_diagnostic,100,SHIBUSDT,0.07849172913688998
T0076,F05,fold_diagnostic,91,SLPUSDT,0.048456015810231554
T0076,F06,fold_diagnostic,92,BTCSTUSDT,0.060670083412976125
T0076,F07,fold_diagnostic,97,MASKUSDT,0.043927913893031745
T0076,F08,fold_diagnostic,108,SOLUSDT,0.04676091450880988
T0077,F01,fold_diagnostic,69,ETCUSDT,0.02546184865619284
T0077,F02,fold_diagnostic,89,XTZUSDT,0.024061860027182663
T0077,F03,fold_diagnostic,96,ONTUSDT,0.025410744333144983
T0077,F04,fold_diagnostic,100,ICPUSDT,0.023428280605583357
T0077,F05,fold_diagnostic,91,LUNAUSDT,0.024276889437395338
T0077,F06,fold_diagnostic,92,GALAUSDT,0.023355570583572894
T0077,F07,fold_diagnostic,97,MASKUSDT,0.022112292538339913
T0077,F08,fold_diagnostic,108,SUIUSDT,0.022441730331310465
T0078,F01,fold_diagnostic,69,ATOMUSDT,0.02980574195058854
T0078,F02,fold_diagnostic,89,XTZUSDT,0.03055877287145235
T0078,F03,fold_diagnostic,96,DOGEUSDT,0.0329310900119256
T0078,F04,fold_diagnostic,100,SLPUSDT,0.034458046405967294
T0078,F05,fold_diagnostic,91,LUNAUSDT,0.03318706262406542
T0078,F06,fold_diagnostic,92,JASMYUSDT,0.026146199552674693
T0078,F07,fold_diagnostic,97,HOOKUSDT,0.024411716974307607
T0078,F08,fold_diagnostic,108,LTCUSDT,0.026717242102884585
T0079,F01,fold_diagnostic,69,HOTUSDT,0.04756426341656584
T0079,F02,fold_diagnostic,89,SXPUSDT,0.04480476065177635
T0079,F03,fold_diagnostic,96,DOGEUSDT,0.11639393722950891
T0079,F04,fold_diagnostic,100,SLPUSDT,0.0539466687206166
T0079,F05,fold_diagnostic,91,LUNAUSDT,0.042379655345476115
T0079,F06,fold_diagnostic,92,SOLUSDT,0.03175624432297975
T0079,F07,fold_diagnostic,97,APEUSDT,0.03456484676525236
T0079,F08,fold_diagnostic,108,LTCUSDT,0.02795774948045032
T0080,F01,fold_diagnostic,69,HBARUSDT,0.08285520864701572
T0080,F02,fold_diagnostic,89,THETAUSDT,0.048898939436367125
T0080,F03,fold_diagnostic,96,DOGEUSDT,0.0722794672359978
T0080,F04,fold_diagnostic,100,SLPUSDT,0.05488346553060133
T0080,F05,fold_diagnostic,91,LUNAUSDT,0.038296598871286384
T0080,F06,fold_diagnostic,92,WAVESUSDT,0.03577043369483392
T0080,F07,fold_diagnostic,97,FETUSDT,0.037394403065400456
T0080,F08,fold_diagnostic,108,TRBUSDT,0.0636312807467219
T0081,F01,fold_diagnostic,69,ALGOUSDT,0.02930123645472413
T0081,F02,fold_diagnostic,89,KAVAUSDT,0.02792878349101875
T0081,F03,fold_diagnostic,96,HOTUSDT,0.028760343140463617
T0081,F04,fold_diagnostic,100,FILUSDT,0.028818720733735374
T0081,F05,fold_diagnostic,91,ROSEUSDT,0.028477985199613177
T0081,F06,fold_diagnostic,92,LINKUSDT,0.023738413805900676
T0081,F07,fold_diagnostic,97,OPUSDT,0.024710561182143976
T0081,F08,fold_diagnostic,108,SUIUSDT,0.024929521927905703
T0082,F01,fold_diagnostic,69,BTTUSDT,0.04347938772087812
T0082,F02,fold_diagnostic,89,KAVAUSDT,0.031016274087868254
T0082,F03,fold_diagnostic,96,HOTUSDT,0.036182427609369246
T0082,F04,fold_diagnostic,100,TRXUSDT,0.035119479009475235
T0082,F05,fold_diagnostic,91,LUNAUSDT,0.0445207797519291
T0082,F06,fold_diagnostic,92,SOLUSDT,0.024894691422610603
T0082,F07,fold_diagnostic,97,VGXUSDT,0.045213532672822764
T0082,F08,fold_diagnostic,108,DOGEUSDT,0.027590310602628166
T0083,F01,fold_diagnostic,69,TOMOUSDT,0.049648942123177324
T0083,F02,fold_diagnostic,89,LENDUSDT,0.04089741681802295
T0083,F03,fold_diagnostic,96,DOGEUSDT,0.11019970765225043
T0083,F04,fold_diagnostic,100,FTMUSDT,0.03933457957425701
T0083,F05,fold_diagnostic,91,LUNAUSDT,0.0375344702911894
T0083,F06,fold_diagnostic,92,NEARUSDT,0.027620040303300786
T0083,F07,fold_diagnostic,97,FILUSDT,0.03134520517505264
T0083,F08,fold_diagnostic,108,WLDUSDT,0.031112200071983256
T0084,F01,fold_diagnostic,69,HBARUSDT,0.0820338606224474
T0084,F02,fold_diagnostic,89,BANDUSDT,0.058906523450470386
T0084,F03,fold_diagnostic,96,DOGEUSDT,0.1169660462845454
T0084,F04,fold_diagnostic,100,GALAUSDT,0.07014357255068253
T0084,F05,fold_diagnostic,91,ROSEUSDT,0.03896364380201941
T0084,F06,fold_diagnostic,92,SANDUSDT,0.028445053455571988
T0084,F07,fold_diagnostic,97,FETUSDT,0.039138826882964314
T0084,F08,fold_diagnostic,108,TRBUSDT,0.047305309529981764
T0085,F01,fold_diagnostic,69,XMRUSDT,0.028370325537261362
T0085,F02,fold_diagnostic,89,IOSTUSDT,0.025939502577444155
T0085,F03,fold_diagnostic,96,SUSHIUSDT,0.03219593318331187
T0085,F04,fold_diagnostic,100,DOGEUSDT,0.02785501122949195
T0085,F05,fold_diagnostic,91,ROSEUSDT,0.02911076294218721
T0085,F06,fold_diagnostic,92,WAVESUSDT,0.025909010996944752
T0085,F07,fold_diagnostic,97,OPUSDT,0.031289448753729465
T0085,F08,fold_diagnostic,108,PEPEUSDT,0.029561184681717707
T0086,F01,fold_diagnostic,69,ARPAUSDT,0.034738270393798634
T0086,F02,fold_diagnostic,89,XTZUSDT,0.03303688945894928
T0086,F03,fold_diagnostic,96,CHZUSDT,0.04086897688523929
T0086,F04,fold_diagnostic,100,ICPUSDT,0.03423161702545947
T0086,F05,fold_diagnostic,91,ICPUSDT,0.033483611117125
T0086,F06,fold_diagnostic,92,LUNAUSDT,0.029234924217057666
T0086,F07,fold_diagnostic,97,OPUSDT,0.03831703242594301
T0086,F08,fold_diagnostic,108,BCHUSDT,0.028705932380575862
T0087,F01,fold_diagnostic,69,ATOMUSDT,0.04687053003681653
T0087,F02,fold_diagnostic,89,WAVESUSDT,0.044240475911215646
T0087,F03,fold_diagnostic,96,DOGEUSDT,0.0859699236000833
T0087,F04,fold_diagnostic,100,ICPUSDT,0.0463533728705918
T0087,F05,fold_diagnostic,91,LUNAUSDT,0.03767456723669951
T0087,F06,fold_diagnostic,92,NEARUSDT,0.03176927275406655
T0087,F07,fold_diagnostic,97,HOOKUSDT,0.0378314590431721
T0087,F08,fold_diagnostic,108,APEUSDT,0.03550087774737089
T0088,F01,fold_diagnostic,69,ZILUSDT,0.07113355674838183
T0088,F02,fold_diagnostic,89,BANDUSDT,0.05112506011374805
T0088,F03,fold_diagnostic,96,DOGEUSDT,0.19594616766684014
T0088,F04,fold_diagnostic,100,GALAUSDT,0.05397233164102613
T0088,F05,fold_diagnostic,91,ONEUSDT,0.040823391682332996
T0088,F06,fold_diagnostic,92,WAVESUSDT,0.04320309891733756
T0088,F07,fold_diagnostic,97,VGXUSDT,0.035459940401269284
T0088,F08,fold_diagnostic,108,TRBUSDT,0.04997323921193653
T0089,F01,fold_diagnostic,69,PAXUSDT,0.023942006833366978
T0089,F02,fold_diagnostic,89,KAVAUSDT,0.02670486218483855
T0089,F03,fold_diagnostic,96,AAVEUSDT,0.027035317757936987
T0089,F04,fold_diagnostic,100,SHIBUSDT,0.023744555500259078
T0089,F05,fold_diagnostic,91,LUNAUSDT,0.028044528250519094
T0089,F06,fold_diagnostic,92,SOLUSDT,0.024195412870293087
T0089,F07,fold_diagnostic,97,GALAUSDT,0.021355245281334985
T0089,F08,fold_diagnostic,108,APEUSDT,0.021273298646704866
T0090,F01,fold_diagnostic,69,PAXUSDT,0.02914533989910426
T0090,F02,fold_diagnostic,89,PAXUSDT,0.034621631098199566
T0090,F03,fold_diagnostic,96,CRVUSDT,0.039044035570858525
T0090,F04,fold_diagnostic,100,ETHUSDT,0.03150884387572477
T0090,F05,fold_diagnostic,91,AXSUSDT,0.025712520636460734
T0090,F06,fold_diagnostic,92,AXSUSDT,0.02733027573523015
T0090,F07,fold_diagnostic,97,MATICUSDT,0.02416171884723475
T0090,F08,fold_diagnostic,108,APEUSDT,0.029402067926812308
T0091,F01,fold_diagnostic,69,HBARUSDT,0.051937945303737
T0091,F02,fold_diagnostic,89,THETAUSDT,0.04512502456968608
T0091,F03,fold_diagnostic,96,DOGEUSDT,0.10556204655030269
T0091,F04,fold_diagnostic,100,LUNAUSDT,0.04164892806006866
T0091,F05,fold_diagnostic,91,LUNAUSDT,0.051935393491686556
T0091,F06,fold_diagnostic,92,SOLUSDT,0.03385131683139143
T0091,F07,fold_diagnostic,97,HOOKUSDT,0.0341074748021817
T0091,F08,fold_diagnostic,108,LTCUSDT,0.03341332313455762
T0092,F01,fold_diagnostic,69,HBARUSDT,0.07755921568449202
T0092,F02,fold_diagnostic,89,THETAUSDT,0.04777846090911568
T0092,F03,fold_diagnostic,96,DOGEUSDT,0.07931170065900547
T0092,F04,fold_diagnostic,100,LUNAUSDT,0.062367213788231
T0092,F05,fold_diagnostic,91,LUNAUSDT,0.034904498269003124
T0092,F06,fold_diagnostic,92,WAVESUSDT,0.03960783066074456
T0092,F07,fold_diagnostic,97,INJUSDT,0.04061167273540733
T0092,F08,fold_diagnostic,108,TRBUSDT,0.06583757929568629
T0093,F01,fold_diagnostic,69,DASHUSDT,0.024273916932465618
T0093,F02,fold_diagnostic,89,XTZUSDT,0.024225967409806086
T0093,F03,fold_diagnostic,96,SXPUSDT,0.025409152604083954
T0093,F04,fold_diagnostic,100,ICPUSDT,0.022379587351350927
T0093,F05,fold_diagnostic,91,AXSUSDT,0.02134897385804144
T0093,F06,fold_diagnostic,92,JASMYUSDT,0.022584772376558235
T0093,F07,fold_diagnostic,97,SOLUSDT,0.021160861276290452
T0093,F08,fold_diagnostic,108,PEPEUSDT,0.023008252802314534
T0094,F01,fold_diagnostic,69,XTZUSDT,0.028213122687767003
T0094,F02,fold_diagnostic,89,SXPUSDT,0.030406366137907717
T0094,F03,fold_diagnostic,96,XEMUSDT,0.03424986606301346
T0094,F04,fold_diagnostic,100,SLPUSDT,0.03183642831341583
T0094,F05,fold_diagnostic,91,LUNAUSDT,0.027825182417107158
T0094,F06,fold_diagnostic,92,GALAUSDT,0.025142558224011288
T0094,F07,fold_diagnostic,97,MATICUSDT,0.02398215990574101
T0094,F08,fold_diagnostic,108,LTCUSDT,0.02761199382167104
T0095,F01,fold_diagnostic,69,HOTUSDT,0.040475400676312445
T0095,F02,fold_diagnostic,89,THETAUSDT,0.035802123942509215
T0095,F03,fold_diagnostic,96,DOGEUSDT,0.0984718011879522
T0095,F04,fold_diagnostic,100,SLPUSDT,0.04787901454972735
T0095,F05,fold_diagnostic,91,LUNAUSDT,0.035466731772750525
T0095,F06,fold_diagnostic,92,GMTUSDT,0.03209604650494266
T0095,F07,fold_diagnostic,97,OGUSDT,0.028209098864450208
T0095,F08,fold_diagnostic,108,APEUSDT,0.030973252287603347
T0096,F01,fold_diagnostic,69,HBARUSDT,0.0923761904380288
T0096,F02,fold_diagnostic,89,THETAUSDT,0.05085085705623338
T0096,F03,fold_diagnostic,96,DOGEUSDT,0.09061532383279994
T0096,F04,fold_diagnostic,100,LUNAUSDT,0.07143975209529002
T0096,F05,fold_diagnostic,91,LUNAUSDT,0.03378287700008122
T0096,F06,fold_diagnostic,92,GALAUSDT,0.037318808521016225
T0096,F07,fold_diagnostic,97,FETUSDT,0.03610959834514783
T0096,F08,fold_diagnostic,108,TRBUSDT,0.046623281678635324
T0097,F01,fold_diagnostic,69,XMRUSDT,0.025877993427891304
T0097,F02,fold_diagnostic,89,ETCUSDT,0.025563283573953148
T0097,F03,fold_diagnostic,96,VETUSDT,0.024886891781471788
T0097,F04,fold_diagnostic,100,ICPUSDT,0.025812459434871208
T0097,F05,fold_diagnostic,91,EOSUSDT,0.024384881967813916
T0097,F06,fold_diagnostic,92,TRXUSDT,0.023592318818068562
T0097,F07,fold_diagnostic,97,BNBUSDT,0.024533688420451432
T0097,F08,fold_diagnostic,108,LTCUSDT,0.023178862319151793
T0098,F01,fold_diagnostic,69,ALGOUSDT,0.029785656594934366
T0098,F02,fold_diagnostic,89,ONTUSDT,0.028017165063132652
T0098,F03,fold_diagnostic,96,HOTUSDT,0.027127890005812262
T0098,F04,fold_diagnostic,100,SLPUSDT,0.03501593158100862
T0098,F05,fold_diagnostic,91,LUNAUSDT,0.028390680423662534
T0098,F06,fold_diagnostic,92,JASMYUSDT,0.027391692665655443
T0098,F07,fold_diagnostic,97,BNBUSDT,0.02408411175549235
T0098,F08,fold_diagnostic,108,LTCUSDT,0.027021288406167195
T0099,F01,fold_diagnostic,69,RVNUSDT,0.03814202384185049
T0099,F02,fold_diagnostic,89,SXPUSDT,0.0480656022120977
T0099,F03,fold_diagnostic,96,DOGEUSDT,0.0731287127339698
T0099,F04,fold_diagnostic,100,SLPUSDT,0.04073693479713511
T0099,F05,fold_diagnostic,91,SLPUSDT,0.02429014359797484
T0099,F06,fold_diagnostic,92,JASMYUSDT,0.028345032314637673
T0099,F07,fold_diagnostic,97,MAGICUSDT,0.031033221262527916
T0099,F08,fold_diagnostic,108,TRBUSDT,0.04505583107323835
T0100,F01,fold_diagnostic,69,HBARUSDT,0.09142445656997673
T0100,F02,fold_diagnostic,89,THETAUSDT,0.05002011579583875
T0100,F03,fold_diagnostic,96,DOGEUSDT,0.11140556586329028
T0100,F04,fold_diagnostic,100,SLPUSDT,0.05016772353755454
T0100,F05,fold_diagnostic,91,LUNAUSDT,0.03584078176450701
T0100,F06,fold_diagnostic,92,GALAUSDT,0.03417221592161106
T0100,F07,fold_diagnostic,97,FETUSDT,0.03693226172677514
T0100,F08,fold_diagnostic,108,TRBUSDT,0.0440142345624464
T0101,F01,fold_diagnostic,69,ATOMUSDT,0.023116300405378133
T0101,F02,fold_diagnostic,89,KAVAUSDT,0.02302590253533886
T0101,F03,fold_diagnostic,96,AAVEUSDT,0.023690060927885618
T0101,F04,fold_diagnostic,100,DOGEUSDT,0.022763271316316648
T0101,F05,fold_diagnostic,91,ADAUSDT,0.023750093267703932
T0101,F06,fold_diagnostic,92,WAVESUSDT,0.02220182416846732
T0101,F07,fold_diagnostic,97,ATOMUSDT,0.022499242409205488
T0101,F08,fold_diagnostic,108,BNBUSDT,0.02170337545436434
T0102,F01,fold_diagnostic,69,KAVAUSDT,0.03552822122818245
T0102,F02,fold_diagnostic,89,KAVAUSDT,0.028049462043172897
T0102,F03,fold_diagnostic,96,DOGEUSDT,0.0440349152389143
T0102,F04,fold_diagnostic,100,DOGEUSDT,0.03297239926503184
T0102,F05,fold_diagnostic,91,SLPUSDT,0.0295480048072822
T0102,F06,fold_diagnostic,92,APEUSDT,0.02384741332425512
T0102,F07,fold_diagnostic,97,MATICUSDT,0.02769239695058618
T0102,F08,fold_diagnostic,108,LTCUSDT,0.024674244450296923
T0103,F01,fold_diagnostic,69,OGNUSDT,0.05018519569530365
T0103,F02,fold_diagnostic,89,OMGUSDT,0.03484743874159687
T0103,F03,fold_diagnostic,96,DOGEUSDT,0.09614742136769774
T0103,F04,fold_diagnostic,100,SLPUSDT,0.04489464742935153
T0103,F05,fold_diagnostic,91,SLPUSDT,0.031474047858774695
T0103,F06,fold_diagnostic,92,ADAUSDT,0.028517787688760485
T0103,F07,fold_diagnostic,97,VGXUSDT,0.04118688619454457
T0103,F08,fold_diagnostic,108,TRBUSDT,0.05095164933165078
T0104,F01,fold_diagnostic,69,ZILUSDT,0.05802806766206694
T0104,F02,fold_diagnostic,89,SXPUSDT,0.0333414741767442
T0104,F03,fold_diagnostic,96,DOGEUSDT,0.12301617177640523
T0104,F04,fold_diagnostic,100,SLPUSDT,0.05624953942556246
T0104,F05,fold_diagnostic,91,SLPUSDT,0.03361995360836394
T0104,F06,fold_diagnostic,92,JASMYUSDT,0.027841049502384998
T0104,F07,fold_diagnostic,97,VGXUSDT,0.04071229151140871
T0104,F08,fold_diagnostic,108,SOLUSDT,0.05638693514556789
T0105,F01,fold_diagnostic,69,XRPUSDT,0.022094387322235204
T0105,F02,fold_diagnostic,89,ETCUSDT,0.024885385284626325
T0105,F03,fold_diagnostic,96,THETAUSDT,0.02327907540812114
T0105,F04,fold_diagnostic,100,ICPUSDT,0.02484507416206059
T0105,F05,fold_diagnostic,91,VETUSDT,0.022523238436947444
T0105,F06,fold_diagnostic,92,WAVESUSDT,0.02343755341366806
T0105,F07,fold_diagnostic,97,OPUSDT,0.022043167982595237
T0105,F08,fold_diagnostic,108,LTCUSDT,0.020944369990653664
T0106,F01,fold_diagnostic,69,ETCUSDT,0.028287464172084564
T0106,F02,fold_diagnostic,89,ETCUSDT,0.0299551684055809
T0106,F03,fold_diagnostic,96,DOGEUSDT,0.0554095909443537
T0106,F04,fold_diagnostic,100,SLPUSDT,0.0344851562539332
T0106,F05,fold_diagnostic,91,ICPUSDT,0.028833145017339173
T0106,F06,fold_diagnostic,92,WAVESUSDT,0.02891582620781424
T0106,F07,fold_diagnostic,97,DOGEUSDT,0.027169031008858247
T0106,F08,fold_diagnostic,108,LTCUSDT,0.025122484554609834
T0107,F01,fold_diagnostic,69,ATOMUSDT,0.034673467832978346
T0107,F02,fold_diagnostic,89,ERDUSDT,0.038314351616131
T0107,F03,fold_diagnostic,96,DOGEUSDT,0.08979998314926807
T0107,F04,fold_diagnostic,100,SLPUSDT,0.04663146310268831
T0107,F05,fold_diagnostic,91,LUNAUSDT,0.03185393944846621
T0107,F06,fold_diagnostic,92,GALAUSDT,0.03165030370659568
T0107,F07,fold_diagnostic,97,CFXUSDT,0.02870492167971286
T0107,F08,fold_diagnostic,108,TRBUSDT,0.038228410289351
T0108,F01,fold_diagnostic,69,HBARUSDT,0.07032806083484662
T0108,F02,fold_diagnostic,89,BANDUSDT,0.050285736423560816
T0108,F03,fold_diagnostic,96,DOGEUSDT,0.10102066155127823
T0108,F04,fold_diagnostic,100,LUNAUSDT,0.052719308340854656
T0108,F05,fold_diagnostic,91,SLPUSDT,0.029774817917570078
T0108,F06,fold_diagnostic,92,SOLUSDT,0.03361864382676781
T0108,F07,fold_diagnostic,97,HOOKUSDT,0.03215079378821294
T0108,F08,fold_diagnostic,108,TRBUSDT,0.04905579331718112
T0109,F01,fold_diagnostic,69,RVNUSDT,0.03733338941498152
T0109,F02,fold_diagnostic,89,ALGOUSDT,0.034081079359387596
T0109,F03,fold_diagnostic,96,DOGEUSDT,0.041059272532929146
T0109,F04,fold_diagnostic,100,EOSUSDT,0.03261411164089667
T0109,F05,fold_diagnostic,91,PEOPLEUSDT,0.027534284232306618
T0109,F06,fold_diagnostic,92,GMTUSDT,0.027601909366053036
T0109,F07,fold_diagnostic,97,DOGEUSDT,0.029614640416670203
T0109,F08,fold_diagnostic,108,LTCUSDT,0.0291713238242005
T0110,F01,fold_diagnostic,69,BANDUSDT,0.0507423203899763
T0110,F02,fold_diagnostic,89,OGNUSDT,0.03488194198602159
T0110,F03,fold_diagnostic,96,DOGEUSDT,0.10229983597557214
T0110,F04,fold_diagnostic,100,GALAUSDT,0.038186334033231906
T0110,F05,fold_diagnostic,91,ONEUSDT,0.026075546569510492
T0110,F06,fold_diagnostic,92,GMTUSDT,0.02874392766850502
T0110,F07,fold_diagnostic,97,ACHUSDT,0.031753741680246354
T0110,F08,fold_diagnostic,108,TRBUSDT,0.028785422101221446
T0111,F01,fold_diagnostic,69,ZILUSDT,0.05983271337080076
T0111,F02,fold_diagnostic,89,OMGUSDT,0.04533963824263271
T0111,F03,fold_diagnostic,96,DOGEUSDT,0.1438896404766537
T0111,F04,fold_diagnostic,100,LUNAUSDT,0.04579358259537274
T0111,F05,fold_diagnostic,91,ONEUSDT,0.03313341525633171
T0111,F06,fold_diagnostic,92,GMTUSDT,0.032395894082618344
T0111,F07,fold_diagnostic,97,ACHUSDT,0.03358628333238709
T0111,F08,fold_diagnostic,108,TRBUSDT,0.049755163716562814
T0112,F01,fold_diagnostic,69,ATOMUSDT,0.03805083498192372
T0112,F02,fold_diagnostic,89,XMRUSDT,0.038007206444815464
T0112,F03,fold_diagnostic,96,DOGEUSDT,0.07155448033979032
T0112,F04,fold_diagnostic,100,EOSUSDT,0.045343311830446625
T0112,F05,fold_diagnostic,91,MANAUSDT,0.02775896384927087
T0112,F06,fold_diagnostic,92,TRXUSDT,0.02671480589515805
T0112,F07,fold_diagnostic,97,DOTUSDT,0.03513530802270057
T0112,F08,fold_diagnostic,108,TRBUSDT,0.027902912678048532
T0113,F01,fold_diagnostic,69,ZILUSDT,0.05699168312785592
T0113,F02,fold_diagnostic,89,BANDUSDT,0.052854572310179225
T0113,F03,fold_diagnostic,96,DOGEUSDT,0.12974646603528497
T0113,F04,fold_diagnostic,100,GALAUSDT,0.04058424621610615
T0113,F05,fold_diagnostic,91,AXSUSDT,0.030933026231816447
T0113,F06,fold_diagnostic,92,DOTUSDT,0.02842306249941361
T0113,F07,fold_diagnostic,97,DOGEUSDT,0.03443264639037849
T0113,F08,fold_diagnostic,108,TRBUSDT,0.047241903984964535
T0114,F01,fold_diagnostic,69,ZILUSDT,0.07595949448526289
T0114,F02,fold_diagnostic,89,BANDUSDT,0.08546433764921618
T0114,F03,fold_diagnostic,96,DOGEUSDT,0.13854040231096743
T0114,F04,fold_diagnostic,100,LUNAUSDT,0.04416365795453813
T0114,F05,fold_diagnostic,91,AVAXUSDT,0.03222346662396781
T0114,F06,fold_diagnostic,92,GALAUSDT,0.026834261079770452
T0114,F07,fold_diagnostic,97,INJUSDT,0.05393823609229482
T0114,F08,fold_diagnostic,108,TRBUSDT,0.07659364109164996
T0115,F01,fold_diagnostic,69,ATOMUSDT,0.03403527248472375
T0115,F02,fold_diagnostic,88,KAVAUSDT,0.0403260500879943
T0115,F03,fold_diagnostic,95,DOGEUSDT,0.07617513443954867
T0115,F04,fold_diagnostic,100,AXSUSDT,0.03136495487427236
T0115,F05,fold_diagnostic,90,DOTUSDT,0.03015040124842007
T0115,F06,fold_diagnostic,92,UNIUSDT,0.03433124280413298
T0115,F07,fold_diagnostic,97,TRXUSDT,0.035086664097720266
T0115,F08,fold_diagnostic,107,TRXUSDT,0.03356770353155628
T0116,F01,fold_diagnostic,69,ERDUSDT,0.0835632692072117
T0116,F02,fold_diagnostic,88,WAVESUSDT,0.055905850198928846
T0116,F03,fold_diagnostic,95,DOGEUSDT,0.0965635245401417
T0116,F04,fold_diagnostic,100,ETCUSDT,0.032520678672021235
T0116,F05,fold_diagnostic,90,PEOPLEUSDT,0.03539719462928153
T0116,F06,fold_diagnostic,92,GMTUSDT,0.041158625370939395
T0116,F07,fold_diagnostic,97,HIGHUSDT,0.036039468412913514
T0116,F08,fold_diagnostic,107,TRBUSDT,0.05504725258735123
T0117,F01,fold_diagnostic,69,ZILUSDT,0.07512733478135664
T0117,F02,fold_diagnostic,88,BANDUSDT,0.06014604586481064
T0117,F03,fold_diagnostic,95,DOGEUSDT,0.11358152920895112
T0117,F04,fold_diagnostic,100,GALAUSDT,0.05881276659694716
T0117,F05,fold_diagnostic,89,WAVESUSDT,0.03321448958342568
T0117,F06,fold_diagnostic,92,SOLUSDT,0.03714344220806378
T0117,F07,fold_diagnostic,97,FETUSDT,0.05498252379923891
T0117,F08,fold_diagnostic,107,SOLUSDT,0.049262369157454626
T0118,F01,fold_diagnostic,69,RVNUSDT,0.03733338941498152
T0118,F02,fold_diagnostic,89,ALGOUSDT,0.034081079359387596
T0118,F03,fold_diagnostic,96,DOGEUSDT,0.041059272532929146
T0118,F04,fold_diagnostic,100,EOSUSDT,0.03261411164089667
T0118,F05,fold_diagnostic,91,PEOPLEUSDT,0.027534284232306618
T0118,F06,fold_diagnostic,92,GMTUSDT,0.027601909366053036
T0118,F07,fold_diagnostic,97,DOGEUSDT,0.029614640416670203
T0118,F08,fold_diagnostic,108,LTCUSDT,0.0291713238242005
T0119,F01,fold_diagnostic,69,BANDUSDT,0.0507423203899763
T0119,F02,fold_diagnostic,89,OGNUSDT,0.03488194198602159
T0119,F03,fold_diagnostic,96,DOGEUSDT,0.10229983597557214
T0119,F04,fold_diagnostic,100,GALAUSDT,0.038186334033231906
T0119,F05,fold_diagnostic,91,ONEUSDT,0.026075546569510492
T0119,F06,fold_diagnostic,92,GMTUSDT,0.02874392766850502
T0119,F07,fold_diagnostic,97,ACHUSDT,0.031753741680246354
T0119,F08,fold_diagnostic,108,TRBUSDT,0.028785422101221446
T0120,F01,fold_diagnostic,69,ZILUSDT,0.05983271337080076
T0120,F02,fold_diagnostic,89,OMGUSDT,0.04533963824263271
T0120,F03,fold_diagnostic,96,DOGEUSDT,0.1438896404766537
T0120,F04,fold_diagnostic,100,LUNAUSDT,0.04579358259537274
T0120,F05,fold_diagnostic,91,ONEUSDT,0.03313341525633171
T0120,F06,fold_diagnostic,92,GMTUSDT,0.032395894082618344
T0120,F07,fold_diagnostic,97,ACHUSDT,0.03358628333238709
T0120,F08,fold_diagnostic,108,TRBUSDT,0.049755163716562814
T0121,F01,fold_diagnostic,69,ATOMUSDT,0.03805083498192372
T0121,F02,fold_diagnostic,89,XMRUSDT,0.038007206444815464
T0121,F03,fold_diagnostic,96,DOGEUSDT,0.07155448033979032
T0121,F04,fold_diagnostic,100,EOSUSDT,0.045343311830446625
T0121,F05,fold_diagnostic,91,MANAUSDT,0.02775896384927087
T0121,F06,fold_diagnostic,92,TRXUSDT,0.02671480589515805
T0121,F07,fold_diagnostic,97,DOTUSDT,0.03513530802270057
T0121,F08,fold_diagnostic,108,TRBUSDT,0.027902912678048532
T0122,F01,fold_diagnostic,69,ZILUSDT,0.05699168312785592
T0122,F02,fold_diagnostic,89,BANDUSDT,0.052854572310179225
T0122,F03,fold_diagnostic,96,DOGEUSDT,0.12974646603528497
T0122,F04,fold_diagnostic,100,GALAUSDT,0.04058424621610615
T0122,F05,fold_diagnostic,91,AXSUSDT,0.030933026231816447
T0122,F06,fold_diagnostic,92,DOTUSDT,0.02842306249941361
T0122,F07,fold_diagnostic,97,DOGEUSDT,0.03443264639037849
T0122,F08,fold_diagnostic,108,TRBUSDT,0.047241903984964535
T0123,F01,fold_diagnostic,69,ZILUSDT,0.07595949448526289
T0123,F02,fold_diagnostic,89,BANDUSDT,0.08546433764921618
T0123,F03,fold_diagnostic,96,DOGEUSDT,0.13854040231096743
T0123,F04,fold_diagnostic,100,LUNAUSDT,0.04416365795453813
T0123,F05,fold_diagnostic,91,AVAXUSDT,0.03222346662396781
T0123,F06,fold_diagnostic,92,GALAUSDT,0.026834261079770452
T0123,F07,fold_diagnostic,97,INJUSDT,0.05393823609229482
T0123,F08,fold_diagnostic,108,TRBUSDT,0.07659364109164996
T0124,F01,fold_diagnostic,69,ATOMUSDT,0.03403527248472375
T0124,F02,fold_diagnostic,88,KAVAUSDT,0.0403260500879943
T0124,F03,fold_diagnostic,95,DOGEUSDT,0.07617513443954867
T0124,F04,fold_diagnostic,100,AXSUSDT,0.03136495487427236
T0124,F05,fold_diagnostic,90,DOTUSDT,0.03015040124842007
T0124,F06,fold_diagnostic,92,UNIUSDT,0.03433124280413298
T0124,F07,fold_diagnostic,97,TRXUSDT,0.035086664097720266
T0124,F08,fold_diagnostic,107,TRXUSDT,0.03356770353155628
T0125,F01,fold_diagnostic,69,ERDUSDT,0.0835632692072117
T0125,F02,fold_diagnostic,88,WAVESUSDT,0.055905850198928846
T0125,F03,fold_diagnostic,95,DOGEUSDT,0.0965635245401417
T0125,F04,fold_diagnostic,100,ETCUSDT,0.032520678672021235
T0125,F05,fold_diagnostic,90,PEOPLEUSDT,0.03539719462928153
T0125,F06,fold_diagnostic,92,GMTUSDT,0.041158625370939395
T0125,F07,fold_diagnostic,97,HIGHUSDT,0.036039468412913514
T0125,F08,fold_diagnostic,107,TRBUSDT,0.05504725258735123
T0126,F01,fold_diagnostic,69,ZILUSDT,0.07512733478135664
T0126,F02,fold_diagnostic,88,BANDUSDT,0.06014604586481064
T0126,F03,fold_diagnostic,95,DOGEUSDT,0.11358152920895112
T0126,F04,fold_diagnostic,100,GALAUSDT,0.05881276659694716
T0126,F05,fold_diagnostic,89,WAVESUSDT,0.03321448958342568
T0126,F06,fold_diagnostic,92,SOLUSDT,0.03714344220806378
T0126,F07,fold_diagnostic,97,FETUSDT,0.05498252379923891
T0126,F08,fold_diagnostic,107,SOLUSDT,0.049262369157454626
T0127,F01,fold_diagnostic,69,TOMOUSDT,0.03179866857762226
T0127,F02,fold_diagnostic,89,BCHUSDT,0.032684600811038585
T0127,F03,fold_diagnostic,96,DOGEUSDT,0.07012335248018509
T0127,F04,fold_diagnostic,100,EOSUSDT,0.0336502220970039
T0127,F05,fold_diagnostic,91,NEARUSDT,0.028142268648307246
T0127,F06,fold_diagnostic,92,JASMYUSDT,0.031174935120345457
T0127,F07,fold_diagnostic,97,ATOMUSDT,0.029498822022943953
T0127,F08,fold_diagnostic,108,LTCUSDT,0.02726816959112658
T0128,F01,fold_diagnostic,69,TOMOUSDT,0.047576596420349615
T0128,F02,fold_diagnostic,89,COMPUSDT,0.03530539826430964
T0128,F03,fold_diagnostic,96,DOGEUSDT,0.09499802653135445
T0128,F04,fold_diagnostic,100,LUNAUSDT,0.03518555290752005
T0128,F05,fold_diagnostic,91,ROSEUSDT,0.029417633008967513
T0128,F06,fold_diagnostic,92,JASMYUSDT,0.032947614965090945
T0128,F07,fold_diagnostic,97,ACHUSDT,0.030446718548182632
T0128,F08,fold_diagnostic,108,TRBUSDT,0.033829996061126036
T0129,F01,fold_diagnostic,69,HBARUSDT,0.09630423535845922
T0129,F02,fold_diagnostic,89,OMGUSDT,0.035238052409431175
T0129,F03,fold_diagnostic,96,DOGEUSDT,0.12308388929023069
T0129,F04,fold_diagnostic,100,GALAUSDT,0.04873765812633915
T0129,F05,fold_diagnostic,91,ROSEUSDT,0.027078147330606282
T0129,F06,fold_diagnostic,92,GMTUSDT,0.03669179402127679
T0129,F07,fold_diagnostic,97,ACHUSDT,0.043541930096974164
T0129,F08,fold_diagnostic,108,SOLUSDT,0.04504754406204016
T0130,F01,fold_diagnostic,69,ENJUSDT,0.04534712172603601
T0130,F02,fold_diagnostic,89,ALGOUSDT,0.0401535993291048
T0130,F03,fold_diagnostic,96,DOGEUSDT,0.05884062804338149
T0130,F04,fold_diagnostic,100,EOSUSDT,0.03588606877909653
T0130,F05,fold_diagnostic,91,SLPUSDT,0.028212755031248316
T0130,F06,fold_diagnostic,92,WAVESUSDT,0.03041444199158469
T0130,F07,fold_diagnostic,97,ACHUSDT,0.04171733439388973
T0130,F08,fold_diagnostic,108,DYDXUSDT,0.028049185820579393
T0131,F01,fold_diagnostic,69,TOMOUSDT,0.058781817188004834
T0131,F02,fold_diagnostic,89,OGNUSDT,0.03480000109720548
T0131,F03,fold_diagnostic,96,DOGEUSDT,0.09695075659648576
T0131,F04,fold_diagnostic,100,SANDUSDT,0.04127235494912321
T0131,F05,fold_diagnostic,91,ICPUSDT,0.032521551759243934
T0131,F06,fold_diagnostic,92,AVAXUSDT,0.032623966890865726
T0131,F07,fold_diagnostic,97,OGUSDT,0.036402486931942334
T0131,F08,fold_diagnostic,108,TRBUSDT,0.0752675886656642
T0132,F01,fold_diagnostic,69,ZILUSDT,0.07445091839871548
T0132,F02,fold_diagnostic,89,SUSHIUSDT,0.03792595891547796
T0132,F03,fold_diagnostic,96,DOGEUSDT,0.13835858145303068
T0132,F04,fold_diagnostic,100,LUNAUSDT,0.042820860665371774
T0132,F05,fold_diagnostic,91,SLPUSDT,0.04036086530797003
T0132,F06,fold_diagnostic,92,SOLUSDT,0.034356467043174396
T0132,F07,fold_diagnostic,97,OGUSDT,0.04446859564545312
T0132,F08,fold_diagnostic,108,TRBUSDT,0.06549128095839266
T0133,F01,fold_diagnostic,69,ENJUSDT,0.03575256502425646
T0133,F02,fold_diagnostic,89,XTZUSDT,0.033283320888603696
T0133,F03,fold_diagnostic,96,SXPUSDT,0.043420921733707346
T0133,F04,fold_diagnostic,100,ICPUSDT,0.034808478334252796
T0133,F05,fold_diagnostic,91,ROSEUSDT,0.03175003459043853
T0133,F06,fold_diagnostic,92,JASMYUSDT,0.032406818255111554
T0133,F07,fold_diagnostic,97,OPUSDT,0.03049323110803684
T0133,F08,fold_diagnostic,108,AVAXUSDT,0.02564887047141059
T0134,F01,fold_diagnostic,69,OGNUSDT,0.04292781131489267
T0134,F02,fold_diagnostic,89,MATICUSDT,0.03456743263121436
T0134,F03,fold_diagnostic,96,DOGEUSDT,0.10053598383805878
T0134,F04,fold_diagnostic,100,ICPUSDT,0.03809611203654067
T0134,F05,fold_diagnostic,91,ROSEUSDT,0.029626590065317926
T0134,F06,fold_diagnostic,92,SOLUSDT,0.03236045695681987
T0134,F07,fold_diagnostic,97,ACHUSDT,0.037600472256731986
T0134,F08,fold_diagnostic,108,UNFIUSDT,0.032692159599022726
T0135,F01,fold_diagnostic,69,BANDUSDT,0.06220831344318045
T0135,F02,fold_diagnostic,89,SUSHIUSDT,0.03243834048873544
T0135,F03,fold_diagnostic,96,DOGEUSDT,0.1146490320214983
T0135,F04,fold_diagnostic,100,SANDUSDT,0.04218620268538982
T0135,F05,fold_diagnostic,91,ONEUSDT,0.02927907895478363
T0135,F06,fold_diagnostic,92,GALAUSDT,0.03492050430609407
T0135,F07,fold_diagnostic,97,VGXUSDT,0.04173994561657578
T0135,F08,fold_diagnostic,108,SOLUSDT,0.04423821995192023
T0136,F01,fold_diagnostic,69,ALGOUSDT,0.04900802754547613
T0136,F02,fold_diagnostic,89,ZECUSDT,0.03637289702588819
T0136,F03,fold_diagnostic,96,DOGEUSDT,0.05706544820150722
T0136,F04,fold_diagnostic,100,THETAUSDT,0.03376496024741164
T0136,F05,fold_diagnostic,91,SANDUSDT,0.037637617294747114
T0136,F06,fold_diagnostic,92,WAVESUSDT,0.03317813643627455
T0136,F07,fold_diagnostic,97,ATOMUSDT,0.037127331228301426
T0136,F08,fold_diagnostic,108,TRBUSDT,0.04974520534433258
T0137,F01,fold_diagnostic,69,TOMOUSDT,0.06256899429670064
T0137,F02,fold_diagnostic,89,QTUMUSDT,0.03799711948167179
T0137,F03,fold_diagnostic,96,DOGEUSDT,0.0905009660031729
T0137,F04,fold_diagnostic,100,SHIBUSDT,0.045736772426819394
T0137,F05,fold_diagnostic,91,ALGOUSDT,0.03492909195553761
T0137,F06,fold_diagnostic,92,FTMUSDT,0.0342991010193349
T0137,F07,fold_diagnostic,97,MASKUSDT,0.03934212803946636
T0137,F08,fold_diagnostic,108,APEUSDT,0.040249407876502566
T0138,F01,fold_diagnostic,69,HBARUSDT,0.10249636367163366
T0138,F02,fold_diagnostic,89,WAVESUSDT,0.03965476854754471
T0138,F03,fold_diagnostic,96,DOGEUSDT,0.15370688227768473
T0138,F04,fold_diagnostic,100,GALAUSDT,0.05656472529256272
T0138,F05,fold_diagnostic,91,ICPUSDT,0.03907359266482919
T0138,F06,fold_diagnostic,92,WAVESUSDT,0.031565901142307444
T0138,F07,fold_diagnostic,97,ACHUSDT,0.041561332433202834
T0138,F08,fold_diagnostic,108,TRBUSDT,0.051991898331915795
T0139,F01,fold_diagnostic,69,ENJUSDT,0.06318755545575849
T0139,F02,fold_diagnostic,89,XTZUSDT,0.04439267424108245
T0139,F03,fold_diagnostic,96,DOGEUSDT,0.08074280133849898
T0139,F04,fold_diagnostic,100,GALAUSDT,0.034161428226790455
T0139,F05,fold_diagnostic,91,DARUSDT,0.03812469392334326
T0139,F06,fold_diagnostic,92,WAVESUSDT,0.039940989492401734
T0139,F07,fold_diagnostic,97,CFXUSDT,0.040551504396741905
T0139,F08,fold_diagnostic,108,TRBUSDT,0.06435134856976392
T0140,F01,fold_diagnostic,69,RVNUSDT,0.05381289478569942
T0140,F02,fold_diagnostic,89,XTZUSDT,0.04263170366827921
T0140,F03,fold_diagnostic,96,DOGEUSDT,0.08966685143650216
T0140,F04,fold_diagnostic,100,SHIBUSDT,0.04371779636306293
T0140,F05,fold_diagnostic,91,AVAXUSDT,0.04268464483889591
T0140,F06,fold_diagnostic,92,LTCUSDT,0.03566687239225504
T0140,F07,fold_diagnostic,97,VGXUSDT,0.04597279628261626
T0140,F08,fold_diagnostic,108,TRBUSDT,0.05240780190408645
T0141,F01,fold_diagnostic,69,ZILUSDT,0.060523487539264564
T0141,F02,fold_diagnostic,89,BANDUSDT,0.062188433649996336
T0141,F03,fold_diagnostic,96,DOGEUSDT,0.17473987907021651
T0141,F04,fold_diagnostic,100,GALAUSDT,0.044643018720746844
T0141,F05,fold_diagnostic,91,WAVESUSDT,0.05456831897755758
T0141,F06,fold_diagnostic,92,ANCUSDT,0.03441285755716032
T0141,F07,fold_diagnostic,97,CFXUSDT,0.046770226267381594
T0141,F08,fold_diagnostic,108,TRBUSDT,0.05556894941676685
T0142,F01,fold_diagnostic,69,ALGOUSDT,0.05834331758108844
T0142,F02,fold_diagnostic,89,XTZUSDT,0.04593543975084326
T0142,F03,fold_diagnostic,95,DOGEUSDT,0.08170424915300463
T0142,F04,fold_diagnostic,100,GALAUSDT,0.03546778280038093
T0142,F05,fold_diagnostic,91,SANDUSDT,0.04296582124366872
T0142,F06,fold_diagnostic,92,WAVESUSDT,0.040965297135656255
T0142,F07,fold_diagnostic,97,CFXUSDT,0.04280336043349246
T0142,F08,fold_diagnostic,108,TRBUSDT,0.06475862273498387
T0143,F01,fold_diagnostic,69,RVNUSDT,0.05655178597622771
T0143,F02,fold_diagnostic,89,XTZUSDT,0.04379103090400346
T0143,F03,fold_diagnostic,95,DOGEUSDT,0.08908589201460168
T0143,F04,fold_diagnostic,100,SHIBUSDT,0.04866127877424966
T0143,F05,fold_diagnostic,91,LOKAUSDT,0.04539346769565904
T0143,F06,fold_diagnostic,92,FTMUSDT,0.03696586551744997
T0143,F07,fold_diagnostic,97,CTXCUSDT,0.04555010223910465
T0143,F08,fold_diagnostic,108,TRBUSDT,0.061630697375584347
T0144,F01,fold_diagnostic,69,LINKUSDT,0.05634216874220658
T0144,F02,fold_diagnostic,89,BANDUSDT,0.0722499625186901
T0144,F03,fold_diagnostic,95,DOGEUSDT,0.18033444037543897
T0144,F04,fold_diagnostic,100,GALAUSDT,0.041430815604550655
T0144,F05,fold_diagnostic,91,WAVESUSDT,0.050958777345052234
T0144,F06,fold_diagnostic,92,ETCUSDT,0.035278024614120954
T0144,F07,fold_diagnostic,97,LINAUSDT,0.040233392339360304
T0144,F08,fold_diagnostic,108,TRBUSDT,0.04568077196187769
T0145,F01,fold_diagnostic,69,TOMOUSDT,0.02772048264855181
T0145,F02,fold_diagnostic,89,ALGOUSDT,0.033229094190446555
T0145,F03,fold_diagnostic,96,AVAXUSDT,0.03263088399298882
T0145,F04,fold_diagnostic,100,ICPUSDT,0.03313992076390096
T0145,F05,fold_diagnostic,91,VETUSDT,0.027582688148914663
T0145,F06,fold_diagnostic,92,GMTUSDT,0.028937977371186824
T0145,F07,fold_diagnostic,97,OPUSDT,0.02659744984753997
T0145,F08,fold_diagnostic,108,GALAUSDT,0.028353987458789965
T0146,F01,fold_diagnostic,69,ONTUSDT,0.03344557082388066
T0146,F02,fold_diagnostic,89,SXPUSDT,0.04895986815046464
T0146,F03,fold_diagnostic,96,DOGEUSDT,0.08340846072009649
T0146,F04,fold_diagnostic,100,SLPUSDT,0.05310854829390405
T0146,F05,fold_diagnostic,91,ROSEUSDT,0.029676452690980924
T0146,F06,fold_diagnostic,92,WAVESUSDT,0.03755809748442248
T0146,F07,fold_diagnostic,97,GALAUSDT,0.031346689068675763
T0146,F08,fold_diagnostic,108,APEUSDT,0.033565154396548946
T0147,F01,fold_diagnostic,69,HBARUSDT,0.0718421900779319
T0147,F02,fold_diagnostic,89,BANDUSDT,0.047035535823139484
T0147,F03,fold_diagnostic,96,DOGEUSDT,0.11314138556176337
T0147,F04,fold_diagnostic,100,LUNAUSDT,0.06034806996808884
T0147,F05,fold_diagnostic,91,SLPUSDT,0.04225500112958625
T0147,F06,fold_diagnostic,92,WAVESUSDT,0.03806352175004723
T0147,F07,fold_diagnostic,97,VGXUSDT,0.033464781671317105
T0147,F08,fold_diagnostic,108,TRBUSDT,0.05381451529135536
T0148,F01,fold_diagnostic,69,XRPUSDT,0.02942347612122171
T0148,F02,fold_diagnostic,89,ALGOUSDT,0.029840108458721558
T0148,F03,fold_diagnostic,96,DOGEUSDT,0.07875891645822175
T0148,F04,fold_diagnostic,100,ICPUSDT,0.03084225637828381
T0148,F05,fold_diagnostic,91,ICPUSDT,0.027086383692258926
T0148,F06,fold_diagnostic,92,AXSUSDT,0.028395801812085487
T0148,F07,fold_diagnostic,97,ACHUSDT,0.029438772898331307
T0148,F08,fold_diagnostic,108,SUIUSDT,0.02536458298608839
T0149,F01,fold_diagnostic,69,ADAUSDT,0.03966758188348081
T0149,F02,fold_diagnostic,89,LENDUSDT,0.04054935701918932
T0149,F03,fold_diagnostic,96,DOGEUSDT,0.11315088713276186
T0149,F04,fold_diagnostic,100,SLPUSDT,0.0503788217407194
T0149,F05,fold_diagnostic,91,LUNAUSDT,0.03306566443810602
T0149,F06,fold_diagnostic,92,JASMYUSDT,0.03311283897369588
T0149,F07,fold_diagnostic,97,ACHUSDT,0.0362929998995174
T0149,F08,fold_diagnostic,108,TRBUSDT,0.038434333480047156
T0150,F01,fold_diagnostic,69,HBARUSDT,0.0655353167321217
T0150,F02,fold_diagnostic,89,WAVESUSDT,0.04373206946094544
T0150,F03,fold_diagnostic,96,DOGEUSDT,0.11315738011692753
T0150,F04,fold_diagnostic,100,LUNAUSDT,0.05048862575161783
T0150,F05,fold_diagnostic,91,SLPUSDT,0.025817634431200054
T0150,F06,fold_diagnostic,92,GMTUSDT,0.03806623035473107
T0150,F07,fold_diagnostic,97,FETUSDT,0.03065583693996428
T0150,F08,fold_diagnostic,108,TRBUSDT,0.05403412663949368
T0151,F01,fold_diagnostic,69,QTUMUSDT,0.03504214348695157
T0151,F02,fold_diagnostic,89,NEOUSDT,0.032985078152030875
T0151,F03,fold_diagnostic,96,DOGEUSDT,0.06501563402141894
T0151,F04,fold_diagnostic,100,ETCUSDT,0.03416299852260899
T0151,F05,fold_diagnostic,91,ICPUSDT,0.02913256921051558
T0151,F06,fold_diagnostic,92,GMTUSDT,0.031904624746280766
T0151,F07,fold_diagnostic,97,DOGEUSDT,0.03396417235535226
T0151,F08,fold_diagnostic,108,ADAUSDT,0.024776013240393396
T0152,F01,fold_diagnostic,69,ALGOUSDT,0.04300336344081105
T0152,F02,fold_diagnostic,89,XTZUSDT,0.038153817229486284
T0152,F03,fold_diagnostic,96,DOGEUSDT,0.09650820231766767
T0152,F04,fold_diagnostic,100,SANDUSDT,0.03991654300159297
T0152,F05,fold_diagnostic,91,ICPUSDT,0.02400273045162316
T0152,F06,fold_diagnostic,92,GMTUSDT,0.0389325643313611
T0152,F07,fold_diagnostic,97,ACHUSDT,0.03175341305851539
T0152,F08,fold_diagnostic,108,TRBUSDT,0.0326006414502065
T0153,F01,fold_diagnostic,69,HBARUSDT,0.07128872101420658
T0153,F02,fold_diagnostic,89,OMGUSDT,0.038451628092309176
T0153,F03,fold_diagnostic,96,DOGEUSDT,0.14215398169496174
T0153,F04,fold_diagnostic,100,SLPUSDT,0.056294546535918547
T0153,F05,fold_diagnostic,91,ICPUSDT,0.030709667885946285
T0153,F06,fold_diagnostic,92,GMTUSDT,0.039100911867794755
T0153,F07,fold_diagnostic,97,SHIBUSDT,0.03862571985027444
T0153,F08,fold_diagnostic,108,TRBUSDT,0.04660621300636541
T0154,F01,fold_diagnostic,69,LTCUSDT,0.035174522601186135
T0154,F02,fold_diagnostic,89,ZILUSDT,0.03807986892536026
T0154,F03,fold_diagnostic,96,VETUSDT,0.06268506383380343
T0154,F04,fold_diagnostic,100,TRXUSDT,0.04204626863982102
T0154,F05,fold_diagnostic,91,LUNAUSDT,0.08602364310548227
T0154,F06,fold_diagnostic,92,GMTUSDT,0.044021240624613885
T0154,F07,fold_diagnostic,97,LINAUSDT,0.033463907430791764
T0154,F08,fold_diagnostic,108,AKROUSDT,0.031590838215232384
T0155,F01,fold_diagnostic,69,ATOMUSDT,0.044252112270821514
T0155,F02,fold_diagnostic,89,LENDUSDT,0.049107521378354536
T0155,F03,fold_diagnostic,96,SXPUSDT,0.04306620319246039
T0155,F04,fold_diagnostic,100,SANDUSDT,0.03586451037570857
T0155,F05,fold_diagnostic,91,LUNAUSDT,0.06526172844846923
T0155,F06,fold_diagnostic,92,FILUSDT,0.04828250984229312
T0155,F07,fold_diagnostic,97,ACHUSDT,0.041147044723598
T0155,F08,fold_diagnostic,108,LOOMUSDT,0.042705189719746635
T0156,F01,fold_diagnostic,69,BANDUSDT,0.07143493549799747
T0156,F02,fold_diagnostic,89,THETAUSDT,0.04748903189541962
T0156,F03,fold_diagnostic,96,FTMUSDT,0.04146744837470098
T0156,F04,fold_diagnostic,100,LUNAUSDT,0.04964733777920469
T0156,F05,fold_diagnostic,91,LUNAUSDT,0.049269592304601484
T0156,F06,fold_diagnostic,92,GALAUSDT,0.03735756088003058
T0156,F07,fold_diagnostic,97,DYDXUSDT,0.052975919197069225
T0156,F08,fold_diagnostic,108,INJUSDT,0.05750511717238149
T0157,F01,fold_diagnostic,69,NEOUSDT,0.04537895795166803
T0157,F02,fold_diagnostic,89,VETUSDT,0.07081275257000877
T0157,F03,fold_diagnostic,96,MATICUSDT,0.05063443786971965
T0157,F04,fold_diagnostic,100,UNIUSDT,0.04067918833748951
T0157,F05,fold_diagnostic,91,FTMUSDT,0.04370806553869623
T0157,F06,fold_diagnostic,92,FILUSDT,0.03972858704444385
T0157,F07,fold_diagnostic,97,SSVUSDT,0.03966358417195792
T0157,F08,fold_diagnostic,108,LEVERUSDT,0.04583977945279087
T0158,F01,fold_diagnostic,69,HBARUSDT,0.045019333325095647
T0158,F02,fold_diagnostic,89,XRPUSDT,0.050942184248924854
T0158,F03,fold_diagnostic,96,ATOMUSDT,0.039049452167533444
T0158,F04,fold_diagnostic,99,ATOMUSDT,0.04343036554047385
T0158,F05,fold_diagnostic,91,LUNAUSDT,0.0933053830834735
T0158,F06,fold_diagnostic,92,WAVESUSDT,0.034099392548716585
T0158,F07,fold_diagnostic,97,HFTUSDT,0.053258803453826775
T0158,F08,fold_diagnostic,108,LOOMUSDT,0.06724024979905706
T0159,F01,fold_diagnostic,69,BEAMUSDT,0.04795288769736529
T0159,F02,fold_diagnostic,89,YFIUSDT,0.046632427957410946
T0159,F03,fold_diagnostic,96,SUSHIUSDT,0.04630649986600441
T0159,F04,fold_diagnostic,99,SANDUSDT,0.07006790341615965
T0159,F05,fold_diagnostic,91,LUNAUSDT,0.08302764693569308
T0159,F06,fold_diagnostic,92,SOLUSDT,0.056844577749803685
T0159,F07,fold_diagnostic,97,OCEANUSDT,0.040678749123966934
T0159,F08,fold_diagnostic,108,LOOMUSDT,0.05739273687078523
T0160,F01,fold_diagnostic,68,BEAMUSDT,0.046468474569102
T0160,F02,fold_diagnostic,87,BANDUSDT,0.06259665911996455
T0160,F03,fold_diagnostic,91,DOGEUSDT,0.05341812788760657
T0160,F04,fold_diagnostic,96,SHIBUSDT,0.05861150924597384
T0160,F05,fold_diagnostic,90,FTMUSDT,0.056164951322113556
T0160,F06,fold_diagnostic,92,GMTUSDT,0.06345204259072325
T0160,F07,fold_diagnostic,95,HIGHUSDT,0.04386776474373209
T0160,F08,fold_diagnostic,101,LOOMUSDT,0.045528752696369176
T0161,F01,fold_diagnostic,67,BEAMUSDT,0.04889604475142437
T0161,F02,fold_diagnostic,87,BANDUSDT,0.05195513701359023
T0161,F03,fold_diagnostic,91,ADAUSDT,0.04821948280499551
T0161,F04,fold_diagnostic,96,FILUSDT,0.038911815075741936
T0161,F05,fold_diagnostic,90,LUNAUSDT,0.14555065329726294
T0161,F06,fold_diagnostic,92,GMTUSDT,0.06260660751671325
T0161,F07,fold_diagnostic,95,SSVUSDT,0.03858211074304317
T0161,F08,fold_diagnostic,101,LOOMUSDT,0.0713060805965553
T0162,F01,fold_diagnostic,67,BEAMUSDT,0.05576078616931307
T0162,F02,fold_diagnostic,87,BANDUSDT,0.05122867726938064
T0162,F03,fold_diagnostic,91,ADAUSDT,0.04653026647454284
T0162,F04,fold_diagnostic,96,BAKEUSDT,0.04422672873996118
T0162,F05,fold_diagnostic,90,LUNAUSDT,0.09983075188833967
T0162,F06,fold_diagnostic,92,GMTUSDT,0.0486715597532274
T0162,F07,fold_diagnostic,95,LDOUSDT,0.0419582555145505
T0162,F08,fold_diagnostic,101,LOOMUSDT,0.07321061702045382
T0163,F01,fold_diagnostic,69,BANDUSDT,0.03542640027555517
T0163,F02,fold_diagnostic,87,NEOUSDT,0.04011540509831196
T0163,F03,fold_diagnostic,95,DOGEUSDT,0.09869681938380166
T0163,F04,fold_diagnostic,97,SANDUSDT,0.056307384671544225
T0163,F05,fold_diagnostic,90,LOKAUSDT,0.03768046462148134
T0163,F06,fold_diagnostic,90,CHZUSDT,0.049188580309893475
T0163,F07,fold_diagnostic,97,SHIBUSDT,0.03743475798972536
T0163,F08,fold_diagnostic,106,APEUSDT,0.034371175072352246
T0164,F01,fold_diagnostic,69,RVNUSDT,0.039298857191008556
T0164,F02,fold_diagnostic,87,LENDUSDT,0.03971568171029342
T0164,F03,fold_diagnostic,95,DOGEUSDT,0.16279126136562178
T0164,F04,fold_diagnostic,97,SANDUSDT,0.07396845461562811
T0164,F05,fold_diagnostic,90,SLPUSDT,0.044738867229179594
T0164,F06,fold_diagnostic,89,BTCSTUSDT,0.05373606616816583
T0164,F07,fold_diagnostic,97,VGXUSDT,0.05271743163242473
T0164,F08,fold_diagnostic,106,RUNEUSDT,0.038407160094711214
T0165,F01,fold_diagnostic,69,ZILUSDT,0.04779930269511708
T0165,F02,fold_diagnostic,87,LINKUSDT,0.056216182762929875
T0165,F03,fold_diagnostic,95,DOGEUSDT,0.1942580551291086
T0165,F04,fold_diagnostic,97,SANDUSDT,0.08289873551211299
T0165,F05,fold_diagnostic,90,LUNAUSDT,0.07702567636894019
T0165,F06,fold_diagnostic,89,BTCSTUSDT,0.06357428440382352
T0165,F07,fold_diagnostic,97,APTUSDT,0.060027496835039475
T0165,F08,fold_diagnostic,106,SOLUSDT,0.04299526578965373
T0166,F01,fold_diagnostic,69,THETAUSDT,0.032231276433397175
T0166,F02,fold_diagnostic,89,OMGUSDT,0.027694146286153874
T0166,F03,fold_diagnostic,96,ONTUSDT,0.03509211906440291
T0166,F04,fold_diagnostic,100,ETCUSDT,0.03207376292538164
T0166,F05,fold_diagnostic,91,ROSEUSDT,0.026828649214849485
T0166,F06,fold_diagnostic,92,SOLUSDT,0.02810080644319907
T0166,F07,fold_diagnostic,97,OGUSDT,0.03144360762742826
T0166,F08,fold_diagnostic,108,LTCUSDT,0.028027291054963373
T0167,F01,fold_diagnostic,69,RVNUSDT,0.04800343344809025
T0167,F02,fold_diagnostic,89,LENDUSDT,0.04324954451944785
T0167,F03,fold_diagnostic,96,DOGEUSDT,0.07488880831914929
T0167,F04,fold_diagnostic,100,ETCUSDT,0.030455125805239142
T0167,F05,fold_diagnostic,91,LUNAUSDT,0.03762775761895716
T0167,F06,fold_diagnostic,92,FILUSDT,0.03447562186348021
T0167,F07,fold_diagnostic,97,VGXUSDT,0.039364030737311026
T0167,F08,fold_diagnostic,108,APEUSDT,0.035719579296946656
T0168,F01,fold_diagnostic,69,HBARUSDT,0.08476451992134679
T0168,F02,fold_diagnostic,89,LENDUSDT,0.05545290592780689
T0168,F03,fold_diagnostic,96,DOGEUSDT,0.11966507312792116
T0168,F04,fold_diagnostic,100,LUNAUSDT,0.055851091820659365
T0168,F05,fold_diagnostic,91,GALAUSDT,0.028483952163851703
T0168,F06,fold_diagnostic,92,SOLUSDT,0.03980831794308287
T0168,F07,fold_diagnostic,97,APTUSDT,0.04869564476857964
T0168,F08,fold_diagnostic,108,TRBUSDT,0.049037977839235976
T0169,F01,fold_diagnostic,69,LINKUSDT,0.0440702953014077
T0169,F02,fold_diagnostic,89,ARPAUSDT,0.03854728466897298
T0169,F03,fold_diagnostic,96,DOGEUSDT,0.10641753617912826
T0169,F04,fold_diagnostic,100,SHIBUSDT,0.032038416826917014
T0169,F05,fold_diagnostic,91,LUNAUSDT,0.044585570923103966
T0169,F06,fold_diagnostic,92,JASMYUSDT,0.048755708396214785
T0169,F07,fold_diagnostic,97,OGUSDT,0.033707513555677665
T0169,F08,fold_diagnostic,108,TRBUSDT,0.03909343822975757
T0170,F01,fold_diagnostic,69,WAVESUSDT,0.042897013145428736
T0170,F02,fold_diagnostic,89,WAVESUSDT,0.048804590120783975
T0170,F03,fold_diagnostic,96,DOGEUSDT,0.1353306519108323
T0170,F04,fold_diagnostic,100,SHIBUSDT,0.05891452423437715
T0170,F05,fold_diagnostic,91,ICPUSDT,0.046103798735892265
T0170,F06,fold_diagnostic,92,LUNAUSDT,0.044945650413568766
T0170,F07,fold_diagnostic,97,HIGHUSDT,0.03929406603464824
T0170,F08,fold_diagnostic,108,RNDRUSDT,0.03298691959199996
T0171,F01,fold_diagnostic,69,ALGOUSDT,0.044997586762864666
T0171,F02,fold_diagnostic,89,YFIUSDT,0.04760064791409373
T0171,F03,fold_diagnostic,96,DOGEUSDT,0.1426211415301975
T0171,F04,fold_diagnostic,100,SHIBUSDT,0.06870472774957458
T0171,F05,fold_diagnostic,91,LUNAUSDT,0.05606077288590494
T0171,F06,fold_diagnostic,92,SANTOSUSDT,0.0488809204592931
T0171,F07,fold_diagnostic,97,INJUSDT,0.045402233714180285
T0171,F08,fold_diagnostic,108,TRBUSDT,0.05025557797249236
T0172,F01,fold_diagnostic,69,WAVESUSDT,0.046451846137806015
T0172,F02,fold_diagnostic,89,IOSTUSDT,0.043980703059141334
T0172,F03,fold_diagnostic,96,DOGEUSDT,0.06167181984174729
T0172,F04,fold_diagnostic,100,GRTUSDT,0.037832146954139535
T0172,F05,fold_diagnostic,91,SLPUSDT,0.03398442069132503
T0172,F06,fold_diagnostic,92,ETCUSDT,0.026924247993647166
T0172,F07,fold_diagnostic,97,VGXUSDT,0.03975120433724042
T0172,F08,fold_diagnostic,108,MULTIUSDT,0.031202873359114328
T0173,F01,fold_diagnostic,69,TOMOUSDT,0.05849388317126836
T0173,F02,fold_diagnostic,89,ARPAUSDT,0.03912270067858573
T0173,F03,fold_diagnostic,96,DOGEUSDT,0.08746710301231349
T0173,F04,fold_diagnostic,100,LUNAUSDT,0.04427743992728133
T0173,F05,fold_diagnostic,91,SLPUSDT,0.035580939649250264
T0173,F06,fold_diagnostic,92,BTCSTUSDT,0.03457320147870729
T0173,F07,fold_diagnostic,97,GALAUSDT,0.059180011774141006
T0173,F08,fold_diagnostic,108,TRBUSDT,0.07104016808238467
T0174,F01,fold_diagnostic,69,HBARUSDT,0.08999511663151175
T0174,F02,fold_diagnostic,89,SUSHIUSDT,0.05013420717840963
T0174,F03,fold_diagnostic,96,DOGEUSDT,0.16301964878943925
T0174,F04,fold_diagnostic,100,SANDUSDT,0.04105634700767759
T0174,F05,fold_diagnostic,91,ICPUSDT,0.034672373292841036
T0174,F06,fold_diagnostic,92,GMTUSDT,0.036399874267765496
T0174,F07,fold_diagnostic,97,MASKUSDT,0.045001037618712485
T0174,F08,fold_diagnostic,108,TRBUSDT,0.06675369765338171
T0175,F01,fold_diagnostic,69,WAVESUSDT,0.03742219327506085
T0175,F02,fold_diagnostic,89,SXPUSDT,0.033954391249041774
T0175,F03,fold_diagnostic,96,FTMUSDT,0.038345571866629034
T0175,F04,fold_diagnostic,100,SLPUSDT,0.04192685201217713
T0175,F05,fold_diagnostic,91,LUNAUSDT,0.04279352811425986
T0175,F06,fold_diagnostic,92,SANDUSDT,0.025587021193899585
T0175,F07,fold_diagnostic,97,APTUSDT,0.029447954310880937
T0175,F08,fold_diagnostic,108,LTCUSDT,0.026975269825130828
T0176,F01,fold_diagnostic,69,HBARUSDT,0.053627941168930784
T0176,F02,fold_diagnostic,89,WAVESUSDT,0.0588373441787386
T0176,F03,fold_diagnostic,96,CRVUSDT,0.043258454965874285
T0176,F04,fold_diagnostic,100,LUNAUSDT,0.055356385974888005
T0176,F05,fold_diagnostic,91,LUNAUSDT,0.047454579876660415
T0176,F06,fold_diagnostic,92,AXSUSDT,0.03243004088897374
T0176,F07,fold_diagnostic,97,STXUSDT,0.032131085936854806
T0176,F08,fold_diagnostic,108,LTCUSDT,0.03126926861030856
T0177,F01,fold_diagnostic,69,HBARUSDT,0.07383698741963024
T0177,F02,fold_diagnostic,89,ZILUSDT,0.0544690307698179
T0177,F03,fold_diagnostic,96,MATICUSDT,0.04381299141817061
T0177,F04,fold_diagnostic,100,LUNAUSDT,0.059803764556751994
T0177,F05,fold_diagnostic,91,LUNAUSDT,0.03270815717859421
T0177,F06,fold_diagnostic,92,GMTUSDT,0.040737790335779026
T0177,F07,fold_diagnostic,97,HOOKUSDT,0.03556879463698673
T0177,F08,fold_diagnostic,108,TRBUSDT,0.05123521502229675
T0178,F01,fold_diagnostic,69,ONTUSDT,0.03349321725880631
T0178,F02,fold_diagnostic,89,ATOMUSDT,0.027770979852673832
T0178,F03,fold_diagnostic,96,DOGEUSDT,0.0446075701155275
T0178,F04,fold_diagnostic,100,THETAUSDT,0.029940452077432046
T0178,F05,fold_diagnostic,91,AVAXUSDT,0.026004480274481146
T0178,F06,fold_diagnostic,92,GALAUSDT,0.025024721438068647
T0178,F07,fold_diagnostic,97,OPUSDT,0.02949261794425917
T0178,F08,fold_diagnostic,108,SUIUSDT,0.02307337161269076
T0179,F01,fold_diagnostic,69,HOTUSDT,0.045154971029018894
T0179,F02,fold_diagnostic,89,SXPUSDT,0.044392416791216686
T0179,F03,fold_diagnostic,96,DOGEUSDT,0.12289351903678708
T0179,F04,fold_diagnostic,100,SLPUSDT,0.04341571071929831
T0179,F05,fold_diagnostic,91,WAVESUSDT,0.026891103541794914
T0179,F06,fold_diagnostic,92,GMTUSDT,0.033872564769748134
T0179,F07,fold_diagnostic,97,IDUSDT,0.032850708963626976
T0179,F08,fold_diagnostic,108,TRBUSDT,0.0562651514848333
T0180,F01,fold_diagnostic,69,BANDUSDT,0.06507931744263079
T0180,F02,fold_diagnostic,89,BANDUSDT,0.04187525644876499
T0180,F03,fold_diagnostic,96,DOGEUSDT,0.17126580987759632
T0180,F04,fold_diagnostic,100,LUNAUSDT,0.055143059922456134
T0180,F05,fold_diagnostic,91,LUNAUSDT,0.03144343283448127
T0180,F06,fold_diagnostic,92,JASMYUSDT,0.03715518766203024
T0180,F07,fold_diagnostic,97,FETUSDT,0.049489477908399776
T0180,F08,fold_diagnostic,108,TRBUSDT,0.04111895790092667
T0181,F01,fold_diagnostic,69,XTZUSDT,0.039291348405750576
T0181,F02,fold_diagnostic,89,OMGUSDT,0.03780671730579516
T0181,F03,fold_diagnostic,96,SXPUSDT,0.03425393249801522
T0181,F04,fold_diagnostic,100,ETCUSDT,0.03544714066096621
T0181,F05,fold_diagnostic,91,SOLUSDT,0.032965885789907494
T0181,F06,fold_diagnostic,92,WAVESUSDT,0.03332716770891652
T0181,F07,fold_diagnostic,97,DOGEUSDT,0.03494200769489593
T0181,F08,fold_diagnostic,108,DYDXUSDT,0.028358229046788183
T0182,F01,fold_diagnostic,69,QTUMUSDT,0.048385082443636276
T0182,F02,fold_diagnostic,89,SUSHIUSDT,0.04041658011573786
T0182,F03,fold_diagnostic,96,DOGEUSDT,0.07324527878229402
T0182,F04,fold_diagnostic,100,FTMUSDT,0.049979735912096285
T0182,F05,fold_diagnostic,91,SLPUSDT,0.02770062370424817
T0182,F06,fold_diagnostic,92,GMTUSDT,0.0333173026739273
T0182,F07,fold_diagnostic,97,APEUSDT,0.03954788105836285
T0182,F08,fold_diagnostic,108,TRBUSDT,0.06772716893887429
T0183,F01,fold_diagnostic,69,HBARUSDT,0.08832053721064073
T0183,F02,fold_diagnostic,89,ZILUSDT,0.044927230695323034
T0183,F03,fold_diagnostic,96,DOGEUSDT,0.09596336787662854
T0183,F04,fold_diagnostic,100,SHIBUSDT,0.05718722142945697
T0183,F05,fold_diagnostic,91,AXSUSDT,0.03500788274433961
T0183,F06,fold_diagnostic,92,SOLUSDT,0.03661716230653101
T0183,F07,fold_diagnostic,97,INJUSDT,0.037728600898993686
T0183,F08,fold_diagnostic,108,TRBUSDT,0.05446326237188779
T0184,F01,fold_diagnostic,69,OGNUSDT,0.03045243411411817
T0184,F02,fold_diagnostic,89,OMGUSDT,0.027877706074697223
T0184,F03,fold_diagnostic,96,XEMUSDT,0.029715840290869017
T0184,F04,fold_diagnostic,100,SLPUSDT,0.0370870869844201
T0184,F05,fold_diagnostic,91,ICPUSDT,0.02908278026434783
T0184,F06,fold_diagnostic,92,GALAUSDT,0.025679958377133494
T0184,F07,fold_diagnostic,97,ATOMUSDT,0.027040762350547275
T0184,F08,fold_diagnostic,108,LOOMUSDT,0.027106815985347935
T0185,F01,fold_diagnostic,69,ZILUSDT,0.050079931461060746
T0185,F02,fold_diagnostic,89,SXPUSDT,0.03870004392242906
T0185,F03,fold_diagnostic,96,DOGEUSDT,0.07662011878972766
T0185,F04,fold_diagnostic,100,SHIBUSDT,0.051736408277585216
T0185,F05,fold_diagnostic,91,PEOPLEUSDT,0.032762225037639175
T0185,F06,fold_diagnostic,92,UNFIUSDT,0.05533829316204111
T0185,F07,fold_diagnostic,97,MASKUSDT,0.03591042197381377
T0185,F08,fold_diagnostic,108,SOLUSDT,0.04187674747846459
T0186,F01,fold_diagnostic,69,HBARUSDT,0.10870420775781568
T0186,F02,fold_diagnostic,89,SUSHIUSDT,0.04799177408266441
T0186,F03,fold_diagnostic,96,DOGEUSDT,0.08020572472233574
T0186,F04,fold_diagnostic,100,SLPUSDT,0.06582622765918525
T0186,F05,fold_diagnostic,91,ICPUSDT,0.03216215104702701
T0186,F06,fold_diagnostic,92,DYDXUSDT,0.03239021002316891
T0186,F07,fold_diagnostic,97,APTUSDT,0.04576960867584337
T0186,F08,fold_diagnostic,108,SOLUSDT,0.07053785940947578
T0187,F01,fold_diagnostic,69,ZILUSDT,0.0665700446808089
T0187,F02,fold_diagnostic,89,WAVESUSDT,0.053535395608612854
T0187,F03,fold_diagnostic,96,DOGEUSDT,0.1272739915815829
T0187,F04,fold_diagnostic,100,SHIBUSDT,0.08555248781243814
T0187,F05,fold_diagnostic,90,THETAUSDT,0.04459349172915298
T0187,F06,fold_diagnostic,92,FLMUSDT,0.03923717079446035
T0187,F07,fold_diagnostic,97,GALAUSDT,0.037340857659300154
T0187,F08,fold_diagnostic,108,RUNEUSDT,0.04851196311578243
T0188,F01,fold_diagnostic,69,BANDUSDT,0.07205192005450053
T0188,F02,fold_diagnostic,89,ATOMUSDT,0.041651545618746434
T0188,F03,fold_diagnostic,96,DOGEUSDT,0.12426109626827968
T0188,F04,fold_diagnostic,100,LUNAUSDT,0.06739912106680677
T0188,F05,fold_diagnostic,90,AVAXUSDT,0.03416298966338652
T0188,F06,fold_diagnostic,92,FLMUSDT,0.0357041053884869
T0188,F07,fold_diagnostic,97,APTUSDT,0.06948396587834714
T0188,F08,fold_diagnostic,108,SOLUSDT,0.04393819323979505
T0189,F01,fold_diagnostic,68,XTZUSDT,0.0471802057930313
T0189,F02,fold_diagnostic,88,LENDUSDT,0.05271796906202683
T0189,F03,fold_diagnostic,94,DOGEUSDT,0.11087445502706145
T0189,F04,fold_diagnostic,100,GALAUSDT,0.05737305362687334
T0189,F05,fold_diagnostic,87,PEOPLEUSDT,0.04438206258192863
T0189,F06,fold_diagnostic,90,GMTUSDT,0.030688572646580984
T0189,F07,fold_diagnostic,97,MAGICUSDT,0.044328825132888425
T0189,F08,fold_diagnostic,107,SOLUSDT,0.03911846707323575
T0190,F01,fold_diagnostic,68,HBARUSDT,0.07808146595798848
T0190,F02,fold_diagnostic,88,SUSHIUSDT,0.0501280484364001
T0190,F03,fold_diagnostic,94,DOGEUSDT,0.11242333526465975
T0190,F04,fold_diagnostic,100,GALAUSDT,0.06278279401653457
T0190,F05,fold_diagnostic,87,WAVESUSDT,0.042057038428167916
T0190,F06,fold_diagnostic,90,GMTUSDT,0.049140373789159225
T0190,F07,fold_diagnostic,97,FETUSDT,0.05302141854526352
T0190,F08,fold_diagnostic,106,SOLUSDT,0.05994449806887833
T0191,F01,fold_diagnostic,63,BANDUSDT,0.06484867297643393
T0191,F02,fold_diagnostic,82,THETAUSDT,0.06705838864399975
T0191,F03,fold_diagnostic,91,DOGEUSDT,0.11528329220988189
T0191,F04,fold_diagnostic,92,GALAUSDT,0.06685048646523961
T0191,F05,fold_diagnostic,76,WAVESUSDT,0.0401584908402103
T0191,F06,fold_diagnostic,79,LINKUSDT,0.03804231708086326
T0191,F07,fold_diagnostic,92,MAGICUSDT,0.041240382063553904
T0191,F08,fold_diagnostic,100,SOLUSDT,0.039554093414120625
T0192,F01,fold_diagnostic,63,ZILUSDT,0.06702885234097503
T0192,F02,fold_diagnostic,82,BANDUSDT,0.052687007573657046
T0192,F03,fold_diagnostic,91,DOGEUSDT,0.10069211938320144
T0192,F04,fold_diagnostic,92,SANDUSDT,0.06524158567096291
T0192,F05,fold_diagnostic,76,WAVESUSDT,0.042208930698727054
T0192,F06,fold_diagnostic,79,OPUSDT,0.04677713635294419
T0192,F07,fold_diagnostic,92,COCOSUSDT,0.04791751765149462
T0192,F08,fold_diagnostic,100,SEIUSDT,0.05332824860457689
T0193,F01,fold_diagnostic,69,ZILUSDT,0.0665700446808089
T0193,F02,fold_diagnostic,89,WAVESUSDT,0.053535395608612854
T0193,F03,fold_diagnostic,96,DOGEUSDT,0.1272739915815829
T0193,F04,fold_diagnostic,100,SHIBUSDT,0.08555248781243814
T0193,F05,fold_diagnostic,90,THETAUSDT,0.04459349172915298
T0193,F06,fold_diagnostic,92,FLMUSDT,0.03923717079446035
T0193,F07,fold_diagnostic,97,GALAUSDT,0.037340857659300154
T0193,F08,fold_diagnostic,108,RUNEUSDT,0.04851196311578243
T0194,F01,fold_diagnostic,69,BANDUSDT,0.07205192005450053
T0194,F02,fold_diagnostic,89,ATOMUSDT,0.041651545618746434
T0194,F03,fold_diagnostic,96,DOGEUSDT,0.12426109626827968
T0194,F04,fold_diagnostic,100,LUNAUSDT,0.06739912106680677
T0194,F05,fold_diagnostic,90,AVAXUSDT,0.03416298966338652
T0194,F06,fold_diagnostic,92,FLMUSDT,0.0357041053884869
T0194,F07,fold_diagnostic,97,APTUSDT,0.06948396587834714
T0194,F08,fold_diagnostic,108,SOLUSDT,0.04393819323979505
T0195,F01,fold_diagnostic,68,XTZUSDT,0.0471802057930313
T0195,F02,fold_diagnostic,88,LENDUSDT,0.05271796906202683
T0195,F03,fold_diagnostic,94,DOGEUSDT,0.11087445502706145
T0195,F04,fold_diagnostic,100,GALAUSDT,0.05737305362687334
T0195,F05,fold_diagnostic,87,PEOPLEUSDT,0.04438206258192863
T0195,F06,fold_diagnostic,90,GMTUSDT,0.030688572646580984
T0195,F07,fold_diagnostic,97,MAGICUSDT,0.044328825132888425
T0195,F08,fold_diagnostic,107,SOLUSDT,0.03911846707323575
T0196,F01,fold_diagnostic,68,HBARUSDT,0.07808146595798848
T0196,F02,fold_diagnostic,88,SUSHIUSDT,0.0501280484364001
T0196,F03,fold_diagnostic,94,DOGEUSDT,0.11242333526465975
T0196,F04,fold_diagnostic,100,GALAUSDT,0.06278279401653457
T0196,F05,fold_diagnostic,87,WAVESUSDT,0.042057038428167916
T0196,F06,fold_diagnostic,90,GMTUSDT,0.049140373789159225
T0196,F07,fold_diagnostic,97,FETUSDT,0.05302141854526352
T0196,F08,fold_diagnostic,106,SOLUSDT,0.05994449806887833
T0197,F01,fold_diagnostic,63,BANDUSDT,0.06484867297643393
T0197,F02,fold_diagnostic,82,THETAUSDT,0.06705838864399975
T0197,F03,fold_diagnostic,91,DOGEUSDT,0.11528329220988189
T0197,F04,fold_diagnostic,92,GALAUSDT,0.06685048646523961
T0197,F05,fold_diagnostic,76,WAVESUSDT,0.0401584908402103
T0197,F06,fold_diagnostic,79,LINKUSDT,0.03804231708086326
T0197,F07,fold_diagnostic,92,MAGICUSDT,0.041240382063553904
T0197,F08,fold_diagnostic,100,SOLUSDT,0.039554093414120625
T0198,F01,fold_diagnostic,63,ZILUSDT,0.06702885234097503
T0198,F02,fold_diagnostic,82,BANDUSDT,0.052687007573657046
T0198,F03,fold_diagnostic,91,DOGEUSDT,0.10069211938320144
T0198,F04,fold_diagnostic,92,SANDUSDT,0.06524158567096291
T0198,F05,fold_diagnostic,76,WAVESUSDT,0.042208930698727054
T0198,F06,fold_diagnostic,79,OPUSDT,0.04677713635294419
T0198,F07,fold_diagnostic,92,COCOSUSDT,0.04791751765149462
T0198,F08,fold_diagnostic,100,SEIUSDT,0.05332824860457689
T0199,F01,fold_diagnostic,69,ZILUSDT,0.06798138359676052
T0199,F02,fold_diagnostic,89,SUSHIUSDT,0.046150784244699386
T0199,F03,fold_diagnostic,96,MATICUSDT,0.057348412882313876
T0199,F04,fold_diagnostic,100,CRVUSDT,0.04500688866898384
T0199,F05,fold_diagnostic,91,SOLUSDT,0.04378772857118455
T0199,F06,fold_diagnostic,92,DOTUSDT,0.027672740579307922
T0199,F07,fold_diagnostic,97,STXUSDT,0.031992004208426954
T0199,F08,fold_diagnostic,108,SOLUSDT,0.050302895993309324
T0200,F01,fold_diagnostic,69,ERDUSDT,0.06683843161134011
T0200,F02,fold_diagnostic,89,BANDUSDT,0.05586482192725864
T0200,F03,fold_diagnostic,96,DOGEUSDT,0.13445744039469154
T0200,F04,fold_diagnostic,100,LUNAUSDT,0.06875615453373513
T0200,F05,fold_diagnostic,91,DYDXUSDT,0.03414563421843419
T0200,F06,fold_diagnostic,92,FLMUSDT,0.043041754697448774
T0200,F07,fold_diagnostic,97,WAVESUSDT,0.038967830202051607
T0200,F08,fold_diagnostic,108,SOLUSDT,0.068689489133862
T0201,F01,fold_diagnostic,69,ERDUSDT,0.05944392094347554
T0201,F02,fold_diagnostic,89,SUSHIUSDT,0.04782528172672659
T0201,F03,fold_diagnostic,96,DOGEUSDT,0.1313450885447264
T0201,F04,fold_diagnostic,100,SLPUSDT,0.04021530470180295
T0201,F05,fold_diagnostic,91,THETAUSDT,0.044785289858688376
T0201,F06,fold_diagnostic,92,WINGUSDT,0.03686841665406789
T0201,F07,fold_diagnostic,97,FETUSDT,0.036392496283170025
T0201,F08,fold_diagnostic,108,AVAXUSDT,0.034840652504685744
T0202,F01,fold_diagnostic,69,HBARUSDT,0.08149180383332888
T0202,F02,fold_diagnostic,89,BANDUSDT,0.04247846317592058
T0202,F03,fold_diagnostic,96,DOGEUSDT,0.16027479860222657
T0202,F04,fold_diagnostic,100,SANDUSDT,0.04140110181640973
T0202,F05,fold_diagnostic,91,DOTUSDT,0.046042486261560774
T0202,F06,fold_diagnostic,92,WINGUSDT,0.04447056611574627
T0202,F07,fold_diagnostic,97,FETUSDT,0.05754640510229315
T0202,F08,fold_diagnostic,108,SOLUSDT,0.04577699132634179
T0203,F01,fold_diagnostic,69,ERDUSDT,0.05841649519895773
T0203,F02,fold_diagnostic,89,OMGUSDT,0.05454918646563698
T0203,F03,fold_diagnostic,96,DOGEUSDT,0.09539214142320449
T0203,F04,fold_diagnostic,100,TLMUSDT,0.037946053283038336
T0203,F05,fold_diagnostic,91,ICPUSDT,0.03956757497180546
T0203,F06,fold_diagnostic,92,GALAUSDT,0.0418894306329337
T0203,F07,fold_diagnostic,97,CFXUSDT,0.056604665801982215
T0203,F08,fold_diagnostic,108,TRBUSDT,0.038144558929300784
T0204,F01,fold_diagnostic,69,ZILUSDT,0.0761174530579447
T0204,F02,fold_diagnostic,89,WAVESUSDT,0.04560814357568663
T0204,F03,fold_diagnostic,96,DOGEUSDT,0.17801533084060797
T0204,F04,fold_diagnostic,100,SHIBUSDT,0.05655772887944347
T0204,F05,fold_diagnostic,91,SLPUSDT,0.03566958438204792
T0204,F06,fold_diagnostic,92,WAVESUSDT,0.03759125303367693
T0204,F07,fold_diagnostic,97,APTUSDT,0.04876721272614234
T0204,F08,fold_diagnostic,108,TRBUSDT,0.053130164463086375
T0205,F01,fold_diagnostic,69,KAVAUSDT,0.049611988681182766
T0205,F02,fold_diagnostic,89,XRPUSDT,0.03632043803491973
T0205,F03,fold_diagnostic,94,DOGEUSDT,0.07090274874507627
T0205,F04,fold_diagnostic,100,SHIBUSDT,0.07721660568435697
T0205,F05,fold_diagnostic,89,THETAUSDT,0.04147821042516163
T0205,F06,fold_diagnostic,90,GALUSDT,0.049266251094645844
T0205,F07,fold_diagnostic,97,GALAUSDT,0.05300682223675926
T0205,F08,fold_diagnostic,107,GASUSDT,0.05770794397990363
T0206,F01,fold_diagnostic,69,HBARUSDT,0.0676859334727182
T0206,F02,fold_diagnostic,89,OMGUSDT,0.05272561468724104
T0206,F03,fold_diagnostic,94,DOGEUSDT,0.20380989632506244
T0206,F04,fold_diagnostic,100,SHIBUSDT,0.05973961059935578
T0206,F05,fold_diagnostic,89,DOTUSDT,0.04666437386691177
T0206,F06,fold_diagnostic,90,SANDUSDT,0.03907068433356431
T0206,F07,fold_diagnostic,97,GALAUSDT,0.057616015970932556
T0206,F08,fold_diagnostic,107,LUNCUSDT,0.04656870967618194
T0207,F01,fold_diagnostic,66,DASHUSDT,0.06198398537236898
T0207,F02,fold_diagnostic,83,XRPUSDT,0.049448805695024405
T0207,F03,fold_diagnostic,87,DOGEUSDT,0.0850298380363161
T0207,F04,fold_diagnostic,96,SHIBUSDT,0.08166729015347897
T0207,F05,fold_diagnostic,78,WAVESUSDT,0.05565815663093705
T0207,F06,fold_diagnostic,87,GALUSDT,0.05498822208983643
T0207,F07,fold_diagnostic,94,GMTUSDT,0.04754959915366691
T0207,F08,fold_diagnostic,95,GASUSDT,0.079738207060945
T0208,F01,fold_diagnostic,66,HBARUSDT,0.09537239268776598
T0208,F02,fold_diagnostic,83,OMGUSDT,0.05292255572669675
T0208,F03,fold_diagnostic,87,DOGEUSDT,0.22504963168834527
T0208,F04,fold_diagnostic,96,SHIBUSDT,0.07294808734572894
T0208,F05,fold_diagnostic,77,SHIBUSDT,0.03594015269627417
T0208,F06,fold_diagnostic,87,ETCUSDT,0.045626151793429714
T0208,F07,fold_diagnostic,94,GALAUSDT,0.060894161303777165
T0208,F08,fold_diagnostic,94,LUNCUSDT,0.05068275541394375
T0209,F01,fold_diagnostic,64,DASHUSDT,0.05520019403634722
T0209,F02,fold_diagnostic,81,BANDUSDT,0.0640686964567679
T0209,F03,fold_diagnostic,86,DOGEUSDT,0.0822729982335927
T0209,F04,fold_diagnostic,94,SHIBUSDT,0.0828663666956601
T0209,F05,fold_diagnostic,77,OGNUSDT,0.04545031272937123
T0209,F06,fold_diagnostic,83,GALUSDT,0.05809686178081341
T0209,F07,fold_diagnostic,94,GMTUSDT,0.04769870992242122
T0209,F08,fold_diagnostic,90,GASUSDT,0.08014560097564712
T0210,F01,fold_diagnostic,64,HBARUSDT,0.09580229641756581
T0210,F02,fold_diagnostic,81,OMGUSDT,0.058694885564215565
T0210,F03,fold_diagnostic,86,DOGEUSDT,0.22166657515961144
T0210,F04,fold_diagnostic,94,SHIBUSDT,0.07820336473570229
T0210,F05,fold_diagnostic,76,DYDXUSDT,0.038066285821984736
T0210,F06,fold_diagnostic,83,MASKUSDT,0.054576334485161686
T0210,F07,fold_diagnostic,94,GALAUSDT,0.06286348224485445
T0210,F08,fold_diagnostic,89,LUNCUSDT,0.05383646216843974
T0211,F01,fold_diagnostic,69,QTUMUSDT,0.0465932759559103
T0211,F02,fold_diagnostic,89,SXPUSDT,0.04063547308163859
T0211,F03,fold_diagnostic,96,DOGEUSDT,0.042812236981155334
T0211,F04,fold_diagnostic,100,ICPUSDT,0.034271915204977216
T0211,F05,fold_diagnostic,91,ICPUSDT,0.034834783495352795
T0211,F06,fold_diagnostic,92,WINGUSDT,0.03585899382201925
T0211,F07,fold_diagnostic,97,ACHUSDT,0.0303268279018436
T0211,F08,fold_diagnostic,108,PEPEUSDT,0.028270372779274463
T0212,F01,fold_diagnostic,69,HBARUSDT,0.07436716873328762
T0212,F02,fold_diagnostic,89,THETAUSDT,0.04497322185291935
T0212,F03,fold_diagnostic,96,DOGEUSDT,0.11354214911113081
T0212,F04,fold_diagnostic,100,GALAUSDT,0.04278497430663148
T0212,F05,fold_diagnostic,91,GALAUSDT,0.02717607886573842
T0212,F06,fold_diagnostic,92,WAVESUSDT,0.04415479373968353
T0212,F07,fold_diagnostic,97,ACHUSDT,0.03359661772626379
T0212,F08,fold_diagnostic,108,AKROUSDT,0.04004430333490542
T0213,F01,fold_diagnostic,69,BANDUSDT,0.06741868592641422
T0213,F02,fold_diagnostic,89,ANKRUSDT,0.05145662320061226
T0213,F03,fold_diagnostic,96,MATICUSDT,0.05317648946889029
T0213,F04,fold_diagnostic,100,GALAUSDT,0.07015406133235283
T0213,F05,fold_diagnostic,91,SLPUSDT,0.031175608867892276
T0213,F06,fold_diagnostic,92,GMTUSDT,0.030330284649922885
T0213,F07,fold_diagnostic,97,LDOUSDT,0.03891034468149086
T0213,F08,fold_diagnostic,108,TRBUSDT,0.03987469926950516
T0214,F01,fold_diagnostic,69,BANDUSDT,0.06481969164853615
T0214,F02,fold_diagnostic,89,ZILUSDT,0.042848623893776
T0214,F03,fold_diagnostic,96,DOGEUSDT,0.115851838972852
T0214,F04,fold_diagnostic,100,SANDUSDT,0.044544165349502514
T0214,F05,fold_diagnostic,91,ICPUSDT,0.03863187196046337
T0214,F06,fold_diagnostic,92,MASKUSDT,0.036829362337735636
T0214,F07,fold_diagnostic,97,APTUSDT,0.055397503666144925
T0214,F08,fold_diagnostic,108,TRBUSDT,0.04960178047825835
T0215,F01,fold_diagnostic,69,HBARUSDT,0.0584988813555108
T0215,F02,fold_diagnostic,89,SUSHIUSDT,0.06492171918625139
T0215,F03,fold_diagnostic,96,DOGEUSDT,0.07143087514104826
T0215,F04,fold_diagnostic,100,SLPUSDT,0.05135455653402731
T0215,F05,fold_diagnostic,91,LINKUSDT,0.03798026802577979
T0215,F06,fold_diagnostic,92,AXSUSDT,0.04598414704712314
T0215,F07,fold_diagnostic,97,STXUSDT,0.04490231647536301
T0215,F08,fold_diagnostic,108,RUNEUSDT,0.04253324064427717
T0216,F01,fold_diagnostic,69,ZILUSDT,0.059571978372487976
T0216,F02,fold_diagnostic,89,BANDUSDT,0.07969791915237753
T0216,F03,fold_diagnostic,96,DOGEUSDT,0.11346333021341169
T0216,F04,fold_diagnostic,100,FTMUSDT,0.05785470961401576
T0216,F05,fold_diagnostic,91,ROSEUSDT,0.0420254757863252
T0216,F06,fold_diagnostic,92,JASMYUSDT,0.046087115533551555
T0216,F07,fold_diagnostic,97,AXSUSDT,0.034080284463057255
T0216,F08,fold_diagnostic,108,SOLUSDT,0.043535276926329095
T0217,F01,fold_diagnostic,69,HBARUSDT,0.06297615336138356
T0217,F02,fold_diagnostic,89,CRVUSDT,0.06363939675151553
T0217,F03,fold_diagnostic,96,ATOMUSDT,0.0517999793172978
T0217,F04,fold_diagnostic,100,ATOMUSDT,0.04358663895140359
T0217,F05,fold_diagnostic,91,LUNAUSDT,0.10571317386798185
T0217,F06,fold_diagnostic,92,SANDUSDT,0.03790688751474904
T0217,F07,fold_diagnostic,97,STXUSDT,0.045614333680463026
T0217,F08,fold_diagnostic,108,PEPEUSDT,0.030687176740280604
T0218,F01,fold_diagnostic,69,DASHUSDT,0.04626943521882484
T0218,F02,fold_diagnostic,89,CRVUSDT,0.040980872468274525
T0218,F03,fold_diagnostic,96,NANOUSDT,0.047531389482446264
T0218,F04,fold_diagnostic,100,DOTUSDT,0.0499814186071972
T0218,F05,fold_diagnostic,91,LUNAUSDT,0.07118620493975707
T0218,F06,fold_diagnostic,92,ATOMUSDT,0.04211799855806531
T0218,F07,fold_diagnostic,97,MAGICUSDT,0.054187989644296844
T0218,F08,fold_diagnostic,108,RUNEUSDT,0.044546296795602625
T0219,F01,fold_diagnostic,66,TFUELUSDT,0.05515706607023274
T0219,F02,fold_diagnostic,86,RENUSDT,0.061364797656230284
T0219,F03,fold_diagnostic,84,VETUSDT,0.04163589443822641
T0219,F04,fold_diagnostic,94,DATAUSDT,0.05607269165946291
T0219,F05,fold_diagnostic,89,LUNAUSDT,0.12748923282491786
T0219,F06,fold_diagnostic,92,GMTUSDT,0.04567733581725559
T0219,F07,fold_diagnostic,94,MATICUSDT,0.040315983009631615
T0219,F08,fold_diagnostic,97,GALAUSDT,0.0455525575630771
T0220,F01,fold_diagnostic,66,IOSTUSDT,0.048600909146276516
T0220,F02,fold_diagnostic,86,BNBUSDT,0.05084704825778023
T0220,F03,fold_diagnostic,84,DOGEUSDT,0.061825961485356226
T0220,F04,fold_diagnostic,94,SHIBUSDT,0.07563852655826013
T0220,F05,fold_diagnostic,89,LUNAUSDT,0.07970546309471462
T0220,F06,fold_diagnostic,92,MATICUSDT,0.05093386476027088
T0220,F07,fold_diagnostic,93,INJUSDT,0.044276748140269245
T0220,F08,fold_diagnostic,97,OPUSDT,0.030930917992527108
T0221,F01,fold_diagnostic,58,FETUSDT,0.046559541763621745
T0221,F02,fold_diagnostic,68,BANDUSDT,0.04873251654469104
T0221,F03,fold_diagnostic,66,HOTUSDT,0.04902006973520075
T0221,F04,fold_diagnostic,71,THETAUSDT,0.043665284531914685
T0221,F05,fold_diagnostic,79,LUNAUSDT,0.14615007677890907
T0221,F06,fold_diagnostic,83,WINGUSDT,0.048272567148540856
T0221,F07,fold_diagnostic,78,ADAUSDT,0.050688419659559
T0221,F08,fold_diagnostic,70,LTCUSDT,0.03780586282923126
T0222,F01,fold_diagnostic,58,ATOMUSDT,0.04134275637839547
T0222,F02,fold_diagnostic,68,FETUSDT,0.05158841050899325
T0222,F03,fold_diagnostic,66,HOTUSDT,0.055152124790038934
T0222,F04,fold_diagnostic,71,SHIBUSDT,0.05117675256599885
T0222,F05,fold_diagnostic,79,LUNAUSDT,0.11492758437896723
T0222,F06,fold_diagnostic,83,SANTOSUSDT,0.06748813186070947
T0222,F07,fold_diagnostic,78,IDUSDT,0.05769003569070974
T0222,F08,fold_diagnostic,70,AKROUSDT,0.05441004885497283
T0223,F01,fold_diagnostic,61,ENJUSDT,0.05716314071198428
T0223,F02,fold_diagnostic,78,THETAUSDT,0.03973724248295959
T0223,F03,fold_diagnostic,90,MATICUSDT,0.053444106363071314
T0223,F04,fold_diagnostic,82,SHIBUSDT,0.08746029286557279
T0223,F05,fold_diagnostic,80,WAVESUSDT,0.05174706256512547
T0223,F06,fold_diagnostic,72,MASKUSDT,0.06375639236455086
T0223,F07,fold_diagnostic,77,APTUSDT,0.09208517963068602
T0223,F08,fold_diagnostic,89,STORJUSDT,0.04623851260502492
T0224,F01,fold_diagnostic,61,HBARUSDT,0.07382625683407176
T0224,F02,fold_diagnostic,78,KEYUSDT,0.03931722808891225
T0224,F03,fold_diagnostic,90,DOGEUSDT,0.13036458512933938
T0224,F04,fold_diagnostic,82,GALAUSDT,0.10983972191185326
T0224,F05,fold_diagnostic,80,ZILUSDT,0.04668871834385701
T0224,F06,fold_diagnostic,72,VGXUSDT,0.0593334922967747
T0224,F07,fold_diagnostic,77,APTUSDT,0.09463622835766491
T0224,F08,fold_diagnostic,89,GASUSDT,0.07264055119084413
T0225,F01,fold_diagnostic,69,HBARUSDT,0.0611153675695299
T0225,F02,fold_diagnostic,89,EOSUSDT,0.03609807766866842
T0225,F03,fold_diagnostic,96,DOGEUSDT,0.07727993751349208
T0225,F04,fold_diagnostic,100,SLPUSDT,0.04596821661820658
T0225,F05,fold_diagnostic,91,LOKAUSDT,0.043713947499618024
T0225,F06,fold_diagnostic,92,WAVESUSDT,0.04094738757735134
T0225,F07,fold_diagnostic,97,RNDRUSDT,0.037626666604488164
T0225,F08,fold_diagnostic,108,SUIUSDT,0.039563086301375755
T0226,F01,fold_diagnostic,69,HBARUSDT,0.09710140277118334
T0226,F02,fold_diagnostic,89,SUSHIUSDT,0.05837675678225765
T0226,F03,fold_diagnostic,96,DOGEUSDT,0.20879943979413623
T0226,F04,fold_diagnostic,100,SHIBUSDT,0.05332874580711026
T0226,F05,fold_diagnostic,91,LUNAUSDT,0.042072429918586014
T0226,F06,fold_diagnostic,92,WAVESUSDT,0.04390756976508782
T0226,F07,fold_diagnostic,97,INJUSDT,0.05617785829540102
T0226,F08,fold_diagnostic,108,GASUSDT,0.037366640374129505
T0227,F01,fold_diagnostic,69,DASHUSDT,0.062350586709565656
T0227,F02,fold_diagnostic,88,BANDUSDT,0.047956723946131284
T0227,F03,fold_diagnostic,94,DOGEUSDT,0.071768828541227
T0227,F04,fold_diagnostic,97,GALAUSDT,0.07102271759415515
T0227,F05,fold_diagnostic,89,ADAUSDT,0.03367344450450424
T0227,F06,fold_diagnostic,90,WAVESUSDT,0.04640540732687461
T0227,F07,fold_diagnostic,95,DYDXUSDT,0.04774620440681316
T0227,F08,fold_diagnostic,103,WLDUSDT,0.057354010027507334
T0228,F01,fold_diagnostic,69,HBARUSDT,0.07525136765269545
T0228,F02,fold_diagnostic,88,SUSHIUSDT,0.054940207295445895
T0228,F03,fold_diagnostic,94,DOGEUSDT,0.1515999461112348
T0228,F04,fold_diagnostic,97,SHIBUSDT,0.07869091068609634
T0228,F05,fold_diagnostic,89,GALAUSDT,0.04258465327471156
T0228,F06,fold_diagnostic,90,WINGUSDT,0.03821633882563561
T0228,F07,fold_diagnostic,95,FILUSDT,0.0435027944621305
T0228,F08,fold_diagnostic,103,AVAXUSDT,0.05306131645809334
T0229,F01,fold_diagnostic,69,DASHUSDT,0.06055407929058577
T0229,F02,fold_diagnostic,89,CRVUSDT,0.046357462327112166
T0229,F03,fold_diagnostic,96,DOGEUSDT,0.08450923855760915
T0229,F04,fold_diagnostic,100,SHIBUSDT,0.05149120755332303
T0229,F05,fold_diagnostic,91,SLPUSDT,0.0597094617540839
T0229,F06,fold_diagnostic,92,WINGUSDT,0.044866148664379636
T0229,F07,fold_diagnostic,97,GALAUSDT,0.04180709354432672
T0229,F08,fold_diagnostic,108,WLDUSDT,0.06142326431695256
T0230,F01,fold_diagnostic,69,HBARUSDT,0.0653394394538679
T0230,F02,fold_diagnostic,89,KAVAUSDT,0.04345288636997107
T0230,F03,fold_diagnostic,96,DOGEUSDT,0.16962923374305863
T0230,F04,fold_diagnostic,100,GALAUSDT,0.05111802704088915
T0230,F05,fold_diagnostic,91,SLPUSDT,0.05483921742091134
T0230,F06,fold_diagnostic,92,MASKUSDT,0.0449436032544039
T0230,F07,fold_diagnostic,97,OPUSDT,0.05259066913347486
T0230,F08,fold_diagnostic,108,TRBUSDT,0.05120826062391852
T0231,F01,fold_diagnostic,69,HBARUSDT,0.06420180851484346
T0231,F02,fold_diagnostic,89,IOSTUSDT,0.045495730075633685
T0231,F03,fold_diagnostic,96,DOGEUSDT,0.0410110527226255
T0231,F04,fold_diagnostic,100,ATOMUSDT,0.04237423757421315
T0231,F05,fold_diagnostic,91,LUNAUSDT,0.04577437695947838
T0231,F06,fold_diagnostic,92,SOLUSDT,0.03562469072827892
T0231,F07,fold_diagnostic,97,MATICUSDT,0.028276182010188868
T0231,F08,fold_diagnostic,108,PEPEUSDT,0.03417288750131175
T0232,F01,fold_diagnostic,69,BANDUSDT,0.06128367048187439
T0232,F02,fold_diagnostic,89,THETAUSDT,0.07154861223960797
T0232,F03,fold_diagnostic,96,MATICUSDT,0.051115921989266726
T0232,F04,fold_diagnostic,100,SLPUSDT,0.0535827748127881
T0232,F05,fold_diagnostic,91,SLPUSDT,0.042138139937550834
T0232,F06,fold_diagnostic,92,GALAUSDT,0.03215578569998204
T0232,F07,fold_diagnostic,97,HFTUSDT,0.05626499031143065
T0232,F08,fold_diagnostic,108,OPUSDT,0.047680527907965856
T0233,F01,fold_diagnostic,69,QTUMUSDT,0.04492523401255874
T0233,F02,fold_diagnostic,89,SXPUSDT,0.052801070517224456
T0233,F03,fold_diagnostic,96,MATICUSDT,0.06180210334213882
T0233,F04,fold_diagnostic,100,ICPUSDT,0.04712798515083502
T0233,F05,fold_diagnostic,91,SLPUSDT,0.03541402489535076
T0233,F06,fold_diagnostic,92,SOLUSDT,0.037332456492021125
T0233,F07,fold_diagnostic,97,APEUSDT,0.03705309982047716
T0233,F08,fold_diagnostic,108,TRBUSDT,0.04014065159537876
T0234,F01,fold_diagnostic,69,BANDUSDT,0.05107761861505692
T0234,F02,fold_diagnostic,89,ZILUSDT,0.05001663984987468
T0234,F03,fold_diagnostic,96,DOGEUSDT,0.0667038303621343
T0234,F04,fold_diagnostic,100,SOLUSDT,0.042739810607467815
T0234,F05,fold_diagnostic,91,SLPUSDT,0.044767380448516254
T0234,F06,fold_diagnostic,92,WAVESUSDT,0.04053039545337984
T0234,F07,fold_diagnostic,97,INJUSDT,0.0479394302768491
T0234,F08,fold_diagnostic,108,TRBUSDT,0.05267288331313525
T0235,F01,fold_diagnostic,68,OGNUSDT,0.055884591164885825
T0235,F02,fold_diagnostic,89,WAVESUSDT,0.05737230148355859
T0235,F03,fold_diagnostic,96,DOGEUSDT,0.08715819510148945
T0235,F04,fold_diagnostic,100,SHIBUSDT,0.04361599847629946
T0235,F05,fold_diagnostic,91,SHIBUSDT,0.040911408930794514
T0235,F06,fold_diagnostic,92,DOTUSDT,0.0392467289055496
T0235,F07,fold_diagnostic,97,SANDUSDT,0.02749114793383095
T0235,F08,fold_diagnostic,108,PEPEUSDT,0.056618285974124855
T0236,F01,fold_diagnostic,68,HBARUSDT,0.07111178227336794
T0236,F02,fold_diagnostic,89,SUSHIUSDT,0.048010925253272496
T0236,F03,fold_diagnostic,96,DOGEUSDT,0.07042737733399469
T0236,F04,fold_diagnostic,100,SHIBUSDT,0.048164319310343345
T0236,F05,fold_diagnostic,91,SHIBUSDT,0.036455795030999015
T0236,F06,fold_diagnostic,92,GMTUSDT,0.04318115341388579
T0236,F07,fold_diagnostic,97,INJUSDT,0.05293025283598063
T0236,F08,fold_diagnostic,108,AKROUSDT,0.04101150103607604
T0237,F01,fold_diagnostic,69,ERDUSDT,0.058791604568606735
T0237,F02,fold_diagnostic,89,SUSHIUSDT,0.03575503764865975
T0237,F03,fold_diagnostic,96,DOGEUSDT,0.059207558964604966
T0237,F04,fold_diagnostic,95,SLPUSDT,0.04435866320877182
T0237,F05,fold_diagnostic,73,WAVESUSDT,0.05501040912201844
T0237,F06,fold_diagnostic,92,MASKUSDT,0.053984268249211084
T0237,F07,fold_diagnostic,97,HOOKUSDT,0.046977551434574716
T0237,F08,fold_diagnostic,107,LOOMUSDT,0.038813236697327995
T0238,F01,fold_diagnostic,69,HBARUSDT,0.08950518256543744
T0238,F02,fold_diagnostic,89,SUSHIUSDT,0.04985659015683808
T0238,F03,fold_diagnostic,96,DOGEUSDT,0.061034324369782254
T0238,F04,fold_diagnostic,95,SHIBUSDT,0.08032225717521964
T0238,F05,fold_diagnostic,73,WAVESUSDT,0.052280946694603744
T0238,F06,fold_diagnostic,92,DYDXUSDT,0.03237539723148437
T0238,F07,fold_diagnostic,97,DYDXUSDT,0.044105589288410844
T0238,F08,fold_diagnostic,107,SEIUSDT,0.04317624165977045
T0239,F01,fold_diagnostic,69,BANDUSDT,0.07878010123266022
T0239,F02,fold_diagnostic,89,BANDUSDT,0.09244687170802028
T0239,F03,fold_diagnostic,96,DOGEUSDT,0.12535002981038673
T0239,F04,fold_diagnostic,100,SLPUSDT,0.07330967231143352
T0239,F05,fold_diagnostic,91,LOKAUSDT,0.033181642357312885
T0239,F06,fold_diagnostic,92,MASKUSDT,0.02857984839895286
T0239,F07,fold_diagnostic,97,ACHUSDT,0.03607335140319429
T0239,F08,fold_diagnostic,108,BCHUSDT,0.03251132168467843
T0240,F01,fold_diagnostic,69,ATOMUSDT,0.04695161904050284
T0240,F02,fold_diagnostic,89,SUSHIUSDT,0.048919524335352856
T0240,F03,fold_diagnostic,96,DOGEUSDT,0.08777692896689512
T0240,F04,fold_diagnostic,100,SHIBUSDT,0.09863695405684703
T0240,F05,fold_diagnostic,91,PEOPLEUSDT,0.04717249602435249
T0240,F06,fold_diagnostic,92,UNFIUSDT,0.05789255207001931
T0240,F07,fold_diagnostic,97,FETUSDT,0.07532552536545851
T0240,F08,fold_diagnostic,108,OPUSDT,0.041910574032993454
T0241,F01,fold_diagnostic,24,XLMUSDT,0.06177775526715159
T0241,F02,fold_diagnostic,62,XTZUSDT,0.03671024127049629
T0241,F03,fold_diagnostic,80,AVAXUSDT,0.026147773957877738
T0241,F04,fold_diagnostic,93,ICPUSDT,0.026803571942410374
T0241,F05,fold_diagnostic,98,ALGOUSDT,0.02468305379974618
T0241,F06,fold_diagnostic,85,WAVESUSDT,0.023754189659625613
T0241,F07,fold_diagnostic,97,DOTUSDT,0.025008585667062155
T0241,F08,fold_diagnostic,99,DYDXUSDT,0.025167036056062367
T0242,F01,fold_diagnostic,24,EOSUSDT,0.08370100797162161
T0242,F02,fold_diagnostic,62,XTZUSDT,0.04946398564656231
T0242,F03,fold_diagnostic,80,DOGEUSDT,0.051814264049083236
T0242,F04,fold_diagnostic,93,ICPUSDT,0.03512784599524098
T0242,F05,fold_diagnostic,98,ALGOUSDT,0.03904382771284832
T0242,F06,fold_diagnostic,85,WAVESUSDT,0.029413618930491922
T0242,F07,fold_diagnostic,97,DOGEUSDT,0.03705630590388256
T0242,F08,fold_diagnostic,99,TRBUSDT,0.04555775050768921
T0243,F01,fold_diagnostic,24,VETUSDT,0.1212861685002746
T0243,F02,fold_diagnostic,62,SXPUSDT,0.05083837644435107
T0243,F03,fold_diagnostic,80,DOGEUSDT,0.09984951824911148
T0243,F04,fold_diagnostic,93,LUNAUSDT,0.06948458793974828
T0243,F05,fold_diagnostic,98,ALGOUSDT,0.03822431423638591
T0243,F06,fold_diagnostic,85,GALAUSDT,0.035949987438761336
T0243,F07,fold_diagnostic,97,DYDXUSDT,0.028249509176027508
T0243,F08,fold_diagnostic,99,TRBUSDT,0.13572626187278472
T0244,F01,fold_diagnostic,24,VETUSDT,0.1699278727547731
T0244,F02,fold_diagnostic,62,THETAUSDT,0.07318295186662875
T0244,F03,fold_diagnostic,80,DOGEUSDT,0.11864522942493098
T0244,F04,fold_diagnostic,93,1000SHIBUSDT,0.062119008476796064
T0244,F05,fold_diagnostic,98,SUSHIUSDT,0.030569270930970803
T0244,F06,fold_diagnostic,85,GALAUSDT,0.04138859495022596
T0244,F07,fold_diagnostic,97,APTUSDT,0.04254828696185507
T0244,F08,fold_diagnostic,99,TRBUSDT,0.13358427864557648
T0245,F01,fold_diagnostic,24,ETHUSDT,0.05565852501919329
T0245,F02,fold_diagnostic,62,XTZUSDT,0.034605951370969716
T0245,F03,fold_diagnostic,80,MKRUSDT,0.02638555426188233
T0245,F04,fold_diagnostic,93,LTCUSDT,0.026263043923741878
T0245,F05,fold_diagnostic,98,ALGOUSDT,0.025049004432359037
T0245,F06,fold_diagnostic,86,GMTUSDT,0.022695081151606636
T0245,F07,fold_diagnostic,97,BNBUSDT,0.024198181946651406
T0245,F08,fold_diagnostic,99,ETCUSDT,0.02303009825215211
T0246,F01,fold_diagnostic,24,LTCUSDT,0.08314495843663881
T0246,F02,fold_diagnostic,62,IOTAUSDT,0.03774025197279889
T0246,F03,fold_diagnostic,80,DOGEUSDT,0.105876598846923
T0246,F04,fold_diagnostic,93,EOSUSDT,0.037807318922626953
T0246,F05,fold_diagnostic,98,ALGOUSDT,0.03134468213429313
T0246,F06,fold_diagnostic,86,GMTUSDT,0.0292199074910875
T0246,F07,fold_diagnostic,97,DOGEUSDT,0.03629170724534482
T0246,F08,fold_diagnostic,99,TRBUSDT,0.05699450492152208
T0247,F01,fold_diagnostic,24,LTCUSDT,0.13425249516195611
T0247,F02,fold_diagnostic,62,SUSHIUSDT,0.04256150169317487
T0247,F03,fold_diagnostic,80,DOGEUSDT,0.15927556614279137
T0247,F04,fold_diagnostic,93,ALICEUSDT,0.05755201812304424
T0247,F05,fold_diagnostic,98,ALGOUSDT,0.03352766191109911
T0247,F06,fold_diagnostic,86,MANAUSDT,0.035356459768875914
T0247,F07,fold_diagnostic,97,MASKUSDT,0.04276045637700021
T0247,F08,fold_diagnostic,99,TRBUSDT,0.09597724717437785
T0248,F01,fold_diagnostic,24,VETUSDT,0.11101940028186676
T0248,F02,fold_diagnostic,62,THETAUSDT,0.06828539410284166
T0248,F03,fold_diagnostic,80,DOGEUSDT,0.16027169308395958
T0248,F04,fold_diagnostic,93,SANDUSDT,0.07259607824167935
T0248,F05,fold_diagnostic,98,SUSHIUSDT,0.030958068535742556
T0248,F06,fold_diagnostic,86,DYDXUSDT,0.04018204460413499
T0248,F07,fold_diagnostic,97,BCHUSDT,0.03360719687451643
T0248,F08,fold_diagnostic,99,TRBUSDT,0.1297248267102655
T0249,F01,fold_diagnostic,24,LTCUSDT,0.054468221614830004
T0249,F02,fold_diagnostic,62,XMRUSDT,0.03683954402204586
T0249,F03,fold_diagnostic,80,BTCUSDT,0.026958203745028067
T0249,F04,fold_diagnostic,93,LINKUSDT,0.025323794740276025
T0249,F05,fold_diagnostic,98,DYDXUSDT,0.025201450189043337
T0249,F06,fold_diagnostic,85,AXSUSDT,0.02400110159698246
T0249,F07,fold_diagnostic,97,XRPUSDT,0.025697677866274818
T0249,F08,fold_diagnostic,99,SUIUSDT,0.024248600097220734
T0250,F01,fold_diagnostic,24,LTCUSDT,0.0837558369732045
T0250,F02,fold_diagnostic,62,XMRUSDT,0.04324346461625491
T0250,F03,fold_diagnostic,80,DOGEUSDT,0.07646221967211864
T0250,F04,fold_diagnostic,93,ICPUSDT,0.03614025406540882
T0250,F05,fold_diagnostic,98,ALGOUSDT,0.030795443599758932
T0250,F06,fold_diagnostic,85,GMTUSDT,0.03055654989238266
T0250,F07,fold_diagnostic,97,APEUSDT,0.03570261321390091
T0250,F08,fold_diagnostic,99,TRBUSDT,0.05157730111612901
T0251,F01,fold_diagnostic,24,LTCUSDT,0.11381513917797337
T0251,F02,fold_diagnostic,62,ZILUSDT,0.04680182083465351
T0251,F03,fold_diagnostic,80,DOGEUSDT,0.1192271336970755
T0251,F04,fold_diagnostic,93,LUNAUSDT,0.04867939521970072
T0251,F05,fold_diagnostic,98,ALICEUSDT,0.02949591327035413
T0251,F06,fold_diagnostic,85,GMTUSDT,0.035221259303156595
T0251,F07,fold_diagnostic,97,INJUSDT,0.036294701090070096
T0251,F08,fold_diagnostic,99,TRBUSDT,0.14229395658586283
T0252,F01,fold_diagnostic,24,ADAUSDT,0.12503795159300815
T0252,F02,fold_diagnostic,62,ZILUSDT,0.057162957730991844
T0252,F03,fold_diagnostic,80,DOGEUSDT,0.16600384730262888
T0252,F04,fold_diagnostic,93,LUNAUSDT,0.0666976980059829
T0252,F05,fold_diagnostic,98,DYDXUSDT,0.03927321717188167
T0252,F06,fold_diagnostic,85,GMTUSDT,0.03615602758669777
T0252,F07,fold_diagnostic,97,BCHUSDT,0.04358334906660874
T0252,F08,fold_diagnostic,99,TRBUSDT,0.12457617003886381
T0253,F01,fold_diagnostic,24,XLMUSDT,0.06177775526715159
T0253,F02,fold_diagnostic,62,XTZUSDT,0.03671024127049629
T0253,F03,fold_diagnostic,80,AVAXUSDT,0.026147773957877738
T0253,F04,fold_diagnostic,93,ICPUSDT,0.026803571942410374
T0253,F05,fold_diagnostic,98,ALGOUSDT,0.02468305379974618
T0253,F06,fold_diagnostic,85,WAVESUSDT,0.023754189659625613
T0253,F07,fold_diagnostic,97,DOTUSDT,0.025008585667062155
T0253,F08,fold_diagnostic,99,DYDXUSDT,0.025167036056062367
T0254,F01,fold_diagnostic,24,EOSUSDT,0.08370100797162161
T0254,F02,fold_diagnostic,62,XTZUSDT,0.04946398564656231
T0254,F03,fold_diagnostic,80,DOGEUSDT,0.051814264049083236
T0254,F04,fold_diagnostic,93,ICPUSDT,0.03512784599524098
T0254,F05,fold_diagnostic,98,ALGOUSDT,0.03904382771284832
T0254,F06,fold_diagnostic,85,WAVESUSDT,0.029413618930491922
T0254,F07,fold_diagnostic,97,DOGEUSDT,0.03705630590388256
T0254,F08,fold_diagnostic,99,TRBUSDT,0.04555775050768921
T0255,F01,fold_diagnostic,24,VETUSDT,0.1212861685002746
T0255,F02,fold_diagnostic,62,SXPUSDT,0.05083837644435107
T0255,F03,fold_diagnostic,80,DOGEUSDT,0.09984951824911148
T0255,F04,fold_diagnostic,93,LUNAUSDT,0.06948458793974828
T0255,F05,fold_diagnostic,98,ALGOUSDT,0.03822431423638591
T0255,F06,fold_diagnostic,85,GALAUSDT,0.035949987438761336
T0255,F07,fold_diagnostic,97,DYDXUSDT,0.028249509176027508
T0255,F08,fold_diagnostic,99,TRBUSDT,0.13572626187278472
T0256,F01,fold_diagnostic,24,VETUSDT,0.1699278727547731
T0256,F02,fold_diagnostic,62,THETAUSDT,0.07318295186662875
T0256,F03,fold_diagnostic,80,DOGEUSDT,0.11864522942493098
T0256,F04,fold_diagnostic,93,1000SHIBUSDT,0.062119008476796064
T0256,F05,fold_diagnostic,98,SUSHIUSDT,0.030569270930970803
T0256,F06,fold_diagnostic,85,GALAUSDT,0.04138859495022596
T0256,F07,fold_diagnostic,97,APTUSDT,0.04254828696185507
T0256,F08,fold_diagnostic,99,TRBUSDT,0.13358427864557648
T0257,F01,fold_diagnostic,24,ETHUSDT,0.05565852501919329
T0257,F02,fold_diagnostic,62,XTZUSDT,0.034605951370969716
T0257,F03,fold_diagnostic,80,MKRUSDT,0.02638555426188233
T0257,F04,fold_diagnostic,93,LTCUSDT,0.026263043923741878
T0257,F05,fold_diagnostic,98,ALGOUSDT,0.025049004432359037
T0257,F06,fold_diagnostic,86,GMTUSDT,0.022695081151606636
T0257,F07,fold_diagnostic,97,BNBUSDT,0.024198181946651406
T0257,F08,fold_diagnostic,99,ETCUSDT,0.02303009825215211
T0258,F01,fold_diagnostic,24,LTCUSDT,0.08314495843663881
T0258,F02,fold_diagnostic,62,IOTAUSDT,0.03774025197279889
T0258,F03,fold_diagnostic,80,DOGEUSDT,0.105876598846923
T0258,F04,fold_diagnostic,93,EOSUSDT,0.037807318922626953
T0258,F05,fold_diagnostic,98,ALGOUSDT,0.03134468213429313
T0258,F06,fold_diagnostic,86,GMTUSDT,0.0292199074910875
T0258,F07,fold_diagnostic,97,DOGEUSDT,0.03629170724534482
T0258,F08,fold_diagnostic,99,TRBUSDT,0.05699450492152208
T0259,F01,fold_diagnostic,24,LTCUSDT,0.13425249516195611
T0259,F02,fold_diagnostic,62,SUSHIUSDT,0.04256150169317487
T0259,F03,fold_diagnostic,80,DOGEUSDT,0.15927556614279137
T0259,F04,fold_diagnostic,93,ALICEUSDT,0.05755201812304424
T0259,F05,fold_diagnostic,98,ALGOUSDT,0.03352766191109911
T0259,F06,fold_diagnostic,86,MANAUSDT,0.035356459768875914
T0259,F07,fold_diagnostic,97,MASKUSDT,0.04276045637700021
T0259,F08,fold_diagnostic,99,TRBUSDT,0.09597724717437785
T0260,F01,fold_diagnostic,24,VETUSDT,0.11101940028186676
T0260,F02,fold_diagnostic,62,THETAUSDT,0.06828539410284166
T0260,F03,fold_diagnostic,80,DOGEUSDT,0.16027169308395958
T0260,F04,fold_diagnostic,93,SANDUSDT,0.07259607824167935
T0260,F05,fold_diagnostic,98,SUSHIUSDT,0.030958068535742556
T0260,F06,fold_diagnostic,86,DYDXUSDT,0.04018204460413499
T0260,F07,fold_diagnostic,97,BCHUSDT,0.03360719687451643
T0260,F08,fold_diagnostic,99,TRBUSDT,0.1297248267102655
T0261,F01,fold_diagnostic,24,LTCUSDT,0.054468221614830004
T0261,F02,fold_diagnostic,62,XMRUSDT,0.03683954402204586
T0261,F03,fold_diagnostic,80,BTCUSDT,0.026958203745028067
T0261,F04,fold_diagnostic,93,LINKUSDT,0.025323794740276025
T0261,F05,fold_diagnostic,98,DYDXUSDT,0.025201450189043337
T0261,F06,fold_diagnostic,85,AXSUSDT,0.02400110159698246
T0261,F07,fold_diagnostic,97,XRPUSDT,0.025697677866274818
T0261,F08,fold_diagnostic,99,SUIUSDT,0.024248600097220734
T0262,F01,fold_diagnostic,24,LTCUSDT,0.0837558369732045
T0262,F02,fold_diagnostic,62,XMRUSDT,0.04324346461625491
T0262,F03,fold_diagnostic,80,DOGEUSDT,0.07646221967211864
T0262,F04,fold_diagnostic,93,ICPUSDT,0.03614025406540882
T0262,F05,fold_diagnostic,98,ALGOUSDT,0.030795443599758932
T0262,F06,fold_diagnostic,85,GMTUSDT,0.03055654989238266
T0262,F07,fold_diagnostic,97,APEUSDT,0.03570261321390091
T0262,F08,fold_diagnostic,99,TRBUSDT,0.05157730111612901
T0263,F01,fold_diagnostic,24,LTCUSDT,0.11381513917797337
T0263,F02,fold_diagnostic,62,ZILUSDT,0.04680182083465351
T0263,F03,fold_diagnostic,80,DOGEUSDT,0.1192271336970755
T0263,F04,fold_diagnostic,93,LUNAUSDT,0.04867939521970072
T0263,F05,fold_diagnostic,98,ALICEUSDT,0.02949591327035413
T0263,F06,fold_diagnostic,85,GMTUSDT,0.035221259303156595
T0263,F07,fold_diagnostic,97,INJUSDT,0.036294701090070096
T0263,F08,fold_diagnostic,99,TRBUSDT,0.14229395658586283
T0264,F01,fold_diagnostic,24,ADAUSDT,0.12503795159300815
T0264,F02,fold_diagnostic,62,ZILUSDT,0.057162957730991844
T0264,F03,fold_diagnostic,80,DOGEUSDT,0.16600384730262888
T0264,F04,fold_diagnostic,93,LUNAUSDT,0.0666976980059829
T0264,F05,fold_diagnostic,98,DYDXUSDT,0.03927321717188167
T0264,F06,fold_diagnostic,85,GMTUSDT,0.03615602758669777
T0264,F07,fold_diagnostic,97,BCHUSDT,0.04358334906660874
T0264,F08,fold_diagnostic,99,TRBUSDT,0.12457617003886381
T0265,F01,fold_diagnostic,24,LTCUSDT,0.06103540668329398
T0265,F02,fold_diagnostic,62,XTZUSDT,0.03553809882456518
T0265,F03,fold_diagnostic,80,EOSUSDT,0.025707619862040867
T0265,F04,fold_diagnostic,93,LTCUSDT,0.025338222866804365
T0265,F05,fold_diagnostic,98,EOSUSDT,0.02317887167170243
T0265,F06,fold_diagnostic,85,WAVESUSDT,0.023455406968408865
T0265,F07,fold_diagnostic,97,ATOMUSDT,0.024221349426937933
T0265,F08,fold_diagnostic,99,LTCUSDT,0.023920953528415934
T0266,F01,fold_diagnostic,24,XLMUSDT,0.08342098947963598
T0266,F02,fold_diagnostic,62,XTZUSDT,0.045214079013420935
T0266,F03,fold_diagnostic,80,DOGEUSDT,0.034692619309724296
T0266,F04,fold_diagnostic,93,DOGEUSDT,0.035521406105313666
T0266,F05,fold_diagnostic,98,BCHUSDT,0.02926813148242139
T0266,F06,fold_diagnostic,85,GALAUSDT,0.028315971438896696
T0266,F07,fold_diagnostic,97,SANDUSDT,0.027656432761475242
T0266,F08,fold_diagnostic,99,TRBUSDT,0.03382237324339392
T0267,F01,fold_diagnostic,24,EOSUSDT,0.12975010925493652
T0267,F02,fold_diagnostic,62,SXPUSDT,0.06643817405770694
T0267,F03,fold_diagnostic,80,DOGEUSDT,0.09867927161151158
T0267,F04,fold_diagnostic,93,LUNAUSDT,0.04085329293662461
T0267,F05,fold_diagnostic,98,ALGOUSDT,0.03514069116005883
T0267,F06,fold_diagnostic,85,WAVESUSDT,0.037122449647527485
T0267,F07,fold_diagnostic,97,CFXUSDT,0.030695482815296566
T0267,F08,fold_diagnostic,99,TRBUSDT,0.11240209731552768
T0268,F01,fold_diagnostic,24,VETUSDT,0.1239335787889905
T0268,F02,fold_diagnostic,62,THETAUSDT,0.07232427365860734
T0268,F03,fold_diagnostic,80,DOGEUSDT,0.10015172645711197
T0268,F04,fold_diagnostic,93,SANDUSDT,0.0686417603907664
T0268,F05,fold_diagnostic,98,LRCUSDT,0.028631220315778153
T0268,F06,fold_diagnostic,85,GMTUSDT,0.038096527071943304
T0268,F07,fold_diagnostic,97,APTUSDT,0.035258614291309574
T0268,F08,fold_diagnostic,99,TRBUSDT,0.12175779740252325
T0269,F01,fold_diagnostic,24,ETCUSDT,0.060102306340914076
T0269,F02,fold_diagnostic,62,NEOUSDT,0.03163445290647124
T0269,F03,fold_diagnostic,80,SXPUSDT,0.03062872487208835
T0269,F04,fold_diagnostic,93,ICPUSDT,0.03064606486640304
T0269,F05,fold_diagnostic,98,AVAXUSDT,0.02611407561538362
T0269,F06,fold_diagnostic,86,GMTUSDT,0.024107973381134382
T0269,F07,fold_diagnostic,97,DYDXUSDT,0.026931896007862857
T0269,F08,fold_diagnostic,99,SUIUSDT,0.024302790662482535
T0270,F01,fold_diagnostic,24,XLMUSDT,0.08824532742435372
T0270,F02,fold_diagnostic,62,XTZUSDT,0.049357272035781816
T0270,F03,fold_diagnostic,80,DOGEUSDT,0.056740239297195516
T0270,F04,fold_diagnostic,93,ICPUSDT,0.04927983954307873
T0270,F05,fold_diagnostic,98,AVAXUSDT,0.03021348442355138
T0270,F06,fold_diagnostic,86,WAVESUSDT,0.027511090435329576
T0270,F07,fold_diagnostic,97,DOGEUSDT,0.030162498614165457
T0270,F08,fold_diagnostic,99,TRBUSDT,0.06269940057895537
T0271,F01,fold_diagnostic,24,BCHUSDT,0.11634712704575981
T0271,F02,fold_diagnostic,62,SXPUSDT,0.0557378389394312
T0271,F03,fold_diagnostic,80,DOGEUSDT,0.06779320752847229
T0271,F04,fold_diagnostic,93,LUNAUSDT,0.049800243603433
T0271,F05,fold_diagnostic,98,ALICEUSDT,0.034074366159270446
T0271,F06,fold_diagnostic,86,WAVESUSDT,0.03512819723588548
T0271,F07,fold_diagnostic,97,GRTUSDT,0.029721523131287945
T0271,F08,fold_diagnostic,99,TRBUSDT,0.09353701837914163
T0272,F01,fold_diagnostic,24,ADAUSDT,0.1512721835854589
T0272,F02,fold_diagnostic,62,THETAUSDT,0.07066595758407102
T0272,F03,fold_diagnostic,80,DOGEUSDT,0.1037943719790786
T0272,F04,fold_diagnostic,93,LUNAUSDT,0.05606469856279349
T0272,F05,fold_diagnostic,98,SUSHIUSDT,0.03239192429326223
T0272,F06,fold_diagnostic,86,WAVESUSDT,0.039484223792474765
T0272,F07,fold_diagnostic,97,INJUSDT,0.03812242176995912
T0272,F08,fold_diagnostic,99,TRBUSDT,0.1370215591240868
T0273,F01,fold_diagnostic,24,LTCUSDT,0.06307359374638245
T0273,F02,fold_diagnostic,62,XTZUSDT,0.03351872607163388
T0273,F03,fold_diagnostic,80,ZECUSDT,0.025751609445426153
T0273,F04,fold_diagnostic,93,ICPUSDT,0.025929642785591723
T0273,F05,fold_diagnostic,98,GALAUSDT,0.02742925780848717
T0273,F06,fold_diagnostic,85,MANAUSDT,0.023982440064920698
T0273,F07,fold_diagnostic,97,BNBUSDT,0.025021163199063622
T0273,F08,fold_diagnostic,99,DYDXUSDT,0.02540680918013661
T0274,F01,fold_diagnostic,24,XLMUSDT,0.10547482227903995
T0274,F02,fold_diagnostic,62,SXPUSDT,0.03894592190204923
T0274,F03,fold_diagnostic,80,XRPUSDT,0.03178567979459056
T0274,F04,fold_diagnostic,93,ICPUSDT,0.03487298398350265
T0274,F05,fold_diagnostic,98,ALGOUSDT,0.030775323569585896
T0274,F06,fold_diagnostic,85,NEARUSDT,0.029176588669890893
T0274,F07,fold_diagnostic,97,SOLUSDT,0.03160015872902439
T0274,F08,fold_diagnostic,99,LTCUSDT,0.03076556339065404
T0275,F01,fold_diagnostic,24,VETUSDT,0.11581612146543459
T0275,F02,fold_diagnostic,62,THETAUSDT,0.06756491003249794
T0275,F03,fold_diagnostic,80,DOGEUSDT,0.08471451000850892
T0275,F04,fold_diagnostic,93,SANDUSDT,0.05103570829057428
T0275,F05,fold_diagnostic,98,SUSHIUSDT,0.03206652870532984
T0275,F06,fold_diagnostic,85,GMTUSDT,0.03783599042079654
T0275,F07,fold_diagnostic,97,BCHUSDT,0.03094439356902872
T0275,F08,fold_diagnostic,99,TRBUSDT,0.08151562960379288
T0276,F01,fold_diagnostic,24,VETUSDT,0.10781419719605889
T0276,F02,fold_diagnostic,62,THETAUSDT,0.08635901997136876
T0276,F03,fold_diagnostic,80,DOGEUSDT,0.10574091726677119
T0276,F04,fold_diagnostic,93,SANDUSDT,0.0624447224784747
T0276,F05,fold_diagnostic,98,SUSHIUSDT,0.026329774078381402
T0276,F06,fold_diagnostic,85,MANAUSDT,0.03944019848441498
T0276,F07,fold_diagnostic,97,OCEANUSDT,0.04663780853297781
T0276,F08,fold_diagnostic,99,TRBUSDT,0.11897719192085289
T0277,F01,fold_diagnostic,24,LTCUSDT,0.07018072836071068
T0277,F02,fold_diagnostic,62,ETCUSDT,0.03772412334957516
T0277,F03,fold_diagnostic,80,AVAXUSDT,0.03964827996831716
T0277,F04,fold_diagnostic,93,ICPUSDT,0.03261028463914702
T0277,F05,fold_diagnostic,98,DYDXUSDT,0.03466530727582592
T0277,F06,fold_diagnostic,85,GALAUSDT,0.02549360241485414
T0277,F07,fold_diagnostic,97,OPUSDT,0.04066790383978545
T0277,F08,fold_diagnostic,99,DYDXUSDT,0.026649699081208993
T0278,F01,fold_diagnostic,24,LTCUSDT,0.1024228759030894
T0278,F02,fold_diagnostic,62,SXPUSDT,0.04707911430603161
T0278,F03,fold_diagnostic,80,AVAXUSDT,0.03359974565875587
T0278,F04,fold_diagnostic,93,ICPUSDT,0.05123070691536469
T0278,F05,fold_diagnostic,98,ALGOUSDT,0.03223768982720431
T0278,F06,fold_diagnostic,85,WAVESUSDT,0.030984097465964533
T0278,F07,fold_diagnostic,97,ATOMUSDT,0.04115337923028627
T0278,F08,fold_diagnostic,99,LTCUSDT,0.03293035285130291
T0279,F01,fold_diagnostic,24,ETCUSDT,0.11470481680340032
T0279,F02,fold_diagnostic,62,SXPUSDT,0.04539153447049061
T0279,F03,fold_diagnostic,80,DOGEUSDT,0.06107276763885968
T0279,F04,fold_diagnostic,93,LUNAUSDT,0.05139555567279714
T0279,F05,fold_diagnostic,98,ALGOUSDT,0.03741534237063635
T0279,F06,fold_diagnostic,85,SANDUSDT,0.03379797549604984
T0279,F07,fold_diagnostic,97,LINAUSDT,0.04401369402353771
T0279,F08,fold_diagnostic,99,TRBUSDT,0.10592697242911008
T0280,F01,fold_diagnostic,24,VETUSDT,0.12626756133936454
T0280,F02,fold_diagnostic,62,THETAUSDT,0.06833690822568803
T0280,F03,fold_diagnostic,80,DOGEUSDT,0.11295619173135417
T0280,F04,fold_diagnostic,93,1000SHIBUSDT,0.05753511913426195
T0280,F05,fold_diagnostic,98,ALGOUSDT,0.03723079990022404
T0280,F06,fold_diagnostic,85,GALAUSDT,0.04330959040182357
T0280,F07,fold_diagnostic,97,INJUSDT,0.03439270562572396
T0280,F08,fold_diagnostic,99,TRBUSDT,0.11876828478622314
T0281,F01,fold_diagnostic,24,IOTAUSDT,0.08347979087292132
T0281,F02,fold_diagnostic,62,NEOUSDT,0.043223650692257615
T0281,F03,fold_diagnostic,80,SXPUSDT,0.0367472975111352
T0281,F04,fold_diagnostic,93,ENJUSDT,0.0325190800681766
T0281,F05,fold_diagnostic,98,BELUSDT,0.04001455211725181
T0281,F06,fold_diagnostic,85,GALAUSDT,0.025876006938587267
T0281,F07,fold_diagnostic,97,SOLUSDT,0.04047507745038248
T0281,F08,fold_diagnostic,99,DYDXUSDT,0.03269523498467577
T0282,F01,fold_diagnostic,24,ETCUSDT,0.13569881491757335
T0282,F02,fold_diagnostic,62,ATOMUSDT,0.04582305666294639
T0282,F03,fold_diagnostic,80,DOGEUSDT,0.07446014543335175
T0282,F04,fold_diagnostic,93,ENJUSDT,0.04526129772783588
T0282,F05,fold_diagnostic,98,ALGOUSDT,0.032715538716315225
T0282,F06,fold_diagnostic,85,WAVESUSDT,0.03261884389078684
T0282,F07,fold_diagnostic,97,SOLUSDT,0.037441719263807044
T0282,F08,fold_diagnostic,99,TRBUSDT,0.04939785006982666
T0283,F01,fold_diagnostic,24,ADAUSDT,0.1534654079503237
T0283,F02,fold_diagnostic,62,SUSHIUSDT,0.061713166357082946
T0283,F03,fold_diagnostic,80,DOGEUSDT,0.11998011601941311
T0283,F04,fold_diagnostic,93,LUNAUSDT,0.04865220791330828
T0283,F05,fold_diagnostic,98,BCHUSDT,0.03245728672651822
T0283,F06,fold_diagnostic,85,FTMUSDT,0.03802406616349994
T0283,F07,fold_diagnostic,97,LINAUSDT,0.04488199772616796
T0283,F08,fold_diagnostic,99,TRBUSDT,0.08740868749145339
T0284,F01,fold_diagnostic,24,EOSUSDT,0.14157455788836862
T0284,F02,fold_diagnostic,62,THETAUSDT,0.05566230350325901
T0284,F03,fold_diagnostic,80,DOGEUSDT,0.14015961981435834
T0284,F04,fold_diagnostic,93,SANDUSDT,0.06411261512796147
T0284,F05,fold_diagnostic,98,ALGOUSDT,0.03827822199119592
T0284,F06,fold_diagnostic,85,GMTUSDT,0.03935610660868934
T0284,F07,fold_diagnostic,97,BCHUSDT,0.04578382006318362
T0284,F08,fold_diagnostic,99,TRBUSDT,0.10838509210488417
T0285,F01,fold_diagnostic,24,IOTAUSDT,0.07866410962566209
T0285,F02,fold_diagnostic,62,NEOUSDT,0.04387324770556953
T0285,F03,fold_diagnostic,80,DOGEUSDT,0.04380670770903459
T0285,F04,fold_diagnostic,93,1000SHIBUSDT,0.029502881823137313
T0285,F05,fold_diagnostic,98,BELUSDT,0.04714793581506799
T0285,F06,fold_diagnostic,85,SOLUSDT,0.027813453334266942
T0285,F07,fold_diagnostic,97,SOLUSDT,0.04295960516579921
T0285,F08,fold_diagnostic,99,DYDXUSDT,0.03265342307929742
T0286,F01,fold_diagnostic,24,ETCUSDT,0.14008778188910484
T0286,F02,fold_diagnostic,62,ALGOUSDT,0.05124771772346567
T0286,F03,fold_diagnostic,80,DOGEUSDT,0.08746993701724602
T0286,F04,fold_diagnostic,93,1000SHIBUSDT,0.045846124846841294
T0286,F05,fold_diagnostic,98,ALGOUSDT,0.03617706625394898
T0286,F06,fold_diagnostic,85,WAVESUSDT,0.0328197852371899
T0286,F07,fold_diagnostic,97,SOLUSDT,0.0429863367759159
T0286,F08,fold_diagnostic,99,TRBUSDT,0.05471313213434151
T0287,F01,fold_diagnostic,24,LTCUSDT,0.11193199289819156
T0287,F02,fold_diagnostic,62,SUSHIUSDT,0.05736016753547732
T0287,F03,fold_diagnostic,80,DOGEUSDT,0.10885216394665198
T0287,F04,fold_diagnostic,93,FTMUSDT,0.050465585411761694
T0287,F05,fold_diagnostic,98,ALGOUSDT,0.03571718582784225
T0287,F06,fold_diagnostic,85,FTMUSDT,0.04262477690265395
T0287,F07,fold_diagnostic,97,LINAUSDT,0.051855859472480184
T0287,F08,fold_diagnostic,99,TRBUSDT,0.09160076790467966
T0288,F01,fold_diagnostic,24,EOSUSDT,0.1717731521646357
T0288,F02,fold_diagnostic,62,THETAUSDT,0.05999370613685378
T0288,F03,fold_diagnostic,80,DOGEUSDT,0.22335013962400116
T0288,F04,fold_diagnostic,93,SANDUSDT,0.060056417005273706
T0288,F05,fold_diagnostic,98,ALGOUSDT,0.039793799405832525
T0288,F06,fold_diagnostic,85,GMTUSDT,0.03988500365016555
T0288,F07,fold_diagnostic,97,BCHUSDT,0.041925738131054886
T0288,F08,fold_diagnostic,99,TRBUSDT,0.112628762243896
T0289,F01,fold_diagnostic,24,EOSUSDT,0.05995371918584132
T0289,F02,fold_diagnostic,62,XLMUSDT,0.030054497223501748
T0289,F03,fold_diagnostic,80,YFIUSDT,0.026531563474832535
T0289,F04,fold_diagnostic,93,LTCUSDT,0.024562048920960766
T0289,F05,fold_diagnostic,98,ATOMUSDT,0.022605204651038595
T0289,F06,fold_diagnostic,85,WAVESUSDT,0.024457475321189494
T0289,F07,fold_diagnostic,97,OPUSDT,0.025256848909159805
T0289,F08,fold_diagnostic,99,SUIUSDT,0.022842221785545666
T0290,F01,fold_diagnostic,24,BCHUSDT,0.09153317638282447
T0290,F02,fold_diagnostic,62,OMGUSDT,0.037091200838054915
T0290,F03,fold_diagnostic,80,DOGEUSDT,0.0501178827326302
T0290,F04,fold_diagnostic,93,THETAUSDT,0.031142172271365374
T0290,F05,fold_diagnostic,98,GALAUSDT,0.02969668726141009
T0290,F06,fold_diagnostic,85,WAVESUSDT,0.030519358625389167
T0290,F07,fold_diagnostic,97,OPUSDT,0.028616728743841188
T0290,F08,fold_diagnostic,99,TRBUSDT,0.02897115634785769
T0291,F01,fold_diagnostic,24,BCHUSDT,0.11915153833671437
T0291,F02,fold_diagnostic,62,SXPUSDT,0.051777142284829235
T0291,F03,fold_diagnostic,80,DOGEUSDT,0.08800091182002022
T0291,F04,fold_diagnostic,93,SANDUSDT,0.04627304701203437
T0291,F05,fold_diagnostic,98,AVAXUSDT,0.025836191203624112
T0291,F06,fold_diagnostic,85,MANAUSDT,0.038330633785339234
T0291,F07,fold_diagnostic,97,CFXUSDT,0.030050000038306216
T0291,F08,fold_diagnostic,99,TRBUSDT,0.10028011899289002
T0292,F01,fold_diagnostic,24,VETUSDT,0.10775891616966478
T0292,F02,fold_diagnostic,62,THETAUSDT,0.07769799857421979
T0292,F03,fold_diagnostic,80,DOGEUSDT,0.11796238208936465
T0292,F04,fold_diagnostic,93,LUNAUSDT,0.06719837430618185
T0292,F05,fold_diagnostic,98,SUSHIUSDT,0.032196701320857626
T0292,F06,fold_diagnostic,85,GALAUSDT,0.04184918804595699
T0292,F07,fold_diagnostic,97,BCHUSDT,0.04317251663742682
T0292,F08,fold_diagnostic,99,TRBUSDT,0.13191275512320877
T0293,F01,fold_diagnostic,24,XRPUSDT,0.059422938871939085
T0293,F02,fold_diagnostic,62,BCHUSDT,0.03215623112530709
T0293,F03,fold_diagnostic,80,LTCUSDT,0.026358104984019214
T0293,F04,fold_diagnostic,93,FILUSDT,0.023906660806302726
T0293,F05,fold_diagnostic,98,ATOMUSDT,0.023212771549096317
T0293,F06,fold_diagnostic,85,WAVESUSDT,0.026588610354634556
T0293,F07,fold_diagnostic,97,1000SHIBUSDT,0.023044412958726203
T0293,F08,fold_diagnostic,99,LTCUSDT,0.022948192040024944
T0294,F01,fold_diagnostic,24,ETCUSDT,0.09005429036336911
T0294,F02,fold_diagnostic,62,SXPUSDT,0.04257529452302322
T0294,F03,fold_diagnostic,80,DOGEUSDT,0.05072645398005981
T0294,F04,fold_diagnostic,93,CHZUSDT,0.03216334211246917
T0294,F05,fold_diagnostic,98,DYDXUSDT,0.027839875377849384
T0294,F06,fold_diagnostic,85,WAVESUSDT,0.03358435238466669
T0294,F07,fold_diagnostic,97,ATOMUSDT,0.02566710522765556
T0294,F08,fold_diagnostic,99,TRBUSDT,0.03468504071394102
T0295,F01,fold_diagnostic,24,ADAUSDT,0.13778585891820483
T0295,F02,fold_diagnostic,62,SXPUSDT,0.06715214720332567
T0295,F03,fold_diagnostic,80,DOGEUSDT,0.08250788306267938
T0295,F04,fold_diagnostic,93,LUNAUSDT,0.04439778348459982
T0295,F05,fold_diagnostic,98,ALGOUSDT,0.029401192935685116
T0295,F06,fold_diagnostic,85,WAVESUSDT,0.03325560081137381
T0295,F07,fold_diagnostic,97,IDUSDT,0.03506202353385964
T0295,F08,fold_diagnostic,99,TRBUSDT,0.11922004613700937
T0296,F01,fold_diagnostic,24,VETUSDT,0.13687656084816624
T0296,F02,fold_diagnostic,62,THETAUSDT,0.08355675990094243
T0296,F03,fold_diagnostic,80,DOGEUSDT,0.07598883639532802
T0296,F04,fold_diagnostic,93,LUNAUSDT,0.06159324995239112
T0296,F05,fold_diagnostic,98,ALGOUSDT,0.026573896780533828
T0296,F06,fold_diagnostic,85,WAVESUSDT,0.039318745518410005
T0296,F07,fold_diagnostic,97,INJUSDT,0.047171450143346894
T0296,F08,fold_diagnostic,99,TRBUSDT,0.16151550359924197
T0297,F01,fold_diagnostic,24,LTCUSDT,0.06013718322600726
T0297,F02,fold_diagnostic,62,XTZUSDT,0.03196976905140331
T0297,F03,fold_diagnostic,80,AVAXUSDT,0.027012129511463468
T0297,F04,fold_diagnostic,93,ETCUSDT,0.02476527668602802
T0297,F05,fold_diagnostic,98,EOSUSDT,0.024209378427422292
T0297,F06,fold_diagnostic,85,NEARUSDT,0.02327125707899773
T0297,F07,fold_diagnostic,97,APEUSDT,0.023561518189945063
T0297,F08,fold_diagnostic,99,LTCUSDT,0.024344575178727648
T0298,F01,fold_diagnostic,24,BCHUSDT,0.10224673984304664
T0298,F02,fold_diagnostic,62,XTZUSDT,0.042272654497148066
T0298,F03,fold_diagnostic,80,ZECUSDT,0.038512863386396784
T0298,F04,fold_diagnostic,93,ICPUSDT,0.033390375038036234
T0298,F05,fold_diagnostic,98,BCHUSDT,0.028092901707904145
T0298,F06,fold_diagnostic,85,MANAUSDT,0.027679869876432946
T0298,F07,fold_diagnostic,97,DOGEUSDT,0.02722528440857595
T0298,F08,fold_diagnostic,99,TRBUSDT,0.040650275142511336
T0299,F01,fold_diagnostic,24,XRPUSDT,0.11236568692596953
T0299,F02,fold_diagnostic,62,THETAUSDT,0.05708014147190033
T0299,F03,fold_diagnostic,80,DOGEUSDT,0.10043003943981332
T0299,F04,fold_diagnostic,93,SANDUSDT,0.05773257064507998
T0299,F05,fold_diagnostic,98,ALGOUSDT,0.029265795995917287
T0299,F06,fold_diagnostic,85,GMTUSDT,0.036535318851924486
T0299,F07,fold_diagnostic,97,INJUSDT,0.029978443795918613
T0299,F08,fold_diagnostic,99,TRBUSDT,0.1076348272098806
T0300,F01,fold_diagnostic,24,VETUSDT,0.0914389766740104
T0300,F02,fold_diagnostic,62,THETAUSDT,0.0747913805952914
T0300,F03,fold_diagnostic,80,DOGEUSDT,0.11246603330709186
T0300,F04,fold_diagnostic,93,LUNAUSDT,0.07666167892795483
T0300,F05,fold_diagnostic,98,SUSHIUSDT,0.027905646632765915
T0300,F06,fold_diagnostic,85,GMTUSDT,0.04404009199608816
T0300,F07,fold_diagnostic,97,INJUSDT,0.04374177788313539
T0300,F08,fold_diagnostic,99,TRBUSDT,0.13432439421431971
T0301,F01,fold_diagnostic,24,ETCUSDT,0.07372700132432092
T0301,F02,fold_diagnostic,62,RLCUSDT,0.07214284064771088
T0301,F03,fold_diagnostic,80,TRXUSDT,0.056642068808406165
T0301,F04,fold_diagnostic,93,BCHUSDT,0.03162831102848645
T0301,F05,fold_diagnostic,98,CRVUSDT,0.028659650737402224
T0301,F06,fold_diagnostic,85,GMTUSDT,0.028427591659850888
T0301,F07,fold_diagnostic,97,BNBUSDT,0.024391840459149355
T0301,F08,fold_diagnostic,99,AVAXUSDT,0.027298264208085947
T0302,F01,fold_diagnostic,24,XRPUSDT,0.08926818301117913
T0302,F02,fold_diagnostic,62,RLCUSDT,0.09504704836812279
T0302,F03,fold_diagnostic,80,XMRUSDT,0.03647364257086916
T0302,F04,fold_diagnostic,93,ENJUSDT,0.04607562621923488
T0302,F05,fold_diagnostic,98,GALAUSDT,0.03147678290867463
T0302,F06,fold_diagnostic,85,SANDUSDT,0.03708864690327481
T0302,F07,fold_diagnostic,97,OPUSDT,0.02933558907233535
T0302,F08,fold_diagnostic,99,TRBUSDT,0.08507836124401269
T0303,F01,fold_diagnostic,24,LINKUSDT,0.12257950072870669
T0303,F02,fold_diagnostic,62,ZILUSDT,0.08000644569867045
T0303,F03,fold_diagnostic,80,SOLUSDT,0.07398210941302685
T0303,F04,fold_diagnostic,93,AVAXUSDT,0.05786664632590931
T0303,F05,fold_diagnostic,98,GALAUSDT,0.03276325390324772
T0303,F06,fold_diagnostic,85,DYDXUSDT,0.04931472008338577
T0303,F07,fold_diagnostic,97,GRTUSDT,0.054649395775546734
T0303,F08,fold_diagnostic,99,TRBUSDT,0.12351544446032907
T0304,F01,fold_diagnostic,24,VETUSDT,0.10812472231131752
T0304,F02,fold_diagnostic,62,ZILUSDT,0.05941852040289685
T0304,F03,fold_diagnostic,80,SOLUSDT,0.07074885361092027
T0304,F04,fold_diagnostic,93,SANDUSDT,0.07125111581158586
T0304,F05,fold_diagnostic,98,GALAUSDT,0.0318550558624745
T0304,F06,fold_diagnostic,85,GMTUSDT,0.041817749737402425
T0304,F07,fold_diagnostic,97,INJUSDT,0.05694185180563738
T0304,F08,fold_diagnostic,99,TRBUSDT,0.115969697857977
T0305,F01,fold_diagnostic,24,EOSUSDT,0.1438343321615493
T0305,F02,fold_diagnostic,62,KAVAUSDT,0.05927057293378283
T0305,F03,fold_diagnostic,80,SXPUSDT,0.05129343358059044
T0305,F04,fold_diagnostic,93,BCHUSDT,0.04506998840033096
T0305,F05,fold_diagnostic,98,CRVUSDT,0.03598166151129036
T0305,F06,fold_diagnostic,85,GMTUSDT,0.035001958012696587
T0305,F07,fold_diagnostic,97,FILUSDT,0.034984404670651864
T0305,F08,fold_diagnostic,99,ETHUSDT,0.04319510553651754
T0306,F01,fold_diagnostic,24,ADAUSDT,0.09942598486654677
T0306,F02,fold_diagnostic,62,RLCUSDT,0.060001653033379246
T0306,F03,fold_diagnostic,80,MATICUSDT,0.05422285614259374
T0306,F04,fold_diagnostic,93,MANAUSDT,0.0431617478062421
T0306,F05,fold_diagnostic,98,CRVUSDT,0.0409703093497266
T0306,F06,fold_diagnostic,85,SOLUSDT,0.042764359862832876
T0306,F07,fold_diagnostic,97,GMTUSDT,0.04835629275450669
T0306,F08,fold_diagnostic,99,TRBUSDT,0.05960591909406581
T0307,F01,fold_diagnostic,24,ETHUSDT,0.10755843660798296
T0307,F02,fold_diagnostic,62,ZILUSDT,0.07287334808072739
T0307,F03,fold_diagnostic,80,SOLUSDT,0.07679430099165337
T0307,F04,fold_diagnostic,93,SANDUSDT,0.05092584343994591
T0307,F05,fold_diagnostic,98,CRVUSDT,0.03418101620850087
T0307,F06,fold_diagnostic,85,APEUSDT,0.04378676745696496
T0307,F07,fold_diagnostic,97,GMTUSDT,0.05204048218652627
T0307,F08,fold_diagnostic,99,TRBUSDT,0.05260596258720028
T0308,F01,fold_diagnostic,24,VETUSDT,0.09376037910996696
T0308,F02,fold_diagnostic,62,ZILUSDT,0.06797206969567812
T0308,F03,fold_diagnostic,80,VETUSDT,0.05056644101195992
T0308,F04,fold_diagnostic,93,LUNAUSDT,0.06227186157267122
T0308,F05,fold_diagnostic,98,CRVUSDT,0.04025120931222508
T0308,F06,fold_diagnostic,85,GMTUSDT,0.04738479034068045
T0308,F07,fold_diagnostic,97,APTUSDT,0.04290041967016739
T0308,F08,fold_diagnostic,99,TRBUSDT,0.0697319644377035
T0309,F01,fold_diagnostic,24,TRXUSDT,0.12566631188636712
T0309,F02,fold_diagnostic,62,ATOMUSDT,0.06747823629218164
T0309,F03,fold_diagnostic,80,DOGEUSDT,0.041463548499292666
T0309,F04,fold_diagnostic,93,BCHUSDT,0.05500356665774794
T0309,F05,fold_diagnostic,98,ONEUSDT,0.03164703703713202
T0309,F06,fold_diagnostic,85,KNCUSDT,0.04231779186663139
T0309,F07,fold_diagnostic,97,GMTUSDT,0.03972958851797408
T0309,F08,fold_diagnostic,99,APEUSDT,0.02638364258418898
T0310,F01,fold_diagnostic,24,XLMUSDT,0.1136368935187256
T0310,F02,fold_diagnostic,62,YFIUSDT,0.05637595337144828
T0310,F03,fold_diagnostic,80,MATICUSDT,0.050244322567039354
T0310,F04,fold_diagnostic,93,1000SHIBUSDT,0.051756195313058556
T0310,F05,fold_diagnostic,98,ANCUSDT,0.11819783070864964
T0310,F06,fold_diagnostic,85,TRBUSDT,0.04902607653189354
T0310,F07,fold_diagnostic,97,GMTUSDT,0.03643273568848103
T0310,F08,fold_diagnostic,99,TRBUSDT,0.048591305145191444
T0311,F01,fold_diagnostic,24,ETCUSDT,0.10256790522990342
T0311,F02,fold_diagnostic,62,XRPUSDT,0.05759687677188711
T0311,F03,fold_diagnostic,80,SOLUSDT,0.05015468736649901
T0311,F04,fold_diagnostic,93,SOLUSDT,0.05338073556164155
T0311,F05,fold_diagnostic,98,FTMUSDT,0.04007396843417467
T0311,F06,fold_diagnostic,85,CHZUSDT,0.03897450700576674
T0311,F07,fold_diagnostic,97,MASKUSDT,0.038311430973957464
T0311,F08,fold_diagnostic,99,APTUSDT,0.04570497754749604
T0312,F01,fold_diagnostic,24,IOSTUSDT,0.10200687533152555
T0312,F02,fold_diagnostic,62,SXPUSDT,0.06883698947595453
T0312,F03,fold_diagnostic,80,SOLUSDT,0.05403288985419974
T0312,F04,fold_diagnostic,93,SANDUSDT,0.05352020184256927
T0312,F05,fold_diagnostic,98,GALAUSDT,0.03639012514257634
T0312,F06,fold_diagnostic,85,GMTUSDT,0.05854375597359341
T0312,F07,fold_diagnostic,97,SANDUSDT,0.04110015110137679
T0312,F08,fold_diagnostic,99,WLDUSDT,0.04025283947893663
T0313,F01,fold_diagnostic,24,ETHUSDT,0.10727258435301075
T0313,F02,fold_diagnostic,62,XLMUSDT,0.03973587181121526
T0313,F03,fold_diagnostic,80,LTCUSDT,0.04183774063996089
T0313,F04,fold_diagnostic,93,ETCUSDT,0.03907665458778306
T0313,F05,fold_diagnostic,98,THETAUSDT,0.02728616151052716
T0313,F06,fold_diagnostic,85,LITUSDT,0.03726288937618378
T0313,F07,fold_diagnostic,97,INJUSDT,0.04256873905897398
T0313,F08,fold_diagnostic,99,SUIUSDT,0.0354781859033228
T0314,F01,fold_diagnostic,24,TRXUSDT,0.09884452446252695
T0314,F02,fold_diagnostic,62,OMGUSDT,0.05413442098509177
T0314,F03,fold_diagnostic,80,DOGEUSDT,0.08736912993825766
T0314,F04,fold_diagnostic,93,GALAUSDT,0.06976288847189913
T0314,F05,fold_diagnostic,98,ANCUSDT,0.04509000536924664
T0314,F06,fold_diagnostic,85,AXSUSDT,0.03829028895157969
T0314,F07,fold_diagnostic,97,APTUSDT,0.04436602074714474
T0314,F08,fold_diagnostic,99,TRBUSDT,0.09026183442288388
T0315,F01,fold_diagnostic,24,BCHUSDT,0.13121751751195787
T0315,F02,fold_diagnostic,62,YFIUSDT,0.05536162428199463
T0315,F03,fold_diagnostic,80,DOGEUSDT,0.10403831604423178
T0315,F04,fold_diagnostic,93,SANDUSDT,0.081619760255902
T0315,F05,fold_diagnostic,98,ANCUSDT,0.05773347218937186
T0315,F06,fold_diagnostic,85,FILUSDT,0.055313833703538165
T0315,F07,fold_diagnostic,97,APTUSDT,0.05509863355584979
T0315,F08,fold_diagnostic,99,TRBUSDT,0.1363834546563262
T0316,F01,fold_diagnostic,24,IOTAUSDT,0.10674073503405757
T0316,F02,fold_diagnostic,62,THETAUSDT,0.06910778152483157
T0316,F03,fold_diagnostic,80,DOGEUSDT,0.1310439249230291
T0316,F04,fold_diagnostic,93,1000SHIBUSDT,0.07385579594710866
T0316,F05,fold_diagnostic,98,ANCUSDT,0.05302329450883201
T0316,F06,fold_diagnostic,85,MASKUSDT,0.04960021416642586
T0316,F07,fold_diagnostic,97,MASKUSDT,0.051947696672484216
T0316,F08,fold_diagnostic,99,TRBUSDT,0.14820530027030188
T0317,F01,fold_diagnostic,24,ETCUSDT,0.06834775625102257
T0317,F02,fold_diagnostic,62,XTZUSDT,0.0329649893428088
T0317,F03,fold_diagnostic,80,BCHUSDT,0.0276074781629431
T0317,F04,fold_diagnostic,93,THETAUSDT,0.02515849542849119
T0317,F05,fold_diagnostic,98,DYDXUSDT,0.022691226509977402
T0317,F06,fold_diagnostic,85,GALAUSDT,0.023557538841636205
T0317,F07,fold_diagnostic,97,APEUSDT,0.023782270808386487
T0317,F08,fold_diagnostic,99,DOTUSDT,0.024236525199127237
T0318,F01,fold_diagnostic,24,XRPUSDT,0.0834693275520641
T0318,F02,fold_diagnostic,62,ETCUSDT,0.038128488657966184
T0318,F03,fold_diagnostic,80,DOGEUSDT,0.041845725679999064
T0318,F04,fold_diagnostic,93,BCHUSDT,0.03722654938663825
T0318,F05,fold_diagnostic,98,ANCUSDT,0.02681364217420444
T0318,F06,fold_diagnostic,85,WAVESUSDT,0.02899329939087672
T0318,F07,fold_diagnostic,97,APEUSDT,0.02736098235977229
T0318,F08,fold_diagnostic,99,TRBUSDT,0.04588901990193344
T0319,F01,fold_diagnostic,24,EOSUSDT,0.16000989948660413
T0319,F02,fold_diagnostic,62,ZILUSDT,0.05903372567178965
T0319,F03,fold_diagnostic,80,DOGEUSDT,0.09871032213681065
T0319,F04,fold_diagnostic,93,LUNAUSDT,0.050423273318721165
T0319,F05,fold_diagnostic,98,SUSHIUSDT,0.028681059366453134
T0319,F06,fold_diagnostic,85,WAVESUSDT,0.04134710233754103
T0319,F07,fold_diagnostic,97,APEUSDT,0.036301190355552175
T0319,F08,fold_diagnostic,99,TRBUSDT,0.09381747063082806
T0320,F01,fold_diagnostic,24,VETUSDT,0.14071589552344196
T0320,F02,fold_diagnostic,62,THETAUSDT,0.08168769849744117
T0320,F03,fold_diagnostic,80,DOGEUSDT,0.07413273440598184
T0320,F04,fold_diagnostic,93,LUNAUSDT,0.053121312308766135
T0320,F05,fold_diagnostic,98,SUSHIUSDT,0.032852099047701935
T0320,F06,fold_diagnostic,85,GALAUSDT,0.04435460583025733
T0320,F07,fold_diagnostic,97,INJUSDT,0.04589833190005111
T0320,F08,fold_diagnostic,99,TRBUSDT,0.14512109307133172
T0321,F01,fold_diagnostic,24,ETCUSDT,0.07777064236668949
T0321,F02,fold_diagnostic,62,VETUSDT,0.03861002282688207
T0321,F03,fold_diagnostic,80,SXPUSDT,0.0464174402373624
T0321,F04,fold_diagnostic,93,ICPUSDT,0.03212768634856115
T0321,F05,fold_diagnostic,98,ALICEUSDT,0.031271573980057005
T0321,F06,fold_diagnostic,85,SOLUSDT,0.031949642830481614
T0321,F07,fold_diagnostic,97,1000SHIBUSDT,0.0317739604704848
T0321,F08,fold_diagnostic,99,DOGEUSDT,0.02702195303203605
T0322,F01,fold_diagnostic,24,BCHUSDT,0.1058122002475052
T0322,F02,fold_diagnostic,62,LINKUSDT,0.04555857518826374
T0322,F03,fold_diagnostic,80,SOLUSDT,0.06118700643683314
T0322,F04,fold_diagnostic,93,ALICEUSDT,0.039485899943071015
T0322,F05,fold_diagnostic,98,DYDXUSDT,0.036056292625237234
T0322,F06,fold_diagnostic,85,ADAUSDT,0.02894890607082342
T0322,F07,fold_diagnostic,97,LINAUSDT,0.032027601378465394
T0322,F08,fold_diagnostic,99,TRBUSDT,0.04781021318323096
T0323,F01,fold_diagnostic,24,VETUSDT,0.17237058145004983
T0323,F02,fold_diagnostic,62,BANDUSDT,0.05424670805344078
T0323,F03,fold_diagnostic,80,DOGEUSDT,0.12913459645337172
T0323,F04,fold_diagnostic,93,ALICEUSDT,0.07764739656927366
T0323,F05,fold_diagnostic,98,ALGOUSDT,0.033658042224898814
T0323,F06,fold_diagnostic,85,SOLUSDT,0.040992992681606305
T0323,F07,fold_diagnostic,97,OCEANUSDT,0.0469058543183781
T0323,F08,fold_diagnostic,99,OPUSDT,0.05898747898749696
T0324,F01,fold_diagnostic,24,VETUSDT,0.10681159782113134
T0324,F02,fold_diagnostic,62,THETAUSDT,0.05952906028289291
T0324,F03,fold_diagnostic,80,DOGEUSDT,0.1103843308920777
T0324,F04,fold_diagnostic,93,ALICEUSDT,0.0738272637812991
T0324,F05,fold_diagnostic,98,ALGOUSDT,0.03530061037176065
T0324,F06,fold_diagnostic,85,MATICUSDT,0.03620683752107811
T0324,F07,fold_diagnostic,97,BCHUSDT,0.04640648995680526
T0324,F08,fold_diagnostic,99,TRBUSDT,0.1099961802099146
T0325,F01,fold_diagnostic,24,LTCUSDT,0.07193257535613955
T0325,F02,fold_diagnostic,62,LTCUSDT,0.03742112432799492
T0325,F03,fold_diagnostic,80,SXPUSDT,0.04630638466885682
T0325,F04,fold_diagnostic,93,DOGEUSDT,0.0399449029596087
T0325,F05,fold_diagnostic,98,DOGEUSDT,0.03067562150594853
T0325,F06,fold_diagnostic,85,WAVESUSDT,0.030863242860991732
T0325,F07,fold_diagnostic,97,OPUSDT,0.044047621953990666
T0325,F08,fold_diagnostic,99,ARKUSDT,0.027666346704913664
T0326,F01,fold_diagnostic,24,BCHUSDT,0.10057972311610659
T0326,F02,fold_diagnostic,62,SXPUSDT,0.051897879005794054
T0326,F03,fold_diagnostic,80,DOGEUSDT,0.05210478412939779
T0326,F04,fold_diagnostic,93,ETCUSDT,0.03848842513499671
T0326,F05,fold_diagnostic,98,DYDXUSDT,0.03017438752340931
T0326,F06,fold_diagnostic,85,GMTUSDT,0.03443517351110084
T0326,F07,fold_diagnostic,97,LINAUSDT,0.03993415125825825
T0326,F08,fold_diagnostic,99,SUIUSDT,0.031009258823383457
T0327,F01,fold_diagnostic,24,ADAUSDT,0.14404223867076954
T0327,F02,fold_diagnostic,62,OMGUSDT,0.055596322378740265
T0327,F03,fold_diagnostic,80,DOGEUSDT,0.05059971707736867
T0327,F04,fold_diagnostic,93,ALICEUSDT,0.06382817340508329
T0327,F05,fold_diagnostic,98,SUSHIUSDT,0.035296704499034603
T0327,F06,fold_diagnostic,85,SOLUSDT,0.03307432605515578
T0327,F07,fold_diagnostic,97,APEUSDT,0.05064676404911177
T0327,F08,fold_diagnostic,99,TRBUSDT,0.08576056960950595
T0328,F01,fold_diagnostic,24,ADAUSDT,0.13400217936295614
T0328,F02,fold_diagnostic,62,THETAUSDT,0.057156370222249196
T0328,F03,fold_diagnostic,80,DOGEUSDT,0.2201475898257926
T0328,F04,fold_diagnostic,93,SANDUSDT,0.05910694181834206
T0328,F05,fold_diagnostic,98,DYDXUSDT,0.040674134205996214
T0328,F06,fold_diagnostic,85,WAVESUSDT,0.04554373883723984
T0328,F07,fold_diagnostic,97,INJUSDT,0.04961666748365897
T0328,F08,fold_diagnostic,99,TRBUSDT,0.11515723636683758
T0329,F01,fold_diagnostic,24,LTCUSDT,0.0593144323090788
T0329,F02,fold_diagnostic,62,RLCUSDT,0.03048829372812018
T0329,F03,fold_diagnostic,80,SOLUSDT,0.03167925422279375
T0329,F04,fold_diagnostic,93,MATICUSDT,0.02546288988849369
T0329,F05,fold_diagnostic,98,CRVUSDT,0.022789212579283336
T0329,F06,fold_diagnostic,85,SOLUSDT,0.024737382052974086
T0329,F07,fold_diagnostic,97,FILUSDT,0.021767761670973978
T0329,F08,fold_diagnostic,99,1000PEPEUSDT,0.024540191049046572
T0330,F01,fold_diagnostic,24,BCHUSDT,0.09205940007641189
T0330,F02,fold_diagnostic,62,KAVAUSDT,0.04638733770581127
T0330,F03,fold_diagnostic,80,CRVUSDT,0.06081338392016949
T0330,F04,fold_diagnostic,93,BCHUSDT,0.0427374641529396
T0330,F05,fold_diagnostic,98,AXSUSDT,0.026029315475039637
T0330,F06,fold_diagnostic,85,SANDUSDT,0.029603203397946243
T0330,F07,fold_diagnostic,97,MATICUSDT,0.025929455553947763
T0330,F08,fold_diagnostic,99,TRBUSDT,0.03551635415487036
T0331,F01,fold_diagnostic,24,VETUSDT,0.10991489828022437
T0331,F02,fold_diagnostic,62,THETAUSDT,0.0825644064598676
T0331,F03,fold_diagnostic,80,DOGEUSDT,0.06921557635859721
T0331,F04,fold_diagnostic,93,LUNAUSDT,0.0602610239775157
T0331,F05,fold_diagnostic,98,CRVUSDT,0.030048047755559686
T0331,F06,fold_diagnostic,85,GMTUSDT,0.044471855281807846
T0331,F07,fold_diagnostic,97,OCEANUSDT,0.02812509848392671
T0331,F08,fold_diagnostic,99,TRBUSDT,0.11509687996231427
T0332,F01,fold_diagnostic,24,VETUSDT,0.15579594035135336
T0332,F02,fold_diagnostic,62,THETAUSDT,0.0778562154551835
T0332,F03,fold_diagnostic,80,DOGEUSDT,0.07062985247325161
T0332,F04,fold_diagnostic,93,LUNAUSDT,0.06831139068999854
T0332,F05,fold_diagnostic,98,SUSHIUSDT,0.02978877395540279
T0332,F06,fold_diagnostic,85,WAVESUSDT,0.046055269634856
T0332,F07,fold_diagnostic,97,INJUSDT,0.04931141719909489
T0332,F08,fold_diagnostic,99,TRBUSDT,0.13306404560974075
T0333,F01,fold_diagnostic,24,ETCUSDT,0.05976382945690043
T0333,F02,fold_diagnostic,62,NEOUSDT,0.03221761631406358
T0333,F03,fold_diagnostic,80,ATOMUSDT,0.02932982651453231
T0333,F04,fold_diagnostic,93,ICPUSDT,0.028267700458527834
T0333,F05,fold_diagnostic,98,AVAXUSDT,0.02331874606511835
T0333,F06,fold_diagnostic,85,FILUSDT,0.022724811948318435
T0333,F07,fold_diagnostic,97,APEUSDT,0.023275763504873086
T0333,F08,fold_diagnostic,99,ETCUSDT,0.023951636622797038
T0334,F01,fold_diagnostic,24,BCHUSDT,0.10957925762534709
T0334,F02,fold_diagnostic,62,BANDUSDT,0.04146674780514208
T0334,F03,fold_diagnostic,80,DOGEUSDT,0.05224770037041091
T0334,F04,fold_diagnostic,93,ICPUSDT,0.03600812501078483
T0334,F05,fold_diagnostic,98,DOTUSDT,0.02382447421030335
T0334,F06,fold_diagnostic,85,SANDUSDT,0.026388548269001475
T0334,F07,fold_diagnostic,97,MATICUSDT,0.02667256122113735
T0334,F08,fold_diagnostic,99,TRBUSDT,0.04448250226607032
T0335,F01,fold_diagnostic,24,XRPUSDT,0.12634281079940102
T0335,F02,fold_diagnostic,62,THETAUSDT,0.06674393811764032
T0335,F03,fold_diagnostic,80,DOGEUSDT,0.10246138341271187
T0335,F04,fold_diagnostic,93,SANDUSDT,0.05177681837649915
T0335,F05,fold_diagnostic,98,SUSHIUSDT,0.026284194748859804
T0335,F06,fold_diagnostic,85,GALAUSDT,0.034882096495584554
T0335,F07,fold_diagnostic,97,IDUSDT,0.03096327629741033
T0335,F08,fold_diagnostic,99,TRBUSDT,0.11133209686789135
T0336,F01,fold_diagnostic,24,VETUSDT,0.15432165824466867
T0336,F02,fold_diagnostic,62,THETAUSDT,0.06894496078263128
T0336,F03,fold_diagnostic,80,DOGEUSDT,0.12656465611382217
T0336,F04,fold_diagnostic,93,LUNAUSDT,0.07082815407517937
T0336,F05,fold_diagnostic,98,SUSHIUSDT,0.029631499874184928
T0336,F06,fold_diagnostic,85,WAVESUSDT,0.04025359695073345
T0336,F07,fold_diagnostic,97,INJUSDT,0.03357428938422388
T0336,F08,fold_diagnostic,99,TRBUSDT,0.13487753006736905
T0337,F01,fold_diagnostic,24,XRPUSDT,0.06173702074435955
T0337,F02,fold_diagnostic,62,XTZUSDT,0.03220982044647008
T0337,F03,fold_diagnostic,80,BTCUSDT,0.033008880469589455
T0337,F04,fold_diagnostic,93,BTCUSDT,0.030680718821108892
T0337,F05,fold_diagnostic,98,ETHUSDT,0.026624262579354928
T0337,F06,fold_diagnostic,85,BTCUSDT,0.02538901072999181
T0337,F07,fold_diagnostic,97,OPUSDT,0.0246901411209414
T0337,F08,fold_diagnostic,99,APEUSDT,0.026088356392162965
T0338,F01,fold_diagnostic,24,TRXUSDT,0.09328756275693355
T0338,F02,fold_diagnostic,62,SXPUSDT,0.05047422582617401
T0338,F03,fold_diagnostic,80,LTCUSDT,0.04553085029220235
T0338,F04,fold_diagnostic,93,THETAUSDT,0.039300418680876956
T0338,F05,fold_diagnostic,98,BCHUSDT,0.02480202841889103
T0338,F06,fold_diagnostic,85,ADAUSDT,0.02978913682983435
T0338,F07,fold_diagnostic,97,ATOMUSDT,0.03054016696255192
T0338,F08,fold_diagnostic,99,TRBUSDT,0.047818220636790185
T0339,F01,fold_diagnostic,24,LTCUSDT,0.13300661686623136
T0339,F02,fold_diagnostic,62,SXPUSDT,0.06356442799836881
T0339,F03,fold_diagnostic,80,DOGEUSDT,0.08374554119226542
T0339,F04,fold_diagnostic,93,SANDUSDT,0.06333819331784893
T0339,F05,fold_diagnostic,98,AVAXUSDT,0.026804976044914188
T0339,F06,fold_diagnostic,85,MANAUSDT,0.03468945200838421
T0339,F07,fold_diagnostic,97,DOGEUSDT,0.02795941271904104
T0339,F08,fold_diagnostic,99,TRBUSDT,0.10269124494013983
T0340,F01,fold_diagnostic,24,VETUSDT,0.126409570785206
T0340,F02,fold_diagnostic,62,THETAUSDT,0.07562611089017142
T0340,F03,fold_diagnostic,80,DOGEUSDT,0.16882514156753375
T0340,F04,fold_diagnostic,93,LUNAUSDT,0.06685310315607561
T0340,F05,fold_diagnostic,98,SUSHIUSDT,0.032147710984734575
T0340,F06,fold_diagnostic,85,SANDUSDT,0.040702155097501504
T0340,F07,fold_diagnostic,97,INJUSDT,0.042995742820336955
T0340,F08,fold_diagnostic,99,TRBUSDT,0.1314839149749197
T0341,F01,fold_diagnostic,24,EOSUSDT,0.05317656441396921
T0341,F02,fold_diagnostic,62,XLMUSDT,0.02699452586414986
T0341,F03,fold_diagnostic,80,AAVEUSDT,0.02729573309023999
T0341,F04,fold_diagnostic,93,DOGEUSDT,0.024684917448758944
T0341,F05,fold_diagnostic,98,ADAUSDT,0.024968264719103437
T0341,F06,fold_diagnostic,86,AAVEUSDT,0.023163634567256126
T0341,F07,fold_diagnostic,97,ATOMUSDT,0.02509006710948006
T0341,F08,fold_diagnostic,99,BNBUSDT,0.022985047075338657
T0342,F01,fold_diagnostic,24,EOSUSDT,0.08452440056135456
T0342,F02,fold_diagnostic,62,NEOUSDT,0.032719455365993314
T0342,F03,fold_diagnostic,80,DOGEUSDT,0.055078880887859866
T0342,F04,fold_diagnostic,93,DOGEUSDT,0.0377791450707508
T0342,F05,fold_diagnostic,98,ANCUSDT,0.031074693113749868
T0342,F06,fold_diagnostic,86,PEOPLEUSDT,0.02702385160633046
T0342,F07,fold_diagnostic,97,APEUSDT,0.03879078732547922
T0342,F08,fold_diagnostic,99,TRBUSDT,0.04934841185880938
T0343,F01,fold_diagnostic,24,LTCUSDT,0.12132297292198707
T0343,F02,fold_diagnostic,62,ZILUSDT,0.06411766363208846
T0343,F03,fold_diagnostic,80,DOGEUSDT,0.10529389734402392
T0343,F04,fold_diagnostic,93,NEARUSDT,0.04396197029401424
T0343,F05,fold_diagnostic,98,BCHUSDT,0.02904941064598976
T0343,F06,fold_diagnostic,86,EOSUSDT,0.031768000737512486
T0343,F07,fold_diagnostic,97,BCHUSDT,0.03479818904414307
T0343,F08,fold_diagnostic,99,TRBUSDT,0.1244401147847099
T0344,F01,fold_diagnostic,24,VETUSDT,0.1365456456992851
T0344,F02,fold_diagnostic,62,ZILUSDT,0.050293362684989025
T0344,F03,fold_diagnostic,80,DOGEUSDT,0.14069547513019773
T0344,F04,fold_diagnostic,93,DOGEUSDT,0.0425841055870435
T0344,F05,fold_diagnostic,98,ALGOUSDT,0.029937799804743537
T0344,F06,fold_diagnostic,86,GALAUSDT,0.029492480254949483
T0344,F07,fold_diagnostic,97,BCHUSDT,0.04275685190202199
T0344,F08,fold_diagnostic,99,TRBUSDT,0.10566903998460155
T0345,F01,fold_diagnostic,24,ETCUSDT,0.05571223579366346
T0345,F02,fold_diagnostic,62,ETCUSDT,0.03370645769363705
T0345,F03,fold_diagnostic,80,XTZUSDT,0.028059277731628706
T0345,F04,fold_diagnostic,93,ICPUSDT,0.026512091856074296
T0345,F05,fold_diagnostic,98,ALGOUSDT,0.022713852446853706
T0345,F06,fold_diagnostic,86,WAVESUSDT,0.0247219896961351
T0345,F07,fold_diagnostic,97,OPUSDT,0.02408176514147869
T0345,F08,fold_diagnostic,99,DYDXUSDT,0.023452348012264458
T0346,F01,fold_diagnostic,24,LTCUSDT,0.08100964473205857
T0346,F02,fold_diagnostic,62,ETCUSDT,0.04210401007175381
T0346,F03,fold_diagnostic,80,DOGEUSDT,0.07469907548551392
T0346,F04,fold_diagnostic,93,ICPUSDT,0.03469985053664169
T0346,F05,fold_diagnostic,98,ALGOUSDT,0.02646093726138865
T0346,F06,fold_diagnostic,86,WAVESUSDT,0.029331876501720713
T0346,F07,fold_diagnostic,97,DOGEUSDT,0.0322090397813336
T0346,F08,fold_diagnostic,99,TRBUSDT,0.042364981402622036
T0347,F01,fold_diagnostic,24,LTCUSDT,0.11486197388682241
T0347,F02,fold_diagnostic,62,KAVAUSDT,0.04953629842860497
T0347,F03,fold_diagnostic,80,DOGEUSDT,0.1107260352082529
T0347,F04,fold_diagnostic,93,SANDUSDT,0.051011198063594464
T0347,F05,fold_diagnostic,98,ALGOUSDT,0.028530646278546686
T0347,F06,fold_diagnostic,86,GALAUSDT,0.035935649909889
T0347,F07,fold_diagnostic,97,DYDXUSDT,0.04482319467018375
T0347,F08,fold_diagnostic,99,TRBUSDT,0.09978913161141986
T0348,F01,fold_diagnostic,24,VETUSDT,0.11081197567324792
T0348,F02,fold_diagnostic,62,SUSHIUSDT,0.06511097647057512
T0348,F03,fold_diagnostic,80,DOGEUSDT,0.09882666862373933
T0348,F04,fold_diagnostic,93,LUNAUSDT,0.061520213442486926
T0348,F05,fold_diagnostic,98,SUSHIUSDT,0.027644113424660065
T0348,F06,fold_diagnostic,86,DYDXUSDT,0.03404762943383491
T0348,F07,fold_diagnostic,97,INJUSDT,0.036325276060672186
T0348,F08,fold_diagnostic,99,TRBUSDT,0.14345171412147514
T0349,F01,fold_diagnostic,24,BTCUSDT,0.14186971019529854
T0349,F02,fold_diagnostic,56,COMPUSDT,0.06268920220520882
T0349,F03,fold_diagnostic,68,ETCUSDT,0.06552357995841178
T0349,F04,fold_diagnostic,77,AXSUSDT,0.11950215232071647
T0349,F05,fold_diagnostic,95,AXSUSDT,0.05079172115044802
T0349,F06,fold_diagnostic,85,AXSUSDT,0.04751459431829605
T0349,F07,fold_diagnostic,89,APEUSDT,0.1063222182792954
T0349,F08,fold_diagnostic,94,BCHUSDT,0.060590365925475655
T0350,F01,fold_diagnostic,24,BCHUSDT,0.091953297935577
T0350,F02,fold_diagnostic,56,CRVUSDT,0.10024521544260175
T0350,F03,fold_diagnostic,68,IOSTUSDT,0.061740158183996155
T0350,F04,fold_diagnostic,77,MATICUSDT,0.05370249280630898
T0350,F05,fold_diagnostic,95,AXSUSDT,0.05289910230506384
T0350,F06,fold_diagnostic,85,GMTUSDT,0.05637102821081359
T0350,F07,fold_diagnostic,89,APEUSDT,0.09829330695730847
T0350,F08,fold_diagnostic,94,TRBUSDT,0.14045476400631707
T0351,F01,fold_diagnostic,24,XLMUSDT,0.11642940382996873
T0351,F02,fold_diagnostic,56,THETAUSDT,0.11908388290537579
T0351,F03,fold_diagnostic,68,AVAXUSDT,0.07702796835994095
T0351,F04,fold_diagnostic,77,LUNAUSDT,0.07975391660906947
T0351,F05,fold_diagnostic,95,CRVUSDT,0.051382819277629416
T0351,F06,fold_diagnostic,85,AXSUSDT,0.05235837460796814
T0351,F07,fold_diagnostic,89,BCHUSDT,0.05463775303439691
T0351,F08,fold_diagnostic,94,TRBUSDT,0.22819251388035053
T0352,F01,fold_diagnostic,24,XLMUSDT,0.10134228143245942
T0352,F02,fold_diagnostic,56,THETAUSDT,0.13761352633957327
T0352,F03,fold_diagnostic,68,RUNEUSDT,0.08168136818351752
T0352,F04,fold_diagnostic,77,LUNAUSDT,0.09884766190801608
T0352,F05,fold_diagnostic,95,WAVESUSDT,0.04639395945497668
T0352,F06,fold_diagnostic,85,CRVUSDT,0.0508927332692624
T0352,F07,fold_diagnostic,89,APTUSDT,0.05086871042153286
T0352,F08,fold_diagnostic,94,TRBUSDT,0.23978721031597283
T0353,F01,fold_diagnostic,22,ETCUSDT,0.14994898123888112
T0353,F02,fold_diagnostic,48,AVAXUSDT,0.07802963846015762
T0353,F03,fold_diagnostic,57,DOGEUSDT,0.05606712163640469
T0353,F04,fold_diagnostic,67,OMGUSDT,0.06490830844542726
T0353,F05,fold_diagnostic,82,ANCUSDT,0.07505739686866426
T0353,F06,fold_diagnostic,80,ADAUSDT,0.050926339344192856
T0353,F07,fold_diagnostic,76,CRVUSDT,0.04929733110333914
T0353,F08,fold_diagnostic,79,LINAUSDT,0.048072675122331925
T0354,F01,fold_diagnostic,22,ADAUSDT,0.1809863424954824
T0354,F02,fold_diagnostic,48,VETUSDT,0.0945477597914704
T0354,F03,fold_diagnostic,57,DOGEUSDT,0.08850037496811308
T0354,F04,fold_diagnostic,67,LUNAUSDT,0.10442122198575343
T0354,F05,fold_diagnostic,82,ANCUSDT,0.18726491172135595
T0354,F06,fold_diagnostic,80,BNBUSDT,0.04087131049985182
T0354,F07,fold_diagnostic,76,SOLUSDT,0.05147708081501378
T0354,F08,fold_diagnostic,79,TRBUSDT,0.21837258670605034
T0355,F01,fold_diagnostic,22,ADAUSDT,0.24505220668582142
T0355,F02,fold_diagnostic,48,VETUSDT,0.08503305664934699
T0355,F03,fold_diagnostic,57,DOGEUSDT,0.1201718234366032
T0355,F04,fold_diagnostic,67,LUNAUSDT,0.11476542650338328
T0355,F05,fold_diagnostic,82,DOGEUSDT,0.0521191218596082
T0355,F06,fold_diagnostic,80,DOGEUSDT,0.06374854329326768
T0355,F07,fold_diagnostic,76,FILUSDT,0.049729338578219366
T0355,F08,fold_diagnostic,79,TRBUSDT,0.10437358814075891
T0356,F01,fold_diagnostic,22,ADAUSDT,0.20661726240492886
T0356,F02,fold_diagnostic,48,ZILUSDT,0.12186076981417378
T0356,F03,fold_diagnostic,57,BNBUSDT,0.1552521886668883
T0356,F04,fold_diagnostic,67,LUNAUSDT,0.09889794870131999
T0356,F05,fold_diagnostic,82,RUNEUSDT,0.042997204297915086
T0356,F06,fold_diagnostic,80,HNTUSDT,0.041560356604197775
T0356,F07,fold_diagnostic,76,FILUSDT,0.04371903482701754
T0356,F08,fold_diagnostic,79,TRBUSDT,0.20733795931311427
T0357,F01,fold_diagnostic,24,TRXUSDT,0.08072695379556351
T0357,F02,fold_diagnostic,62,ALGOUSDT,0.05740345849937828
T0357,F03,fold_diagnostic,80,DOGEUSDT,0.06751256499523176
T0357,F04,fold_diagnostic,93,EOSUSDT,0.03372301037730952
T0357,F05,fold_diagnostic,98,ALGOUSDT,0.026884287709239688
T0357,F06,fold_diagnostic,85,GMTUSDT,0.03247938212944224
T0357,F07,fold_diagnostic,97,DOTUSDT,0.028789401467542306
T0357,F08,fold_diagnostic,99,TRBUSDT,0.04530911641120245
T0358,F01,fold_diagnostic,24,LTCUSDT,0.10649987691448014
T0358,F02,fold_diagnostic,62,IOTAUSDT,0.05149719197000979
T0358,F03,fold_diagnostic,80,DOGEUSDT,0.11023317164411926
T0358,F04,fold_diagnostic,93,LUNAUSDT,0.04838667927014122
T0358,F05,fold_diagnostic,98,ALGOUSDT,0.028762185213303437
T0358,F06,fold_diagnostic,85,GMTUSDT,0.0321082174472437
T0358,F07,fold_diagnostic,97,LINAUSDT,0.04608122135390108
T0358,F08,fold_diagnostic,99,TRBUSDT,0.09763960274317673
T0359,F01,fold_diagnostic,24,LTCUSDT,0.11453052112515687
T0359,F02,fold_diagnostic,62,THETAUSDT,0.05419936208953175
T0359,F03,fold_diagnostic,80,DOGEUSDT,0.15076590430135262
T0359,F04,fold_diagnostic,93,SANDUSDT,0.06809556978942517
T0359,F05,fold_diagnostic,98,MATICUSDT,0.03133323189719554
T0359,F06,fold_diagnostic,85,GMTUSDT,0.03923261462306311
T0359,F07,fold_diagnostic,97,BCHUSDT,0.040967140898276674
T0359,F08,fold_diagnostic,99,TRBUSDT,0.12759189069703158
T0360,F01,fold_diagnostic,24,IOSTUSDT,0.08207759122297813
T0360,F02,fold_diagnostic,62,XMRUSDT,0.04418801433297108
T0360,F03,fold_diagnostic,80,DOGEUSDT,0.09628482947845589
T0360,F04,fold_diagnostic,93,EOSUSDT,0.05409479879802168
T0360,F05,fold_diagnostic,98,DYDXUSDT,0.04227057568874986
T0360,F06,fold_diagnostic,85,GALAUSDT,0.03142116430557879
T0360,F07,fold_diagnostic,97,APEUSDT,0.04015751649375311
T0360,F08,fold_diagnostic,99,TRBUSDT,0.048428041754728104
T0361,F01,fold_diagnostic,24,LTCUSDT,0.11658732571379879
T0361,F02,fold_diagnostic,62,SUSHIUSDT,0.06547333565945354
T0361,F03,fold_diagnostic,80,DOGEUSDT,0.1289951685355781
T0361,F04,fold_diagnostic,93,GALAUSDT,0.04978544800966121
T0361,F05,fold_diagnostic,98,DYDXUSDT,0.036138186387628536
T0361,F06,fold_diagnostic,85,GALAUSDT,0.03152434828136398
T0361,F07,fold_diagnostic,97,INJUSDT,0.04552249560978676
T0361,F08,fold_diagnostic,99,TRBUSDT,0.13749643030680872
T0362,F01,fold_diagnostic,24,LTCUSDT,0.10956095011536399
T0362,F02,fold_diagnostic,62,THETAUSDT,0.05942954756500639
T0362,F03,fold_diagnostic,80,DOGEUSDT,0.14455531970432947
T0362,F04,fold_diagnostic,93,LUNAUSDT,0.05781828259202758
T0362,F05,fold_diagnostic,98,DYDXUSDT,0.038720805767766917
T0362,F06,fold_diagnostic,85,MASKUSDT,0.03326697915099101
T0362,F07,fold_diagnostic,97,INJUSDT,0.05985363965080842
T0362,F08,fold_diagnostic,99,TRBUSDT,0.1404178888823977
T0363,F01,fold_diagnostic,24,EOSUSDT,0.08683673932370932
T0363,F02,fold_diagnostic,62,XMRUSDT,0.03881013309973585
T0363,F03,fold_diagnostic,80,DOGEUSDT,0.07944954174347539
T0363,F04,fold_diagnostic,93,FTMUSDT,0.03200136431709874
T0363,F05,fold_diagnostic,97,CRVUSDT,0.030721055149113198
T0363,F06,fold_diagnostic,84,SANDUSDT,0.03387502494418896
T0363,F07,fold_diagnostic,97,LTCUSDT,0.03832304611769297
T0363,F08,fold_diagnostic,99,TRBUSDT,0.06434566859919716
T0364,F01,fold_diagnostic,24,BCHUSDT,0.10815519663790302
T0364,F02,fold_diagnostic,62,THETAUSDT,0.05627124432519849
T0364,F03,fold_diagnostic,80,DOGEUSDT,0.09486851147014483
T0364,F04,fold_diagnostic,93,SOLUSDT,0.05592809414017172
T0364,F05,fold_diagnostic,97,ALICEUSDT,0.03616937545413686
T0364,F06,fold_diagnostic,83,GMTUSDT,0.051116655942518276
T0364,F07,fold_diagnostic,97,BCHUSDT,0.04396928788890976
T0364,F08,fold_diagnostic,99,TRBUSDT,0.14546604247851075
T0365,F01,fold_diagnostic,24,VETUSDT,0.1252116029126056
T0365,F02,fold_diagnostic,62,THETAUSDT,0.07886319854732154
T0365,F03,fold_diagnostic,80,DOGEUSDT,0.10300590546707537
T0365,F04,fold_diagnostic,93,LUNAUSDT,0.06008437473618605
T0365,F05,fold_diagnostic,97,CRVUSDT,0.03309364570507751
T0365,F06,fold_diagnostic,83,SOLUSDT,0.051119026607860475
T0365,F07,fold_diagnostic,97,BCHUSDT,0.05429171514370893
T0365,F08,fold_diagnostic,99,TRBUSDT,0.1416480130484872
T0366,F01,fold_diagnostic,24,TRXUSDT,0.08072695379556351
T0366,F02,fold_diagnostic,62,ALGOUSDT,0.05740345849937828
T0366,F03,fold_diagnostic,80,DOGEUSDT,0.06751256499523176
T0366,F04,fold_diagnostic,93,EOSUSDT,0.03372301037730952
T0366,F05,fold_diagnostic,98,ALGOUSDT,0.026884287709239688
T0366,F06,fold_diagnostic,85,GMTUSDT,0.03247938212944224
T0366,F07,fold_diagnostic,97,DOTUSDT,0.028789401467542306
T0366,F08,fold_diagnostic,99,TRBUSDT,0.04530911641120245
T0367,F01,fold_diagnostic,24,LTCUSDT,0.10649987691448014
T0367,F02,fold_diagnostic,62,IOTAUSDT,0.05149719197000979
T0367,F03,fold_diagnostic,80,DOGEUSDT,0.11023317164411926
T0367,F04,fold_diagnostic,93,LUNAUSDT,0.04838667927014122
T0367,F05,fold_diagnostic,98,ALGOUSDT,0.028762185213303437
T0367,F06,fold_diagnostic,85,GMTUSDT,0.0321082174472437
T0367,F07,fold_diagnostic,97,LINAUSDT,0.04608122135390108
T0367,F08,fold_diagnostic,99,TRBUSDT,0.09763960274317673
T0368,F01,fold_diagnostic,24,LTCUSDT,0.11453052112515687
T0368,F02,fold_diagnostic,62,THETAUSDT,0.05419936208953175
T0368,F03,fold_diagnostic,80,DOGEUSDT,0.15076590430135262
T0368,F04,fold_diagnostic,93,SANDUSDT,0.06809556978942517
T0368,F05,fold_diagnostic,98,MATICUSDT,0.03133323189719554
T0368,F06,fold_diagnostic,85,GMTUSDT,0.03923261462306311
T0368,F07,fold_diagnostic,97,BCHUSDT,0.040967140898276674
T0368,F08,fold_diagnostic,99,TRBUSDT,0.12759189069703158
T0369,F01,fold_diagnostic,24,IOSTUSDT,0.08207759122297813
T0369,F02,fold_diagnostic,62,XMRUSDT,0.04418801433297108
T0369,F03,fold_diagnostic,80,DOGEUSDT,0.09628482947845589
T0369,F04,fold_diagnostic,93,EOSUSDT,0.05409479879802168
T0369,F05,fold_diagnostic,98,DYDXUSDT,0.04227057568874986
T0369,F06,fold_diagnostic,85,GALAUSDT,0.03142116430557879
T0369,F07,fold_diagnostic,97,APEUSDT,0.04015751649375311
T0369,F08,fold_diagnostic,99,TRBUSDT,0.048428041754728104
T0370,F01,fold_diagnostic,24,LTCUSDT,0.11658732571379879
T0370,F02,fold_diagnostic,62,SUSHIUSDT,0.06547333565945354
T0370,F03,fold_diagnostic,80,DOGEUSDT,0.1289951685355781
T0370,F04,fold_diagnostic,93,GALAUSDT,0.04978544800966121
T0370,F05,fold_diagnostic,98,DYDXUSDT,0.036138186387628536
T0370,F06,fold_diagnostic,85,GALAUSDT,0.03152434828136398
T0370,F07,fold_diagnostic,97,INJUSDT,0.04552249560978676
T0370,F08,fold_diagnostic,99,TRBUSDT,0.13749643030680872
T0371,F01,fold_diagnostic,24,LTCUSDT,0.10956095011536399
T0371,F02,fold_diagnostic,62,THETAUSDT,0.05942954756500639
T0371,F03,fold_diagnostic,80,DOGEUSDT,0.14455531970432947
T0371,F04,fold_diagnostic,93,LUNAUSDT,0.05781828259202758
T0371,F05,fold_diagnostic,98,DYDXUSDT,0.038720805767766917
T0371,F06,fold_diagnostic,85,MASKUSDT,0.03326697915099101
T0371,F07,fold_diagnostic,97,INJUSDT,0.05985363965080842
T0371,F08,fold_diagnostic,99,TRBUSDT,0.1404178888823977
T0372,F01,fold_diagnostic,24,EOSUSDT,0.08683673932370932
T0372,F02,fold_diagnostic,62,XMRUSDT,0.03881013309973585
T0372,F03,fold_diagnostic,80,DOGEUSDT,0.07944954174347539
T0372,F04,fold_diagnostic,93,FTMUSDT,0.03200136431709874
T0372,F05,fold_diagnostic,97,CRVUSDT,0.030721055149113198
T0372,F06,fold_diagnostic,84,SANDUSDT,0.03387502494418896
T0372,F07,fold_diagnostic,97,LTCUSDT,0.03832304611769297
T0372,F08,fold_diagnostic,99,TRBUSDT,0.06434566859919716
T0373,F01,fold_diagnostic,24,BCHUSDT,0.10815519663790302
T0373,F02,fold_diagnostic,62,THETAUSDT,0.05627124432519849
T0373,F03,fold_diagnostic,80,DOGEUSDT,0.09486851147014483
T0373,F04,fold_diagnostic,93,SOLUSDT,0.05592809414017172
T0373,F05,fold_diagnostic,97,ALICEUSDT,0.03616937545413686
T0373,F06,fold_diagnostic,83,GMTUSDT,0.051116655942518276
T0373,F07,fold_diagnostic,97,BCHUSDT,0.04396928788890976
T0373,F08,fold_diagnostic,99,TRBUSDT,0.14546604247851075
T0374,F01,fold_diagnostic,24,VETUSDT,0.1252116029126056
T0374,F02,fold_diagnostic,62,THETAUSDT,0.07886319854732154
T0374,F03,fold_diagnostic,80,DOGEUSDT,0.10300590546707537
T0374,F04,fold_diagnostic,93,LUNAUSDT,0.06008437473618605
T0374,F05,fold_diagnostic,97,CRVUSDT,0.03309364570507751
T0374,F06,fold_diagnostic,83,SOLUSDT,0.051119026607860475
T0374,F07,fold_diagnostic,97,BCHUSDT,0.05429171514370893
T0374,F08,fold_diagnostic,99,TRBUSDT,0.1416480130484872
T0375,F01,fold_diagnostic,24,EOSUSDT,0.089321982631128
T0375,F02,fold_diagnostic,62,BCHUSDT,0.04649687509388205
T0375,F03,fold_diagnostic,80,DOGEUSDT,0.08783903000358821
T0375,F04,fold_diagnostic,93,ICPUSDT,0.03471936315012132
T0375,F05,fold_diagnostic,98,DYDXUSDT,0.029719843294062964
T0375,F06,fold_diagnostic,85,APEUSDT,0.031700082613665005
T0375,F07,fold_diagnostic,97,DOGEUSDT,0.03384941099093844
T0375,F08,fold_diagnostic,99,TRBUSDT,0.03322991809747447
T0376,F01,fold_diagnostic,24,VETUSDT,0.10457620282457326
T0376,F02,fold_diagnostic,62,OMGUSDT,0.05294463351654135
T0376,F03,fold_diagnostic,80,DOGEUSDT,0.10929314525890889
T0376,F04,fold_diagnostic,93,SANDUSDT,0.05771016121965118
T0376,F05,fold_diagnostic,98,ALICEUSDT,0.03129410845197861
T0376,F06,fold_diagnostic,85,DOTUSDT,0.0342653891971336
T0376,F07,fold_diagnostic,97,BCHUSDT,0.03902620709033309
T0376,F08,fold_diagnostic,99,TRBUSDT,0.11309626342773954
T0377,F01,fold_diagnostic,24,VETUSDT,0.16850569964882556
T0377,F02,fold_diagnostic,62,THETAUSDT,0.053545540380035395
T0377,F03,fold_diagnostic,80,DOGEUSDT,0.13169050807290048
T0377,F04,fold_diagnostic,93,SANDUSDT,0.07321204378542104
T0377,F05,fold_diagnostic,98,SUSHIUSDT,0.02775702021686008
T0377,F06,fold_diagnostic,85,GALAUSDT,0.04224959418038868
T0377,F07,fold_diagnostic,97,BCHUSDT,0.046566996937486754
T0377,F08,fold_diagnostic,99,TRBUSDT,0.10435674817572668
T0378,F01,fold_diagnostic,24,XLMUSDT,0.10180032645363304
T0378,F02,fold_diagnostic,62,XMRUSDT,0.03917088789764256
T0378,F03,fold_diagnostic,80,DOGEUSDT,0.07638952324165904
T0378,F04,fold_diagnostic,93,EOSUSDT,0.04594853322605097
T0378,F05,fold_diagnostic,98,ALGOUSDT,0.03140411409720398
T0378,F06,fold_diagnostic,85,UNIUSDT,0.03416716167561517
T0378,F07,fold_diagnostic,97,DOGEUSDT,0.035782244746343755
T0378,F08,fold_diagnostic,99,TRBUSDT,0.05471013055021542
T0379,F01,fold_diagnostic,24,ADAUSDT,0.09946667306095171
T0379,F02,fold_diagnostic,62,SUSHIUSDT,0.053557979799383315
T0379,F03,fold_diagnostic,80,DOGEUSDT,0.10793103016638761
T0379,F04,fold_diagnostic,93,SANDUSDT,0.06641726321438357
T0379,F05,fold_diagnostic,98,AXSUSDT,0.03402066114799928
T0379,F06,fold_diagnostic,85,UNIUSDT,0.03791656088808451
T0379,F07,fold_diagnostic,97,INJUSDT,0.03949536173025591
T0379,F08,fold_diagnostic,99,TRBUSDT,0.12441146309417393
T0380,F01,fold_diagnostic,24,ADAUSDT,0.11752857995407281
T0380,F02,fold_diagnostic,62,BANDUSDT,0.048201841831380036
T0380,F03,fold_diagnostic,80,DOGEUSDT,0.14922060258308478
T0380,F04,fold_diagnostic,93,SANDUSDT,0.07452447971379038
T0380,F05,fold_diagnostic,98,ALGOUSDT,0.03178190578786261
T0380,F06,fold_diagnostic,85,UNIUSDT,0.04587435287523023
T0380,F07,fold_diagnostic,97,BCHUSDT,0.03962541397376934
T0380,F08,fold_diagnostic,99,TRBUSDT,0.15272848840506906
T0381,F01,fold_diagnostic,24,XRPUSDT,0.11200463656334657
T0381,F02,fold_diagnostic,62,XTZUSDT,0.04618998568623575
T0381,F03,fold_diagnostic,80,SXPUSDT,0.05290079708435706
T0381,F04,fold_diagnostic,93,ICPUSDT,0.040126469870870034
T0381,F05,fold_diagnostic,98,ALICEUSDT,0.030347433523427177
T0381,F06,fold_diagnostic,85,WAVESUSDT,0.031536946929330886
T0381,F07,fold_diagnostic,97,OPUSDT,0.038274808959372186
T0381,F08,fold_diagnostic,99,TRBUSDT,0.044282125765581465
T0382,F01,fold_diagnostic,24,XRPUSDT,0.11843712085883343
T0382,F02,fold_diagnostic,62,BANDUSDT,0.05031295020335598
T0382,F03,fold_diagnostic,80,DOGEUSDT,0.09987555306321404
T0382,F04,fold_diagnostic,93,LINKUSDT,0.037326033990291045
T0382,F05,fold_diagnostic,98,AAVEUSDT,0.030176480336036596
T0382,F06,fold_diagnostic,85,SOLUSDT,0.03298558107588684
T0382,F07,fold_diagnostic,97,LDOUSDT,0.032864742509456646
T0382,F08,fold_diagnostic,99,TRBUSDT,0.09652464901353558
T0383,F01,fold_diagnostic,24,EOSUSDT,0.10641324421104167
T0383,F02,fold_diagnostic,62,THETAUSDT,0.06496989933839929
T0383,F03,fold_diagnostic,80,DOGEUSDT,0.10873088115773816
T0383,F04,fold_diagnostic,93,SANDUSDT,0.059145963707148315
T0383,F05,fold_diagnostic,98,SUSHIUSDT,0.03934733273684412
T0383,F06,fold_diagnostic,85,GALAUSDT,0.035770232074654934
T0383,F07,fold_diagnostic,97,INJUSDT,0.047005562349811146
T0383,F08,fold_diagnostic,99,TRBUSDT,0.10059117374978631
T0384,F01,fold_diagnostic,24,ETCUSDT,0.13004246403464875
T0384,F02,fold_diagnostic,62,SNXUSDT,0.048740757271070176
T0384,F03,fold_diagnostic,80,DOGEUSDT,0.07065238358088971
T0384,F04,fold_diagnostic,93,GALAUSDT,0.03964754556799569
T0384,F05,fold_diagnostic,98,DYDXUSDT,0.03772873655504757
T0384,F06,fold_diagnostic,85,WAVESUSDT,0.03984933658605398
T0384,F07,fold_diagnostic,97,ATOMUSDT,0.042443393195191394
T0384,F08,fold_diagnostic,99,TRBUSDT,0.08940604338436137
T0385,F01,fold_diagnostic,24,LTCUSDT,0.13422970426410835
T0385,F02,fold_diagnostic,62,LINKUSDT,0.04231523847738763
T0385,F03,fold_diagnostic,80,DOGEUSDT,0.08716105733138242
T0385,F04,fold_diagnostic,93,1000SHIBUSDT,0.049737826825844905
T0385,F05,fold_diagnostic,98,ALGOUSDT,0.03721148401243735
T0385,F06,fold_diagnostic,85,FTMUSDT,0.04138243974510959
T0385,F07,fold_diagnostic,97,LINAUSDT,0.04736198367863753
T0385,F08,fold_diagnostic,99,TRBUSDT,0.10298552241637367
T0386,F01,fold_diagnostic,24,ETCUSDT,0.10281659495324466
T0386,F02,fold_diagnostic,62,THETAUSDT,0.05712440834257944
T0386,F03,fold_diagnostic,80,DOGEUSDT,0.17622006085945616
T0386,F04,fold_diagnostic,93,SANDUSDT,0.0685880633860663
T0386,F05,fold_diagnostic,98,ALGOUSDT,0.03862519973010403
T0386,F06,fold_diagnostic,85,FTMUSDT,0.03481826912462152
T0386,F07,fold_diagnostic,97,APTUSDT,0.0419324348360289
T0386,F08,fold_diagnostic,99,TRBUSDT,0.1252671255408228
T0387,F01,fold_diagnostic,24,XRPUSDT,0.11061824610371576
T0387,F02,fold_diagnostic,62,XTZUSDT,0.0496225690133136
T0387,F03,fold_diagnostic,80,DOGEUSDT,0.09789418945955752
T0387,F04,fold_diagnostic,93,1000SHIBUSDT,0.036552377749492444
T0387,F05,fold_diagnostic,98,ALICEUSDT,0.03991223772585898
T0387,F06,fold_diagnostic,85,WAVESUSDT,0.04436376180679769
T0387,F07,fold_diagnostic,97,GALAUSDT,0.04088473474992965
T0387,F08,fold_diagnostic,99,TRBUSDT,0.11227551445001237
T0388,F01,fold_diagnostic,24,TRXUSDT,0.09012540585555237
T0388,F02,fold_diagnostic,62,XTZUSDT,0.052372635816617344
T0388,F03,fold_diagnostic,80,DOGEUSDT,0.10497145764587465
T0388,F04,fold_diagnostic,93,1000SHIBUSDT,0.05130728204301018
T0388,F05,fold_diagnostic,98,AVAXUSDT,0.046866567606938296
T0388,F06,fold_diagnostic,85,LTCUSDT,0.03925529574412362
T0388,F07,fold_diagnostic,97,GALAUSDT,0.05668720984109213
T0388,F08,fold_diagnostic,99,TRBUSDT,0.15209851958356368
T0389,F01,fold_diagnostic,24,LINKUSDT,0.13312213800030087
T0389,F02,fold_diagnostic,62,SUSHIUSDT,0.05101242501564065
T0389,F03,fold_diagnostic,80,DOGEUSDT,0.1885443462709211
T0389,F04,fold_diagnostic,93,SANDUSDT,0.060963047841730934
T0389,F05,fold_diagnostic,98,DYDXUSDT,0.050434148992847774
T0389,F06,fold_diagnostic,85,DOGEUSDT,0.04108349729683693
T0389,F07,fold_diagnostic,97,MASKUSDT,0.049265689124147916
T0389,F08,fold_diagnostic,99,TRBUSDT,0.13027367207250112
T0390,F01,fold_diagnostic,24,ATOMUSDT,0.09599267946704966
T0390,F02,fold_diagnostic,62,XTZUSDT,0.049744726568267034
T0390,F03,fold_diagnostic,80,DOGEUSDT,0.0912414836629876
T0390,F04,fold_diagnostic,93,1000SHIBUSDT,0.0403314974122549
T0390,F05,fold_diagnostic,98,ALICEUSDT,0.048175782416175705
T0390,F06,fold_diagnostic,85,WAVESUSDT,0.04451990856264177
T0390,F07,fold_diagnostic,97,TOMOUSDT,0.04263652960343061
T0390,F08,fold_diagnostic,99,TRBUSDT,0.10331002875002038
T0391,F01,fold_diagnostic,24,TRXUSDT,0.11964103684803105
T0391,F02,fold_diagnostic,62,XTZUSDT,0.05143321850494115
T0391,F03,fold_diagnostic,80,DOGEUSDT,0.10286012183662006
T0391,F04,fold_diagnostic,93,1000SHIBUSDT,0.055921741088484626
T0391,F05,fold_diagnostic,98,ALICEUSDT,0.05726132810838088
T0391,F06,fold_diagnostic,85,FTMUSDT,0.04397687732252357
T0391,F07,fold_diagnostic,97,GALAUSDT,0.05306013456305228
T0391,F08,fold_diagnostic,99,TRBUSDT,0.14512674494690053
T0392,F01,fold_diagnostic,24,LINKUSDT,0.09980200080813181
T0392,F02,fold_diagnostic,62,YFIUSDT,0.05294459210255201
T0392,F03,fold_diagnostic,80,DOGEUSDT,0.20090734627391915
T0392,F04,fold_diagnostic,93,SANDUSDT,0.06719553874505987
T0392,F05,fold_diagnostic,98,DYDXUSDT,0.05580434885101202
T0392,F06,fold_diagnostic,85,ETCUSDT,0.04028001117284498
T0392,F07,fold_diagnostic,97,MASKUSDT,0.05933674041340319
T0392,F08,fold_diagnostic,99,TRBUSDT,0.11038665839178541
T0393,F01,fold_diagnostic,24,LINKUSDT,0.09729128429328057
T0393,F02,fold_diagnostic,62,ALGOUSDT,0.04607683031938352
T0393,F03,fold_diagnostic,80,XTZUSDT,0.045546047545453924
T0393,F04,fold_diagnostic,93,ICPUSDT,0.04141207253724004
T0393,F05,fold_diagnostic,98,ALGOUSDT,0.028281263056685584
T0393,F06,fold_diagnostic,85,OPUSDT,0.03495597050070241
T0393,F07,fold_diagnostic,97,OPUSDT,0.02670022911230769
T0393,F08,fold_diagnostic,99,TRBUSDT,0.058087775473695286
T0394,F01,fold_diagnostic,24,ETHUSDT,0.08284194375538781
T0394,F02,fold_diagnostic,62,SXPUSDT,0.06701007389826309
T0394,F03,fold_diagnostic,80,DOGEUSDT,0.08433302680501807
T0394,F04,fold_diagnostic,93,SANDUSDT,0.06991086840196897
T0394,F05,fold_diagnostic,98,ALGOUSDT,0.029796898765890912
T0394,F06,fold_diagnostic,85,WAVESUSDT,0.04351208057134257
T0394,F07,fold_diagnostic,97,GALAUSDT,0.03183594168781196
T0394,F08,fold_diagnostic,99,TRBUSDT,0.10288671915852159
T0395,F01,fold_diagnostic,24,VETUSDT,0.11543137380015846
T0395,F02,fold_diagnostic,62,THETAUSDT,0.06036215171449574
T0395,F03,fold_diagnostic,80,DOGEUSDT,0.10310730811410596
T0395,F04,fold_diagnostic,93,LUNAUSDT,0.0711695888544235
T0395,F05,fold_diagnostic,98,SUSHIUSDT,0.028535426677247223
T0395,F06,fold_diagnostic,85,GMTUSDT,0.043030999042341415
T0395,F07,fold_diagnostic,97,BCHUSDT,0.04627508350279075
T0395,F08,fold_diagnostic,99,TRBUSDT,0.1370845449585529
T0396,F01,fold_diagnostic,24,XRPUSDT,0.11463120329575925
T0396,F02,fold_diagnostic,62,ETCUSDT,0.034973810418256084
T0396,F03,fold_diagnostic,80,DOGEUSDT,0.10808336354289554
T0396,F04,fold_diagnostic,93,ICPUSDT,0.034237007031778496
T0396,F05,fold_diagnostic,98,ALGOUSDT,0.032184616333186235
T0396,F06,fold_diagnostic,85,AXSUSDT,0.03082854238351276
T0396,F07,fold_diagnostic,97,APEUSDT,0.037019415492368826
T0396,F08,fold_diagnostic,99,TRBUSDT,0.03258015518180934
T0397,F01,fold_diagnostic,24,ADAUSDT,0.1156816142941666
T0397,F02,fold_diagnostic,62,BANDUSDT,0.05788341816490619
T0397,F03,fold_diagnostic,80,DOGEUSDT,0.11598527565552202
T0397,F04,fold_diagnostic,93,LUNAUSDT,0.04932243642914016
T0397,F05,fold_diagnostic,98,CRVUSDT,0.026733325952025412
T0397,F06,fold_diagnostic,85,DOTUSDT,0.03127159287272833
T0397,F07,fold_diagnostic,97,BCHUSDT,0.043615961713813205
T0397,F08,fold_diagnostic,99,TRBUSDT,0.10271851129834993
T0398,F01,fold_diagnostic,24,VETUSDT,0.1358232468878265
T0398,F02,fold_diagnostic,62,THETAUSDT,0.054495082353293325
T0398,F03,fold_diagnostic,80,DOGEUSDT,0.11286638124609077
T0398,F04,fold_diagnostic,93,SANDUSDT,0.05935605249530385
T0398,F05,fold_diagnostic,98,SUSHIUSDT,0.02825209025523664
T0398,F06,fold_diagnostic,85,GMTUSDT,0.041206766287133066
T0398,F07,fold_diagnostic,97,INJUSDT,0.03915208499047032
T0398,F08,fold_diagnostic,99,TRBUSDT,0.12543816001598782
T0399,F01,fold_diagnostic,24,BCHUSDT,0.08027306319703005
T0399,F02,fold_diagnostic,62,ETCUSDT,0.05066741492388596
T0399,F03,fold_diagnostic,80,DOGEUSDT,0.0748367374447513
T0399,F04,fold_diagnostic,93,ETCUSDT,0.04504894768833888
T0399,F05,fold_diagnostic,98,BCHUSDT,0.025953672023180514
T0399,F06,fold_diagnostic,85,GMTUSDT,0.03471499651107609
T0399,F07,fold_diagnostic,97,DOGEUSDT,0.036727873825775394
T0399,F08,fold_diagnostic,99,TRBUSDT,0.03849225782490325
T0400,F01,fold_diagnostic,24,XRPUSDT,0.09149848566741381
T0400,F02,fold_diagnostic,62,XTZUSDT,0.050741566935109866
T0400,F03,fold_diagnostic,80,DOGEUSDT,0.10463278809092214
T0400,F04,fold_diagnostic,93,SANDUSDT,0.07284426811089104
T0400,F05,fold_diagnostic,98,DYDXUSDT,0.031853714504296526
T0400,F06,fold_diagnostic,85,GMTUSDT,0.04698521262991096
T0400,F07,fold_diagnostic,97,BCHUSDT,0.03100220772156164
T0400,F08,fold_diagnostic,99,TRBUSDT,0.10003366496016979
T0401,F01,fold_diagnostic,24,EOSUSDT,0.10840278326648016
T0401,F02,fold_diagnostic,62,THETAUSDT,0.05472392781553684
T0401,F03,fold_diagnostic,80,DOGEUSDT,0.1586368718449206
T0401,F04,fold_diagnostic,93,SANDUSDT,0.05914614223593281
T0401,F05,fold_diagnostic,98,ALGOUSDT,0.028916759702915195
T0401,F06,fold_diagnostic,85,GALAUSDT,0.04338569345368823
T0401,F07,fold_diagnostic,97,LINAUSDT,0.041948959833354706
T0401,F08,fold_diagnostic,99,TRBUSDT,0.13434510114619938
T0402,F01,fold_diagnostic,24,ETHUSDT,0.11984922070268524
T0402,F02,fold_diagnostic,62,THETAUSDT,0.04989808032347117
T0402,F03,fold_diagnostic,80,VETUSDT,0.07476283944097865
T0402,F04,fold_diagnostic,93,TRXUSDT,0.04154901191675933
T0402,F05,fold_diagnostic,98,ANCUSDT,0.04620406626501274
T0402,F06,fold_diagnostic,85,GMTUSDT,0.04840550774737774
T0402,F07,fold_diagnostic,97,APTUSDT,0.04651563991098771
T0402,F08,fold_diagnostic,99,1000PEPEUSDT,0.03468882109382064
T0403,F01,fold_diagnostic,24,LTCUSDT,0.10017817932975599
T0403,F02,fold_diagnostic,62,XRPUSDT,0.07199336629912823
T0403,F03,fold_diagnostic,80,SOLUSDT,0.04758351677935489
T0403,F04,fold_diagnostic,93,SANDUSDT,0.04851252852756754
T0403,F05,fold_diagnostic,98,ANCUSDT,0.02909363372126514
T0403,F06,fold_diagnostic,85,CRVUSDT,0.05400392191323668
T0403,F07,fold_diagnostic,97,OPUSDT,0.04190824476957173
T0403,F08,fold_diagnostic,99,TRBUSDT,0.05231815595630764
T0404,F01,fold_diagnostic,24,VETUSDT,0.11280672770394588
T0404,F02,fold_diagnostic,62,THETAUSDT,0.07864213355627815
T0404,F03,fold_diagnostic,80,FTMUSDT,0.044768079414754754
T0404,F04,fold_diagnostic,93,LUNAUSDT,0.05703503206579432
T0404,F05,fold_diagnostic,98,ANCUSDT,0.03936038250948563
T0404,F06,fold_diagnostic,85,GALAUSDT,0.03690820799378657
T0404,F07,fold_diagnostic,97,DYDXUSDT,0.06347779424560333
T0404,F08,fold_diagnostic,99,TRBUSDT,0.08435023112051801
T0405,F01,fold_diagnostic,24,ETCUSDT,0.12671942773889477
T0405,F02,fold_diagnostic,62,VETUSDT,0.08807097527884677
T0405,F03,fold_diagnostic,80,SUSHIUSDT,0.0653350855867113
T0405,F04,fold_diagnostic,93,ENJUSDT,0.043073405873580675
T0405,F05,fold_diagnostic,98,ANCUSDT,0.08582352019855626
T0405,F06,fold_diagnostic,85,AXSUSDT,0.03894951472068079
T0405,F07,fold_diagnostic,97,CFXUSDT,0.039366207017265106
T0405,F08,fold_diagnostic,99,LEVERUSDT,0.054106269038511574
T0406,F01,fold_diagnostic,24,ETCUSDT,0.10659963858016551
T0406,F02,fold_diagnostic,62,YFIUSDT,0.07151938255692167
T0406,F03,fold_diagnostic,80,THETAUSDT,0.052182646754270326
T0406,F04,fold_diagnostic,93,ATOMUSDT,0.04342000511765823
T0406,F05,fold_diagnostic,98,ANCUSDT,0.05631753729850103
T0406,F06,fold_diagnostic,85,HNTUSDT,0.04393329185321343
T0406,F07,fold_diagnostic,97,OCEANUSDT,0.04544065755735918
T0406,F08,fold_diagnostic,99,LEVERUSDT,0.05553432477231386
T0407,F01,fold_diagnostic,24,XLMUSDT,0.14004440131108878
T0407,F02,fold_diagnostic,62,YFIUSDT,0.08266571075934492
T0407,F03,fold_diagnostic,80,SUSHIUSDT,0.06914805381356509
T0407,F04,fold_diagnostic,93,SANDUSDT,0.0691330508555222
T0407,F05,fold_diagnostic,98,ANCUSDT,0.04799337770156695
T0407,F06,fold_diagnostic,85,GMTUSDT,0.04212666069244403
T0407,F07,fold_diagnostic,97,OCEANUSDT,0.058987434543138394
T0407,F08,fold_diagnostic,99,LEVERUSDT,0.041751803424240855
T0408,F01,fold_diagnostic,24,ADAUSDT,0.1127419202244897
T0408,F02,fold_diagnostic,61,YFIUSDT,0.06847829409968273
T0408,F03,fold_diagnostic,77,SUSHIUSDT,0.06198726540920582
T0408,F04,fold_diagnostic,85,1000SHIBUSDT,0.06208877816445874
T0408,F05,fold_diagnostic,95,ANCUSDT,0.107869217524835
T0408,F06,fold_diagnostic,85,GMTUSDT,0.06537939528578385
T0408,F07,fold_diagnostic,97,CFXUSDT,0.03278668104629223
T0408,F08,fold_diagnostic,91,TOMOUSDT,0.042462457490064325
T0409,F01,fold_diagnostic,24,LINKUSDT,0.1531324217390751
T0409,F02,fold_diagnostic,61,VETUSDT,0.0800866054878536
T0409,F03,fold_diagnostic,77,SUSHIUSDT,0.07103645040775304
T0409,F04,fold_diagnostic,85,FILUSDT,0.041810243819403896
T0409,F05,fold_diagnostic,95,ANCUSDT,0.07349972839815133
T0409,F06,fold_diagnostic,85,TRBUSDT,0.06355499889463674
T0409,F07,fold_diagnostic,97,CFXUSDT,0.04352609632591774
T0409,F08,fold_diagnostic,91,LEVERUSDT,0.051285281991023446
T0410,F01,fold_diagnostic,24,QTUMUSDT,0.08972427698428127
T0410,F02,fold_diagnostic,61,BNBUSDT,0.05136387158206191
T0410,F03,fold_diagnostic,77,SUSHIUSDT,0.05448636160030166
T0410,F04,fold_diagnostic,85,BAKEUSDT,0.049683294361832414
T0410,F05,fold_diagnostic,95,ANCUSDT,0.05542115544801603
T0410,F06,fold_diagnostic,85,GMTUSDT,0.050601223333693254
T0410,F07,fold_diagnostic,97,LDOUSDT,0.04466694623777305
T0410,F08,fold_diagnostic,91,LEVERUSDT,0.04761840979074664
T0411,F01,fold_diagnostic,24,LINKUSDT,0.1292395215906609
T0411,F02,fold_diagnostic,62,THETAUSDT,0.04418177816404857
T0411,F03,fold_diagnostic,79,DOGEUSDT,0.06569864016184104
T0411,F04,fold_diagnostic,90,SANDUSDT,0.11006774530228271
T0411,F05,fold_diagnostic,98,ENSUSDT,0.038352193509975215
T0411,F06,fold_diagnostic,83,CHZUSDT,0.058444936169788124
T0411,F07,fold_diagnostic,97,APTUSDT,0.05767050182425445
T0411,F08,fold_diagnostic,98,TRBUSDT,0.135599680083527
T0412,F01,fold_diagnostic,24,LINKUSDT,0.1629531859016557
T0412,F02,fold_diagnostic,62,LINKUSDT,0.04988983616566502
T0412,F03,fold_diagnostic,79,DOGEUSDT,0.10480726283363627
T0412,F04,fold_diagnostic,90,SANDUSDT,0.11879516536753863
T0412,F05,fold_diagnostic,98,ENSUSDT,0.04648655679289137
T0412,F06,fold_diagnostic,83,MASKUSDT,0.042349726374740194
T0412,F07,fold_diagnostic,97,APTUSDT,0.07345656157180258
T0412,F08,fold_diagnostic,98,TRBUSDT,0.14482533445723947
T0413,F01,fold_diagnostic,24,ETHUSDT,0.12108332801514204
T0413,F02,fold_diagnostic,62,VETUSDT,0.062257940168262915
T0413,F03,fold_diagnostic,79,DOGEUSDT,0.12163327344393997
T0413,F04,fold_diagnostic,90,SANDUSDT,0.11413178070590954
T0413,F05,fold_diagnostic,98,ANCUSDT,0.055368857556446986
T0413,F06,fold_diagnostic,83,FLMUSDT,0.05581297974076158
T0413,F07,fold_diagnostic,97,APTUSDT,0.07199473665983291
T0413,F08,fold_diagnostic,98,TRBUSDT,0.13457126503122607
T0414,F01,fold_diagnostic,24,ETHUSDT,0.11230027136172206
T0414,F02,fold_diagnostic,62,OMGUSDT,0.05269967615022428
T0414,F03,fold_diagnostic,80,CRVUSDT,0.05322368529685438
T0414,F04,fold_diagnostic,93,ETCUSDT,0.040892162028963175
T0414,F05,fold_diagnostic,98,BCHUSDT,0.028630609327522375
T0414,F06,fold_diagnostic,85,ADAUSDT,0.028992985139465428
T0414,F07,fold_diagnostic,97,DYDXUSDT,0.03211559553135253
T0414,F08,fold_diagnostic,99,TRBUSDT,0.05036030601996902
T0415,F01,fold_diagnostic,24,LTCUSDT,0.1126869075622884
T0415,F02,fold_diagnostic,62,OMGUSDT,0.06675803393643058
T0415,F03,fold_diagnostic,80,DOGEUSDT,0.08727837976317415
T0415,F04,fold_diagnostic,93,LUNAUSDT,0.03741952049252098
T0415,F05,fold_diagnostic,98,SUSHIUSDT,0.02749645594990056
T0415,F06,fold_diagnostic,85,LINKUSDT,0.04209315189057879
T0415,F07,fold_diagnostic,97,1000SHIBUSDT,0.032513680286614936
T0415,F08,fold_diagnostic,99,TRBUSDT,0.08400894166584755
T0416,F01,fold_diagnostic,24,XRPUSDT,0.12252555010651939
T0416,F02,fold_diagnostic,62,THETAUSDT,0.07893040056864986
T0416,F03,fold_diagnostic,80,DOGEUSDT,0.1197504070741057
T0416,F04,fold_diagnostic,93,LUNAUSDT,0.05763989036689522
T0416,F05,fold_diagnostic,98,GALAUSDT,0.027785710574535726
T0416,F06,fold_diagnostic,85,DYDXUSDT,0.03896827860582895
T0416,F07,fold_diagnostic,97,APTUSDT,0.04837386716358352
T0416,F08,fold_diagnostic,99,TRBUSDT,0.13020314430444918
T0417,F01,fold_diagnostic,24,LINKUSDT,0.17173361152062983
T0417,F02,fold_diagnostic,62,ZILUSDT,0.04308736515276788
T0417,F03,fold_diagnostic,80,DOGEUSDT,0.10120369374614539
T0417,F04,fold_diagnostic,93,1000SHIBUSDT,0.0435206413184393
T0417,F05,fold_diagnostic,98,AVAXUSDT,0.044125851481049645
T0417,F06,fold_diagnostic,85,BNBUSDT,0.031415694630289565
T0417,F07,fold_diagnostic,97,MASKUSDT,0.04908894379520352
T0417,F08,fold_diagnostic,99,TRBUSDT,0.12142600670468015
T0418,F01,fold_diagnostic,24,ETHUSDT,0.117858152556999
T0418,F02,fold_diagnostic,62,YFIUSDT,0.05718967337675662
T0418,F03,fold_diagnostic,80,DOGEUSDT,0.11161301729547965
T0418,F04,fold_diagnostic,93,1000SHIBUSDT,0.08225592019109554
T0418,F05,fold_diagnostic,98,ICPUSDT,0.04225477602617997
T0418,F06,fold_diagnostic,85,ETCUSDT,0.0445291771644348
T0418,F07,fold_diagnostic,97,LITUSDT,0.03412277831998638
T0418,F08,fold_diagnostic,99,TRBUSDT,0.07777950285466637
T0419,F01,fold_diagnostic,24,IOSTUSDT,0.09681989883138413
T0419,F02,fold_diagnostic,62,YFIUSDT,0.06566273372951685
T0419,F03,fold_diagnostic,80,DOGEUSDT,0.12013172764959686
T0419,F04,fold_diagnostic,93,1000SHIBUSDT,0.09208947004911855
T0419,F05,fold_diagnostic,98,ANCUSDT,0.04016686925675565
T0419,F06,fold_diagnostic,85,CRVUSDT,0.05647068056289978
T0419,F07,fold_diagnostic,97,MASKUSDT,0.060240408646394836
T0419,F08,fold_diagnostic,99,TRBUSDT,0.11959064368375226
T0420,F01,fold_diagnostic,24,LTCUSDT,0.10899944113032785
T0420,F02,fold_diagnostic,62,BCHUSDT,0.04968867714399759
T0420,F03,fold_diagnostic,80,DOGEUSDT,0.07219587483054234
T0420,F04,fold_diagnostic,93,ENJUSDT,0.05020171232422184
T0420,F05,fold_diagnostic,98,BCHUSDT,0.04036460979542778
T0420,F06,fold_diagnostic,85,DYDXUSDT,0.033380447829776484
T0420,F07,fold_diagnostic,97,KAVAUSDT,0.04146672145097182
T0420,F08,fold_diagnostic,99,TRBUSDT,0.06892590363946545
T0421,F01,fold_diagnostic,24,ADAUSDT,0.11161707587700684
T0421,F02,fold_diagnostic,62,THETAUSDT,0.06211199515715755
T0421,F03,fold_diagnostic,80,DOGEUSDT,0.08603485617538056
T0421,F04,fold_diagnostic,93,LUNAUSDT,0.06800197239775836
T0421,F05,fold_diagnostic,98,BCHUSDT,0.033654230189530454
T0421,F06,fold_diagnostic,85,ETCUSDT,0.036720411468803685
T0421,F07,fold_diagnostic,97,OCEANUSDT,0.04816515228413613
T0421,F08,fold_diagnostic,99,TRBUSDT,0.08787207178540848
T0422,F01,fold_diagnostic,24,IOSTUSDT,0.09331796973687817
T0422,F02,fold_diagnostic,62,SUSHIUSDT,0.06934537945242224
T0422,F03,fold_diagnostic,80,DOGEUSDT,0.17500446615568263
T0422,F04,fold_diagnostic,93,SANDUSDT,0.06077653186600641
T0422,F05,fold_diagnostic,98,BCHUSDT,0.03603265467722236
T0422,F06,fold_diagnostic,85,UNIUSDT,0.03340448166876099
T0422,F07,fold_diagnostic,97,APTUSDT,0.050138944680861504
T0422,F08,fold_diagnostic,99,TRBUSDT,0.12373495916688981
T0423,F01,fold_diagnostic,24,LTCUSDT,0.1088099653703731
T0423,F02,fold_diagnostic,62,SXPUSDT,0.05725109111095315
T0423,F03,fold_diagnostic,80,FTMUSDT,0.04332227352368707
T0423,F04,fold_diagnostic,93,FILUSDT,0.038309128739029384
T0423,F05,fold_diagnostic,98,CRVUSDT,0.03067514210027595
T0423,F06,fold_diagnostic,85,MANAUSDT,0.030476755792284923
T0423,F07,fold_diagnostic,97,MASKUSDT,0.03757916075375128
T0423,F08,fold_diagnostic,99,TRBUSDT,0.03912487036062276
T0424,F01,fold_diagnostic,24,VETUSDT,0.08607536657887518
T0424,F02,fold_diagnostic,62,SXPUSDT,0.06404883203614359
T0424,F03,fold_diagnostic,80,ALGOUSDT,0.05018477612024449
T0424,F04,fold_diagnostic,93,LUNAUSDT,0.06072653311879354
T0424,F05,fold_diagnostic,98,AXSUSDT,0.027188580007778983
T0424,F06,fold_diagnostic,85,DYDXUSDT,0.040677709487330356
T0424,F07,fold_diagnostic,97,DYDXUSDT,0.04648792374451513
T0424,F08,fold_diagnostic,99,TRBUSDT,0.05759824604706081
T0425,F01,fold_diagnostic,24,VETUSDT,0.11424385193598507
T0425,F02,fold_diagnostic,62,THETAUSDT,0.07294994210365312
T0425,F03,fold_diagnostic,80,SOLUSDT,0.06395002171440808
T0425,F04,fold_diagnostic,93,SANDUSDT,0.07165331111176684
T0425,F05,fold_diagnostic,98,GALAUSDT,0.03082629580447952
T0425,F06,fold_diagnostic,85,GMTUSDT,0.047682623937654864
T0425,F07,fold_diagnostic,97,OCEANUSDT,0.04888737310979032
T0425,F08,fold_diagnostic,99,TRBUSDT,0.10348645131575797
T0426,F01,fold_diagnostic,24,LTCUSDT,0.08455477418254043
T0426,F02,fold_diagnostic,62,SXPUSDT,0.043215102339573624
T0426,F03,fold_diagnostic,80,ONTUSDT,0.04507758865835004
T0426,F04,fold_diagnostic,93,DOGEUSDT,0.04057728707914532
T0426,F05,fold_diagnostic,98,DYDXUSDT,0.029747802309993767
T0426,F06,fold_diagnostic,85,WAVESUSDT,0.033711109441128935
T0426,F07,fold_diagnostic,97,MATICUSDT,0.031068609370566012
T0426,F08,fold_diagnostic,99,TRBUSDT,0.03504155195247419
T0427,F01,fold_diagnostic,24,BCHUSDT,0.14291395137697363
T0427,F02,fold_diagnostic,62,BANDUSDT,0.0681045695230151
T0427,F03,fold_diagnostic,80,DOGEUSDT,0.1276994955416317
T0427,F04,fold_diagnostic,93,LUNAUSDT,0.06927132144828504
T0427,F05,fold_diagnostic,98,LINKUSDT,0.029597209209796853
T0427,F06,fold_diagnostic,85,SANDUSDT,0.03560615593802846
T0427,F07,fold_diagnostic,97,ATOMUSDT,0.026594064921040245
T0427,F08,fold_diagnostic,99,TRBUSDT,0.08912653310778557
T0428,F01,fold_diagnostic,24,IOSTUSDT,0.09241920895649314
T0428,F02,fold_diagnostic,62,THETAUSDT,0.07942608480130384
T0428,F03,fold_diagnostic,80,DOGEUSDT,0.09714943288354772
T0428,F04,fold_diagnostic,93,LUNAUSDT,0.06492143956608837
T0428,F05,fold_diagnostic,98,SUSHIUSDT,0.033024685158647316
T0428,F06,fold_diagnostic,85,WAVESUSDT,0.04396942090490625
T0428,F07,fold_diagnostic,97,INJUSDT,0.034409272664661913
T0428,F08,fold_diagnostic,99,TRBUSDT,0.12932527051465809
T0429,F01,fold_diagnostic,24,BCHUSDT,0.07686567384699655
T0429,F02,fold_diagnostic,62,TRXUSDT,0.05328566796369485
T0429,F03,fold_diagnostic,80,DOGEUSDT,0.058478380085602334
T0429,F04,fold_diagnostic,93,BCHUSDT,0.047790545035779744
T0429,F05,fold_diagnostic,98,ETHUSDT,0.04133627543931357
T0429,F06,fold_diagnostic,85,GMTUSDT,0.04419325568814158
T0429,F07,fold_diagnostic,97,DOGEUSDT,0.04066816738273898
T0429,F08,fold_diagnostic,99,TRBUSDT,0.05612161623183005
T0430,F01,fold_diagnostic,24,ETHUSDT,0.1194054516431141
T0430,F02,fold_diagnostic,62,THETAUSDT,0.05577308619602307
T0430,F03,fold_diagnostic,80,DOGEUSDT,0.1046255701766955
T0430,F04,fold_diagnostic,93,LUNAUSDT,0.06028099556012378
T0430,F05,fold_diagnostic,98,CRVUSDT,0.04261423212268204
T0430,F06,fold_diagnostic,85,GMTUSDT,0.04731936423016267
T0430,F07,fold_diagnostic,97,CFXUSDT,0.041916840638674964
T0430,F08,fold_diagnostic,99,TRBUSDT,0.12856275947634285
T0431,F01,fold_diagnostic,24,EOSUSDT,0.08888392791899502
T0431,F02,fold_diagnostic,62,SUSHIUSDT,0.07314239406250442
T0431,F03,fold_diagnostic,80,DOGEUSDT,0.15479629544812448
T0431,F04,fold_diagnostic,93,1000SHIBUSDT,0.08064421107874103
T0431,F05,fold_diagnostic,98,SUSHIUSDT,0.04080545003283024
T0431,F06,fold_diagnostic,85,SUSHIUSDT,0.03785219085426533
T0431,F07,fold_diagnostic,97,APTUSDT,0.04860664734535375
T0431,F08,fold_diagnostic,99,TRBUSDT,0.12760824900803333
T0432,F01,fold_diagnostic,24,ETCUSDT,0.0624451804198168
T0432,F02,fold_diagnostic,62,IOSTUSDT,0.03969038028505205
T0432,F03,fold_diagnostic,80,YFIUSDT,0.04305846679911717
T0432,F04,fold_diagnostic,93,FTMUSDT,0.04346313798137463
T0432,F05,fold_diagnostic,98,BELUSDT,0.04504822833406844
T0432,F06,fold_diagnostic,86,WAVESUSDT,0.02968701854327834
T0432,F07,fold_diagnostic,97,CFXUSDT,0.03067756992210478
T0432,F08,fold_diagnostic,99,TRBUSDT,0.03665105306692952
T0433,F01,fold_diagnostic,24,VETUSDT,0.1441263070677727
T0433,F02,fold_diagnostic,62,SXPUSDT,0.05379439664907387
T0433,F03,fold_diagnostic,80,DOGEUSDT,0.08255746291853391
T0433,F04,fold_diagnostic,93,1000SHIBUSDT,0.07045685183292268
T0433,F05,fold_diagnostic,98,PEOPLEUSDT,0.031956451280895797
T0433,F06,fold_diagnostic,86,UNFIUSDT,0.07065013097796972
T0433,F07,fold_diagnostic,97,MASKUSDT,0.042458721737288804
T0433,F08,fold_diagnostic,99,TRBUSDT,0.09570886380920227
T0434,F01,fold_diagnostic,24,VETUSDT,0.13456782227939923
T0434,F02,fold_diagnostic,62,SUSHIUSDT,0.057019997267490574
T0434,F03,fold_diagnostic,80,DOGEUSDT,0.10295646668062328
T0434,F04,fold_diagnostic,93,ALICEUSDT,0.05901356082484589
T0434,F05,fold_diagnostic,98,PEOPLEUSDT,0.03892846677399184
T0434,F06,fold_diagnostic,86,WAVESUSDT,0.03636106634371235
T0434,F07,fold_diagnostic,97,BCHUSDT,0.04992457231279413
T0434,F08,fold_diagnostic,99,TRBUSDT,0.08308095357667512
T0435,F01,fold_diagnostic,24,LINKUSDT,0.14872061134677217
T0435,F02,fold_diagnostic,56,THETAUSDT,0.10618225259261914
T0435,F03,fold_diagnostic,68,DOGEUSDT,0.08441690493561808
T0435,F04,fold_diagnostic,77,RUNEUSDT,0.055811086670601306
T0435,F05,fold_diagnostic,95,AXSUSDT,0.04794313765413032
T0435,F06,fold_diagnostic,85,AXSUSDT,0.05194955419230632
T0435,F07,fold_diagnostic,89,APEUSDT,0.07422404446554766
T0435,F08,fold_diagnostic,94,TRBUSDT,0.10226044164058026
T0436,F01,fold_diagnostic,24,XLMUSDT,0.10228495506490441
T0436,F02,fold_diagnostic,56,CRVUSDT,0.11511594751875283
T0436,F03,fold_diagnostic,68,RSRUSDT,0.07279734112816434
T0436,F04,fold_diagnostic,77,LUNAUSDT,0.08094437178208902
T0436,F05,fold_diagnostic,95,AXSUSDT,0.04455450318849778
T0436,F06,fold_diagnostic,85,GMTUSDT,0.0687750127871755
T0436,F07,fold_diagnostic,89,LINAUSDT,0.07283525506523811
T0436,F08,fold_diagnostic,94,TRBUSDT,0.17304476448429307
T0437,F01,fold_diagnostic,24,BATUSDT,0.09940337516171811
T0437,F02,fold_diagnostic,56,THETAUSDT,0.10205169866138683
T0437,F03,fold_diagnostic,68,RUNEUSDT,0.07389232536315543
T0437,F04,fold_diagnostic,77,LUNAUSDT,0.10097956949446589
T0437,F05,fold_diagnostic,95,AXSUSDT,0.050081288087590964
T0437,F06,fold_diagnostic,85,CRVUSDT,0.05697533265272011
T0437,F07,fold_diagnostic,89,APTUSDT,0.05085950797421388
T0437,F08,fold_diagnostic,94,TRBUSDT,0.26154335956129726
T0438,F01,fold_diagnostic,22,BCHUSDT,0.102482627488255
T0438,F02,fold_diagnostic,48,SXPUSDT,0.08070139638918843
T0438,F03,fold_diagnostic,57,SOLUSDT,0.06348762642507867
T0438,F04,fold_diagnostic,67,LUNAUSDT,0.06258909411673753
T0438,F05,fold_diagnostic,82,ANCUSDT,0.13927581442863776
T0438,F06,fold_diagnostic,80,SOLUSDT,0.0613790047893952
T0438,F07,fold_diagnostic,76,GRTUSDT,0.05221794077938748
T0438,F08,fold_diagnostic,79,TRBUSDT,0.14745159229373275
T0439,F01,fold_diagnostic,22,ADAUSDT,0.20077201710843254
T0439,F02,fold_diagnostic,48,VETUSDT,0.107460280925803
T0439,F03,fold_diagnostic,57,SOLUSDT,0.05184616524716981
T0439,F04,fold_diagnostic,67,LUNAUSDT,0.12068266622266643
T0439,F05,fold_diagnostic,82,ANCUSDT,0.05774715384698456
T0439,F06,fold_diagnostic,80,MASKUSDT,0.05775233081094192
T0439,F07,fold_diagnostic,76,LINAUSDT,0.06478808120937121
T0439,F08,fold_diagnostic,79,TRBUSDT,0.15926029894866522
T0440,F01,fold_diagnostic,22,ADAUSDT,0.19490256776395565
T0440,F02,fold_diagnostic,48,ZILUSDT,0.09847820972654983
T0440,F03,fold_diagnostic,57,BNBUSDT,0.14831726932862063
T0440,F04,fold_diagnostic,67,LUNAUSDT,0.09421534568351352
T0440,F05,fold_diagnostic,82,RUNEUSDT,0.051569726089790706
T0440,F06,fold_diagnostic,80,APEUSDT,0.04569903156494368
T0440,F07,fold_diagnostic,76,OPUSDT,0.06018819532233101
T0440,F08,fold_diagnostic,79,TRBUSDT,0.11835360383376624
T0441,F01,fold_diagnostic,24,ATOMUSDT,0.09020639196773256
T0441,F02,fold_diagnostic,62,THETAUSDT,0.07220301589849241
T0441,F03,fold_diagnostic,80,DOGEUSDT,0.13384126099575472
T0441,F04,fold_diagnostic,93,1000SHIBUSDT,0.09733283345848455
T0441,F05,fold_diagnostic,98,THETAUSDT,0.051448833043930074
T0441,F06,fold_diagnostic,85,BCHUSDT,0.05206322878837543
T0441,F07,fold_diagnostic,97,GALAUSDT,0.046366727658642984
T0441,F08,fold_diagnostic,99,TRBUSDT,0.11410323506958003
T0442,F01,fold_diagnostic,24,ADAUSDT,0.15311638112130913
T0442,F02,fold_diagnostic,62,THETAUSDT,0.05681946915147832
T0442,F03,fold_diagnostic,80,DOGEUSDT,0.12873643842230598
T0442,F04,fold_diagnostic,93,LUNAUSDT,0.07487857869888222
T0442,F05,fold_diagnostic,98,EGLDUSDT,0.03604217417759354
T0442,F06,fold_diagnostic,85,OPUSDT,0.037146413333320194
T0442,F07,fold_diagnostic,97,APTUSDT,0.07346298345400651
T0442,F08,fold_diagnostic,99,TRBUSDT,0.07659426661377963
T0443,F01,fold_diagnostic,24,QTUMUSDT,0.09916819964806932
T0443,F02,fold_diagnostic,62,ZECUSDT,0.03941025759017106
T0443,F03,fold_diagnostic,78,DOGEUSDT,0.12079026410442205
T0443,F04,fold_diagnostic,93,GALAUSDT,0.05947135839037718
T0443,F05,fold_diagnostic,94,DOTUSDT,0.038155391912858154
T0443,F06,fold_diagnostic,83,CRVUSDT,0.05148983348291615
T0443,F07,fold_diagnostic,97,MASKUSDT,0.03838164642409575
T0443,F08,fold_diagnostic,98,TRBUSDT,0.08103405456385482
T0444,F01,fold_diagnostic,24,VETUSDT,0.14856369553997126
T0444,F02,fold_diagnostic,62,SUSHIUSDT,0.06643202853056845
T0444,F03,fold_diagnostic,78,DOGEUSDT,0.12155808339593802
T0444,F04,fold_diagnostic,93,SANDUSDT,0.08209270255211097
T0444,F05,fold_diagnostic,94,THETAUSDT,0.03577666301373396
T0444,F06,fold_diagnostic,83,GMTUSDT,0.06245037732942489
T0444,F07,fold_diagnostic,97,GALAUSDT,0.05051207895924996
T0444,F08,fold_diagnostic,98,TRBUSDT,0.0964845786055467
T0445,F01,fold_diagnostic,24,ADAUSDT,0.11829223697415708
T0445,F02,fold_diagnostic,59,SUSHIUSDT,0.05367522617830098
T0445,F03,fold_diagnostic,75,DOGEUSDT,0.11474623733572237
T0445,F04,fold_diagnostic,87,1000SHIBUSDT,0.0534538900375819
T0445,F05,fold_diagnostic,71,ENSUSDT,0.06057432718764183
T0445,F06,fold_diagnostic,73,LINKUSDT,0.038214818716355986
T0445,F07,fold_diagnostic,92,LINAUSDT,0.052117783651794654
T0445,F08,fold_diagnostic,93,TRBUSDT,0.0897467269008813
T0446,F01,fold_diagnostic,24,LINKUSDT,0.11356729984751261
T0446,F02,fold_diagnostic,59,THETAUSDT,0.06847999194050176
T0446,F03,fold_diagnostic,75,DOGEUSDT,0.1136713132854281
T0446,F04,fold_diagnostic,87,GALAUSDT,0.07361914256950117
T0446,F05,fold_diagnostic,71,1000SHIBUSDT,0.04295530069224392
T0446,F06,fold_diagnostic,73,OPUSDT,0.05094896203493141
T0446,F07,fold_diagnostic,92,APTUSDT,0.04137554978469102
T0446,F08,fold_diagnostic,93,TRBUSDT,0.11098461645107269
T0447,F01,fold_diagnostic,24,ATOMUSDT,0.09020639196773256
T0447,F02,fold_diagnostic,62,THETAUSDT,0.07220301589849241
T0447,F03,fold_diagnostic,80,DOGEUSDT,0.13384126099575472
T0447,F04,fold_diagnostic,93,1000SHIBUSDT,0.09733283345848455
T0447,F05,fold_diagnostic,98,THETAUSDT,0.051448833043930074
T0447,F06,fold_diagnostic,85,BCHUSDT,0.05206322878837543
T0447,F07,fold_diagnostic,97,GALAUSDT,0.046366727658642984
T0447,F08,fold_diagnostic,99,TRBUSDT,0.11410323506958003
T0448,F01,fold_diagnostic,24,ADAUSDT,0.15311638112130913
T0448,F02,fold_diagnostic,62,THETAUSDT,0.05681946915147832
T0448,F03,fold_diagnostic,80,DOGEUSDT,0.12873643842230598
T0448,F04,fold_diagnostic,93,LUNAUSDT,0.07487857869888222
T0448,F05,fold_diagnostic,98,EGLDUSDT,0.03604217417759354
T0448,F06,fold_diagnostic,85,OPUSDT,0.037146413333320194
T0448,F07,fold_diagnostic,97,APTUSDT,0.07346298345400651
T0448,F08,fold_diagnostic,99,TRBUSDT,0.07659426661377963
T0449,F01,fold_diagnostic,24,QTUMUSDT,0.09916819964806932
T0449,F02,fold_diagnostic,62,ZECUSDT,0.03941025759017106
T0449,F03,fold_diagnostic,78,DOGEUSDT,0.12079026410442205
T0449,F04,fold_diagnostic,93,GALAUSDT,0.05947135839037718
T0449,F05,fold_diagnostic,94,DOTUSDT,0.038155391912858154
T0449,F06,fold_diagnostic,83,CRVUSDT,0.05148983348291615
T0449,F07,fold_diagnostic,97,MASKUSDT,0.03838164642409575
T0449,F08,fold_diagnostic,98,TRBUSDT,0.08103405456385482
T0450,F01,fold_diagnostic,24,VETUSDT,0.14856369553997126
T0450,F02,fold_diagnostic,62,SUSHIUSDT,0.06643202853056845
T0450,F03,fold_diagnostic,78,DOGEUSDT,0.12155808339593802
T0450,F04,fold_diagnostic,93,SANDUSDT,0.08209270255211097
T0450,F05,fold_diagnostic,94,THETAUSDT,0.03577666301373396
T0450,F06,fold_diagnostic,83,GMTUSDT,0.06245037732942489
T0450,F07,fold_diagnostic,97,GALAUSDT,0.05051207895924996
T0450,F08,fold_diagnostic,98,TRBUSDT,0.0964845786055467
T0451,F01,fold_diagnostic,24,ADAUSDT,0.11829223697415708
T0451,F02,fold_diagnostic,59,SUSHIUSDT,0.05367522617830098
T0451,F03,fold_diagnostic,75,DOGEUSDT,0.11474623733572237
T0451,F04,fold_diagnostic,87,1000SHIBUSDT,0.0534538900375819
T0451,F05,fold_diagnostic,71,ENSUSDT,0.06057432718764183
T0451,F06,fold_diagnostic,73,LINKUSDT,0.038214818716355986
T0451,F07,fold_diagnostic,92,LINAUSDT,0.052117783651794654
T0451,F08,fold_diagnostic,93,TRBUSDT,0.0897467269008813
T0452,F01,fold_diagnostic,24,LINKUSDT,0.11356729984751261
T0452,F02,fold_diagnostic,59,THETAUSDT,0.06847999194050176
T0452,F03,fold_diagnostic,75,DOGEUSDT,0.1136713132854281
T0452,F04,fold_diagnostic,87,GALAUSDT,0.07361914256950117
T0452,F05,fold_diagnostic,71,1000SHIBUSDT,0.04295530069224392
T0452,F06,fold_diagnostic,73,OPUSDT,0.05094896203493141
T0452,F07,fold_diagnostic,92,APTUSDT,0.04137554978469102
T0452,F08,fold_diagnostic,93,TRBUSDT,0.11098461645107269
T0453,F01,fold_diagnostic,24,QTUMUSDT,0.09468593346227343
T0453,F02,fold_diagnostic,62,SUSHIUSDT,0.07427913189395609
T0453,F03,fold_diagnostic,80,DOGEUSDT,0.058154208636691324
T0453,F04,fold_diagnostic,93,CRVUSDT,0.05211340404590774
T0453,F05,fold_diagnostic,98,DYDXUSDT,0.03706899897754501
T0453,F06,fold_diagnostic,85,UNFIUSDT,0.033409084298645
T0453,F07,fold_diagnostic,97,BCHUSDT,0.039225506393184645
T0453,F08,fold_diagnostic,99,TRBUSDT,0.09872059024233602
T0454,F01,fold_diagnostic,24,VETUSDT,0.16777597987755025
T0454,F02,fold_diagnostic,62,THETAUSDT,0.0650825298919237
T0454,F03,fold_diagnostic,80,DOGEUSDT,0.13719548707524576
T0454,F04,fold_diagnostic,93,LUNAUSDT,0.08298889226366181
T0454,F05,fold_diagnostic,98,DYDXUSDT,0.05684557935885791
T0454,F06,fold_diagnostic,85,FLMUSDT,0.045464590793258035
T0454,F07,fold_diagnostic,97,WAVESUSDT,0.042537027323572424
T0454,F08,fold_diagnostic,99,TRBUSDT,0.08335155373749362
T0455,F01,fold_diagnostic,24,DASHUSDT,0.1080151005715519
T0455,F02,fold_diagnostic,62,SUSHIUSDT,0.0702387301074644
T0455,F03,fold_diagnostic,80,DOGEUSDT,0.11694703952594622
T0455,F04,fold_diagnostic,93,GALAUSDT,0.04397641679498998
T0455,F05,fold_diagnostic,98,ALICEUSDT,0.051171880243573345
T0455,F06,fold_diagnostic,85,WAVESUSDT,0.03854307739789187
T0455,F07,fold_diagnostic,97,LDOUSDT,0.04734174360429191
T0455,F08,fold_diagnostic,99,TRBUSDT,0.15697217417324386
T0456,F01,fold_diagnostic,24,XLMUSDT,0.09847520254160734
T0456,F02,fold_diagnostic,62,SUSHIUSDT,0.06398847620713742
T0456,F03,fold_diagnostic,80,DOGEUSDT,0.1573926877531957
T0456,F04,fold_diagnostic,93,SANDUSDT,0.057093162396915996
T0456,F05,fold_diagnostic,98,DYDXUSDT,0.044940065919146815
T0456,F06,fold_diagnostic,85,FLMUSDT,0.05836213100331158
T0456,F07,fold_diagnostic,97,APTUSDT,0.04541887000746859
T0456,F08,fold_diagnostic,99,TRBUSDT,0.13151438568185989
T0457,F01,fold_diagnostic,24,XRPUSDT,0.09995848144739802
T0457,F02,fold_diagnostic,62,LINKUSDT,0.05623782687060232
T0457,F03,fold_diagnostic,80,DOGEUSDT,0.09392625163477644
T0457,F04,fold_diagnostic,93,ALICEUSDT,0.05184835074367049
T0457,F05,fold_diagnostic,98,ALICEUSDT,0.044423763181812154
T0457,F06,fold_diagnostic,85,GALAUSDT,0.04533114563965375
T0457,F07,fold_diagnostic,97,OPUSDT,0.05237904700987128
T0457,F08,fold_diagnostic,99,TRBUSDT,0.10650031227931449
T0458,F01,fold_diagnostic,24,LINKUSDT,0.15239390739752182
T0458,F02,fold_diagnostic,62,SUSHIUSDT,0.0497794215063113
T0458,F03,fold_diagnostic,80,DOGEUSDT,0.17904398923035253
T0458,F04,fold_diagnostic,93,SANDUSDT,0.08935103427485834
T0458,F05,fold_diagnostic,98,AAVEUSDT,0.03934914233124209
T0458,F06,fold_diagnostic,85,SNXUSDT,0.043920724948755256
T0458,F07,fold_diagnostic,97,LINAUSDT,0.050067717401546724
T0458,F08,fold_diagnostic,99,TRBUSDT,0.13637922499617608
T0459,F01,fold_diagnostic,24,ADAUSDT,0.11911650499575163
T0459,F02,fold_diagnostic,62,LINKUSDT,0.05586884022795088
T0459,F03,fold_diagnostic,80,DOGEUSDT,0.0768873866957634
T0459,F04,fold_diagnostic,93,1000SHIBUSDT,0.08122905818237033
T0459,F05,fold_diagnostic,98,THETAUSDT,0.0439243728467669
T0459,F06,fold_diagnostic,84,DOGEUSDT,0.055642047676960335
T0459,F07,fold_diagnostic,97,GALAUSDT,0.05923571206499269
T0459,F08,fold_diagnostic,99,TRBUSDT,0.10152710289953631
T0460,F01,fold_diagnostic,24,ADAUSDT,0.16022527936736816
T0460,F02,fold_diagnostic,62,LINKUSDT,0.055708974857405356
T0460,F03,fold_diagnostic,80,DOGEUSDT,0.22262327515888475
T0460,F04,fold_diagnostic,93,SANDUSDT,0.07579184935002119
T0460,F05,fold_diagnostic,98,DOTUSDT,0.03889936582290916
T0460,F06,fold_diagnostic,84,SANDUSDT,0.04380373915876456
T0460,F07,fold_diagnostic,97,GALAUSDT,0.06574834921834444
T0460,F08,fold_diagnostic,99,TRBUSDT,0.10675690924937366
T0461,F01,fold_diagnostic,24,VETUSDT,0.11593952971615344
T0461,F02,fold_diagnostic,61,LINKUSDT,0.07030588505738349
T0461,F03,fold_diagnostic,75,DOGEUSDT,0.09064861521762904
T0461,F04,fold_diagnostic,92,1000SHIBUSDT,0.08198409358638288
T0461,F05,fold_diagnostic,87,ENSUSDT,0.055993860575768
T0461,F06,fold_diagnostic,80,DOGEUSDT,0.05778550828428224
T0461,F07,fold_diagnostic,95,LINAUSDT,0.06878667088223427
T0461,F08,fold_diagnostic,97,TRBUSDT,0.06984980920488792
T0462,F01,fold_diagnostic,24,ADAUSDT,0.128423615378219
T0462,F02,fold_diagnostic,61,ADAUSDT,0.05171450322766462
T0462,F03,fold_diagnostic,75,DOGEUSDT,0.23842981081814926
T0462,F04,fold_diagnostic,92,1000SHIBUSDT,0.07922947043006921
T0462,F05,fold_diagnostic,87,DYDXUSDT,0.044308850821437575
T0462,F06,fold_diagnostic,80,ETCUSDT,0.05557198913118459
T0462,F07,fold_diagnostic,95,GALAUSDT,0.062418713843684887
T0462,F08,fold_diagnostic,97,TRBUSDT,0.09418539658297133
T0463,F01,fold_diagnostic,24,ZECUSDT,0.1083949029909341
T0463,F02,fold_diagnostic,60,LINKUSDT,0.06464771764136663
T0463,F03,fold_diagnostic,74,DOGEUSDT,0.09429341893475539
T0463,F04,fold_diagnostic,92,1000SHIBUSDT,0.08430670132629484
T0463,F05,fold_diagnostic,87,ENSUSDT,0.055592828518296715
T0463,F06,fold_diagnostic,78,DOGEUSDT,0.062184130215977976
T0463,F07,fold_diagnostic,94,LINAUSDT,0.0730635501851406
T0463,F08,fold_diagnostic,93,TRBUSDT,0.06173986997816775
T0464,F01,fold_diagnostic,24,ADAUSDT,0.15052420321887863
T0464,F02,fold_diagnostic,60,NEOUSDT,0.05840770273808342
T0464,F03,fold_diagnostic,73,DOGEUSDT,0.24458202041267957
T0464,F04,fold_diagnostic,92,1000SHIBUSDT,0.0797451846912235
T0464,F05,fold_diagnostic,87,RUNEUSDT,0.04618593492857533
T0464,F06,fold_diagnostic,78,ETCUSDT,0.06143583879804808
T0464,F07,fold_diagnostic,94,GALAUSDT,0.06613772407815673
T0464,F08,fold_diagnostic,93,TRBUSDT,0.09339189317620121
T0465,F01,fold_diagnostic,24,XRPUSDT,0.0772412215352004
T0465,F02,fold_diagnostic,62,RLCUSDT,0.060543260697442064
T0465,F03,fold_diagnostic,80,SOLUSDT,0.04573771909450334
T0465,F04,fold_diagnostic,93,ALICEUSDT,0.04773307504801378
T0465,F05,fold_diagnostic,98,ICPUSDT,0.031803752954411096
T0465,F06,fold_diagnostic,85,DOTUSDT,0.03615431476205435
T0465,F07,fold_diagnostic,97,STXUSDT,0.03181303741358917
T0465,F08,fold_diagnostic,99,TRBUSDT,0.07668764375788252
T0466,F01,fold_diagnostic,24,LTCUSDT,0.09331931714947261
T0466,F02,fold_diagnostic,62,THETAUSDT,0.060903361566465905
T0466,F03,fold_diagnostic,80,DOGEUSDT,0.13103924966994154
T0466,F04,fold_diagnostic,93,GALAUSDT,0.04844330068240915
T0466,F05,fold_diagnostic,98,SUSHIUSDT,0.031554248943868796
T0466,F06,fold_diagnostic,85,WAVESUSDT,0.05210154366457244
T0466,F07,fold_diagnostic,97,LINAUSDT,0.032707482049047984
T0466,F08,fold_diagnostic,99,TRBUSDT,0.10643082256706228
T0467,F01,fold_diagnostic,24,ADAUSDT,0.12929581394064085
T0467,F02,fold_diagnostic,62,VETUSDT,0.05508687110829666
T0467,F03,fold_diagnostic,80,DOGEUSDT,0.06636822269344052
T0467,F04,fold_diagnostic,93,GALAUSDT,0.07750006550258902
T0467,F05,fold_diagnostic,98,ATOMUSDT,0.03476222177356632
T0467,F06,fold_diagnostic,85,GMTUSDT,0.035274922083759826
T0467,F07,fold_diagnostic,97,MASKUSDT,0.04088375684257505
T0467,F08,fold_diagnostic,99,TRBUSDT,0.09649954554926699
T0468,F01,fold_diagnostic,24,ADAUSDT,0.13105556051160247
T0468,F02,fold_diagnostic,62,ZILUSDT,0.05978705728541144
T0468,F03,fold_diagnostic,80,DOGEUSDT,0.1154632025382829
T0468,F04,fold_diagnostic,93,SANDUSDT,0.06081073583965273
T0468,F05,fold_diagnostic,98,BCHUSDT,0.031861790187669915
T0468,F06,fold_diagnostic,85,MASKUSDT,0.050666794428574045
T0468,F07,fold_diagnostic,97,APTUSDT,0.06116968104512464
T0468,F08,fold_diagnostic,99,TRBUSDT,0.1141664842766508
T0469,F01,fold_diagnostic,24,ADAUSDT,0.13444278452353525
T0469,F02,fold_diagnostic,62,SUSHIUSDT,0.08280125816060507
T0469,F03,fold_diagnostic,80,DOGEUSDT,0.0738802580248471
T0469,F04,fold_diagnostic,93,FTMUSDT,0.052814181667113665
T0469,F05,fold_diagnostic,98,SOLUSDT,0.03596009872676052
T0469,F06,fold_diagnostic,85,AXSUSDT,0.04627395494879324
T0469,F07,fold_diagnostic,97,OCEANUSDT,0.045350077294797043
T0469,F08,fold_diagnostic,99,TRBUSDT,0.06026845685960289
T0470,F01,fold_diagnostic,24,VETUSDT,0.14414150837433695
T0470,F02,fold_diagnostic,62,THETAUSDT,0.05017150041006602
T0470,F03,fold_diagnostic,80,DOGEUSDT,0.12628797045262863
T0470,F04,fold_diagnostic,93,SANDUSDT,0.08528169216233103
T0470,F05,fold_diagnostic,98,PEOPLEUSDT,0.041801044841504806
T0470,F06,fold_diagnostic,85,WAVESUSDT,0.035103901142366556
T0470,F07,fold_diagnostic,97,GRTUSDT,0.060916446508127615
T0470,F08,fold_diagnostic,99,TRBUSDT,0.09915016368919759
T0471,F01,fold_diagnostic,24,BCHUSDT,0.09072657287031874
T0471,F02,fold_diagnostic,62,SXPUSDT,0.05817706619255774
T0471,F03,fold_diagnostic,80,ATOMUSDT,0.06335007020851297
T0471,F04,fold_diagnostic,93,ATOMUSDT,0.044638773343805324
T0471,F05,fold_diagnostic,98,GALAUSDT,0.04654731655100082
T0471,F06,fold_diagnostic,86,CRVUSDT,0.04640635500724238
T0471,F07,fold_diagnostic,97,LTCUSDT,0.0354364163554347
T0471,F08,fold_diagnostic,99,BLURUSDT,0.0497965030838861
T0472,F01,fold_diagnostic,24,ADAUSDT,0.08633014616048214
T0472,F02,fold_diagnostic,62,SUSHIUSDT,0.0716985548449662
T0472,F03,fold_diagnostic,80,ATOMUSDT,0.0458199371043563
T0472,F04,fold_diagnostic,93,DOTUSDT,0.052492255176963314
T0472,F05,fold_diagnostic,98,ANCUSDT,0.09226635717549783
T0472,F06,fold_diagnostic,86,ATOMUSDT,0.06285117168963787
T0472,F07,fold_diagnostic,97,SANDUSDT,0.041997460582284984
T0472,F08,fold_diagnostic,99,RUNEUSDT,0.051996007265592295
T0473,F01,fold_diagnostic,22,ETCUSDT,0.11281792147775625
T0473,F02,fold_diagnostic,61,BNBUSDT,0.05327293103736241
T0473,F03,fold_diagnostic,73,VETUSDT,0.050466403896029
T0473,F04,fold_diagnostic,85,ALICEUSDT,0.06746763127505309
T0473,F05,fold_diagnostic,91,ANCUSDT,0.10092180388331176
T0473,F06,fold_diagnostic,85,GMTUSDT,0.050598669188506036
T0473,F07,fold_diagnostic,90,LDOUSDT,0.05094659271426361
T0473,F08,fold_diagnostic,86,GALAUSDT,0.05252248956631467
T0474,F01,fold_diagnostic,22,LINKUSDT,0.1927240971243038
T0474,F02,fold_diagnostic,61,BNBUSDT,0.06736667655679661
T0474,F03,fold_diagnostic,73,DOGEUSDT,0.06722183208554723
T0474,F04,fold_diagnostic,85,1000SHIBUSDT,0.07306304166689169
T0474,F05,fold_diagnostic,91,ANCUSDT,0.10833975819572332
T0474,F06,fold_diagnostic,85,MATICUSDT,0.05812313721235982
T0474,F07,fold_diagnostic,90,INJUSDT,0.05119411020769248
T0474,F08,fold_diagnostic,86,OPUSDT,0.038339089221902156
T0475,F01,fold_diagnostic,16,BTCUSDT,0.26918705108168695
T0475,F02,fold_diagnostic,53,BANDUSDT,0.06631477597830263
T0475,F03,fold_diagnostic,59,MKRUSDT,0.05193092572598675
T0475,F04,fold_diagnostic,69,THETAUSDT,0.04373405254796673
T0475,F05,fold_diagnostic,81,GALAUSDT,0.06345590225176902
T0475,F06,fold_diagnostic,78,TRBUSDT,0.06050413887597976
T0475,F07,fold_diagnostic,84,AXSUSDT,0.04832405581832728
T0475,F08,fold_diagnostic,62,LTCUSDT,0.041720680799640086
T0476,F01,fold_diagnostic,16,LINKUSDT,0.17106461823283978
T0476,F02,fold_diagnostic,53,YFIUSDT,0.06227326291395837
T0476,F03,fold_diagnostic,59,MKRUSDT,0.0570661461008298
T0476,F04,fold_diagnostic,69,1000SHIBUSDT,0.05172635880177894
T0476,F05,fold_diagnostic,81,ANCUSDT,0.06101086373995813
T0476,F06,fold_diagnostic,78,CHZUSDT,0.05759061835290427
T0476,F07,fold_diagnostic,84,IDUSDT,0.06126904583055508
T0476,F08,fold_diagnostic,62,STMXUSDT,0.055613147538017264
T0477,F01,fold_diagnostic,20,BTCUSDT,0.20176539310547167
T0477,F02,fold_diagnostic,60,OMGUSDT,0.07112901725574695
T0477,F03,fold_diagnostic,78,ETCUSDT,0.06035426242522889
T0477,F04,fold_diagnostic,81,GALAUSDT,0.08425994334327282
T0477,F05,fold_diagnostic,87,DYDXUSDT,0.03793728475408599
T0477,F06,fold_diagnostic,68,MASKUSDT,0.07020983359864233
T0477,F07,fold_diagnostic,77,APTUSDT,0.09747530108107196
T0477,F08,fold_diagnostic,88,TRBUSDT,0.10637305998979207
T0478,F01,fold_diagnostic,20,LINKUSDT,0.15439121807992454
T0478,F02,fold_diagnostic,60,TRXUSDT,0.05384047431424115
T0478,F03,fold_diagnostic,78,DOGEUSDT,0.16436943993672024
T0478,F04,fold_diagnostic,80,GALAUSDT,0.12089113690902586
T0478,F05,fold_diagnostic,86,DODOUSDT,0.03571637826424865
T0478,F06,fold_diagnostic,68,REEFUSDT,0.0632589747745373
T0478,F07,fold_diagnostic,77,APTUSDT,0.08172364746107244
T0478,F08,fold_diagnostic,88,TRBUSDT,0.1600023760253987
T0479,F01,fold_diagnostic,24,ETCUSDT,0.08992327076370808
T0479,F02,fold_diagnostic,62,KAVAUSDT,0.053654536197426786
T0479,F03,fold_diagnostic,80,DOGEUSDT,0.07978743179205083
T0479,F04,fold_diagnostic,93,EOSUSDT,0.04102040250894709
T0479,F05,fold_diagnostic,98,XTZUSDT,0.03972403942198828
T0479,F06,fold_diagnostic,85,WAVESUSDT,0.047785380333780304
T0479,F07,fold_diagnostic,97,MASKUSDT,0.04446836451165482
T0479,F08,fold_diagnostic,99,TRBUSDT,0.07789589175711435
T0480,F01,fold_diagnostic,24,LINKUSDT,0.15387252966110557
T0480,F02,fold_diagnostic,62,KAVAUSDT,0.07167814250610648
T0480,F03,fold_diagnostic,80,DOGEUSDT,0.24298778395848156
T0480,F04,fold_diagnostic,93,SANDUSDT,0.07040746670796572
T0480,F05,fold_diagnostic,98,ANCUSDT,0.04079499293809816
T0480,F06,fold_diagnostic,85,WAVESUSDT,0.04561057276527709
T0480,F07,fold_diagnostic,97,INJUSDT,0.05813908833269665
T0480,F08,fold_diagnostic,99,TRBUSDT,0.07403270978762787
T0481,F01,fold_diagnostic,24,XLMUSDT,0.10413826813433782
T0481,F02,fold_diagnostic,62,RUNEUSDT,0.04331936372922662
T0481,F03,fold_diagnostic,80,DOGEUSDT,0.08236544024187568
T0481,F04,fold_diagnostic,89,GALAUSDT,0.07067062933542399
T0481,F05,fold_diagnostic,95,DYDXUSDT,0.03464874542433206
T0481,F06,fold_diagnostic,85,WAVESUSDT,0.054798749908954295
T0481,F07,fold_diagnostic,93,DYDXUSDT,0.04325174457583342
T0481,F08,fold_diagnostic,98,TRBUSDT,0.07738581502874055
T0482,F01,fold_diagnostic,24,LINKUSDT,0.11244618818353473
T0482,F02,fold_diagnostic,62,SUSHIUSDT,0.06172014226791781
T0482,F03,fold_diagnostic,80,DOGEUSDT,0.16845746304315018
T0482,F04,fold_diagnostic,89,1000SHIBUSDT,0.07632445458822616
T0482,F05,fold_diagnostic,95,GALAUSDT,0.0434404516296958
T0482,F06,fold_diagnostic,85,WAVESUSDT,0.04287138019165424
T0482,F07,fold_diagnostic,93,FILUSDT,0.04333639679303905
T0482,F08,fold_diagnostic,98,TRBUSDT,0.06468763490442128
T0483,F01,fold_diagnostic,24,BATUSDT,0.12355723936262042
T0483,F02,fold_diagnostic,62,XLMUSDT,0.07780840846529094
T0483,F03,fold_diagnostic,80,DOGEUSDT,0.09415621329550841
T0483,F04,fold_diagnostic,93,SANDUSDT,0.08345990890426187
T0483,F05,fold_diagnostic,97,DYDXUSDT,0.052318650782421997
T0483,F06,fold_diagnostic,85,CRVUSDT,0.044526100070895025
T0483,F07,fold_diagnostic,97,OPUSDT,0.05909116031363864
T0483,F08,fold_diagnostic,99,WLDUSDT,0.05980916405575359
T0484,F01,fold_diagnostic,24,ADAUSDT,0.09967758268151945
T0484,F02,fold_diagnostic,62,XLMUSDT,0.05252720577031107
T0484,F03,fold_diagnostic,80,DOGEUSDT,0.20967161883328336
T0484,F04,fold_diagnostic,93,SANDUSDT,0.12136135250504095
T0484,F05,fold_diagnostic,97,ATOMUSDT,0.04466085078659012
T0484,F06,fold_diagnostic,85,ETCUSDT,0.05423075726576394
T0484,F07,fold_diagnostic,97,OPUSDT,0.06313455780796455
T0484,F08,fold_diagnostic,99,TRBUSDT,0.10937933448470866
T0485,F01,fold_diagnostic,24,LTCUSDT,0.1073855912386398
T0485,F02,fold_diagnostic,62,THETAUSDT,0.06588586115037014
T0485,F03,fold_diagnostic,80,SOLUSDT,0.05240782947389082
T0485,F04,fold_diagnostic,93,ALICEUSDT,0.04445978425535714
T0485,F05,fold_diagnostic,98,AAVEUSDT,0.03095024510500594
T0485,F06,fold_diagnostic,85,CRVUSDT,0.0375615232210569
T0485,F07,fold_diagnostic,97,LITUSDT,0.03142639775517784
T0485,F08,fold_diagnostic,99,1000PEPEUSDT,0.053636542981625165
T0486,F01,fold_diagnostic,24,IOSTUSDT,0.15406976731510003
T0486,F02,fold_diagnostic,62,THETAUSDT,0.1080130826104762
T0486,F03,fold_diagnostic,80,SOLUSDT,0.0503598023886709
T0486,F04,fold_diagnostic,93,GALAUSDT,0.06913513345904308
T0486,F05,fold_diagnostic,98,LRCUSDT,0.040922324922717405
T0486,F06,fold_diagnostic,85,SNXUSDT,0.04700667238379844
T0486,F07,fold_diagnostic,97,INJUSDT,0.03614433675702899
T0486,F08,fold_diagnostic,99,WLDUSDT,0.05866952529974602
T0487,F01,fold_diagnostic,24,BCHUSDT,0.1451018502800074
T0487,F02,fold_diagnostic,62,SXPUSDT,0.07361238837364892
T0487,F03,fold_diagnostic,80,DOGEUSDT,0.0861267330651856
T0487,F04,fold_diagnostic,93,SANDUSDT,0.031887981817761736
T0487,F05,fold_diagnostic,98,BCHUSDT,0.0385028824718564
T0487,F06,fold_diagnostic,85,SUSHIUSDT,0.057297382207791014
T0487,F07,fold_diagnostic,97,BCHUSDT,0.047034565847936735
T0487,F08,fold_diagnostic,99,TRBUSDT,0.09207080632464698
T0488,F01,fold_diagnostic,24,VETUSDT,0.08756655812125126
T0488,F02,fold_diagnostic,62,SUSHIUSDT,0.07261160238780225
T0488,F03,fold_diagnostic,80,DOGEUSDT,0.26038328266839306
T0488,F04,fold_diagnostic,93,LUNAUSDT,0.0631621710862111
T0488,F05,fold_diagnostic,98,ANCUSDT,0.03950833524367766
T0488,F06,fold_diagnostic,85,SUSHIUSDT,0.031117903810595184
T0488,F07,fold_diagnostic,97,APTUSDT,0.04472546447321835
T0488,F08,fold_diagnostic,99,TRBUSDT,0.12837754575733837
T0489,F01,fold_diagnostic,24,BCHUSDT,0.1258453702613472
T0489,F02,fold_diagnostic,60,THETAUSDT,0.10683897259355107
T0489,F03,fold_diagnostic,64,DOGEUSDT,0.06394012722639535
T0489,F04,fold_diagnostic,76,1000SHIBUSDT,0.08921991195949219
T0489,F05,fold_diagnostic,97,CRVUSDT,0.042528626255639294
T0489,F06,fold_diagnostic,85,UNIUSDT,0.03780423912238221
T0489,F07,fold_diagnostic,96,APTUSDT,0.05267481523399592
T0489,F08,fold_diagnostic,99,TRBUSDT,0.12642891301799586
T0490,F01,fold_diagnostic,24,EOSUSDT,0.09481090931626333
T0490,F02,fold_diagnostic,60,SUSHIUSDT,0.07184973297347108
T0490,F03,fold_diagnostic,64,DOGEUSDT,0.10008658474631456
T0490,F04,fold_diagnostic,76,1000SHIBUSDT,0.15449708955329894
T0490,F05,fold_diagnostic,97,ETHUSDT,0.05299182803492413
T0490,F06,fold_diagnostic,85,AXSUSDT,0.051952090188104726
T0490,F07,fold_diagnostic,96,APTUSDT,0.083290080018397
T0490,F08,fold_diagnostic,98,TRBUSDT,0.1510914515745462
T0491,F01,fold_diagnostic,24,ADAUSDT,0.17524411351049862
T0491,F02,fold_diagnostic,62,THETAUSDT,0.0583804679288046
T0491,F03,fold_diagnostic,80,DOGEUSDT,0.06600903181838222
T0491,F04,fold_diagnostic,86,AXSUSDT,0.050393806151570866
T0491,F05,fold_diagnostic,78,THETAUSDT,0.047513284870037246
T0491,F06,fold_diagnostic,86,DOGEUSDT,0.03377719585305541
T0491,F07,fold_diagnostic,97,APTUSDT,0.048846574081242884
T0491,F08,fold_diagnostic,99,TRBUSDT,0.0604533231943082
T0492,F01,fold_diagnostic,24,IOSTUSDT,0.12167818734718198
T0492,F02,fold_diagnostic,62,SUSHIUSDT,0.0657676909816439
T0492,F03,fold_diagnostic,80,DOGEUSDT,0.06839454791877289
T0492,F04,fold_diagnostic,86,1000SHIBUSDT,0.08245199031364484
T0492,F05,fold_diagnostic,78,RUNEUSDT,0.05608588918295621
T0492,F06,fold_diagnostic,86,DYDXUSDT,0.030932974894163832
T0492,F07,fold_diagnostic,97,DYDXUSDT,0.04574114735319793
T0492,F08,fold_diagnostic,99,SEIUSDT,0.05719721858136913
T0493,F01,fold_diagnostic,24,ADAUSDT,0.13597404351374257
T0493,F02,fold_diagnostic,62,SUSHIUSDT,0.06985792645395536
T0493,F03,fold_diagnostic,80,DOGEUSDT,0.17027811991202935
T0493,F04,fold_diagnostic,93,SANDUSDT,0.035904600047439554
T0493,F05,fold_diagnostic,98,LRCUSDT,0.03173692318745741
T0493,F06,fold_diagnostic,86,MASKUSDT,0.035243664752357316
T0493,F07,fold_diagnostic,97,HNTUSDT,0.038720054072819976
T0493,F08,fold_diagnostic,99,TRBUSDT,0.039524612978401714
T0494,F01,fold_diagnostic,24,ETCUSDT,0.08325318755023704
T0494,F02,fold_diagnostic,62,SUSHIUSDT,0.059063548907865714
T0494,F03,fold_diagnostic,80,DOGEUSDT,0.0955861174957906
T0494,F04,fold_diagnostic,93,1000SHIBUSDT,0.09239174538950551
T0494,F05,fold_diagnostic,98,PEOPLEUSDT,0.040949687621914144
T0494,F06,fold_diagnostic,86,DYDXUSDT,0.051527854595730116
T0494,F07,fold_diagnostic,97,APTUSDT,0.05863378380106234
T0494,F08,fold_diagnostic,99,TRBUSDT,0.07472186423603674
T0495,F01,fold_diagnostic,24,ETCUSDT,0.13114383601882473
T0495,F02,fold_diagnostic,56,THETAUSDT,0.13866944055109257
T0495,F03,fold_diagnostic,68,RSRUSDT,0.0679965186557849
T0495,F04,fold_diagnostic,77,1000SHIBUSDT,0.0574813280429338
T0495,F05,fold_diagnostic,95,BELUSDT,0.054863854740395124
T0495,F06,fold_diagnostic,85,AXSUSDT,0.04838316800755627
T0495,F07,fold_diagnostic,89,SOLUSDT,0.060645906015481345
T0495,F08,fold_diagnostic,94,TRBUSDT,0.13876691016564907
T0496,F01,fold_diagnostic,24,BATUSDT,0.10272739708000114
T0496,F02,fold_diagnostic,56,ZILUSDT,0.10848046648925201
T0496,F03,fold_diagnostic,68,BNBUSDT,0.05411254343027758
T0496,F04,fold_diagnostic,77,LUNAUSDT,0.08310036097408514
T0496,F05,fold_diagnostic,95,AXSUSDT,0.0430187330515438
T0496,F06,fold_diagnostic,85,GMTUSDT,0.0722036765908759
T0496,F07,fold_diagnostic,89,GALAUSDT,0.06326749261988346
T0496,F08,fold_diagnostic,94,TRBUSDT,0.1562322062302034
T0497,F01,fold_diagnostic,22,ADAUSDT,0.16880131510026508
T0497,F02,fold_diagnostic,48,SUSHIUSDT,0.08914634688701069
T0497,F03,fold_diagnostic,57,DOGEUSDT,0.1376593938586158
T0497,F04,fold_diagnostic,67,1000SHIBUSDT,0.09077475727343047
T0497,F05,fold_diagnostic,82,DOGEUSDT,0.056210128088533824
T0497,F06,fold_diagnostic,80,ETHUSDT,0.04810824581399585
T0497,F07,fold_diagnostic,76,SXPUSDT,0.0469158079181938
T0497,F08,fold_diagnostic,79,SOLUSDT,0.05787997196342598
T0498,F01,fold_diagnostic,22,ADAUSDT,0.16002895150012553
T0498,F02,fold_diagnostic,48,VETUSDT,0.1115829583377358
T0498,F03,fold_diagnostic,57,DOGEUSDT,0.18360140520124932
T0498,F04,fold_diagnostic,67,LUNAUSDT,0.07950182519633454
T0498,F05,fold_diagnostic,82,ATOMUSDT,0.0438951671984033
T0498,F06,fold_diagnostic,80,HNTUSDT,0.036878970493108114
T0498,F07,fold_diagnostic,76,OPUSDT,0.04701923095073529
T0498,F08,fold_diagnostic,79,TRBUSDT,0.12129595059798011
T0499,F01,fold_diagnostic,24,EOSUSDT,0.05478839319493839
T0499,F02,fold_diagnostic,62,XTZUSDT,0.03250134982750021
T0499,F03,fold_diagnostic,80,CRVUSDT,0.02646595148771435
T0499,F04,fold_diagnostic,93,DOGEUSDT,0.023617657868392622
T0499,F05,fold_diagnostic,98,1000SHIBUSDT,0.02492977682936323
T0499,F06,fold_diagnostic,86,APEUSDT,0.024430402005895566
T0499,F07,fold_diagnostic,97,GALAUSDT,0.023748042426635255
T0499,F08,fold_diagnostic,99,APTUSDT,0.02203464368361166
T0500,F01,fold_diagnostic,24,XLMUSDT,0.05241636620007459
T0500,F02,fold_diagnostic,62,THETAUSDT,0.039204029143562545
T0500,F03,fold_diagnostic,80,SOLUSDT,0.03932480871689543
T0500,F04,fold_diagnostic,93,AVAXUSDT,0.02954634512943167
T0500,F05,fold_diagnostic,98,ANCUSDT,0.05798136953444927
T0500,F06,fold_diagnostic,86,APEUSDT,0.033511708007669415
T0500,F07,fold_diagnostic,97,APTUSDT,0.025978281683291957
T0500,F08,fold_diagnostic,99,TRBUSDT,0.03256601474517502
T0501,F01,fold_diagnostic,24,IOSTUSDT,0.08596916656931632
T0501,F02,fold_diagnostic,62,THETAUSDT,0.05078711222535314
T0501,F03,fold_diagnostic,80,SOLUSDT,0.0480438281756483
T0501,F04,fold_diagnostic,93,ALICEUSDT,0.048702084997568
T0501,F05,fold_diagnostic,98,ANCUSDT,0.06219655769588606
T0501,F06,fold_diagnostic,86,APEUSDT,0.04591246638856368
T0501,F07,fold_diagnostic,97,GRTUSDT,0.02825925388433788
T0501,F08,fold_diagnostic,99,TRBUSDT,0.05898517792029268
T0502,F01,fold_diagnostic,24,VETUSDT,0.12378590565208082
T0502,F02,fold_diagnostic,62,THETAUSDT,0.07641301864381937
T0502,F03,fold_diagnostic,80,SOLUSDT,0.05919864448207132
T0502,F04,fold_diagnostic,93,LUNAUSDT,0.06086300517981449
T0502,F05,fold_diagnostic,98,ANCUSDT,0.04380381111414325
T0502,F06,fold_diagnostic,86,BNBUSDT,0.0338679259097268
T0502,F07,fold_diagnostic,97,APTUSDT,0.03791646191219769
T0502,F08,fold_diagnostic,99,TRBUSDT,0.0790479775572562
T0503,F01,fold_diagnostic,24,BCHUSDT,0.05412248144050079
T0503,F02,fold_diagnostic,62,THETAUSDT,0.029646314299101046
T0503,F03,fold_diagnostic,80,SXPUSDT,0.02851005983684223
T0503,F04,fold_diagnostic,93,SOLUSDT,0.02313823798964255
T0503,F05,fold_diagnostic,98,1000SHIBUSDT,0.02567924287403178
T0503,F06,fold_diagnostic,85,AVAXUSDT,0.022651349865335343
T0503,F07,fold_diagnostic,97,APEUSDT,0.023149064801402486
T0503,F08,fold_diagnostic,99,BCHUSDT,0.021643824026910858
T0504,F01,fold_diagnostic,24,BCHUSDT,0.06859889115538353
T0504,F02,fold_diagnostic,62,THETAUSDT,0.03703415032903512
T0504,F03,fold_diagnostic,80,SOLUSDT,0.050928986770535235
T0504,F04,fold_diagnostic,93,LUNAUSDT,0.042758053799431484
T0504,F05,fold_diagnostic,98,ANCUSDT,0.050036019147319095
T0504,F06,fold_diagnostic,85,APEUSDT,0.029791587091633636
T0504,F07,fold_diagnostic,97,DYDXUSDT,0.02715318062423604
T0504,F08,fold_diagnostic,99,TRBUSDT,0.039600728734648816
T0505,F01,fold_diagnostic,24,ONTUSDT,0.07377137079038455
T0505,F02,fold_diagnostic,62,THETAUSDT,0.05759366715293867
T0505,F03,fold_diagnostic,80,SOLUSDT,0.06618421275746252
T0505,F04,fold_diagnostic,93,LUNAUSDT,0.07052443295423715
T0505,F05,fold_diagnostic,98,ANCUSDT,0.04603488082269402
T0505,F06,fold_diagnostic,85,UNFIUSDT,0.04713072744715768
T0505,F07,fold_diagnostic,97,DYDXUSDT,0.039313063379544655
T0505,F08,fold_diagnostic,99,TRBUSDT,0.0457931358851555
T0506,F01,fold_diagnostic,24,VETUSDT,0.09990777006985894
T0506,F02,fold_diagnostic,62,THETAUSDT,0.0661579777425376
T0506,F03,fold_diagnostic,80,SOLUSDT,0.060097319291091265
T0506,F04,fold_diagnostic,93,LUNAUSDT,0.08644180140920246
T0506,F05,fold_diagnostic,98,ALICEUSDT,0.03619686476077112
T0506,F06,fold_diagnostic,85,RLCUSDT,0.0470968640380328
T0506,F07,fold_diagnostic,97,INJUSDT,0.040729638916336436
T0506,F08,fold_diagnostic,99,TRBUSDT,0.09633460512399039
T0507,F01,fold_diagnostic,24,LTCUSDT,0.05862863359054606
T0507,F02,fold_diagnostic,62,THETAUSDT,0.031930595797950656
T0507,F03,fold_diagnostic,80,XTZUSDT,0.026308855532790016
T0507,F04,fold_diagnostic,93,ICPUSDT,0.023983965039560892
T0507,F05,fold_diagnostic,98,DOGEUSDT,0.024009927341397088
T0507,F06,fold_diagnostic,86,AXSUSDT,0.02314495093308186
T0507,F07,fold_diagnostic,97,DOGEUSDT,0.024057246747777525
T0507,F08,fold_diagnostic,99,SUIUSDT,0.022577802281810486
T0508,F01,fold_diagnostic,24,IOSTUSDT,0.0579373717509585
T0508,F02,fold_diagnostic,62,THETAUSDT,0.050433196386070744
T0508,F03,fold_diagnostic,80,SUSHIUSDT,0.03937602847933931
T0508,F04,fold_diagnostic,93,LUNAUSDT,0.02843774392150327
T0508,F05,fold_diagnostic,98,ANCUSDT,0.04597299946337955
T0508,F06,fold_diagnostic,86,LTCUSDT,0.030083328460279744
T0508,F07,fold_diagnostic,97,DOGEUSDT,0.03146746460374704
T0508,F08,fold_diagnostic,99,WLDUSDT,0.031663375381284
T0509,F01,fold_diagnostic,24,IOSTUSDT,0.07730449155695929
T0509,F02,fold_diagnostic,62,THETAUSDT,0.08944936879602351
T0509,F03,fold_diagnostic,80,SUSHIUSDT,0.048444134715376924
T0509,F04,fold_diagnostic,93,ALICEUSDT,0.041989507338200185
T0509,F05,fold_diagnostic,98,BELUSDT,0.04930982998669071
T0509,F06,fold_diagnostic,86,SNXUSDT,0.06088268877133189
T0509,F07,fold_diagnostic,97,DOGEUSDT,0.034146484798117216
T0509,F08,fold_diagnostic,99,WLDUSDT,0.04093263110580409
T0510,F01,fold_diagnostic,24,IOSTUSDT,0.1015223818412679
T0510,F02,fold_diagnostic,62,THETAUSDT,0.08331186869386836
T0510,F03,fold_diagnostic,80,SOLUSDT,0.053894125717570976
T0510,F04,fold_diagnostic,93,ALICEUSDT,0.05248118860817118
T0510,F05,fold_diagnostic,98,SUSHIUSDT,0.05122381020642714
T0510,F06,fold_diagnostic,86,SNXUSDT,0.07231980150322578
T0510,F07,fold_diagnostic,97,ETCUSDT,0.03193825909971159
T0510,F08,fold_diagnostic,99,WLDUSDT,0.06279900724925588
T0511,F01,fold_diagnostic,24,EOSUSDT,0.05478839319493839
T0511,F02,fold_diagnostic,62,XTZUSDT,0.03250134982750021
T0511,F03,fold_diagnostic,80,CRVUSDT,0.02646595148771435
T0511,F04,fold_diagnostic,93,DOGEUSDT,0.023617657868392622
T0511,F05,fold_diagnostic,98,1000SHIBUSDT,0.02492977682936323
T0511,F06,fold_diagnostic,86,APEUSDT,0.024430402005895566
T0511,F07,fold_diagnostic,97,GALAUSDT,0.023748042426635255
T0511,F08,fold_diagnostic,99,APTUSDT,0.02203464368361166
T0512,F01,fold_diagnostic,24,XLMUSDT,0.05241636620007459
T0512,F02,fold_diagnostic,62,THETAUSDT,0.039204029143562545
T0512,F03,fold_diagnostic,80,SOLUSDT,0.03932480871689543
T0512,F04,fold_diagnostic,93,AVAXUSDT,0.02954634512943167
T0512,F05,fold_diagnostic,98,ANCUSDT,0.05798136953444927
T0512,F06,fold_diagnostic,86,APEUSDT,0.033511708007669415
T0512,F07,fold_diagnostic,97,APTUSDT,0.025978281683291957
T0512,F08,fold_diagnostic,99,TRBUSDT,0.03256601474517502
T0513,F01,fold_diagnostic,24,IOSTUSDT,0.08596916656931632
T0513,F02,fold_diagnostic,62,THETAUSDT,0.05078711222535314
T0513,F03,fold_diagnostic,80,SOLUSDT,0.0480438281756483
T0513,F04,fold_diagnostic,93,ALICEUSDT,0.048702084997568
T0513,F05,fold_diagnostic,98,ANCUSDT,0.06219655769588606
T0513,F06,fold_diagnostic,86,APEUSDT,0.04591246638856368
T0513,F07,fold_diagnostic,97,GRTUSDT,0.02825925388433788
T0513,F08,fold_diagnostic,99,TRBUSDT,0.05898517792029268
T0514,F01,fold_diagnostic,24,VETUSDT,0.12378590565208082
T0514,F02,fold_diagnostic,62,THETAUSDT,0.07641301864381937
T0514,F03,fold_diagnostic,80,SOLUSDT,0.05919864448207132
T0514,F04,fold_diagnostic,93,LUNAUSDT,0.06086300517981449
T0514,F05,fold_diagnostic,98,ANCUSDT,0.04380381111414325
T0514,F06,fold_diagnostic,86,BNBUSDT,0.0338679259097268
T0514,F07,fold_diagnostic,97,APTUSDT,0.03791646191219769
T0514,F08,fold_diagnostic,99,TRBUSDT,0.0790479775572562
T0515,F01,fold_diagnostic,24,BCHUSDT,0.05412248144050079
T0515,F02,fold_diagnostic,62,THETAUSDT,0.029646314299101046
T0515,F03,fold_diagnostic,80,SXPUSDT,0.02851005983684223
T0515,F04,fold_diagnostic,93,SOLUSDT,0.02313823798964255
T0515,F05,fold_diagnostic,98,1000SHIBUSDT,0.02567924287403178
T0515,F06,fold_diagnostic,85,AVAXUSDT,0.022651349865335343
T0515,F07,fold_diagnostic,97,APEUSDT,0.023149064801402486
T0515,F08,fold_diagnostic,99,BCHUSDT,0.021643824026910858
T0516,F01,fold_diagnostic,24,BCHUSDT,0.06859889115538353
T0516,F02,fold_diagnostic,62,THETAUSDT,0.03703415032903512
T0516,F03,fold_diagnostic,80,SOLUSDT,0.050928986770535235
T0516,F04,fold_diagnostic,93,LUNAUSDT,0.042758053799431484
T0516,F05,fold_diagnostic,98,ANCUSDT,0.050036019147319095
T0516,F06,fold_diagnostic,85,APEUSDT,0.029791587091633636
T0516,F07,fold_diagnostic,97,DYDXUSDT,0.02715318062423604
T0516,F08,fold_diagnostic,99,TRBUSDT,0.039600728734648816
T0517,F01,fold_diagnostic,24,ONTUSDT,0.07377137079038455
T0517,F02,fold_diagnostic,62,THETAUSDT,0.05759366715293867
T0517,F03,fold_diagnostic,80,SOLUSDT,0.06618421275746252
T0517,F04,fold_diagnostic,93,LUNAUSDT,0.07052443295423715
T0517,F05,fold_diagnostic,98,ANCUSDT,0.04603488082269402
T0517,F06,fold_diagnostic,85,UNFIUSDT,0.04713072744715768
T0517,F07,fold_diagnostic,97,DYDXUSDT,0.039313063379544655
T0517,F08,fold_diagnostic,99,TRBUSDT,0.0457931358851555
T0518,F01,fold_diagnostic,24,VETUSDT,0.09990777006985894
T0518,F02,fold_diagnostic,62,THETAUSDT,0.0661579777425376
T0518,F03,fold_diagnostic,80,SOLUSDT,0.060097319291091265
T0518,F04,fold_diagnostic,93,LUNAUSDT,0.08644180140920246
T0518,F05,fold_diagnostic,98,ALICEUSDT,0.03619686476077112
T0518,F06,fold_diagnostic,85,RLCUSDT,0.0470968640380328
T0518,F07,fold_diagnostic,97,INJUSDT,0.040729638916336436
T0518,F08,fold_diagnostic,99,TRBUSDT,0.09633460512399039
T0519,F01,fold_diagnostic,24,LTCUSDT,0.05862863359054606
T0519,F02,fold_diagnostic,62,THETAUSDT,0.031930595797950656
T0519,F03,fold_diagnostic,80,XTZUSDT,0.026308855532790016
T0519,F04,fold_diagnostic,93,ICPUSDT,0.023983965039560892
T0519,F05,fold_diagnostic,98,DOGEUSDT,0.024009927341397088
T0519,F06,fold_diagnostic,86,AXSUSDT,0.02314495093308186
T0519,F07,fold_diagnostic,97,DOGEUSDT,0.024057246747777525
T0519,F08,fold_diagnostic,99,SUIUSDT,0.022577802281810486
T0520,F01,fold_diagnostic,24,IOSTUSDT,0.0579373717509585
T0520,F02,fold_diagnostic,62,THETAUSDT,0.050433196386070744
T0520,F03,fold_diagnostic,80,SUSHIUSDT,0.03937602847933931
T0520,F04,fold_diagnostic,93,LUNAUSDT,0.02843774392150327
T0520,F05,fold_diagnostic,98,ANCUSDT,0.04597299946337955
T0520,F06,fold_diagnostic,86,LTCUSDT,0.030083328460279744
T0520,F07,fold_diagnostic,97,DOGEUSDT,0.03146746460374704
T0520,F08,fold_diagnostic,99,WLDUSDT,0.031663375381284
T0521,F01,fold_diagnostic,24,IOSTUSDT,0.07730449155695929
T0521,F02,fold_diagnostic,62,THETAUSDT,0.08944936879602351
T0521,F03,fold_diagnostic,80,SUSHIUSDT,0.048444134715376924
T0521,F04,fold_diagnostic,93,ALICEUSDT,0.041989507338200185
T0521,F05,fold_diagnostic,98,BELUSDT,0.04930982998669071
T0521,F06,fold_diagnostic,86,SNXUSDT,0.06088268877133189
T0521,F07,fold_diagnostic,97,DOGEUSDT,0.034146484798117216
T0521,F08,fold_diagnostic,99,WLDUSDT,0.04093263110580409
T0522,F01,fold_diagnostic,24,IOSTUSDT,0.1015223818412679
T0522,F02,fold_diagnostic,62,THETAUSDT,0.08331186869386836
T0522,F03,fold_diagnostic,80,SOLUSDT,0.053894125717570976
T0522,F04,fold_diagnostic,93,ALICEUSDT,0.05248118860817118
T0522,F05,fold_diagnostic,98,SUSHIUSDT,0.05122381020642714
T0522,F06,fold_diagnostic,86,SNXUSDT,0.07231980150322578
T0522,F07,fold_diagnostic,97,ETCUSDT,0.03193825909971159
T0522,F08,fold_diagnostic,99,WLDUSDT,0.06279900724925588
T0523,F01,fold_diagnostic,24,LINKUSDT,0.0554035034569764
T0523,F02,fold_diagnostic,62,ATOMUSDT,0.02916353676747748
T0523,F03,fold_diagnostic,80,DOGEUSDT,0.024279860633756742
T0523,F04,fold_diagnostic,93,ATOMUSDT,0.025976523175436944
T0523,F05,fold_diagnostic,98,DOTUSDT,0.02461502489383559
T0523,F06,fold_diagnostic,85,ETCUSDT,0.022685166989460395
T0523,F07,fold_diagnostic,97,APEUSDT,0.022518111239360743
T0523,F08,fold_diagnostic,99,OPUSDT,0.023452790334893326
T0524,F01,fold_diagnostic,24,VETUSDT,0.05442604453397559
T0524,F02,fold_diagnostic,62,ATOMUSDT,0.03896686350498577
T0524,F03,fold_diagnostic,80,SXPUSDT,0.0359375919482467
T0524,F04,fold_diagnostic,93,MATICUSDT,0.03005958111771416
T0524,F05,fold_diagnostic,98,ANCUSDT,0.03731619142520097
T0524,F06,fold_diagnostic,85,DOGEUSDT,0.032244548013696986
T0524,F07,fold_diagnostic,97,FTMUSDT,0.029117022611848706
T0524,F08,fold_diagnostic,99,TRBUSDT,0.0341948294338182
T0525,F01,fold_diagnostic,24,VETUSDT,0.08817387160608246
T0525,F02,fold_diagnostic,62,THETAUSDT,0.049431960058063926
T0525,F03,fold_diagnostic,80,DOGEUSDT,0.05231845523163083
T0525,F04,fold_diagnostic,93,LUNAUSDT,0.050052878667844504
T0525,F05,fold_diagnostic,98,ANCUSDT,0.05270225491783892
T0525,F06,fold_diagnostic,85,ETCUSDT,0.04678566444678136
T0525,F07,fold_diagnostic,97,DYDXUSDT,0.03292615339986665
T0525,F08,fold_diagnostic,99,TRBUSDT,0.05726461075570659
T0526,F01,fold_diagnostic,24,VETUSDT,0.12018352307981234
T0526,F02,fold_diagnostic,62,THETAUSDT,0.06267446686080703
T0526,F03,fold_diagnostic,80,DOGEUSDT,0.06221629250286081
T0526,F04,fold_diagnostic,93,LUNAUSDT,0.061496240178229744
T0526,F05,fold_diagnostic,98,SUSHIUSDT,0.03774787364608958
T0526,F06,fold_diagnostic,85,MATICUSDT,0.04294456838825545
T0526,F07,fold_diagnostic,97,INJUSDT,0.039590452478637066
T0526,F08,fold_diagnostic,99,TRBUSDT,0.09308736082599382
T0527,F01,fold_diagnostic,24,XLMUSDT,0.05430145627209658
T0527,F02,fold_diagnostic,62,LTCUSDT,0.03105403152566459
T0527,F03,fold_diagnostic,80,SUSHIUSDT,0.0287453771267694
T0527,F04,fold_diagnostic,93,ALICEUSDT,0.030578607372183462
T0527,F05,fold_diagnostic,98,ATOMUSDT,0.02805186024779973
T0527,F06,fold_diagnostic,85,GALAUSDT,0.024663626957790723
T0527,F07,fold_diagnostic,97,XRPUSDT,0.024907345935115947
T0527,F08,fold_diagnostic,99,OPUSDT,0.024386484162429282
T0528,F01,fold_diagnostic,24,ONTUSDT,0.061901987597701505
T0528,F02,fold_diagnostic,62,THETAUSDT,0.04638715086297974
T0528,F03,fold_diagnostic,80,SOLUSDT,0.03466289860866962
T0528,F04,fold_diagnostic,93,LUNAUSDT,0.034937164858413076
T0528,F05,fold_diagnostic,98,ANCUSDT,0.060391892266970504
T0528,F06,fold_diagnostic,85,ATOMUSDT,0.029838039564531096
T0528,F07,fold_diagnostic,97,XRPUSDT,0.02879695233701073
T0528,F08,fold_diagnostic,99,TRBUSDT,0.040189690024683464
T0529,F01,fold_diagnostic,24,VETUSDT,0.0730406947499255
T0529,F02,fold_diagnostic,62,THETAUSDT,0.054682129794543004
T0529,F03,fold_diagnostic,80,SOLUSDT,0.034794502406945
T0529,F04,fold_diagnostic,93,LUNAUSDT,0.04503607666345983
T0529,F05,fold_diagnostic,98,ANCUSDT,0.058741914039491014
T0529,F06,fold_diagnostic,85,BCHUSDT,0.036730355996093776
T0529,F07,fold_diagnostic,97,INJUSDT,0.03314797289749201
T0529,F08,fold_diagnostic,99,TRBUSDT,0.06329904809038622
T0530,F01,fold_diagnostic,24,VETUSDT,0.08200210495290308
T0530,F02,fold_diagnostic,62,THETAUSDT,0.0604785312927909
T0530,F03,fold_diagnostic,80,MATICUSDT,0.0527062521864725
T0530,F04,fold_diagnostic,93,LUNAUSDT,0.06538045845208813
T0530,F05,fold_diagnostic,98,SUSHIUSDT,0.03651848716124885
T0530,F06,fold_diagnostic,85,MATICUSDT,0.0527999542981867
T0530,F07,fold_diagnostic,97,MANAUSDT,0.03313652837898433
T0530,F08,fold_diagnostic,99,TRBUSDT,0.08535051493128468
T0531,F01,fold_diagnostic,24,ADAUSDT,0.06808776480008029
T0531,F02,fold_diagnostic,62,LINKUSDT,0.03518082957789466
T0531,F03,fold_diagnostic,80,DOGEUSDT,0.033090583161165504
T0531,F04,fold_diagnostic,93,ALICEUSDT,0.02536228379027672
T0531,F05,fold_diagnostic,98,DOGEUSDT,0.024373551855341354
T0531,F06,fold_diagnostic,85,AAVEUSDT,0.025959577218851775
T0531,F07,fold_diagnostic,97,LDOUSDT,0.025786748899920088
T0531,F08,fold_diagnostic,99,OPUSDT,0.024334124421313236
T0532,F01,fold_diagnostic,24,ADAUSDT,0.0808694847865012
T0532,F02,fold_diagnostic,62,THETAUSDT,0.03813358504944992
T0532,F03,fold_diagnostic,80,DOGEUSDT,0.04081498668197859
T0532,F04,fold_diagnostic,93,SANDUSDT,0.032556499071547236
T0532,F05,fold_diagnostic,98,ANCUSDT,0.046436167750466495
T0532,F06,fold_diagnostic,85,DOGEUSDT,0.033332221924815095
T0532,F07,fold_diagnostic,97,OPUSDT,0.028633258381775054
T0532,F08,fold_diagnostic,99,TRBUSDT,0.031799106401564296
T0533,F01,fold_diagnostic,24,ADAUSDT,0.07523363013958784
T0533,F02,fold_diagnostic,62,THETAUSDT,0.05022502666072831
T0533,F03,fold_diagnostic,80,DOGEUSDT,0.05451623084250751
T0533,F04,fold_diagnostic,93,LUNAUSDT,0.0620939813029587
T0533,F05,fold_diagnostic,98,ANCUSDT,0.051632648508886436
T0533,F06,fold_diagnostic,85,DOGEUSDT,0.05387161838625581
T0533,F07,fold_diagnostic,97,INJUSDT,0.03533830254604697
T0533,F08,fold_diagnostic,99,TRBUSDT,0.05576081063610496
T0534,F01,fold_diagnostic,24,VETUSDT,0.11140935585876945
T0534,F02,fold_diagnostic,62,THETAUSDT,0.06495800012050333
T0534,F03,fold_diagnostic,80,DOGEUSDT,0.06579862953295554
T0534,F04,fold_diagnostic,93,SANDUSDT,0.052204868544891835
T0534,F05,fold_diagnostic,98,ANCUSDT,0.041718607022507626
T0534,F06,fold_diagnostic,85,UNFIUSDT,0.044017537760431345
T0534,F07,fold_diagnostic,97,INJUSDT,0.037438544506353956
T0534,F08,fold_diagnostic,99,TRBUSDT,0.10722471889261856
T0535,F01,fold_diagnostic,24,LTCUSDT,0.0624399335624324
T0535,F02,fold_diagnostic,62,XLMUSDT,0.03859839367293041
T0535,F03,fold_diagnostic,80,DOGEUSDT,0.033978416521860656
T0535,F04,fold_diagnostic,93,LUNAUSDT,0.032515162734774686
T0535,F05,fold_diagnostic,98,ATOMUSDT,0.03201034542477986
T0535,F06,fold_diagnostic,85,PEOPLEUSDT,0.02892110176944249
T0535,F07,fold_diagnostic,97,OPUSDT,0.036008457775858836
T0535,F08,fold_diagnostic,99,1000PEPEUSDT,0.02537533290552471
T0536,F01,fold_diagnostic,24,VETUSDT,0.08401531472482705
T0536,F02,fold_diagnostic,62,XLMUSDT,0.041737868365217826
T0536,F03,fold_diagnostic,80,MATICUSDT,0.038437998742409434
T0536,F04,fold_diagnostic,93,ALICEUSDT,0.0377108890741373
T0536,F05,fold_diagnostic,98,DOTUSDT,0.038865696766692374
T0536,F06,fold_diagnostic,85,MATICUSDT,0.03236108473706033
T0536,F07,fold_diagnostic,97,INJUSDT,0.0324168060159975
T0536,F08,fold_diagnostic,99,TRBUSDT,0.04586029812159557
T0537,F01,fold_diagnostic,24,VETUSDT,0.09104736195726298
T0537,F02,fold_diagnostic,62,ZILUSDT,0.052866502738797415
T0537,F03,fold_diagnostic,80,SOLUSDT,0.040629673355587946
T0537,F04,fold_diagnostic,93,ALICEUSDT,0.05158695281636362
T0537,F05,fold_diagnostic,98,ANCUSDT,0.06818910198414156
T0537,F06,fold_diagnostic,85,APEUSDT,0.039237755296286564
T0537,F07,fold_diagnostic,97,INJUSDT,0.03907645338442015
T0537,F08,fold_diagnostic,99,TRBUSDT,0.05353648743893058
T0538,F01,fold_diagnostic,24,VETUSDT,0.09392966656851708
T0538,F02,fold_diagnostic,62,THETAUSDT,0.059244746353277644
T0538,F03,fold_diagnostic,80,SOLUSDT,0.05643798476750843
T0538,F04,fold_diagnostic,93,GALAUSDT,0.0630567578432574
T0538,F05,fold_diagnostic,98,ANCUSDT,0.04411805045018234
T0538,F06,fold_diagnostic,85,MATICUSDT,0.04384153344343457
T0538,F07,fold_diagnostic,97,INJUSDT,0.039772236975383825
T0538,F08,fold_diagnostic,99,TRBUSDT,0.09323746617777096
T0539,F01,fold_diagnostic,24,IOTAUSDT,0.06422721666766955
T0539,F02,fold_diagnostic,62,XLMUSDT,0.03935702269204359
T0539,F03,fold_diagnostic,80,SUSHIUSDT,0.034882356745229534
T0539,F04,fold_diagnostic,93,LUNAUSDT,0.04634061183780014
T0539,F05,fold_diagnostic,98,ANCUSDT,0.03683720964119506
T0539,F06,fold_diagnostic,85,PEOPLEUSDT,0.03238249675211265
T0539,F07,fold_diagnostic,97,INJUSDT,0.036105833227094555
T0539,F08,fold_diagnostic,99,APTUSDT,0.026044694114200604
T0540,F01,fold_diagnostic,24,XTZUSDT,0.11432605021373626
T0540,F02,fold_diagnostic,62,THETAUSDT,0.0478846065031255
T0540,F03,fold_diagnostic,80,SOLUSDT,0.03406138006060472
T0540,F04,fold_diagnostic,93,ALICEUSDT,0.04696998288523632
T0540,F05,fold_diagnostic,98,ANCUSDT,0.05560612715494931
T0540,F06,fold_diagnostic,85,GALAUSDT,0.04214032589157563
T0540,F07,fold_diagnostic,97,SOLUSDT,0.03410943706059719
T0540,F08,fold_diagnostic,99,INJUSDT,0.03208735809978077
T0541,F01,fold_diagnostic,24,VETUSDT,0.08956002858849005
T0541,F02,fold_diagnostic,62,THETAUSDT,0.06280585288862833
T0541,F03,fold_diagnostic,80,SOLUSDT,0.06176520780075586
T0541,F04,fold_diagnostic,93,LUNAUSDT,0.0517386950410577
T0541,F05,fold_diagnostic,98,ANCUSDT,0.06179440347716571
T0541,F06,fold_diagnostic,85,MATICUSDT,0.03616429110920675
T0541,F07,fold_diagnostic,97,INJUSDT,0.058544958622795594
T0541,F08,fold_diagnostic,99,TRBUSDT,0.05284724232074319
T0542,F01,fold_diagnostic,24,VETUSDT,0.1133517765374313
T0542,F02,fold_diagnostic,62,THETAUSDT,0.071938360635924
T0542,F03,fold_diagnostic,80,UNIUSDT,0.03640638798270311
T0542,F04,fold_diagnostic,93,LUNAUSDT,0.07811856671461394
T0542,F05,fold_diagnostic,98,ANCUSDT,0.047015027725968155
T0542,F06,fold_diagnostic,85,PEOPLEUSDT,0.04744109848618637
T0542,F07,fold_diagnostic,97,INJUSDT,0.043186227785859586
T0542,F08,fold_diagnostic,99,TRBUSDT,0.06495961241981267
T0543,F01,fold_diagnostic,24,VETUSDT,0.06925108350194775
T0543,F02,fold_diagnostic,62,XLMUSDT,0.03859206040519249
T0543,F03,fold_diagnostic,80,SUSHIUSDT,0.040987286660673125
T0543,F04,fold_diagnostic,93,ALICEUSDT,0.04329896249094274
T0543,F05,fold_diagnostic,98,ATOMUSDT,0.04166566352015455
T0543,F06,fold_diagnostic,85,PEOPLEUSDT,0.03231062827638639
T0543,F07,fold_diagnostic,97,INJUSDT,0.03236400964586383
T0543,F08,fold_diagnostic,99,SOLUSDT,0.026345704894831967
T0544,F01,fold_diagnostic,24,XTZUSDT,0.12385890527658315
T0544,F02,fold_diagnostic,62,ALGOUSDT,0.04597825401898866
T0544,F03,fold_diagnostic,80,SOLUSDT,0.03731817332402064
T0544,F04,fold_diagnostic,93,ATOMUSDT,0.04572220433828005
T0544,F05,fold_diagnostic,98,ANCUSDT,0.05737539504198459
T0544,F06,fold_diagnostic,85,GALAUSDT,0.03734058399150229
T0544,F07,fold_diagnostic,97,SOLUSDT,0.03733249565070383
T0544,F08,fold_diagnostic,99,TRBUSDT,0.03137190851137584
T0545,F01,fold_diagnostic,24,XLMUSDT,0.10734694027995031
T0545,F02,fold_diagnostic,62,THETAUSDT,0.05661500697764255
T0545,F03,fold_diagnostic,80,SOLUSDT,0.05662699501604779
T0545,F04,fold_diagnostic,93,LUNAUSDT,0.04836720131914934
T0545,F05,fold_diagnostic,98,ANCUSDT,0.048585754050421294
T0545,F06,fold_diagnostic,85,UNFIUSDT,0.039417558281092155
T0545,F07,fold_diagnostic,97,INJUSDT,0.052204183650843936
T0545,F08,fold_diagnostic,99,TRBUSDT,0.05421990586603026
T0546,F01,fold_diagnostic,24,VETUSDT,0.09567126123851093
T0546,F02,fold_diagnostic,62,ZILUSDT,0.068806813785807
T0546,F03,fold_diagnostic,80,VETUSDT,0.04335233104413704
T0546,F04,fold_diagnostic,93,LUNAUSDT,0.06526279712147101
T0546,F05,fold_diagnostic,98,ANCUSDT,0.04589471332269406
T0546,F06,fold_diagnostic,85,LITUSDT,0.04538600756919743
T0546,F07,fold_diagnostic,97,DYDXUSDT,0.042015356305148854
T0546,F08,fold_diagnostic,99,TRBUSDT,0.05518050645778361
T0547,F01,fold_diagnostic,24,LINKUSDT,0.059977715424660565
T0547,F02,fold_diagnostic,62,LINKUSDT,0.03094552927893577
T0547,F03,fold_diagnostic,80,SOLUSDT,0.027919093881749783
T0547,F04,fold_diagnostic,93,ALICEUSDT,0.025547544294840914
T0547,F05,fold_diagnostic,98,DYDXUSDT,0.026970575533937037
T0547,F06,fold_diagnostic,85,AVAXUSDT,0.02292787323667784
T0547,F07,fold_diagnostic,97,SANDUSDT,0.02272742556723905
T0547,F08,fold_diagnostic,99,DYDXUSDT,0.02353098246288686
T0548,F01,fold_diagnostic,24,VETUSDT,0.06425601318089497
T0548,F02,fold_diagnostic,62,THETAUSDT,0.03619856815915981
T0548,F03,fold_diagnostic,80,DOGEUSDT,0.048731200355649096
T0548,F04,fold_diagnostic,93,1000SHIBUSDT,0.03891064693847549
T0548,F05,fold_diagnostic,98,LINKUSDT,0.03188258297604155
T0548,F06,fold_diagnostic,85,LTCUSDT,0.03068082241806704
T0548,F07,fold_diagnostic,97,GALAUSDT,0.02677080066563108
T0548,F08,fold_diagnostic,99,TRBUSDT,0.047147258233087734
T0549,F01,fold_diagnostic,24,VETUSDT,0.07223203987293057
T0549,F02,fold_diagnostic,62,THETAUSDT,0.05156153866642624
T0549,F03,fold_diagnostic,80,DOGEUSDT,0.057974893063414176
T0549,F04,fold_diagnostic,93,SANDUSDT,0.0526028309854309
T0549,F05,fold_diagnostic,98,ANCUSDT,0.054897550503832035
T0549,F06,fold_diagnostic,85,MATICUSDT,0.041021852866568335
T0549,F07,fold_diagnostic,97,INJUSDT,0.03613570435149202
T0549,F08,fold_diagnostic,99,TRBUSDT,0.07992578993972058
T0550,F01,fold_diagnostic,24,VETUSDT,0.12004833991729098
T0550,F02,fold_diagnostic,62,THETAUSDT,0.06715658182002524
T0550,F03,fold_diagnostic,80,DOGEUSDT,0.09951920187819405
T0550,F04,fold_diagnostic,93,LUNAUSDT,0.06367920684763834
T0550,F05,fold_diagnostic,98,SUSHIUSDT,0.03932680108852613
T0550,F06,fold_diagnostic,85,UNFIUSDT,0.037405817991973345
T0550,F07,fold_diagnostic,97,APTUSDT,0.03579620651720726
T0550,F08,fold_diagnostic,99,TRBUSDT,0.09452766137121069
T0551,F01,fold_diagnostic,24,LTCUSDT,0.05231943566037865
T0551,F02,fold_diagnostic,62,THETAUSDT,0.03050380181268896
T0551,F03,fold_diagnostic,80,CRVUSDT,0.02917397884190355
T0551,F04,fold_diagnostic,93,ALICEUSDT,0.028354911407406688
T0551,F05,fold_diagnostic,98,DOGEUSDT,0.02498258380762764
T0551,F06,fold_diagnostic,85,ATOMUSDT,0.024156789733280174
T0551,F07,fold_diagnostic,97,BTCUSDT,0.022411715936916196
T0551,F08,fold_diagnostic,99,DYDXUSDT,0.02427764959120894
T0552,F01,fold_diagnostic,24,XLMUSDT,0.056854137918618215
T0552,F02,fold_diagnostic,62,THETAUSDT,0.045892938129080685
T0552,F03,fold_diagnostic,80,DOGEUSDT,0.03324237997174556
T0552,F04,fold_diagnostic,93,ALICEUSDT,0.0304705414340107
T0552,F05,fold_diagnostic,98,THETAUSDT,0.039354498017585164
T0552,F06,fold_diagnostic,85,DOGEUSDT,0.03358141975634886
T0552,F07,fold_diagnostic,97,OPUSDT,0.0285289463588812
T0552,F08,fold_diagnostic,99,TRBUSDT,0.03958948201301502
T0553,F01,fold_diagnostic,24,VETUSDT,0.10566598385623473
T0553,F02,fold_diagnostic,62,THETAUSDT,0.05896238350109718
T0553,F03,fold_diagnostic,80,DOGEUSDT,0.06352476659906366
T0553,F04,fold_diagnostic,93,ALICEUSDT,0.04823898950540134
T0553,F05,fold_diagnostic,98,SUSHIUSDT,0.03847097408057968
T0553,F06,fold_diagnostic,85,MATICUSDT,0.03791075620712406
T0553,F07,fold_diagnostic,97,INJUSDT,0.03722603218659369
T0553,F08,fold_diagnostic,99,TRBUSDT,0.0749871707967032
T0554,F01,fold_diagnostic,24,VETUSDT,0.10309900190354435
T0554,F02,fold_diagnostic,62,THETAUSDT,0.055841008936658804
T0554,F03,fold_diagnostic,80,DOGEUSDT,0.0603791245971148
T0554,F04,fold_diagnostic,93,LUNAUSDT,0.053133655250142096
T0554,F05,fold_diagnostic,98,WAVESUSDT,0.03438222636947443
T0554,F06,fold_diagnostic,85,MATICUSDT,0.043405293876922074
T0554,F07,fold_diagnostic,97,INJUSDT,0.03818300264722773
T0554,F08,fold_diagnostic,99,TRBUSDT,0.08627610832860182
T0555,F01,fold_diagnostic,24,TRXUSDT,0.05431023730975165
T0555,F02,fold_diagnostic,62,THETAUSDT,0.0325107483656893
T0555,F03,fold_diagnostic,80,DOGEUSDT,0.027194980719525558
T0555,F04,fold_diagnostic,93,ICPUSDT,0.024127741234037874
T0555,F05,fold_diagnostic,98,DOGEUSDT,0.0254391934028944
T0555,F06,fold_diagnostic,85,ATOMUSDT,0.023149696266190074
T0555,F07,fold_diagnostic,97,DOGEUSDT,0.02215845801892039
T0555,F08,fold_diagnostic,99,OPUSDT,0.024496114219630914
T0556,F01,fold_diagnostic,24,LINKUSDT,0.06770517809059878
T0556,F02,fold_diagnostic,62,THETAUSDT,0.038486544032554415
T0556,F03,fold_diagnostic,80,DOGEUSDT,0.04655930988159108
T0556,F04,fold_diagnostic,93,LUNAUSDT,0.032117156908916505
T0556,F05,fold_diagnostic,98,ANCUSDT,0.049124629334911386
T0556,F06,fold_diagnostic,85,MATICUSDT,0.031235448333340528
T0556,F07,fold_diagnostic,97,GALAUSDT,0.03264813156124375
T0556,F08,fold_diagnostic,99,TRBUSDT,0.04001024162317386
T0557,F01,fold_diagnostic,24,VETUSDT,0.11209875909389413
T0557,F02,fold_diagnostic,62,THETAUSDT,0.0510242149573789
T0557,F03,fold_diagnostic,80,DOGEUSDT,0.06968501830178304
T0557,F04,fold_diagnostic,93,LUNAUSDT,0.05515258651000601
T0557,F05,fold_diagnostic,98,SUSHIUSDT,0.046687977458200455
T0557,F06,fold_diagnostic,85,MATICUSDT,0.05499892829157075
T0557,F07,fold_diagnostic,97,BCHUSDT,0.03849779475210874
T0557,F08,fold_diagnostic,99,TRBUSDT,0.06484355166191083
T0558,F01,fold_diagnostic,24,VETUSDT,0.12414383455025203
T0558,F02,fold_diagnostic,62,THETAUSDT,0.05342210311576735
T0558,F03,fold_diagnostic,80,DOGEUSDT,0.0878972642277237
T0558,F04,fold_diagnostic,93,LUNAUSDT,0.06616315152241727
T0558,F05,fold_diagnostic,98,ANCUSDT,0.04020031492231025
T0558,F06,fold_diagnostic,85,MATICUSDT,0.03927853657349763
T0558,F07,fold_diagnostic,97,DYDXUSDT,0.040911662583477296
T0558,F08,fold_diagnostic,99,TRBUSDT,0.09064112375955646
T0559,F01,fold_diagnostic,24,ADAUSDT,0.06782563216432255
T0559,F02,fold_diagnostic,62,XMRUSDT,0.035675205513947816
T0559,F03,fold_diagnostic,80,DOGEUSDT,0.05354305351815042
T0559,F04,fold_diagnostic,93,LINKUSDT,0.029371926011840303
T0559,F05,fold_diagnostic,98,AVAXUSDT,0.030764230984234718
T0559,F06,fold_diagnostic,86,AAVEUSDT,0.03169976501549555
T0559,F07,fold_diagnostic,97,AXSUSDT,0.024352190638407784
T0559,F08,fold_diagnostic,99,TRBUSDT,0.033918332751857336
T0560,F01,fold_diagnostic,24,VETUSDT,0.08705874932392746
T0560,F02,fold_diagnostic,62,THETAUSDT,0.0525669068414239
T0560,F03,fold_diagnostic,80,DOGEUSDT,0.06954068601703055
T0560,F04,fold_diagnostic,93,LUNAUSDT,0.05160500801934924
T0560,F05,fold_diagnostic,98,BELUSDT,0.03150258829685983
T0560,F06,fold_diagnostic,86,UNFIUSDT,0.0465239109175605
T0560,F07,fold_diagnostic,97,INJUSDT,0.030915891615238947
T0560,F08,fold_diagnostic,99,TRBUSDT,0.0649968608627119
T0561,F01,fold_diagnostic,24,VETUSDT,0.149495741554568
T0561,F02,fold_diagnostic,62,SUSHIUSDT,0.05258597370772028
T0561,F03,fold_diagnostic,80,DOGEUSDT,0.07282686457551521
T0561,F04,fold_diagnostic,93,LUNAUSDT,0.06696231506708003
T0561,F05,fold_diagnostic,98,SUSHIUSDT,0.040172449029644064
T0561,F06,fold_diagnostic,86,WAVESUSDT,0.04216391360937741
T0561,F07,fold_diagnostic,97,DYDXUSDT,0.04235943464628236
T0561,F08,fold_diagnostic,99,TRBUSDT,0.06940567609528693
T0562,F01,fold_diagnostic,24,VETUSDT,0.11840040712814506
T0562,F02,fold_diagnostic,62,THETAUSDT,0.06173960780734146
T0562,F03,fold_diagnostic,80,DOGEUSDT,0.07388806480500577
T0562,F04,fold_diagnostic,93,LUNAUSDT,0.06067889219969668
T0562,F05,fold_diagnostic,98,DYDXUSDT,0.037863786723262446
T0562,F06,fold_diagnostic,86,FLMUSDT,0.039156897305361864
T0562,F07,fold_diagnostic,97,APTUSDT,0.04890928382735712
T0562,F08,fold_diagnostic,99,TRBUSDT,0.10199266461170266
T0563,F01,fold_diagnostic,24,NEOUSDT,0.08753610448998247
T0563,F02,fold_diagnostic,62,XRPUSDT,0.051483783252013346
T0563,F03,fold_diagnostic,80,DOGEUSDT,0.11790099418124551
T0563,F04,fold_diagnostic,93,1000SHIBUSDT,0.049432991684336576
T0563,F05,fold_diagnostic,98,ETCUSDT,0.036703548374257496
T0563,F06,fold_diagnostic,85,SNXUSDT,0.047806679812657404
T0563,F07,fold_diagnostic,97,BCHUSDT,0.03366524378169426
T0563,F08,fold_diagnostic,99,TRBUSDT,0.060771346241773876
T0564,F01,fold_diagnostic,24,ADAUSDT,0.09844951749076748
T0564,F02,fold_diagnostic,62,LINKUSDT,0.051570675667040516
T0564,F03,fold_diagnostic,80,DOGEUSDT,0.10697452902801291
T0564,F04,fold_diagnostic,93,LUNAUSDT,0.05605899064934317
T0564,F05,fold_diagnostic,98,BELUSDT,0.052622141703325465
T0564,F06,fold_diagnostic,85,SNXUSDT,0.06974966434798784
T0564,F07,fold_diagnostic,97,BCHUSDT,0.03376268255962572
T0564,F08,fold_diagnostic,99,TRBUSDT,0.11459482272486471
T0565,F01,fold_diagnostic,24,ADAUSDT,0.11925805085619937
T0565,F02,fold_diagnostic,62,SUSHIUSDT,0.055411532357418525
T0565,F03,fold_diagnostic,80,DOGEUSDT,0.13376139743773224
T0565,F04,fold_diagnostic,93,ALICEUSDT,0.06124997369009219
T0565,F05,fold_diagnostic,98,BCHUSDT,0.044218701850698074
T0565,F06,fold_diagnostic,85,SOLUSDT,0.04938024463235338
T0565,F07,fold_diagnostic,97,APTUSDT,0.04838084631913893
T0565,F08,fold_diagnostic,99,TRBUSDT,0.13024955017959325
T0566,F01,fold_diagnostic,24,ADAUSDT,0.11673003774414925
T0566,F02,fold_diagnostic,62,THETAUSDT,0.05885870255875176
T0566,F03,fold_diagnostic,80,DOGEUSDT,0.21248821696033296
T0566,F04,fold_diagnostic,93,LUNAUSDT,0.059948239262749455
T0566,F05,fold_diagnostic,98,LRCUSDT,0.047013645615127025
T0566,F06,fold_diagnostic,85,PEOPLEUSDT,0.03870016339992384
T0566,F07,fold_diagnostic,97,APTUSDT,0.05532220571806054
T0566,F08,fold_diagnostic,99,TRBUSDT,0.10238995115874232
T0567,F01,fold_diagnostic,24,ADAUSDT,0.11622638112889254
T0567,F02,fold_diagnostic,62,LINKUSDT,0.041496670551980634
T0567,F03,fold_diagnostic,80,DOGEUSDT,0.11183859193456533
T0567,F04,fold_diagnostic,93,LUNAUSDT,0.051502062706010515
T0567,F05,fold_diagnostic,98,BELUSDT,0.08531082657853359
T0567,F06,fold_diagnostic,85,UNFIUSDT,0.04603766178546428
T0567,F07,fold_diagnostic,97,GALAUSDT,0.05669185684022267
T0567,F08,fold_diagnostic,99,TRBUSDT,0.06576456331081205
T0568,F01,fold_diagnostic,24,ADAUSDT,0.10259401219637793
T0568,F02,fold_diagnostic,62,ADAUSDT,0.05929050677850647
T0568,F03,fold_diagnostic,80,DOGEUSDT,0.14785366442582956
T0568,F04,fold_diagnostic,93,ALICEUSDT,0.05227013664665812
T0568,F05,fold_diagnostic,98,BELUSDT,0.07396323616686949
T0568,F06,fold_diagnostic,85,UNFIUSDT,0.046791794227952904
T0568,F07,fold_diagnostic,97,GMTUSDT,0.043463940293828725
T0568,F08,fold_diagnostic,99,TRBUSDT,0.11665060720444691
T0569,F01,fold_diagnostic,24,XLMUSDT,0.10055660673945772
T0569,F02,fold_diagnostic,62,LINKUSDT,0.06777687950622215
T0569,F03,fold_diagnostic,80,DOGEUSDT,0.1438539873652413
T0569,F04,fold_diagnostic,93,LUNAUSDT,0.04660949242598953
T0569,F05,fold_diagnostic,98,RUNEUSDT,0.03848855915709333
T0569,F06,fold_diagnostic,85,ETCUSDT,0.06903062083326675
T0569,F07,fold_diagnostic,97,GALAUSDT,0.05588973877157029
T0569,F08,fold_diagnostic,99,TRBUSDT,0.14777296954614966
T0570,F01,fold_diagnostic,24,ZECUSDT,0.12521490024425755
T0570,F02,fold_diagnostic,62,LINKUSDT,0.04613268109802444
T0570,F03,fold_diagnostic,80,DOGEUSDT,0.27461046902106695
T0570,F04,fold_diagnostic,93,SANDUSDT,0.0682503206199975
T0570,F05,fold_diagnostic,98,CELRUSDT,0.036611856984015055
T0570,F06,fold_diagnostic,85,ETCUSDT,0.06552810316927032
T0570,F07,fold_diagnostic,97,BCHUSDT,0.045826494287940805
T0570,F08,fold_diagnostic,99,TRBUSDT,0.12940777949411367
T0571,F01,fold_diagnostic,24,BTCUSDT,0.10922023949610989
T0571,F02,fold_diagnostic,62,ATOMUSDT,0.04114627779977661
T0571,F03,fold_diagnostic,80,ADAUSDT,0.031861821951450604
T0571,F04,fold_diagnostic,93,ALICEUSDT,0.04595903957097663
T0571,F05,fold_diagnostic,98,ETCUSDT,0.045139048282748576
T0571,F06,fold_diagnostic,85,ETCUSDT,0.0602307410378609
T0571,F07,fold_diagnostic,97,OPUSDT,0.03686225659760032
T0571,F08,fold_diagnostic,99,TRBUSDT,0.04507951897171983
T0572,F01,fold_diagnostic,24,BTCUSDT,0.08730745343392192
T0572,F02,fold_diagnostic,62,VETUSDT,0.050352584896911856
T0572,F03,fold_diagnostic,80,DOGEUSDT,0.06673775028711709
T0572,F04,fold_diagnostic,93,SANDUSDT,0.0691951019520033
T0572,F05,fold_diagnostic,98,ETCUSDT,0.05207045730698257
T0572,F06,fold_diagnostic,85,MASKUSDT,0.07986535592173533
T0572,F07,fold_diagnostic,97,APTUSDT,0.054466801956589955
T0572,F08,fold_diagnostic,99,TRBUSDT,0.07007264470112223
T0573,F01,fold_diagnostic,24,ADAUSDT,0.11185098954024951
T0573,F02,fold_diagnostic,62,ZILUSDT,0.05064376994743795
T0573,F03,fold_diagnostic,80,DOGEUSDT,0.07488981773338962
T0573,F04,fold_diagnostic,93,SANDUSDT,0.08035215919429484
T0573,F05,fold_diagnostic,98,ANCUSDT,0.09965947181771496
T0573,F06,fold_diagnostic,85,ETCUSDT,0.06433064136234067
T0573,F07,fold_diagnostic,97,APTUSDT,0.04888969407593479
T0573,F08,fold_diagnostic,99,TRBUSDT,0.08804196564436603
T0574,F01,fold_diagnostic,24,VETUSDT,0.10307886399920088
T0574,F02,fold_diagnostic,62,THETAUSDT,0.06330000030108221
T0574,F03,fold_diagnostic,80,DOGEUSDT,0.09900515119802307
T0574,F04,fold_diagnostic,93,ALICEUSDT,0.06618424753234832
T0574,F05,fold_diagnostic,98,ANCUSDT,0.04808236054211552
T0574,F06,fold_diagnostic,85,MASKUSDT,0.05030082275372612
T0574,F07,fold_diagnostic,97,MASKUSDT,0.05028637844578175
T0574,F08,fold_diagnostic,99,TRBUSDT,0.1100839147559358
T0575,F01,fold_diagnostic,24,LINKUSDT,0.057863304437447936
T0575,F02,fold_diagnostic,62,LINKUSDT,0.03322329440166467
T0575,F03,fold_diagnostic,80,XTZUSDT,0.029851857392501124
T0575,F04,fold_diagnostic,93,ATOMUSDT,0.027076722494508536
T0575,F05,fold_diagnostic,98,MATICUSDT,0.02526127280694884
T0575,F06,fold_diagnostic,85,CRVUSDT,0.024785303250604084
T0575,F07,fold_diagnostic,97,INJUSDT,0.025178047531021427
T0575,F08,fold_diagnostic,99,SOLUSDT,0.024872947478543746
T0576,F01,fold_diagnostic,24,VETUSDT,0.06719606671282666
T0576,F02,fold_diagnostic,62,THETAUSDT,0.03723610705425264
T0576,F03,fold_diagnostic,80,DOGEUSDT,0.04227524535521796
T0576,F04,fold_diagnostic,93,ALICEUSDT,0.04013575882721036
T0576,F05,fold_diagnostic,98,ETCUSDT,0.02996509580563186
T0576,F06,fold_diagnostic,85,LINKUSDT,0.029902816217760992
T0576,F07,fold_diagnostic,97,OPUSDT,0.03054720734919077
T0576,F08,fold_diagnostic,99,TRBUSDT,0.04680220900143251
T0577,F01,fold_diagnostic,24,VETUSDT,0.10625489930627856
T0577,F02,fold_diagnostic,62,THETAUSDT,0.057232304908682176
T0577,F03,fold_diagnostic,80,DOGEUSDT,0.05510309888065686
T0577,F04,fold_diagnostic,93,LUNAUSDT,0.04646482401320493
T0577,F05,fold_diagnostic,98,ANCUSDT,0.04119285856174261
T0577,F06,fold_diagnostic,85,MATICUSDT,0.036291311680037935
T0577,F07,fold_diagnostic,97,INJUSDT,0.03752524008871844
T0577,F08,fold_diagnostic,99,TRBUSDT,0.06975223663133394
T0578,F01,fold_diagnostic,24,VETUSDT,0.11893602813570064
T0578,F02,fold_diagnostic,62,THETAUSDT,0.06367913629032014
T0578,F03,fold_diagnostic,80,DOGEUSDT,0.05987811984721103
T0578,F04,fold_diagnostic,93,LUNAUSDT,0.05476532499432765
T0578,F05,fold_diagnostic,98,SUSHIUSDT,0.040549966468333754
T0578,F06,fold_diagnostic,85,MATICUSDT,0.04571863651222791
T0578,F07,fold_diagnostic,97,INJUSDT,0.04039630063599101
T0578,F08,fold_diagnostic,99,TRBUSDT,0.10827975899249317
T0579,F01,fold_diagnostic,24,LINKUSDT,0.09757393359178751
T0579,F02,fold_diagnostic,62,ALGOUSDT,0.041189866751530683
T0579,F03,fold_diagnostic,80,SOLUSDT,0.03497769004769707
T0579,F04,fold_diagnostic,93,ALICEUSDT,0.035718929091095517
T0579,F05,fold_diagnostic,98,ATOMUSDT,0.028578825567910204
T0579,F06,fold_diagnostic,85,1000SHIBUSDT,0.03292986059952125
T0579,F07,fold_diagnostic,97,ATOMUSDT,0.031390701266622044
T0579,F08,fold_diagnostic,99,1000SHIBUSDT,0.02420730889357918
T0580,F01,fold_diagnostic,24,LINKUSDT,0.08937111711048168
T0580,F02,fold_diagnostic,62,ZILUSDT,0.055944035698527746
T0580,F03,fold_diagnostic,80,SOLUSDT,0.040030400268920345
T0580,F04,fold_diagnostic,93,SOLUSDT,0.04387347100549882
T0580,F05,fold_diagnostic,98,RSRUSDT,0.04015811400181791
T0580,F06,fold_diagnostic,85,UNFIUSDT,0.044581533300434774
T0580,F07,fold_diagnostic,97,GMTUSDT,0.03478179749276117
T0580,F08,fold_diagnostic,99,TRBUSDT,0.03303831049846141
T0581,F01,fold_diagnostic,24,LINKUSDT,0.0924974948688802
T0581,F02,fold_diagnostic,62,THETAUSDT,0.054349677080374574
T0581,F03,fold_diagnostic,80,DOGEUSDT,0.06701317689184595
T0581,F04,fold_diagnostic,93,ALICEUSDT,0.054889952090555486
T0581,F05,fold_diagnostic,98,SUSHIUSDT,0.04049474942714765
T0581,F06,fold_diagnostic,85,FILUSDT,0.050567036280273356
T0581,F07,fold_diagnostic,97,GRTUSDT,0.03340225218361464
T0581,F08,fold_diagnostic,99,TRBUSDT,0.038410777336954874
T0582,F01,fold_diagnostic,24,LINKUSDT,0.1182899448357096
T0582,F02,fold_diagnostic,62,THETAUSDT,0.0715950751170483
T0582,F03,fold_diagnostic,80,DOGEUSDT,0.0702929874871425
T0582,F04,fold_diagnostic,93,SANDUSDT,0.0623309299997634
T0582,F05,fold_diagnostic,98,SUSHIUSDT,0.04068594587669854
T0582,F06,fold_diagnostic,85,UNFIUSDT,0.054027596897903665
T0582,F07,fold_diagnostic,97,GRTUSDT,0.04248242579795654
T0582,F08,fold_diagnostic,99,TRBUSDT,0.07067841361580054
T0583,F01,fold_diagnostic,24,XLMUSDT,0.06966876446677914
T0583,F02,fold_diagnostic,62,LINKUSDT,0.033924638504915124
T0583,F03,fold_diagnostic,80,SUSHIUSDT,0.04175260710952832
T0583,F04,fold_diagnostic,93,LUNAUSDT,0.027205891905612446
T0583,F05,fold_diagnostic,98,DOGEUSDT,0.03484745067344912
T0583,F06,fold_diagnostic,85,LINKUSDT,0.030032173414555274
T0583,F07,fold_diagnostic,97,FTMUSDT,0.03723606779668397
T0583,F08,fold_diagnostic,99,FILUSDT,0.028088899620046764
T0584,F01,fold_diagnostic,24,VETUSDT,0.07864870194507914
T0584,F02,fold_diagnostic,62,LINKUSDT,0.041092783404277286
T0584,F03,fold_diagnostic,80,AAVEUSDT,0.04099174054815924
T0584,F04,fold_diagnostic,93,ATOMUSDT,0.03066034783169124
T0584,F05,fold_diagnostic,98,ANCUSDT,0.0453550338875092
T0584,F06,fold_diagnostic,85,LINKUSDT,0.040082278711678965
T0584,F07,fold_diagnostic,97,SANDUSDT,0.029815201073462222
T0584,F08,fold_diagnostic,99,TRBUSDT,0.03629443646937957
T0585,F01,fold_diagnostic,24,ADAUSDT,0.090183805969522
T0585,F02,fold_diagnostic,62,THETAUSDT,0.04839744493687278
T0585,F03,fold_diagnostic,80,FTMUSDT,0.047062835653733134
T0585,F04,fold_diagnostic,93,SANDUSDT,0.04258246052516308
T0585,F05,fold_diagnostic,98,ANCUSDT,0.0573597327317662
T0585,F06,fold_diagnostic,85,ETCUSDT,0.040693644449023805
T0585,F07,fold_diagnostic,97,DYDXUSDT,0.029679677289573114
T0585,F08,fold_diagnostic,99,TRBUSDT,0.059772892019134174
T0586,F01,fold_diagnostic,24,VETUSDT,0.11384673914699588
T0586,F02,fold_diagnostic,62,THETAUSDT,0.053863220932974964
T0586,F03,fold_diagnostic,80,SOLUSDT,0.04004164910980034
T0586,F04,fold_diagnostic,93,SANDUSDT,0.04711916948246697
T0586,F05,fold_diagnostic,98,FTMUSDT,0.03654424615765988
T0586,F06,fold_diagnostic,85,SNXUSDT,0.049468853323873095
T0586,F07,fold_diagnostic,97,INJUSDT,0.04879118756199957
T0586,F08,fold_diagnostic,99,TRBUSDT,0.0667206186997443
T0587,F01,fold_diagnostic,24,ADAUSDT,0.05548916400603048
T0587,F02,fold_diagnostic,62,ETHUSDT,0.030103601612150695
T0587,F03,fold_diagnostic,80,SOLUSDT,0.03336572641317681
T0587,F04,fold_diagnostic,93,LUNAUSDT,0.025804832734298972
T0587,F05,fold_diagnostic,98,BNBUSDT,0.0241555131995006
T0587,F06,fold_diagnostic,85,ATOMUSDT,0.025011597614660177
T0587,F07,fold_diagnostic,97,BTCUSDT,0.022282295647173888
T0587,F08,fold_diagnostic,99,SOLUSDT,0.025623575813250917
T0588,F01,fold_diagnostic,24,VETUSDT,0.07063992230291713
T0588,F02,fold_diagnostic,62,THETAUSDT,0.053000985660149116
T0588,F03,fold_diagnostic,80,DOGEUSDT,0.03877147392216024
T0588,F04,fold_diagnostic,93,LUNAUSDT,0.04470070756414723
T0588,F05,fold_diagnostic,98,ADAUSDT,0.030606152079295873
T0588,F06,fold_diagnostic,85,UNFIUSDT,0.03437030780569997
T0588,F07,fold_diagnostic,97,MASKUSDT,0.028890341985941818
T0588,F08,fold_diagnostic,99,TRBUSDT,0.04699108034972541
T0589,F01,fold_diagnostic,24,VETUSDT,0.0840388889463935
T0589,F02,fold_diagnostic,62,THETAUSDT,0.06237508795239497
T0589,F03,fold_diagnostic,80,DOGEUSDT,0.06508047343944272
T0589,F04,fold_diagnostic,93,LUNAUSDT,0.048556944837447415
T0589,F05,fold_diagnostic,98,ANCUSDT,0.03868630996211039
T0589,F06,fold_diagnostic,85,FLMUSDT,0.03853726741005587
T0589,F07,fold_diagnostic,97,APTUSDT,0.03670629855532736
T0589,F08,fold_diagnostic,99,TRBUSDT,0.10179572899500273
T0590,F01,fold_diagnostic,24,VETUSDT,0.11729174012033769
T0590,F02,fold_diagnostic,62,THETAUSDT,0.07166928381545486
T0590,F03,fold_diagnostic,80,DOGEUSDT,0.07099398275394068
T0590,F04,fold_diagnostic,93,LUNAUSDT,0.060645067838183575
T0590,F05,fold_diagnostic,98,SUSHIUSDT,0.03511085875766277
T0590,F06,fold_diagnostic,85,FLMUSDT,0.04087417853828169
T0590,F07,fold_diagnostic,97,BCHUSDT,0.034855942449713066
T0590,F08,fold_diagnostic,99,TRBUSDT,0.1213710044606735
T0591,F01,fold_diagnostic,24,LTCUSDT,0.051903955520588914
T0591,F02,fold_diagnostic,62,THETAUSDT,0.03028755430506162
T0591,F03,fold_diagnostic,80,DOGEUSDT,0.027340558020539866
T0591,F04,fold_diagnostic,93,SOLUSDT,0.02720430108296272
T0591,F05,fold_diagnostic,98,ALGOUSDT,0.025021006288247962
T0591,F06,fold_diagnostic,85,1000SHIBUSDT,0.023005180336352894
T0591,F07,fold_diagnostic,97,FILUSDT,0.02338774991396409
T0591,F08,fold_diagnostic,99,TRBUSDT,0.024195074658212017
T0592,F01,fold_diagnostic,24,ADAUSDT,0.06656807242398523
T0592,F02,fold_diagnostic,62,THETAUSDT,0.041492371784630645
T0592,F03,fold_diagnostic,80,DOGEUSDT,0.05283895354805865
T0592,F04,fold_diagnostic,93,LUNAUSDT,0.03595727816256293
T0592,F05,fold_diagnostic,98,ANCUSDT,0.031277976985720934
T0592,F06,fold_diagnostic,85,LTCUSDT,0.030269540646608247
T0592,F07,fold_diagnostic,97,APTUSDT,0.026948823515576568
T0592,F08,fold_diagnostic,99,TRBUSDT,0.049273356379919336
T0593,F01,fold_diagnostic,24,VETUSDT,0.08940405134306802
T0593,F02,fold_diagnostic,62,THETAUSDT,0.06684476011960695
T0593,F03,fold_diagnostic,80,DOGEUSDT,0.06991802000122586
T0593,F04,fold_diagnostic,93,LUNAUSDT,0.04811992367708445
T0593,F05,fold_diagnostic,98,ANCUSDT,0.04988690736794188
T0593,F06,fold_diagnostic,85,MATICUSDT,0.04726258122879246
T0593,F07,fold_diagnostic,97,INJUSDT,0.03255423279285362
T0593,F08,fold_diagnostic,99,TRBUSDT,0.07768046425375123
T0594,F01,fold_diagnostic,24,VETUSDT,0.10904853661599757
T0594,F02,fold_diagnostic,62,THETAUSDT,0.06544573073907842
T0594,F03,fold_diagnostic,80,DOGEUSDT,0.07474813786240292
T0594,F04,fold_diagnostic,93,LUNAUSDT,0.062258658331243354
T0594,F05,fold_diagnostic,98,SUSHIUSDT,0.03974828811411427
T0594,F06,fold_diagnostic,85,MATICUSDT,0.04616330112920759
T0594,F07,fold_diagnostic,97,INJUSDT,0.039793013177720035
T0594,F08,fold_diagnostic,99,TRBUSDT,0.10513575986109767
T0595,F01,fold_diagnostic,24,XLMUSDT,0.06145093619515394
T0595,F02,fold_diagnostic,62,ATOMUSDT,0.031067464434628447
T0595,F03,fold_diagnostic,80,SXPUSDT,0.028375539741944622
T0595,F04,fold_diagnostic,93,ALICEUSDT,0.026262958524079668
T0595,F05,fold_diagnostic,98,DYDXUSDT,0.025851020675621943
T0595,F06,fold_diagnostic,85,1000SHIBUSDT,0.025085513219667212
T0595,F07,fold_diagnostic,97,DOGEUSDT,0.023679241337446793
T0595,F08,fold_diagnostic,99,FILUSDT,0.021902871173615116
T0596,F01,fold_diagnostic,24,ADAUSDT,0.07338446617056396
T0596,F02,fold_diagnostic,62,THETAUSDT,0.034974852771658946
T0596,F03,fold_diagnostic,80,DOGEUSDT,0.049326190441666105
T0596,F04,fold_diagnostic,93,SANDUSDT,0.03415026241933652
T0596,F05,fold_diagnostic,98,ANCUSDT,0.04413652904196648
T0596,F06,fold_diagnostic,85,BCHUSDT,0.033414193486444574
T0596,F07,fold_diagnostic,97,BCHUSDT,0.02917983798582016
T0596,F08,fold_diagnostic,99,TRBUSDT,0.03854094130583438
T0597,F01,fold_diagnostic,24,VETUSDT,0.09212986373850694
T0597,F02,fold_diagnostic,62,THETAUSDT,0.05917100757659978
T0597,F03,fold_diagnostic,80,DOGEUSDT,0.07702689744197498
T0597,F04,fold_diagnostic,93,LUNAUSDT,0.05555341218525857
T0597,F05,fold_diagnostic,98,ANCUSDT,0.05319746234898387
T0597,F06,fold_diagnostic,85,ATOMUSDT,0.037537849009780466
T0597,F07,fold_diagnostic,97,INJUSDT,0.03719642600611554
T0597,F08,fold_diagnostic,99,TRBUSDT,0.07689538699060497
T0598,F01,fold_diagnostic,24,VETUSDT,0.1031840009413976
T0598,F02,fold_diagnostic,62,THETAUSDT,0.05536343168448329
T0598,F03,fold_diagnostic,80,DOGEUSDT,0.08682193157559015
T0598,F04,fold_diagnostic,93,LUNAUSDT,0.06297611611084435
T0598,F05,fold_diagnostic,98,ANCUSDT,0.037944000766446793
T0598,F06,fold_diagnostic,85,MATICUSDT,0.03797381071670387
T0598,F07,fold_diagnostic,97,BCHUSDT,0.03946340335241195
T0598,F08,fold_diagnostic,99,TRBUSDT,0.09466969586119604
T0599,F01,fold_diagnostic,24,EOSUSDT,0.05567618822005299
T0599,F02,fold_diagnostic,62,ATOMUSDT,0.03416425390155615
T0599,F03,fold_diagnostic,80,SOLUSDT,0.027568582522226416
T0599,F04,fold_diagnostic,93,LUNAUSDT,0.03462278998819102
T0599,F05,fold_diagnostic,98,DOGEUSDT,0.02340240903860496
T0599,F06,fold_diagnostic,86,CRVUSDT,0.0262987403698105
T0599,F07,fold_diagnostic,97,DYDXUSDT,0.02510708235527887
T0599,F08,fold_diagnostic,99,TRBUSDT,0.022134163813142996
T0600,F01,fold_diagnostic,24,IOSTUSDT,0.06130598956824339
T0600,F02,fold_diagnostic,62,ATOMUSDT,0.03765569611347595
T0600,F03,fold_diagnostic,80,SUSHIUSDT,0.029132323148564107
T0600,F04,fold_diagnostic,93,LUNAUSDT,0.05626375318841206
T0600,F05,fold_diagnostic,98,ANCUSDT,0.08279926141444814
T0600,F06,fold_diagnostic,86,CRVUSDT,0.03760581723427756
T0600,F07,fold_diagnostic,97,DYDXUSDT,0.030762735661474663
T0600,F08,fold_diagnostic,99,TRBUSDT,0.03622240209586288
T0601,F01,fold_diagnostic,24,BATUSDT,0.09550158794158378
T0601,F02,fold_diagnostic,62,THETAUSDT,0.03924161025524007
T0601,F03,fold_diagnostic,80,SOLUSDT,0.04632944743386851
T0601,F04,fold_diagnostic,93,LUNAUSDT,0.06471803821850582
T0601,F05,fold_diagnostic,98,SUSHIUSDT,0.04383901951072499
T0601,F06,fold_diagnostic,86,SNXUSDT,0.044431577383448016
T0601,F07,fold_diagnostic,97,DYDXUSDT,0.038870147104060046
T0601,F08,fold_diagnostic,99,TRBUSDT,0.04405875108570101
T0602,F01,fold_diagnostic,24,BCHUSDT,0.10292329383494171
T0602,F02,fold_diagnostic,62,THETAUSDT,0.06367566785573
T0602,F03,fold_diagnostic,80,SOLUSDT,0.04023400511335618
T0602,F04,fold_diagnostic,93,SANDUSDT,0.07210810000838208
T0602,F05,fold_diagnostic,98,ANCUSDT,0.04601208629936589
T0602,F06,fold_diagnostic,86,CRVUSDT,0.05557066417030422
T0602,F07,fold_diagnostic,97,DYDXUSDT,0.03800285418627449
T0602,F08,fold_diagnostic,99,TRBUSDT,0.05182321367293239
T0603,F01,fold_diagnostic,24,BCHUSDT,0.05194487974081633
T0603,F02,fold_diagnostic,62,THETAUSDT,0.033006206282396804
T0603,F03,fold_diagnostic,80,CRVUSDT,0.02749961414202047
T0603,F04,fold_diagnostic,93,ALICEUSDT,0.024402870027436414
T0603,F05,fold_diagnostic,98,DOGEUSDT,0.02380050188047345
T0603,F06,fold_diagnostic,86,CRVUSDT,0.023326074136132222
T0603,F07,fold_diagnostic,97,XRPUSDT,0.022319311099547406
T0603,F08,fold_diagnostic,99,SOLUSDT,0.023642084877158433
T0604,F01,fold_diagnostic,24,VETUSDT,0.06329847534271875
T0604,F02,fold_diagnostic,62,THETAUSDT,0.044995947586989625
T0604,F03,fold_diagnostic,80,CRVUSDT,0.03531860987179136
T0604,F04,fold_diagnostic,93,LUNAUSDT,0.03535250252166602
T0604,F05,fold_diagnostic,98,ANCUSDT,0.03729125141356291
T0604,F06,fold_diagnostic,86,LTCUSDT,0.031125097273974608
T0604,F07,fold_diagnostic,97,INJUSDT,0.03157456611896477
T0604,F08,fold_diagnostic,99,TRBUSDT,0.044683787833213355
T0605,F01,fold_diagnostic,24,VETUSDT,0.09357664412288218
T0605,F02,fold_diagnostic,62,THETAUSDT,0.0450570179558084
T0605,F03,fold_diagnostic,80,DOGEUSDT,0.0330018898398016
T0605,F04,fold_diagnostic,93,LUNAUSDT,0.05334666686401038
T0605,F05,fold_diagnostic,98,ANCUSDT,0.056524258212716165
T0605,F06,fold_diagnostic,86,SNXUSDT,0.04330962933299717
T0605,F07,fold_diagnostic,97,BCHUSDT,0.034941769193821394
T0605,F08,fold_diagnostic,99,TRBUSDT,0.061429203314827555
T0606,F01,fold_diagnostic,24,VETUSDT,0.11627875082580981
T0606,F02,fold_diagnostic,62,THETAUSDT,0.06612917644679087
T0606,F03,fold_diagnostic,80,DOGEUSDT,0.05326023979921865
T0606,F04,fold_diagnostic,93,LUNAUSDT,0.06504464255874241
T0606,F05,fold_diagnostic,98,SUSHIUSDT,0.035117034262947204
T0606,F06,fold_diagnostic,86,GMTUSDT,0.04511061480079523
T0606,F07,fold_diagnostic,97,APTUSDT,0.04015598967106769
T0606,F08,fold_diagnostic,99,TRBUSDT,0.08452139110973014
T0607,F01,fold_diagnostic,24,BCHUSDT,0.06193447476188591
T0607,F02,fold_diagnostic,62,ATOMUSDT,0.03420903221754194
T0607,F03,fold_diagnostic,80,DOGEUSDT,0.029313049258156986
T0607,F04,fold_diagnostic,91,SANDUSDT,0.025996213237311543
T0607,F05,fold_diagnostic,95,AAVEUSDT,0.031720630597267936
T0607,F06,fold_diagnostic,86,DOGEUSDT,0.031145201897793014
T0607,F07,fold_diagnostic,96,DYDXUSDT,0.026251415522353928
T0607,F08,fold_diagnostic,99,LINKUSDT,0.023721760050752796
T0608,F01,fold_diagnostic,24,ADAUSDT,0.06552433453966001
T0608,F02,fold_diagnostic,62,ATOMUSDT,0.03746610621437354
T0608,F03,fold_diagnostic,80,DOGEUSDT,0.050706661653562246
T0608,F04,fold_diagnostic,91,SANDUSDT,0.04449058410504251
T0608,F05,fold_diagnostic,95,EOSUSDT,0.0355901299169292
T0608,F06,fold_diagnostic,86,DOGEUSDT,0.044939959755021124
T0608,F07,fold_diagnostic,96,FTMUSDT,0.029877592316535386
T0608,F08,fold_diagnostic,99,OPUSDT,0.02724170462793911
T0609,F01,fold_diagnostic,24,VETUSDT,0.10275587607654915
T0609,F02,fold_diagnostic,62,ETHUSDT,0.040187907230312056
T0609,F03,fold_diagnostic,80,DOGEUSDT,0.06499278090717474
T0609,F04,fold_diagnostic,91,SANDUSDT,0.05686630033887658
T0609,F05,fold_diagnostic,95,GALAUSDT,0.03630183196875514
T0609,F06,fold_diagnostic,86,CRVUSDT,0.04301493104965282
T0609,F07,fold_diagnostic,96,GRTUSDT,0.040854990263243886
T0609,F08,fold_diagnostic,99,SOLUSDT,0.03990163740035737
T0610,F01,fold_diagnostic,24,VETUSDT,0.1305747894255594
T0610,F02,fold_diagnostic,62,SUSHIUSDT,0.05598873379350993
T0610,F03,fold_diagnostic,80,DOGEUSDT,0.08360543881239478
T0610,F04,fold_diagnostic,91,SANDUSDT,0.05771603890671699
T0610,F05,fold_diagnostic,95,SUSHIUSDT,0.0372038627991563
T0610,F06,fold_diagnostic,86,FLMUSDT,0.044038659873593684
T0610,F07,fold_diagnostic,96,APTUSDT,0.04122581919454068
T0610,F08,fold_diagnostic,99,TRBUSDT,0.04665728132165816
T0611,F01,fold_diagnostic,24,ONTUSDT,0.11240966846891495
T0611,F02,fold_diagnostic,54,XRPUSDT,0.12108625351360652
T0611,F03,fold_diagnostic,66,MKRUSDT,0.07356849353884969
T0611,F04,fold_diagnostic,66,SOLUSDT,0.07023856683264673
T0611,F05,fold_diagnostic,2,ENSUSDT,0.6333420821960345
T0611,F06,fold_diagnostic,2,TRBUSDT,0.5348150112151184
T0611,F07,fold_diagnostic,37,LITUSDT,0.1313992074818945
T0611,F08,fold_diagnostic,70,BNBUSDT,0.0502384582860627
T0612,F01,fold_diagnostic,24,ONTUSDT,0.13802488469629
T0612,F02,fold_diagnostic,54,XRPUSDT,0.11218242508112442
T0612,F03,fold_diagnostic,66,MKRUSDT,0.08501137278617674
T0612,F04,fold_diagnostic,66,SOLUSDT,0.09505875748879833
T0612,F05,fold_diagnostic,2,AAVEUSDT,0.8391706976121349
T0612,F06,fold_diagnostic,2,JASMYUSDT,0.8472268113778227
T0612,F07,fold_diagnostic,37,MAGICUSDT,0.10553431532664993
T0612,F08,fold_diagnostic,70,INJUSDT,0.05935979263668896
T0613,F01,fold_diagnostic,24,IOSTUSDT,0.1062948165557085
T0613,F02,fold_diagnostic,54,XRPUSDT,0.09019539856122526
T0613,F03,fold_diagnostic,66,ETCUSDT,0.069608822161551
T0613,F04,fold_diagnostic,66,SOLUSDT,0.05608007968588484
T0613,F05,fold_diagnostic,2,AAVEUSDT,0.6569462160731421
T0613,F06,fold_diagnostic,2,JASMYUSDT,0.6558704500827275
T0613,F07,fold_diagnostic,37,1000LUNCUSDT,0.10642721665751949
T0613,F08,fold_diagnostic,70,WLDUSDT,0.06435639556549871
T0614,F01,fold_diagnostic,24,BTCUSDT,0.08997985410683744
T0614,F02,fold_diagnostic,54,XRPUSDT,0.07859842747804985
T0614,F03,fold_diagnostic,66,DOGEUSDT,0.05674839262993766
T0614,F04,fold_diagnostic,66,SOLUSDT,0.0649672818888153
T0614,F05,fold_diagnostic,2,ENSUSDT,0.8530718638168381
T0614,F06,fold_diagnostic,2,TRBUSDT,0.8358194321508825
T0614,F07,fold_diagnostic,37,FILUSDT,0.0877045563470913
T0614,F08,fold_diagnostic,70,INJUSDT,0.06962319065983895
T0615,F01,fold_diagnostic,24,VETUSDT,0.06178119079807952
T0615,F02,fold_diagnostic,62,VETUSDT,0.034228136278108154
T0615,F03,fold_diagnostic,80,SXPUSDT,0.04377871685660472
T0615,F04,fold_diagnostic,93,ALICEUSDT,0.038626268025260896
T0615,F05,fold_diagnostic,98,ANCUSDT,0.06538507692026728
T0615,F06,fold_diagnostic,86,APEUSDT,0.03597594476835546
T0615,F07,fold_diagnostic,97,GALAUSDT,0.028401026336287986
T0615,F08,fold_diagnostic,99,WLDUSDT,0.03153057640885423
T0616,F01,fold_diagnostic,24,XLMUSDT,0.09619265182882672
T0616,F02,fold_diagnostic,62,THETAUSDT,0.0616674945496819
T0616,F03,fold_diagnostic,80,SUSHIUSDT,0.03736395950701937
T0616,F04,fold_diagnostic,93,LUNAUSDT,0.04935825323207042
T0616,F05,fold_diagnostic,98,ANCUSDT,0.040499205397770376
T0616,F06,fold_diagnostic,86,SNXUSDT,0.0630702566362247
T0616,F07,fold_diagnostic,97,DYDXUSDT,0.03993276534996624
T0616,F08,fold_diagnostic,99,TRBUSDT,0.05758951700600615
T0617,F01,fold_diagnostic,24,ZECUSDT,0.09219644850575946
T0617,F02,fold_diagnostic,62,THETAUSDT,0.07976372103972591
T0617,F03,fold_diagnostic,80,FTMUSDT,0.06037749958513134
T0617,F04,fold_diagnostic,93,ALICEUSDT,0.04426348853639517
T0617,F05,fold_diagnostic,98,ANCUSDT,0.041912830437724286
T0617,F06,fold_diagnostic,86,SNXUSDT,0.04813286834003073
T0617,F07,fold_diagnostic,97,APTUSDT,0.033601395790212485
T0617,F08,fold_diagnostic,99,TRBUSDT,0.07296111284685339
T0618,F01,fold_diagnostic,24,TRXUSDT,0.07894615967028142
T0618,F02,fold_diagnostic,62,THETAUSDT,0.053146274907934055
T0618,F03,fold_diagnostic,80,SUSHIUSDT,0.051952825081035145
T0618,F04,fold_diagnostic,93,LINKUSDT,0.03376583619145091
T0618,F05,fold_diagnostic,98,BTCUSDT,0.037367039901307325
T0618,F06,fold_diagnostic,86,SNXUSDT,0.0407611516932969
T0618,F07,fold_diagnostic,97,DOGEUSDT,0.030823492517174787
T0618,F08,fold_diagnostic,99,TRBUSDT,0.03164779116910546
T0619,F01,fold_diagnostic,24,XLMUSDT,0.07693639364869245
T0619,F02,fold_diagnostic,62,NEOUSDT,0.056191813316280564
T0619,F03,fold_diagnostic,80,SOLUSDT,0.05003234277956038
T0619,F04,fold_diagnostic,93,ALICEUSDT,0.05693380810407225
T0619,F05,fold_diagnostic,98,ANCUSDT,0.07377992911945373
T0619,F06,fold_diagnostic,86,SNXUSDT,0.050697064574691454
T0619,F07,fold_diagnostic,97,OCEANUSDT,0.037658674453956535
T0619,F08,fold_diagnostic,99,WLDUSDT,0.03997396725927047
T0620,F01,fold_diagnostic,24,IOSTUSDT,0.1536922708837807
T0620,F02,fold_diagnostic,62,THETAUSDT,0.0663074383128807
T0620,F03,fold_diagnostic,80,DOGEUSDT,0.06731910671115772
T0620,F04,fold_diagnostic,93,ALICEUSDT,0.05951073945767388
T0620,F05,fold_diagnostic,98,SUSHIUSDT,0.048592727041383704
T0620,F06,fold_diagnostic,86,SNXUSDT,0.0509716140060531
T0620,F07,fold_diagnostic,97,APTUSDT,0.03187045076091991
T0620,F08,fold_diagnostic,99,TRBUSDT,0.049589551407181895
T0621,F01,fold_diagnostic,24,XLMUSDT,0.07026461036032701
T0621,F02,fold_diagnostic,62,LINKUSDT,0.039619442361918125
T0621,F03,fold_diagnostic,80,ATOMUSDT,0.03499439143000971
T0621,F04,fold_diagnostic,93,ALICEUSDT,0.04043586616939572
T0621,F05,fold_diagnostic,98,AXSUSDT,0.042247696116147274
T0621,F06,fold_diagnostic,86,XRPUSDT,0.03567412006962383
T0621,F07,fold_diagnostic,97,LDOUSDT,0.030805686045708557
T0621,F08,fold_diagnostic,99,XRPUSDT,0.030892179928816255
T0622,F01,fold_diagnostic,24,ZECUSDT,0.076062805389768
T0622,F02,fold_diagnostic,62,DASHUSDT,0.0342311513561413
T0622,F03,fold_diagnostic,80,CRVUSDT,0.040331401521637084
T0622,F04,fold_diagnostic,93,ALICEUSDT,0.06058367240167749
T0622,F05,fold_diagnostic,98,ANCUSDT,0.05642190832130442
T0622,F06,fold_diagnostic,86,CRVUSDT,0.051779269156280776
T0622,F07,fold_diagnostic,97,MASKUSDT,0.04751585800474151
T0622,F08,fold_diagnostic,99,WLDUSDT,0.05605977903737007
T0623,F01,fold_diagnostic,24,BATUSDT,0.11168578008831095
T0623,F02,fold_diagnostic,62,THETAUSDT,0.04062504298019149
T0623,F03,fold_diagnostic,80,DOGEUSDT,0.10694313990804444
T0623,F04,fold_diagnostic,93,AVAXUSDT,0.03914571389887789
T0623,F05,fold_diagnostic,98,SUSHIUSDT,0.03874296389377332
T0623,F06,fold_diagnostic,86,BCHUSDT,0.05371802001609484
T0623,F07,fold_diagnostic,97,MASKUSDT,0.052792968791312296
T0623,F08,fold_diagnostic,99,WLDUSDT,0.06279261072985565
T0624,F01,fold_diagnostic,24,VETUSDT,0.06178119079807952
T0624,F02,fold_diagnostic,62,VETUSDT,0.034228136278108154
T0624,F03,fold_diagnostic,80,SXPUSDT,0.04377871685660472
T0624,F04,fold_diagnostic,93,ALICEUSDT,0.038626268025260896
T0624,F05,fold_diagnostic,98,ANCUSDT,0.06538507692026728
T0624,F06,fold_diagnostic,86,APEUSDT,0.03597594476835546
T0624,F07,fold_diagnostic,97,GALAUSDT,0.028401026336287986
T0624,F08,fold_diagnostic,99,WLDUSDT,0.03153057640885423
T0625,F01,fold_diagnostic,24,XLMUSDT,0.09619265182882672
T0625,F02,fold_diagnostic,62,THETAUSDT,0.0616674945496819
T0625,F03,fold_diagnostic,80,SUSHIUSDT,0.03736395950701937
T0625,F04,fold_diagnostic,93,LUNAUSDT,0.04935825323207042
T0625,F05,fold_diagnostic,98,ANCUSDT,0.040499205397770376
T0625,F06,fold_diagnostic,86,SNXUSDT,0.0630702566362247
T0625,F07,fold_diagnostic,97,DYDXUSDT,0.03993276534996624
T0625,F08,fold_diagnostic,99,TRBUSDT,0.05758951700600615
T0626,F01,fold_diagnostic,24,ZECUSDT,0.09219644850575946
T0626,F02,fold_diagnostic,62,THETAUSDT,0.07976372103972591
T0626,F03,fold_diagnostic,80,FTMUSDT,0.06037749958513134
T0626,F04,fold_diagnostic,93,ALICEUSDT,0.04426348853639517
T0626,F05,fold_diagnostic,98,ANCUSDT,0.041912830437724286
T0626,F06,fold_diagnostic,86,SNXUSDT,0.04813286834003073
T0626,F07,fold_diagnostic,97,APTUSDT,0.033601395790212485
T0626,F08,fold_diagnostic,99,TRBUSDT,0.07296111284685339
T0627,F01,fold_diagnostic,24,TRXUSDT,0.07894615967028142
T0627,F02,fold_diagnostic,62,THETAUSDT,0.053146274907934055
T0627,F03,fold_diagnostic,80,SUSHIUSDT,0.051952825081035145
T0627,F04,fold_diagnostic,93,LINKUSDT,0.03376583619145091
T0627,F05,fold_diagnostic,98,BTCUSDT,0.037367039901307325
T0627,F06,fold_diagnostic,86,SNXUSDT,0.0407611516932969
T0627,F07,fold_diagnostic,97,DOGEUSDT,0.030823492517174787
T0627,F08,fold_diagnostic,99,TRBUSDT,0.03164779116910546
T0628,F01,fold_diagnostic,24,XLMUSDT,0.07693639364869245
T0628,F02,fold_diagnostic,62,NEOUSDT,0.056191813316280564
T0628,F03,fold_diagnostic,80,SOLUSDT,0.05003234277956038
T0628,F04,fold_diagnostic,93,ALICEUSDT,0.05693380810407225
T0628,F05,fold_diagnostic,98,ANCUSDT,0.07377992911945373
T0628,F06,fold_diagnostic,86,SNXUSDT,0.050697064574691454
T0628,F07,fold_diagnostic,97,OCEANUSDT,0.037658674453956535
T0628,F08,fold_diagnostic,99,WLDUSDT,0.03997396725927047
T0629,F01,fold_diagnostic,24,IOSTUSDT,0.1536922708837807
T0629,F02,fold_diagnostic,62,THETAUSDT,0.0663074383128807
T0629,F03,fold_diagnostic,80,DOGEUSDT,0.06731910671115772
T0629,F04,fold_diagnostic,93,ALICEUSDT,0.05951073945767388
T0629,F05,fold_diagnostic,98,SUSHIUSDT,0.048592727041383704
T0629,F06,fold_diagnostic,86,SNXUSDT,0.0509716140060531
T0629,F07,fold_diagnostic,97,APTUSDT,0.03187045076091991
T0629,F08,fold_diagnostic,99,TRBUSDT,0.049589551407181895
T0630,F01,fold_diagnostic,24,XLMUSDT,0.07026461036032701
T0630,F02,fold_diagnostic,62,LINKUSDT,0.039619442361918125
T0630,F03,fold_diagnostic,80,ATOMUSDT,0.03499439143000971
T0630,F04,fold_diagnostic,93,ALICEUSDT,0.04043586616939572
T0630,F05,fold_diagnostic,98,AXSUSDT,0.042247696116147274
T0630,F06,fold_diagnostic,86,XRPUSDT,0.03567412006962383
T0630,F07,fold_diagnostic,97,LDOUSDT,0.030805686045708557
T0630,F08,fold_diagnostic,99,XRPUSDT,0.030892179928816255
T0631,F01,fold_diagnostic,24,ZECUSDT,0.076062805389768
T0631,F02,fold_diagnostic,62,DASHUSDT,0.0342311513561413
T0631,F03,fold_diagnostic,80,CRVUSDT,0.040331401521637084
T0631,F04,fold_diagnostic,93,ALICEUSDT,0.06058367240167749
T0631,F05,fold_diagnostic,98,ANCUSDT,0.05642190832130442
T0631,F06,fold_diagnostic,86,CRVUSDT,0.051779269156280776
T0631,F07,fold_diagnostic,97,MASKUSDT,0.04751585800474151
T0631,F08,fold_diagnostic,99,WLDUSDT,0.05605977903737007
T0632,F01,fold_diagnostic,24,BATUSDT,0.11168578008831095
T0632,F02,fold_diagnostic,62,THETAUSDT,0.04062504298019149
T0632,F03,fold_diagnostic,80,DOGEUSDT,0.10694313990804444
T0632,F04,fold_diagnostic,93,AVAXUSDT,0.03914571389887789
T0632,F05,fold_diagnostic,98,SUSHIUSDT,0.03874296389377332
T0632,F06,fold_diagnostic,86,BCHUSDT,0.05371802001609484
T0632,F07,fold_diagnostic,97,MASKUSDT,0.052792968791312296
T0632,F08,fold_diagnostic,99,WLDUSDT,0.06279261072985565
T0633,F01,fold_diagnostic,24,ETCUSDT,0.08506891630970241
T0633,F02,fold_diagnostic,62,THETAUSDT,0.03598376757285757
T0633,F03,fold_diagnostic,80,SOLUSDT,0.046068382440825964
T0633,F04,fold_diagnostic,93,LUNAUSDT,0.041182288475797024
T0633,F05,fold_diagnostic,98,ANCUSDT,0.057286200586115194
T0633,F06,fold_diagnostic,85,OPUSDT,0.03169960240473711
T0633,F07,fold_diagnostic,97,APTUSDT,0.03049935287900974
T0633,F08,fold_diagnostic,99,TRBUSDT,0.029636361661357517
T0634,F01,fold_diagnostic,24,VETUSDT,0.07046943945996001
T0634,F02,fold_diagnostic,62,THETAUSDT,0.04818687973941573
T0634,F03,fold_diagnostic,80,SOLUSDT,0.05853174300570123
T0634,F04,fold_diagnostic,93,LUNAUSDT,0.05648293588721321
T0634,F05,fold_diagnostic,98,CRVUSDT,0.039057684449717446
T0634,F06,fold_diagnostic,85,APEUSDT,0.03750194327299235
T0634,F07,fold_diagnostic,97,DYDXUSDT,0.032936926101054725
T0634,F08,fold_diagnostic,99,TRBUSDT,0.05260482766657441
T0635,F01,fold_diagnostic,24,IOSTUSDT,0.09833626058558632
T0635,F02,fold_diagnostic,62,THETAUSDT,0.06526714727076663
T0635,F03,fold_diagnostic,80,DOGEUSDT,0.0707570348200899
T0635,F04,fold_diagnostic,93,LUNAUSDT,0.06522208675356311
T0635,F05,fold_diagnostic,98,SUSHIUSDT,0.03700715900302296
T0635,F06,fold_diagnostic,85,UNFIUSDT,0.05626115431028791
T0635,F07,fold_diagnostic,97,DYDXUSDT,0.03753534358946084
T0635,F08,fold_diagnostic,99,TRBUSDT,0.07813996957821477
T0636,F01,fold_diagnostic,24,VETUSDT,0.0842407490146514
T0636,F02,fold_diagnostic,62,LTCUSDT,0.03966687692779441
T0636,F03,fold_diagnostic,80,SOLUSDT,0.043851616087549686
T0636,F04,fold_diagnostic,93,ENJUSDT,0.03239028474988576
T0636,F05,fold_diagnostic,98,ANCUSDT,0.07396185062494277
T0636,F06,fold_diagnostic,86,MATICUSDT,0.03869915740112743
T0636,F07,fold_diagnostic,97,LDOUSDT,0.02568660466611552
T0636,F08,fold_diagnostic,99,TRBUSDT,0.04571918726162324
T0637,F01,fold_diagnostic,24,VETUSDT,0.0866344928671841
T0637,F02,fold_diagnostic,62,BNBUSDT,0.04940372635757625
T0637,F03,fold_diagnostic,80,SOLUSDT,0.07054195878737048
T0637,F04,fold_diagnostic,93,ATOMUSDT,0.04399030641514495
T0637,F05,fold_diagnostic,98,APEUSDT,0.038163252258084944
T0637,F06,fold_diagnostic,86,SNXUSDT,0.038869742886695265
T0637,F07,fold_diagnostic,97,ETCUSDT,0.04120237757087392
T0637,F08,fold_diagnostic,99,TRBUSDT,0.05043293446889272
T0638,F01,fold_diagnostic,24,VETUSDT,0.09807514845875338
T0638,F02,fold_diagnostic,62,THETAUSDT,0.08235938863468102
T0638,F03,fold_diagnostic,80,DOGEUSDT,0.12663774141506817
T0638,F04,fold_diagnostic,93,ATOMUSDT,0.045531113945520924
T0638,F05,fold_diagnostic,98,ANCUSDT,0.03738051595717802
T0638,F06,fold_diagnostic,86,BLZUSDT,0.03984794669930603
T0638,F07,fold_diagnostic,97,DYDXUSDT,0.036542578691123276
T0638,F08,fold_diagnostic,99,TRBUSDT,0.06307464494570057
T0639,F01,fold_diagnostic,24,VETUSDT,0.08404502954436241
T0639,F02,fold_diagnostic,62,THETAUSDT,0.048137017705382645
T0639,F03,fold_diagnostic,80,SUSHIUSDT,0.04700277751862287
T0639,F04,fold_diagnostic,93,AVAXUSDT,0.037015124490477856
T0639,F05,fold_diagnostic,98,ANCUSDT,0.040630745353492946
T0639,F06,fold_diagnostic,85,DOGEUSDT,0.04368156928078493
T0639,F07,fold_diagnostic,97,INJUSDT,0.034877438110303666
T0639,F08,fold_diagnostic,99,TRBUSDT,0.03802766222162799
T0640,F01,fold_diagnostic,24,LINKUSDT,0.10143903034951958
T0640,F02,fold_diagnostic,62,ATOMUSDT,0.04350515990404825
T0640,F03,fold_diagnostic,80,SOLUSDT,0.06290093681858314
T0640,F04,fold_diagnostic,93,LUNAUSDT,0.048517557296805666
T0640,F05,fold_diagnostic,98,ANCUSDT,0.03610706885413643
T0640,F06,fold_diagnostic,85,BNBUSDT,0.04281801629929733
T0640,F07,fold_diagnostic,97,INJUSDT,0.053688226505873946
T0640,F08,fold_diagnostic,99,TRBUSDT,0.0749663911577345
T0641,F01,fold_diagnostic,24,VETUSDT,0.10051057729597915
T0641,F02,fold_diagnostic,62,SUSHIUSDT,0.055009123713600734
T0641,F03,fold_diagnostic,80,DOGEUSDT,0.051657250027702516
T0641,F04,fold_diagnostic,93,LUNAUSDT,0.058854735321031054
T0641,F05,fold_diagnostic,98,ANCUSDT,0.03890388128643417
T0641,F06,fold_diagnostic,85,ATOMUSDT,0.040965991204762325
T0641,F07,fold_diagnostic,97,INJUSDT,0.05790659348689686
T0641,F08,fold_diagnostic,99,TRBUSDT,0.10674968329438438
T0642,F01,fold_diagnostic,24,ETCUSDT,0.1024510385825554
T0642,F02,fold_diagnostic,62,ZILUSDT,0.05311641006416228
T0642,F03,fold_diagnostic,80,SUSHIUSDT,0.060628585738274114
T0642,F04,fold_diagnostic,93,ALICEUSDT,0.04240965575297461
T0642,F05,fold_diagnostic,98,ANCUSDT,0.06749309759849705
T0642,F06,fold_diagnostic,85,NEARUSDT,0.04209848818595004
T0642,F07,fold_diagnostic,97,APTUSDT,0.04929062894751608
T0642,F08,fold_diagnostic,99,CRVUSDT,0.030556787187009167
T0643,F01,fold_diagnostic,24,LINKUSDT,0.09851639738304147
T0643,F02,fold_diagnostic,62,THETAUSDT,0.06296521109951743
T0643,F03,fold_diagnostic,80,SOLUSDT,0.05251415266974432
T0643,F04,fold_diagnostic,93,LUNAUSDT,0.051410236412601514
T0643,F05,fold_diagnostic,98,ANCUSDT,0.03818390605928572
T0643,F06,fold_diagnostic,85,ETCUSDT,0.0414962952601364
T0643,F07,fold_diagnostic,97,OCEANUSDT,0.043082527234538995
T0643,F08,fold_diagnostic,99,TRBUSDT,0.037908641908946765
T0644,F01,fold_diagnostic,24,ADAUSDT,0.06815295509444916
T0644,F02,fold_diagnostic,62,ZILUSDT,0.06353580937079951
T0644,F03,fold_diagnostic,80,VETUSDT,0.04425223340662159
T0644,F04,fold_diagnostic,93,LUNAUSDT,0.09771559694907576
T0644,F05,fold_diagnostic,98,BELUSDT,0.045383389903842164
T0644,F06,fold_diagnostic,85,DOGEUSDT,0.04187129963173311
T0644,F07,fold_diagnostic,97,OCEANUSDT,0.047815126171499474
T0644,F08,fold_diagnostic,99,TRBUSDT,0.05091228139545704
T0645,F01,fold_diagnostic,24,LINKUSDT,0.11745812827661688
T0645,F02,fold_diagnostic,62,KAVAUSDT,0.05201104014221686
T0645,F03,fold_diagnostic,80,SUSHIUSDT,0.07183713741987939
T0645,F04,fold_diagnostic,93,RUNEUSDT,0.03823633364066321
T0645,F05,fold_diagnostic,98,ANCUSDT,0.05267866803555989
T0645,F06,fold_diagnostic,85,HNTUSDT,0.04299570359064598
T0645,F07,fold_diagnostic,97,APTUSDT,0.04420414804464936
T0645,F08,fold_diagnostic,99,INJUSDT,0.03954005826968333
T0646,F01,fold_diagnostic,24,LTCUSDT,0.11837312393315702
T0646,F02,fold_diagnostic,62,ALGOUSDT,0.07490368527734521
T0646,F03,fold_diagnostic,80,SUSHIUSDT,0.06754056963434685
T0646,F04,fold_diagnostic,93,ALICEUSDT,0.06623884605936964
T0646,F05,fold_diagnostic,98,ANCUSDT,0.06672417561923753
T0646,F06,fold_diagnostic,85,RSRUSDT,0.05664889918707345
T0646,F07,fold_diagnostic,97,LDOUSDT,0.051071685212506816
T0646,F08,fold_diagnostic,99,LINKUSDT,0.04106271761983364
T0647,F01,fold_diagnostic,24,IOSTUSDT,0.10070778860033096
T0647,F02,fold_diagnostic,62,ADAUSDT,0.07034561439436605
T0647,F03,fold_diagnostic,80,SUSHIUSDT,0.07471184655956163
T0647,F04,fold_diagnostic,93,ALICEUSDT,0.053118122734657415
T0647,F05,fold_diagnostic,98,GALAUSDT,0.04940733790520954
T0647,F06,fold_diagnostic,85,FTMUSDT,0.04027913865326898
T0647,F07,fold_diagnostic,97,GRTUSDT,0.04394670682898085
T0647,F08,fold_diagnostic,99,INJUSDT,0.05231861300838707
T0648,F01,fold_diagnostic,24,LINKUSDT,0.12189606057021388
T0648,F02,fold_diagnostic,62,KAVAUSDT,0.060278022045362
T0648,F03,fold_diagnostic,80,SUSHIUSDT,0.06389096736146023
T0648,F04,fold_diagnostic,93,UNIUSDT,0.04138730682159223
T0648,F05,fold_diagnostic,98,ANCUSDT,0.05506000428725224
T0648,F06,fold_diagnostic,85,HNTUSDT,0.0524465336093595
T0648,F07,fold_diagnostic,97,NEARUSDT,0.04103209978079153
T0648,F08,fold_diagnostic,99,INJUSDT,0.039121327628660996
T0649,F01,fold_diagnostic,24,LTCUSDT,0.09965814572731924
T0649,F02,fold_diagnostic,62,ALGOUSDT,0.06604820127558099
T0649,F03,fold_diagnostic,80,SUSHIUSDT,0.0721272160908682
T0649,F04,fold_diagnostic,93,ALICEUSDT,0.060556473001740406
T0649,F05,fold_diagnostic,98,ANCUSDT,0.06779514604574553
T0649,F06,fold_diagnostic,85,RSRUSDT,0.04080870361351483
T0649,F07,fold_diagnostic,97,LDOUSDT,0.045783507030456215
T0649,F08,fold_diagnostic,99,LINKUSDT,0.03973617855195963
T0650,F01,fold_diagnostic,24,IOSTUSDT,0.12232291020844137
T0650,F02,fold_diagnostic,62,SUSHIUSDT,0.050985940536567846
T0650,F03,fold_diagnostic,80,SUSHIUSDT,0.07390366069318469
T0650,F04,fold_diagnostic,93,ALICEUSDT,0.05199804578191272
T0650,F05,fold_diagnostic,98,GALAUSDT,0.04647524116084526
T0650,F06,fold_diagnostic,85,RLCUSDT,0.0478122480152163
T0650,F07,fold_diagnostic,97,MANAUSDT,0.03990710509180758
T0650,F08,fold_diagnostic,99,INJUSDT,0.056622806519799375
T0651,F01,fold_diagnostic,24,VETUSDT,0.0900277673534345
T0651,F02,fold_diagnostic,62,THETAUSDT,0.04814295721095788
T0651,F03,fold_diagnostic,80,VETUSDT,0.03756905494397079
T0651,F04,fold_diagnostic,93,LUNAUSDT,0.027907913636756904
T0651,F05,fold_diagnostic,98,ANCUSDT,0.05089322181037803
T0651,F06,fold_diagnostic,85,ETCUSDT,0.03731830835196256
T0651,F07,fold_diagnostic,97,DYDXUSDT,0.03225294343053322
T0651,F08,fold_diagnostic,99,TRBUSDT,0.03724395215295761
T0652,F01,fold_diagnostic,24,VETUSDT,0.08375303336013618
T0652,F02,fold_diagnostic,62,SUSHIUSDT,0.04583024238940348
T0652,F03,fold_diagnostic,80,SOLUSDT,0.048399473613058
T0652,F04,fold_diagnostic,93,LUNAUSDT,0.049937533754332186
T0652,F05,fold_diagnostic,98,WAVESUSDT,0.0427090950252982
T0652,F06,fold_diagnostic,85,ATOMUSDT,0.04058507264109804
T0652,F07,fold_diagnostic,97,GRTUSDT,0.031613896749538024
T0652,F08,fold_diagnostic,99,TRBUSDT,0.07324881903522475
T0653,F01,fold_diagnostic,24,VETUSDT,0.10905358213963935
T0653,F02,fold_diagnostic,62,THETAUSDT,0.06387615067918889
T0653,F03,fold_diagnostic,80,DOGEUSDT,0.05177856804215592
T0653,F04,fold_diagnostic,93,LUNAUSDT,0.06119697175072658
T0653,F05,fold_diagnostic,98,ANCUSDT,0.04722640401742941
T0653,F06,fold_diagnostic,85,MATICUSDT,0.04173918370083946
T0653,F07,fold_diagnostic,97,GRTUSDT,0.03519605568304389
T0653,F08,fold_diagnostic,99,TRBUSDT,0.0845520745754409
T0654,F01,fold_diagnostic,24,ADAUSDT,0.07248775346061463
T0654,F02,fold_diagnostic,62,THETAUSDT,0.04551349746493332
T0654,F03,fold_diagnostic,80,SOLUSDT,0.03804531738259708
T0654,F04,fold_diagnostic,93,LUNAUSDT,0.037037347891544066
T0654,F05,fold_diagnostic,98,ETCUSDT,0.035688492528563466
T0654,F06,fold_diagnostic,85,SNXUSDT,0.036051623513768595
T0654,F07,fold_diagnostic,97,FILUSDT,0.03229904972548239
T0654,F08,fold_diagnostic,99,TRBUSDT,0.05084011053954994
T0655,F01,fold_diagnostic,24,VETUSDT,0.08330486499606252
T0655,F02,fold_diagnostic,62,THETAUSDT,0.05107453703869177
T0655,F03,fold_diagnostic,80,SOLUSDT,0.054016812179860575
T0655,F04,fold_diagnostic,93,LUNAUSDT,0.04789048566884356
T0655,F05,fold_diagnostic,98,ALICEUSDT,0.0400478673334991
T0655,F06,fold_diagnostic,85,MATICUSDT,0.05096665247480985
T0655,F07,fold_diagnostic,97,DYDXUSDT,0.03343587606044325
T0655,F08,fold_diagnostic,99,TRBUSDT,0.06398726455375746
T0656,F01,fold_diagnostic,24,VETUSDT,0.11169243350492639
T0656,F02,fold_diagnostic,62,THETAUSDT,0.07796209682021714
T0656,F03,fold_diagnostic,80,SOLUSDT,0.058702322241582346
T0656,F04,fold_diagnostic,93,LUNAUSDT,0.05112179093682119
T0656,F05,fold_diagnostic,98,ANCUSDT,0.03971779278359008
T0656,F06,fold_diagnostic,85,GMTUSDT,0.039957292487592666
T0656,F07,fold_diagnostic,97,INJUSDT,0.03893459701249518
T0656,F08,fold_diagnostic,99,TRBUSDT,0.0921741221314737
T0657,F01,fold_diagnostic,24,XLMUSDT,0.06478106775653356
T0657,F02,fold_diagnostic,62,LTCUSDT,0.03656225564228688
T0657,F03,fold_diagnostic,80,XLMUSDT,0.03808014048443152
T0657,F04,fold_diagnostic,93,LUNAUSDT,0.0349660949164265
T0657,F05,fold_diagnostic,98,ANCUSDT,0.06662730463559191
T0657,F06,fold_diagnostic,85,SNXUSDT,0.03804420318367691
T0657,F07,fold_diagnostic,97,SANDUSDT,0.028067305609230857
T0657,F08,fold_diagnostic,99,SOLUSDT,0.033869577999949003
T0658,F01,fold_diagnostic,24,ZECUSDT,0.07414938293115818
T0658,F02,fold_diagnostic,62,THETAUSDT,0.045501698970535624
T0658,F03,fold_diagnostic,80,FTMUSDT,0.0513459323325269
T0658,F04,fold_diagnostic,93,LUNAUSDT,0.06454095468742932
T0658,F05,fold_diagnostic,98,ANCUSDT,0.05944338086969907
T0658,F06,fold_diagnostic,85,SNXUSDT,0.05082179624945162
T0658,F07,fold_diagnostic,97,APEUSDT,0.029672276018379577
T0658,F08,fold_diagnostic,99,TRBUSDT,0.04942538106742918
T0659,F01,fold_diagnostic,24,ADAUSDT,0.1020859610417868
T0659,F02,fold_diagnostic,62,THETAUSDT,0.07021282197462625
T0659,F03,fold_diagnostic,80,DOGEUSDT,0.05960949632987674
T0659,F04,fold_diagnostic,93,LUNAUSDT,0.055025540404022424
T0659,F05,fold_diagnostic,98,SUSHIUSDT,0.04119293650858829
T0659,F06,fold_diagnostic,85,RLCUSDT,0.04207496620940714
T0659,F07,fold_diagnostic,97,MANAUSDT,0.03325043081495164
T0659,F08,fold_diagnostic,99,TRBUSDT,0.07032254194825112
T0660,F01,fold_diagnostic,24,BTCUSDT,0.0936658708291927
T0660,F02,fold_diagnostic,62,ETHUSDT,0.06259591686374771
T0660,F03,fold_diagnostic,80,DOGEUSDT,0.09276066165495758
T0660,F04,fold_diagnostic,93,FTMUSDT,0.054570336623595075
T0660,F05,fold_diagnostic,98,BELUSDT,0.05906837853581978
T0660,F06,fold_diagnostic,85,SNXUSDT,0.06024840825250807
T0660,F07,fold_diagnostic,97,INJUSDT,0.04022296173463169
T0660,F08,fold_diagnostic,99,TRBUSDT,0.1317475369025949
T0661,F01,fold_diagnostic,24,ADAUSDT,0.12335332104149642
T0661,F02,fold_diagnostic,62,THETAUSDT,0.05114707165730646
T0661,F03,fold_diagnostic,80,DOGEUSDT,0.12421687365859961
T0661,F04,fold_diagnostic,93,1000SHIBUSDT,0.06075427165274576
T0661,F05,fold_diagnostic,98,APEUSDT,0.03887519745792415
T0661,F06,fold_diagnostic,85,UNFIUSDT,0.04981155423221004
T0661,F07,fold_diagnostic,97,MASKUSDT,0.052416471856971195
T0661,F08,fold_diagnostic,99,TRBUSDT,0.13365627630200067
T0662,F01,fold_diagnostic,24,BATUSDT,0.08916894514641503
T0662,F02,fold_diagnostic,62,THETAUSDT,0.05846037592344748
T0662,F03,fold_diagnostic,80,DOGEUSDT,0.15248158637109413
T0662,F04,fold_diagnostic,93,SANDUSDT,0.06876939610404799
T0662,F05,fold_diagnostic,98,SUSHIUSDT,0.03861646262401731
T0662,F06,fold_diagnostic,85,MATICUSDT,0.051353278703466405
T0662,F07,fold_diagnostic,97,APTUSDT,0.048353972506997994
T0662,F08,fold_diagnostic,99,TRBUSDT,0.1195696454318025
T0663,F01,fold_diagnostic,24,VETUSDT,0.11960456387064577
T0663,F02,fold_diagnostic,62,ADAUSDT,0.06669003499932799
T0663,F03,fold_diagnostic,80,DOGEUSDT,0.13846329489889705
T0663,F04,fold_diagnostic,93,1000SHIBUSDT,0.06351401693428323
T0663,F05,fold_diagnostic,98,AXSUSDT,0.058838440705572426
T0663,F06,fold_diagnostic,85,MASKUSDT,0.045177510125770065
T0663,F07,fold_diagnostic,97,SOLUSDT,0.046426968646297265
T0663,F08,fold_diagnostic,99,TRBUSDT,0.13840817168887573
T0664,F01,fold_diagnostic,24,LINKUSDT,0.1061330882042858
T0664,F02,fold_diagnostic,62,XRPUSDT,0.05455236286897066
T0664,F03,fold_diagnostic,80,DOGEUSDT,0.1618017706461666
T0664,F04,fold_diagnostic,93,1000SHIBUSDT,0.055423299390440744
T0664,F05,fold_diagnostic,98,RUNEUSDT,0.07429893019798696
T0664,F06,fold_diagnostic,85,MATICUSDT,0.05697057832133635
T0664,F07,fold_diagnostic,97,GALAUSDT,0.04731386940773007
T0664,F08,fold_diagnostic,99,TRBUSDT,0.09387456044455676
T0665,F01,fold_diagnostic,24,ETHUSDT,0.12109796948266789
T0665,F02,fold_diagnostic,62,ZILUSDT,0.05756624923940303
T0665,F03,fold_diagnostic,80,DOGEUSDT,0.20976278950722965
T0665,F04,fold_diagnostic,93,SANDUSDT,0.0871011485272848
T0665,F05,fold_diagnostic,98,RUNEUSDT,0.03969680823481955
T0665,F06,fold_diagnostic,85,ETCUSDT,0.06064806536695473
T0665,F07,fold_diagnostic,97,BCHUSDT,0.04512379035037144
T0665,F08,fold_diagnostic,99,TRBUSDT,0.12529843036505334
T0666,F01,fold_diagnostic,24,ATOMUSDT,0.102917167943896
T0666,F02,fold_diagnostic,61,XRPUSDT,0.05634524503016703
T0666,F03,fold_diagnostic,78,DOGEUSDT,0.1314500372728217
T0666,F04,fold_diagnostic,93,1000SHIBUSDT,0.15778164888476126
T0666,F05,fold_diagnostic,93,RUNEUSDT,0.04641248493918342
T0666,F06,fold_diagnostic,83,ETCUSDT,0.07714950612995972
T0666,F07,fold_diagnostic,95,GALAUSDT,0.053230187457949316
T0666,F08,fold_diagnostic,99,TRBUSDT,0.1506262491373765
T0667,F01,fold_diagnostic,24,XLMUSDT,0.11928230923371143
T0667,F02,fold_diagnostic,61,LINKUSDT,0.060018255843964974
T0667,F03,fold_diagnostic,78,DOGEUSDT,0.16792270381187058
T0667,F04,fold_diagnostic,93,1000SHIBUSDT,0.10052472908115985
T0667,F05,fold_diagnostic,93,ADAUSDT,0.04735674111838218
T0667,F06,fold_diagnostic,83,ETCUSDT,0.08529272972255175
T0667,F07,fold_diagnostic,95,GALAUSDT,0.05452047645357744
T0667,F08,fold_diagnostic,99,TRBUSDT,0.16524503031972232
T0668,F01,fold_diagnostic,24,ADAUSDT,0.13317204057432092
T0668,F02,fold_diagnostic,61,XRPUSDT,0.051832933972917716
T0668,F03,fold_diagnostic,78,DOGEUSDT,0.2485266188032574
T0668,F04,fold_diagnostic,93,1000SHIBUSDT,0.12047826948424982
T0668,F05,fold_diagnostic,93,AXSUSDT,0.0469408322282469
T0668,F06,fold_diagnostic,83,ETCUSDT,0.09185324292754016
T0668,F07,fold_diagnostic,95,OPUSDT,0.06585095337350802
T0668,F08,fold_diagnostic,99,TRBUSDT,0.1196202100987993
T0669,F01,fold_diagnostic,24,VETUSDT,0.12425546799337549
T0669,F02,fold_diagnostic,62,ZILUSDT,0.059012524689315844
T0669,F03,fold_diagnostic,79,VETUSDT,0.054365729154833245
T0669,F04,fold_diagnostic,90,SANDUSDT,0.053766098640658476
T0669,F05,fold_diagnostic,98,ANCUSDT,0.09998723165818539
T0669,F06,fold_diagnostic,84,DOGEUSDT,0.07018596347446537
T0669,F07,fold_diagnostic,97,DYDXUSDT,0.06368500440375918
T0669,F08,fold_diagnostic,98,TRBUSDT,0.055918876592667685
T0670,F01,fold_diagnostic,24,ADAUSDT,0.12301340793740256
T0670,F02,fold_diagnostic,62,ZILUSDT,0.041849357318299814
T0670,F03,fold_diagnostic,79,SOLUSDT,0.05155575256557857
T0670,F04,fold_diagnostic,90,1000SHIBUSDT,0.07632431052537396
T0670,F05,fold_diagnostic,98,ANCUSDT,0.07085031670123272
T0670,F06,fold_diagnostic,84,ETHUSDT,0.05136053279947442
T0670,F07,fold_diagnostic,97,INJUSDT,0.058265424659970685
T0670,F08,fold_diagnostic,98,TRBUSDT,0.08722678842154037
T0671,F01,fold_diagnostic,24,XLMUSDT,0.13728496627480197
T0671,F02,fold_diagnostic,62,THETAUSDT,0.07405101625920626
T0671,F03,fold_diagnostic,79,VETUSDT,0.0454319487077509
T0671,F04,fold_diagnostic,90,1000SHIBUSDT,0.07767278171294534
T0671,F05,fold_diagnostic,98,ANCUSDT,0.11189326769112976
T0671,F06,fold_diagnostic,84,OPUSDT,0.052837558016888345
T0671,F07,fold_diagnostic,97,INJUSDT,0.06282953443373501
T0671,F08,fold_diagnostic,98,TRBUSDT,0.1100149230863996
T0672,F01,fold_diagnostic,24,ETHUSDT,0.07987340003562518
T0672,F02,fold_diagnostic,62,ATOMUSDT,0.041714076387583725
T0672,F03,fold_diagnostic,80,DOGEUSDT,0.04870513133782058
T0672,F04,fold_diagnostic,93,LUNAUSDT,0.03773847367837822
T0672,F05,fold_diagnostic,98,ANCUSDT,0.05044622382498402
T0672,F06,fold_diagnostic,85,ETHUSDT,0.03635306349979925
T0672,F07,fold_diagnostic,97,SANDUSDT,0.03311479939743038
T0672,F08,fold_diagnostic,99,TRBUSDT,0.04210979656221705
T0673,F01,fold_diagnostic,24,LINKUSDT,0.12018899341394988
T0673,F02,fold_diagnostic,62,THETAUSDT,0.06310050180049023
T0673,F03,fold_diagnostic,80,DOGEUSDT,0.05710937175726833
T0673,F04,fold_diagnostic,93,LUNAUSDT,0.049539528300772025
T0673,F05,fold_diagnostic,98,AVAXUSDT,0.031668028125834274
T0673,F06,fold_diagnostic,85,RLCUSDT,0.039356736707958806
T0673,F07,fold_diagnostic,97,MASKUSDT,0.046930031731103244
T0673,F08,fold_diagnostic,99,TRBUSDT,0.07465148477564076
T0674,F01,fold_diagnostic,24,ZECUSDT,0.08538018184041882
T0674,F02,fold_diagnostic,62,THETAUSDT,0.06362349633416016
T0674,F03,fold_diagnostic,80,DOGEUSDT,0.07659926247832514
T0674,F04,fold_diagnostic,93,LUNAUSDT,0.07710657706078711
T0674,F05,fold_diagnostic,98,ANCUSDT,0.0429885821798229
T0674,F06,fold_diagnostic,85,SUSHIUSDT,0.04670233970459195
T0674,F07,fold_diagnostic,97,SOLUSDT,0.03321752983406704
T0674,F08,fold_diagnostic,99,TRBUSDT,0.08730544584098088
T0675,F01,fold_diagnostic,24,VETUSDT,0.16245301768497677
T0675,F02,fold_diagnostic,62,THETAUSDT,0.050766420244656545
T0675,F03,fold_diagnostic,80,DOGEUSDT,0.0522176806277054
T0675,F04,fold_diagnostic,93,DOGEUSDT,0.047440431213923516
T0675,F05,fold_diagnostic,98,ANCUSDT,0.0939815984853995
T0675,F06,fold_diagnostic,85,SOLUSDT,0.06400144537086387
T0675,F07,fold_diagnostic,97,GALAUSDT,0.04122477171442156
T0675,F08,fold_diagnostic,99,OPUSDT,0.03411360774275824
T0676,F01,fold_diagnostic,24,ETCUSDT,0.1086347108165935
T0676,F02,fold_diagnostic,62,THETAUSDT,0.04033351766168733
T0676,F03,fold_diagnostic,80,SOLUSDT,0.04691820964067216
T0676,F04,fold_diagnostic,93,1000SHIBUSDT,0.11355520543316956
T0676,F05,fold_diagnostic,98,ANCUSDT,0.061969239964930985
T0676,F06,fold_diagnostic,85,ATOMUSDT,0.05408787872253505
T0676,F07,fold_diagnostic,97,MASKUSDT,0.051113081616765366
T0676,F08,fold_diagnostic,99,TRBUSDT,0.05634779478585085
T0677,F01,fold_diagnostic,24,NEOUSDT,0.09339306041136505
T0677,F02,fold_diagnostic,62,YFIUSDT,0.053970133732896344
T0677,F03,fold_diagnostic,80,SOLUSDT,0.049195903702193594
T0677,F04,fold_diagnostic,93,1000SHIBUSDT,0.08409575138059164
T0677,F05,fold_diagnostic,98,ANCUSDT,0.053835134065018206
T0677,F06,fold_diagnostic,85,AAVEUSDT,0.04694660650810938
T0677,F07,fold_diagnostic,97,MASKUSDT,0.05557134375420866
T0677,F08,fold_diagnostic,99,TRBUSDT,0.060044451678447526
T0678,F01,fold_diagnostic,24,TRXUSDT,0.09264415573676738
T0678,F02,fold_diagnostic,62,EOSUSDT,0.04506014237676349
T0678,F03,fold_diagnostic,80,SXPUSDT,0.049394267850434145
T0678,F04,fold_diagnostic,93,AVAXUSDT,0.03400515708022139
T0678,F05,fold_diagnostic,98,AXSUSDT,0.0485860849070526
T0678,F06,fold_diagnostic,85,HNTUSDT,0.04909600314617181
T0678,F07,fold_diagnostic,97,ATOMUSDT,0.030228787023732044
T0678,F08,fold_diagnostic,99,DYDXUSDT,0.03886796751665588
T0679,F01,fold_diagnostic,24,ETCUSDT,0.09939295703593196
T0679,F02,fold_diagnostic,62,RUNEUSDT,0.04827119356778451
T0679,F03,fold_diagnostic,80,SXPUSDT,0.05147226870516695
T0679,F04,fold_diagnostic,93,RUNEUSDT,0.041551243414003486
T0679,F05,fold_diagnostic,98,GALAUSDT,0.04145400730428572
T0679,F06,fold_diagnostic,85,SOLUSDT,0.06019272780002915
T0679,F07,fold_diagnostic,97,ETCUSDT,0.03457466894319524
T0679,F08,fold_diagnostic,99,DYDXUSDT,0.037737671353036135
T0680,F01,fold_diagnostic,24,BATUSDT,0.06107688317553976
T0680,F02,fold_diagnostic,62,RUNEUSDT,0.05412879139339559
T0680,F03,fold_diagnostic,80,SOLUSDT,0.05360405216288397
T0680,F04,fold_diagnostic,93,FTMUSDT,0.05571211498114377
T0680,F05,fold_diagnostic,98,LRCUSDT,0.03559365199120558
T0680,F06,fold_diagnostic,85,SOLUSDT,0.04278845301579943
T0680,F07,fold_diagnostic,97,MASKUSDT,0.03379452875250698
T0680,F08,fold_diagnostic,99,TRBUSDT,0.043698464563189134
T0681,F01,fold_diagnostic,24,ADAUSDT,0.06841621049447585
T0681,F02,fold_diagnostic,62,VETUSDT,0.04537136249110111
T0681,F03,fold_diagnostic,80,DOGEUSDT,0.05962713071334326
T0681,F04,fold_diagnostic,93,LUNAUSDT,0.043207186719383464
T0681,F05,fold_diagnostic,98,BELUSDT,0.04090949492428784
T0681,F06,fold_diagnostic,85,MATICUSDT,0.03774455087685871
T0681,F07,fold_diagnostic,97,APTUSDT,0.028095274222077124
T0681,F08,fold_diagnostic,99,TRBUSDT,0.05775525156404527
T0682,F01,fold_diagnostic,24,IOSTUSDT,0.0963018091857516
T0682,F02,fold_diagnostic,62,THETAUSDT,0.05260220163106293
T0682,F03,fold_diagnostic,80,DOGEUSDT,0.10468632497488715
T0682,F04,fold_diagnostic,93,SANDUSDT,0.06058899853860675
T0682,F05,fold_diagnostic,98,ALGOUSDT,0.05374088450932765
T0682,F06,fold_diagnostic,85,FLMUSDT,0.045682821375759707
T0682,F07,fold_diagnostic,97,BCHUSDT,0.03589492352458038
T0682,F08,fold_diagnostic,99,TRBUSDT,0.09838300849544465
T0683,F01,fold_diagnostic,24,ADAUSDT,0.11291743000496915
T0683,F02,fold_diagnostic,62,THETAUSDT,0.06124209759472056
T0683,F03,fold_diagnostic,80,DOGEUSDT,0.10981230453958211
T0683,F04,fold_diagnostic,93,SANDUSDT,0.07575823791525331
T0683,F05,fold_diagnostic,98,BCHUSDT,0.034568682208229486
T0683,F06,fold_diagnostic,85,MATICUSDT,0.04522276270509672
T0683,F07,fold_diagnostic,97,APTUSDT,0.04011997114052612
T0683,F08,fold_diagnostic,99,TRBUSDT,0.10163462290276419
T0684,F01,fold_diagnostic,24,XLMUSDT,0.06399809812696085
T0684,F02,fold_diagnostic,62,ZILUSDT,0.04368833928739053
T0684,F03,fold_diagnostic,80,DOGEUSDT,0.061058972000925305
T0684,F04,fold_diagnostic,93,LUNAUSDT,0.04017076323811989
T0684,F05,fold_diagnostic,98,ANCUSDT,0.0383253813786779
T0684,F06,fold_diagnostic,85,CRVUSDT,0.03733348053875171
T0684,F07,fold_diagnostic,97,DYDXUSDT,0.026086807290774696
T0684,F08,fold_diagnostic,99,TRBUSDT,0.041689719394750524
T0685,F01,fold_diagnostic,24,VETUSDT,0.07734848666806343
T0685,F02,fold_diagnostic,62,THETAUSDT,0.0697568714782483
T0685,F03,fold_diagnostic,80,DOGEUSDT,0.07512571886871634
T0685,F04,fold_diagnostic,93,LUNAUSDT,0.05499072283228265
T0685,F05,fold_diagnostic,98,ANCUSDT,0.048074211182759896
T0685,F06,fold_diagnostic,85,DOGEUSDT,0.04961390132460055
T0685,F07,fold_diagnostic,97,INJUSDT,0.03605055235279866
T0685,F08,fold_diagnostic,99,TRBUSDT,0.07271165764993605
T0686,F01,fold_diagnostic,24,ADAUSDT,0.11193532352530822
T0686,F02,fold_diagnostic,62,THETAUSDT,0.06527498168741926
T0686,F03,fold_diagnostic,80,DOGEUSDT,0.07825218553436343
T0686,F04,fold_diagnostic,93,LUNAUSDT,0.054169911059007196
T0686,F05,fold_diagnostic,98,SUSHIUSDT,0.04205753716728748
T0686,F06,fold_diagnostic,85,MATICUSDT,0.03934439615622878
T0686,F07,fold_diagnostic,97,INJUSDT,0.04431886116837176
T0686,F08,fold_diagnostic,99,TRBUSDT,0.09577348108644315
T0687,F01,fold_diagnostic,24,VETUSDT,0.07621213432026176
T0687,F02,fold_diagnostic,62,THETAUSDT,0.03903877210535799
T0687,F03,fold_diagnostic,80,DOGEUSDT,0.04388926165975817
T0687,F04,fold_diagnostic,93,FTMUSDT,0.03903505245218877
T0687,F05,fold_diagnostic,98,ANCUSDT,0.05094377977122241
T0687,F06,fold_diagnostic,85,LINKUSDT,0.030867012926405084
T0687,F07,fold_diagnostic,97,GMTUSDT,0.035943323835130096
T0687,F08,fold_diagnostic,99,TRBUSDT,0.030676678674379135
T0688,F01,fold_diagnostic,24,ADAUSDT,0.10867930925236179
T0688,F02,fold_diagnostic,62,THETAUSDT,0.06697101500089742
T0688,F03,fold_diagnostic,80,DOGEUSDT,0.0555023856906316
T0688,F04,fold_diagnostic,93,SOLUSDT,0.04460529255782808
T0688,F05,fold_diagnostic,98,GALAUSDT,0.03960115008296812
T0688,F06,fold_diagnostic,85,APEUSDT,0.04626506998478202
T0688,F07,fold_diagnostic,97,MASKUSDT,0.03181171109856079
T0688,F08,fold_diagnostic,99,TRBUSDT,0.050129687365831656
T0689,F01,fold_diagnostic,24,ADAUSDT,0.10150547597717144
T0689,F02,fold_diagnostic,62,THETAUSDT,0.06898686032171181
T0689,F03,fold_diagnostic,80,DOGEUSDT,0.07718955938650313
T0689,F04,fold_diagnostic,93,SANDUSDT,0.0657544658962695
T0689,F05,fold_diagnostic,98,SUSHIUSDT,0.037299036716872354
T0689,F06,fold_diagnostic,85,UNFIUSDT,0.04327140293614015
T0689,F07,fold_diagnostic,97,GRTUSDT,0.03318080980704609
T0689,F08,fold_diagnostic,99,TRBUSDT,0.06944062291837062
T0690,F01,fold_diagnostic,24,BATUSDT,0.08791576936253132
T0690,F02,fold_diagnostic,62,THETAUSDT,0.06289758257202245
T0690,F03,fold_diagnostic,80,DOGEUSDT,0.04612909798979257
T0690,F04,fold_diagnostic,93,LUNAUSDT,0.05403625502968217
T0690,F05,fold_diagnostic,98,ANCUSDT,0.06561158162985703
T0690,F06,fold_diagnostic,86,CRVUSDT,0.04238549297717926
T0690,F07,fold_diagnostic,97,LDOUSDT,0.04624668586879797
T0690,F08,fold_diagnostic,99,TRBUSDT,0.047183944687226115
T0691,F01,fold_diagnostic,24,TRXUSDT,0.10056423058358971
T0691,F02,fold_diagnostic,62,THETAUSDT,0.08360456831878492
T0691,F03,fold_diagnostic,80,DOGEUSDT,0.0688960715717253
T0691,F04,fold_diagnostic,93,GALAUSDT,0.0931988900416434
T0691,F05,fold_diagnostic,98,ANCUSDT,0.05511109643341629
T0691,F06,fold_diagnostic,86,SNXUSDT,0.045091076691489464
T0691,F07,fold_diagnostic,97,TOMOUSDT,0.054921331934452505
T0691,F08,fold_diagnostic,99,TRBUSDT,0.07610947492603508
T0692,F01,fold_diagnostic,24,IOSTUSDT,0.11101868039087781
T0692,F02,fold_diagnostic,62,THETAUSDT,0.07474541253752186
T0692,F03,fold_diagnostic,80,DOGEUSDT,0.08781428224458515
T0692,F04,fold_diagnostic,93,LUNAUSDT,0.06812438267060253
T0692,F05,fold_diagnostic,98,ANCUSDT,0.05210285720201279
T0692,F06,fold_diagnostic,86,SNXUSDT,0.03810124708027687
T0692,F07,fold_diagnostic,97,GRTUSDT,0.04550388939269168
T0692,F08,fold_diagnostic,99,TRBUSDT,0.09984981679086428
T0693,F01,fold_diagnostic,24,ADAUSDT,0.08981943678562937
T0693,F02,fold_diagnostic,62,ADAUSDT,0.04577385785608683
T0693,F03,fold_diagnostic,80,DOGEUSDT,0.045700050008295356
T0693,F04,fold_diagnostic,91,SANDUSDT,0.04300918001665417
T0693,F05,fold_diagnostic,95,AAVEUSDT,0.04007534266567445
T0693,F06,fold_diagnostic,86,LTCUSDT,0.050731154085710016
T0693,F07,fold_diagnostic,96,FILUSDT,0.03391269366000258
T0693,F08,fold_diagnostic,99,DYDXUSDT,0.031533712845293084
T0694,F01,fold_diagnostic,24,VETUSDT,0.08746763370343086
T0694,F02,fold_diagnostic,62,LTCUSDT,0.0463752542974582
T0694,F03,fold_diagnostic,80,DOGEUSDT,0.09424984193880363
T0694,F04,fold_diagnostic,91,SANDUSDT,0.05314185302454342
T0694,F05,fold_diagnostic,95,GALAUSDT,0.03450755733678334
T0694,F06,fold_diagnostic,86,UNFIUSDT,0.04450683285550999
T0694,F07,fold_diagnostic,96,GRTUSDT,0.03939661560722205
T0694,F08,fold_diagnostic,99,RUNEUSDT,0.031593428918941915
T0695,F01,fold_diagnostic,24,VETUSDT,0.1012949825244596
T0695,F02,fold_diagnostic,62,RUNEUSDT,0.04344064391262067
T0695,F03,fold_diagnostic,80,DOGEUSDT,0.14188049518343648
T0695,F04,fold_diagnostic,91,1000SHIBUSDT,0.07484648749717884
T0695,F05,fold_diagnostic,95,SUSHIUSDT,0.03605120251648066
T0695,F06,fold_diagnostic,86,UNFIUSDT,0.050061315245611256
T0695,F07,fold_diagnostic,96,GRTUSDT,0.03777081422861282
T0695,F08,fold_diagnostic,99,TRBUSDT,0.050291334062023
T0696,F01,fold_diagnostic,24,ETCUSDT,0.10622484801019492
T0696,F02,fold_diagnostic,54,ETHUSDT,0.07829834533246816
T0696,F03,fold_diagnostic,66,ADAUSDT,0.05930026653426955
T0696,F04,fold_diagnostic,66,LTCUSDT,0.06357851093818215
T0696,F05,fold_diagnostic,2,AAVEUSDT,0.6813730772158922
T0696,F06,fold_diagnostic,2,JASMYUSDT,0.5616784734753495
T0696,F07,fold_diagnostic,37,OPUSDT,0.11495152337853969
T0696,F08,fold_diagnostic,70,ZRXUSDT,0.06955265955431966
T0697,F01,fold_diagnostic,24,IOSTUSDT,0.111769027848416
T0697,F02,fold_diagnostic,54,XLMUSDT,0.08589754981350245
T0697,F03,fold_diagnostic,66,ETCUSDT,0.06387814722887282
T0697,F04,fold_diagnostic,66,1000SHIBUSDT,0.05064452811832458
T0697,F05,fold_diagnostic,2,ENSUSDT,0.502593253834036
T0697,F06,fold_diagnostic,2,TRBUSDT,0.5146256046627007
T0697,F07,fold_diagnostic,37,1000LUNCUSDT,0.09823376299897212
T0697,F08,fold_diagnostic,70,ZRXUSDT,0.06301220740925206
T0698,F01,fold_diagnostic,24,BTCUSDT,0.08930256283307192
T0698,F02,fold_diagnostic,54,XRPUSDT,0.08488955329984421
T0698,F03,fold_diagnostic,66,YFIUSDT,0.06950763544208587
T0698,F04,fold_diagnostic,66,ONEUSDT,0.060774528203624945
T0698,F05,fold_diagnostic,2,ENSUSDT,0.7960829814120828
T0698,F06,fold_diagnostic,2,TRBUSDT,0.8755194403022001
T0698,F07,fold_diagnostic,37,1000LUNCUSDT,0.09396197713660269
T0698,F08,fold_diagnostic,70,INJUSDT,0.06134597812772832
T0699,F01,fold_diagnostic,24,ADAUSDT,0.08676089283947214
T0699,F02,fold_diagnostic,62,XMRUSDT,0.04807930726472878
T0699,F03,fold_diagnostic,80,FTMUSDT,0.048610057421622395
T0699,F04,fold_diagnostic,93,ALICEUSDT,0.046061531274309474
T0699,F05,fold_diagnostic,98,CRVUSDT,0.038976228148483505
T0699,F06,fold_diagnostic,86,ETCUSDT,0.04732804130561856
T0699,F07,fold_diagnostic,97,MASKUSDT,0.032557790334828404
T0699,F08,fold_diagnostic,99,STMXUSDT,0.04616022608864828
T0700,F01,fold_diagnostic,24,ONTUSDT,0.09478345822462457
T0700,F02,fold_diagnostic,62,VETUSDT,0.05104722202750484
T0700,F03,fold_diagnostic,80,DOGEUSDT,0.2110177049770543
T0700,F04,fold_diagnostic,93,FTMUSDT,0.03468741434025463
T0700,F05,fold_diagnostic,98,ANCUSDT,0.05266934797074993
T0700,F06,fold_diagnostic,86,XRPUSDT,0.03820841154250779
T0700,F07,fold_diagnostic,97,LDOUSDT,0.042439847119788654
T0700,F08,fold_diagnostic,99,TRBUSDT,0.054273760631154924
T0701,F01,fold_diagnostic,24,QTUMUSDT,0.08976680323956358
T0701,F02,fold_diagnostic,62,BCHUSDT,0.04196200116664024
T0701,F03,fold_diagnostic,80,DOGEUSDT,0.05172140313986669
T0701,F04,fold_diagnostic,93,ALICEUSDT,0.04867161077351468
T0701,F05,fold_diagnostic,98,ANCUSDT,0.056305631303784874
T0701,F06,fold_diagnostic,86,ATOMUSDT,0.04907650617954983
T0701,F07,fold_diagnostic,97,MASKUSDT,0.05165349999054768
T0701,F08,fold_diagnostic,99,WLDUSDT,0.06551857744392713
T0702,F01,fold_diagnostic,24,IOTAUSDT,0.07825417003205
T0702,F02,fold_diagnostic,62,BCHUSDT,0.046936595897707475
T0702,F03,fold_diagnostic,80,UNIUSDT,0.051936442807522964
T0702,F04,fold_diagnostic,93,AVAXUSDT,0.04172432804315936
T0702,F05,fold_diagnostic,98,SOLUSDT,0.035614755099025494
T0702,F06,fold_diagnostic,86,REEFUSDT,0.050090347401498175
T0702,F07,fold_diagnostic,97,INJUSDT,0.03934006416910335
T0702,F08,fold_diagnostic,98,WLDUSDT,0.059906149453478635
T0703,F01,fold_diagnostic,24,ATOMUSDT,0.09135689903466679
T0703,F02,fold_diagnostic,60,CRVUSDT,0.054658638528110884
T0703,F03,fold_diagnostic,75,DENTUSDT,0.050981853658683234
T0703,F04,fold_diagnostic,83,RUNEUSDT,0.0762094544781379
T0703,F05,fold_diagnostic,94,ANCUSDT,0.06238430570059327
T0703,F06,fold_diagnostic,86,AVAXUSDT,0.03566410316389387
T0703,F07,fold_diagnostic,94,SOLUSDT,0.04363238319200492
T0703,F08,fold_diagnostic,87,SUIUSDT,0.035507445518385805
T0704,F01,fold_diagnostic,24,ATOMUSDT,0.1361899018073433
T0704,F02,fold_diagnostic,60,CRVUSDT,0.06101671080066703
T0704,F03,fold_diagnostic,74,AAVEUSDT,0.05502239384170126
T0704,F04,fold_diagnostic,83,ALICEUSDT,0.07866309248214008
T0704,F05,fold_diagnostic,94,ANCUSDT,0.05747673727571759
T0704,F06,fold_diagnostic,86,CRVUSDT,0.03764473466148438
T0704,F07,fold_diagnostic,94,SOLUSDT,0.047802511059733224
T0704,F08,fold_diagnostic,87,XRPUSDT,0.05113352512048556
T0705,F01,fold_diagnostic,24,ADAUSDT,0.08676089283947214
T0705,F02,fold_diagnostic,62,XMRUSDT,0.04807930726472878
T0705,F03,fold_diagnostic,80,FTMUSDT,0.048610057421622395
T0705,F04,fold_diagnostic,93,ALICEUSDT,0.046061531274309474
T0705,F05,fold_diagnostic,98,CRVUSDT,0.038976228148483505
T0705,F06,fold_diagnostic,86,ETCUSDT,0.04732804130561856
T0705,F07,fold_diagnostic,97,MASKUSDT,0.032557790334828404
T0705,F08,fold_diagnostic,99,STMXUSDT,0.04616022608864828
T0706,F01,fold_diagnostic,24,ONTUSDT,0.09478345822462457
T0706,F02,fold_diagnostic,62,VETUSDT,0.05104722202750484
T0706,F03,fold_diagnostic,80,DOGEUSDT,0.2110177049770543
T0706,F04,fold_diagnostic,93,FTMUSDT,0.03468741434025463
T0706,F05,fold_diagnostic,98,ANCUSDT,0.05266934797074993
T0706,F06,fold_diagnostic,86,XRPUSDT,0.03820841154250779
T0706,F07,fold_diagnostic,97,LDOUSDT,0.042439847119788654
T0706,F08,fold_diagnostic,99,TRBUSDT,0.054273760631154924
T0707,F01,fold_diagnostic,24,QTUMUSDT,0.08976680323956358
T0707,F02,fold_diagnostic,62,BCHUSDT,0.04196200116664024
T0707,F03,fold_diagnostic,80,DOGEUSDT,0.05172140313986669
T0707,F04,fold_diagnostic,93,ALICEUSDT,0.04867161077351468
T0707,F05,fold_diagnostic,98,ANCUSDT,0.056305631303784874
T0707,F06,fold_diagnostic,86,ATOMUSDT,0.04907650617954983
T0707,F07,fold_diagnostic,97,MASKUSDT,0.05165349999054768
T0707,F08,fold_diagnostic,99,WLDUSDT,0.06551857744392713
T0708,F01,fold_diagnostic,24,IOTAUSDT,0.07825417003205
T0708,F02,fold_diagnostic,62,BCHUSDT,0.046936595897707475
T0708,F03,fold_diagnostic,80,UNIUSDT,0.051936442807522964
T0708,F04,fold_diagnostic,93,AVAXUSDT,0.04172432804315936
T0708,F05,fold_diagnostic,98,SOLUSDT,0.035614755099025494
T0708,F06,fold_diagnostic,86,REEFUSDT,0.050090347401498175
T0708,F07,fold_diagnostic,97,INJUSDT,0.03934006416910335
T0708,F08,fold_diagnostic,98,WLDUSDT,0.059906149453478635
T0709,F01,fold_diagnostic,24,ATOMUSDT,0.09135689903466679
T0709,F02,fold_diagnostic,60,CRVUSDT,0.054658638528110884
T0709,F03,fold_diagnostic,75,DENTUSDT,0.050981853658683234
T0709,F04,fold_diagnostic,83,RUNEUSDT,0.0762094544781379
T0709,F05,fold_diagnostic,94,ANCUSDT,0.06238430570059327
T0709,F06,fold_diagnostic,86,AVAXUSDT,0.03566410316389387
T0709,F07,fold_diagnostic,94,SOLUSDT,0.04363238319200492
T0709,F08,fold_diagnostic,87,SUIUSDT,0.035507445518385805
T0710,F01,fold_diagnostic,24,ATOMUSDT,0.1361899018073433
T0710,F02,fold_diagnostic,60,CRVUSDT,0.06101671080066703
T0710,F03,fold_diagnostic,74,AAVEUSDT,0.05502239384170126
T0710,F04,fold_diagnostic,83,ALICEUSDT,0.07866309248214008
T0710,F05,fold_diagnostic,94,ANCUSDT,0.05747673727571759
T0710,F06,fold_diagnostic,86,CRVUSDT,0.03764473466148438
T0710,F07,fold_diagnostic,94,SOLUSDT,0.047802511059733224
T0710,F08,fold_diagnostic,87,XRPUSDT,0.05113352512048556
T0711,F01,fold_diagnostic,24,XLMUSDT,0.08846100528835756
T0711,F02,fold_diagnostic,62,THETAUSDT,0.09100764287618897
T0711,F03,fold_diagnostic,80,DOGEUSDT,0.05096230504018867
T0711,F04,fold_diagnostic,93,ATOMUSDT,0.04148978435929372
T0711,F05,fold_diagnostic,98,ANCUSDT,0.05817012028498856
T0711,F06,fold_diagnostic,86,SNXUSDT,0.04670343076025714
T0711,F07,fold_diagnostic,97,DOGEUSDT,0.03376200286343541
T0711,F08,fold_diagnostic,99,WLDUSDT,0.06391001296043487
T0712,F01,fold_diagnostic,24,QTUMUSDT,0.08143014209555491
T0712,F02,fold_diagnostic,62,THETAUSDT,0.04544336318594548
T0712,F03,fold_diagnostic,80,SOLUSDT,0.052358659430186326
T0712,F04,fold_diagnostic,93,LUNAUSDT,0.06555945297177962
T0712,F05,fold_diagnostic,98,ANCUSDT,0.05543938629749361
T0712,F06,fold_diagnostic,86,RLCUSDT,0.04975523839731555
T0712,F07,fold_diagnostic,97,SANDUSDT,0.046404077674146914
T0712,F08,fold_diagnostic,99,TRBUSDT,0.054823924946743825
T0713,F01,fold_diagnostic,24,IOSTUSDT,0.11109193097774292
T0713,F02,fold_diagnostic,62,ADAUSDT,0.05090964385938946
T0713,F03,fold_diagnostic,80,SOLUSDT,0.06424103258144569
T0713,F04,fold_diagnostic,93,LUNAUSDT,0.05155134402013476
T0713,F05,fold_diagnostic,97,CELRUSDT,0.04912444949719206
T0713,F06,fold_diagnostic,86,DOTUSDT,0.035876081467659686
T0713,F07,fold_diagnostic,97,APTUSDT,0.03769468519959704
T0713,F08,fold_diagnostic,99,TRBUSDT,0.04161696061417724
T0714,F01,fold_diagnostic,24,BATUSDT,0.08111384868259273
T0714,F02,fold_diagnostic,62,SUSHIUSDT,0.04836538339062156
T0714,F03,fold_diagnostic,80,DOGEUSDT,0.19685219580316152
T0714,F04,fold_diagnostic,93,LUNAUSDT,0.06572271643322793
T0714,F05,fold_diagnostic,97,ANCUSDT,0.07459069456119997
T0714,F06,fold_diagnostic,86,WAVESUSDT,0.04780717537191404
T0714,F07,fold_diagnostic,97,SANDUSDT,0.0362482765341647
T0714,F08,fold_diagnostic,99,TRBUSDT,0.04898171219554262
T0715,F01,fold_diagnostic,24,DASHUSDT,0.08750246599692467
T0715,F02,fold_diagnostic,62,ZILUSDT,0.04356902231615667
T0715,F03,fold_diagnostic,80,VETUSDT,0.04765891907481794
T0715,F04,fold_diagnostic,93,LUNAUSDT,0.04944337807329732
T0715,F05,fold_diagnostic,98,ANCUSDT,0.05882216141535196
T0715,F06,fold_diagnostic,85,UNFIUSDT,0.06202053173634672
T0715,F07,fold_diagnostic,97,INJUSDT,0.043767032139803534
T0715,F08,fold_diagnostic,99,TRBUSDT,0.061105708707419056
T0716,F01,fold_diagnostic,24,VETUSDT,0.07421718289967115
T0716,F02,fold_diagnostic,62,VETUSDT,0.04706748762584158
T0716,F03,fold_diagnostic,80,FTMUSDT,0.04416801267388189
T0716,F04,fold_diagnostic,93,LUNAUSDT,0.06311830003855537
T0716,F05,fold_diagnostic,98,ANCUSDT,0.0868065316137746
T0716,F06,fold_diagnostic,85,SOLUSDT,0.04601739756330783
T0716,F07,fold_diagnostic,97,INJUSDT,0.06317451875966358
T0716,F08,fold_diagnostic,99,TRBUSDT,0.07104373137432067
T0717,F01,fold_diagnostic,24,BCHUSDT,0.08512106393891243
T0717,F02,fold_diagnostic,62,CRVUSDT,0.06145272916172083
T0717,F03,fold_diagnostic,80,SUSHIUSDT,0.04602147650874925
T0717,F04,fold_diagnostic,93,SUSHIUSDT,0.033433116905081765
T0717,F05,fold_diagnostic,98,ANCUSDT,0.06521570011327336
T0717,F06,fold_diagnostic,85,GMTUSDT,0.05358254465815739
T0717,F07,fold_diagnostic,97,GRTUSDT,0.04824204708206967
T0717,F08,fold_diagnostic,99,LQTYUSDT,0.03473590279099218
T0718,F01,fold_diagnostic,24,ONTUSDT,0.08940270938285243
T0718,F02,fold_diagnostic,62,LINKUSDT,0.04957063974837323
T0718,F03,fold_diagnostic,80,SUSHIUSDT,0.05511899366335267
T0718,F04,fold_diagnostic,93,FTMUSDT,0.06754795999006723
T0718,F05,fold_diagnostic,98,ANCUSDT,0.03442140549473319
T0718,F06,fold_diagnostic,85,OPUSDT,0.04632099517618145
T0718,F07,fold_diagnostic,97,OCEANUSDT,0.04360068977121157
T0718,F08,fold_diagnostic,99,TRBUSDT,0.0468373902929724
T0719,F01,fold_diagnostic,23,ETCUSDT,0.1007243877337994
T0719,F02,fold_diagnostic,62,YFIUSDT,0.04500901298977149
T0719,F03,fold_diagnostic,76,MKRUSDT,0.0808341128221806
T0719,F04,fold_diagnostic,89,SUSHIUSDT,0.049451161963892355
T0719,F05,fold_diagnostic,97,ANCUSDT,0.07951829518387112
T0719,F06,fold_diagnostic,85,GMTUSDT,0.07456850430700493
T0719,F07,fold_diagnostic,91,AGIXUSDT,0.039007501257598075
T0719,F08,fold_diagnostic,91,LQTYUSDT,0.04192983006257741
T0720,F01,fold_diagnostic,23,LINKUSDT,0.08743691719738467
T0720,F02,fold_diagnostic,62,ALGOUSDT,0.06617549593529208
T0720,F03,fold_diagnostic,76,MKRUSDT,0.07986799614385325
T0720,F04,fold_diagnostic,89,1000SHIBUSDT,0.0636579928324041
T0720,F05,fold_diagnostic,97,ANCUSDT,0.03877148577358444
T0720,F06,fold_diagnostic,85,OPUSDT,0.04143645827503457
T0720,F07,fold_diagnostic,91,OCEANUSDT,0.05550239008965214
T0720,F08,fold_diagnostic,91,CRVUSDT,0.04353014459073102
T0721,F01,fold_diagnostic,22,ETCUSDT,0.1029824548135636
T0721,F02,fold_diagnostic,62,YFIUSDT,0.06541718684645598
T0721,F03,fold_diagnostic,75,MKRUSDT,0.07736471028653316
T0721,F04,fold_diagnostic,86,SUSHIUSDT,0.04896464076322126
T0721,F05,fold_diagnostic,97,ANCUSDT,0.07913838673781873
T0721,F06,fold_diagnostic,85,GMTUSDT,0.07034466293099895
T0721,F07,fold_diagnostic,90,AGIXUSDT,0.039025136851776
T0721,F08,fold_diagnostic,89,CFXUSDT,0.0447195677476544
T0722,F01,fold_diagnostic,22,TRXUSDT,0.08992488441871588
T0722,F02,fold_diagnostic,62,ALGOUSDT,0.05950591267300947
T0722,F03,fold_diagnostic,75,MKRUSDT,0.07191037602116263
T0722,F04,fold_diagnostic,86,1000SHIBUSDT,0.04906051528002963
T0722,F05,fold_diagnostic,97,ANCUSDT,0.03962340745282726
T0722,F06,fold_diagnostic,85,CHZUSDT,0.04575331480411654
T0722,F07,fold_diagnostic,90,GMTUSDT,0.052151499013513215
T0722,F08,fold_diagnostic,89,CRVUSDT,0.04764093738864794
T0723,F01,fold_diagnostic,24,IOSTUSDT,0.09227497783299342
T0723,F02,fold_diagnostic,62,THETAUSDT,0.05551279625747837
T0723,F03,fold_diagnostic,80,SOLUSDT,0.05261723476301373
T0723,F04,fold_diagnostic,93,FTMUSDT,0.05015215949569375
T0723,F05,fold_diagnostic,98,ANCUSDT,0.03672786680297645
T0723,F06,fold_diagnostic,85,UNFIUSDT,0.0697340468794169
T0723,F07,fold_diagnostic,97,NEARUSDT,0.03742484631141121
T0723,F08,fold_diagnostic,99,TRBUSDT,0.0572437801020888
T0724,F01,fold_diagnostic,24,ADAUSDT,0.0952494267885339
T0724,F02,fold_diagnostic,62,THETAUSDT,0.06681895518900119
T0724,F03,fold_diagnostic,80,DOGEUSDT,0.1304604756327394
T0724,F04,fold_diagnostic,93,LUNAUSDT,0.06566330874180201
T0724,F05,fold_diagnostic,98,GALAUSDT,0.04919480503529248
T0724,F06,fold_diagnostic,85,UNFIUSDT,0.04303798719723911
T0724,F07,fold_diagnostic,97,AVAXUSDT,0.03144619615935893
T0724,F08,fold_diagnostic,99,TRBUSDT,0.06770286229556859
T0725,F01,fold_diagnostic,24,ZECUSDT,0.10820707902195027
T0725,F02,fold_diagnostic,62,ZILUSDT,0.0426370586464735
T0725,F03,fold_diagnostic,80,MKRUSDT,0.0496476262641145
T0725,F04,fold_diagnostic,93,FTMUSDT,0.051230177434492055
T0725,F05,fold_diagnostic,98,PEOPLEUSDT,0.06189736232674285
T0725,F06,fold_diagnostic,85,RLCUSDT,0.0569802020557242
T0725,F07,fold_diagnostic,97,INJUSDT,0.04281668274376145
T0725,F08,fold_diagnostic,99,TRBUSDT,0.04653355213920859
T0726,F01,fold_diagnostic,24,BATUSDT,0.12592736547919195
T0726,F02,fold_diagnostic,62,THETAUSDT,0.05623354717843872
T0726,F03,fold_diagnostic,80,MKRUSDT,0.06040715620512952
T0726,F04,fold_diagnostic,93,ALICEUSDT,0.04927683169225615
T0726,F05,fold_diagnostic,98,LRCUSDT,0.03613282880872105
T0726,F06,fold_diagnostic,85,SNXUSDT,0.05383386213566929
T0726,F07,fold_diagnostic,97,INJUSDT,0.05101203414118672
T0726,F08,fold_diagnostic,99,TRBUSDT,0.08763224331690267
T0727,F01,fold_diagnostic,24,XLMUSDT,0.09474972407507466
T0727,F02,fold_diagnostic,62,THETAUSDT,0.05890894001325528
T0727,F03,fold_diagnostic,80,SOLUSDT,0.05222511565895303
T0727,F04,fold_diagnostic,93,ATOMUSDT,0.03918525936137949
T0727,F05,fold_diagnostic,98,CRVUSDT,0.05309886713941322
T0727,F06,fold_diagnostic,85,RLCUSDT,0.05061905083827611
T0727,F07,fold_diagnostic,97,DYDXUSDT,0.04108077685273072
T0727,F08,fold_diagnostic,99,TRBUSDT,0.05679038264228765
T0728,F01,fold_diagnostic,24,BATUSDT,0.09286082534179617
T0728,F02,fold_diagnostic,62,YFIIUSDT,0.040954745895669914
T0728,F03,fold_diagnostic,80,DOGEUSDT,0.08756145359272496
T0728,F04,fold_diagnostic,93,SANDUSDT,0.05530016710981686
T0728,F05,fold_diagnostic,98,ANCUSDT,0.04274480403832896
T0728,F06,fold_diagnostic,85,RLCUSDT,0.05635970320880477
T0728,F07,fold_diagnostic,97,XRPUSDT,0.03277878251056433
T0728,F08,fold_diagnostic,99,TRBUSDT,0.07704275140710484
T0729,F01,fold_diagnostic,24,ADAUSDT,0.13983080083167337
T0729,F02,fold_diagnostic,62,LINKUSDT,0.07484517972622011
T0729,F03,fold_diagnostic,80,DOGEUSDT,0.0695670981757305
T0729,F04,fold_diagnostic,93,1000SHIBUSDT,0.13122679185154715
T0729,F05,fold_diagnostic,98,DYDXUSDT,0.04178887213706085
T0729,F06,fold_diagnostic,85,SNXUSDT,0.039628555452431324
T0729,F07,fold_diagnostic,97,MASKUSDT,0.05713789392036775
T0729,F08,fold_diagnostic,99,TRBUSDT,0.10285512591850186
T0730,F01,fold_diagnostic,24,ADAUSDT,0.1359356996348216
T0730,F02,fold_diagnostic,62,LINKUSDT,0.07276970268563103
T0730,F03,fold_diagnostic,80,DOGEUSDT,0.19232513256808115
T0730,F04,fold_diagnostic,93,SANDUSDT,0.08506569505907947
T0730,F05,fold_diagnostic,98,ALICEUSDT,0.04004933807700182
T0730,F06,fold_diagnostic,85,DOGEUSDT,0.039775333781751694
T0730,F07,fold_diagnostic,97,MASKUSDT,0.057957573400787325
T0730,F08,fold_diagnostic,99,TRBUSDT,0.13841471234178418
T0731,F01,fold_diagnostic,24,ADAUSDT,0.13512308000391235
T0731,F02,fold_diagnostic,61,XLMUSDT,0.10288962590123056
T0731,F03,fold_diagnostic,76,DOGEUSDT,0.07693906737098531
T0731,F04,fold_diagnostic,93,1000SHIBUSDT,0.09956847358156462
T0731,F05,fold_diagnostic,86,THETAUSDT,0.05755697054435805
T0731,F06,fold_diagnostic,80,ETCUSDT,0.06324112248258136
T0731,F07,fold_diagnostic,89,APTUSDT,0.08491784369076497
T0731,F08,fold_diagnostic,92,TRBUSDT,0.15536948928698038
T0732,F01,fold_diagnostic,24,ADAUSDT,0.158141913968154
T0732,F02,fold_diagnostic,61,ETHUSDT,0.06746488402360253
T0732,F03,fold_diagnostic,75,DOGEUSDT,0.23525761475471638
T0732,F04,fold_diagnostic,93,1000SHIBUSDT,0.07640702333850935
T0732,F05,fold_diagnostic,85,BELUSDT,0.05472721253675833
T0732,F06,fold_diagnostic,80,ETCUSDT,0.07349366341971891
T0732,F07,fold_diagnostic,89,BCHUSDT,0.08521147857998466
T0732,F08,fold_diagnostic,92,TRBUSDT,0.1332573809212617
T0733,F01,fold_diagnostic,24,ADAUSDT,0.1309529811456041
T0733,F02,fold_diagnostic,50,XLMUSDT,0.09157639656623821
T0733,F03,fold_diagnostic,67,DOGEUSDT,0.10417365145552229
T0733,F04,fold_diagnostic,72,1000SHIBUSDT,0.09106659237806441
T0733,F05,fold_diagnostic,73,EGLDUSDT,0.049344106758450856
T0733,F06,fold_diagnostic,58,ETCUSDT,0.08457902427867119
T0733,F07,fold_diagnostic,71,APTUSDT,0.07113911360215597
T0733,F08,fold_diagnostic,78,TRBUSDT,0.13961961607596377
T0734,F01,fold_diagnostic,24,ADAUSDT,0.09976481698528254
T0734,F02,fold_diagnostic,50,XLMUSDT,0.07611950442337892
T0734,F03,fold_diagnostic,67,DOGEUSDT,0.24464232122624766
T0734,F04,fold_diagnostic,72,1000SHIBUSDT,0.12449391855244389
T0734,F05,fold_diagnostic,73,GALAUSDT,0.08629730410799206
T0734,F06,fold_diagnostic,57,MASKUSDT,0.08904628453117552
T0734,F07,fold_diagnostic,71,BCHUSDT,0.08295109235474252
T0734,F08,fold_diagnostic,78,TRBUSDT,0.1535758655887217
T0735,F01,fold_diagnostic,21,BCHUSDT,0.11470361782298
T0735,F02,fold_diagnostic,61,LINKUSDT,0.05332869361913689
T0735,F03,fold_diagnostic,78,SOLUSDT,0.05358052947763298
T0735,F04,fold_diagnostic,83,GALAUSDT,0.06941722467036213
T0735,F05,fold_diagnostic,91,ANCUSDT,0.06130802998328466
T0735,F06,fold_diagnostic,71,MASKUSDT,0.08832855100928937
T0735,F07,fold_diagnostic,82,MANAUSDT,0.06075745435641489
T0735,F08,fold_diagnostic,91,TRBUSDT,0.07199849119361473
T0736,F01,fold_diagnostic,21,ADAUSDT,0.1167653123141473
T0736,F02,fold_diagnostic,61,ZILUSDT,0.06399849323057936
T0736,F03,fold_diagnostic,78,DOGEUSDT,0.1554406377822033
T0736,F04,fold_diagnostic,83,LUNAUSDT,0.0680624924385592
T0736,F05,fold_diagnostic,90,ANCUSDT,0.06279764069207108
T0736,F06,fold_diagnostic,71,CHZUSDT,0.0730376295295709
T0736,F07,fold_diagnostic,82,GRTUSDT,0.07415880099918701
T0736,F08,fold_diagnostic,91,TRBUSDT,0.1190164933889966
T0737,F01,fold_diagnostic,24,BATUSDT,0.12135587802285774
T0737,F02,fold_diagnostic,62,THETAUSDT,0.05557422272498755
T0737,F03,fold_diagnostic,80,RSRUSDT,0.05169646394769027
T0737,F04,fold_diagnostic,93,1000SHIBUSDT,0.05532945354534122
T0737,F05,fold_diagnostic,98,GALAUSDT,0.04417873020317005
T0737,F06,fold_diagnostic,85,ETHUSDT,0.04484413479692422
T0737,F07,fold_diagnostic,97,INJUSDT,0.03630762305282897
T0737,F08,fold_diagnostic,99,TRBUSDT,0.06173193777185771
T0738,F01,fold_diagnostic,24,ADAUSDT,0.10018691159360087
T0738,F02,fold_diagnostic,62,THETAUSDT,0.07432836220534172
T0738,F03,fold_diagnostic,80,SOLUSDT,0.04755192319897742
T0738,F04,fold_diagnostic,93,GALAUSDT,0.056396564703273325
T0738,F05,fold_diagnostic,98,ANCUSDT,0.0504407346442037
T0738,F06,fold_diagnostic,85,RLCUSDT,0.07236896300671734
T0738,F07,fold_diagnostic,97,APTUSDT,0.0513001921449935
T0738,F08,fold_diagnostic,99,TRBUSDT,0.08946919652771392
T0739,F01,fold_diagnostic,24,XLMUSDT,0.10113574736224315
T0739,F02,fold_diagnostic,62,ALGOUSDT,0.05178480237196739
T0739,F03,fold_diagnostic,79,SOLUSDT,0.06597591705025112
T0739,F04,fold_diagnostic,87,GALAUSDT,0.05087095011096987
T0739,F05,fold_diagnostic,97,ANCUSDT,0.05983805734739944
T0739,F06,fold_diagnostic,84,CRVUSDT,0.05176103789615821
T0739,F07,fold_diagnostic,93,DYDXUSDT,0.03691289148313343
T0739,F08,fold_diagnostic,98,OPUSDT,0.06106012177263548
T0740,F01,fold_diagnostic,24,VETUSDT,0.10013844994481354
T0740,F02,fold_diagnostic,62,VETUSDT,0.06172049076398382
T0740,F03,fold_diagnostic,79,ADAUSDT,0.05517309008684244
T0740,F04,fold_diagnostic,87,LUNAUSDT,0.05808240929892123
T0740,F05,fold_diagnostic,97,ANCUSDT,0.07202385124587357
T0740,F06,fold_diagnostic,84,PEOPLEUSDT,0.055282234956281116
T0740,F07,fold_diagnostic,93,GRTUSDT,0.05119533007479251
T0740,F08,fold_diagnostic,98,GALAUSDT,0.0449939988562678
T0741,F01,fold_diagnostic,24,LINKUSDT,0.0840402525313761
T0741,F02,fold_diagnostic,62,YFIUSDT,0.07241207960465339
T0741,F03,fold_diagnostic,80,LINKUSDT,0.04302637860271871
T0741,F04,fold_diagnostic,87,MATICUSDT,0.03557834028523534
T0741,F05,fold_diagnostic,95,GALAUSDT,0.04144876300620876
T0741,F06,fold_diagnostic,85,SUSHIUSDT,0.047503356107289216
T0741,F07,fold_diagnostic,97,FILUSDT,0.06693314882428181
T0741,F08,fold_diagnostic,96,BLURUSDT,0.04140167967224014
T0742,F01,fold_diagnostic,24,LINKUSDT,0.11667764821077367
T0742,F02,fold_diagnostic,62,LINKUSDT,0.08238282799554084
T0742,F03,fold_diagnostic,80,DOGEUSDT,0.06333309554175634
T0742,F04,fold_diagnostic,87,DOGEUSDT,0.06327292808768664
T0742,F05,fold_diagnostic,95,ANCUSDT,0.05733549773403934
T0742,F06,fold_diagnostic,85,SUSHIUSDT,0.05140078259009904
T0742,F07,fold_diagnostic,96,FILUSDT,0.044042703711500125
T0742,F08,fold_diagnostic,95,BLURUSDT,0.05808266398585517
T0743,F01,fold_diagnostic,24,ADAUSDT,0.09575471013445792
T0743,F02,fold_diagnostic,62,LINKUSDT,0.061377781786819366
T0743,F03,fold_diagnostic,80,DOGEUSDT,0.09767118828989627
T0743,F04,fold_diagnostic,93,LUNAUSDT,0.0707028272106451
T0743,F05,fold_diagnostic,98,1000SHIBUSDT,0.0389404956714172
T0743,F06,fold_diagnostic,85,MATICUSDT,0.055152302448120145
T0743,F07,fold_diagnostic,97,MASKUSDT,0.053029184983116366
T0743,F08,fold_diagnostic,99,TRBUSDT,0.08434109078585685
T0744,F01,fold_diagnostic,24,ADAUSDT,0.1294834873872347
T0744,F02,fold_diagnostic,62,THETAUSDT,0.07522816139584083
T0744,F03,fold_diagnostic,80,DOGEUSDT,0.11686353927850562
T0744,F04,fold_diagnostic,93,LUNAUSDT,0.08980390870455338
T0744,F05,fold_diagnostic,98,RUNEUSDT,0.034175639122798945
T0744,F06,fold_diagnostic,85,MASKUSDT,0.05039674763981243
T0744,F07,fold_diagnostic,97,APTUSDT,0.043043365026190605
T0744,F08,fold_diagnostic,99,TRBUSDT,0.08833832398301361
T0745,F01,fold_diagnostic,24,ADAUSDT,0.09040072193854248
T0745,F02,fold_diagnostic,62,SUSHIUSDT,0.04922758047137665
T0745,F03,fold_diagnostic,80,DOGEUSDT,0.1117421001519128
T0745,F04,fold_diagnostic,93,1000SHIBUSDT,0.04435556502838021
T0745,F05,fold_diagnostic,98,BELUSDT,0.034213940735754546
T0745,F06,fold_diagnostic,85,ETCUSDT,0.05022553435431604
T0745,F07,fold_diagnostic,97,GMTUSDT,0.036626488004133144
T0745,F08,fold_diagnostic,99,SOLUSDT,0.05183474423556322
T0746,F01,fold_diagnostic,24,IOTAUSDT,0.0831278041260345
T0746,F02,fold_diagnostic,62,THETAUSDT,0.07425888837088593
T0746,F03,fold_diagnostic,80,DOGEUSDT,0.0795021252365049
T0746,F04,fold_diagnostic,93,1000SHIBUSDT,0.06106241235264522
T0746,F05,fold_diagnostic,98,SUSHIUSDT,0.03717966636540135
T0746,F06,fold_diagnostic,85,APEUSDT,0.05055464046073224
T0746,F07,fold_diagnostic,97,DYDXUSDT,0.04333102363624671
T0746,F08,fold_diagnostic,99,TRBUSDT,0.055819803171679096
T0747,F01,fold_diagnostic,24,VETUSDT,0.08950528417386819
T0747,F02,fold_diagnostic,62,ZILUSDT,0.053168507487061686
T0747,F03,fold_diagnostic,80,CRVUSDT,0.04314038853908183
T0747,F04,fold_diagnostic,93,1000SHIBUSDT,0.044119635261901956
T0747,F05,fold_diagnostic,98,ALICEUSDT,0.044982794091992906
T0747,F06,fold_diagnostic,85,UNFIUSDT,0.04920457607400222
T0747,F07,fold_diagnostic,97,OCEANUSDT,0.037286088293677334
T0747,F08,fold_diagnostic,99,XRPUSDT,0.03956877577756683
T0748,F01,fold_diagnostic,24,XLMUSDT,0.09021013401309048
T0748,F02,fold_diagnostic,62,ZILUSDT,0.05237001156640728
T0748,F03,fold_diagnostic,80,DOGEUSDT,0.05709646915206583
T0748,F04,fold_diagnostic,93,ALICEUSDT,0.07573579488046166
T0748,F05,fold_diagnostic,98,SUSHIUSDT,0.040711242689616914
T0748,F06,fold_diagnostic,85,SNXUSDT,0.041880746538449705
T0748,F07,fold_diagnostic,97,APTUSDT,0.03708809809918485
T0748,F08,fold_diagnostic,99,TRBUSDT,0.05270236671120386
T0749,F01,fold_diagnostic,24,IOSTUSDT,0.09325454261220695
T0749,F02,fold_diagnostic,43,ONTUSDT,0.07294645622240943
T0749,F03,fold_diagnostic,80,DOGEUSDT,0.07511655618179855
T0749,F04,fold_diagnostic,85,LUNAUSDT,0.08791886894359296
T0749,F05,fold_diagnostic,98,ANCUSDT,0.07129235241697118
T0749,F06,fold_diagnostic,86,APEUSDT,0.039999249489614336
T0749,F07,fold_diagnostic,97,LINAUSDT,0.04296661435135068
T0749,F08,fold_diagnostic,84,TRBUSDT,0.13751624027736378
T0750,F01,fold_diagnostic,24,VETUSDT,0.09732442376638994
T0750,F02,fold_diagnostic,43,BNBUSDT,0.06975887174367476
T0750,F03,fold_diagnostic,78,DOGEUSDT,0.05619638492955758
T0750,F04,fold_diagnostic,85,LUNAUSDT,0.04790505591568147
T0750,F05,fold_diagnostic,98,ANCUSDT,0.05931667686065202
T0750,F06,fold_diagnostic,86,MATICUSDT,0.031170025055997985
T0750,F07,fold_diagnostic,97,LDOUSDT,0.040480531898511085
T0750,F08,fold_diagnostic,84,TRBUSDT,0.1608839350053292
T0751,F01,fold_diagnostic,24,IOSTUSDT,0.10864443005819939
T0751,F02,fold_diagnostic,62,THETAUSDT,0.05537681443338166
T0751,F03,fold_diagnostic,80,DOGEUSDT,0.0593094591603649
T0751,F04,fold_diagnostic,93,LUNAUSDT,0.06762257584709615
T0751,F05,fold_diagnostic,98,GALAUSDT,0.03796863156090086
T0751,F06,fold_diagnostic,86,ENSUSDT,0.039037986715663144
T0751,F07,fold_diagnostic,97,DYDXUSDT,0.04559411174648922
T0751,F08,fold_diagnostic,99,TRBUSDT,0.10423909871437112
T0752,F01,fold_diagnostic,24,IOSTUSDT,0.09329490714288248
T0752,F02,fold_diagnostic,62,THETAUSDT,0.0771717490027028
T0752,F03,fold_diagnostic,80,FTMUSDT,0.04229500741081919
T0752,F04,fold_diagnostic,93,LUNAUSDT,0.046318577073450336
T0752,F05,fold_diagnostic,98,XTZUSDT,0.03919949354256506
T0752,F06,fold_diagnostic,86,ENSUSDT,0.042375266807574544
T0752,F07,fold_diagnostic,97,MASKUSDT,0.042176979608712944
T0752,F08,fold_diagnostic,99,TRBUSDT,0.11155982160387173
T0753,F01,fold_diagnostic,24,VETUSDT,0.11164154148314005
T0753,F02,fold_diagnostic,62,ATOMUSDT,0.04524135412731853
T0753,F03,fold_diagnostic,80,DOGEUSDT,0.0416340715424164
T0753,F04,fold_diagnostic,91,SANDUSDT,0.048123809889045834
T0753,F05,fold_diagnostic,95,ANCUSDT,0.033808512615409535
T0753,F06,fold_diagnostic,86,CRVUSDT,0.054405298880926434
T0753,F07,fold_diagnostic,96,DYDXUSDT,0.036121040028367676
T0753,F08,fold_diagnostic,99,RUNEUSDT,0.03579665563179102
T0754,F01,fold_diagnostic,24,VETUSDT,0.11195458075038842
T0754,F02,fold_diagnostic,62,ZILUSDT,0.04301088479825161
T0754,F03,fold_diagnostic,80,DOGEUSDT,0.08191346248566021
T0754,F04,fold_diagnostic,91,LUNAUSDT,0.06675472243907232
T0754,F05,fold_diagnostic,95,SUSHIUSDT,0.03884211863644293
T0754,F06,fold_diagnostic,86,GALAUSDT,0.05905752877139731
T0754,F07,fold_diagnostic,96,MTLUSDT,0.04162167593912056
T0754,F08,fold_diagnostic,99,TRBUSDT,0.038410992550564856
T0755,F01,fold_diagnostic,24,BCHUSDT,0.11949888234621653
T0755,F02,fold_diagnostic,54,SUSHIUSDT,0.08873330635982711
T0755,F03,fold_diagnostic,66,ADAUSDT,0.05774107834561356
T0755,F04,fold_diagnostic,66,1000SHIBUSDT,0.05663504561225506
T0755,F05,fold_diagnostic,2,AAVEUSDT,0.594553360269186
T0755,F06,fold_diagnostic,2,JASMYUSDT,0.6939279297665016
T0755,F07,fold_diagnostic,37,FTMUSDT,0.09120389900605451
T0755,F08,fold_diagnostic,70,ZRXUSDT,0.06826702459727317
T0756,F01,fold_diagnostic,24,BTCUSDT,0.09305891721195786
T0756,F02,fold_diagnostic,54,XLMUSDT,0.10043694998010162
T0756,F03,fold_diagnostic,66,DOGEUSDT,0.09937636821178575
T0756,F04,fold_diagnostic,66,SOLUSDT,0.08133637781130348
T0756,F05,fold_diagnostic,2,ENSUSDT,0.8248247511164291
T0756,F06,fold_diagnostic,2,TRBUSDT,0.8597380843693979
T0756,F07,fold_diagnostic,37,FILUSDT,0.14412448411014142
T0756,F08,fold_diagnostic,70,INJUSDT,0.06712722648424672
T0001,ALL_VALID,aggregate_valid_gate,254,LTCUSDT,0.02145175230345715
T0002,ALL_VALID,aggregate_valid_gate,254,LTCUSDT,0.020524008925061305
T0003,ALL_VALID,aggregate_valid_gate,254,EOSUSDT,0.018122367232050983
T0004,ALL_VALID,aggregate_valid_gate,254,SLPUSDT,0.021619154205288694
T0005,ALL_VALID,aggregate_valid_gate,254,LTCUSDT,0.02196851615899122
T0006,ALL_VALID,aggregate_valid_gate,254,LTCUSDT,0.024348124034358178
T0007,ALL_VALID,aggregate_valid_gate,254,EOSUSDT,0.02416869413309753
T0008,ALL_VALID,aggregate_valid_gate,254,DOGEUSDT,0.048981221396249615
T0009,ALL_VALID,aggregate_valid_gate,254,TRXUSDT,0.022347512460691544
T0010,ALL_VALID,aggregate_valid_gate,254,LTCUSDT,0.02226960899229142
T0011,ALL_VALID,aggregate_valid_gate,254,EOSUSDT,0.022520683040361325
T0012,ALL_VALID,aggregate_valid_gate,254,DOGEUSDT,0.04250179851859928
T0013,ALL_VALID,aggregate_valid_gate,254,LTCUSDT,0.02145175230345715
T0014,ALL_VALID,aggregate_valid_gate,254,LTCUSDT,0.020524008925061305
T0015,ALL_VALID,aggregate_valid_gate,254,EOSUSDT,0.018122367232050983
T0016,ALL_VALID,aggregate_valid_gate,254,SLPUSDT,0.021619154205288694
T0017,ALL_VALID,aggregate_valid_gate,254,LTCUSDT,0.02196851615899122
T0018,ALL_VALID,aggregate_valid_gate,254,LTCUSDT,0.024348124034358178
T0019,ALL_VALID,aggregate_valid_gate,254,EOSUSDT,0.02416869413309753
T0020,ALL_VALID,aggregate_valid_gate,254,DOGEUSDT,0.048981221396249615
T0021,ALL_VALID,aggregate_valid_gate,254,TRXUSDT,0.022347512460691544
T0022,ALL_VALID,aggregate_valid_gate,254,LTCUSDT,0.02226960899229142
T0023,ALL_VALID,aggregate_valid_gate,254,EOSUSDT,0.022520683040361325
T0024,ALL_VALID,aggregate_valid_gate,254,DOGEUSDT,0.04250179851859928
T0025,ALL_VALID,aggregate_valid_gate,254,LTCUSDT,0.021576870804010446
T0026,ALL_VALID,aggregate_valid_gate,254,LTCUSDT,0.022503320681347708
T0027,ALL_VALID,aggregate_valid_gate,254,EOSUSDT,0.02195109267746121
T0028,ALL_VALID,aggregate_valid_gate,254,SLPUSDT,0.02617110206387829
T0029,ALL_VALID,aggregate_valid_gate,254,LTCUSDT,0.01986880602407217
T0030,ALL_VALID,aggregate_valid_gate,254,LTCUSDT,0.02078199491461446
T0031,ALL_VALID,aggregate_valid_gate,254,FILUSDT,0.01975712177721772
T0032,ALL_VALID,aggregate_valid_gate,254,DOGEUSDT,0.024069063910297825
T0033,ALL_VALID,aggregate_valid_gate,254,LTCUSDT,0.02104709238783782
T0034,ALL_VALID,aggregate_valid_gate,254,LTCUSDT,0.021395974553737384
T0035,ALL_VALID,aggregate_valid_gate,254,LTCUSDT,0.019868827860788488
T0036,ALL_VALID,aggregate_valid_gate,254,SLPUSDT,0.026603259745665176
T0037,ALL_VALID,aggregate_valid_gate,254,LTCUSDT,0.02275109081418728
T0038,ALL_VALID,aggregate_valid_gate,254,LTCUSDT,0.022304921781466747
T0039,ALL_VALID,aggregate_valid_gate,254,ETCUSDT,0.018343701514864526
T0040,ALL_VALID,aggregate_valid_gate,254,LTCUSDT,0.022441111973602663
T0041,ALL_VALID,aggregate_valid_gate,254,LTCUSDT,0.024196221230184913
T0042,ALL_VALID,aggregate_valid_gate,254,ALGOUSDT,0.02379612588757983
T0043,ALL_VALID,aggregate_valid_gate,254,ALGOUSDT,0.027900282516895
T0044,ALL_VALID,aggregate_valid_gate,254,DOGEUSDT,0.05873344333135407
T0045,ALL_VALID,aggregate_valid_gate,254,LTCUSDT,0.02465545161784308
T0046,ALL_VALID,aggregate_valid_gate,254,ALGOUSDT,0.02744919775538797
T0047,ALL_VALID,aggregate_valid_gate,254,ALGOUSDT,0.033213944803646755
T0048,ALL_VALID,aggregate_valid_gate,254,DOGEUSDT,0.06250465981615581
T0049,ALL_VALID,aggregate_valid_gate,254,LTCUSDT,0.02149047410385206
T0050,ALL_VALID,aggregate_valid_gate,254,LTCUSDT,0.021345115801960943
T0051,ALL_VALID,aggregate_valid_gate,254,EOSUSDT,0.02241784226205315
T0052,ALL_VALID,aggregate_valid_gate,254,SLPUSDT,0.022844899615090893
T0053,ALL_VALID,aggregate_valid_gate,254,LTCUSDT,0.020643928070693946
T0054,ALL_VALID,aggregate_valid_gate,254,LTCUSDT,0.02162020060035418
T0055,ALL_VALID,aggregate_valid_gate,254,EOSUSDT,0.019674671612317417
T0056,ALL_VALID,aggregate_valid_gate,254,SLPUSDT,0.023768457766385222
T0057,ALL_VALID,aggregate_valid_gate,254,LTCUSDT,0.021101211211430083
T0058,ALL_VALID,aggregate_valid_gate,254,LTCUSDT,0.020135640102021908
T0059,ALL_VALID,aggregate_valid_gate,254,ATOMUSDT,0.02170803241713876
T0060,ALL_VALID,aggregate_valid_gate,254,DOGEUSDT,0.026437437224983686
T0061,ALL_VALID,aggregate_valid_gate,254,TRXUSDT,0.025009696290677372
T0062,ALL_VALID,aggregate_valid_gate,254,BNBUSDT,0.024513441472559856
T0063,ALL_VALID,aggregate_valid_gate,254,BANDUSDT,0.030514678108941696
T0064,ALL_VALID,aggregate_valid_gate,254,SLPUSDT,0.02319983205937881
T0065,ALL_VALID,aggregate_valid_gate,254,TRXUSDT,0.032965639004008104
T0066,ALL_VALID,aggregate_valid_gate,254,TRXUSDT,0.033164089164559346
T0067,ALL_VALID,aggregate_valid_gate,254,XRPUSDT,0.030028553651340384
T0068,ALL_VALID,aggregate_valid_gate,254,BANDUSDT,0.02066783669506108
T0069,ALL_VALID,aggregate_valid_gate,253,TRXUSDT,0.04412453808711016
T0070,ALL_VALID,aggregate_valid_gate,253,LUNAUSDT,0.03657894904547051
T0071,ALL_VALID,aggregate_valid_gate,253,LUNAUSDT,0.03388210813741123
T0072,ALL_VALID,aggregate_valid_gate,253,ATOMUSDT,0.029039260555947622
T0073,ALL_VALID,aggregate_valid_gate,254,LTCUSDT,0.02313025923678443
T0074,ALL_VALID,aggregate_valid_gate,254,BTCUSDT,0.023604749240611678
T0075,ALL_VALID,aggregate_valid_gate,254,DOGEUSDT,0.023921622477210025
T0076,ALL_VALID,aggregate_valid_gate,254,DOGEUSDT,0.061942084249010126
T0077,ALL_VALID,aggregate_valid_gate,254,BTCUSDT,0.02002306613992546
T0078,ALL_VALID,aggregate_valid_gate,254,LTCUSDT,0.020824984885126668
T0079,ALL_VALID,aggregate_valid_gate,254,EOSUSDT,0.021692369412853803
T0080,ALL_VALID,aggregate_valid_gate,254,SLPUSDT,0.02688804509062807
T0081,ALL_VALID,aggregate_valid_gate,254,LTCUSDT,0.019104319526226134
T0082,ALL_VALID,aggregate_valid_gate,254,XRPUSDT,0.018969063035080683
T0083,ALL_VALID,aggregate_valid_gate,254,ALGOUSDT,0.024348847383015897
T0084,ALL_VALID,aggregate_valid_gate,254,DOGEUSDT,0.03619146377115782
T0085,ALL_VALID,aggregate_valid_gate,254,ATOMUSDT,0.020105490508965488
T0086,ALL_VALID,aggregate_valid_gate,254,LTCUSDT,0.020920204881421885
T0087,ALL_VALID,aggregate_valid_gate,254,ETCUSDT,0.01906449397186712
T0088,ALL_VALID,aggregate_valid_gate,254,DOGEUSDT,0.04875719818776406
T0089,ALL_VALID,aggregate_valid_gate,254,BTCUSDT,0.020175743695151033
T0090,ALL_VALID,aggregate_valid_gate,254,BTCUSDT,0.02148710446710546
T0091,ALL_VALID,aggregate_valid_gate,254,FILUSDT,0.021026773827229082
T0092,ALL_VALID,aggregate_valid_gate,254,SLPUSDT,0.024863070965013202
T0093,ALL_VALID,aggregate_valid_gate,254,LTCUSDT,0.020911135622792912
T0094,ALL_VALID,aggregate_valid_gate,254,LTCUSDT,0.021073431195115788
T0095,ALL_VALID,aggregate_valid_gate,254,FILUSDT,0.020895609047960662
T0096,ALL_VALID,aggregate_valid_gate,254,SLPUSDT,0.025840717126293343
T0097,ALL_VALID,aggregate_valid_gate,254,BNBUSDT,0.022451804974298457
T0098,ALL_VALID,aggregate_valid_gate,254,LTCUSDT,0.019694611502249312
T0099,ALL_VALID,aggregate_valid_gate,254,EOSUSDT,0.022978694875441165
T0100,ALL_VALID,aggregate_valid_gate,254,DOGEUSDT,0.02558871164727347
T0101,ALL_VALID,aggregate_valid_gate,254,ADAUSDT,0.02026195734335244
T0102,ALL_VALID,aggregate_valid_gate,254,ATOMUSDT,0.021534844565680604
T0103,ALL_VALID,aggregate_valid_gate,254,SLPUSDT,0.023117003712103592
T0104,ALL_VALID,aggregate_valid_gate,254,SLPUSDT,0.02713860601660219
T0105,ALL_VALID,aggregate_valid_gate,254,LTCUSDT,0.021419207497811118
T0106,ALL_VALID,aggregate_valid_gate,254,LTCUSDT,0.02361488949890367
T0107,ALL_VALID,aggregate_valid_gate,254,LTCUSDT,0.020256967457598744
T0108,ALL_VALID,aggregate_valid_gate,254,DOGEUSDT,0.02179231377823024
T0109,ALL_VALID,aggregate_valid_gate,254,TRXUSDT,0.021936477455181392
T0110,ALL_VALID,aggregate_valid_gate,254,EOSUSDT,0.027112160694173514
T0111,ALL_VALID,aggregate_valid_gate,254,DOGEUSDT,0.03202330326970572
T0112,ALL_VALID,aggregate_valid_gate,254,TRXUSDT,0.025528187463831994
T0113,ALL_VALID,aggregate_valid_gate,254,LTCUSDT,0.025402950320873387
T0114,ALL_VALID,aggregate_valid_gate,254,DOGEUSDT,0.04042225361066448
T0115,ALL_VALID,aggregate_valid_gate,251,TRXUSDT,0.02724332107582741
T0116,ALL_VALID,aggregate_valid_gate,251,ATOMUSDT,0.024951576554345625
T0117,ALL_VALID,aggregate_valid_gate,251,DOGEUSDT,0.03398191032852928
T0118,ALL_VALID,aggregate_valid_gate,254,TRXUSDT,0.021936477455181392
T0119,ALL_VALID,aggregate_valid_gate,254,EOSUSDT,0.027112160694173514
T0120,ALL_VALID,aggregate_valid_gate,254,DOGEUSDT,0.03202330326970572
T0121,ALL_VALID,aggregate_valid_gate,254,TRXUSDT,0.025528187463831994
T0122,ALL_VALID,aggregate_valid_gate,254,LTCUSDT,0.025402950320873387
T0123,ALL_VALID,aggregate_valid_gate,254,DOGEUSDT,0.04042225361066448
T0124,ALL_VALID,aggregate_valid_gate,251,TRXUSDT,0.02724332107582741
T0125,ALL_VALID,aggregate_valid_gate,251,ATOMUSDT,0.024951576554345625
T0126,ALL_VALID,aggregate_valid_gate,251,DOGEUSDT,0.03398191032852928
T0127,ALL_VALID,aggregate_valid_gate,254,LTCUSDT,0.02359994562315652
T0128,ALL_VALID,aggregate_valid_gate,254,EOSUSDT,0.0213941864345459
T0129,ALL_VALID,aggregate_valid_gate,254,DOGEUSDT,0.029376130803290403
T0130,ALL_VALID,aggregate_valid_gate,254,TRXUSDT,0.021796446216555233
T0131,ALL_VALID,aggregate_valid_gate,254,EOSUSDT,0.02221468754311115
T0132,ALL_VALID,aggregate_valid_gate,254,DOGEUSDT,0.03544930244999477
T0133,ALL_VALID,aggregate_valid_gate,254,LTCUSDT,0.020549829636995882
T0134,ALL_VALID,aggregate_valid_gate,254,ALGOUSDT,0.02293156850721436
T0135,ALL_VALID,aggregate_valid_gate,254,DOGEUSDT,0.023737126256157304
T0136,ALL_VALID,aggregate_valid_gate,254,ALGOUSDT,0.02319278294478527
T0137,ALL_VALID,aggregate_valid_gate,254,LTCUSDT,0.026088520571605035
T0138,ALL_VALID,aggregate_valid_gate,254,DOGEUSDT,0.03849810077837588
T0139,ALL_VALID,aggregate_valid_gate,254,ALGOUSDT,0.024711777230928867
T0140,ALL_VALID,aggregate_valid_gate,254,ALGOUSDT,0.030138210144437724
T0141,ALL_VALID,aggregate_valid_gate,254,DOGEUSDT,0.060669549197371164
T0142,ALL_VALID,aggregate_valid_gate,254,ALGOUSDT,0.024170999962144602
T0143,ALL_VALID,aggregate_valid_gate,254,ALGOUSDT,0.02868955873834721
T0144,ALL_VALID,aggregate_valid_gate,254,DOGEUSDT,0.060412155052211924
T0145,ALL_VALID,aggregate_valid_gate,254,XRPUSDT,0.020160462010428266
T0146,ALL_VALID,aggregate_valid_gate,254,ATOMUSDT,0.01878014825923056
T0147,ALL_VALID,aggregate_valid_gate,254,SLPUSDT,0.026991425923330432
T0148,ALL_VALID,aggregate_valid_gate,254,XRPUSDT,0.020589962477478376
T0149,ALL_VALID,aggregate_valid_gate,254,ATOMUSDT,0.020840737448233806
T0150,ALL_VALID,aggregate_valid_gate,254,DOGEUSDT,0.024764889593558673
T0151,ALL_VALID,aggregate_valid_gate,254,TRXUSDT,0.021256642810049672
T0152,ALL_VALID,aggregate_valid_gate,254,LTCUSDT,0.02156780878930944
T0153,ALL_VALID,aggregate_valid_gate,254,DOGEUSDT,0.025473481701415165
T0154,ALL_VALID,aggregate_valid_gate,254,LUNAUSDT,0.028860961114851327
T0155,ALL_VALID,aggregate_valid_gate,254,XRPUSDT,0.028029182582660697
T0156,ALL_VALID,aggregate_valid_gate,254,BANDUSDT,0.02513841753974753
T0157,ALL_VALID,aggregate_valid_gate,254,FILUSDT,0.03296082924983728
T0158,ALL_VALID,aggregate_valid_gate,254,LUNAUSDT,0.03874229770433391
T0159,ALL_VALID,aggregate_valid_gate,254,LUNAUSDT,0.02658501721473188
T0160,ALL_VALID,aggregate_valid_gate,251,SXPUSDT,0.022216016231525457
T0161,ALL_VALID,aggregate_valid_gate,250,LUNAUSDT,0.04469863142612739
T0162,ALL_VALID,aggregate_valid_gate,250,LUNAUSDT,0.033244240621157745
T0163,ALL_VALID,aggregate_valid_gate,251,ATOMUSDT,0.024024906380334814
T0164,ALL_VALID,aggregate_valid_gate,251,DOGEUSDT,0.027077579569537377
T0165,ALL_VALID,aggregate_valid_gate,251,DOGEUSDT,0.07006716697875591
T0166,ALL_VALID,aggregate_valid_gate,254,XRPUSDT,0.02181693863712134
T0167,ALL_VALID,aggregate_valid_gate,254,LTCUSDT,0.024203948408042242
T0168,ALL_VALID,aggregate_valid_gate,254,DOGEUSDT,0.023974855807859574
T0169,ALL_VALID,aggregate_valid_gate,254,ATOMUSDT,0.02543522381272419
T0170,ALL_VALID,aggregate_valid_gate,254,DOGEUSDT,0.021582659830442247
T0171,ALL_VALID,aggregate_valid_gate,254,DOGEUSDT,0.043828032506358174
T0172,ALL_VALID,aggregate_valid_gate,254,CHZUSDT,0.021330749106559018
T0173,ALL_VALID,aggregate_valid_gate,254,CHZUSDT,0.020393918974333868
T0174,ALL_VALID,aggregate_valid_gate,254,DOGEUSDT,0.04446749620372094
T0175,ALL_VALID,aggregate_valid_gate,254,BNBUSDT,0.022141355745573178
T0176,ALL_VALID,aggregate_valid_gate,254,EOSUSDT,0.020018762913957197
T0177,ALL_VALID,aggregate_valid_gate,254,SLPUSDT,0.025290974958338718
T0178,ALL_VALID,aggregate_valid_gate,254,LTCUSDT,0.021364958859711163
T0179,ALL_VALID,aggregate_valid_gate,254,ATOMUSDT,0.019810373807312133
T0180,ALL_VALID,aggregate_valid_gate,254,DOGEUSDT,0.04830932599107879
T0181,ALL_VALID,aggregate_valid_gate,254,ETHUSDT,0.02179872167921884
T0182,ALL_VALID,aggregate_valid_gate,254,BTCUSDT,0.0202364785818663
T0183,ALL_VALID,aggregate_valid_gate,254,APEUSDT,0.021772695774163724
T0184,ALL_VALID,aggregate_valid_gate,254,ATOMUSDT,0.021641000397611514
T0185,ALL_VALID,aggregate_valid_gate,254,EOSUSDT,0.02414848442515219
T0186,ALL_VALID,aggregate_valid_gate,254,SOLUSDT,0.024958026365176505
T0187,ALL_VALID,aggregate_valid_gate,253,LTCUSDT,0.026573783104981413
T0188,ALL_VALID,aggregate_valid_gate,253,DOGEUSDT,0.036810785926070504
T0189,ALL_VALID,aggregate_valid_gate,250,DOGEUSDT,0.03738339324702403
T0190,ALL_VALID,aggregate_valid_gate,249,DOGEUSDT,0.03592065883708835
T0191,ALL_VALID,aggregate_valid_gate,236,DOGEUSDT,0.028747922168764185
T0192,ALL_VALID,aggregate_valid_gate,236,DOGEUSDT,0.04533937616914209
T0193,ALL_VALID,aggregate_valid_gate,253,LTCUSDT,0.026573783104981413
T0194,ALL_VALID,aggregate_valid_gate,253,DOGEUSDT,0.036810785926070504
T0195,ALL_VALID,aggregate_valid_gate,250,DOGEUSDT,0.03738339324702403
T0196,ALL_VALID,aggregate_valid_gate,249,DOGEUSDT,0.03592065883708835
T0197,ALL_VALID,aggregate_valid_gate,236,DOGEUSDT,0.028747922168764185
T0198,ALL_VALID,aggregate_valid_gate,236,DOGEUSDT,0.04533937616914209
T0199,ALL_VALID,aggregate_valid_gate,254,CHZUSDT,0.02151899684903156
T0200,ALL_VALID,aggregate_valid_gate,254,DOGEUSDT,0.039436973205406005
T0201,ALL_VALID,aggregate_valid_gate,254,DOGEUSDT,0.02124146777533852
T0202,ALL_VALID,aggregate_valid_gate,254,DOGEUSDT,0.050504071876094056
T0203,ALL_VALID,aggregate_valid_gate,254,LTCUSDT,0.022575133698556443
T0204,ALL_VALID,aggregate_valid_gate,254,DOGEUSDT,0.0466149832567165
T0205,ALL_VALID,aggregate_valid_gate,249,MATICUSDT,0.0348913598364812
T0206,ALL_VALID,aggregate_valid_gate,249,DOGEUSDT,0.0810717978798083
T0207,ALL_VALID,aggregate_valid_gate,231,MATICUSDT,0.05141834111469962
T0208,ALL_VALID,aggregate_valid_gate,230,DOGEUSDT,0.08779355244924578
T0209,ALL_VALID,aggregate_valid_gate,228,MATICUSDT,0.041992380391912734
T0210,ALL_VALID,aggregate_valid_gate,227,DOGEUSDT,0.09384105099805437
T0211,ALL_VALID,aggregate_valid_gate,254,DOTUSDT,0.025739640581344318
T0212,ALL_VALID,aggregate_valid_gate,254,CHZUSDT,0.02071595831779924
T0213,ALL_VALID,aggregate_valid_gate,254,EOSUSDT,0.0261717173010444
T0214,ALL_VALID,aggregate_valid_gate,254,DOGEUSDT,0.03927411452231048
T0215,ALL_VALID,aggregate_valid_gate,254,SLPUSDT,0.023270514137400108
T0216,ALL_VALID,aggregate_valid_gate,254,DOGEUSDT,0.034743689002359565
T0217,ALL_VALID,aggregate_valid_gate,254,LUNAUSDT,0.045662068278337846
T0218,ALL_VALID,aggregate_valid_gate,254,ATOMUSDT,0.030574719823081097
T0219,ALL_VALID,aggregate_valid_gate,248,LUNAUSDT,0.03680413187622979
T0220,ALL_VALID,aggregate_valid_gate,248,LUNAUSDT,0.025102283568081758
T0221,ALL_VALID,aggregate_valid_gate,222,LUNAUSDT,0.04802415526868114
T0222,ALL_VALID,aggregate_valid_gate,222,LUNAUSDT,0.035390471579821274
T0223,ALL_VALID,aggregate_valid_gate,231,WAVESUSDT,0.02643304432688754
T0224,ALL_VALID,aggregate_valid_gate,231,DOGEUSDT,0.04510475740279398
T0225,ALL_VALID,aggregate_valid_gate,254,EOSUSDT,0.021862115755616564
T0226,ALL_VALID,aggregate_valid_gate,254,DOGEUSDT,0.05567005683318609
T0227,ALL_VALID,aggregate_valid_gate,249,ATOMUSDT,0.031101303179347617
T0228,ALL_VALID,aggregate_valid_gate,249,DOGEUSDT,0.04122935134895638
T0229,ALL_VALID,aggregate_valid_gate,254,DOGEUSDT,0.03153437213352908
T0230,ALL_VALID,aggregate_valid_gate,254,DOGEUSDT,0.06383180262080339
T0231,ALL_VALID,aggregate_valid_gate,254,DOGEUSDT,0.023436676986333
T0232,ALL_VALID,aggregate_valid_gate,254,FILUSDT,0.027732464635891796
T0233,ALL_VALID,aggregate_valid_gate,254,ETHUSDT,0.01987834114276163
T0234,ALL_VALID,aggregate_valid_gate,254,SLPUSDT,0.02280826121320526
T0235,ALL_VALID,aggregate_valid_gate,253,TRXUSDT,0.024995963692637558
T0236,ALL_VALID,aggregate_valid_gate,253,ONEUSDT,0.02093414843970332
T0237,ALL_VALID,aggregate_valid_gate,247,DOGEUSDT,0.026063431452024055
T0238,ALL_VALID,aggregate_valid_gate,247,DOGEUSDT,0.02634955100412808
T0239,ALL_VALID,aggregate_valid_gate,254,DOGEUSDT,0.037297866272742744
T0240,ALL_VALID,aggregate_valid_gate,254,DOGEUSDT,0.03361051512575704
T0241,ALL_VALID,aggregate_valid_gate,183,EOSUSDT,0.0238583074637266
T0242,ALL_VALID,aggregate_valid_gate,183,EOSUSDT,0.02378362368020025
T0243,ALL_VALID,aggregate_valid_gate,183,TRBUSDT,0.028493320121858436
T0244,ALL_VALID,aggregate_valid_gate,183,TRBUSDT,0.03705210435845131
T0245,ALL_VALID,aggregate_valid_gate,184,EOSUSDT,0.02379396656436347
T0246,ALL_VALID,aggregate_valid_gate,184,EOSUSDT,0.028953473116306815
T0247,ALL_VALID,aggregate_valid_gate,184,EOSUSDT,0.033475992963411465
T0248,ALL_VALID,aggregate_valid_gate,184,DOGEUSDT,0.04690737137206398
T0249,ALL_VALID,aggregate_valid_gate,183,BTCUSDT,0.024999580281646245
T0250,ALL_VALID,aggregate_valid_gate,183,EOSUSDT,0.02994275238391322
T0251,ALL_VALID,aggregate_valid_gate,183,RUNEUSDT,0.030172916033291013
T0252,ALL_VALID,aggregate_valid_gate,183,DOGEUSDT,0.05513205303983223
T0253,ALL_VALID,aggregate_valid_gate,183,EOSUSDT,0.0238583074637266
T0254,ALL_VALID,aggregate_valid_gate,183,EOSUSDT,0.02378362368020025
T0255,ALL_VALID,aggregate_valid_gate,183,TRBUSDT,0.028493320121858436
T0256,ALL_VALID,aggregate_valid_gate,183,TRBUSDT,0.03705210435845131
T0257,ALL_VALID,aggregate_valid_gate,184,EOSUSDT,0.02379396656436347
T0258,ALL_VALID,aggregate_valid_gate,184,EOSUSDT,0.028953473116306815
T0259,ALL_VALID,aggregate_valid_gate,184,EOSUSDT,0.033475992963411465
T0260,ALL_VALID,aggregate_valid_gate,184,DOGEUSDT,0.04690737137206398
T0261,ALL_VALID,aggregate_valid_gate,183,BTCUSDT,0.024999580281646245
T0262,ALL_VALID,aggregate_valid_gate,183,EOSUSDT,0.02994275238391322
T0263,ALL_VALID,aggregate_valid_gate,183,RUNEUSDT,0.030172916033291013
T0264,ALL_VALID,aggregate_valid_gate,183,DOGEUSDT,0.05513205303983223
T0265,ALL_VALID,aggregate_valid_gate,183,LTCUSDT,0.023419317905150252
T0266,ALL_VALID,aggregate_valid_gate,183,LTCUSDT,0.025767578203387837
T0267,ALL_VALID,aggregate_valid_gate,183,EOSUSDT,0.031550942691638516
T0268,ALL_VALID,aggregate_valid_gate,183,TRBUSDT,0.03186116128492305
T0269,ALL_VALID,aggregate_valid_gate,184,EOSUSDT,0.023681722756816116
T0270,ALL_VALID,aggregate_valid_gate,184,LTCUSDT,0.025044182553772876
T0271,ALL_VALID,aggregate_valid_gate,184,FILUSDT,0.027761732282962255
T0272,ALL_VALID,aggregate_valid_gate,184,SOLUSDT,0.04237071853628123
T0273,ALL_VALID,aggregate_valid_gate,183,LTCUSDT,0.022415767376043366
T0274,ALL_VALID,aggregate_valid_gate,183,EOSUSDT,0.023022523895876813
T0275,ALL_VALID,aggregate_valid_gate,183,EOSUSDT,0.026879905527997742
T0276,ALL_VALID,aggregate_valid_gate,183,SOLUSDT,0.036246535586749326
T0277,ALL_VALID,aggregate_valid_gate,183,LTCUSDT,0.025488638920787957
T0278,ALL_VALID,aggregate_valid_gate,183,LTCUSDT,0.026015757009019275
T0279,ALL_VALID,aggregate_valid_gate,183,EOSUSDT,0.023299460436052875
T0280,ALL_VALID,aggregate_valid_gate,183,SOLUSDT,0.03284310359212714
T0281,ALL_VALID,aggregate_valid_gate,183,LTCUSDT,0.02692757727442369
T0282,ALL_VALID,aggregate_valid_gate,183,LTCUSDT,0.02802874717457788
T0283,ALL_VALID,aggregate_valid_gate,183,ALGOUSDT,0.028682373686754487
T0284,ALL_VALID,aggregate_valid_gate,183,SOLUSDT,0.0429320412356544
T0285,ALL_VALID,aggregate_valid_gate,183,LTCUSDT,0.028016792005399933
T0286,ALL_VALID,aggregate_valid_gate,183,ALGOUSDT,0.029031581130178938
T0287,ALL_VALID,aggregate_valid_gate,183,ALGOUSDT,0.03957617044659147
T0288,ALL_VALID,aggregate_valid_gate,183,DOGEUSDT,0.08448744001221027
T0289,ALL_VALID,aggregate_valid_gate,183,LTCUSDT,0.02320842981519324
T0290,ALL_VALID,aggregate_valid_gate,183,LTCUSDT,0.022932912253800626
T0291,ALL_VALID,aggregate_valid_gate,183,EOSUSDT,0.02823306842696388
T0292,ALL_VALID,aggregate_valid_gate,183,SOLUSDT,0.041627139748540036
T0293,ALL_VALID,aggregate_valid_gate,183,EOSUSDT,0.022878638334277005
T0294,ALL_VALID,aggregate_valid_gate,183,LTCUSDT,0.024548619792035164
T0295,ALL_VALID,aggregate_valid_gate,183,TRBUSDT,0.025805105141171097
T0296,ALL_VALID,aggregate_valid_gate,183,SOLUSDT,0.03736738971558973
T0297,ALL_VALID,aggregate_valid_gate,183,LTCUSDT,0.022797597404580573
T0298,ALL_VALID,aggregate_valid_gate,183,EOSUSDT,0.025277925984033542
T0299,ALL_VALID,aggregate_valid_gate,183,EOSUSDT,0.025140445397765537
T0300,ALL_VALID,aggregate_valid_gate,183,DOGEUSDT,0.03675365774850094
T0301,ALL_VALID,aggregate_valid_gate,183,ETHUSDT,0.025535091259226924
T0302,ALL_VALID,aggregate_valid_gate,183,BTCUSDT,0.028738710297907304
T0303,ALL_VALID,aggregate_valid_gate,183,SOLUSDT,0.03664216236471156
T0304,ALL_VALID,aggregate_valid_gate,183,SOLUSDT,0.041271255919722596
T0305,ALL_VALID,aggregate_valid_gate,183,EOSUSDT,0.035060556519922306
T0306,ALL_VALID,aggregate_valid_gate,183,TRXUSDT,0.027827767915498913
T0307,ALL_VALID,aggregate_valid_gate,183,XRPUSDT,0.03603701035639288
T0308,ALL_VALID,aggregate_valid_gate,183,SOLUSDT,0.02804286838582464
T0309,ALL_VALID,aggregate_valid_gate,183,TRXUSDT,0.026387492173036
T0310,ALL_VALID,aggregate_valid_gate,183,ANCUSDT,0.03979370202771344
T0311,ALL_VALID,aggregate_valid_gate,183,SOLUSDT,0.024709914841021648
T0312,ALL_VALID,aggregate_valid_gate,183,SOLUSDT,0.03566416995015305
T0313,ALL_VALID,aggregate_valid_gate,183,LTCUSDT,0.030505611729309854
T0314,ALL_VALID,aggregate_valid_gate,183,EOSUSDT,0.03382906945413531
T0315,ALL_VALID,aggregate_valid_gate,183,SOLUSDT,0.042774877310499455
T0316,ALL_VALID,aggregate_valid_gate,183,DOGEUSDT,0.052360532772348416
T0317,ALL_VALID,aggregate_valid_gate,183,EOSUSDT,0.022505968219568954
T0318,ALL_VALID,aggregate_valid_gate,183,EOSUSDT,0.02433200324940916
T0319,ALL_VALID,aggregate_valid_gate,183,EOSUSDT,0.03501342278690257
T0320,ALL_VALID,aggregate_valid_gate,183,TRBUSDT,0.03372688711725062
T0321,ALL_VALID,aggregate_valid_gate,183,ETCUSDT,0.023539605452838286
T0322,ALL_VALID,aggregate_valid_gate,183,AVAXUSDT,0.023301531543350955
T0323,ALL_VALID,aggregate_valid_gate,183,DOGEUSDT,0.030405527878702914
T0324,ALL_VALID,aggregate_valid_gate,183,SOLUSDT,0.042585021680135615
T0325,ALL_VALID,aggregate_valid_gate,183,LTCUSDT,0.026700073325176425
T0326,ALL_VALID,aggregate_valid_gate,183,BCHUSDT,0.027765915678583417
T0327,ALL_VALID,aggregate_valid_gate,183,EOSUSDT,0.02418382252979711
T0328,ALL_VALID,aggregate_valid_gate,183,DOGEUSDT,0.07556739952859079
T0329,ALL_VALID,aggregate_valid_gate,183,BTCUSDT,0.023210391245519813
T0330,ALL_VALID,aggregate_valid_gate,183,BTCUSDT,0.026933876282335782
T0331,ALL_VALID,aggregate_valid_gate,183,FILUSDT,0.026806666628759
T0332,ALL_VALID,aggregate_valid_gate,183,TRBUSDT,0.030906837145875592
T0333,ALL_VALID,aggregate_valid_gate,183,ETCUSDT,0.022568974737962943
T0334,ALL_VALID,aggregate_valid_gate,183,EOSUSDT,0.027589225650071224
T0335,ALL_VALID,aggregate_valid_gate,183,EOSUSDT,0.03137602057340537
T0336,ALL_VALID,aggregate_valid_gate,183,DOGEUSDT,0.0415414085331732
T0337,ALL_VALID,aggregate_valid_gate,183,BTCUSDT,0.026987556321737407
T0338,ALL_VALID,aggregate_valid_gate,183,LTCUSDT,0.027130690257166287
T0339,ALL_VALID,aggregate_valid_gate,183,EOSUSDT,0.03222659543725028
T0340,ALL_VALID,aggregate_valid_gate,183,DOGEUSDT,0.05499953447292212
T0341,ALL_VALID,aggregate_valid_gate,184,ADAUSDT,0.022883540736993696
T0342,ALL_VALID,aggregate_valid_gate,184,EOSUSDT,0.026086430338740765
T0343,ALL_VALID,aggregate_valid_gate,184,TRBUSDT,0.027967321776995534
T0344,ALL_VALID,aggregate_valid_gate,184,DOGEUSDT,0.029582702320899653
T0345,ALL_VALID,aggregate_valid_gate,184,LINKUSDT,0.0228768144376232
T0346,ALL_VALID,aggregate_valid_gate,184,LTCUSDT,0.02807946766407457
T0347,ALL_VALID,aggregate_valid_gate,184,EOSUSDT,0.024266725620693017
T0348,ALL_VALID,aggregate_valid_gate,184,TRBUSDT,0.03514008624309501
T0349,ALL_VALID,aggregate_valid_gate,176,AXSUSDT,0.04735898664912804
T0350,ALL_VALID,aggregate_valid_gate,176,AXSUSDT,0.049713358815447396
T0351,ALL_VALID,aggregate_valid_gate,176,TRBUSDT,0.05506769178790393
T0352,ALL_VALID,aggregate_valid_gate,176,THETAUSDT,0.04764909789512905
T0353,ALL_VALID,aggregate_valid_gate,166,SUSHIUSDT,0.02728429380946174
T0354,ALL_VALID,aggregate_valid_gate,166,ANCUSDT,0.08171727034289285
T0355,ALL_VALID,aggregate_valid_gate,166,DOGEUSDT,0.06881372939035289
T0356,ALL_VALID,aggregate_valid_gate,166,BNBUSDT,0.0450920661633115
T0357,ALL_VALID,aggregate_valid_gate,183,EOSUSDT,0.03362900890635809
T0358,ALL_VALID,aggregate_valid_gate,183,EOSUSDT,0.03529492320047238
T0359,ALL_VALID,aggregate_valid_gate,183,DOGEUSDT,0.04010231805750722
T0360,ALL_VALID,aggregate_valid_gate,183,EOSUSDT,0.028092798685053127
T0361,ALL_VALID,aggregate_valid_gate,183,DOGEUSDT,0.03352920211607988
T0362,ALL_VALID,aggregate_valid_gate,183,DOGEUSDT,0.05348048159079145
T0363,ALL_VALID,aggregate_valid_gate,182,EOSUSDT,0.032220913916079064
T0364,ALL_VALID,aggregate_valid_gate,182,TRBUSDT,0.043032899189388046
T0365,ALL_VALID,aggregate_valid_gate,182,DOGEUSDT,0.03916362671791276
T0366,ALL_VALID,aggregate_valid_gate,183,EOSUSDT,0.03362900890635809
T0367,ALL_VALID,aggregate_valid_gate,183,EOSUSDT,0.03529492320047238
T0368,ALL_VALID,aggregate_valid_gate,183,DOGEUSDT,0.04010231805750722
T0369,ALL_VALID,aggregate_valid_gate,183,EOSUSDT,0.028092798685053127
T0370,ALL_VALID,aggregate_valid_gate,183,DOGEUSDT,0.03352920211607988
T0371,ALL_VALID,aggregate_valid_gate,183,DOGEUSDT,0.05348048159079145
T0372,ALL_VALID,aggregate_valid_gate,182,EOSUSDT,0.032220913916079064
T0373,ALL_VALID,aggregate_valid_gate,182,TRBUSDT,0.043032899189388046
T0374,ALL_VALID,aggregate_valid_gate,182,DOGEUSDT,0.03916362671791276
T0375,ALL_VALID,aggregate_valid_gate,183,EOSUSDT,0.030355932849065834
T0376,ALL_VALID,aggregate_valid_gate,183,EOSUSDT,0.031222928861040316
T0377,ALL_VALID,aggregate_valid_gate,183,SOLUSDT,0.038596943314963356
T0378,ALL_VALID,aggregate_valid_gate,183,EOSUSDT,0.029224457652598616
T0379,ALL_VALID,aggregate_valid_gate,183,EOSUSDT,0.03407492149361604
T0380,ALL_VALID,aggregate_valid_gate,183,DOGEUSDT,0.049163277413566984
T0381,ALL_VALID,aggregate_valid_gate,183,EOSUSDT,0.025286853862722388
T0382,ALL_VALID,aggregate_valid_gate,183,DYDXUSDT,0.027485301577893334
T0383,ALL_VALID,aggregate_valid_gate,183,DOGEUSDT,0.035714696284171274
T0384,ALL_VALID,aggregate_valid_gate,183,ATOMUSDT,0.032054899672576055
T0385,ALL_VALID,aggregate_valid_gate,183,EOSUSDT,0.03436214562839261
T0386,ALL_VALID,aggregate_valid_gate,183,DOGEUSDT,0.055514801213896355
T0387,ALL_VALID,aggregate_valid_gate,183,ATOMUSDT,0.02825996670546451
T0388,ALL_VALID,aggregate_valid_gate,183,DOGEUSDT,0.0418258568196186
T0389,ALL_VALID,aggregate_valid_gate,183,DOGEUSDT,0.08682462733956148
T0390,ALL_VALID,aggregate_valid_gate,183,XTZUSDT,0.028782320747048
T0391,ALL_VALID,aggregate_valid_gate,183,DOGEUSDT,0.03570557506796523
T0392,ALL_VALID,aggregate_valid_gate,183,DOGEUSDT,0.08470632116139899
T0393,ALL_VALID,aggregate_valid_gate,183,ETCUSDT,0.02153106773421906
T0394,ALL_VALID,aggregate_valid_gate,183,EOSUSDT,0.028049196247357622
T0395,ALL_VALID,aggregate_valid_gate,183,DOGEUSDT,0.03554217792047026
T0396,ALL_VALID,aggregate_valid_gate,183,EOSUSDT,0.02900759001828476
T0397,ALL_VALID,aggregate_valid_gate,183,EOSUSDT,0.028531416529146304
T0398,ALL_VALID,aggregate_valid_gate,183,SOLUSDT,0.0297823400772846
T0399,ALL_VALID,aggregate_valid_gate,183,EOSUSDT,0.02834104413378001
T0400,ALL_VALID,aggregate_valid_gate,183,EOSUSDT,0.025633352992769712
T0401,ALL_VALID,aggregate_valid_gate,183,DOGEUSDT,0.03566408201655905
T0402,ALL_VALID,aggregate_valid_gate,183,ETHUSDT,0.03007680453390862
T0403,ALL_VALID,aggregate_valid_gate,183,XRPUSDT,0.03827327032014139
T0404,ALL_VALID,aggregate_valid_gate,183,RUNEUSDT,0.029963701105421785
T0405,ALL_VALID,aggregate_valid_gate,183,SUSHIUSDT,0.03321069863637984
T0406,ALL_VALID,aggregate_valid_gate,183,ATOMUSDT,0.032439762958862084
T0407,ALL_VALID,aggregate_valid_gate,183,SUSHIUSDT,0.03725970067077751
T0408,ALL_VALID,aggregate_valid_gate,179,RUNEUSDT,0.03409516355126028
T0409,ALL_VALID,aggregate_valid_gate,179,ATOMUSDT,0.047687559619647504
T0410,ALL_VALID,aggregate_valid_gate,179,SUSHIUSDT,0.038507502613627356
T0411,ALL_VALID,aggregate_valid_gate,181,EOSUSDT,0.031226625360248953
T0412,ALL_VALID,aggregate_valid_gate,181,DOGEUSDT,0.04217532074365128
T0413,ALL_VALID,aggregate_valid_gate,181,DOGEUSDT,0.05091434101536109
T0414,ALL_VALID,aggregate_valid_gate,183,XRPUSDT,0.022932034788849334
T0415,ALL_VALID,aggregate_valid_gate,183,EOSUSDT,0.0292666540376383
T0416,ALL_VALID,aggregate_valid_gate,183,SOLUSDT,0.041409096216940666
T0417,ALL_VALID,aggregate_valid_gate,183,TRBUSDT,0.02489257817876566
T0418,ALL_VALID,aggregate_valid_gate,183,RUNEUSDT,0.03975973891349899
T0419,ALL_VALID,aggregate_valid_gate,183,DOGEUSDT,0.0475214274704786
T0420,ALL_VALID,aggregate_valid_gate,183,ETCUSDT,0.02564212545375474
T0421,ALL_VALID,aggregate_valid_gate,183,RUNEUSDT,0.028003509941930852
T0422,ALL_VALID,aggregate_valid_gate,183,DOGEUSDT,0.06504322569747145
T0423,ALL_VALID,aggregate_valid_gate,183,FTMUSDT,0.024256782874223868
T0424,ALL_VALID,aggregate_valid_gate,183,EOSUSDT,0.02737313243836107
T0425,ALL_VALID,aggregate_valid_gate,183,SOLUSDT,0.029090374928401132
T0426,ALL_VALID,aggregate_valid_gate,183,LTCUSDT,0.027237121022949427
T0427,ALL_VALID,aggregate_valid_gate,183,EOSUSDT,0.030470165072942233
T0428,ALL_VALID,aggregate_valid_gate,183,SOLUSDT,0.03396130645031887
T0429,ALL_VALID,aggregate_valid_gate,183,EOSUSDT,0.030881408781984396
T0430,ALL_VALID,aggregate_valid_gate,183,EOSUSDT,0.03755180630440665
T0431,ALL_VALID,aggregate_valid_gate,183,DOGEUSDT,0.04445439139413391
T0432,ALL_VALID,aggregate_valid_gate,184,EOSUSDT,0.027080801211400538
T0433,ALL_VALID,aggregate_valid_gate,184,SOLUSDT,0.03687760667071232
T0434,ALL_VALID,aggregate_valid_gate,184,SOLUSDT,0.04796317968108455
T0435,ALL_VALID,aggregate_valid_gate,176,AXSUSDT,0.04946323359708791
T0436,ALL_VALID,aggregate_valid_gate,176,TRBUSDT,0.03824783529125234
T0437,ALL_VALID,aggregate_valid_gate,176,TRBUSDT,0.05091439211809236
T0438,ALL_VALID,aggregate_valid_gate,166,ANCUSDT,0.06289080131505913
T0439,ALL_VALID,aggregate_valid_gate,166,DOGEUSDT,0.048907091686887866
T0440,ALL_VALID,aggregate_valid_gate,166,BNBUSDT,0.04647731072626383
T0441,ALL_VALID,aggregate_valid_gate,183,TRBUSDT,0.0322819147867124
T0442,ALL_VALID,aggregate_valid_gate,183,DOGEUSDT,0.0481742230399112
T0443,ALL_VALID,aggregate_valid_gate,182,DOGEUSDT,0.05270388382138512
T0444,ALL_VALID,aggregate_valid_gate,182,SOLUSDT,0.04885853382672912
T0445,ALL_VALID,aggregate_valid_gate,170,DOGEUSDT,0.04191493159852257
T0446,ALL_VALID,aggregate_valid_gate,170,DOGEUSDT,0.05342148000438853
T0447,ALL_VALID,aggregate_valid_gate,183,TRBUSDT,0.0322819147867124
T0448,ALL_VALID,aggregate_valid_gate,183,DOGEUSDT,0.0481742230399112
T0449,ALL_VALID,aggregate_valid_gate,182,DOGEUSDT,0.05270388382138512
T0450,ALL_VALID,aggregate_valid_gate,182,SOLUSDT,0.04885853382672912
T0451,ALL_VALID,aggregate_valid_gate,170,DOGEUSDT,0.04191493159852257
T0452,ALL_VALID,aggregate_valid_gate,170,DOGEUSDT,0.05342148000438853
T0453,ALL_VALID,aggregate_valid_gate,183,CRVUSDT,0.030114544419760587
T0454,ALL_VALID,aggregate_valid_gate,183,SOLUSDT,0.052941427089572515
T0455,ALL_VALID,aggregate_valid_gate,183,TRBUSDT,0.043103587240506586
T0456,ALL_VALID,aggregate_valid_gate,183,DOGEUSDT,0.07150414859693624
T0457,ALL_VALID,aggregate_valid_gate,183,AAVEUSDT,0.03329757035263492
T0458,ALL_VALID,aggregate_valid_gate,183,DOGEUSDT,0.05843128144045814
T0459,ALL_VALID,aggregate_valid_gate,183,DOGEUSDT,0.0369976958466341
T0460,ALL_VALID,aggregate_valid_gate,183,DOGEUSDT,0.1005387992333439
T0461,ALL_VALID,aggregate_valid_gate,181,MATICUSDT,0.037410479778550706
T0462,ALL_VALID,aggregate_valid_gate,181,DOGEUSDT,0.09558669145095045
T0463,ALL_VALID,aggregate_valid_gate,177,DOGEUSDT,0.040206286871498784
T0464,ALL_VALID,aggregate_valid_gate,177,DOGEUSDT,0.10256301459569135
T0465,ALL_VALID,aggregate_valid_gate,183,BCHUSDT,0.03194209536419567
T0466,ALL_VALID,aggregate_valid_gate,183,EOSUSDT,0.022291400040777745
T0467,ALL_VALID,aggregate_valid_gate,183,EOSUSDT,0.029007337251466404
T0468,ALL_VALID,aggregate_valid_gate,183,DOGEUSDT,0.045260891937141806
T0469,ALL_VALID,aggregate_valid_gate,183,DOGEUSDT,0.025486685929515248
T0470,ALL_VALID,aggregate_valid_gate,183,DOGEUSDT,0.04649499865554789
T0471,ALL_VALID,aggregate_valid_gate,184,ATOMUSDT,0.030579250020998844
T0472,ALL_VALID,aggregate_valid_gate,184,ATOMUSDT,0.046169761887606145
T0473,ALL_VALID,aggregate_valid_gate,180,ANCUSDT,0.044771277012137616
T0474,ALL_VALID,aggregate_valid_gate,180,DOGEUSDT,0.03682905346703839
T0475,ALL_VALID,aggregate_valid_gate,167,FILUSDT,0.04004491640984742
T0476,ALL_VALID,aggregate_valid_gate,167,ATOMUSDT,0.02866955905975068
T0477,ALL_VALID,aggregate_valid_gate,173,XMRUSDT,0.03555963940803293
T0478,ALL_VALID,aggregate_valid_gate,171,DOGEUSDT,0.06651197083908701
T0479,ALL_VALID,aggregate_valid_gate,183,KAVAUSDT,0.028558609193141224
T0480,ALL_VALID,aggregate_valid_gate,183,DOGEUSDT,0.0835525151998863
T0481,ALL_VALID,aggregate_valid_gate,181,DOGEUSDT,0.02358815552810056
T0482,ALL_VALID,aggregate_valid_gate,181,DOGEUSDT,0.055839663198454036
T0483,ALL_VALID,aggregate_valid_gate,183,DOGEUSDT,0.038643927052699416
T0484,ALL_VALID,aggregate_valid_gate,183,DOGEUSDT,0.07972677996051333
T0485,ALL_VALID,aggregate_valid_gate,183,XRPUSDT,0.02539467137981819
T0486,ALL_VALID,aggregate_valid_gate,183,FILUSDT,0.03229159008619284
T0487,ALL_VALID,aggregate_valid_gate,183,SUSHIUSDT,0.034127474714082895
T0488,ALL_VALID,aggregate_valid_gate,183,DOGEUSDT,0.11323820682488545
T0489,ALL_VALID,aggregate_valid_gate,181,SOLUSDT,0.037877154047089266
T0490,ALL_VALID,aggregate_valid_gate,180,SOLUSDT,0.045085194528062596
T0491,ALL_VALID,aggregate_valid_gate,181,SOLUSDT,0.049164447376023095
T0492,ALL_VALID,aggregate_valid_gate,181,SOLUSDT,0.05733746187202481
T0493,ALL_VALID,aggregate_valid_gate,184,DOGEUSDT,0.06432900265021274
T0494,ALL_VALID,aggregate_valid_gate,184,DOGEUSDT,0.04120867591310111
T0495,ALL_VALID,aggregate_valid_gate,176,SOLUSDT,0.04245404206006273
T0496,ALL_VALID,aggregate_valid_gate,176,THETAUSDT,0.04184584596038414
T0497,ALL_VALID,aggregate_valid_gate,166,BNBUSDT,0.041106509302500434
T0498,ALL_VALID,aggregate_valid_gate,166,BNBUSDT,0.04598921104045979
T0499,ALL_VALID,aggregate_valid_gate,184,ETCUSDT,0.023493125101170378
T0500,ALL_VALID,aggregate_valid_gate,184,ETCUSDT,0.022832101255073057
T0501,ALL_VALID,aggregate_valid_gate,184,SOLUSDT,0.02969134036577793
T0502,ALL_VALID,aggregate_valid_gate,184,SOLUSDT,0.03526893685836027
T0503,ALL_VALID,aggregate_valid_gate,183,ADAUSDT,0.02231496810108619
T0504,ALL_VALID,aggregate_valid_gate,183,BCHUSDT,0.02403551042856645
T0505,ALL_VALID,aggregate_valid_gate,183,SOLUSDT,0.02819292815315464
T0506,ALL_VALID,aggregate_valid_gate,183,SOLUSDT,0.031664976301641966
T0507,ALL_VALID,aggregate_valid_gate,184,ETCUSDT,0.023195367245235084
T0508,ALL_VALID,aggregate_valid_gate,184,ADAUSDT,0.02328487939318058
T0509,ALL_VALID,aggregate_valid_gate,184,FTMUSDT,0.027028529678344227
T0510,ALL_VALID,aggregate_valid_gate,184,SOLUSDT,0.028459484646134067
T0511,ALL_VALID,aggregate_valid_gate,184,ETCUSDT,0.023493125101170378
T0512,ALL_VALID,aggregate_valid_gate,184,ETCUSDT,0.022832101255073057
T0513,ALL_VALID,aggregate_valid_gate,184,SOLUSDT,0.02969134036577793
T0514,ALL_VALID,aggregate_valid_gate,184,SOLUSDT,0.03526893685836027
T0515,ALL_VALID,aggregate_valid_gate,183,ADAUSDT,0.02231496810108619
T0516,ALL_VALID,aggregate_valid_gate,183,BCHUSDT,0.02403551042856645
T0517,ALL_VALID,aggregate_valid_gate,183,SOLUSDT,0.02819292815315464
T0518,ALL_VALID,aggregate_valid_gate,183,SOLUSDT,0.031664976301641966
T0519,ALL_VALID,aggregate_valid_gate,184,ETCUSDT,0.023195367245235084
T0520,ALL_VALID,aggregate_valid_gate,184,ADAUSDT,0.02328487939318058
T0521,ALL_VALID,aggregate_valid_gate,184,FTMUSDT,0.027028529678344227
T0522,ALL_VALID,aggregate_valid_gate,184,SOLUSDT,0.028459484646134067
T0523,ALL_VALID,aggregate_valid_gate,183,ETCUSDT,0.021982144357787635
T0524,ALL_VALID,aggregate_valid_gate,183,ATOMUSDT,0.023739855555338325
T0525,ALL_VALID,aggregate_valid_gate,183,SOLUSDT,0.027362688081192073
T0526,ALL_VALID,aggregate_valid_gate,183,SOLUSDT,0.02897893946414651
T0527,ALL_VALID,aggregate_valid_gate,183,ETCUSDT,0.022466712461347873
T0528,ALL_VALID,aggregate_valid_gate,183,ATOMUSDT,0.02683358861285119
T0529,ALL_VALID,aggregate_valid_gate,183,ATOMUSDT,0.027488640192096393
T0530,ALL_VALID,aggregate_valid_gate,183,MATICUSDT,0.029501225848596754
T0531,ALL_VALID,aggregate_valid_gate,183,LINKUSDT,0.0232970181059456
T0532,ALL_VALID,aggregate_valid_gate,183,LINKUSDT,0.023319746964048607
T0533,ALL_VALID,aggregate_valid_gate,183,ATOMUSDT,0.02634789607817598
T0534,ALL_VALID,aggregate_valid_gate,183,SOLUSDT,0.034266192398573404
T0535,ALL_VALID,aggregate_valid_gate,183,LINKUSDT,0.023280262277262334
T0536,ALL_VALID,aggregate_valid_gate,183,LINKUSDT,0.0245269501048078
T0537,ALL_VALID,aggregate_valid_gate,183,ATOMUSDT,0.026142771219605926
T0538,ALL_VALID,aggregate_valid_gate,183,LINKUSDT,0.028745882681063133
T0539,ALL_VALID,aggregate_valid_gate,183,SOLUSDT,0.026527327155930775
T0540,ALL_VALID,aggregate_valid_gate,183,ATOMUSDT,0.025089904693338005
T0541,ALL_VALID,aggregate_valid_gate,183,ATOMUSDT,0.028623000113965937
T0542,ALL_VALID,aggregate_valid_gate,183,ATOMUSDT,0.024331348535691272
T0543,ALL_VALID,aggregate_valid_gate,183,SOLUSDT,0.026814988479765704
T0544,ALL_VALID,aggregate_valid_gate,183,ATOMUSDT,0.026047883345336947
T0545,ALL_VALID,aggregate_valid_gate,183,ATOMUSDT,0.0332901160640946
T0546,ALL_VALID,aggregate_valid_gate,183,ATOMUSDT,0.028828668081490677
T0547,ALL_VALID,aggregate_valid_gate,183,ETCUSDT,0.022623831034192576
T0548,ALL_VALID,aggregate_valid_gate,183,LINKUSDT,0.024018762052315262
T0549,ALL_VALID,aggregate_valid_gate,183,SOLUSDT,0.02817618089524831
T0550,ALL_VALID,aggregate_valid_gate,183,DOGEUSDT,0.04056505952257188
T0551,ALL_VALID,aggregate_valid_gate,183,ETCUSDT,0.022435404901456492
T0552,ALL_VALID,aggregate_valid_gate,183,ETCUSDT,0.024074256734067483
T0553,ALL_VALID,aggregate_valid_gate,183,DOGEUSDT,0.031155849642878642
T0554,ALL_VALID,aggregate_valid_gate,183,SOLUSDT,0.034918726402802754
T0555,ALL_VALID,aggregate_valid_gate,183,ETCUSDT,0.02333133355844626
T0556,ALL_VALID,aggregate_valid_gate,183,DOGEUSDT,0.023394583363961243
T0557,ALL_VALID,aggregate_valid_gate,183,SOLUSDT,0.028997565751883374
T0558,ALL_VALID,aggregate_valid_gate,183,DOGEUSDT,0.03649318618276062
T0559,ALL_VALID,aggregate_valid_gate,184,BNBUSDT,0.02697729554293647
T0560,ALL_VALID,aggregate_valid_gate,184,SOLUSDT,0.036261438475527756
T0561,ALL_VALID,aggregate_valid_gate,184,SOLUSDT,0.038523585226089264
T0562,ALL_VALID,aggregate_valid_gate,184,SOLUSDT,0.03820926362930167
T0563,ALL_VALID,aggregate_valid_gate,183,BTCUSDT,0.032938934016646645
T0564,ALL_VALID,aggregate_valid_gate,183,SOLUSDT,0.03442018279860635
T0565,ALL_VALID,aggregate_valid_gate,183,DOGEUSDT,0.04447905195269434
T0566,ALL_VALID,aggregate_valid_gate,183,DOGEUSDT,0.08033987190826068
T0567,ALL_VALID,aggregate_valid_gate,183,ETHUSDT,0.03467486269075606
T0568,ALL_VALID,aggregate_valid_gate,183,ADAUSDT,0.033700233556796494
T0569,ALL_VALID,aggregate_valid_gate,183,DOGEUSDT,0.03919798002172192
T0570,ALL_VALID,aggregate_valid_gate,183,DOGEUSDT,0.08924228562158737
T0571,ALL_VALID,aggregate_valid_gate,183,ATOMUSDT,0.027679875295084876
T0572,ALL_VALID,aggregate_valid_gate,183,DOGEUSDT,0.028565467626623976
T0573,ALL_VALID,aggregate_valid_gate,183,SOLUSDT,0.03562252249128073
T0574,ALL_VALID,aggregate_valid_gate,183,DOGEUSDT,0.039934565838932595
T0575,ALL_VALID,aggregate_valid_gate,183,LINKUSDT,0.023384100647365718
T0576,ALL_VALID,aggregate_valid_gate,183,LINKUSDT,0.024170847067113893
T0577,ALL_VALID,aggregate_valid_gate,183,SOLUSDT,0.02888499751442811
T0578,ALL_VALID,aggregate_valid_gate,183,SOLUSDT,0.03389273361601351
T0579,ALL_VALID,aggregate_valid_gate,183,LINKUSDT,0.026160314103438092
T0580,ALL_VALID,aggregate_valid_gate,183,SOLUSDT,0.02787390380323588
T0581,ALL_VALID,aggregate_valid_gate,183,SOLUSDT,0.028669128734314202
T0582,ALL_VALID,aggregate_valid_gate,183,DOGEUSDT,0.0324012398215589
T0583,ALL_VALID,aggregate_valid_gate,183,LINKUSDT,0.02608025452528801
T0584,ALL_VALID,aggregate_valid_gate,183,LINKUSDT,0.027572983474001625
T0585,ALL_VALID,aggregate_valid_gate,183,LINKUSDT,0.025854893973185664
T0586,ALL_VALID,aggregate_valid_gate,183,SOLUSDT,0.027929583821976023
T0587,ALL_VALID,aggregate_valid_gate,183,ETHUSDT,0.024433594732782234
T0588,ALL_VALID,aggregate_valid_gate,183,ETHUSDT,0.025709976765051424
T0589,ALL_VALID,aggregate_valid_gate,183,SOLUSDT,0.034202676639404704
T0590,ALL_VALID,aggregate_valid_gate,183,SOLUSDT,0.03475132534712554
T0591,ALL_VALID,aggregate_valid_gate,183,ADAUSDT,0.02227420350881235
T0592,ALL_VALID,aggregate_valid_gate,183,ADAUSDT,0.023602366005170853
T0593,ALL_VALID,aggregate_valid_gate,183,SOLUSDT,0.03053724490029782
T0594,ALL_VALID,aggregate_valid_gate,183,SOLUSDT,0.0353229878090759
T0595,ALL_VALID,aggregate_valid_gate,183,ATOMUSDT,0.022036910284976924
T0596,ALL_VALID,aggregate_valid_gate,183,BNBUSDT,0.024167510470458824
T0597,ALL_VALID,aggregate_valid_gate,183,DOGEUSDT,0.030505345296858173
T0598,ALL_VALID,aggregate_valid_gate,183,DOGEUSDT,0.03552076414981976
T0599,ALL_VALID,aggregate_valid_gate,184,LINKUSDT,0.0222443321560308
T0600,ALL_VALID,aggregate_valid_gate,184,ATOMUSDT,0.023065749680784717
T0601,ALL_VALID,aggregate_valid_gate,184,ATOMUSDT,0.02995913700011781
T0602,ALL_VALID,aggregate_valid_gate,184,MATICUSDT,0.028067576342710586
T0603,ALL_VALID,aggregate_valid_gate,184,ETCUSDT,0.022245535323255333
T0604,ALL_VALID,aggregate_valid_gate,184,LINKUSDT,0.02414317683292194
T0605,ALL_VALID,aggregate_valid_gate,184,SOLUSDT,0.024713924390911864
T0606,ALL_VALID,aggregate_valid_gate,184,SOLUSDT,0.032666731182149564
T0607,ALL_VALID,aggregate_valid_gate,181,ETHUSDT,0.025243530869491347
T0608,ALL_VALID,aggregate_valid_gate,181,ETHUSDT,0.027434221007013926
T0609,ALL_VALID,aggregate_valid_gate,181,SOLUSDT,0.03498972908105133
T0610,ALL_VALID,aggregate_valid_gate,181,DOGEUSDT,0.03701288538511383
T0611,ALL_VALID,aggregate_valid_gate,132,XRPUSDT,0.05823408247639251
T0612,ALL_VALID,aggregate_valid_gate,132,XRPUSDT,0.05388397330206771
T0613,ALL_VALID,aggregate_valid_gate,132,XRPUSDT,0.04307138987223496
T0614,ALL_VALID,aggregate_valid_gate,132,XRPUSDT,0.04625427371817699
T0615,ALL_VALID,aggregate_valid_gate,184,ETCUSDT,0.025223256131426695
T0616,ALL_VALID,aggregate_valid_gate,184,LINKUSDT,0.025158317205028997
T0617,ALL_VALID,aggregate_valid_gate,184,FTMUSDT,0.028394431331393133
T0618,ALL_VALID,aggregate_valid_gate,184,ATOMUSDT,0.02134112438024624
T0619,ALL_VALID,aggregate_valid_gate,184,SOLUSDT,0.028038538713993488
T0620,ALL_VALID,aggregate_valid_gate,184,ATOMUSDT,0.032215545510803134
T0621,ALL_VALID,aggregate_valid_gate,184,LTCUSDT,0.024960774735197186
T0622,ALL_VALID,aggregate_valid_gate,184,CRVUSDT,0.02860027340197418
T0623,ALL_VALID,aggregate_valid_gate,184,DOGEUSDT,0.044436546518155595
T0624,ALL_VALID,aggregate_valid_gate,184,ETCUSDT,0.025223256131426695
T0625,ALL_VALID,aggregate_valid_gate,184,LINKUSDT,0.025158317205028997
T0626,ALL_VALID,aggregate_valid_gate,184,FTMUSDT,0.028394431331393133
T0627,ALL_VALID,aggregate_valid_gate,184,ATOMUSDT,0.02134112438024624
T0628,ALL_VALID,aggregate_valid_gate,184,SOLUSDT,0.028038538713993488
T0629,ALL_VALID,aggregate_valid_gate,184,ATOMUSDT,0.032215545510803134
T0630,ALL_VALID,aggregate_valid_gate,184,LTCUSDT,0.024960774735197186
T0631,ALL_VALID,aggregate_valid_gate,184,CRVUSDT,0.02860027340197418
T0632,ALL_VALID,aggregate_valid_gate,184,DOGEUSDT,0.044436546518155595
T0633,ALL_VALID,aggregate_valid_gate,183,ADAUSDT,0.025106692937534012
T0634,ALL_VALID,aggregate_valid_gate,183,SOLUSDT,0.029209741045731548
T0635,ALL_VALID,aggregate_valid_gate,183,DOGEUSDT,0.03297939913708565
T0636,ALL_VALID,aggregate_valid_gate,184,BNBUSDT,0.026672670469761132
T0637,ALL_VALID,aggregate_valid_gate,184,BNBUSDT,0.031828375795377
T0638,ALL_VALID,aggregate_valid_gate,184,DOGEUSDT,0.05830991502951852
T0639,ALL_VALID,aggregate_valid_gate,183,SOLUSDT,0.024426081961530465
T0640,ALL_VALID,aggregate_valid_gate,183,SOLUSDT,0.03637822201680336
T0641,ALL_VALID,aggregate_valid_gate,183,SOLUSDT,0.032814355227775524
T0642,ALL_VALID,aggregate_valid_gate,183,ATOMUSDT,0.02862057153309909
T0643,ALL_VALID,aggregate_valid_gate,183,ATOMUSDT,0.028610731699612556
T0644,ALL_VALID,aggregate_valid_gate,183,ADAUSDT,0.03075794783853306
T0645,ALL_VALID,aggregate_valid_gate,183,SUSHIUSDT,0.035453220204754075
T0646,ALL_VALID,aggregate_valid_gate,183,SUSHIUSDT,0.03177325738745965
T0647,ALL_VALID,aggregate_valid_gate,183,SOLUSDT,0.031006141452423634
T0648,ALL_VALID,aggregate_valid_gate,183,SUSHIUSDT,0.032704563717002845
T0649,ALL_VALID,aggregate_valid_gate,183,SUSHIUSDT,0.04457284357160961
T0650,ALL_VALID,aggregate_valid_gate,183,SUSHIUSDT,0.03540948731049532
T0651,ALL_VALID,aggregate_valid_gate,183,BNBUSDT,0.023646312025173047
T0652,ALL_VALID,aggregate_valid_gate,183,SOLUSDT,0.0303120080639417
T0653,ALL_VALID,aggregate_valid_gate,183,SOLUSDT,0.036307380477719586
T0654,ALL_VALID,aggregate_valid_gate,183,ATOMUSDT,0.02373078221942493
T0655,ALL_VALID,aggregate_valid_gate,183,AVAXUSDT,0.029314665545336595
T0656,ALL_VALID,aggregate_valid_gate,183,SOLUSDT,0.03567503531636146
T0657,ALL_VALID,aggregate_valid_gate,183,ADAUSDT,0.023898531034667166
T0658,ALL_VALID,aggregate_valid_gate,183,LINKUSDT,0.02512043199202064
T0659,ALL_VALID,aggregate_valid_gate,183,DOGEUSDT,0.030859277448880427
T0660,ALL_VALID,aggregate_valid_gate,183,ETHUSDT,0.03580277141179458
T0661,ALL_VALID,aggregate_valid_gate,183,DOGEUSDT,0.05058519573326334
T0662,ALL_VALID,aggregate_valid_gate,183,DOGEUSDT,0.058641890890597306
T0663,ALL_VALID,aggregate_valid_gate,183,ADAUSDT,0.046372672807814944
T0664,ALL_VALID,aggregate_valid_gate,183,DOGEUSDT,0.06133980458888301
T0665,ALL_VALID,aggregate_valid_gate,183,DOGEUSDT,0.08437991275761125
T0666,ALL_VALID,aggregate_valid_gate,182,DOGEUSDT,0.05543642193365342
T0667,ALL_VALID,aggregate_valid_gate,182,DOGEUSDT,0.07599554440419498
T0668,ALL_VALID,aggregate_valid_gate,182,DOGEUSDT,0.10487992622231652
T0669,ALL_VALID,aggregate_valid_gate,181,DOGEUSDT,0.029530218261553453
T0670,ALL_VALID,aggregate_valid_gate,181,SOLUSDT,0.03793190013310839
T0671,ALL_VALID,aggregate_valid_gate,181,SOLUSDT,0.036812003030479414
T0672,ALL_VALID,aggregate_valid_gate,183,ATOMUSDT,0.027525700668631775
T0673,ALL_VALID,aggregate_valid_gate,183,ATOMUSDT,0.030467920026948446
T0674,ALL_VALID,aggregate_valid_gate,183,ATOMUSDT,0.03320208964064661
T0675,ALL_VALID,aggregate_valid_gate,183,DOGEUSDT,0.02943449510439401
T0676,ALL_VALID,aggregate_valid_gate,183,SOLUSDT,0.03816862487501173
T0677,ALL_VALID,aggregate_valid_gate,183,SOLUSDT,0.0350552520229699
T0678,ALL_VALID,aggregate_valid_gate,183,ETHUSDT,0.02455044525412194
T0679,ALL_VALID,aggregate_valid_gate,183,ATOMUSDT,0.03861829942923263
T0680,ALL_VALID,aggregate_valid_gate,183,ATOMUSDT,0.03252025657914345
T0681,ALL_VALID,aggregate_valid_gate,183,BNBUSDT,0.027931319745830185
T0682,ALL_VALID,aggregate_valid_gate,183,DOGEUSDT,0.035664652146030235
T0683,ALL_VALID,aggregate_valid_gate,183,SOLUSDT,0.04023778987682413
T0684,ALL_VALID,aggregate_valid_gate,183,DOGEUSDT,0.027122596035784263
T0685,ALL_VALID,aggregate_valid_gate,183,SOLUSDT,0.029734908140332795
T0686,ALL_VALID,aggregate_valid_gate,183,SOLUSDT,0.03669881676527229
T0687,ALL_VALID,aggregate_valid_gate,183,LINKUSDT,0.02502744546764384
T0688,ALL_VALID,aggregate_valid_gate,183,SOLUSDT,0.032206674495721004
T0689,ALL_VALID,aggregate_valid_gate,183,SOLUSDT,0.0347132344190308
T0690,ALL_VALID,aggregate_valid_gate,184,CRVUSDT,0.02625670179738868
T0691,ALL_VALID,aggregate_valid_gate,184,DOGEUSDT,0.03751015661876427
T0692,ALL_VALID,aggregate_valid_gate,184,DOGEUSDT,0.03511667194371552
T0693,ALL_VALID,aggregate_valid_gate,181,DOGEUSDT,0.026590550924787622
T0694,ALL_VALID,aggregate_valid_gate,181,DOGEUSDT,0.04220851059020884
T0695,ALL_VALID,aggregate_valid_gate,181,DOGEUSDT,0.06474553581250711
T0696,ALL_VALID,aggregate_valid_gate,132,ETCUSDT,0.03748237105961622
T0697,ALL_VALID,aggregate_valid_gate,132,NEOUSDT,0.035718039330329805
T0698,ALL_VALID,aggregate_valid_gate,132,XRPUSDT,0.04197429118447326
T0699,ALL_VALID,aggregate_valid_gate,184,ETCUSDT,0.030297213226552898
T0700,ALL_VALID,aggregate_valid_gate,184,DOGEUSDT,0.07108524002529537
T0701,ALL_VALID,aggregate_valid_gate,184,ATOMUSDT,0.03777103535323097
T0702,ALL_VALID,aggregate_valid_gate,184,UNIUSDT,0.03447319508096847
T0703,ALL_VALID,aggregate_valid_gate,174,SOLUSDT,0.029764497275523844
T0704,ALL_VALID,aggregate_valid_gate,174,CRVUSDT,0.03073589704813869
T0705,ALL_VALID,aggregate_valid_gate,184,ETCUSDT,0.030297213226552898
T0706,ALL_VALID,aggregate_valid_gate,184,DOGEUSDT,0.07108524002529537
T0707,ALL_VALID,aggregate_valid_gate,184,ATOMUSDT,0.03777103535323097
T0708,ALL_VALID,aggregate_valid_gate,184,UNIUSDT,0.03447319508096847
T0709,ALL_VALID,aggregate_valid_gate,174,SOLUSDT,0.029764497275523844
T0710,ALL_VALID,aggregate_valid_gate,174,CRVUSDT,0.03073589704813869
T0711,ALL_VALID,aggregate_valid_gate,184,MATICUSDT,0.027289414520421763
T0712,ALL_VALID,aggregate_valid_gate,184,SOLUSDT,0.03377470782357528
T0713,ALL_VALID,aggregate_valid_gate,184,BNBUSDT,0.03763390236985408
T0714,ALL_VALID,aggregate_valid_gate,184,DOGEUSDT,0.07047507442256984
T0715,ALL_VALID,aggregate_valid_gate,183,ATOMUSDT,0.02601761929441397
T0716,ALL_VALID,aggregate_valid_gate,183,LINKUSDT,0.02769111979907833
T0717,ALL_VALID,aggregate_valid_gate,183,CRVUSDT,0.0348904800402527
T0718,ALL_VALID,aggregate_valid_gate,183,SUSHIUSDT,0.030726914624818625
T0719,ALL_VALID,aggregate_valid_gate,178,ANCUSDT,0.04066615636702553
T0720,ALL_VALID,aggregate_valid_gate,178,ATOMUSDT,0.03143551128061559
T0721,ALL_VALID,aggregate_valid_gate,176,ANCUSDT,0.04336809748874379
T0722,ALL_VALID,aggregate_valid_gate,176,BNBUSDT,0.02688201843946557
T0723,ALL_VALID,aggregate_valid_gate,183,SOLUSDT,0.02927159604445522
T0724,ALL_VALID,aggregate_valid_gate,183,DOGEUSDT,0.05779530454183112
T0725,ALL_VALID,aggregate_valid_gate,183,AVAXUSDT,0.026390886069716762
T0726,ALL_VALID,aggregate_valid_gate,183,ATOMUSDT,0.02789225268345453
T0727,ALL_VALID,aggregate_valid_gate,183,SOLUSDT,0.03614209639686811
T0728,ALL_VALID,aggregate_valid_gate,183,DOGEUSDT,0.03905803205778928
T0729,ALL_VALID,aggregate_valid_gate,183,BNBUSDT,0.031837329213729185
T0730,ALL_VALID,aggregate_valid_gate,183,DOGEUSDT,0.07349652708181385
T0731,ALL_VALID,aggregate_valid_gate,177,TRBUSDT,0.03234015046376753
T0732,ALL_VALID,aggregate_valid_gate,177,DOGEUSDT,0.09615740976079964
T0733,ALL_VALID,aggregate_valid_gate,159,FILUSDT,0.03529419289185392
T0734,ALL_VALID,aggregate_valid_gate,159,DOGEUSDT,0.11077064419914394
T0735,ALL_VALID,aggregate_valid_gate,176,SOLUSDT,0.03244701732591882
T0736,ALL_VALID,aggregate_valid_gate,176,DOGEUSDT,0.07799506684640502
T0737,ALL_VALID,aggregate_valid_gate,183,DOGEUSDT,0.029420028928089148
T0738,ALL_VALID,aggregate_valid_gate,183,ADAUSDT,0.03627245062919425
T0739,ALL_VALID,aggregate_valid_gate,181,ATOMUSDT,0.03149121354905157
T0740,ALL_VALID,aggregate_valid_gate,181,DOGEUSDT,0.030899870347911067
T0741,ALL_VALID,aggregate_valid_gate,180,YFIUSDT,0.028721427464746083
T0742,ALL_VALID,aggregate_valid_gate,180,DOGEUSDT,0.04515009941829809
T0743,ALL_VALID,aggregate_valid_gate,183,SOLUSDT,0.04263030781061348
T0744,ALL_VALID,aggregate_valid_gate,183,SOLUSDT,0.0432449405953171
T0745,ALL_VALID,aggregate_valid_gate,183,DOGEUSDT,0.04284884868467588
T0746,ALL_VALID,aggregate_valid_gate,183,DOGEUSDT,0.036429534263388276
T0747,ALL_VALID,aggregate_valid_gate,183,ATOMUSDT,0.02705997860608125
T0748,ALL_VALID,aggregate_valid_gate,183,DOGEUSDT,0.02839559885602271
T0749,ALL_VALID,aggregate_valid_gate,174,ATOMUSDT,0.03135050924366044
T0750,ALL_VALID,aggregate_valid_gate,173,ANCUSDT,0.027401420364813432
T0751,ALL_VALID,aggregate_valid_gate,184,ATOMUSDT,0.03080076045978322
T0752,ALL_VALID,aggregate_valid_gate,184,ATOMUSDT,0.03211374376101445
T0753,ALL_VALID,aggregate_valid_gate,181,SOLUSDT,0.03060847550706547
T0754,ALL_VALID,aggregate_valid_gate,181,DOGEUSDT,0.036112005976280614
T0755,ALL_VALID,aggregate_valid_gate,132,SUSHIUSDT,0.044010844833937385
T0756,ALL_VALID,aggregate_valid_gate,132,DOGEUSDT,0.05069567288409347
