trial_id,feature_id,variant,market,timeframe,side,horizon_bars,valid_fold_count,positive_fold_fraction,aggregate_hac_t,fdr_q_value,max_top_symbol_share_abs,catastrophic_reversal,temporal_replication
T0001,trend.ema_20_50_spread,ema_10_30,spot,15m,LONG,4,8,0.0,-55.58266932535566,0.0,0.02145175230345715,True,NO_REPLICATION
T0002,trend.ema_20_50_spread,ema_10_30,spot,15m,LONG,16,8,0.0,-16.57600335210001,1.1171195613301195e-60,0.020524008925061305,True,NO_REPLICATION
T0003,trend.ema_20_50_spread,ema_10_30,spot,15m,LONG,48,8,0.0,-6.4645388658400185,3.4591363946752505e-10,0.018122367232050983,True,NO_REPLICATION
T0004,trend.ema_20_50_spread,ema_10_30,spot,15m,LONG,96,8,0.25,-2.497992226609906,0.019761041961402735,0.021619154205288694,True,NO_REPLICATION
T0005,trend.ema_20_50_spread,ema_20_50,spot,15m,LONG,4,8,0.0,-53.62912365942971,0.0,0.02196851615899122,True,NO_REPLICATION
T0006,trend.ema_20_50_spread,ema_20_50,spot,15m,LONG,16,8,0.0,-15.215142795004462,2.623711900842532e-51,0.024348124034358178,True,NO_REPLICATION
T0007,trend.ema_20_50_spread,ema_20_50,spot,15m,LONG,48,8,0.125,-5.321345455330568,2.8852095079629387e-07,0.02416869413309753,True,NO_REPLICATION
T0008,trend.ema_20_50_spread,ema_20_50,spot,15m,LONG,96,8,0.375,-2.063538291388301,0.055939825088304085,0.048981221396249615,True,NO_REPLICATION
T0009,trend.ema_20_50_spread,ema_50_200,spot,15m,LONG,4,8,0.0,-54.50087167776838,0.0,0.022347512460691544,True,NO_REPLICATION
T0010,trend.ema_20_50_spread,ema_50_200,spot,15m,LONG,16,8,0.0,-14.7757734639316,1.866079038519557e-48,0.02226960899229142,True,NO_REPLICATION
T0011,trend.ema_20_50_spread,ema_50_200,spot,15m,LONG,48,8,0.125,-4.073271411122529,0.00010604534034750337,0.022520683040361325,True,NO_REPLICATION
T0012,trend.ema_20_50_spread,ema_50_200,spot,15m,LONG,96,8,0.5,-1.4356901846347316,0.19901073885973863,0.04250179851859928,False,NO_REPLICATION
T0013,trend.ema_50_200_regime,ema_10_30,spot,15m,LONG,4,8,0.0,-55.58266932535566,0.0,0.02145175230345715,True,NO_REPLICATION
T0014,trend.ema_50_200_regime,ema_10_30,spot,15m,LONG,16,8,0.0,-16.57600335210001,1.1171195613301195e-60,0.020524008925061305,True,NO_REPLICATION
T0015,trend.ema_50_200_regime,ema_10_30,spot,15m,LONG,48,8,0.0,-6.4645388658400185,3.4591363946752505e-10,0.018122367232050983,True,NO_REPLICATION
T0016,trend.ema_50_200_regime,ema_10_30,spot,15m,LONG,96,8,0.25,-2.497992226609906,0.019761041961402735,0.021619154205288694,True,NO_REPLICATION
T0017,trend.ema_50_200_regime,ema_20_50,spot,15m,LONG,4,8,0.0,-53.62912365942971,0.0,0.02196851615899122,True,NO_REPLICATION
T0018,trend.ema_50_200_regime,ema_20_50,spot,15m,LONG,16,8,0.0,-15.215142795004462,2.623711900842532e-51,0.024348124034358178,True,NO_REPLICATION
T0019,trend.ema_50_200_regime,ema_20_50,spot,15m,LONG,48,8,0.125,-5.321345455330568,2.8852095079629387e-07,0.02416869413309753,True,NO_REPLICATION
T0020,trend.ema_50_200_regime,ema_20_50,spot,15m,LONG,96,8,0.375,-2.063538291388301,0.055939825088304085,0.048981221396249615,True,NO_REPLICATION
T0021,trend.ema_50_200_regime,ema_50_200,spot,15m,LONG,4,8,0.0,-54.50087167776838,0.0,0.022347512460691544,True,NO_REPLICATION
T0022,trend.ema_50_200_regime,ema_50_200,spot,15m,LONG,16,8,0.0,-14.7757734639316,1.866079038519557e-48,0.02226960899229142,True,NO_REPLICATION
T0023,trend.ema_50_200_regime,ema_50_200,spot,15m,LONG,48,8,0.125,-4.073271411122529,0.00010604534034750337,0.022520683040361325,True,NO_REPLICATION
T0024,trend.ema_50_200_regime,ema_50_200,spot,15m,LONG,96,8,0.5,-1.4356901846347316,0.19901073885973863,0.04250179851859928,False,NO_REPLICATION
T0025,trend.ema_slope,default,spot,15m,LONG,4,8,0.0,-57.174878323953756,0.0,0.021576870804010446,True,NO_REPLICATION
T0026,trend.ema_slope,default,spot,15m,LONG,16,8,0.0,-16.67214738854813,2.319525361527613e-61,0.022503320681347708,True,NO_REPLICATION
T0027,trend.ema_slope,default,spot,15m,LONG,48,8,0.0,-6.394548325814248,5.360044255156995e-10,0.02195109267746121,True,NO_REPLICATION
T0028,trend.ema_slope,default,spot,15m,LONG,96,8,0.25,-2.8820649337409936,0.006838855065460424,0.02617110206387829,True,NO_REPLICATION
T0029,trend.adx_dmi,adx14_threshold20,spot,15m,LONG,4,8,0.0,-54.221248381136824,0.0,0.01986880602407217,True,NO_REPLICATION
T0030,trend.adx_dmi,adx14_threshold20,spot,15m,LONG,16,8,0.0,-17.523920284879004,1.2469842826326773e-67,0.02078199491461446,True,NO_REPLICATION
T0031,trend.adx_dmi,adx14_threshold20,spot,15m,LONG,48,8,0.0,-6.461362130440205,3.5183863802078286e-10,0.01975712177721772,True,NO_REPLICATION
T0032,trend.adx_dmi,adx14_threshold20,spot,15m,LONG,96,8,0.375,-2.2739765382467056,0.03452882296021748,0.024069063910297825,True,NO_REPLICATION
T0033,trend.kaufman_er,er10_threshold0.3,spot,15m,LONG,4,8,0.0,-56.78340890644341,0.0,0.02104709238783782,True,NO_REPLICATION
T0034,trend.kaufman_er,er10_threshold0.3,spot,15m,LONG,16,8,0.0,-18.21045773807234,6.018354040857218e-73,0.021395974553737384,True,NO_REPLICATION
T0035,trend.kaufman_er,er10_threshold0.3,spot,15m,LONG,48,8,0.0,-6.735563894979174,5.7716780349156825e-11,0.019868827860788488,True,NO_REPLICATION
T0036,trend.kaufman_er,er10_threshold0.3,spot,15m,LONG,96,8,0.125,-2.567634339556787,0.016698396301017306,0.026603259745665176,True,NO_REPLICATION
T0037,trend.donchian,donchian_20,spot,15m,LONG,4,8,0.0,-43.13748635096784,0.0,0.02275109081418728,True,NO_REPLICATION
T0038,trend.donchian,donchian_20,spot,15m,LONG,16,8,0.0,-18.558796580778143,1.2580606884509796e-75,0.022304921781466747,True,NO_REPLICATION
T0039,trend.donchian,donchian_20,spot,15m,LONG,48,8,0.0,-8.62661349706718,2.5979692627246745e-17,0.018343701514864526,True,NO_REPLICATION
T0040,trend.donchian,donchian_20,spot,15m,LONG,96,8,0.125,-3.061031725108801,0.00403183573643261,0.022441111973602663,True,NO_REPLICATION
T0041,trend.donchian,donchian_48,spot,15m,LONG,4,8,0.0,-33.26890092559313,1.1131257278584864e-238,0.024196221230184913,True,NO_REPLICATION
T0042,trend.donchian,donchian_48,spot,15m,LONG,16,8,0.0,-15.791299034575554,4.636523854156638e-55,0.02379612588757983,True,NO_REPLICATION
T0043,trend.donchian,donchian_48,spot,15m,LONG,48,8,0.125,-6.8567033646024615,2.527077884548725e-11,0.027900282516895,True,NO_REPLICATION
T0044,trend.donchian,donchian_48,spot,15m,LONG,96,8,0.25,-2.5373126378239896,0.0179641478343652,0.05873344333135407,True,NO_REPLICATION
T0045,trend.donchian,donchian_55,spot,15m,LONG,4,8,0.0,-32.39866440520297,2.0144701590570714e-226,0.02465545161784308,True,NO_REPLICATION
T0046,trend.donchian,donchian_55,spot,15m,LONG,16,8,0.0,-15.261753008511867,1.6720591548087834e-51,0.02744919775538797,True,NO_REPLICATION
T0047,trend.donchian,donchian_55,spot,15m,LONG,48,8,0.125,-6.709047220313022,6.923886761820161e-11,0.033213944803646755,True,NO_REPLICATION
T0048,trend.donchian,donchian_55,spot,15m,LONG,96,8,0.25,-2.779357542405161,0.00928210444177932,0.06250465981615581,True,NO_REPLICATION
T0049,momentum.roc,roc_6,spot,15m,LONG,4,8,0.0,-57.68950524306963,0.0,0.02149047410385206,True,NO_REPLICATION
T0050,momentum.roc,roc_6,spot,15m,LONG,16,8,0.0,-16.82319944718524,1.9268752139867388e-62,0.021345115801960943,True,NO_REPLICATION
T0051,momentum.roc,roc_6,spot,15m,LONG,48,8,0.0,-6.269571755026645,1.1785379296083406e-09,0.02241784226205315,True,NO_REPLICATION
T0052,momentum.roc,roc_6,spot,15m,LONG,96,8,0.375,-2.8028138300762717,0.008650049285514314,0.022844899615090893,True,NO_REPLICATION
T0053,momentum.roc,roc_12,spot,15m,LONG,4,8,0.0,-57.22769458463608,0.0,0.020643928070693946,True,NO_REPLICATION
T0054,momentum.roc,roc_12,spot,15m,LONG,16,8,0.0,-17.196850288007905,3.501168943485291e-65,0.02162020060035418,True,NO_REPLICATION
T0055,momentum.roc,roc_12,spot,15m,LONG,48,8,0.0,-6.411032962763218,4.834082799828919e-10,0.019674671612317417,True,NO_REPLICATION
T0056,momentum.roc,roc_12,spot,15m,LONG,96,8,0.375,-2.4626102830757346,0.021507562690910382,0.023768457766385222,True,NO_REPLICATION
T0057,momentum.roc,roc_24,spot,15m,LONG,4,8,0.0,-56.54810495513787,0.0,0.021101211211430083,True,NO_REPLICATION
T0058,momentum.roc,roc_24,spot,15m,LONG,16,8,0.0,-17.119176282250496,1.3042090148572295e-64,0.020135640102021908,True,NO_REPLICATION
T0059,momentum.roc,roc_24,spot,15m,LONG,48,8,0.0,-6.214560423889972,1.669192996334065e-09,0.02170803241713876,True,NO_REPLICATION
T0060,momentum.roc,roc_24,spot,15m,LONG,96,8,0.125,-2.573048933475009,0.016502822741017595,0.026437437224983686,True,NO_REPLICATION
T0061,momentum.rsi,rsi_7_30_70,spot,15m,LONG,4,8,0.0,-28.8649373439954,8.70316429353222e-181,0.025009696290677372,True,NO_REPLICATION
T0062,momentum.rsi,rsi_7_30_70,spot,15m,LONG,16,8,0.0,-8.971931731010644,1.2782227657076954e-18,0.024513441472559856,True,NO_REPLICATION
T0063,momentum.rsi,rsi_7_30_70,spot,15m,LONG,48,8,0.25,-2.566971352818652,0.016698396301017306,0.030514678108941696,True,NO_REPLICATION
T0064,momentum.rsi,rsi_7_30_70,spot,15m,LONG,96,8,0.375,-1.9885923312591047,0.06632010159708254,0.02319983205937881,True,NO_REPLICATION
T0065,momentum.rsi,rsi_14_30_70,spot,15m,LONG,4,8,0.125,-12.82402877835685,1.1072991405467248e-36,0.032965639004008104,True,NO_REPLICATION
T0066,momentum.rsi,rsi_14_30_70,spot,15m,LONG,16,8,0.25,-4.409453247817645,2.543033143148808e-05,0.033164089164559346,True,NO_REPLICATION
T0067,momentum.rsi,rsi_14_30_70,spot,15m,LONG,48,8,0.375,-2.4791004120622757,0.020807223941674145,0.030028553651340384,True,NO_REPLICATION
T0068,momentum.rsi,rsi_14_30_70,spot,15m,LONG,96,8,0.5,-1.025033913589649,0.368783904466293,0.02066783669506108,True,NO_REPLICATION
T0069,momentum.rsi,rsi_21_30_70,spot,15m,LONG,4,8,0.125,-6.004337887964381,6.325149608905942e-09,0.04412453808711016,False,NO_REPLICATION
T0070,momentum.rsi,rsi_21_30_70,spot,15m,LONG,16,8,0.25,-2.7023918289624826,0.011513714475114225,0.03657894904547051,False,NO_REPLICATION
T0071,momentum.rsi,rsi_21_30_70,spot,15m,LONG,48,8,0.125,-1.9968662540841604,0.06520028430668927,0.03388210813741123,True,NO_REPLICATION
T0072,momentum.rsi,rsi_21_30_70,spot,15m,LONG,96,8,0.625,-0.11091315814811363,0.9226733017862377,0.029039260555947622,False,NO_REPLICATION
T0073,volatility.atr_natr,natr14_filter,spot,15m,LONG,4,8,0.0,-38.5468947492739,0.0,0.02313025923678443,True,NO_REPLICATION
T0074,volatility.atr_natr,natr14_filter,spot,15m,LONG,16,8,0.0,-11.033794435779635,1.617665235817725e-27,0.023604749240611678,True,NO_REPLICATION
T0075,volatility.atr_natr,natr14_filter,spot,15m,LONG,48,8,0.25,-2.944371839513481,0.005774676603886113,0.023921622477210025,True,NO_REPLICATION
T0076,volatility.atr_natr,natr14_filter,spot,15m,LONG,96,8,0.625,1.0810279632702597,0.3416018417519148,0.061942084249010126,False,NO_REPLICATION
T0077,volatility.bollinger_bandwidth,bb20_2s_filter,spot,15m,LONG,4,8,0.0,-57.67621884835818,0.0,0.02002306613992546,True,NO_REPLICATION
T0078,volatility.bollinger_bandwidth,bb20_2s_filter,spot,15m,LONG,16,8,0.0,-16.75125508021362,6.282031433039299e-62,0.020824984885126668,True,NO_REPLICATION
T0079,volatility.bollinger_bandwidth,bb20_2s_filter,spot,15m,LONG,48,8,0.0,-5.755387979484284,2.6584253652383998e-08,0.021692369412853803,True,NO_REPLICATION
T0080,volatility.bollinger_bandwidth,bb20_2s_filter,spot,15m,LONG,96,8,0.375,-2.465609538660696,0.02137157615893501,0.02688804509062807,True,NO_REPLICATION
T0081,volatility.realized_percentile,rv20_p100_filter,spot,15m,LONG,4,8,0.0,-41.46682961478963,0.0,0.019104319526226134,True,NO_REPLICATION
T0082,volatility.realized_percentile,rv20_p100_filter,spot,15m,LONG,16,8,0.0,-14.728930181401052,4.194591607526898e-48,0.018969063035080683,True,NO_REPLICATION
T0083,volatility.realized_percentile,rv20_p100_filter,spot,15m,LONG,48,8,0.125,-4.73511773851981,5.7521201895258014e-06,0.024348847383015897,True,NO_REPLICATION
T0084,volatility.realized_percentile,rv20_p100_filter,spot,15m,LONG,96,8,0.375,-1.5298959795726497,0.16837110187615045,0.03619146377115782,True,NO_REPLICATION
T0085,volume.rvol,rvol20_filter,spot,15m,LONG,4,8,0.0,-44.63322429967839,0.0,0.020105490508965488,True,NO_REPLICATION
T0086,volume.rvol,rvol20_filter,spot,15m,LONG,16,8,0.0,-16.689929014687706,1.9236929791495806e-61,0.020920204881421885,True,NO_REPLICATION
T0087,volume.rvol,rvol20_filter,spot,15m,LONG,48,8,0.0,-6.306831481401886,9.32906533895324e-10,0.01906449397186712,True,NO_REPLICATION
T0088,volume.rvol,rvol20_filter,spot,15m,LONG,96,8,0.375,-2.050948208696937,0.05745644771639343,0.04875719818776406,True,NO_REPLICATION
T0089,volume.vwap_deviation,vwap_dev20_reversal,spot,15m,LONG,4,8,0.0,-47.49786565557995,0.0,0.020175743695151033,True,NO_REPLICATION
T0090,volume.vwap_deviation,vwap_dev20_reversal,spot,15m,LONG,16,8,0.0,-12.637335156530655,9.445475471723057e-36,0.02148710446710546,True,NO_REPLICATION
T0091,volume.vwap_deviation,vwap_dev20_reversal,spot,15m,LONG,48,8,0.125,-4.1668038909557525,7.19623448031372e-05,0.021026773827229082,True,NO_REPLICATION
T0092,volume.vwap_deviation,vwap_dev20_reversal,spot,15m,LONG,96,8,0.375,-2.2728255136578372,0.0345635205472597,0.024863070965013202,True,NO_REPLICATION
T0093,orderflow.taker_ratio,ratio_sign,spot,15m,LONG,4,8,0.0,-57.07629167417351,0.0,0.020911135622792912,True,NO_REPLICATION
T0094,orderflow.taker_ratio,ratio_sign,spot,15m,LONG,16,8,0.0,-15.41913449633649,1.148908694586118e-52,0.021073431195115788,True,NO_REPLICATION
T0095,orderflow.taker_ratio,ratio_sign,spot,15m,LONG,48,8,0.0,-5.459771478148387,1.3695282878952577e-07,0.020895609047960662,True,NO_REPLICATION
T0096,orderflow.taker_ratio,ratio_sign,spot,15m,LONG,96,8,0.375,-2.830819792474712,0.00799954256756462,0.025840717126293343,True,NO_REPLICATION
T0097,orderflow.cvd,cvd_slope6_sign,spot,15m,LONG,4,8,0.0,-56.57391495618502,0.0,0.022451804974298457,True,NO_REPLICATION
T0098,orderflow.cvd,cvd_slope6_sign,spot,15m,LONG,16,8,0.0,-15.218762609927202,2.4499950707750363e-51,0.019694611502249312,True,NO_REPLICATION
T0099,orderflow.cvd,cvd_slope6_sign,spot,15m,LONG,48,8,0.0,-5.472580190990418,1.2789404891246916e-07,0.022978694875441165,True,NO_REPLICATION
T0100,orderflow.cvd,cvd_slope6_sign,spot,15m,LONG,96,8,0.375,-2.3344075305386727,0.029841411177765134,0.02558871164727347,True,NO_REPLICATION
T0101,context.btc_regime,regime_follow,spot,15m,LONG,4,8,0.0,-33.28242913834256,1.4238031917699935e-229,0.02026195734335244,True,NO_REPLICATION
T0102,context.btc_regime,regime_follow,spot,15m,LONG,16,8,0.0,-9.64839711158352,4.086846315267564e-21,0.021534844565680604,True,NO_REPLICATION
T0103,context.btc_regime,regime_follow,spot,15m,LONG,48,8,0.125,-2.1119276098585846,0.05056003364716924,0.023117003712103592,True,NO_REPLICATION
T0104,context.btc_regime,regime_follow,spot,15m,LONG,96,8,0.375,-1.193858406305996,0.28949683883461275,0.02713860601660219,True,NO_REPLICATION
T0105,context.market_breadth,breadth_0.4_0.6,spot,15m,LONG,4,8,0.0,-40.039034099462036,0.0,0.021419207497811118,True,NO_REPLICATION
T0106,context.market_breadth,breadth_0.4_0.6,spot,15m,LONG,16,8,0.0,-10.990316414137547,4.9592792414284844e-27,0.02361488949890367,True,NO_REPLICATION
T0107,context.market_breadth,breadth_0.4_0.6,spot,15m,LONG,48,8,0.125,-2.7212595171006666,0.01096150567155981,0.020256967457598744,True,NO_REPLICATION
T0108,context.market_breadth,breadth_0.4_0.6,spot,15m,LONG,96,8,0.25,-0.8764160667624149,0.44308953980160753,0.02179231377823024,False,NO_REPLICATION
T0109,trend.ema_20_50_spread,ema_10_30,spot,1h,LONG,4,8,0.0,-13.086064105282926,3.533728003914377e-38,0.021936477455181392,True,NO_REPLICATION
T0110,trend.ema_20_50_spread,ema_10_30,spot,1h,LONG,12,8,0.125,-4.554378517247033,1.3131575501953849e-05,0.027112160694173514,True,NO_REPLICATION
T0111,trend.ema_20_50_spread,ema_10_30,spot,1h,LONG,24,8,0.25,-2.4700352156047214,0.021204590633013998,0.03202330326970572,True,NO_REPLICATION
T0112,trend.ema_20_50_spread,ema_20_50,spot,1h,LONG,4,8,0.0,-12.584924542347233,2.0997469402859823e-35,0.025528187463831994,True,NO_REPLICATION
T0113,trend.ema_20_50_spread,ema_20_50,spot,1h,LONG,12,8,0.125,-4.401027236118337,2.6222748892120216e-05,0.025402950320873387,True,NO_REPLICATION
T0114,trend.ema_20_50_spread,ema_20_50,spot,1h,LONG,24,8,0.375,-1.813391633211351,0.09663010650886067,0.04042225361066448,False,NO_REPLICATION
T0115,trend.ema_20_50_spread,ema_50_200,spot,1h,LONG,4,8,0.0,-11.954133251435302,4.701150888920465e-32,0.02724332107582741,True,NO_REPLICATION
T0116,trend.ema_20_50_spread,ema_50_200,spot,1h,LONG,12,8,0.25,-3.260699338011702,0.0020988068509334777,0.024951576554345625,True,NO_REPLICATION
T0117,trend.ema_20_50_spread,ema_50_200,spot,1h,LONG,24,8,0.5,-0.6095801360743316,0.59314721034338,0.03398191032852928,True,NO_REPLICATION
T0118,trend.ema_50_200_regime,ema_10_30,spot,1h,LONG,4,8,0.0,-13.086064105282926,3.533728003914377e-38,0.021936477455181392,True,NO_REPLICATION
T0119,trend.ema_50_200_regime,ema_10_30,spot,1h,LONG,12,8,0.125,-4.554378517247033,1.3131575501953849e-05,0.027112160694173514,True,NO_REPLICATION
T0120,trend.ema_50_200_regime,ema_10_30,spot,1h,LONG,24,8,0.25,-2.4700352156047214,0.021204590633013998,0.03202330326970572,True,NO_REPLICATION
T0121,trend.ema_50_200_regime,ema_20_50,spot,1h,LONG,4,8,0.0,-12.584924542347233,2.0997469402859823e-35,0.025528187463831994,True,NO_REPLICATION
T0122,trend.ema_50_200_regime,ema_20_50,spot,1h,LONG,12,8,0.125,-4.401027236118337,2.6222748892120216e-05,0.025402950320873387,True,NO_REPLICATION
T0123,trend.ema_50_200_regime,ema_20_50,spot,1h,LONG,24,8,0.375,-1.813391633211351,0.09663010650886067,0.04042225361066448,False,NO_REPLICATION
T0124,trend.ema_50_200_regime,ema_50_200,spot,1h,LONG,4,8,0.0,-11.954133251435302,4.701150888920465e-32,0.02724332107582741,True,NO_REPLICATION
T0125,trend.ema_50_200_regime,ema_50_200,spot,1h,LONG,12,8,0.25,-3.260699338011702,0.0020988068509334777,0.024951576554345625,True,NO_REPLICATION
T0126,trend.ema_50_200_regime,ema_50_200,spot,1h,LONG,24,8,0.5,-0.6095801360743316,0.59314721034338,0.03398191032852928,True,NO_REPLICATION
T0127,trend.ema_slope,default,spot,1h,LONG,4,8,0.0,-13.53279027040833,9.79036411710174e-41,0.02359994562315652,True,NO_REPLICATION
T0128,trend.ema_slope,default,spot,1h,LONG,12,8,0.125,-4.966332580475125,1.8421372605031767e-06,0.0213941864345459,True,NO_REPLICATION
T0129,trend.ema_slope,default,spot,1h,LONG,24,8,0.25,-2.5631846906513345,0.016767609605868636,0.029376130803290403,True,NO_REPLICATION
T0130,trend.adx_dmi,adx14_threshold20,spot,1h,LONG,4,8,0.0,-13.234053081834633,5.3067360929029655e-39,0.021796446216555233,True,NO_REPLICATION
T0131,trend.adx_dmi,adx14_threshold20,spot,1h,LONG,12,8,0.125,-4.863700046189804,3.0775599732903417e-06,0.02221468754311115,True,NO_REPLICATION
T0132,trend.adx_dmi,adx14_threshold20,spot,1h,LONG,24,8,0.375,-1.8067808003815153,0.09751505410101989,0.03544930244999477,False,NO_REPLICATION
T0133,trend.kaufman_er,er10_threshold0.3,spot,1h,LONG,4,8,0.0,-15.732178908967452,1.3892242554266763e-54,0.020549829636995882,True,NO_REPLICATION
T0134,trend.kaufman_er,er10_threshold0.3,spot,1h,LONG,12,8,0.125,-6.483212494298404,3.1250900764709206e-10,0.02293156850721436,True,NO_REPLICATION
T0135,trend.kaufman_er,er10_threshold0.3,spot,1h,LONG,24,8,0.25,-2.7630517662231218,0.009716813049353186,0.023737126256157304,True,NO_REPLICATION
T0136,trend.donchian,donchian_20,spot,1h,LONG,4,8,0.0,-13.149982254355514,1.9544082058081397e-38,0.02319278294478527,True,NO_REPLICATION
T0137,trend.donchian,donchian_20,spot,1h,LONG,12,8,0.125,-6.394767746827902,5.460241296737541e-10,0.026088520571605035,True,NO_REPLICATION
T0138,trend.donchian,donchian_20,spot,1h,LONG,24,8,0.25,-2.6973807507261447,0.011654799119563235,0.03849810077837588,True,NO_REPLICATION
T0139,trend.donchian,donchian_48,spot,1h,LONG,4,8,0.0,-9.913759201877426,2.1151574443551802e-22,0.024711777230928867,True,NO_REPLICATION
T0140,trend.donchian,donchian_48,spot,1h,LONG,12,8,0.25,-4.322123489582313,3.721952589907451e-05,0.030138210144437724,True,NO_REPLICATION
T0141,trend.donchian,donchian_48,spot,1h,LONG,24,8,0.25,-1.580078568465721,0.15352237145910444,0.060669549197371164,False,NO_REPLICATION
T0142,trend.donchian,donchian_55,spot,1h,LONG,4,8,0.0,-9.146543398360546,3.013460120982371e-19,0.024170999962144602,True,NO_REPLICATION
T0143,trend.donchian,donchian_55,spot,1h,LONG,12,8,0.25,-4.388738981725922,2.784087128873024e-05,0.02868955873834721,True,NO_REPLICATION
T0144,trend.donchian,donchian_55,spot,1h,LONG,24,8,0.25,-1.449159512830802,0.19540874971130714,0.060412155052211924,False,NO_REPLICATION
T0145,momentum.roc,roc_6,spot,1h,LONG,4,8,0.0,-14.99632147658184,9.548739417549559e-50,0.020160462010428266,True,NO_REPLICATION
T0146,momentum.roc,roc_6,spot,1h,LONG,12,8,0.0,-6.736339839405588,5.799026740080007e-11,0.01878014825923056,True,NO_REPLICATION
T0147,momentum.roc,roc_6,spot,1h,LONG,24,8,0.25,-2.536923288171444,0.0179641478343652,0.026991425923330432,True,NO_REPLICATION
T0148,momentum.roc,roc_12,spot,1h,LONG,4,8,0.0,-14.82217087990333,1.258073868350364e-48,0.020589962477478376,True,NO_REPLICATION
T0149,momentum.roc,roc_12,spot,1h,LONG,12,8,0.125,-4.6430806004818335,8.818454198914086e-06,0.020840737448233806,True,NO_REPLICATION
T0150,momentum.roc,roc_12,spot,1h,LONG,24,8,0.25,-2.5222676508559574,0.01869092390316625,0.024764889593558673,True,NO_REPLICATION
T0151,momentum.roc,roc_24,spot,1h,LONG,4,8,0.0,-13.881943030224377,8.433551270676627e-43,0.021256642810049672,True,NO_REPLICATION
T0152,momentum.roc,roc_24,spot,1h,LONG,12,8,0.0,-5.614112314708482,5.999644889159478e-08,0.02156780878930944,True,NO_REPLICATION
T0153,momentum.roc,roc_24,spot,1h,LONG,24,8,0.375,-2.3179616872073945,0.03106600509980772,0.025473481701415165,True,NO_REPLICATION
T0154,momentum.rsi,rsi_7_30_70,spot,1h,LONG,4,8,0.0,-7.3924397845123595,5.534114267930177e-13,0.028860961114851327,True,NO_REPLICATION
T0155,momentum.rsi,rsi_7_30_70,spot,1h,LONG,12,8,0.125,-3.4591663313998833,0.0010794979219729969,0.028029182582660697,True,NO_REPLICATION
T0156,momentum.rsi,rsi_7_30_70,spot,1h,LONG,24,8,0.5,-1.0366302742171092,0.3645533849861859,0.02513841753974753,False,NO_REPLICATION
T0157,momentum.rsi,rsi_14_30_70,spot,1h,LONG,4,8,0.125,-2.566709275206136,0.016698396301017306,0.03296082924983728,False,NO_REPLICATION
T0158,momentum.rsi,rsi_14_30_70,spot,1h,LONG,12,8,0.25,-2.258040879205848,0.03570704871342988,0.03874229770433391,True,NO_REPLICATION
T0159,momentum.rsi,rsi_14_30_70,spot,1h,LONG,24,8,0.375,-0.9950560595023868,0.3837306743897751,0.02658501721473188,False,NO_REPLICATION
T0160,momentum.rsi,rsi_21_30_70,spot,1h,LONG,4,8,0.375,-0.5659069462026833,0.6225576925649045,0.022216016231525457,False,NO_REPLICATION
T0161,momentum.rsi,rsi_21_30_70,spot,1h,LONG,12,8,0.25,-1.4417369417841908,0.197964526996802,0.04469863142612739,False,NO_REPLICATION
T0162,momentum.rsi,rsi_21_30_70,spot,1h,LONG,24,8,0.625,0.27449816982519276,0.817243846191021,0.033244240621157745,False,NO_REPLICATION
T0163,volatility.atr_natr,natr14_filter,spot,1h,LONG,4,8,0.0,-8.875689128640143,3.1219309048925902e-18,0.024024906380334814,True,NO_REPLICATION
T0164,volatility.atr_natr,natr14_filter,spot,1h,LONG,12,8,0.25,-2.9670013250628213,0.005385104901296209,0.027077579569537377,True,NO_REPLICATION
T0165,volatility.atr_natr,natr14_filter,spot,1h,LONG,24,8,0.375,0.3853577322843428,0.7463385728937596,0.07006716697875591,False,NO_REPLICATION
T0166,volatility.bollinger_bandwidth,bb20_2s_filter,spot,1h,LONG,4,8,0.0,-13.072295325921333,4.2510726674287574e-38,0.02181693863712134,True,NO_REPLICATION
T0167,volatility.bollinger_bandwidth,bb20_2s_filter,spot,1h,LONG,12,8,0.0,-5.675874420712673,4.2216737106346726e-08,0.024203948408042242,True,NO_REPLICATION
T0168,volatility.bollinger_bandwidth,bb20_2s_filter,spot,1h,LONG,24,8,0.25,-2.2116430846819557,0.03979384999641749,0.023974855807859574,True,NO_REPLICATION
T0169,volatility.realized_percentile,rv20_p100_filter,spot,1h,LONG,4,8,0.0,-9.242937862066235,1.2014377608348015e-19,0.02543522381272419,True,NO_REPLICATION
T0170,volatility.realized_percentile,rv20_p100_filter,spot,1h,LONG,12,8,0.125,-4.145110904428549,7.884046415816378e-05,0.021582659830442247,False,NO_REPLICATION
T0171,volatility.realized_percentile,rv20_p100_filter,spot,1h,LONG,24,8,0.375,-0.6483887989448824,0.5703110789522424,0.043828032506358174,False,NO_REPLICATION
T0172,volume.rvol,rvol20_filter,spot,1h,LONG,4,8,0.0,-13.526492270642594,1.291979692248295e-40,0.021330749106559018,True,NO_REPLICATION
T0173,volume.rvol,rvol20_filter,spot,1h,LONG,12,8,0.125,-5.66611471012326,4.4805870617114366e-08,0.020393918974333868,True,NO_REPLICATION
T0174,volume.rvol,rvol20_filter,spot,1h,LONG,24,8,0.25,-1.6094472254370753,0.14492454679040556,0.04446749620372094,False,NO_REPLICATION
T0175,volume.vwap_deviation,vwap_dev20_reversal,spot,1h,LONG,4,8,0.0,-11.595254173604472,3.0764655653285546e-30,0.022141355745573178,True,NO_REPLICATION
T0176,volume.vwap_deviation,vwap_dev20_reversal,spot,1h,LONG,12,8,0.125,-3.671465204523134,0.0005006104300212242,0.020018762913957197,True,NO_REPLICATION
T0177,volume.vwap_deviation,vwap_dev20_reversal,spot,1h,LONG,24,8,0.25,-2.262693491977963,0.035359140875428775,0.025290974958338718,True,NO_REPLICATION
T0178,orderflow.taker_ratio,ratio_sign,spot,1h,LONG,4,8,0.0,-13.96722077859421,2.4672562288367737e-43,0.021364958859711163,True,NO_REPLICATION
T0179,orderflow.taker_ratio,ratio_sign,spot,1h,LONG,12,8,0.125,-4.438593579175566,2.2373611810624495e-05,0.019810373807312133,True,NO_REPLICATION
T0180,orderflow.taker_ratio,ratio_sign,spot,1h,LONG,24,8,0.5,-1.4220921961164323,0.20380674317641573,0.04830932599107879,True,NO_REPLICATION
T0181,orderflow.cvd,cvd_slope6_sign,spot,1h,LONG,4,8,0.0,-13.223182367649242,5.783515161940445e-39,0.02179872167921884,True,NO_REPLICATION
T0182,orderflow.cvd,cvd_slope6_sign,spot,1h,LONG,12,8,0.0,-4.287222422975288,4.301148142930572e-05,0.0202364785818663,True,NO_REPLICATION
T0183,orderflow.cvd,cvd_slope6_sign,spot,1h,LONG,24,8,0.625,-1.2536393803015846,0.26502275888294885,0.021772695774163724,True,NO_REPLICATION
T0184,context.btc_regime,regime_follow,spot,1h,LONG,4,8,0.0,-7.816493288677634,2.6957810405875464e-14,0.021641000397611514,True,NO_REPLICATION
T0185,context.btc_regime,regime_follow,spot,1h,LONG,12,8,0.125,-1.7415567974341057,0.11140155412043731,0.02414848442515219,True,NO_REPLICATION
T0186,context.btc_regime,regime_follow,spot,1h,LONG,24,8,0.625,0.5575632062290331,0.6279414058335145,0.024958026365176505,False,NO_REPLICATION
T0187,trend.ema_20_50_spread,ema_10_30,spot,4h,LONG,3,8,0.25,-2.5116170580578334,0.01912073197869237,0.026573783104981413,True,NO_REPLICATION
T0188,trend.ema_20_50_spread,ema_10_30,spot,4h,LONG,6,8,0.625,-0.30718149252949833,0.7988693425426893,0.036810785926070504,False,NO_REPLICATION
T0189,trend.ema_20_50_spread,ema_20_50,spot,4h,LONG,3,8,0.125,-1.879320041605719,0.08402561716482213,0.03738339324702403,True,NO_REPLICATION
T0190,trend.ema_20_50_spread,ema_20_50,spot,4h,LONG,6,8,0.625,0.741712684888261,0.5155728911002517,0.03592065883708835,False,NO_REPLICATION
T0191,trend.ema_20_50_spread,ema_50_200,spot,4h,LONG,3,8,0.25,-2.902703853073129,0.006465214779056083,0.028747922168764185,True,NO_REPLICATION
T0192,trend.ema_20_50_spread,ema_50_200,spot,4h,LONG,6,8,0.625,0.13590276714202065,0.9046727162925055,0.04533937616914209,True,NO_REPLICATION
T0193,trend.ema_50_200_regime,ema_10_30,spot,4h,LONG,3,8,0.25,-2.5116170580578334,0.01912073197869237,0.026573783104981413,True,NO_REPLICATION
T0194,trend.ema_50_200_regime,ema_10_30,spot,4h,LONG,6,8,0.625,-0.30718149252949833,0.7988693425426893,0.036810785926070504,False,NO_REPLICATION
T0195,trend.ema_50_200_regime,ema_20_50,spot,4h,LONG,3,8,0.125,-1.879320041605719,0.08402561716482213,0.03738339324702403,True,NO_REPLICATION
T0196,trend.ema_50_200_regime,ema_20_50,spot,4h,LONG,6,8,0.625,0.741712684888261,0.5155728911002517,0.03592065883708835,False,NO_REPLICATION
T0197,trend.ema_50_200_regime,ema_50_200,spot,4h,LONG,3,8,0.25,-2.902703853073129,0.006465214779056083,0.028747922168764185,True,NO_REPLICATION
T0198,trend.ema_50_200_regime,ema_50_200,spot,4h,LONG,6,8,0.625,0.13590276714202065,0.9046727162925055,0.04533937616914209,True,NO_REPLICATION
T0199,trend.ema_slope,default,spot,4h,LONG,3,8,0.125,-3.0666644266823235,0.003976395307050184,0.02151899684903156,False,NO_REPLICATION
T0200,trend.ema_slope,default,spot,4h,LONG,6,8,0.625,-0.3438519056892909,0.7728836731715341,0.039436973205406005,False,NO_REPLICATION
T0201,trend.adx_dmi,adx14_threshold20,spot,4h,LONG,3,8,0.125,-4.0221664813118565,0.00013144435717629064,0.02124146777533852,True,NO_REPLICATION
T0202,trend.adx_dmi,adx14_threshold20,spot,4h,LONG,6,8,0.375,-1.2624945722625398,0.26189642704500743,0.050504071876094056,False,NO_REPLICATION
T0203,trend.kaufman_er,er10_threshold0.3,spot,4h,LONG,3,8,0.25,-2.2684102906524144,0.03493420855441921,0.022575133698556443,False,NO_REPLICATION
T0204,trend.kaufman_er,er10_threshold0.3,spot,4h,LONG,6,8,0.25,-1.2615065345897014,0.2619122971110017,0.0466149832567165,False,NO_REPLICATION
T0205,trend.donchian,donchian_20,spot,4h,LONG,3,8,0.375,-1.4394121269081561,0.19839730634209918,0.0348913598364812,False,NO_REPLICATION
T0206,trend.donchian,donchian_20,spot,4h,LONG,6,8,0.375,0.5399714225158577,0.6382113486499541,0.0810717978798083,False,NO_REPLICATION
T0207,trend.donchian,donchian_48,spot,4h,LONG,3,8,0.5,0.6551191343699113,0.5680417056076781,0.05141834111469962,False,NO_REPLICATION
T0208,trend.donchian,donchian_48,spot,4h,LONG,6,8,0.5,1.115084415830314,0.32511336998031365,0.08779355244924578,False,NO_REPLICATION
T0209,trend.donchian,donchian_55,spot,4h,LONG,3,8,0.5,0.7172430297701311,0.5300749760898184,0.041992380391912734,False,NO_REPLICATION
T0210,trend.donchian,donchian_55,spot,4h,LONG,6,8,0.5,1.398423008783976,0.21201946163402588,0.09384105099805437,False,NO_REPLICATION
T0211,momentum.roc,roc_6,spot,4h,LONG,3,8,0.125,-4.301391063360265,4.086997239571029e-05,0.025739640581344318,True,NO_REPLICATION
T0212,momentum.roc,roc_6,spot,4h,LONG,6,8,0.25,-1.910492940057502,0.07868712082335047,0.02071595831779924,True,NO_REPLICATION
T0213,momentum.roc,roc_12,spot,4h,LONG,3,8,0.125,-2.989635317796201,0.005053655563171795,0.0261717173010444,True,NO_REPLICATION
T0214,momentum.roc,roc_12,spot,4h,LONG,6,8,0.5,-1.2876478234140876,0.25188922025488925,0.03927411452231048,False,NO_REPLICATION
T0215,momentum.roc,roc_24,spot,4h,LONG,3,8,0.25,-2.2559440645310356,0.03579932605423912,0.023270514137400108,True,NO_REPLICATION
T0216,momentum.roc,roc_24,spot,4h,LONG,6,8,0.5,-0.043922823036987316,0.9691777173403126,0.034743689002359565,False,NO_REPLICATION
T0217,momentum.rsi,rsi_7_30_70,spot,4h,LONG,3,8,0.25,-3.164644355887739,0.002925077438752794,0.045662068278337846,True,NO_REPLICATION
T0218,momentum.rsi,rsi_7_30_70,spot,4h,LONG,6,8,0.5,-1.1069318457457313,0.32835375380871323,0.030574719823081097,False,NO_REPLICATION
T0219,momentum.rsi,rsi_14_30_70,spot,4h,LONG,3,8,0.375,-0.8056522737930691,0.48026040411751064,0.03680413187622979,False,NO_REPLICATION
T0220,momentum.rsi,rsi_14_30_70,spot,4h,LONG,6,8,0.375,0.3841566033433627,0.7463385728937596,0.025102283568081758,False,NO_REPLICATION
T0221,momentum.rsi,rsi_21_30_70,spot,4h,LONG,3,8,0.375,-0.45644442014098346,0.6980591961688284,0.04802415526868114,False,NO_REPLICATION
T0222,momentum.rsi,rsi_21_30_70,spot,4h,LONG,6,8,0.5,0.2953447312340376,0.8062152028612927,0.035390471579821274,False,NO_REPLICATION
T0223,volatility.atr_natr,natr14_filter,spot,4h,LONG,3,8,0.125,-2.3768853743603175,0.026794140916235987,0.02643304432688754,True,NO_REPLICATION
T0224,volatility.atr_natr,natr14_filter,spot,4h,LONG,6,8,0.25,-0.6117280204572108,0.59314721034338,0.04510475740279398,False,NO_REPLICATION
T0225,volatility.bollinger_bandwidth,bb20_2s_filter,spot,4h,LONG,3,8,0.125,-4.1616098546045555,7.391649643051375e-05,0.021862115755616564,True,NO_REPLICATION
T0226,volatility.bollinger_bandwidth,bb20_2s_filter,spot,4h,LONG,6,8,0.5,-0.8403042777701502,0.46115772525144594,0.05567005683318609,False,NO_REPLICATION
T0227,volatility.realized_percentile,rv20_p100_filter,spot,4h,LONG,3,8,0.25,-2.185000395896652,0.042571602345470666,0.031101303179347617,True,NO_REPLICATION
T0228,volatility.realized_percentile,rv20_p100_filter,spot,4h,LONG,6,8,0.5,0.13489061961919677,0.9046727162925055,0.04122935134895638,False,NO_REPLICATION
T0229,volume.rvol,rvol20_filter,spot,4h,LONG,3,8,0.25,-2.31521568567601,0.03127696211406822,0.03153437213352908,False,NO_REPLICATION
T0230,volume.rvol,rvol20_filter,spot,4h,LONG,6,8,0.25,-0.8409187007266901,0.46115772525144594,0.06383180262080339,False,NO_REPLICATION
T0231,volume.vwap_deviation,vwap_dev20_reversal,spot,4h,LONG,3,8,0.0,-4.483458050886255,1.8470951600226363e-05,0.023436676986333,True,NO_REPLICATION
T0232,volume.vwap_deviation,vwap_dev20_reversal,spot,4h,LONG,6,8,0.25,-1.8118938250550138,0.09680955960341134,0.027732464635891796,True,NO_REPLICATION
T0233,orderflow.taker_ratio,ratio_sign,spot,4h,LONG,3,8,0.125,-3.855800718397425,0.0002509687798178393,0.01987834114276163,True,NO_REPLICATION
T0234,orderflow.taker_ratio,ratio_sign,spot,4h,LONG,6,8,0.375,-1.2672045434722106,0.26018238426726764,0.02280826121320526,False,NO_REPLICATION
T0235,orderflow.cvd,cvd_slope6_sign,spot,4h,LONG,3,8,0.125,-3.4323680980226214,0.0011898592939537493,0.024995963692637558,True,NO_REPLICATION
T0236,orderflow.cvd,cvd_slope6_sign,spot,4h,LONG,6,8,0.5,-1.1524591955844876,0.30829855731540745,0.02093414843970332,True,NO_REPLICATION
T0237,context.btc_regime,regime_follow,spot,4h,LONG,3,8,0.625,0.098378246022089,0.9314989032311892,0.026063431452024055,True,NO_REPLICATION
T0238,context.btc_regime,regime_follow,spot,4h,LONG,6,8,0.625,0.8886291793168188,0.43742518340368836,0.02634955100412808,False,NO_REPLICATION
T0239,context.market_breadth,breadth_0.4_0.6,spot,4h,LONG,3,8,0.25,-1.0310184984851347,0.367453028075972,0.037297866272742744,False,NO_REPLICATION
T0240,context.market_breadth,breadth_0.4_0.6,spot,4h,LONG,6,8,0.375,-0.2327796635207722,0.8472811352369173,0.03361051512575704,False,NO_REPLICATION
T0241,trend.ema_20_50_spread,ema_10_30,um,15m,LONG,4,8,0.0,-34.8072501059632,9.283836127224779e-263,0.0238583074637266,True,NO_REPLICATION
T0242,trend.ema_20_50_spread,ema_10_30,um,15m,LONG,16,8,0.0,-9.565088162433533,5.2748479104802575e-21,0.02378362368020025,True,NO_REPLICATION
T0243,trend.ema_20_50_spread,ema_10_30,um,15m,LONG,48,8,0.125,-2.895873874906034,0.006559153611343432,0.028493320121858436,True,NO_REPLICATION
T0244,trend.ema_20_50_spread,ema_10_30,um,15m,LONG,96,8,0.5,-0.712472734591289,0.5317431722365519,0.03705210435845131,False,NO_REPLICATION
T0245,trend.ema_20_50_spread,ema_20_50,um,15m,LONG,4,8,0.0,-34.13713232617728,6.909780500194583e-253,0.02379396656436347,True,NO_REPLICATION
T0246,trend.ema_20_50_spread,ema_20_50,um,15m,LONG,16,8,0.0,-8.878815124025817,2.8462887886519053e-18,0.028953473116306815,True,NO_REPLICATION
T0247,trend.ema_20_50_spread,ema_20_50,um,15m,LONG,48,8,0.125,-3.0187517572143885,0.004604052717192579,0.033475992963411465,True,NO_REPLICATION
T0248,trend.ema_20_50_spread,ema_20_50,um,15m,LONG,96,8,0.625,-0.9160231154672883,0.4241879010172104,0.04690737137206398,True,NO_REPLICATION
T0249,trend.ema_20_50_spread,ema_50_200,um,15m,LONG,4,8,0.0,-34.29419784125565,3.9294518551898566e-255,0.024999580281646245,True,NO_REPLICATION
T0250,trend.ema_20_50_spread,ema_50_200,um,15m,LONG,16,8,0.0,-8.217929890739299,8.102980977879505e-16,0.02994275238391322,True,NO_REPLICATION
T0251,trend.ema_20_50_spread,ema_50_200,um,15m,LONG,48,8,0.25,-1.7819382808020325,0.1022770768207309,0.030172916033291013,True,NO_REPLICATION
T0252,trend.ema_20_50_spread,ema_50_200,um,15m,LONG,96,8,0.5,-0.013553843706486452,0.9904962030678228,0.05513205303983223,False,NO_REPLICATION
T0253,trend.ema_50_200_regime,ema_10_30,um,15m,LONG,4,8,0.0,-34.8072501059632,9.283836127224779e-263,0.0238583074637266,True,NO_REPLICATION
T0254,trend.ema_50_200_regime,ema_10_30,um,15m,LONG,16,8,0.0,-9.565088162433533,5.2748479104802575e-21,0.02378362368020025,True,NO_REPLICATION
T0255,trend.ema_50_200_regime,ema_10_30,um,15m,LONG,48,8,0.125,-2.895873874906034,0.006559153611343432,0.028493320121858436,True,NO_REPLICATION
T0256,trend.ema_50_200_regime,ema_10_30,um,15m,LONG,96,8,0.5,-0.712472734591289,0.5317431722365519,0.03705210435845131,False,NO_REPLICATION
T0257,trend.ema_50_200_regime,ema_20_50,um,15m,LONG,4,8,0.0,-34.13713232617728,6.909780500194583e-253,0.02379396656436347,True,NO_REPLICATION
T0258,trend.ema_50_200_regime,ema_20_50,um,15m,LONG,16,8,0.0,-8.878815124025817,2.8462887886519053e-18,0.028953473116306815,True,NO_REPLICATION
T0259,trend.ema_50_200_regime,ema_20_50,um,15m,LONG,48,8,0.125,-3.0187517572143885,0.004604052717192579,0.033475992963411465,True,NO_REPLICATION
T0260,trend.ema_50_200_regime,ema_20_50,um,15m,LONG,96,8,0.625,-0.9160231154672883,0.4241879010172104,0.04690737137206398,True,NO_REPLICATION
T0261,trend.ema_50_200_regime,ema_50_200,um,15m,LONG,4,8,0.0,-34.29419784125565,3.9294518551898566e-255,0.024999580281646245,True,NO_REPLICATION
T0262,trend.ema_50_200_regime,ema_50_200,um,15m,LONG,16,8,0.0,-8.217929890739299,8.102980977879505e-16,0.02994275238391322,True,NO_REPLICATION
T0263,trend.ema_50_200_regime,ema_50_200,um,15m,LONG,48,8,0.25,-1.7819382808020325,0.1022770768207309,0.030172916033291013,True,NO_REPLICATION
T0264,trend.ema_50_200_regime,ema_50_200,um,15m,LONG,96,8,0.5,-0.013553843706486452,0.9904962030678228,0.05513205303983223,False,NO_REPLICATION
T0265,trend.ema_slope,default,um,15m,LONG,4,8,0.0,-35.992286167838195,1.0989109017149163e-280,0.023419317905150252,True,NO_REPLICATION
T0266,trend.ema_slope,default,um,15m,LONG,16,8,0.0,-9.961881056777123,1.105790880870341e-22,0.025767578203387837,True,NO_REPLICATION
T0267,trend.ema_slope,default,um,15m,LONG,48,8,0.125,-3.6338922263379985,0.0005772785627240868,0.031550942691638516,True,NO_REPLICATION
T0268,trend.ema_slope,default,um,15m,LONG,96,8,0.5,-1.0591943570772637,0.35302684278543117,0.03186116128492305,False,NO_REPLICATION
T0269,trend.adx_dmi,adx14_threshold20,um,15m,LONG,4,8,0.0,-34.19573263616571,1.4666331680652594e-253,0.023681722756816116,True,NO_REPLICATION
T0270,trend.adx_dmi,adx14_threshold20,um,15m,LONG,16,8,0.0,-10.045245630262771,4.853102703308569e-23,0.025044182553772876,True,NO_REPLICATION
T0271,trend.adx_dmi,adx14_threshold20,um,15m,LONG,48,8,0.125,-3.3831212015019365,0.0014048938305622723,0.027761732282962255,True,NO_REPLICATION
T0272,trend.adx_dmi,adx14_threshold20,um,15m,LONG,96,8,0.375,-0.8893573215993612,0.43742518340368836,0.04237071853628123,False,NO_REPLICATION
T0273,trend.kaufman_er,er10_threshold0.3,um,15m,LONG,4,8,0.0,-37.82898983775979,2.390012568276124e-309,0.022415767376043366,True,NO_REPLICATION
T0274,trend.kaufman_er,er10_threshold0.3,um,15m,LONG,16,8,0.0,-12.046575029862348,1.3733141055489333e-32,0.023022523895876813,True,NO_REPLICATION
T0275,trend.kaufman_er,er10_threshold0.3,um,15m,LONG,48,8,0.125,-4.000122138351952,0.00014181902944460586,0.026879905527997742,True,NO_REPLICATION
T0276,trend.kaufman_er,er10_threshold0.3,um,15m,LONG,96,8,0.625,-1.1950993563098917,0.28917948205681826,0.036246535586749326,True,NO_REPLICATION
T0277,trend.donchian,donchian_20,um,15m,LONG,4,8,0.0,-29.33657590879804,1.398390879152937e-186,0.025488638920787957,True,NO_REPLICATION
T0278,trend.donchian,donchian_20,um,15m,LONG,16,8,0.0,-11.602951424080096,2.6938491090547443e-30,0.026015757009019275,True,NO_REPLICATION
T0279,trend.donchian,donchian_20,um,15m,LONG,48,8,0.0,-5.611592296110261,6.040189046251756e-08,0.023299460436052875,True,NO_REPLICATION
T0280,trend.donchian,donchian_20,um,15m,LONG,96,8,0.625,-1.5709163076295634,0.15605519564818612,0.03284310359212714,True,NO_REPLICATION
T0281,trend.donchian,donchian_48,um,15m,LONG,4,8,0.0,-22.643476604530868,9.061676741601342e-112,0.02692757727442369,True,NO_REPLICATION
T0282,trend.donchian,donchian_48,um,15m,LONG,16,8,0.0,-10.074910795869814,3.791989961549478e-23,0.02802874717457788,True,NO_REPLICATION
T0283,trend.donchian,donchian_48,um,15m,LONG,48,8,0.125,-4.213738918169709,5.881135849152209e-05,0.028682373686754487,True,NO_REPLICATION
T0284,trend.donchian,donchian_48,um,15m,LONG,96,8,0.5,-1.3694912032188589,0.22270939736995035,0.0429320412356544,True,NO_REPLICATION
T0285,trend.donchian,donchian_55,um,15m,LONG,4,8,0.0,-22.309116319261637,1.6317849512806338e-108,0.028016792005399933,True,NO_REPLICATION
T0286,trend.donchian,donchian_55,um,15m,LONG,16,8,0.0,-9.983282291230415,9.416438014595352e-23,0.029031581130178938,True,NO_REPLICATION
T0287,trend.donchian,donchian_55,um,15m,LONG,48,8,0.125,-4.16248183011788,7.325588072704796e-05,0.03957617044659147,True,NO_REPLICATION
T0288,trend.donchian,donchian_55,um,15m,LONG,96,8,0.375,-1.6677553024129506,0.12899469226028862,0.08448744001221027,True,NO_REPLICATION
T0289,momentum.roc,roc_6,um,15m,LONG,4,8,0.0,-37.629145889272,2.078705515090836e-306,0.02320842981519324,True,NO_REPLICATION
T0290,momentum.roc,roc_6,um,15m,LONG,16,8,0.0,-11.020845944770539,1.799555536666684e-27,0.022932912253800626,True,NO_REPLICATION
T0291,momentum.roc,roc_6,um,15m,LONG,48,8,0.125,-3.517716697312699,0.0008760126424708273,0.02823306842696388,True,NO_REPLICATION
T0292,momentum.roc,roc_6,um,15m,LONG,96,8,0.625,-1.1878752425252534,0.29158939107471854,0.041627139748540036,True,NO_REPLICATION
T0293,momentum.roc,roc_12,um,15m,LONG,4,8,0.0,-35.220592179845546,6.647951832327259e-269,0.022878638334277005,True,NO_REPLICATION
T0294,momentum.roc,roc_12,um,15m,LONG,16,8,0.0,-10.213944954686568,9.057099864188795e-24,0.024548619792035164,True,NO_REPLICATION
T0295,momentum.roc,roc_12,um,15m,LONG,48,8,0.125,-3.3032304217162642,0.001830737159027788,0.025805105141171097,True,NO_REPLICATION
T0296,momentum.roc,roc_12,um,15m,LONG,96,8,0.625,-0.815909734180095,0.4755779730739966,0.03736738971558973,False,NO_REPLICATION
T0297,momentum.roc,roc_24,um,15m,LONG,4,8,0.0,-35.19673863516908,1.4601660258784123e-268,0.022797597404580573,True,NO_REPLICATION
T0298,momentum.roc,roc_24,um,15m,LONG,16,8,0.0,-10.05613777722885,4.3610931985275403e-23,0.025277925984033542,True,NO_REPLICATION
T0299,momentum.roc,roc_24,um,15m,LONG,48,8,0.125,-3.281063125223944,0.00197592471189978,0.025140445397765537,True,NO_REPLICATION
T0300,momentum.roc,roc_24,um,15m,LONG,96,8,0.5,-0.805364633171846,0.48026040411751064,0.03675365774850094,True,NO_REPLICATION
T0301,momentum.rsi,rsi_7_30_70,um,15m,LONG,4,8,0.0,-17.02875295120084,7.31087770357404e-64,0.025535091259226924,True,NO_REPLICATION
T0302,momentum.rsi,rsi_7_30_70,um,15m,LONG,16,8,0.0,-5.803582690959149,2.0447820145849036e-08,0.028738710297907304,True,NO_REPLICATION
T0303,momentum.rsi,rsi_7_30_70,um,15m,LONG,48,8,0.25,-1.4037984675253665,0.2101476201096898,0.03664216236471156,True,NO_REPLICATION
T0304,momentum.rsi,rsi_7_30_70,um,15m,LONG,96,8,0.75,-0.745038559154656,0.5148213416665502,0.041271255919722596,True,NO_REPLICATION
T0305,momentum.rsi,rsi_14_30_70,um,15m,LONG,4,8,0.125,-9.014573577754659,9.157435387878863e-19,0.035060556519922306,True,NO_REPLICATION
T0306,momentum.rsi,rsi_14_30_70,um,15m,LONG,16,8,0.25,-2.3948989236588343,0.025669635385329643,0.027827767915498913,False,NO_REPLICATION
T0307,momentum.rsi,rsi_14_30_70,um,15m,LONG,48,8,0.5,-1.1150182295207902,0.32511336998031365,0.03603701035639288,True,NO_REPLICATION
T0308,momentum.rsi,rsi_14_30_70,um,15m,LONG,96,8,0.625,-0.17290360648750294,0.8861744980000996,0.02804286838582464,False,NO_REPLICATION
T0309,momentum.rsi,rsi_21_30_70,um,15m,LONG,4,8,0.125,-4.353534685391356,3.249623499363672e-05,0.026387492173036,False,NO_REPLICATION
T0310,momentum.rsi,rsi_21_30_70,um,15m,LONG,16,8,0.375,-0.15041345469337647,0.9006967180500595,0.03979370202771344,False,NO_REPLICATION
T0311,momentum.rsi,rsi_21_30_70,um,15m,LONG,48,8,0.375,-0.7594987978712341,0.5068292396838417,0.024709914841021648,True,NO_REPLICATION
T0312,momentum.rsi,rsi_21_30_70,um,15m,LONG,96,8,0.625,0.9973454495934974,0.3829821253293071,0.03566416995015305,False,NO_REPLICATION
T0313,volatility.atr_natr,natr14_filter,um,15m,LONG,4,8,0.0,-21.866931507198426,1.4904175963729008e-104,0.030505611729309854,True,NO_REPLICATION
T0314,volatility.atr_natr,natr14_filter,um,15m,LONG,16,8,0.0,-5.361735239649134,2.3304374131851233e-07,0.03382906945413531,True,NO_REPLICATION
T0315,volatility.atr_natr,natr14_filter,um,15m,LONG,48,8,0.5,-0.6498538215953459,0.5700873567795456,0.042774877310499455,True,NO_REPLICATION
T0316,volatility.atr_natr,natr14_filter,um,15m,LONG,96,8,0.75,1.8079540759434023,0.09744260046080296,0.052360532772348416,False,NO_REPLICATION
T0317,volatility.bollinger_bandwidth,bb20_2s_filter,um,15m,LONG,4,8,0.0,-37.2928893448936,6.239097819652689e-301,0.022505968219568954,True,NO_REPLICATION
T0318,volatility.bollinger_bandwidth,bb20_2s_filter,um,15m,LONG,16,8,0.0,-10.219543712555474,8.633476973162722e-24,0.02433200324940916,True,NO_REPLICATION
T0319,volatility.bollinger_bandwidth,bb20_2s_filter,um,15m,LONG,48,8,0.125,-3.356871024068224,0.0015370397514372636,0.03501342278690257,True,NO_REPLICATION
T0320,volatility.bollinger_bandwidth,bb20_2s_filter,um,15m,LONG,96,8,0.625,-1.1718893075201091,0.2989910370757934,0.03372688711725062,True,NO_REPLICATION
T0321,volatility.realized_percentile,rv20_p100_filter,um,15m,LONG,4,8,0.0,-24.692381632858854,7.751596838006702e-133,0.023539605452838286,True,NO_REPLICATION
T0322,volatility.realized_percentile,rv20_p100_filter,um,15m,LONG,16,8,0.0,-7.784328342705521,2.6761931122876604e-14,0.023301531543350955,True,NO_REPLICATION
T0323,volatility.realized_percentile,rv20_p100_filter,um,15m,LONG,48,8,0.25,-2.086834858577054,0.05305296009962869,0.030405527878702914,False,NO_REPLICATION
T0324,volatility.realized_percentile,rv20_p100_filter,um,15m,LONG,96,8,0.625,-0.0075462098607054625,0.9939791256283269,0.042585021680135615,False,NO_REPLICATION
T0325,volume.rvol,rvol20_filter,um,15m,LONG,4,8,0.0,-28.125903610337396,1.086271230541831e-171,0.026700073325176425,True,NO_REPLICATION
T0326,volume.rvol,rvol20_filter,um,15m,LONG,16,8,0.0,-11.168207628038926,3.6553769410374415e-28,0.027765915678583417,True,NO_REPLICATION
T0327,volume.rvol,rvol20_filter,um,15m,LONG,48,8,0.125,-4.457055604419309,2.0597448304197258e-05,0.02418382252979711,True,NO_REPLICATION
T0328,volume.rvol,rvol20_filter,um,15m,LONG,96,8,0.625,-0.89402669535282,0.4352176612225854,0.07556739952859079,True,NO_REPLICATION
T0329,volume.vwap_deviation,vwap_dev20_reversal,um,15m,LONG,4,8,0.0,-31.4704049632818,2.7960956634735865e-215,0.023210391245519813,True,NO_REPLICATION
T0330,volume.vwap_deviation,vwap_dev20_reversal,um,15m,LONG,16,8,0.0,-8.143948452818885,1.4676400799556979e-15,0.026933876282335782,True,NO_REPLICATION
T0331,volume.vwap_deviation,vwap_dev20_reversal,um,15m,LONG,48,8,0.25,-2.806224823255228,0.008576977907290631,0.026806666628759,True,NO_REPLICATION
T0332,volume.vwap_deviation,vwap_dev20_reversal,um,15m,LONG,96,8,0.625,-1.0437871386051747,0.3610680656312001,0.030906837145875592,True,NO_REPLICATION
T0333,orderflow.taker_ratio,ratio_sign,um,15m,LONG,4,8,0.0,-37.56292508547363,1.123487358021277e-305,0.022568974737962943,True,NO_REPLICATION
T0334,orderflow.taker_ratio,ratio_sign,um,15m,LONG,16,8,0.0,-9.945072831441868,1.2895748429734427e-22,0.027589225650071224,True,NO_REPLICATION
T0335,orderflow.taker_ratio,ratio_sign,um,15m,LONG,48,8,0.125,-2.731375826708374,0.010608658992892846,0.03137602057340537,True,NO_REPLICATION
T0336,orderflow.taker_ratio,ratio_sign,um,15m,LONG,96,8,0.625,-0.6434304792660475,0.5730046990141274,0.0415414085331732,False,NO_REPLICATION
T0337,orderflow.cvd,cvd_slope6_sign,um,15m,LONG,4,8,0.0,-37.416872794928445,3.145238644266287e-303,0.026987556321737407,True,NO_REPLICATION
T0338,orderflow.cvd,cvd_slope6_sign,um,15m,LONG,16,8,0.0,-9.777921321352233,6.698368517150695e-22,0.027130690257166287,True,NO_REPLICATION
T0339,orderflow.cvd,cvd_slope6_sign,um,15m,LONG,48,8,0.125,-2.9881742096732173,0.005053655563171795,0.03222659543725028,True,NO_REPLICATION
T0340,orderflow.cvd,cvd_slope6_sign,um,15m,LONG,96,8,0.625,-0.2865233818369684,0.8098443332688019,0.05499953447292212,False,NO_REPLICATION
T0341,context.btc_regime,regime_follow,um,15m,LONG,4,8,0.0,-21.160492320507995,3.405788411682668e-96,0.022883540736993696,True,NO_REPLICATION
T0342,context.btc_regime,regime_follow,um,15m,LONG,16,8,0.0,-5.995892805367541,7.05185716685139e-09,0.026086430338740765,True,NO_REPLICATION
T0343,context.btc_regime,regime_follow,um,15m,LONG,48,8,0.5,-0.9342523993017134,0.4144603182172025,0.027967321776995534,True,NO_REPLICATION
T0344,context.btc_regime,regime_follow,um,15m,LONG,96,8,0.5,-0.8056499660849638,0.48026040411751064,0.029582702320899653,True,NO_REPLICATION
T0345,context.market_breadth,breadth_0.4_0.6,um,15m,LONG,4,8,0.0,-25.80610000021566,7.055690736825271e-142,0.0228768144376232,True,NO_REPLICATION
T0346,context.market_breadth,breadth_0.4_0.6,um,15m,LONG,16,8,0.0,-6.391031494061874,5.86918179892298e-10,0.02807946766407457,True,NO_REPLICATION
T0347,context.market_breadth,breadth_0.4_0.6,um,15m,LONG,48,8,0.125,-2.2600199061652524,0.03566437561195782,0.024266725620693017,True,NO_REPLICATION
T0348,context.market_breadth,breadth_0.4_0.6,um,15m,LONG,96,8,0.5,-0.7194299384532908,0.5294313583452577,0.03514008624309501,False,NO_REPLICATION
T0349,derivatives.funding,funding_sign,um,15m,LONG,4,8,0.0,-23.912977992851225,9.365783933445409e-125,0.04735898664912804,True,NO_REPLICATION
T0350,derivatives.funding,funding_sign,um,15m,LONG,16,8,0.25,-3.693042313345185,0.0004648589994101359,0.049713358815447396,True,NO_REPLICATION
T0351,derivatives.funding,funding_sign,um,15m,LONG,48,8,0.625,0.44821758263502437,0.7033091821049253,0.05506769178790393,False,NO_REPLICATION
T0352,derivatives.funding,funding_sign,um,15m,LONG,96,8,0.75,1.2312210195995938,0.2732023060815955,0.04764909789512905,False,NO_REPLICATION
T0353,derivatives.funding_zscore,z90_extreme,um,15m,LONG,4,8,0.125,-6.389614762266612,5.67946580705888e-10,0.02728429380946174,False,NO_REPLICATION
T0354,derivatives.funding_zscore,z90_extreme,um,15m,LONG,16,8,0.625,0.14079757806603493,0.9046727162925055,0.08171727034289285,False,NO_REPLICATION
T0355,derivatives.funding_zscore,z90_extreme,um,15m,LONG,48,8,0.75,0.6391388884360462,0.57533039236271,0.06881372939035289,False,NO_REPLICATION
T0356,derivatives.funding_zscore,z90_extreme,um,15m,LONG,96,8,0.75,1.5673591533807112,0.15720053269599757,0.0450920661633115,False,NO_REPLICATION
T0357,trend.ema_20_50_spread,ema_10_30,um,1h,LONG,4,8,0.0,-7.610638441428852,1.0277179457484218e-13,0.03362900890635809,True,NO_REPLICATION
T0358,trend.ema_20_50_spread,ema_10_30,um,1h,LONG,12,8,0.25,-2.513428086580073,0.01908102601771538,0.03529492320047238,True,NO_REPLICATION
T0359,trend.ema_20_50_spread,ema_10_30,um,1h,LONG,24,8,0.375,-1.362868412147659,0.22426186961037323,0.04010231805750722,True,NO_REPLICATION
T0360,trend.ema_20_50_spread,ema_20_50,um,1h,LONG,4,8,0.0,-7.114445332898965,4.085578201553116e-12,0.028092798685053127,True,NO_REPLICATION
T0361,trend.ema_20_50_spread,ema_20_50,um,1h,LONG,12,8,0.25,-2.1601539595355104,0.044996539537902114,0.03352920211607988,True,NO_REPLICATION
T0362,trend.ema_20_50_spread,ema_20_50,um,1h,LONG,24,8,0.375,-0.3740307183500983,0.7521628775892445,0.05348048159079145,False,NO_REPLICATION
T0363,trend.ema_20_50_spread,ema_50_200,um,1h,LONG,4,8,0.0,-6.658077488036663,9.720635964859013e-11,0.032220913916079064,True,NO_REPLICATION
T0364,trend.ema_20_50_spread,ema_50_200,um,1h,LONG,12,8,0.5,-0.7579260420210957,0.5068292396838417,0.043032899189388046,True,NO_REPLICATION
T0365,trend.ema_20_50_spread,ema_50_200,um,1h,LONG,24,8,0.75,1.119642269032584,0.3236799631459867,0.03916362671791276,False,NO_REPLICATION
T0366,trend.ema_50_200_regime,ema_10_30,um,1h,LONG,4,8,0.0,-7.610638441428852,1.0277179457484218e-13,0.03362900890635809,True,NO_REPLICATION
T0367,trend.ema_50_200_regime,ema_10_30,um,1h,LONG,12,8,0.25,-2.513428086580073,0.01908102601771538,0.03529492320047238,True,NO_REPLICATION
T0368,trend.ema_50_200_regime,ema_10_30,um,1h,LONG,24,8,0.375,-1.362868412147659,0.22426186961037323,0.04010231805750722,True,NO_REPLICATION
T0369,trend.ema_50_200_regime,ema_20_50,um,1h,LONG,4,8,0.0,-7.114445332898965,4.085578201553116e-12,0.028092798685053127,True,NO_REPLICATION
T0370,trend.ema_50_200_regime,ema_20_50,um,1h,LONG,12,8,0.25,-2.1601539595355104,0.044996539537902114,0.03352920211607988,True,NO_REPLICATION
T0371,trend.ema_50_200_regime,ema_20_50,um,1h,LONG,24,8,0.375,-0.3740307183500983,0.7521628775892445,0.05348048159079145,False,NO_REPLICATION
T0372,trend.ema_50_200_regime,ema_50_200,um,1h,LONG,4,8,0.0,-6.658077488036663,9.720635964859013e-11,0.032220913916079064,True,NO_REPLICATION
T0373,trend.ema_50_200_regime,ema_50_200,um,1h,LONG,12,8,0.5,-0.7579260420210957,0.5068292396838417,0.043032899189388046,True,NO_REPLICATION
T0374,trend.ema_50_200_regime,ema_50_200,um,1h,LONG,24,8,0.75,1.119642269032584,0.3236799631459867,0.03916362671791276,False,NO_REPLICATION
T0375,trend.ema_slope,default,um,1h,LONG,4,8,0.0,-7.905978362340466,1.0317583830802988e-14,0.030355932849065834,True,NO_REPLICATION
T0376,trend.ema_slope,default,um,1h,LONG,12,8,0.25,-2.2868091836985043,0.03345783437814177,0.031222928861040316,True,NO_REPLICATION
T0377,trend.ema_slope,default,um,1h,LONG,24,8,0.625,-0.9862020726340567,0.38762786041176106,0.038596943314963356,True,NO_REPLICATION
T0378,trend.adx_dmi,adx14_threshold20,um,1h,LONG,4,8,0.0,-8.190735472987678,1.0330882660926283e-15,0.029224457652598616,True,NO_REPLICATION
T0379,trend.adx_dmi,adx14_threshold20,um,1h,LONG,12,8,0.25,-2.4072882883838105,0.02486122617322957,0.03407492149361604,True,NO_REPLICATION
T0380,trend.adx_dmi,adx14_threshold20,um,1h,LONG,24,8,0.375,-1.3464591603514917,0.229472778801539,0.049163277413566984,True,NO_REPLICATION
T0381,trend.kaufman_er,er10_threshold0.3,um,1h,LONG,4,8,0.0,-9.521603411231123,8.478272911227917e-21,0.025286853862722388,True,NO_REPLICATION
T0382,trend.kaufman_er,er10_threshold0.3,um,1h,LONG,12,8,0.125,-3.7988400262975626,0.00031143692451008655,0.027485301577893334,True,NO_REPLICATION
T0383,trend.kaufman_er,er10_threshold0.3,um,1h,LONG,24,8,0.375,-1.1947959351293906,0.28917948205681826,0.035714696284171274,False,NO_REPLICATION
T0384,trend.donchian,donchian_20,um,1h,LONG,4,8,0.0,-8.001408601327926,4.995731228126135e-15,0.032054899672576055,True,NO_REPLICATION
T0385,trend.donchian,donchian_20,um,1h,LONG,12,8,0.125,-3.8597617500367933,0.00024716422117790387,0.03436214562839261,True,NO_REPLICATION
T0386,trend.donchian,donchian_20,um,1h,LONG,24,8,0.25,-1.4667616020464695,0.18929535624061647,0.055514801213896355,True,NO_REPLICATION
T0387,trend.donchian,donchian_48,um,1h,LONG,4,8,0.0,-5.512996633429402,1.0546705630377561e-07,0.02825996670546451,True,NO_REPLICATION
T0388,trend.donchian,donchian_48,um,1h,LONG,12,8,0.375,-2.1062161761707445,0.05099909877508266,0.0418258568196186,True,NO_REPLICATION
T0389,trend.donchian,donchian_48,um,1h,LONG,24,8,0.375,-0.21089642483641105,0.8602843574496729,0.08682462733956148,False,NO_REPLICATION
T0390,trend.donchian,donchian_55,um,1h,LONG,4,8,0.0,-5.7718273656220305,2.503282263345112e-08,0.028782320747048,True,NO_REPLICATION
T0391,trend.donchian,donchian_55,um,1h,LONG,12,8,0.25,-2.3051085510815694,0.031967252328948204,0.03570557506796523,True,NO_REPLICATION
T0392,trend.donchian,donchian_55,um,1h,LONG,24,8,0.375,-0.6675240210157086,0.5600157771355798,0.08470632116139899,False,NO_REPLICATION
T0393,momentum.roc,roc_6,um,1h,LONG,4,8,0.0,-9.104531099333702,3.9983504123980404e-19,0.02153106773421906,True,NO_REPLICATION
T0394,momentum.roc,roc_6,um,1h,LONG,12,8,0.125,-3.5948618744752205,0.0006630016048501812,0.028049196247357622,True,NO_REPLICATION
T0395,momentum.roc,roc_6,um,1h,LONG,24,8,0.625,-0.9727968154043144,0.39492317394317356,0.03554217792047026,True,NO_REPLICATION
T0396,momentum.roc,roc_12,um,1h,LONG,4,8,0.0,-8.582236550947334,3.858426859447449e-17,0.02900759001828476,True,NO_REPLICATION
T0397,momentum.roc,roc_12,um,1h,LONG,12,8,0.125,-2.4750135749766358,0.020997326191856232,0.028531416529146304,True,NO_REPLICATION
T0398,momentum.roc,roc_12,um,1h,LONG,24,8,0.375,-0.8733162640161116,0.44419940135898495,0.0297823400772846,False,NO_REPLICATION
T0399,momentum.roc,roc_24,um,1h,LONG,4,8,0.0,-8.204707035072786,9.216261179597484e-16,0.02834104413378001,True,NO_REPLICATION
T0400,momentum.roc,roc_24,um,1h,LONG,12,8,0.25,-3.2075097937655315,0.002515683815996264,0.025633352992769712,True,NO_REPLICATION
T0401,momentum.roc,roc_24,um,1h,LONG,24,8,0.5,-0.9378749279837478,0.41274812239344133,0.03566408201655905,False,NO_REPLICATION
T0402,momentum.rsi,rsi_7_30_70,um,1h,LONG,4,8,0.125,-4.857464070227865,3.185299030320896e-06,0.03007680453390862,True,NO_REPLICATION
T0403,momentum.rsi,rsi_7_30_70,um,1h,LONG,12,8,0.25,-1.314007466467618,0.2420193258674905,0.03827327032014139,True,NO_REPLICATION
T0404,momentum.rsi,rsi_7_30_70,um,1h,LONG,24,8,0.75,0.3412289356954544,0.7738871417311193,0.029963701105421785,False,NO_REPLICATION
T0405,momentum.rsi,rsi_14_30_70,um,1h,LONG,4,8,0.375,-2.565130997446727,0.016744422988771875,0.03321069863637984,False,NO_REPLICATION
T0406,momentum.rsi,rsi_14_30_70,um,1h,LONG,12,8,0.375,-0.7091801267612301,0.5332775632074667,0.032439762958862084,False,NO_REPLICATION
T0407,momentum.rsi,rsi_14_30_70,um,1h,LONG,24,8,0.625,0.8468111850935528,0.4584063074996596,0.03725970067077751,False,NO_REPLICATION
T0408,momentum.rsi,rsi_21_30_70,um,1h,LONG,4,8,0.5,-0.5191851664411473,0.6519718253937729,0.03409516355126028,False,NO_REPLICATION
T0409,momentum.rsi,rsi_21_30_70,um,1h,LONG,12,8,0.375,0.23141073901353132,0.8472811352369173,0.047687559619647504,False,NO_REPLICATION
T0410,momentum.rsi,rsi_21_30_70,um,1h,LONG,24,8,0.75,1.6779700990881368,0.12674442990223891,0.038507502613627356,False,NO_REPLICATION
T0411,volatility.atr_natr,natr14_filter,um,1h,LONG,4,8,0.125,-3.126556368396315,0.003291872932731776,0.031226625360248953,True,NO_REPLICATION
T0412,volatility.atr_natr,natr14_filter,um,1h,LONG,12,8,0.5,-0.39802564100337323,0.7379991164345978,0.04217532074365128,True,NO_REPLICATION
T0413,volatility.atr_natr,natr14_filter,um,1h,LONG,24,8,0.625,2.129957785861272,0.04827872617874256,0.05091434101536109,False,NO_REPLICATION
T0414,volatility.bollinger_bandwidth,bb20_2s_filter,um,1h,LONG,4,8,0.0,-8.946226696375247,1.6487148962915544e-18,0.022932034788849334,True,NO_REPLICATION
T0415,volatility.bollinger_bandwidth,bb20_2s_filter,um,1h,LONG,12,8,0.25,-2.7463761289432167,0.010177081829711792,0.0292666540376383,True,NO_REPLICATION
T0416,volatility.bollinger_bandwidth,bb20_2s_filter,um,1h,LONG,24,8,0.625,-0.9579468387983594,0.4018958803392414,0.041409096216940666,False,NO_REPLICATION
T0417,volatility.realized_percentile,rv20_p100_filter,um,1h,LONG,4,8,0.125,-3.769672307348178,0.0003485485424238042,0.02489257817876566,True,NO_REPLICATION
T0418,volatility.realized_percentile,rv20_p100_filter,um,1h,LONG,12,8,0.125,-0.7743531570134846,0.49952871991872017,0.03975973891349899,False,NO_REPLICATION
T0419,volatility.realized_percentile,rv20_p100_filter,um,1h,LONG,24,8,0.625,1.2328047088965335,0.2729176052954372,0.0475214274704786,False,NO_REPLICATION
T0420,volume.rvol,rvol20_filter,um,1h,LONG,4,8,0.0,-8.410302385856761,1.7493044798727069e-16,0.02564212545375474,True,NO_REPLICATION
T0421,volume.rvol,rvol20_filter,um,1h,LONG,12,8,0.375,-2.566830077167557,0.016698396301017306,0.028003509941930852,True,NO_REPLICATION
T0422,volume.rvol,rvol20_filter,um,1h,LONG,24,8,0.25,-0.397316880583951,0.7379991164345978,0.06504322569747145,False,NO_REPLICATION
T0423,volume.vwap_deviation,vwap_dev20_reversal,um,1h,LONG,4,8,0.0,-7.719875369603066,4.44480170263321e-14,0.024256782874223868,True,NO_REPLICATION
T0424,volume.vwap_deviation,vwap_dev20_reversal,um,1h,LONG,12,8,0.25,-2.3048853832210554,0.031967252328948204,0.02737313243836107,True,NO_REPLICATION
T0425,volume.vwap_deviation,vwap_dev20_reversal,um,1h,LONG,24,8,0.625,-0.679681759853469,0.5530445114929452,0.029090374928401132,True,NO_REPLICATION
T0426,orderflow.taker_ratio,ratio_sign,um,1h,LONG,4,8,0.0,-8.853424455971975,3.5888254662738856e-18,0.027237121022949427,True,NO_REPLICATION
T0427,orderflow.taker_ratio,ratio_sign,um,1h,LONG,12,8,0.375,-2.1507638347325213,0.04588953857679653,0.030470165072942233,True,NO_REPLICATION
T0428,orderflow.taker_ratio,ratio_sign,um,1h,LONG,24,8,0.625,-0.5665737149751754,0.6225576925649045,0.03396130645031887,False,NO_REPLICATION
T0429,orderflow.cvd,cvd_slope6_sign,um,1h,LONG,4,8,0.0,-7.607428390052744,1.0493181516820005e-13,0.030881408781984396,True,NO_REPLICATION
T0430,orderflow.cvd,cvd_slope6_sign,um,1h,LONG,12,8,0.375,-1.7266893306825066,0.11433275886674442,0.03755180630440665,False,NO_REPLICATION
T0431,orderflow.cvd,cvd_slope6_sign,um,1h,LONG,24,8,0.625,0.1644076749042159,0.8918256334159795,0.04445439139413391,False,NO_REPLICATION
T0432,context.btc_regime,regime_follow,um,1h,LONG,4,8,0.0,-5.054980359713895,1.2383996894908184e-06,0.027080801211400538,True,NO_REPLICATION
T0433,context.btc_regime,regime_follow,um,1h,LONG,12,8,0.375,-0.40919410005251217,0.730788530497459,0.03687760667071232,True,NO_REPLICATION
T0434,context.btc_regime,regime_follow,um,1h,LONG,24,8,0.75,0.28658648315733987,0.8098443332688019,0.04796317968108455,True,NO_REPLICATION
T0435,derivatives.funding,funding_sign,um,1h,LONG,4,8,0.0,-3.940696371587223,0.00017982848990434128,0.04946323359708791,True,NO_REPLICATION
T0436,derivatives.funding,funding_sign,um,1h,LONG,12,8,0.625,-0.06242993953725463,0.9578234276013762,0.03824783529125234,False,NO_REPLICATION
T0437,derivatives.funding,funding_sign,um,1h,LONG,24,8,0.75,1.1116158744760434,0.32634044720284017,0.05091439211809236,False,NO_REPLICATION
T0438,derivatives.funding_zscore,z90_extreme,um,1h,LONG,4,8,0.375,-0.24822285457211046,0.8367584673991953,0.06289080131505913,False,NO_REPLICATION
T0439,derivatives.funding_zscore,z90_extreme,um,1h,LONG,12,8,0.75,0.90792497309909,0.42736394425759094,0.048907091686887866,False,NO_REPLICATION
T0440,derivatives.funding_zscore,z90_extreme,um,1h,LONG,24,8,0.625,0.9669515355698881,0.3979734364119234,0.04647731072626383,False,NO_REPLICATION
T0441,trend.ema_20_50_spread,ema_10_30,um,4h,LONG,3,8,0.5,-0.8559763552225698,0.4538779075143349,0.0322819147867124,True,NO_REPLICATION
T0442,trend.ema_20_50_spread,ema_10_30,um,4h,LONG,6,8,0.625,0.5543207851311717,0.6284222695952385,0.0481742230399112,False,NO_REPLICATION
T0443,trend.ema_20_50_spread,ema_20_50,um,4h,LONG,3,8,0.625,-0.22475651941799107,0.8502935434167568,0.05270388382138512,True,NO_REPLICATION
T0444,trend.ema_20_50_spread,ema_20_50,um,4h,LONG,6,8,0.625,1.2500583111112542,0.2655696156407811,0.04885853382672912,False,NO_REPLICATION
T0445,trend.ema_20_50_spread,ema_50_200,um,4h,LONG,3,8,0.375,-1.3534309106245261,0.2270124124125027,0.04191493159852257,True,NO_REPLICATION
T0446,trend.ema_20_50_spread,ema_50_200,um,4h,LONG,6,8,0.625,0.18681418879621348,0.8773439873171291,0.05342148000438853,True,NO_REPLICATION
T0447,trend.ema_50_200_regime,ema_10_30,um,4h,LONG,3,8,0.5,-0.8559763552225698,0.4538779075143349,0.0322819147867124,True,NO_REPLICATION
T0448,trend.ema_50_200_regime,ema_10_30,um,4h,LONG,6,8,0.625,0.5543207851311717,0.6284222695952385,0.0481742230399112,False,NO_REPLICATION
T0449,trend.ema_50_200_regime,ema_20_50,um,4h,LONG,3,8,0.625,-0.22475651941799107,0.8502935434167568,0.05270388382138512,True,NO_REPLICATION
T0450,trend.ema_50_200_regime,ema_20_50,um,4h,LONG,6,8,0.625,1.2500583111112542,0.2655696156407811,0.04885853382672912,False,NO_REPLICATION
T0451,trend.ema_50_200_regime,ema_50_200,um,4h,LONG,3,8,0.375,-1.3534309106245261,0.2270124124125027,0.04191493159852257,True,NO_REPLICATION
T0452,trend.ema_50_200_regime,ema_50_200,um,4h,LONG,6,8,0.625,0.18681418879621348,0.8773439873171291,0.05342148000438853,True,NO_REPLICATION
T0453,trend.ema_slope,default,um,4h,LONG,3,8,0.375,-1.2012556000644148,0.2870204492472035,0.030114544419760587,False,NO_REPLICATION
T0454,trend.ema_slope,default,um,4h,LONG,6,8,0.625,0.9628540014765365,0.39961694311394735,0.052941427089572515,False,NO_REPLICATION
T0455,trend.adx_dmi,adx14_threshold20,um,4h,LONG,3,8,0.375,-1.5379909994818732,0.1660515773092998,0.043103587240506586,False,NO_REPLICATION
T0456,trend.adx_dmi,adx14_threshold20,um,4h,LONG,6,8,0.75,1.249665242310384,0.2655696156407811,0.07150414859693624,False,NO_REPLICATION
T0457,trend.kaufman_er,er10_threshold0.3,um,4h,LONG,3,8,0.375,-1.6376882768553567,0.13707563622457744,0.03329757035263492,True,NO_REPLICATION
T0458,trend.kaufman_er,er10_threshold0.3,um,4h,LONG,6,8,0.625,0.04374399579815755,0.9691777173403126,0.05843128144045814,False,NO_REPLICATION
T0459,trend.donchian,donchian_20,um,4h,LONG,3,8,0.625,-0.2797178946364743,0.8141719610238458,0.0369976958466341,False,NO_REPLICATION
T0460,trend.donchian,donchian_20,um,4h,LONG,6,8,0.625,0.7307272839263763,0.5223429485047532,0.1005387992333439,False,NO_REPLICATION
T0461,trend.donchian,donchian_48,um,4h,LONG,3,8,0.625,1.2727261779017416,0.2582110913991187,0.037410479778550706,False,NO_REPLICATION
T0462,trend.donchian,donchian_48,um,4h,LONG,6,8,0.625,0.7643087676785881,0.5048549038648774,0.09558669145095045,False,NO_REPLICATION
T0463,trend.donchian,donchian_55,um,4h,LONG,3,8,0.625,1.7389562842145745,0.1117128639708868,0.040206286871498784,False,NO_REPLICATION
T0464,trend.donchian,donchian_55,um,4h,LONG,6,8,0.5,1.3305820651882745,0.2354642766823503,0.10256301459569135,False,NO_REPLICATION
T0465,momentum.roc,roc_6,um,4h,LONG,3,8,0.375,-2.063055854659254,0.05594258522231635,0.03194209536419567,True,NO_REPLICATION
T0466,momentum.roc,roc_6,um,4h,LONG,6,8,0.375,-1.9425495782477729,0.0733757247466153,0.022291400040777745,True,NO_REPLICATION
T0467,momentum.roc,roc_12,um,4h,LONG,3,8,0.5,-0.362568422459013,0.7591111500062213,0.029007337251466404,False,NO_REPLICATION
T0468,momentum.roc,roc_12,um,4h,LONG,6,8,0.625,0.2954575297823408,0.8062152028612927,0.045260891937141806,False,NO_REPLICATION
T0469,momentum.roc,roc_24,um,4h,LONG,3,8,0.5,-0.8248964775025811,0.47044219600798837,0.025486685929515248,True,NO_REPLICATION
T0470,momentum.roc,roc_24,um,4h,LONG,6,8,0.625,1.0100614181064806,0.37680039826614714,0.04649499865554789,False,NO_REPLICATION
T0471,momentum.rsi,rsi_7_30_70,um,4h,LONG,3,8,0.375,-1.8617193723938503,0.08735780421097333,0.030579250020998844,True,NO_REPLICATION
T0472,momentum.rsi,rsi_7_30_70,um,4h,LONG,6,8,0.625,-0.06637627818658556,0.9559347710821554,0.046169761887606145,False,NO_REPLICATION
T0473,momentum.rsi,rsi_14_30_70,um,4h,LONG,3,8,0.25,-1.5066625354929846,0.17618833421751387,0.044771277012137616,False,NO_REPLICATION
T0474,momentum.rsi,rsi_14_30_70,um,4h,LONG,6,8,0.5,0.5384105643636251,0.6385456020579158,0.03682905346703839,False,NO_REPLICATION
T0475,momentum.rsi,rsi_21_30_70,um,4h,LONG,3,8,0.5,-0.13557422740100816,0.9046727162925055,0.04004491640984742,False,NO_REPLICATION
T0476,momentum.rsi,rsi_21_30_70,um,4h,LONG,6,8,0.5,1.026969984014563,0.36877378397730354,0.02866955905975068,False,NO_REPLICATION
T0477,volatility.atr_natr,natr14_filter,um,4h,LONG,3,8,0.375,-0.14706003689268304,0.9021870152163507,0.03555963940803293,True,NO_REPLICATION
T0478,volatility.atr_natr,natr14_filter,um,4h,LONG,6,8,0.625,1.1314475960254917,0.31865845895764383,0.06651197083908701,False,NO_REPLICATION
T0479,volatility.bollinger_bandwidth,bb20_2s_filter,um,4h,LONG,3,8,0.25,-1.909785138956458,0.07868712082335047,0.028558609193141224,True,NO_REPLICATION
T0480,volatility.bollinger_bandwidth,bb20_2s_filter,um,4h,LONG,6,8,0.625,-0.47828476113873053,0.6820877846702271,0.0835525151998863,False,NO_REPLICATION
T0481,volatility.realized_percentile,rv20_p100_filter,um,4h,LONG,3,8,0.5,-0.8044648313705822,0.48026040411751064,0.02358815552810056,True,NO_REPLICATION
T0482,volatility.realized_percentile,rv20_p100_filter,um,4h,LONG,6,8,0.625,0.5853526287972647,0.6099938426713618,0.055839663198454036,False,NO_REPLICATION
T0483,volume.rvol,rvol20_filter,um,4h,LONG,3,8,0.625,-0.8516786191219596,0.4559626281034384,0.038643927052699416,True,NO_REPLICATION
T0484,volume.rvol,rvol20_filter,um,4h,LONG,6,8,0.5,-0.7665561822698933,0.5040697942488555,0.07972677996051333,False,NO_REPLICATION
T0485,volume.vwap_deviation,vwap_dev20_reversal,um,4h,LONG,3,8,0.125,-2.424581484916496,0.02383177703325972,0.02539467137981819,True,NO_REPLICATION
T0486,volume.vwap_deviation,vwap_dev20_reversal,um,4h,LONG,6,8,0.5,-0.6523885973035158,0.5691308895420027,0.03229159008619284,False,NO_REPLICATION
T0487,orderflow.taker_ratio,ratio_sign,um,4h,LONG,3,8,0.25,-1.8299123243102065,0.09353018315030501,0.034127474714082895,True,NO_REPLICATION
T0488,orderflow.taker_ratio,ratio_sign,um,4h,LONG,6,8,0.625,0.6763344253231693,0.5546040787895424,0.11323820682488545,False,NO_REPLICATION
T0489,orderflow.cvd,cvd_slope6_sign,um,4h,LONG,3,8,0.375,-1.3653609136280893,0.22405678016246092,0.037877154047089266,False,NO_REPLICATION
T0490,orderflow.cvd,cvd_slope6_sign,um,4h,LONG,6,8,0.625,0.4304299720709347,0.7151447178307399,0.045085194528062596,False,NO_REPLICATION
T0491,context.btc_regime,regime_follow,um,4h,LONG,3,8,0.75,1.4054455767838419,0.21009111033556177,0.049164447376023095,False,NO_REPLICATION
T0492,context.btc_regime,regime_follow,um,4h,LONG,6,8,0.5,-0.1604025078095525,0.8938744517504869,0.05733746187202481,True,NO_REPLICATION
T0493,context.market_breadth,breadth_0.4_0.6,um,4h,LONG,3,8,0.25,-0.9899596231057537,0.3863684899282484,0.06432900265021274,False,NO_REPLICATION
T0494,context.market_breadth,breadth_0.4_0.6,um,4h,LONG,6,8,0.375,0.24742973746372074,0.8367584673991953,0.04120867591310111,False,NO_REPLICATION
T0495,derivatives.funding,funding_sign,um,4h,LONG,3,8,0.625,-0.29160964999919703,0.8080042849109839,0.04245404206006273,False,NO_REPLICATION
T0496,derivatives.funding,funding_sign,um,4h,LONG,6,8,0.75,1.0267187809475837,0.36877378397730354,0.04184584596038414,False,NO_REPLICATION
T0497,derivatives.funding_zscore,z90_extreme,um,4h,LONG,3,8,0.625,0.8844216780409511,0.43940215989647763,0.041106509302500434,False,NO_REPLICATION
T0498,derivatives.funding_zscore,z90_extreme,um,4h,LONG,6,8,0.625,0.9137934939576062,0.42512389458356564,0.04598921104045979,False,NO_REPLICATION
T0499,trend.ema_20_50_spread,ema_10_30,um,15m,SHORT,4,8,0.0,-34.21272824105893,5.888325850468411e-254,0.023493125101170378,True,NO_REPLICATION
T0500,trend.ema_20_50_spread,ema_10_30,um,15m,SHORT,16,8,0.0,-10.672485501088982,7.704170110570604e-26,0.022832101255073057,True,NO_REPLICATION
T0501,trend.ema_20_50_spread,ema_10_30,um,15m,SHORT,48,8,0.125,-5.763298338804357,2.5500874419788077e-08,0.02969134036577793,True,NO_REPLICATION
T0502,trend.ema_20_50_spread,ema_10_30,um,15m,SHORT,96,8,0.125,-3.337188931410357,0.0016423166224900003,0.03526893685836027,False,NO_REPLICATION
T0503,trend.ema_20_50_spread,ema_20_50,um,15m,SHORT,4,8,0.0,-33.849408489125125,1.130077544037284e-248,0.02231496810108619,True,NO_REPLICATION
T0504,trend.ema_20_50_spread,ema_20_50,um,15m,SHORT,16,8,0.0,-10.462657515000311,7.08696431618274e-25,0.02403551042856645,True,NO_REPLICATION
T0505,trend.ema_20_50_spread,ema_20_50,um,15m,SHORT,48,8,0.125,-5.4995530114378655,1.1084501721845932e-07,0.02819292815315464,True,NO_REPLICATION
T0506,trend.ema_20_50_spread,ema_20_50,um,15m,SHORT,96,8,0.125,-3.594869654928333,0.0006630016048501812,0.031664976301641966,False,NO_REPLICATION
T0507,trend.ema_20_50_spread,ema_50_200,um,15m,SHORT,4,8,0.0,-33.708087775045826,1.2555882681045143e-246,0.023195367245235084,True,NO_REPLICATION
T0508,trend.ema_20_50_spread,ema_50_200,um,15m,SHORT,16,8,0.0,-9.04161776500088,6.731955629676571e-19,0.02328487939318058,True,NO_REPLICATION
T0509,trend.ema_20_50_spread,ema_50_200,um,15m,SHORT,48,8,0.125,-4.558882872523748,1.2948699085050135e-05,0.027028529678344227,True,NO_REPLICATION
T0510,trend.ema_20_50_spread,ema_50_200,um,15m,SHORT,96,8,0.125,-3.1181215423677653,0.003359247605617855,0.028459484646134067,False,NO_REPLICATION
T0511,trend.ema_50_200_regime,ema_10_30,um,15m,SHORT,4,8,0.0,-34.21272824105893,5.888325850468411e-254,0.023493125101170378,True,NO_REPLICATION
T0512,trend.ema_50_200_regime,ema_10_30,um,15m,SHORT,16,8,0.0,-10.672485501088982,7.704170110570604e-26,0.022832101255073057,True,NO_REPLICATION
T0513,trend.ema_50_200_regime,ema_10_30,um,15m,SHORT,48,8,0.125,-5.763298338804357,2.5500874419788077e-08,0.02969134036577793,True,NO_REPLICATION
T0514,trend.ema_50_200_regime,ema_10_30,um,15m,SHORT,96,8,0.125,-3.337188931410357,0.0016423166224900003,0.03526893685836027,False,NO_REPLICATION
T0515,trend.ema_50_200_regime,ema_20_50,um,15m,SHORT,4,8,0.0,-33.849408489125125,1.130077544037284e-248,0.02231496810108619,True,NO_REPLICATION
T0516,trend.ema_50_200_regime,ema_20_50,um,15m,SHORT,16,8,0.0,-10.462657515000311,7.08696431618274e-25,0.02403551042856645,True,NO_REPLICATION
T0517,trend.ema_50_200_regime,ema_20_50,um,15m,SHORT,48,8,0.125,-5.4995530114378655,1.1084501721845932e-07,0.02819292815315464,True,NO_REPLICATION
T0518,trend.ema_50_200_regime,ema_20_50,um,15m,SHORT,96,8,0.125,-3.594869654928333,0.0006630016048501812,0.031664976301641966,False,NO_REPLICATION
T0519,trend.ema_50_200_regime,ema_50_200,um,15m,SHORT,4,8,0.0,-33.708087775045826,1.2555882681045143e-246,0.023195367245235084,True,NO_REPLICATION
T0520,trend.ema_50_200_regime,ema_50_200,um,15m,SHORT,16,8,0.0,-9.04161776500088,6.731955629676571e-19,0.02328487939318058,True,NO_REPLICATION
T0521,trend.ema_50_200_regime,ema_50_200,um,15m,SHORT,48,8,0.125,-4.558882872523748,1.2948699085050135e-05,0.027028529678344227,True,NO_REPLICATION
T0522,trend.ema_50_200_regime,ema_50_200,um,15m,SHORT,96,8,0.125,-3.1181215423677653,0.003359247605617855,0.028459484646134067,False,NO_REPLICATION
T0523,trend.ema_slope,default,um,15m,SHORT,4,8,0.0,-35.53911287052187,9.144717510044593e-274,0.021982144357787635,True,NO_REPLICATION
T0524,trend.ema_slope,default,um,15m,SHORT,16,8,0.0,-11.432177960069149,1.8282127578519527e-29,0.023739855555338325,True,NO_REPLICATION
T0525,trend.ema_slope,default,um,15m,SHORT,48,8,0.125,-5.432706555437576,1.584820157305728e-07,0.027362688081192073,True,NO_REPLICATION
T0526,trend.ema_slope,default,um,15m,SHORT,96,8,0.25,-3.484053712478986,0.0009837787467818235,0.02897893946414651,False,NO_REPLICATION
T0527,trend.adx_dmi,adx14_threshold20,um,15m,SHORT,4,8,0.0,-33.47705950847131,3.7983881227845926e-243,0.022466712461347873,True,NO_REPLICATION
T0528,trend.adx_dmi,adx14_threshold20,um,15m,SHORT,16,8,0.0,-10.156420153205596,1.616130619326215e-23,0.02683358861285119,True,NO_REPLICATION
T0529,trend.adx_dmi,adx14_threshold20,um,15m,SHORT,48,8,0.125,-5.773334094485305,2.4345335881518433e-08,0.027488640192096393,True,NO_REPLICATION
T0530,trend.adx_dmi,adx14_threshold20,um,15m,SHORT,96,8,0.125,-3.5979514730072384,0.0006599487180547546,0.029501225848596754,False,NO_REPLICATION
T0531,trend.kaufman_er,er10_threshold0.3,um,15m,SHORT,4,8,0.0,-35.827262450368714,6.34398958064119e-278,0.0232970181059456,True,NO_REPLICATION
T0532,trend.kaufman_er,er10_threshold0.3,um,15m,SHORT,16,8,0.0,-12.235950073907595,1.3929730893265771e-33,0.023319746964048607,True,NO_REPLICATION
T0533,trend.kaufman_er,er10_threshold0.3,um,15m,SHORT,48,8,0.125,-5.881424499746932,1.284043517865406e-08,0.02634789607817598,True,NO_REPLICATION
T0534,trend.kaufman_er,er10_threshold0.3,um,15m,SHORT,96,8,0.125,-3.9517234823395695,0.00017185498878659103,0.034266192398573404,False,NO_REPLICATION
T0535,trend.donchian,donchian_20,um,15m,SHORT,4,8,0.0,-25.16968372165724,1.929261942311272e-137,0.023280262277262334,True,NO_REPLICATION
T0536,trend.donchian,donchian_20,um,15m,SHORT,16,8,0.0,-10.307615072706996,3.747359720910089e-24,0.0245269501048078,True,NO_REPLICATION
T0537,trend.donchian,donchian_20,um,15m,SHORT,48,8,0.125,-5.587006525768585,6.927600407257045e-08,0.026142771219605926,True,NO_REPLICATION
T0538,trend.donchian,donchian_20,um,15m,SHORT,96,8,0.25,-2.9109565001911872,0.006327415528007846,0.028745882681063133,False,NO_REPLICATION
T0539,trend.donchian,donchian_48,um,15m,SHORT,4,8,0.0,-18.258349032331953,6.791836081485419e-73,0.026527327155930775,True,NO_REPLICATION
T0540,trend.donchian,donchian_48,um,15m,SHORT,16,8,0.0,-9.156330141120868,2.595272406482692e-19,0.025089904693338005,True,NO_REPLICATION
T0541,trend.donchian,donchian_48,um,15m,SHORT,48,8,0.125,-4.419188896714292,2.440985724842703e-05,0.028623000113965937,True,NO_REPLICATION
T0542,trend.donchian,donchian_48,um,15m,SHORT,96,8,0.125,-4.070107340216029,0.00010765971819795885,0.024331348535691272,False,NO_REPLICATION
T0543,trend.donchian,donchian_55,um,15m,SHORT,4,8,0.0,-17.29958155841376,1.4926447211664848e-65,0.026814988479765704,True,NO_REPLICATION
T0544,trend.donchian,donchian_55,um,15m,SHORT,16,8,0.0,-8.633267077934196,2.5858440144666505e-17,0.026047883345336947,True,NO_REPLICATION
T0545,trend.donchian,donchian_55,um,15m,SHORT,48,8,0.25,-4.2850618982176085,4.3315085702528944e-05,0.0332901160640946,True,NO_REPLICATION
T0546,trend.donchian,donchian_55,um,15m,SHORT,96,8,0.125,-3.9534259004441106,0.00017179397065118212,0.028828668081490677,False,NO_REPLICATION
T0547,momentum.roc,roc_6,um,15m,SHORT,4,8,0.0,-38.154745272139394,0.0,0.022623831034192576,True,NO_REPLICATION
T0548,momentum.roc,roc_6,um,15m,SHORT,16,8,0.0,-12.409943649267014,1.619206862208703e-34,0.024018762052315262,True,NO_REPLICATION
T0549,momentum.roc,roc_6,um,15m,SHORT,48,8,0.125,-5.440723866952027,1.5206214715967117e-07,0.02817618089524831,True,NO_REPLICATION
T0550,momentum.roc,roc_6,um,15m,SHORT,96,8,0.25,-3.9826829752633173,0.00015227366709341967,0.04056505952257188,True,NO_REPLICATION
T0551,momentum.roc,roc_12,um,15m,SHORT,4,8,0.0,-36.51401340775846,9.072831869002873e-289,0.022435404901456492,True,NO_REPLICATION
T0552,momentum.roc,roc_12,um,15m,SHORT,16,8,0.0,-11.260283311635103,1.2810671521876375e-28,0.024074256734067483,True,NO_REPLICATION
T0553,momentum.roc,roc_12,um,15m,SHORT,48,8,0.125,-5.580140925099041,7.133010346812726e-08,0.031155849642878642,True,NO_REPLICATION
T0554,momentum.roc,roc_12,um,15m,SHORT,96,8,0.25,-3.7184724645174945,0.0004227471767926865,0.034918726402802754,False,NO_REPLICATION
T0555,momentum.roc,roc_24,um,15m,SHORT,4,8,0.0,-35.86405018388633,1.030307221869121e-278,0.02333133355844626,True,NO_REPLICATION
T0556,momentum.roc,roc_24,um,15m,SHORT,16,8,0.0,-11.179281057515642,3.1480142237409385e-28,0.023394583363961243,True,NO_REPLICATION
T0557,momentum.roc,roc_24,um,15m,SHORT,48,8,0.125,-5.587005002965887,6.912360362225316e-08,0.028997565751883374,True,NO_REPLICATION
T0558,momentum.roc,roc_24,um,15m,SHORT,96,8,0.25,-3.78555077187327,0.00032718088422945376,0.03649318618276062,False,NO_REPLICATION
T0559,momentum.rsi,rsi_7_30_70,um,15m,SHORT,4,8,0.0,-22.891556749462744,1.789894272810412e-114,0.02697729554293647,True,NO_REPLICATION
T0560,momentum.rsi,rsi_7_30_70,um,15m,SHORT,16,8,0.0,-7.312020243521616,9.572425972776652e-13,0.036261438475527756,True,NO_REPLICATION
T0561,momentum.rsi,rsi_7_30_70,um,15m,SHORT,48,8,0.25,-2.670552839304082,0.012533143542900417,0.038523585226089264,False,NO_REPLICATION
T0562,momentum.rsi,rsi_7_30_70,um,15m,SHORT,96,8,0.25,-2.4668192538181044,0.02134764994065697,0.03820926362930167,False,NO_REPLICATION
T0563,momentum.rsi,rsi_14_30_70,um,15m,SHORT,4,8,0.0,-13.863995498198722,1.0090328634790265e-42,0.032938934016646645,True,NO_REPLICATION
T0564,momentum.rsi,rsi_14_30_70,um,15m,SHORT,16,8,0.0,-5.932098024770298,9.578528794556212e-09,0.03442018279860635,True,NO_REPLICATION
T0565,momentum.rsi,rsi_14_30_70,um,15m,SHORT,48,8,0.25,-3.321717577234192,0.0017284265127356843,0.04447905195269434,False,NO_REPLICATION
T0566,momentum.rsi,rsi_14_30_70,um,15m,SHORT,96,8,0.25,-3.1066023542832846,0.003478562066569079,0.08033987190826068,False,NO_REPLICATION
T0567,momentum.rsi,rsi_21_30_70,um,15m,SHORT,4,8,0.125,-8.66896448564384,1.875150861719469e-17,0.03467486269075606,True,NO_REPLICATION
T0568,momentum.rsi,rsi_21_30_70,um,15m,SHORT,16,8,0.0,-5.716931776052901,3.371903927028126e-08,0.033700233556796494,True,NO_REPLICATION
T0569,momentum.rsi,rsi_21_30_70,um,15m,SHORT,48,8,0.25,-4.651037687863401,8.58504230350097e-06,0.03919798002172192,True,NO_REPLICATION
T0570,momentum.rsi,rsi_21_30_70,um,15m,SHORT,96,8,0.25,-3.1780158517332335,0.0027831246902519048,0.08924228562158737,True,NO_REPLICATION
T0571,volatility.atr_natr,natr14_filter,um,15m,SHORT,4,8,0.0,-25.833663162135874,2.78898461644377e-145,0.027679875295084876,True,NO_REPLICATION
T0572,volatility.atr_natr,natr14_filter,um,15m,SHORT,16,8,0.0,-10.887380085028393,8.005883142757521e-27,0.028565467626623976,True,NO_REPLICATION
T0573,volatility.atr_natr,natr14_filter,um,15m,SHORT,48,8,0.125,-6.460723963977598,3.5533552475181537e-10,0.03562252249128073,True,NO_REPLICATION
T0574,volatility.atr_natr,natr14_filter,um,15m,SHORT,96,8,0.125,-5.528998336529279,9.582096930089399e-08,0.039934565838932595,True,NO_REPLICATION
T0575,volatility.bollinger_bandwidth,bb20_2s_filter,um,15m,SHORT,4,8,0.0,-36.09976990372837,3.38769456854188e-282,0.023384100647365718,True,NO_REPLICATION
T0576,volatility.bollinger_bandwidth,bb20_2s_filter,um,15m,SHORT,16,8,0.0,-12.156061775451876,3.6224909786980507e-33,0.024170847067113893,True,NO_REPLICATION
T0577,volatility.bollinger_bandwidth,bb20_2s_filter,um,15m,SHORT,48,8,0.125,-5.70645645615839,3.5204300302348713e-08,0.02888499751442811,True,NO_REPLICATION
T0578,volatility.bollinger_bandwidth,bb20_2s_filter,um,15m,SHORT,96,8,0.25,-3.9086620855004397,0.00020315369323352513,0.03389273361601351,False,NO_REPLICATION
T0579,volatility.realized_percentile,rv20_p100_filter,um,15m,SHORT,4,8,0.0,-26.739588236013674,2.1550618459017643e-155,0.026160314103438092,True,NO_REPLICATION
T0580,volatility.realized_percentile,rv20_p100_filter,um,15m,SHORT,16,8,0.0,-10.193110340683994,1.1563083133437144e-23,0.02787390380323588,True,NO_REPLICATION
T0581,volatility.realized_percentile,rv20_p100_filter,um,15m,SHORT,48,8,0.125,-5.17855802168536,6.213250438478518e-07,0.028669128734314202,True,NO_REPLICATION
T0582,volatility.realized_percentile,rv20_p100_filter,um,15m,SHORT,96,8,0.25,-4.277535624224487,4.4561140837978794e-05,0.0324012398215589,True,NO_REPLICATION
T0583,volume.rvol,rvol20_filter,um,15m,SHORT,4,8,0.0,-26.26013560228872,1.97294216420398e-149,0.02608025452528801,True,NO_REPLICATION
T0584,volume.rvol,rvol20_filter,um,15m,SHORT,16,8,0.0,-10.123872598287761,2.3541099778888612e-23,0.027572983474001625,True,NO_REPLICATION
T0585,volume.rvol,rvol20_filter,um,15m,SHORT,48,8,0.125,-5.108436588409132,9.001978863892057e-07,0.025854893973185664,True,NO_REPLICATION
T0586,volume.rvol,rvol20_filter,um,15m,SHORT,96,8,0.25,-3.6850964124399135,0.00047863255280063583,0.027929583821976023,False,NO_REPLICATION
T0587,volume.vwap_deviation,vwap_dev20_reversal,um,15m,SHORT,4,8,0.0,-35.900465497833174,2.9857245192251476e-279,0.024433594732782234,True,NO_REPLICATION
T0588,volume.vwap_deviation,vwap_dev20_reversal,um,15m,SHORT,16,8,0.0,-11.164798240364217,3.6553769410374415e-28,0.025709976765051424,True,NO_REPLICATION
T0589,volume.vwap_deviation,vwap_dev20_reversal,um,15m,SHORT,48,8,0.125,-4.681046247289175,7.4353129974372395e-06,0.034202676639404704,True,NO_REPLICATION
T0590,volume.vwap_deviation,vwap_dev20_reversal,um,15m,SHORT,96,8,0.125,-4.043312429141868,0.00011956172851660101,0.03475132534712554,False,NO_REPLICATION
T0591,orderflow.taker_ratio,ratio_sign,um,15m,SHORT,4,8,0.0,-39.32845515596159,0.0,0.02227420350881235,True,NO_REPLICATION
T0592,orderflow.taker_ratio,ratio_sign,um,15m,SHORT,16,8,0.0,-12.16166020653591,3.348380789904858e-33,0.023602366005170853,True,NO_REPLICATION
T0593,orderflow.taker_ratio,ratio_sign,um,15m,SHORT,48,8,0.125,-5.414244427673771,1.742062315703606e-07,0.03053724490029782,True,NO_REPLICATION
T0594,orderflow.taker_ratio,ratio_sign,um,15m,SHORT,96,8,0.25,-3.9255754931164164,0.00019048846639528496,0.0353229878090759,True,NO_REPLICATION
T0595,orderflow.cvd,cvd_slope6_sign,um,15m,SHORT,4,8,0.0,-39.584473551528575,0.0,0.022036910284976924,True,NO_REPLICATION
T0596,orderflow.cvd,cvd_slope6_sign,um,15m,SHORT,16,8,0.0,-11.897698156621734,7.824845802513743e-32,0.024167510470458824,True,NO_REPLICATION
T0597,orderflow.cvd,cvd_slope6_sign,um,15m,SHORT,48,8,0.125,-6.210303208869632,1.703326308370952e-09,0.030505345296858173,True,NO_REPLICATION
T0598,orderflow.cvd,cvd_slope6_sign,um,15m,SHORT,96,8,0.125,-4.5554452828686935,1.312127523853278e-05,0.03552076414981976,True,NO_REPLICATION
T0599,context.btc_regime,regime_follow,um,15m,SHORT,4,8,0.0,-12.7285094474476,6.097328340826733e-36,0.0222443321560308,True,NO_REPLICATION
T0600,context.btc_regime,regime_follow,um,15m,SHORT,16,8,0.125,-6.440467624901595,4.5633393710294956e-10,0.023065749680784717,True,NO_REPLICATION
T0601,context.btc_regime,regime_follow,um,15m,SHORT,48,8,0.125,-3.5898813898927364,0.0006954461227297767,0.02995913700011781,True,NO_REPLICATION
T0602,context.btc_regime,regime_follow,um,15m,SHORT,96,8,0.25,-2.848304815258345,0.007770317108889786,0.028067576342710586,True,NO_REPLICATION
T0603,context.market_breadth,breadth_0.4_0.6,um,15m,SHORT,4,8,0.0,-20.997563587389923,3.3286066417160265e-95,0.022245535323255333,True,NO_REPLICATION
T0604,context.market_breadth,breadth_0.4_0.6,um,15m,SHORT,16,8,0.0,-8.588755450176137,4.5292731843534304e-17,0.02414317683292194,True,NO_REPLICATION
T0605,context.market_breadth,breadth_0.4_0.6,um,15m,SHORT,48,8,0.125,-5.507578984760353,1.1701209882529522e-07,0.024713924390911864,True,NO_REPLICATION
T0606,context.market_breadth,breadth_0.4_0.6,um,15m,SHORT,96,8,0.125,-2.349987133040354,0.028898553688796527,0.032666731182149564,False,NO_REPLICATION
T0607,derivatives.funding,funding_sign,um,15m,SHORT,4,8,0.0,-38.3126102632593,0.0,0.025243530869491347,True,NO_REPLICATION
T0608,derivatives.funding,funding_sign,um,15m,SHORT,16,8,0.0,-11.334123629392746,5.580581584159497e-29,0.027434221007013926,True,NO_REPLICATION
T0609,derivatives.funding,funding_sign,um,15m,SHORT,48,8,0.25,-4.966362241355485,1.8421372605031767e-06,0.03498972908105133,True,NO_REPLICATION
T0610,derivatives.funding,funding_sign,um,15m,SHORT,96,8,0.25,-3.2193118241948517,0.002419670161195069,0.03701288538511383,False,NO_REPLICATION
T0611,derivatives.funding_zscore,z90_extreme,um,15m,SHORT,4,7,0.14285714285714285,-8.911724899046666,2.8597673969482974e-18,0.05823408247639251,True,NO_REPLICATION
T0612,derivatives.funding_zscore,z90_extreme,um,15m,SHORT,16,6,0.16666666666666666,-2.3953741624282867,0.025722311432731078,0.05388397330206771,False,NO_REPLICATION
T0613,derivatives.funding_zscore,z90_extreme,um,15m,SHORT,48,6,0.5,-1.009054785759355,0.37708674618836496,0.04307138987223496,False,NO_REPLICATION
T0614,derivatives.funding_zscore,z90_extreme,um,15m,SHORT,96,6,0.5,0.17387581156121826,0.8861744980000996,0.04625427371817699,False,NO_REPLICATION
T0615,trend.ema_20_50_spread,ema_10_30,um,1h,SHORT,4,8,0.0,-9.179784262462583,2.02959462109167e-19,0.025223256131426695,True,NO_REPLICATION
T0616,trend.ema_20_50_spread,ema_10_30,um,1h,SHORT,12,8,0.125,-4.017009508352353,0.0001326667996928875,0.025158317205028997,True,NO_REPLICATION
T0617,trend.ema_20_50_spread,ema_10_30,um,1h,SHORT,24,8,0.125,-2.9359466800870786,0.005895387324100276,0.028394431331393133,False,NO_REPLICATION
T0618,trend.ema_20_50_spread,ema_20_50,um,1h,SHORT,4,8,0.0,-9.282798519995922,7.916998970187264e-20,0.02134112438024624,True,NO_REPLICATION
T0619,trend.ema_20_50_spread,ema_20_50,um,1h,SHORT,12,8,0.125,-3.8154430774811363,0.00029191164046218904,0.028038538713993488,True,NO_REPLICATION
T0620,trend.ema_20_50_spread,ema_20_50,um,1h,SHORT,24,8,0.25,-2.3799710192796,0.026566944216197833,0.032215545510803134,False,NO_REPLICATION
T0621,trend.ema_20_50_spread,ema_50_200,um,1h,SHORT,4,8,0.0,-8.855002362913194,3.587607291476223e-18,0.024960774735197186,True,NO_REPLICATION
T0622,trend.ema_20_50_spread,ema_50_200,um,1h,SHORT,12,8,0.125,-2.929199204252485,0.00599476939587866,0.02860027340197418,False,NO_REPLICATION
T0623,trend.ema_20_50_spread,ema_50_200,um,1h,SHORT,24,8,0.125,-2.087786098422044,0.05303795789271968,0.044436546518155595,False,NO_REPLICATION
T0624,trend.ema_50_200_regime,ema_10_30,um,1h,SHORT,4,8,0.0,-9.179784262462583,2.02959462109167e-19,0.025223256131426695,True,NO_REPLICATION
T0625,trend.ema_50_200_regime,ema_10_30,um,1h,SHORT,12,8,0.125,-4.017009508352353,0.0001326667996928875,0.025158317205028997,True,NO_REPLICATION
T0626,trend.ema_50_200_regime,ema_10_30,um,1h,SHORT,24,8,0.125,-2.9359466800870786,0.005895387324100276,0.028394431331393133,False,NO_REPLICATION
T0627,trend.ema_50_200_regime,ema_20_50,um,1h,SHORT,4,8,0.0,-9.282798519995922,7.916998970187264e-20,0.02134112438024624,True,NO_REPLICATION
T0628,trend.ema_50_200_regime,ema_20_50,um,1h,SHORT,12,8,0.125,-3.8154430774811363,0.00029191164046218904,0.028038538713993488,True,NO_REPLICATION
T0629,trend.ema_50_200_regime,ema_20_50,um,1h,SHORT,24,8,0.25,-2.3799710192796,0.026566944216197833,0.032215545510803134,False,NO_REPLICATION
T0630,trend.ema_50_200_regime,ema_50_200,um,1h,SHORT,4,8,0.0,-8.855002362913194,3.587607291476223e-18,0.024960774735197186,True,NO_REPLICATION
T0631,trend.ema_50_200_regime,ema_50_200,um,1h,SHORT,12,8,0.125,-2.929199204252485,0.00599476939587866,0.02860027340197418,False,NO_REPLICATION
T0632,trend.ema_50_200_regime,ema_50_200,um,1h,SHORT,24,8,0.125,-2.087786098422044,0.05303795789271968,0.044436546518155595,False,NO_REPLICATION
T0633,trend.ema_slope,default,um,1h,SHORT,4,8,0.0,-9.372454423711531,3.4479977995800696e-20,0.025106692937534012,True,NO_REPLICATION
T0634,trend.ema_slope,default,um,1h,SHORT,12,8,0.125,-4.419229276171568,2.440985724842703e-05,0.029209741045731548,True,NO_REPLICATION
T0635,trend.ema_slope,default,um,1h,SHORT,24,8,0.25,-3.551786196230462,0.0007734563330398853,0.03297939913708565,True,NO_REPLICATION
T0636,trend.adx_dmi,adx14_threshold20,um,1h,SHORT,4,8,0.0,-8.887421245793607,2.7926254534596656e-18,0.026672670469761132,True,NO_REPLICATION
T0637,trend.adx_dmi,adx14_threshold20,um,1h,SHORT,12,8,0.125,-3.733130670311527,0.000401671088083723,0.031828375795377,True,NO_REPLICATION
T0638,trend.adx_dmi,adx14_threshold20,um,1h,SHORT,24,8,0.125,-2.8164509308826955,0.008335496447447415,0.05830991502951852,False,NO_REPLICATION
T0639,trend.kaufman_er,er10_threshold0.3,um,1h,SHORT,4,8,0.0,-10.392746745825715,1.599503010759909e-24,0.024426081961530465,True,NO_REPLICATION
T0640,trend.kaufman_er,er10_threshold0.3,um,1h,SHORT,12,8,0.125,-4.8976892800902005,2.6013334833466745e-06,0.03637822201680336,True,NO_REPLICATION
T0641,trend.kaufman_er,er10_threshold0.3,um,1h,SHORT,24,8,0.25,-3.6767015408126644,0.0004922445207930773,0.032814355227775524,True,NO_REPLICATION
T0642,trend.donchian,donchian_20,um,1h,SHORT,4,8,0.125,-6.5167110560556605,2.625706871159431e-10,0.02862057153309909,True,NO_REPLICATION
T0643,trend.donchian,donchian_20,um,1h,SHORT,12,8,0.125,-3.391975445126308,0.0013708226832717311,0.028610731699612556,True,NO_REPLICATION
T0644,trend.donchian,donchian_20,um,1h,SHORT,24,8,0.0,-3.576451706015047,0.0007116871604820748,0.03075794783853306,True,NO_REPLICATION
T0645,trend.donchian,donchian_48,um,1h,SHORT,4,8,0.25,-4.756339074493465,5.3414467229033455e-06,0.035453220204754075,True,NO_REPLICATION
T0646,trend.donchian,donchian_48,um,1h,SHORT,12,8,0.125,-2.0995189680148734,0.05179804598599423,0.03177325738745965,True,NO_REPLICATION
T0647,trend.donchian,donchian_48,um,1h,SHORT,24,8,0.0,-2.7656347540991004,0.009700675777975957,0.031006141452423634,True,NO_REPLICATION
T0648,trend.donchian,donchian_55,um,1h,SHORT,4,8,0.25,-4.650511410123116,8.751714956991206e-06,0.032704563717002845,True,NO_REPLICATION
T0649,trend.donchian,donchian_55,um,1h,SHORT,12,8,0.375,-1.917055595491374,0.07771867951153327,0.04457284357160961,True,NO_REPLICATION
T0650,trend.donchian,donchian_55,um,1h,SHORT,24,8,0.125,-2.7264089699136256,0.010788291015247049,0.03540948731049532,True,NO_REPLICATION
T0651,momentum.roc,roc_6,um,1h,SHORT,4,8,0.0,-10.242126937361371,7.358957491762778e-24,0.023646312025173047,True,NO_REPLICATION
T0652,momentum.roc,roc_6,um,1h,SHORT,12,8,0.125,-4.928558626213592,2.229187238660087e-06,0.0303120080639417,True,NO_REPLICATION
T0653,momentum.roc,roc_6,um,1h,SHORT,24,8,0.25,-3.1530086567221556,0.0030140992595980047,0.036307380477719586,False,NO_REPLICATION
T0654,momentum.roc,roc_12,um,1h,SHORT,4,8,0.0,-9.947396532918454,1.3407610200534816e-22,0.02373078221942493,True,NO_REPLICATION
T0655,momentum.roc,roc_12,um,1h,SHORT,12,8,0.125,-4.284537510513733,4.3315085702528944e-05,0.029314665545336595,True,NO_REPLICATION
T0656,momentum.roc,roc_12,um,1h,SHORT,24,8,0.25,-2.559697701502296,0.016900916165615634,0.03567503531636146,False,NO_REPLICATION
T0657,momentum.roc,roc_24,um,1h,SHORT,4,8,0.0,-10.097941836328959,3.07740956051031e-23,0.023898531034667166,True,NO_REPLICATION
T0658,momentum.roc,roc_24,um,1h,SHORT,12,8,0.125,-4.049278503917378,0.00011705396241691459,0.02512043199202064,True,NO_REPLICATION
T0659,momentum.roc,roc_24,um,1h,SHORT,24,8,0.125,-3.487929164166148,0.0009735230017329596,0.030859277448880427,False,NO_REPLICATION
T0660,momentum.rsi,rsi_7_30_70,um,1h,SHORT,4,8,0.125,-6.97815892581605,1.095322042293265e-11,0.03580277141179458,True,NO_REPLICATION
T0661,momentum.rsi,rsi_7_30_70,um,1h,SHORT,12,8,0.25,-3.1227122115956183,0.0033272793776653307,0.05058519573326334,False,NO_REPLICATION
T0662,momentum.rsi,rsi_7_30_70,um,1h,SHORT,24,8,0.25,-2.2499405167092332,0.03613473142388417,0.058641890890597306,False,NO_REPLICATION
T0663,momentum.rsi,rsi_14_30_70,um,1h,SHORT,4,8,0.0,-5.929424984891645,9.893464200199583e-09,0.046372672807814944,True,NO_REPLICATION
T0664,momentum.rsi,rsi_14_30_70,um,1h,SHORT,12,8,0.25,-4.384649462759038,2.833946561410883e-05,0.06133980458888301,True,NO_REPLICATION
T0665,momentum.rsi,rsi_14_30_70,um,1h,SHORT,24,8,0.25,-2.9109318585844637,0.006327415528007846,0.08437991275761125,True,NO_REPLICATION
T0666,momentum.rsi,rsi_21_30_70,um,1h,SHORT,4,8,0.0,-4.981109368837572,1.756066275724347e-06,0.05543642193365342,True,NO_REPLICATION
T0667,momentum.rsi,rsi_21_30_70,um,1h,SHORT,12,8,0.25,-5.285035352934109,3.6636560074756856e-07,0.07599554440419498,True,NO_REPLICATION
T0668,momentum.rsi,rsi_21_30_70,um,1h,SHORT,24,8,0.25,-3.8641863456997454,0.0002463081875816642,0.10487992622231652,True,NO_REPLICATION
T0669,volatility.atr_natr,natr14_filter,um,1h,SHORT,4,8,0.0,-8.209431211877495,9.216261179597484e-16,0.029530218261553453,True,NO_REPLICATION
T0670,volatility.atr_natr,natr14_filter,um,1h,SHORT,12,8,0.125,-5.582811346074229,7.136429907558763e-08,0.03793190013310839,True,NO_REPLICATION
T0671,volatility.atr_natr,natr14_filter,um,1h,SHORT,24,8,0.125,-4.097062665188556,9.710793545541036e-05,0.036812003030479414,False,NO_REPLICATION
T0672,volatility.bollinger_bandwidth,bb20_2s_filter,um,1h,SHORT,4,8,0.0,-10.799430537973294,2.175303859169529e-26,0.027525700668631775,True,NO_REPLICATION
T0673,volatility.bollinger_bandwidth,bb20_2s_filter,um,1h,SHORT,12,8,0.125,-5.091167435318155,9.830270716788078e-07,0.030467920026948446,True,NO_REPLICATION
T0674,volatility.bollinger_bandwidth,bb20_2s_filter,um,1h,SHORT,24,8,0.25,-3.8511016306371184,0.0002541520514965719,0.03320208964064661,True,NO_REPLICATION
T0675,volatility.realized_percentile,rv20_p100_filter,um,1h,SHORT,4,8,0.0,-7.337871160121809,8.266889271574373e-13,0.02943449510439401,True,NO_REPLICATION
T0676,volatility.realized_percentile,rv20_p100_filter,um,1h,SHORT,12,8,0.125,-4.669159711798817,7.908822169014542e-06,0.03816862487501173,True,NO_REPLICATION
T0677,volatility.realized_percentile,rv20_p100_filter,um,1h,SHORT,24,8,0.25,-2.937050612602824,0.005895387324100276,0.0350552520229699,True,NO_REPLICATION
T0678,volume.rvol,rvol20_filter,um,1h,SHORT,4,8,0.0,-5.257941405065086,4.1617400054580437e-07,0.02455044525412194,True,NO_REPLICATION
T0679,volume.rvol,rvol20_filter,um,1h,SHORT,12,8,0.125,-3.032082340999364,0.0044434253315960345,0.03861829942923263,False,NO_REPLICATION
T0680,volume.rvol,rvol20_filter,um,1h,SHORT,24,8,0.25,-2.6849908279864625,0.012088923593002246,0.03252025657914345,True,NO_REPLICATION
T0681,volume.vwap_deviation,vwap_dev20_reversal,um,1h,SHORT,4,8,0.0,-10.382085067639563,1.752546836989883e-24,0.027931319745830185,True,NO_REPLICATION
T0682,volume.vwap_deviation,vwap_dev20_reversal,um,1h,SHORT,12,8,0.125,-4.6197311075909395,9.839462985861079e-06,0.035664652146030235,False,NO_REPLICATION
T0683,volume.vwap_deviation,vwap_dev20_reversal,um,1h,SHORT,24,8,0.25,-2.748697425378346,0.010130922838286286,0.04023778987682413,False,NO_REPLICATION
T0684,orderflow.taker_ratio,ratio_sign,um,1h,SHORT,4,8,0.0,-11.240809826528757,1.704200963209321e-28,0.027122596035784263,True,NO_REPLICATION
T0685,orderflow.taker_ratio,ratio_sign,um,1h,SHORT,12,8,0.125,-4.75088082834704,5.3414467229033455e-06,0.029734908140332795,True,NO_REPLICATION
T0686,orderflow.taker_ratio,ratio_sign,um,1h,SHORT,24,8,0.125,-3.7101458918910137,0.0004359949086600652,0.03669881676527229,True,NO_REPLICATION
T0687,orderflow.cvd,cvd_slope6_sign,um,1h,SHORT,4,8,0.0,-10.904571809985041,6.791742175920133e-27,0.02502744546764384,True,NO_REPLICATION
T0688,orderflow.cvd,cvd_slope6_sign,um,1h,SHORT,12,8,0.125,-5.048254058167387,1.224048290319569e-06,0.032206674495721004,True,NO_REPLICATION
T0689,orderflow.cvd,cvd_slope6_sign,um,1h,SHORT,24,8,0.125,-3.5736264262627926,0.0007130453083395012,0.0347132344190308,False,NO_REPLICATION
T0690,context.btc_regime,regime_follow,um,1h,SHORT,4,8,0.0,-4.689763815422587,7.4498818637942175e-06,0.02625670179738868,True,NO_REPLICATION
T0691,context.btc_regime,regime_follow,um,1h,SHORT,12,8,0.125,-3.119303535999978,0.0034122881135013623,0.03751015661876427,True,NO_REPLICATION
T0692,context.btc_regime,regime_follow,um,1h,SHORT,24,8,0.25,-1.7871940288003059,0.10217107915539611,0.03511667194371552,True,NO_REPLICATION
T0693,derivatives.funding,funding_sign,um,1h,SHORT,4,8,0.0,-10.22198921982388,8.874053044825409e-24,0.026590550924787622,True,NO_REPLICATION
T0694,derivatives.funding,funding_sign,um,1h,SHORT,12,8,0.125,-4.2598627113976315,4.8070125413111596e-05,0.04220851059020884,True,NO_REPLICATION
T0695,derivatives.funding,funding_sign,um,1h,SHORT,24,8,0.25,-3.5000106556433535,0.0009328209471325619,0.06474553581250711,False,NO_REPLICATION
T0696,derivatives.funding_zscore,z90_extreme,um,1h,SHORT,4,6,0.3333333333333333,-2.6383914880564063,0.013901286297244847,0.03748237105961622,True,NO_REPLICATION
T0697,derivatives.funding_zscore,z90_extreme,um,1h,SHORT,12,6,0.5,-0.9106602247487897,0.42649492878294615,0.035718039330329805,False,NO_REPLICATION
T0698,derivatives.funding_zscore,z90_extreme,um,1h,SHORT,24,6,0.5,0.04348089862563288,0.9691777173403126,0.04197429118447326,False,NO_REPLICATION
T0699,trend.ema_20_50_spread,ema_10_30,um,4h,SHORT,3,8,0.125,-2.986057836108332,0.005080368827829396,0.030297213226552898,True,NO_REPLICATION
T0700,trend.ema_20_50_spread,ema_10_30,um,4h,SHORT,6,8,0.125,-1.9842451213650083,0.06679813070067056,0.07108524002529537,False,NO_REPLICATION
T0701,trend.ema_20_50_spread,ema_20_50,um,4h,SHORT,3,8,0.125,-3.275288555968867,0.0020149000820439793,0.03777103535323097,False,NO_REPLICATION
T0702,trend.ema_20_50_spread,ema_20_50,um,4h,SHORT,6,8,0.125,-1.7810661034323472,0.1022770768207309,0.03447319508096847,False,NO_REPLICATION
T0703,trend.ema_20_50_spread,ema_50_200,um,4h,SHORT,3,8,0.125,-2.253330572747943,0.03591029003814926,0.029764497275523844,True,NO_REPLICATION
T0704,trend.ema_20_50_spread,ema_50_200,um,4h,SHORT,6,8,0.125,-1.2989801636639609,0.24774785705215316,0.03073589704813869,False,NO_REPLICATION
T0705,trend.ema_50_200_regime,ema_10_30,um,4h,SHORT,3,8,0.125,-2.986057836108332,0.005080368827829396,0.030297213226552898,True,NO_REPLICATION
T0706,trend.ema_50_200_regime,ema_10_30,um,4h,SHORT,6,8,0.125,-1.9842451213650083,0.06679813070067056,0.07108524002529537,False,NO_REPLICATION
T0707,trend.ema_50_200_regime,ema_20_50,um,4h,SHORT,3,8,0.125,-3.275288555968867,0.0020149000820439793,0.03777103535323097,False,NO_REPLICATION
T0708,trend.ema_50_200_regime,ema_20_50,um,4h,SHORT,6,8,0.125,-1.7810661034323472,0.1022770768207309,0.03447319508096847,False,NO_REPLICATION
T0709,trend.ema_50_200_regime,ema_50_200,um,4h,SHORT,3,8,0.125,-2.253330572747943,0.03591029003814926,0.029764497275523844,True,NO_REPLICATION
T0710,trend.ema_50_200_regime,ema_50_200,um,4h,SHORT,6,8,0.125,-1.2989801636639609,0.24774785705215316,0.03073589704813869,False,NO_REPLICATION
T0711,trend.ema_slope,default,um,4h,SHORT,3,8,0.125,-3.304968751989758,0.001830737159027788,0.027289414520421763,True,NO_REPLICATION
T0712,trend.ema_slope,default,um,4h,SHORT,6,8,0.25,-2.164672364258323,0.04469888163011888,0.03377470782357528,False,NO_REPLICATION
T0713,trend.adx_dmi,adx14_threshold20,um,4h,SHORT,3,8,0.125,-3.306199338527454,0.0018296962073554423,0.03763390236985408,True,NO_REPLICATION
T0714,trend.adx_dmi,adx14_threshold20,um,4h,SHORT,6,8,0.125,-2.3288454774147795,0.030275913207329967,0.07047507442256984,True,NO_REPLICATION
T0715,trend.kaufman_er,er10_threshold0.3,um,4h,SHORT,3,8,0.125,-3.618542187435027,0.0006151665607939578,0.02601761929441397,True,NO_REPLICATION
T0716,trend.kaufman_er,er10_threshold0.3,um,4h,SHORT,6,8,0.25,-3.0062738127884057,0.004803796344879789,0.02769111979907833,True,NO_REPLICATION
T0717,trend.donchian,donchian_20,um,4h,SHORT,3,8,0.25,-0.9533760166330597,0.40415920571379904,0.0348904800402527,False,NO_REPLICATION
T0718,trend.donchian,donchian_20,um,4h,SHORT,6,8,0.25,-2.1598625688723474,0.045150450101824766,0.030726914624818625,True,NO_REPLICATION
T0719,trend.donchian,donchian_48,um,4h,SHORT,3,8,0.25,0.6141933333634907,0.5925211797054359,0.04066615636702553,False,NO_REPLICATION
T0720,trend.donchian,donchian_48,um,4h,SHORT,6,8,0.375,-1.3868762048318841,0.21648338740326947,0.03143551128061559,True,NO_REPLICATION
T0721,trend.donchian,donchian_55,um,4h,SHORT,3,8,0.375,0.881942719107458,0.4403592206600958,0.04336809748874379,False,NO_REPLICATION
T0722,trend.donchian,donchian_55,um,4h,SHORT,6,8,0.25,-1.3455518748382216,0.22987010443381406,0.02688201843946557,True,NO_REPLICATION
T0723,momentum.roc,roc_6,um,4h,SHORT,3,8,0.125,-3.970552096025877,0.00016107139042321735,0.02927159604445522,True,NO_REPLICATION
T0724,momentum.roc,roc_6,um,4h,SHORT,6,8,0.25,-2.9244166627601818,0.00608939349154406,0.05779530454183112,True,NO_REPLICATION
T0725,momentum.roc,roc_12,um,4h,SHORT,3,8,0.0,-3.8687675612418673,0.00024049708282040166,0.026390886069716762,True,NO_REPLICATION
T0726,momentum.roc,roc_12,um,4h,SHORT,6,8,0.125,-2.623975154890663,0.014348615294876143,0.02789225268345453,False,NO_REPLICATION
T0727,momentum.roc,roc_24,um,4h,SHORT,3,8,0.125,-3.4007437115846653,0.0013305187410435394,0.03614209639686811,True,NO_REPLICATION
T0728,momentum.roc,roc_24,um,4h,SHORT,6,8,0.125,-2.421298852649968,0.02400124200918213,0.03905803205778928,False,NO_REPLICATION
T0729,momentum.rsi,rsi_7_30_70,um,4h,SHORT,3,8,0.25,-3.9201454383579084,0.00019674402579641985,0.031837329213729185,False,NO_REPLICATION
T0730,momentum.rsi,rsi_7_30_70,um,4h,SHORT,6,8,0.25,-2.818145158275903,0.008335496447447415,0.07349652708181385,True,NO_REPLICATION
T0731,momentum.rsi,rsi_14_30_70,um,4h,SHORT,3,8,0.25,-3.5090716951596956,0.0009160490572927489,0.03234015046376753,False,NO_REPLICATION
T0732,momentum.rsi,rsi_14_30_70,um,4h,SHORT,6,8,0.25,-2.5760027964706773,0.016485932110054915,0.09615740976079964,True,NO_REPLICATION
T0733,momentum.rsi,rsi_21_30_70,um,4h,SHORT,3,8,0.25,-3.277000992203974,0.002027923952415983,0.03529419289185392,False,NO_REPLICATION
T0734,momentum.rsi,rsi_21_30_70,um,4h,SHORT,6,8,0.375,-2.611985661983715,0.014945370327435033,0.11077064419914394,True,NO_REPLICATION
T0735,volatility.atr_natr,natr14_filter,um,4h,SHORT,3,8,0.0,-4.57472138189589,1.2454093580182899e-05,0.03244701732591882,True,NO_REPLICATION
T0736,volatility.atr_natr,natr14_filter,um,4h,SHORT,6,8,0.0,-5.440189806451779,1.6261693030278462e-07,0.07799506684640502,True,NO_REPLICATION
T0737,volatility.bollinger_bandwidth,bb20_2s_filter,um,4h,SHORT,3,8,0.25,-3.724987940318181,0.0004159981862967281,0.029420028928089148,True,NO_REPLICATION
T0738,volatility.bollinger_bandwidth,bb20_2s_filter,um,4h,SHORT,6,8,0.25,-2.6820046037607357,0.012166090371449409,0.03627245062919425,False,NO_REPLICATION
T0739,volatility.realized_percentile,rv20_p100_filter,um,4h,SHORT,3,8,0.25,-3.6877826879173363,0.00047863255280063583,0.03149121354905157,True,NO_REPLICATION
T0740,volatility.realized_percentile,rv20_p100_filter,um,4h,SHORT,6,8,0.25,-3.43175661899157,0.0012007002757276435,0.030899870347911067,True,NO_REPLICATION
T0741,volume.rvol,rvol20_filter,um,4h,SHORT,3,8,0.25,-1.2953904204903173,0.2491097676824658,0.028721427464746083,True,NO_REPLICATION
T0742,volume.rvol,rvol20_filter,um,4h,SHORT,6,8,0.125,-1.9450121090179073,0.0733259972615516,0.04515009941829809,True,NO_REPLICATION
T0743,volume.vwap_deviation,vwap_dev20_reversal,um,4h,SHORT,3,8,0.125,-4.58907942096189,1.1492686935032382e-05,0.04263030781061348,True,NO_REPLICATION
T0744,volume.vwap_deviation,vwap_dev20_reversal,um,4h,SHORT,6,8,0.125,-2.4482020368447266,0.02237586435125331,0.0432449405953171,False,NO_REPLICATION
T0745,orderflow.taker_ratio,ratio_sign,um,4h,SHORT,3,8,0.125,-5.041011545052209,1.281465473539466e-06,0.04284884868467588,True,NO_REPLICATION
T0746,orderflow.taker_ratio,ratio_sign,um,4h,SHORT,6,8,0.125,-3.3752540928081745,0.0014475829338686827,0.036429534263388276,True,NO_REPLICATION
T0747,orderflow.cvd,cvd_slope6_sign,um,4h,SHORT,3,8,0.125,-4.736384610825117,5.766156999822911e-06,0.02705997860608125,True,NO_REPLICATION
T0748,orderflow.cvd,cvd_slope6_sign,um,4h,SHORT,6,8,0.125,-3.3364843838099416,0.001647970121753412,0.02839559885602271,True,NO_REPLICATION
T0749,context.btc_regime,regime_follow,um,4h,SHORT,3,8,0.25,-1.3569314083853048,0.22654688898590603,0.03135050924366044,True,NO_REPLICATION
T0750,context.btc_regime,regime_follow,um,4h,SHORT,6,8,0.5,0.1418605906879181,0.9046727162925055,0.027401420364813432,False,NO_REPLICATION
T0751,context.market_breadth,breadth_0.4_0.6,um,4h,SHORT,3,8,0.25,-1.4743648370643472,0.1872680543358793,0.03080076045978322,True,NO_REPLICATION
T0752,context.market_breadth,breadth_0.4_0.6,um,4h,SHORT,6,8,0.125,-2.023414634653768,0.06181100994750946,0.03211374376101445,True,NO_REPLICATION
T0753,derivatives.funding,funding_sign,um,4h,SHORT,3,8,0.125,-4.323965213515504,3.710642517934308e-05,0.03060847550706547,True,NO_REPLICATION
T0754,derivatives.funding,funding_sign,um,4h,SHORT,6,8,0.25,-2.7317933941142156,0.010608658992892846,0.036112005976280614,False,NO_REPLICATION
T0755,derivatives.funding_zscore,z90_extreme,um,4h,SHORT,3,6,0.5,-0.4451584541092367,0.70484454190921,0.044010844833937385,False,NO_REPLICATION
T0756,derivatives.funding_zscore,z90_extreme,um,4h,SHORT,6,6,0.5,-0.36512439889342874,0.7582950181233425,0.05069567288409347,True,NO_REPLICATION
