trial_id,fold_id,year,aggregate_observations,mean_net_return,hac_t
T0001,F01,2020,15217,-0.0029662287682356635,-22.119304110026338
T0001,F02,2020,15610,-0.00268091370262606,-19.96140297566074
T0001,F03,2021,14423,-0.002715912079384676,-12.69982493472194
T0001,F04,2021,14758,-0.0028868045134581273,-18.364707483465175
T0001,F05,2022,13744,-0.003315906910646218,-18.96778517076845
T0001,F06,2022,14899,-0.003157476275374493,-24.435572565165174
T0001,F07,2023,14843,-0.002998155520809798,-23.07643507235598
T0001,F08,2023,15823,-0.002914242650324818,-29.274756893776154
T0002,F01,2020,11565,-0.002878104305594584,-6.896314072616301
T0002,F02,2020,11974,-0.0025391256152299353,-5.898484001726323
T0002,F03,2021,10569,-0.002363772287411798,-3.40511647899497
T0002,F04,2021,10787,-0.002962342028944974,-6.078500347581817
T0002,F05,2022,9961,-0.004149733845215804,-7.036934568569009
T0002,F06,2022,10952,-0.0035156485841768025,-8.398722937856693
T0002,F07,2023,11084,-0.0029064094482077643,-6.891903792980657
T0002,F08,2023,12258,-0.002662102553393975,-8.766371804931504
T0003,F01,2020,6737,-0.0027853415100459467,-2.63556148804456
T0003,F02,2020,7235,-0.0017446992143092953,-1.7220861587611092
T0003,F03,2021,6117,-0.00010441283532943688,-0.0642583021270278
T0003,F04,2021,6172,-0.0030815334432276503,-2.6415528434902042
T0003,F05,2022,5724,-0.007248886409444626,-5.247202856998635
T0003,F06,2022,6489,-0.005404831310267705,-5.5256577701091985
T0003,F07,2023,6905,-0.0018978046980945983,-1.8724037727868035
T0003,F08,2023,7340,-0.0019160047980872846,-2.7151966312994835
T0004,F01,2020,4574,-0.00044300792170907634,-0.21720406832048703
T0004,F02,2020,4757,0.0008564081102172737,0.4609323154068782
T0004,F03,2021,4089,0.0030431330666943353,0.9436712785866866
T0004,F04,2021,4062,-0.00026605706605543216,-0.12593849709653962
T0004,F05,2022,3901,-0.011693293127304836,-4.50804624681929
T0004,F06,2022,4363,-0.006024889983167522,-3.5108456785163975
T0004,F07,2023,4516,-0.0022695132587680846,-1.2586547659836103
T0004,F08,2023,4968,-0.0011272384351674008,-0.9519560651064487
T0005,F01,2020,14941,-0.0029596556967505707,-22.18737909118258
T0005,F02,2020,15472,-0.0026697187535453153,-19.07710424468985
T0005,F03,2021,14381,-0.00232126686070062,-10.561171464769735
T0005,F04,2021,14715,-0.002799457456288392,-17.730638068778703
T0005,F05,2022,13528,-0.003485657895102505,-19.868342396790574
T0005,F06,2022,14665,-0.0031584820090366918,-23.590142952321028
T0005,F07,2023,14655,-0.002953120215215871,-22.090863857459592
T0005,F08,2023,15770,-0.002869890204079045,-29.371196864847427
T0006,F01,2020,11432,-0.0027292635256972097,-6.486811989149546
T0006,F02,2020,11901,-0.0024115214597042276,-5.671378191431257
T0006,F03,2021,10851,-0.0012296322900843116,-1.8294164629993543
T0006,F04,2021,10929,-0.0024553405945138542,-5.197106134701713
T0006,F05,2022,10256,-0.004098823292350714,-7.0644469501975795
T0006,F06,2022,11092,-0.003419803023059349,-8.19072349994457
T0006,F07,2023,11041,-0.0027669335245236798,-6.428772248680088
T0006,F08,2023,12050,-0.0027112841385692438,-8.671468172722989
T0007,F01,2020,6675,-0.001766384456854255,-1.6766243731937194
T0007,F02,2020,7024,-0.0013570104745100064,-1.2989836084308608
T0007,F03,2021,6330,0.0015060191623108457,0.9090443002290984
T0007,F04,2021,6261,-0.0020309628524634578,-1.686190771781134
T0007,F05,2022,5808,-0.007878414278966683,-5.529584725817345
T0007,F06,2022,6458,-0.0048321789935746205,-5.068359306262702
T0007,F07,2023,6649,-0.001771605299750156,-1.7093546403292583
T0007,F08,2023,7191,-0.0021446732092525495,-3.148555622549019
T0008,F01,2020,4250,0.0005698008404263731,0.2885731027692019
T0008,F02,2020,4638,0.0003599041873419478,0.1890172669245292
T0008,F03,2021,3997,0.004680742166974135,1.4692840082508805
T0008,F04,2021,3958,-0.0009965764190750976,-0.4769947593141873
T0008,F05,2022,3830,-0.01116099282807107,-4.522830865614015
T0008,F06,2022,4177,-0.006295574746111551,-3.632174208065619
T0008,F07,2023,4313,-0.0013298039632147565,-0.7037495589708221
T0008,F08,2023,4844,-0.0007066637557097728,-0.5953142333048895
T0009,F01,2020,13850,-0.0028281647648315204,-21.16293222205621
T0009,F02,2020,15006,-0.002793653475117477,-19.838563653940117
T0009,F03,2021,13569,-0.0026186664512946865,-11.6980612346745
T0009,F04,2021,14120,-0.0029086910375738396,-17.97802963885086
T0009,F05,2022,12408,-0.003255708993425109,-18.655710004309853
T0009,F06,2022,14347,-0.003152457130813399,-24.691379929345306
T0009,F07,2023,13981,-0.0029349362753767058,-21.162688740974996
T0009,F08,2023,15821,-0.0029437994539001375,-29.52851100320226
T0010,F01,2020,10673,-0.0023261662958858243,-5.384863536006707
T0010,F02,2020,11392,-0.0020786812797666024,-4.590774810992118
T0010,F03,2021,10031,-0.001952750235147233,-2.823622172711348
T0010,F04,2021,10709,-0.002652306822234818,-5.331851503713296
T0010,F05,2022,9094,-0.0041099774280273504,-7.266245433186029
T0010,F06,2022,10601,-0.003386427063284321,-8.41620708468852
T0010,F07,2023,10525,-0.0027113842454824437,-5.839896283535252
T0010,F08,2023,11676,-0.0026350879122469363,-8.065115152096238
T0011,F01,2020,6272,-0.0005889420373507237,-0.5628303401496817
T0011,F02,2020,6557,-0.00020695991599749332,-0.1885618157975076
T0011,F03,2021,5872,0.0004607445008918685,0.2690863272171768
T0011,F04,2021,6144,-0.0027206256133491258,-2.2999256037995774
T0011,F05,2022,5237,-0.005605340708776062,-4.051001464281452
T0011,F06,2022,6221,-0.004236707221819169,-4.408040830931922
T0011,F07,2023,6094,-0.001710384368901323,-1.6262836656944213
T0011,F08,2023,6796,-0.0012950161089349318,-1.7052971073707592
T0012,F01,2020,3836,0.001155344175970932,0.6141007239650151
T0012,F02,2020,4037,0.002045539308294902,0.9896811611362705
T0012,F03,2021,3553,0.004110505259577341,1.2392404877766643
T0012,F04,2021,3789,-0.003491803853480492,-1.6466291428782478
T0012,F05,2022,3382,-0.0077588009760305035,-3.1441785008911003
T0012,F06,2022,3938,-0.005879836610418953,-3.327353805203997
T0012,F07,2023,3767,-0.000829059935637618,-0.4465659083928298
T0012,F08,2023,4284,2.917343099973547e-05,0.02302278337907749
T0013,F01,2020,15217,-0.0029662287682356635,-22.119304110026338
T0013,F02,2020,15610,-0.00268091370262606,-19.96140297566074
T0013,F03,2021,14423,-0.002715912079384676,-12.69982493472194
T0013,F04,2021,14758,-0.0028868045134581273,-18.364707483465175
T0013,F05,2022,13744,-0.003315906910646218,-18.96778517076845
T0013,F06,2022,14899,-0.003157476275374493,-24.435572565165174
T0013,F07,2023,14843,-0.002998155520809798,-23.07643507235598
T0013,F08,2023,15823,-0.002914242650324818,-29.274756893776154
T0014,F01,2020,11565,-0.002878104305594584,-6.896314072616301
T0014,F02,2020,11974,-0.0025391256152299353,-5.898484001726323
T0014,F03,2021,10569,-0.002363772287411798,-3.40511647899497
T0014,F04,2021,10787,-0.002962342028944974,-6.078500347581817
T0014,F05,2022,9961,-0.004149733845215804,-7.036934568569009
T0014,F06,2022,10952,-0.0035156485841768025,-8.398722937856693
T0014,F07,2023,11084,-0.0029064094482077643,-6.891903792980657
T0014,F08,2023,12258,-0.002662102553393975,-8.766371804931504
T0015,F01,2020,6737,-0.0027853415100459467,-2.63556148804456
T0015,F02,2020,7235,-0.0017446992143092953,-1.7220861587611092
T0015,F03,2021,6117,-0.00010441283532943688,-0.0642583021270278
T0015,F04,2021,6172,-0.0030815334432276503,-2.6415528434902042
T0015,F05,2022,5724,-0.007248886409444626,-5.247202856998635
T0015,F06,2022,6489,-0.005404831310267705,-5.5256577701091985
T0015,F07,2023,6905,-0.0018978046980945983,-1.8724037727868035
T0015,F08,2023,7340,-0.0019160047980872846,-2.7151966312994835
T0016,F01,2020,4574,-0.00044300792170907634,-0.21720406832048703
T0016,F02,2020,4757,0.0008564081102172737,0.4609323154068782
T0016,F03,2021,4089,0.0030431330666943353,0.9436712785866866
T0016,F04,2021,4062,-0.00026605706605543216,-0.12593849709653962
T0016,F05,2022,3901,-0.011693293127304836,-4.50804624681929
T0016,F06,2022,4363,-0.006024889983167522,-3.5108456785163975
T0016,F07,2023,4516,-0.0022695132587680846,-1.2586547659836103
T0016,F08,2023,4968,-0.0011272384351674008,-0.9519560651064487
T0017,F01,2020,14941,-0.0029596556967505707,-22.18737909118258
T0017,F02,2020,15472,-0.0026697187535453153,-19.07710424468985
T0017,F03,2021,14381,-0.00232126686070062,-10.561171464769735
T0017,F04,2021,14715,-0.002799457456288392,-17.730638068778703
T0017,F05,2022,13528,-0.003485657895102505,-19.868342396790574
T0017,F06,2022,14665,-0.0031584820090366918,-23.590142952321028
T0017,F07,2023,14655,-0.002953120215215871,-22.090863857459592
T0017,F08,2023,15770,-0.002869890204079045,-29.371196864847427
T0018,F01,2020,11432,-0.0027292635256972097,-6.486811989149546
T0018,F02,2020,11901,-0.0024115214597042276,-5.671378191431257
T0018,F03,2021,10851,-0.0012296322900843116,-1.8294164629993543
T0018,F04,2021,10929,-0.0024553405945138542,-5.197106134701713
T0018,F05,2022,10256,-0.004098823292350714,-7.0644469501975795
T0018,F06,2022,11092,-0.003419803023059349,-8.19072349994457
T0018,F07,2023,11041,-0.0027669335245236798,-6.428772248680088
T0018,F08,2023,12050,-0.0027112841385692438,-8.671468172722989
T0019,F01,2020,6675,-0.001766384456854255,-1.6766243731937194
T0019,F02,2020,7024,-0.0013570104745100064,-1.2989836084308608
T0019,F03,2021,6330,0.0015060191623108457,0.9090443002290984
T0019,F04,2021,6261,-0.0020309628524634578,-1.686190771781134
T0019,F05,2022,5808,-0.007878414278966683,-5.529584725817345
T0019,F06,2022,6458,-0.0048321789935746205,-5.068359306262702
T0019,F07,2023,6649,-0.001771605299750156,-1.7093546403292583
T0019,F08,2023,7191,-0.0021446732092525495,-3.148555622549019
T0020,F01,2020,4250,0.0005698008404263731,0.2885731027692019
T0020,F02,2020,4638,0.0003599041873419478,0.1890172669245292
T0020,F03,2021,3997,0.004680742166974135,1.4692840082508805
T0020,F04,2021,3958,-0.0009965764190750976,-0.4769947593141873
T0020,F05,2022,3830,-0.01116099282807107,-4.522830865614015
T0020,F06,2022,4177,-0.006295574746111551,-3.632174208065619
T0020,F07,2023,4313,-0.0013298039632147565,-0.7037495589708221
T0020,F08,2023,4844,-0.0007066637557097728,-0.5953142333048895
T0021,F01,2020,13850,-0.0028281647648315204,-21.16293222205621
T0021,F02,2020,15006,-0.002793653475117477,-19.838563653940117
T0021,F03,2021,13569,-0.0026186664512946865,-11.6980612346745
T0021,F04,2021,14120,-0.0029086910375738396,-17.97802963885086
T0021,F05,2022,12408,-0.003255708993425109,-18.655710004309853
T0021,F06,2022,14347,-0.003152457130813399,-24.691379929345306
T0021,F07,2023,13981,-0.0029349362753767058,-21.162688740974996
T0021,F08,2023,15821,-0.0029437994539001375,-29.52851100320226
T0022,F01,2020,10673,-0.0023261662958858243,-5.384863536006707
T0022,F02,2020,11392,-0.0020786812797666024,-4.590774810992118
T0022,F03,2021,10031,-0.001952750235147233,-2.823622172711348
T0022,F04,2021,10709,-0.002652306822234818,-5.331851503713296
T0022,F05,2022,9094,-0.0041099774280273504,-7.266245433186029
T0022,F06,2022,10601,-0.003386427063284321,-8.41620708468852
T0022,F07,2023,10525,-0.0027113842454824437,-5.839896283535252
T0022,F08,2023,11676,-0.0026350879122469363,-8.065115152096238
T0023,F01,2020,6272,-0.0005889420373507237,-0.5628303401496817
T0023,F02,2020,6557,-0.00020695991599749332,-0.1885618157975076
T0023,F03,2021,5872,0.0004607445008918685,0.2690863272171768
T0023,F04,2021,6144,-0.0027206256133491258,-2.2999256037995774
T0023,F05,2022,5237,-0.005605340708776062,-4.051001464281452
T0023,F06,2022,6221,-0.004236707221819169,-4.408040830931922
T0023,F07,2023,6094,-0.001710384368901323,-1.6262836656944213
T0023,F08,2023,6796,-0.0012950161089349318,-1.7052971073707592
T0024,F01,2020,3836,0.001155344175970932,0.6141007239650151
T0024,F02,2020,4037,0.002045539308294902,0.9896811611362705
T0024,F03,2021,3553,0.004110505259577341,1.2392404877766643
T0024,F04,2021,3789,-0.003491803853480492,-1.6466291428782478
T0024,F05,2022,3382,-0.0077588009760305035,-3.1441785008911003
T0024,F06,2022,3938,-0.005879836610418953,-3.327353805203997
T0024,F07,2023,3767,-0.000829059935637618,-0.4465659083928298
T0024,F08,2023,4284,2.917343099973547e-05,0.02302278337907749
T0025,F01,2020,15362,-0.002988660776968041,-21.27159905926874
T0025,F02,2020,15609,-0.002902088598933421,-20.255752995431482
T0025,F03,2021,14356,-0.002934900819652288,-13.339647378900544
T0025,F04,2021,14758,-0.0031854745088778806,-19.988505979796404
T0025,F05,2022,13850,-0.003497178634508467,-18.939335187702092
T0025,F06,2022,14977,-0.0033123562942288364,-25.1954402568394
T0025,F07,2023,14947,-0.0030075600552003,-24.09553026463959
T0025,F08,2023,15876,-0.003001880583828515,-30.566558029783838
T0026,F01,2020,11580,-0.0025687174379906245,-6.064441497136898
T0026,F02,2020,11795,-0.0028397740315535824,-6.377100278387732
T0026,F03,2021,10176,-0.002185779939549766,-3.1107243492628127
T0026,F04,2021,10416,-0.003372862019770936,-6.775392247835126
T0026,F05,2022,9625,-0.00449693175797482,-7.219136356638055
T0026,F06,2022,10904,-0.0035162403733570934,-8.418906088683531
T0026,F07,2023,10948,-0.002867418386072187,-6.7608966736959175
T0026,F08,2023,12151,-0.0026136311402191054,-8.33948573919441
T0027,F01,2020,6784,-0.002042109734950653,-1.8925983101929433
T0027,F02,2020,7250,-0.0022125895792031694,-2.1101575124059684
T0027,F03,2021,5991,-0.0002934101403721375,-0.17344001740519202
T0027,F04,2021,6136,-0.0035349597643887444,-2.8830792890797867
T0027,F05,2022,5773,-0.0066409068446905304,-4.752252868337095
T0027,F06,2022,6626,-0.004801254392967529,-4.874806545009965
T0027,F07,2023,6795,-0.0026364838175915776,-2.5934386022917977
T0027,F08,2023,7558,-0.0020552561928394975,-2.9152941778098675
T0028,F01,2020,4511,-0.0009032950996870321,-0.4589087902348955
T0028,F02,2020,4822,0.00020848138184548345,0.11035305365074852
T0028,F03,2021,3887,0.003588229593986681,1.170058959360323
T0028,F04,2021,4236,-0.0022068778051843453,-1.0627355799600422
T0028,F05,2022,3968,-0.011145149118647947,-4.279548667494795
T0028,F06,2022,4464,-0.006144322616133373,-3.519840165242211
T0028,F07,2023,4544,-0.0023191638628170786,-1.2807112511709131
T0028,F08,2023,5130,-0.0007781598821403088,-0.6713274781614575
T0029,F01,2020,14208,-0.003090480186547882,-20.299900969276692
T0029,F02,2020,14486,-0.003251898366408586,-20.776791446456183
T0029,F03,2021,13480,-0.0029588038967112637,-13.024457220045578
T0029,F04,2021,13697,-0.0031948011997379074,-18.686734166866387
T0029,F05,2022,12752,-0.003541301391909829,-17.81292286255118
T0029,F06,2022,13809,-0.003333817186420057,-23.44690714662826
T0029,F07,2023,13471,-0.0030215554624527137,-21.684434986499536
T0029,F08,2023,14354,-0.0030965301501094424,-29.078010057659963
T0030,F01,2020,10229,-0.0029301885161394634,-6.431615274198644
T0030,F02,2020,10610,-0.0034351188029581176,-7.188705775293806
T0030,F03,2021,9820,-0.0023115575846645335,-3.298637232954327
T0030,F04,2021,9729,-0.0033781490567260167,-6.511677411039656
T0030,F05,2022,8905,-0.004791709464524222,-7.727257641714482
T0030,F06,2022,9806,-0.003942047647068292,-8.887758478516064
T0030,F07,2023,9514,-0.003162937041068591,-6.997366762342989
T0030,F08,2023,10341,-0.0029564755377371153,-8.377021916842857
T0031,F01,2020,6562,-0.0021512299277177366,-1.9185638886348073
T0031,F02,2020,6877,-0.0025550798183310817,-2.3933046010089645
T0031,F03,2021,6145,-0.0002900053930454429,-0.1732279835294511
T0031,F04,2021,6155,-0.0030499185528238206,-2.5449327627781124
T0031,F05,2022,5501,-0.007426184078576902,-5.0042199761739745
T0031,F06,2022,6055,-0.004612910353529885,-4.578612111667514
T0031,F07,2023,6133,-0.0021404047201179616,-2.0381760824710473
T0031,F08,2023,6667,-0.002845928992697253,-3.798275329665943
T0032,F01,2020,4394,0.0004954713675124065,0.23610387695618937
T0032,F02,2020,4773,0.00033182216593946156,0.17475601575115274
T0032,F03,2021,4174,0.003972686888802753,1.2825330834361368
T0032,F04,2021,4307,-0.0021051814860993923,-0.984253412563875
T0032,F05,2022,3833,-0.01019638999139167,-4.051367746205902
T0032,F06,2022,4214,-0.005714680156658236,-3.2121925014655903
T0032,F07,2023,4123,-0.001955988852823248,-1.018432980717395
T0032,F08,2023,4511,-0.0016390390594951795,-1.3223084330216188
T0033,F01,2020,14282,-0.003245470142935771,-21.197168840503405
T0033,F02,2020,14135,-0.002928259944502203,-19.916473220030444
T0033,F03,2021,12557,-0.003210152593681984,-14.16235943363202
T0033,F04,2021,12792,-0.003256659125804057,-19.425675729186015
T0033,F05,2022,12131,-0.003621441810846344,-18.130447680242316
T0033,F06,2022,13188,-0.0034611278819252096,-25.056045278010416
T0033,F07,2023,13074,-0.003210680308111395,-24.035989087426838
T0033,F08,2023,14059,-0.0030896433028444878,-29.192582436626235
T0034,F01,2020,11210,-0.002978224277027346,-6.409399925638236
T0034,F02,2020,11163,-0.003008416308269046,-6.410025351807352
T0034,F03,2021,9413,-0.0031021472473324956,-4.618171835857874
T0034,F04,2021,9687,-0.0035172970923886223,-6.725455586562237
T0034,F05,2022,9307,-0.004364753122934315,-6.338025350889746
T0034,F06,2022,10110,-0.004030669231313957,-9.96773016366065
T0034,F07,2023,10053,-0.0030954484726633674,-7.342890552988112
T0034,F08,2023,10980,-0.0030992314241220895,-9.64505145699539
T0035,F01,2020,7296,-0.002200142015912783,-1.9784349493877358
T0035,F02,2020,7405,-0.0020223233595813165,-1.8723252708133817
T0035,F03,2021,6219,-0.000990048470740598,-0.5829016757996981
T0035,F04,2021,6484,-0.003272716962497247,-2.5706954346635955
T0035,F05,2022,6323,-0.0077928380281163095,-5.137099996635709
T0035,F06,2022,6724,-0.004278112834672929,-4.428672806470974
T0035,F07,2023,6779,-0.0032021495772258965,-3.1025348181902914
T0035,F08,2023,7488,-0.00226456050804681,-3.2987153845038404
T0036,F01,2020,4740,-0.0008859015344101026,-0.44568507780877825
T0036,F02,2020,5120,-0.00024201119964341184,-0.13124380662491844
T0036,F03,2021,4135,0.004962010853513732,1.6149876592557375
T0036,F04,2021,4506,-0.001428933539336794,-0.6961504388101538
T0036,F05,2022,4352,-0.011433128820874572,-4.531489391044814
T0036,F06,2022,4706,-0.005452813785510797,-3.130564284633631
T0036,F07,2023,4652,-0.0019267964149663815,-1.1135974048648543
T0036,F08,2023,5063,-0.0007033738829450856,-0.5797904755263121
T0037,F01,2020,8529,-0.002754192920396847,-14.49587620119495
T0037,F02,2020,8913,-0.002903536463350225,-14.026779545694488
T0037,F03,2021,8447,-0.0032097414696763108,-11.906328142049551
T0037,F04,2021,8065,-0.00395781171128086,-16.834265020086818
T0037,F05,2022,6415,-0.0035110197495737423,-13.697097866373369
T0037,F06,2022,6866,-0.0041035524931875705,-18.112976230907357
T0037,F07,2023,7130,-0.0034447172970196267,-17.442132635586542
T0037,F08,2023,8148,-0.0033938665983681286,-19.504373122030756
T0038,F01,2020,7074,-0.003247833130139359,-6.808618111630094
T0038,F02,2020,7374,-0.003528863790702735,-6.58425127014044
T0038,F03,2021,6968,-0.0037749567719909025,-4.956045005882056
T0038,F04,2021,6497,-0.004123531444673992,-6.5925893879074655
T0038,F05,2022,5205,-0.005318423487689621,-7.8791795951451435
T0038,F06,2022,5740,-0.005067034195047498,-9.521762201972846
T0038,F07,2023,5941,-0.003660754973749621,-6.7833598800138715
T0038,F08,2023,6779,-0.0034798182957845275,-8.73925407152111
T0039,F01,2020,5127,-0.0033447781124750007,-2.889698586200277
T0039,F02,2020,5373,-0.00377249103765699,-3.101278385791306
T0039,F03,2021,4971,-0.0012985690452780644,-0.7342260376101241
T0039,F04,2021,4663,-0.004712770489633242,-3.4696481846325047
T0039,F05,2022,3770,-0.009397780014490702,-5.98758518747195
T0039,F06,2022,4200,-0.007219715284234856,-6.338510473637569
T0039,F07,2023,4349,-0.003694899484835433,-3.1451094209937684
T0039,F08,2023,5003,-0.0031903258208343848,-3.8705723603764826
T0040,F01,2020,3615,-0.00013543537171069314,-0.06422396314997666
T0040,F02,2020,3862,-0.000824049417301328,-0.40758651010044794
T0040,F03,2021,3493,0.0028859764341567307,0.8205793126373984
T0040,F04,2021,3348,-0.0029156761714398153,-1.2647954059334885
T0040,F05,2022,2879,-0.013036872114470273,-4.652799830372456
T0040,F06,2022,3074,-0.00796868415939652,-4.048817833518826
T0040,F07,2023,3196,-0.0020286089228549477,-0.9968086673952705
T0040,F08,2023,3697,-0.0016152527190493608,-1.1937907971488064
T0041,F01,2020,6055,-0.0026521124414027905,-10.725739708571009
T0041,F02,2020,6690,-0.002865182020160096,-11.763592851952852
T0041,F03,2021,6549,-0.002706254913415026,-8.21833914221784
T0041,F04,2021,6199,-0.0034911554858223235,-12.721909007036988
T0041,F05,2022,4646,-0.0036096189500600664,-12.21512461531658
T0041,F06,2022,4722,-0.004237419417075829,-13.499229702012792
T0041,F07,2023,4992,-0.0035581202813201383,-12.911376934833337
T0041,F08,2023,5941,-0.003590780648932039,-15.649026222423537
T0042,F01,2020,5007,-0.003074666286579325,-5.6290904077192945
T0042,F02,2020,5468,-0.003250372518753345,-5.496119807483674
T0042,F03,2021,5355,-0.002663052354529912,-3.249997108252779
T0042,F04,2021,5036,-0.003500158811363644,-5.313232888257309
T0042,F05,2022,3850,-0.0054876073471443925,-7.628003892045161
T0042,F06,2022,4001,-0.005699323568788457,-8.076267293300736
T0042,F07,2023,4141,-0.0038421236092174805,-5.965397198646804
T0042,F08,2023,4932,-0.0036912222602008098,-7.341356082676667
T0043,F01,2020,3896,-0.0021801987794328862,-1.7972526329046354
T0043,F02,2020,4227,-0.002457837326647022,-1.9179729912649957
T0043,F03,2021,4053,0.00012460247275945387,0.07024697375812995
T0043,F04,2021,3783,-0.0033578807531818165,-2.38511843778218
T0043,F05,2022,3016,-0.010382047117862576,-6.377787367162992
T0043,F06,2022,3154,-0.006740254721083665,-5.2134217922628165
T0043,F07,2023,3262,-0.0036041577648861125,-2.6612255005164576
T0043,F08,2023,3848,-0.0032724965803094374,-3.3040015598995036
T0044,F01,2020,2897,0.0007594592499428,0.3419353183218218
T0044,F02,2020,3220,-0.00018542622365637726,-0.08579322054625946
T0044,F03,2021,2982,0.0038403095029258313,1.2373547474860516
T0044,F04,2021,2802,-0.002781799080179193,-1.139188595424588
T0044,F05,2022,2314,-0.013702581012844713,-4.676244654389938
T0044,F06,2022,2509,-0.007446613673912472,-3.43596888564181
T0044,F07,2023,2548,-0.0012692934101762893,-0.5457737928521106
T0044,F08,2023,2986,-0.0018734872980072004,-1.2312733935977593
T0045,F01,2020,5703,-0.0026243056363370364,-10.356074433007946
T0045,F02,2020,6380,-0.002943340594385455,-11.855131541652769
T0045,F03,2021,6267,-0.0026810071945778183,-8.080714706735433
T0045,F04,2021,5941,-0.0035796956720362334,-12.70521384445671
T0045,F05,2022,4365,-0.0036116299081002117,-11.714325416854441
T0045,F06,2022,4422,-0.004228471737374975,-12.642114184945779
T0045,F07,2023,4724,-0.003613345783910865,-12.638429722241547
T0045,F08,2023,5622,-0.0035740865780518093,-14.908111334498283
T0046,F01,2020,4676,-0.0030229572879161937,-5.396831123423081
T0046,F02,2020,5200,-0.0034395720628963866,-5.6330741014089725
T0046,F03,2021,5122,-0.002317362747289404,-2.8332937245224508
T0046,F04,2021,4807,-0.00353676532075741,-5.078987066154174
T0046,F05,2022,3628,-0.00574547536832496,-7.781605999707868
T0046,F06,2022,3751,-0.005634161563884187,-7.7652043389237
T0046,F07,2023,3909,-0.003844685583311503,-5.798626900537797
T0046,F08,2023,4659,-0.003580681314245328,-6.964234035700649
T0047,F01,2020,3635,-0.0016655156405480463,-1.3900350144317746
T0047,F02,2020,4042,-0.0024983821619231745,-1.9411619405870406
T0047,F03,2021,3891,0.0001900339207472383,0.1045775337165528
T0047,F04,2021,3626,-0.0036335653427099998,-2.4610082389101824
T0047,F05,2022,2861,-0.010103554753726053,-6.229946634703916
T0047,F06,2022,3000,-0.0064776835874807035,-5.114930511689579
T0047,F07,2023,3098,-0.0038419174528433455,-2.8209063131933676
T0047,F08,2023,3649,-0.0033743184030455577,-3.201533831269602
T0048,F01,2020,2743,0.0008248043427149391,0.3772761492383731
T0048,F02,2020,3114,-0.0005265370872742425,-0.24347455319088943
T0048,F03,2021,2885,0.00372964548055221,1.207161035066365
T0048,F04,2021,2725,-0.0028719420668848663,-1.158105316491843
T0048,F05,2022,2242,-0.014444617097101922,-5.2330692527673595
T0048,F06,2022,2415,-0.007571419489214049,-3.5505374682390465
T0048,F07,2023,2444,-0.001648451807859844,-0.7010950614461561
T0048,F08,2023,2881,-0.0020145994245056665,-1.2537532137607112
T0049,F01,2020,15699,-0.0030983058033681016,-21.91212580345155
T0049,F02,2020,15678,-0.003009390994522437,-21.550093118056672
T0049,F03,2021,13978,-0.002918345045621056,-12.957847494165913
T0049,F04,2021,14340,-0.003216265019015853,-20.642572362757612
T0049,F05,2022,13719,-0.003514238979567796,-18.565146996462957
T0049,F06,2022,14886,-0.0032811907134692063,-25.20087685198618
T0049,F07,2023,14752,-0.003040360696297351,-24.11324738764269
T0049,F08,2023,15706,-0.0030972370113694727,-30.774637298688496
T0050,F01,2020,11842,-0.0026576917314335936,-6.220775821760464
T0050,F02,2020,11496,-0.002740309499040301,-6.169867486623552
T0050,F03,2021,9665,-0.0017089220803151938,-2.4408137621498502
T0050,F04,2021,9834,-0.0032199195971264714,-6.326812510476844
T0050,F05,2022,9382,-0.00437250960189419,-6.362077829715493
T0050,F06,2022,10545,-0.003842684321715042,-9.500950970212966
T0050,F07,2023,10632,-0.003226296679329574,-7.744924739228317
T0050,F08,2023,11732,-0.002846031141950894,-9.201564789946163
T0051,F01,2020,7185,-0.0016484005800640178,-1.5160172353490813
T0051,F02,2020,7292,-0.001195720941783416,-1.1323057553405809
T0051,F03,2021,6026,-0.0008430759065610101,-0.48854189365868
T0051,F04,2021,6318,-0.0030494519758755643,-2.4276443147660194
T0051,F05,2022,5895,-0.007139215619035795,-4.933014242485042
T0051,F06,2022,6951,-0.004739832450594676,-4.902755138037131
T0051,F07,2023,6599,-0.002834758586728548,-2.7027450679062603
T0051,F08,2023,7459,-0.0027263390555801684,-3.912688132949153
T0052,F01,2020,4101,0.0002589785193764055,0.1296124597153489
T0052,F02,2020,4833,0.0005634184059621863,0.2886388899869264
T0052,F03,2021,3387,0.0030489854860478783,0.890626872014481
T0052,F04,2021,3797,-0.0025601120688143585,-1.2186214716415198
T0052,F05,2022,4019,-0.010386352777193455,-4.110924661709996
T0052,F06,2022,4578,-0.006249153039996706,-3.658164168968322
T0052,F07,2023,4404,-0.002218200929325855,-1.2305520253493385
T0052,F08,2023,5018,-0.0009074406285952303,-0.7938592480072307
T0053,F01,2020,15521,-0.003033336959782326,-21.872477806825508
T0053,F02,2020,15690,-0.002975805842110602,-20.750116946035376
T0053,F03,2021,14123,-0.0028159501990446395,-12.52087517816173
T0053,F04,2021,14495,-0.0031440967530464215,-19.389687183074944
T0053,F05,2022,13633,-0.003509706006623854,-19.18128310078318
T0053,F06,2022,14882,-0.0033745476534266998,-26.12574888152481
T0053,F07,2023,14777,-0.003113838322027978,-25.22477411049791
T0053,F08,2023,15700,-0.0030219505984617253,-30.633836390913498
T0054,F01,2020,11363,-0.0027148182935003602,-6.541394902010863
T0054,F02,2020,11395,-0.002918156957294907,-6.269845397534264
T0054,F03,2021,9542,-0.0019925131787293052,-2.835837132407495
T0054,F04,2021,9729,-0.0031249260102898723,-6.103071807128244
T0054,F05,2022,9032,-0.0043648561505626295,-6.919451429331117
T0054,F06,2022,10006,-0.004084362374708301,-9.145597291634743
T0054,F07,2023,10211,-0.0031637779503929132,-7.239570731473731
T0054,F08,2023,11224,-0.0031297236509973195,-9.47582054285925
T0055,F01,2020,6926,-0.0016958193544952382,-1.537148024081375
T0055,F02,2020,6869,-0.0012106393962253215,-1.1246247330898276
T0055,F03,2021,5739,-0.0012407236142413717,-0.7214192942867854
T0055,F04,2021,5983,-0.0029618636806148,-2.429578430831457
T0055,F05,2022,5610,-0.007375017718365417,-4.932394374576968
T0055,F06,2022,6319,-0.005203834852509829,-5.340732960880459
T0055,F07,2023,6571,-0.0026776724417156704,-2.594343693560609
T0055,F08,2023,7247,-0.00254456742473197,-3.5847897075610407
T0056,F01,2020,4224,0.0007860516085246205,0.40238149950580343
T0056,F02,2020,4771,0.00016878102467244113,0.0882455453583114
T0056,F03,2021,3585,0.00333206911901068,1.1094309831022269
T0056,F04,2021,4041,-0.002199579026143508,-1.028697618878479
T0056,F05,2022,3906,-0.010420102576508907,-4.087335771154017
T0056,F06,2022,4412,-0.0052070421653503856,-3.0147892404663073
T0056,F07,2023,4439,-0.002120514625831941,-1.1727164900440974
T0056,F08,2023,5002,-0.0007289117095798401,-0.6168882386313784
T0057,F01,2020,15288,-0.003003952343714404,-21.771508006333825
T0057,F02,2020,15559,-0.0029705994909246937,-21.25342452252708
T0057,F03,2021,14339,-0.0027947162961265864,-12.868377642398123
T0057,F04,2021,14680,-0.0030013845120968373,-19.14148625351435
T0057,F05,2022,13599,-0.003481417769537806,-19.20768293645171
T0057,F06,2022,14794,-0.003246033076960463,-24.501743929937597
T0057,F07,2023,14673,-0.003112587367410405,-23.999140399780796
T0057,F08,2023,15706,-0.003009276011269318,-29.727480904951456
T0058,F01,2020,11349,-0.002772675066521247,-6.573718431291031
T0058,F02,2020,11294,-0.0029261285387029014,-6.535823939265812
T0058,F03,2021,9864,-0.002349466535183836,-3.254799014836145
T0058,F04,2021,10100,-0.0029570358549625797,-6.022396074892842
T0058,F05,2022,9089,-0.004784791066885067,-8.057002372686217
T0058,F06,2022,10334,-0.0036739687802429806,-8.68097208535214
T0058,F07,2023,10426,-0.003086604093686704,-7.052011257857426
T0058,F08,2023,11596,-0.002608319719490732,-8.262860564547386
T0059,F01,2020,6417,-0.001972854610040407,-1.835335881710095
T0059,F02,2020,6678,-0.002269035481299036,-2.095026149489957
T0059,F03,2021,5558,-0.0005760878517748066,-0.343201694041465
T0059,F04,2021,5702,-0.002390841469784303,-1.920136194108635
T0059,F05,2022,5228,-0.007321382627144352,-4.860959344584328
T0059,F06,2022,5824,-0.004971794697906987,-4.966911202663306
T0059,F07,2023,6193,-0.0022699569191716733,-2.13483438650454
T0059,F08,2023,6865,-0.002093854219750682,-2.892848005315435
T0060,F01,2020,4180,-0.0003446832195852393,-0.16509629720196192
T0060,F02,2020,4549,-0.00018084850259594246,-0.09621883702637164
T0060,F03,2021,3630,0.0030986925490043235,0.9967107077096895
T0060,F04,2021,3807,-0.0017239055870949607,-0.7955825312806487
T0060,F05,2022,3606,-0.012310285345697523,-4.81376180482916
T0060,F06,2022,4105,-0.005349228375588438,-2.9524610758454295
T0060,F07,2023,4179,-0.0017379412792283913,-0.9051163596598591
T0060,F08,2023,4674,-0.000299779381050556,-0.23546501611980103
T0061,F01,2020,7884,-0.0021736357667172476,-9.35713171106127
T0061,F02,2020,7995,-0.0023831494468862626,-11.466372874403055
T0061,F03,2021,6006,-0.0014024082063954697,-3.9050927387859433
T0061,F04,2021,6357,-0.0017993193067045161,-7.488468809605564
T0061,F05,2022,6442,-0.003419266228630518,-11.622048960915185
T0061,F06,2022,7116,-0.0023606847186961174,-12.812743262157523
T0061,F07,2023,7093,-0.0026545660036482095,-14.29200324823354
T0061,F08,2023,8021,-0.0026352043797047875,-19.22350719733633
T0062,F01,2020,6133,-0.001883435202883623,-3.145013701197095
T0062,F02,2020,6152,-0.0010955343639100685,-1.8816026628467974
T0062,F03,2021,4690,-0.0008429248605590385,-0.8358422843300414
T0062,F04,2021,4802,-0.0015400078865460745,-2.263932289493503
T0062,F05,2022,4871,-0.0043762301786768034,-5.194948697289215
T0062,F06,2022,5401,-0.0025769059477824775,-4.933462211093138
T0062,F07,2023,5449,-0.0025628496747286448,-4.857489973882862
T0062,F08,2023,6115,-0.002393671509747374,-6.751985770560842
T0063,F01,2020,4506,-0.0002826295718267737,-0.21596515019858362
T0063,F02,2020,4576,0.00037687464472635604,0.27593589415943764
T0063,F03,2021,3524,0.0016388268090447326,0.7618490868124435
T0063,F04,2021,3629,-0.0009309137232395929,-0.6147342881967269
T0063,F05,2022,3564,-0.006628204279334679,-3.3509534409554838
T0063,F06,2022,3955,-0.0037266622789613995,-3.318446606887231
T0063,F07,2023,3984,-0.0005158668348194544,-0.4070178290106304
T0063,F08,2023,4518,-0.0021392708572757135,-2.5473728420809856
T0064,F01,2020,3308,0.000616840707459986,0.27625652365278064
T0064,F02,2020,3372,0.0011632932329858642,0.5133201271630802
T0064,F03,2021,2671,0.0026586915034596333,0.734742701779006
T0064,F04,2021,2818,-0.0009347126057124716,-0.35982119824437425
T0064,F05,2022,2747,-0.013436348426405145,-4.664796265054505
T0064,F06,2022,2993,-0.0053669099956950295,-2.7065378174004273
T0064,F07,2023,3032,-0.00014149183081465854,-0.0649634025209759
T0064,F08,2023,3338,-0.0011842328062907515,-0.8873622982534529
T0065,F01,2020,2778,-0.001577410078972558,-2.968278750386448
T0065,F02,2020,3086,-0.0016844162954008798,-4.146883133303197
T0065,F03,2021,2132,0.00037303923758186366,0.5334786898915655
T0065,F04,2021,2360,-0.0016407511370227692,-3.951627864630001
T0065,F05,2022,2996,-0.0037615602325288336,-4.857915965944324
T0065,F06,2022,2997,-0.0027878119272972245,-8.835123820447508
T0065,F07,2023,2921,-0.002621274077164392,-7.7527134596273095
T0065,F08,2023,3334,-0.0026073098664959153,-10.378154528187302
T0066,F01,2020,2103,-0.001007949767705183,-0.8336690689502946
T0066,F02,2020,2321,0.0005786160153468519,0.5903874817714709
T0066,F03,2021,1656,0.002195534135196021,1.2576562164821516
T0066,F04,2021,1789,-0.0011939402297449827,-1.1021159136678258
T0066,F05,2022,2136,-0.005478587217976484,-4.578749144517244
T0066,F06,2022,2197,-0.0030996602529179676,-4.039552304971727
T0066,F07,2023,2114,-0.0024486663731179154,-2.4602108788305013
T0066,F08,2023,2420,-0.0024438995722036983,-4.133065433369994
T0067,F01,2020,1724,-0.0007720234149648283,-0.3469886297834122
T0067,F02,2020,1926,0.0004884017352360055,0.2503932650599375
T0067,F03,2021,1403,0.0006871040189422808,0.20206584524824192
T0067,F04,2021,1478,0.00028235980955781796,0.12260410419055662
T0067,F05,2022,1638,-0.008940857676097374,-3.386858554150122
T0067,F06,2022,1769,-0.0027729873971208663,-1.6949382103793844
T0067,F07,2023,1743,-0.0030486593649497913,-1.5213950777041263
T0067,F08,2023,1962,-0.0019977775391052436,-1.770450215349712
T0068,F01,2020,1421,0.001894687097606132,0.49264437489816015
T0068,F02,2020,1625,0.0030819920729919068,0.9603279194296608
T0068,F03,2021,1221,0.005501599645459767,1.0899904180637403
T0068,F04,2021,1294,-0.000801531368320067,-0.23465502667652108
T0068,F05,2022,1392,-0.013014987979211093,-3.326898585833975
T0068,F06,2022,1483,-0.00413048120566614,-1.5416924798354996
T0068,F07,2023,1436,-0.004083606483379727,-1.3909190983488386
T0068,F08,2023,1663,0.0006342774952530909,0.34496927333522087
T0069,F01,2020,1307,-0.0013024630582003217,-1.1839796714169233
T0069,F02,2020,1414,-0.0009938163648016947,-1.5547861810434724
T0069,F03,2021,892,0.002497015038852373,1.8681037681261803
T0069,F04,2021,1083,-0.0014170371766927155,-2.2565572526864663
T0069,F05,2022,1668,-0.003988236759916094,-2.6831734995994125
T0069,F06,2022,1552,-0.0028507677680788004,-5.374932139418529
T0069,F07,2023,1383,-0.002861747319959373,-5.328459525542761
T0069,F08,2023,1514,-0.0026276565338299498,-7.1654907075802825
T0070,F01,2020,934,-0.0030444975378440538,-1.3775723472200099
T0070,F02,2020,1087,0.0019778615802591333,1.3596821405550172
T0070,F03,2021,699,0.0041394984269314174,1.6939801344730459
T0070,F04,2021,806,-0.00015769845592233857,-0.09688553139103197
T0070,F05,2022,1184,-0.00579605341373812,-3.2724578940589906
T0070,F06,2022,1086,-0.0028244969330787173,-2.6646494946473167
T0070,F07,2023,985,-0.0024117948316988904,-1.5221734245990841
T0070,F08,2023,1055,-0.0027279573343415623,-3.3098629626769576
T0071,F01,2020,745,-0.0015276678067490236,-0.3985733083335023
T0071,F02,2020,928,0.0007127239249259133,0.2618658603388754
T0071,F03,2021,610,-0.0009553947192975583,-0.2086270639643168
T0071,F04,2021,700,-0.0007415404704416712,-0.20712073313456184
T0071,F05,2022,934,-0.0083984087578007,-2.460545533221567
T0071,F06,2022,883,-0.002373341811941962,-1.057882503020528
T0071,F07,2023,808,-0.0022505666897789916,-0.820601243819768
T0071,F08,2023,840,-0.0024953815168435455,-1.4001224979188223
T0072,F01,2020,668,-0.00100166817102318,-0.14066065920809098
T0072,F02,2020,812,0.005546370671706585,1.3091426589714594
T0072,F03,2021,564,0.007950092814701933,1.2831027809956557
T0072,F04,2021,636,0.00021179302989840203,0.04237309835693672
T0072,F05,2022,822,-0.009651626137857729,-1.9102703225520004
T0072,F06,2022,776,-0.002698716578086597,-0.7524360630490987
T0072,F07,2023,708,0.00032664431527011065,0.0921201699011228
T0072,F08,2023,745,0.0002338560516960827,0.08474741696045672
T0073,F01,2020,8846,-0.003478360911334258,-14.988718631957584
T0073,F02,2020,10451,-0.003064837058490815,-15.169113399848937
T0073,F03,2021,9089,-0.00291479628026865,-8.767344828327394
T0073,F04,2021,8634,-0.003415135753615655,-14.63453607199585
T0073,F05,2022,8546,-0.0038373793562432867,-13.382061232639275
T0073,F06,2022,6599,-0.0034633134051790587,-12.202245624024844
T0073,F07,2023,9107,-0.0031310435709295463,-15.279716430008241
T0073,F08,2023,11048,-0.003106332258037654,-19.716914118203942
T0074,F01,2020,5800,-0.0033719037040557706,-4.9678414095660575
T0074,F02,2020,6918,-0.0019474203616431157,-3.176933734762385
T0074,F03,2021,5837,-0.0014104850993015886,-1.424838117002819
T0074,F04,2021,5457,-0.0035799053082048024,-4.917089992618282
T0074,F05,2022,5410,-0.004948193727204159,-4.7049565688455885
T0074,F06,2022,4003,-0.004533815796059931,-5.464002928759635
T0074,F07,2023,5908,-0.0028205941466099478,-4.512515580475366
T0074,F08,2023,7307,-0.0026661015853653713,-5.704353107871411
T0075,F01,2020,3621,-0.0021243920733509656,-1.296641176501053
T0075,F02,2020,4312,0.0009588330376559092,0.6446918582597789
T0075,F03,2021,3654,0.0022172126689024036,0.9044494551106267
T0075,F04,2021,3357,-0.0020883448364325302,-1.222174772164033
T0075,F05,2022,3319,-0.008542870546211395,-4.049917347357899
T0075,F06,2022,2369,-0.005146173800023377,-2.882160091962997
T0075,F07,2023,3596,-0.0024303453673539034,-1.6700038809997917
T0075,F08,2023,4427,-0.0013905018138081746,-1.3938410172866762
T0076,F01,2020,2450,0.00070280369243887,0.23715752816381655
T0076,F02,2020,2932,0.005682638067057977,2.283563052299364
T0076,F03,2021,2530,0.013077745407761392,2.6522511410791645
T0076,F04,2021,2310,0.001674688160672783,0.6284233181307552
T0076,F05,2022,2376,-0.008989116824716736,-2.548113609526068
T0076,F06,2022,1713,-0.006755003542163516,-2.218918597870656
T0076,F07,2023,2490,-0.00034276906632967763,-0.13379082752409296
T0076,F08,2023,3056,0.0013897046888580638,0.8393451382044316
T0077,F01,2020,15240,-0.0030723641953010403,-20.838600416813193
T0077,F02,2020,15027,-0.003027727948179095,-20.819112667818374
T0077,F03,2021,13441,-0.003122566006364995,-14.114258532955844
T0077,F04,2021,13723,-0.00321719956924809,-20.374246491145456
T0077,F05,2022,12773,-0.003481153194782966,-18.756911981865407
T0077,F06,2022,14166,-0.0033612066737744102,-26.209618775661472
T0077,F07,2023,13891,-0.0031103953873645794,-24.432925033922626
T0077,F08,2023,14830,-0.0030121505549200655,-29.62664737752154
T0078,F01,2020,12358,-0.0028133856624699724,-6.290359509476979
T0078,F02,2020,12322,-0.002899036121098896,-6.5360691129113375
T0078,F03,2021,10705,-0.00223128797830212,-3.2384844772908155
T0078,F04,2021,10918,-0.0028746638085608545,-5.885218523085206
T0078,F05,2022,9965,-0.0044210439776168784,-7.281232926635998
T0078,F06,2022,11281,-0.0035424029940229443,-8.76071614432026
T0078,F07,2023,11067,-0.0029383292966590727,-6.930804907611984
T0078,F08,2023,12018,-0.0025248051641053914,-8.014393274273397
T0079,F01,2020,8061,-0.0013080203819897185,-1.1962670639759465
T0079,F02,2020,8122,-0.0016967600527105625,-1.647751903869601
T0079,F03,2021,7129,-0.00012459917808673642,-0.07242501406030048
T0079,F04,2021,7329,-0.0025886945980392244,-2.283896142405899
T0079,F05,2022,6944,-0.007368097946182581,-5.087980953881525
T0079,F06,2022,7699,-0.004451692780271057,-4.837116992016125
T0079,F07,2023,7509,-0.002258533739060843,-2.297084700947957
T0079,F08,2023,8180,-0.0019387509806374147,-2.814836067381728
T0080,F01,2020,4815,0.0009850848261215434,0.5326280143266432
T0080,F02,2020,5289,0.00019796447945439238,0.10739849257506799
T0080,F03,2021,4159,0.004207047488037446,1.3635793653787889
T0080,F04,2021,4587,-0.0018140175132503214,-0.844422039514993
T0080,F05,2022,4682,-0.010915810582224371,-4.596242767114209
T0080,F06,2022,5058,-0.00553837152111294,-3.4090229051317613
T0080,F07,2023,4860,-0.0023736095350369215,-1.3668165804088315
T0080,F08,2023,5325,-0.0006706415238593133,-0.5851265277483853
T0081,F01,2020,8514,-0.003319576607118274,-17.370494055392353
T0081,F02,2020,9051,-0.0032185683866952923,-15.429590957240094
T0081,F03,2021,8027,-0.0034554810876627766,-11.338208310140931
T0081,F04,2021,8409,-0.0031089483743871726,-13.437060020823003
T0081,F05,2022,7218,-0.0039140240656947226,-13.828466988381164
T0081,F06,2022,7622,-0.0036413732143622817,-18.119523184471316
T0081,F07,2023,7400,-0.003225049129432568,-16.103680963250717
T0081,F08,2023,8593,-0.003156378957252411,-16.312963698953542
T0082,F01,2020,5809,-0.003185118676690085,-5.873661316213446
T0082,F02,2020,6220,-0.0031055788238046143,-5.227642980295927
T0082,F03,2021,5498,-0.0028365014339059923,-3.3670314198224442
T0082,F04,2021,5655,-0.0026711370146190595,-3.8004419618936867
T0082,F05,2022,4877,-0.005927918363002626,-7.77973145912856
T0082,F06,2022,5243,-0.004213902265088131,-7.713447025859473
T0082,F07,2023,5029,-0.0030981491073943,-5.144533780758348
T0082,F08,2023,5891,-0.0032124553134091206,-7.083194037625607
T0083,F01,2020,4121,-0.001964443499971132,-1.424924474580623
T0083,F02,2020,4387,-0.0013129387809109885,-0.9621417583173959
T0083,F03,2021,3818,0.001264936204095655,0.5777190132346005
T0083,F04,2021,3918,-0.0019289294772584854,-1.199903302214668
T0083,F05,2022,3451,-0.007895409973758014,-4.412246533199686
T0083,F06,2022,3776,-0.0048767661534552765,-4.386945552086114
T0083,F07,2023,3529,-0.0035002244467991577,-2.5782270096163673
T0083,F08,2023,4189,-0.002797213690448477,-3.0670866618521186
T0084,F01,2020,3176,0.0011224525092159657,0.4814776659220689
T0084,F02,2020,3329,0.0015560118331822148,0.7007312246692167
T0084,F03,2021,2935,0.004469604147215197,1.3430038008809435
T0084,F04,2021,3021,-0.0002147822229749593,-0.08528453289918236
T0084,F05,2022,2662,-0.009748166093664176,-3.4958841724595358
T0084,F06,2022,2947,-0.005323326673318067,-2.7238621610118723
T0084,F07,2023,2759,-0.0034664883345438117,-1.532399705650086
T0084,F08,2023,3254,-0.0016723182619033262,-1.1458375986372782
T0085,F01,2020,10907,-0.002784456134661214,-15.655894874355184
T0085,F02,2020,10247,-0.002993587543570053,-15.87982429077838
T0085,F03,2021,8292,-0.0031098355286756823,-11.11036655324488
T0085,F04,2021,8682,-0.003377978299716012,-14.270157033813941
T0085,F05,2022,7419,-0.003646477321476284,-14.293153542177869
T0085,F06,2022,8808,-0.0037117400742176705,-19.72083142922156
T0085,F07,2023,8680,-0.003399393695325679,-19.13266890961567
T0085,F08,2023,9802,-0.0031208884862835534,-21.095456438851897
T0086,F01,2020,9023,-0.00272668499258448,-5.776450605524646
T0086,F02,2020,8557,-0.0026932613051975384,-5.242280428572048
T0086,F03,2021,7038,-0.0026939030442475207,-3.557495692280522
T0086,F04,2021,7215,-0.0037912894018012487,-6.128003327008434
T0086,F05,2022,6181,-0.005040564528427059,-7.3827167881055615
T0086,F06,2022,7345,-0.004056355204661848,-8.43928470716222
T0086,F07,2023,7231,-0.0033952032917492114,-6.6504022141926935
T0086,F08,2023,8212,-0.0030900619605041726,-8.74658329735947
T0087,F01,2020,6244,-0.0021193505090382598,-1.8348076429000744
T0087,F02,2020,6136,-0.0015818152503124158,-1.3572657050079118
T0087,F03,2021,5305,-0.000173376165721879,-0.09911899380234872
T0087,F04,2021,5236,-0.0026067718182770237,-1.9247773592979305
T0087,F05,2022,4495,-0.008862588210111422,-5.4849178363170745
T0087,F06,2022,5192,-0.005495364744956073,-5.337982452950223
T0087,F07,2023,5168,-0.003193288467266387,-2.7536205580688713
T0087,F08,2023,5928,-0.002613611640954173,-3.4482742934351935
T0088,F01,2020,4287,0.0006943835700429896,0.3394228806989989
T0088,F02,2020,4384,0.00017706001449875649,0.08920994298164416
T0088,F03,2021,3773,0.004077295339025433,1.0224222908378469
T0088,F04,2021,3716,-0.0011638130775612743,-0.5231198796952933
T0088,F05,2022,3313,-0.012917352442912386,-4.670170519745333
T0088,F06,2022,3747,-0.006097368313612563,-3.3295849908420427
T0088,F07,2023,3736,-0.0012149496369529755,-0.6224763261286023
T0088,F08,2023,4283,-0.0012582129746474126,-0.9581246185261424
T0089,F01,2020,15733,-0.0024347902103522335,-15.79617677016316
T0089,F02,2020,15749,-0.00256981491033311,-18.115260216802145
T0089,F03,2021,14345,-0.002235986659886602,-9.190424884535119
T0089,F04,2021,14804,-0.0025665343599076667,-16.23952381359153
T0089,F05,2022,14253,-0.0031616276497350632,-15.744916378137054
T0089,F06,2022,15341,-0.0028096670826130276,-22.125596218189045
T0089,F07,2023,15008,-0.0028700766652292624,-23.061328661666685
T0089,F08,2023,15968,-0.0027604142517587637,-28.67037697098183
T0090,F01,2020,12068,-0.0017168077858828745,-3.7592607588827014
T0090,F02,2020,12063,-0.0020825393060904347,-4.423915962307046
T0090,F03,2021,10269,-0.0006609497115596631,-0.9002795708270294
T0090,F04,2021,10807,-0.0022756400282452215,-4.312095878896494
T0090,F05,2022,10122,-0.003976682052360787,-6.169914836618075
T0090,F06,2022,11302,-0.003198107068072485,-7.84267613629484
T0090,F07,2023,11163,-0.0028313139954291066,-6.604955817437591
T0090,F08,2023,12326,-0.002428819480270088,-7.634235658552818
T0091,F01,2020,7385,-0.0008011591376857087,-0.7012914121323942
T0091,F02,2020,7754,-0.0011047245594378477,-1.033014165762345
T0091,F03,2021,6347,0.0018664639587808788,1.0143552325770502
T0091,F04,2021,6871,-0.0019264590846126341,-1.5617994694372601
T0091,F05,2022,6334,-0.0066528172598970285,-4.528286798574869
T0091,F06,2022,7038,-0.003881110064492254,-4.117161869905985
T0091,F07,2023,6734,-0.0019305235547637353,-1.8290089951784705
T0091,F08,2023,7658,-0.001850226849415146,-2.616461609310123
T0092,F01,2020,4741,0.0010826254068937295,0.47255093841157314
T0092,F02,2020,5066,0.0011361286432737324,0.5981149053974911
T0092,F03,2021,4240,0.003547287566232473,1.105049702859216
T0092,F04,2021,4366,-0.0015664799668105797,-0.7179024797778202
T0092,F05,2022,4500,-0.011833133510598486,-4.5796645806684495
T0092,F06,2022,4860,-0.005790229895808939,-3.4313777419807026
T0092,F07,2023,4524,-0.0017091143380896369,-0.9452291379399671
T0092,F08,2023,5086,-0.0008003168756239492,-0.6829814217027999
T0093,F01,2020,17285,-0.0028808708316843228,-19.465980723444275
T0093,F02,2020,17494,-0.0028926295846646074,-21.530778400200862
T0093,F03,2021,17123,-0.0027027148489905685,-11.959037760538198
T0093,F04,2021,17392,-0.003034004922767036,-20.882417558158785
T0093,F05,2022,17071,-0.0034222691074066664,-20.47385585359193
T0093,F06,2022,17436,-0.0032012513635704923,-27.00464633704003
T0093,F07,2023,17146,-0.0030576841320951735,-25.48923474554261
T0093,F08,2023,17488,-0.0028896133225921193,-31.90496952556263
T0094,F01,2020,15373,-0.002487452068294901,-4.9644909274956595
T0094,F02,2020,15508,-0.0024428012981313543,-5.594935641075911
T0094,F03,2021,15020,-0.0020312109532659517,-2.8585344128542283
T0094,F04,2021,15250,-0.00274366263145836,-5.7644594389386885
T0094,F05,2022,14939,-0.004400898363097699,-7.549549875967333
T0094,F06,2022,15376,-0.003338408584952926,-8.856188642067844
T0094,F07,2023,15112,-0.0028127140918463587,-7.0230954269343675
T0094,F08,2023,15504,-0.0026211325949610457,-9.110346403091572
T0095,F01,2020,9000,-0.0012126320121678231,-1.1471291433932203
T0095,F02,2020,9635,-0.0010171538270245413,-0.9956660609669422
T0095,F03,2021,8777,-0.0002479724212763341,-0.1475898039412859
T0095,F04,2021,9136,-0.002520382024275622,-2.2969201701829647
T0095,F05,2022,9524,-0.006376722135208911,-4.667630919045039
T0095,F06,2022,9784,-0.004184866487065246,-4.776511704690003
T0095,F07,2023,9577,-0.0023793718085707597,-2.547036235503316
T0095,F08,2023,9939,-0.0018936833788679548,-3.0026319929444236
T0096,F01,2020,4473,0.001521820412580417,0.7798667773166403
T0096,F02,2020,4648,0.0004596785475436614,0.22771574501967978
T0096,F03,2021,4215,0.0003180754333871545,0.09027735412895899
T0096,F04,2021,4907,-0.0007138724360006982,-0.3494309732577256
T0096,F05,2022,5461,-0.010497590916741783,-4.2786185486506385
T0096,F06,2022,5412,-0.0061601868872447575,-4.00391074695584
T0096,F07,2023,5000,-0.002600058056585874,-1.5642162815946348
T0096,F08,2023,5293,-0.00022006214821678743,-0.19893920102205812
T0097,F01,2020,17065,-0.002957559517859348,-20.386041322149694
T0097,F02,2020,17276,-0.0029931303485010103,-21.49331579234881
T0097,F03,2021,16910,-0.0027989914805313064,-12.310844835740106
T0097,F04,2021,17199,-0.0029864186992781144,-20.03607210511421
T0097,F05,2022,16867,-0.0033644680947518407,-19.426056056418552
T0097,F06,2022,17129,-0.0032153280198551743,-26.669448720464782
T0097,F07,2023,16805,-0.003031729941969167,-25.659958632684965
T0097,F08,2023,17253,-0.0029137132442665884,-31.68793972709381
T0098,F01,2020,14783,-0.0025251103724633953,-5.178616904750622
T0098,F02,2020,15063,-0.002458395263441153,-5.691384771589156
T0098,F03,2021,14465,-0.0018757982280205323,-2.575142153146792
T0098,F04,2021,14627,-0.0026650771908877527,-5.564275339630326
T0098,F05,2022,14230,-0.004275197785514588,-7.244461864138501
T0098,F06,2022,14443,-0.003590206750772069,-9.262288548976839
T0098,F07,2023,14198,-0.0027744626304125374,-6.92027579814845
T0098,F08,2023,14692,-0.0025833727236615105,-8.78654392838287
T0099,F01,2020,9548,-0.0014479377094874096,-1.3157482355710646
T0099,F02,2020,9732,-0.0008858135020544215,-0.8952870851483803
T0099,F03,2021,9274,-1.3640926233817762e-06,-0.0008584919026148953
T0099,F04,2021,9596,-0.002143916636091686,-1.9542467531705932
T0099,F05,2022,9283,-0.006946979215073698,-5.347856740062896
T0099,F06,2022,9620,-0.0042861029279199925,-4.847067491192885
T0099,F07,2023,9425,-0.002353776440142395,-2.627921387387711
T0099,F08,2023,9754,-0.0018823634635672848,-2.9584020316723434
T0100,F01,2020,5775,0.0010164071506813424,0.5335160466421356
T0100,F02,2020,6108,0.0006898855212306349,0.41367930201024533
T0100,F03,2021,5558,0.0020578481320898023,0.6863152519153578
T0100,F04,2021,6019,-0.0010142428427808979,-0.5441032522397184
T0100,F05,2022,6076,-0.009828327761398093,-4.35933015193877
T0100,F06,2022,6182,-0.004879000776219492,-3.122478533325912
T0100,F07,2023,6072,-0.0017472801308066898,-1.112504534341876
T0100,F08,2023,6247,-0.0008199573436201477,-0.7281865337902996
T0101,F01,2020,1403,-0.002810967658179662,-14.310512493487371
T0101,F02,2020,1580,-0.0030362912952213595,-14.018420528696899
T0101,F03,2021,1475,-0.0028991061487033355,-9.92087308999649
T0101,F04,2021,1485,-0.00275399156697612,-13.562815881731515
T0101,F05,2022,1129,-0.0026053323462037073,-8.15224578662572
T0101,F06,2022,1017,-0.003226689506159996,-13.945534519578148
T0101,F07,2023,1187,-0.0027272546207918785,-11.054034587136965
T0101,F08,2023,956,-0.002845357145072175,-12.592580035863689
T0102,F01,2020,533,-0.0019688360366363067,-3.085052310238617
T0102,F02,2020,573,-0.0031187244373766443,-4.44352536320673
T0102,F03,2021,552,-0.0016606121612853092,-1.8727589346252815
T0102,F04,2021,547,-0.0023685001929340736,-3.3319997448051404
T0102,F05,2022,423,-0.0031707949447675196,-3.4581861536575342
T0102,F06,2022,392,-0.003923613413447804,-4.610859169672294
T0102,F07,2023,447,-0.0024423543431031165,-2.955361259118733
T0102,F08,2023,368,-0.0026504297378645335,-4.905765263627837
T0103,F01,2020,217,-0.0005091188070748954,-0.2798657759405821
T0103,F02,2020,240,-0.0012160987477334226,-0.7117794306460494
T0103,F03,2021,239,0.0017712265602806195,0.7401634326517191
T0103,F04,2021,223,-4.2582738754913336e-05,-0.023484785385256852
T0103,F05,2022,189,-0.0076272860245792965,-2.5010873470677595
T0103,F06,2022,178,-0.0045608022971904425,-2.1079931303760704
T0103,F07,2023,190,-0.0008986411949203378,-0.43411991888610935
T0103,F08,2023,164,-0.0011691174407547113,-0.8465380381909249
T0104,F01,2020,125,0.003583310302181003,1.224410317014404
T0104,F02,2020,138,-0.00437215837102573,-1.3628531911550086
T0104,F03,2021,146,0.004127809903076225,0.7272823092660802
T0104,F04,2021,137,-0.00252663501505623,-0.6028851426463063
T0104,F05,2022,112,-0.011642432362413356,-2.202915602626035
T0104,F06,2022,108,-0.005658382555666099,-1.5515069805044202
T0104,F07,2023,111,-0.0003608974489698039,-0.10000069288414845
T0104,F08,2023,102,0.0008144475546210014,0.2903659575319596
T0105,F01,2020,1571,-0.002782807536746288,-16.29814204409905
T0105,F02,2020,1570,-0.0026115251359730726,-14.620395540821203
T0105,F03,2021,1597,-0.0025590271025568378,-9.72483475660849
T0105,F04,2021,1544,-0.0028901275156744386,-13.107429549911574
T0105,F05,2022,1481,-0.0032635483595500137,-13.737877437496959
T0105,F06,2022,1445,-0.0030122571852662927,-14.948047897016457
T0105,F07,2023,1449,-0.0029607156337547896,-14.516384645637318
T0105,F08,2023,1464,-0.00301764048370002,-20.011133875779958
T0106,F01,2020,630,-0.0024115681040219193,-3.8437640070164414
T0106,F02,2020,644,-0.0028413951220146137,-4.437754342134312
T0106,F03,2021,650,-0.0016201799875612455,-1.9221034291896772
T0106,F04,2021,620,-0.0021769403097389333,-3.16002193452496
T0106,F05,2022,605,-0.0026808721895714193,-3.4306861380059903
T0106,F06,2022,599,-0.0033240454180185476,-5.535768593272247
T0106,F07,2023,597,-0.002446331589924934,-3.9393292228316055
T0106,F08,2023,633,-0.0027774430503419954,-6.2901494731071725
T0107,F01,2020,276,-0.0017188891784299316,-0.8707292032495149
T0107,F02,2020,279,-0.00082537138488556,-0.5674698790555069
T0107,F03,2021,303,0.0017009730000933944,0.6725845080327644
T0107,F04,2021,291,-0.0016882707468408476,-1.0201684885117064
T0107,F05,2022,271,-0.006099029831867165,-2.7733132818823285
T0107,F06,2022,271,-0.003550599626918984,-2.265016849154973
T0107,F07,2023,265,-0.0006913117668178251,-0.41893144796825893
T0107,F08,2023,284,-0.0016554563254745347,-1.6673370405543346
T0108,F01,2020,161,-0.0008030248742381417,-0.1937033522833581
T0108,F02,2020,168,0.0011371104878173108,0.339549808612955
T0108,F03,2021,172,0.007892648616348776,1.7380385930330038
T0108,F04,2021,174,-5.4513784214382095e-06,-0.0020161168023375333
T0108,F05,2022,164,-0.009512562584910964,-2.179109960642914
T0108,F06,2022,161,-0.006492424428805858,-2.005543057462118
T0108,F07,2023,154,-0.0011485726109059411,-0.33596202956641036
T0108,F08,2023,168,-0.0008204634257861087,-0.3764557705491576
T0109,F01,2020,3648,-0.002423007277631651,-4.9333108729431885
T0109,F02,2020,3776,-0.0020963440041834158,-3.9564939900279628
T0109,F03,2021,3514,-0.0018352982377136135,-2.2523233221488748
T0109,F04,2021,3647,-0.0019516545619828862,-3.1597975390976414
T0109,F05,2022,3308,-0.0049235455244069,-7.3836414800444325
T0109,F06,2022,3686,-0.0035924726292424587,-7.120901071746279
T0109,F07,2023,3641,-0.00258542679670948,-4.948926656049694
T0109,F08,2023,3975,-0.002712785059949472,-7.300440114395141
T0110,F01,2020,2945,-0.0016869280959644168,-1.2918356228226215
T0110,F02,2020,3151,-0.0009124472204018164,-0.7026361101087555
T0110,F03,2021,2780,7.35611289881967e-05,0.03535445863790241
T0110,F04,2021,2825,-0.0022623741006408842,-1.5551133332117437
T0110,F05,2022,2571,-0.007133689477854688,-4.180391883128643
T0110,F06,2022,2972,-0.004939362745784849,-4.045836328530783
T0110,F07,2023,2937,-0.0020894538805148423,-1.5705320783431629
T0110,F08,2023,3341,-0.001548682227318332,-1.7255737626879868
T0111,F01,2020,2190,-0.0008758337749071875,-0.38053573916472794
T0111,F02,2020,2426,0.0015167500005728806,0.6109220659624081
T0111,F03,2021,2032,0.0021172086662348166,0.544092789592526
T0111,F04,2021,2091,-0.00478449980933922,-1.9374367063167268
T0111,F05,2022,1903,-0.011985363349296002,-4.2483150581203875
T0111,F06,2022,2232,-0.006116279681408675,-3.0729788068351036
T0111,F07,2023,2252,-0.00114358893422364,-0.5004881639592645
T0111,F08,2023,2582,-0.00022432087499905647,-0.14538492672011422
T0112,F01,2020,3468,-0.002139614472885756,-4.2245075274340715
T0112,F02,2020,3725,-0.0019760919875628172,-3.702701297654282
T0112,F03,2021,3387,-0.0021368779655776484,-2.5325955483109204
T0112,F04,2021,3581,-0.0028071935569611334,-4.638718328088595
T0112,F05,2022,3122,-0.003726168339138343,-5.781931062655264
T0112,F06,2022,3605,-0.0033410550133485544,-6.625169708044531
T0112,F07,2023,3548,-0.00269455152294911,-4.9544016111784215
T0112,F08,2023,3948,-0.002410699589240786,-6.433805293884127
T0113,F01,2020,2843,-0.0013199046709019792,-1.0190298267585418
T0113,F02,2020,3063,-0.0002643913715124606,-0.20060726480033217
T0113,F03,2021,2794,0.00013449704894714616,0.06374062999605423
T0113,F04,2021,2839,-0.003261226413909529,-2.0926135521790243
T0113,F05,2022,2493,-0.006169838471532686,-3.6550494518512737
T0113,F06,2022,2935,-0.004909169606759642,-4.072054446883869
T0113,F07,2023,2904,-0.0024763501774757724,-1.953020992967265
T0113,F08,2023,3294,-0.0016622744052108619,-1.883130087090533
T0114,F01,2020,2178,0.0007817403435298514,0.3424958695569556
T0114,F02,2020,2413,0.002768715074957169,1.135394045645593
T0114,F03,2021,2054,0.004310311588897939,1.1928386613010835
T0114,F04,2021,2190,-0.005440735162093881,-2.10938573422771
T0114,F05,2022,1907,-0.007336708229494395,-2.558853934407064
T0114,F06,2022,2219,-0.006779775174523318,-3.3672140073156998
T0114,F07,2023,2187,-0.0024650968517905586,-1.1667870197752426
T0114,F08,2023,2509,-0.0009568998115464726,-0.6150443483575486
T0115,F01,2020,2978,-0.001920270409883314,-3.837043559065439
T0115,F02,2020,3221,-0.0021834110490245927,-3.8183246638991735
T0115,F03,2021,2697,-0.0013275485346741444,-1.3789523129940282
T0115,F04,2021,3208,-0.002531734745043256,-3.836842513842747
T0115,F05,2022,2730,-0.004051025815130237,-6.2758869409059095
T0115,F06,2022,3283,-0.0030876415632424647,-5.872004755739439
T0115,F07,2023,3163,-0.0030040114156440413,-5.573889553423333
T0115,F08,2023,3820,-0.0024117376641943316,-6.532982475854963
T0116,F01,2020,2473,6.481333124892951e-05,0.05355218537344904
T0116,F02,2020,2573,-0.0011230193680183147,-0.7843544922696445
T0116,F03,2021,2119,0.0015633441720885254,0.6791820083900767
T0116,F04,2021,2398,-0.0024512476734233554,-1.391113210331678
T0116,F05,2022,2050,-0.006946915436351488,-4.318377261540164
T0116,F06,2022,2582,-0.003448831479201065,-2.547018747853379
T0116,F07,2023,2641,-0.0020262407485671817,-1.4622766671843364
T0116,F08,2023,2965,-0.0010565798050421412,-1.1059240769783796
T0117,F01,2020,1986,0.003756563354601045,1.8460695607586963
T0117,F02,2020,1965,0.0021659027342804467,0.8566415424979212
T0117,F03,2021,1464,0.0027300130758523273,0.7079256261176454
T0117,F04,2021,1815,-0.0014709165556933584,-0.4754633609680011
T0117,F05,2022,1564,-0.00965558690738621,-3.571082466697855
T0117,F06,2022,2028,-0.0045222754986131,-1.9439175838177376
T0117,F07,2023,2041,-0.000442894403605441,-0.19263918974122157
T0117,F08,2023,2307,0.0011562242715299294,0.6866360291668576
T0118,F01,2020,3648,-0.002423007277631651,-4.9333108729431885
T0118,F02,2020,3776,-0.0020963440041834158,-3.9564939900279628
T0118,F03,2021,3514,-0.0018352982377136135,-2.2523233221488748
T0118,F04,2021,3647,-0.0019516545619828862,-3.1597975390976414
T0118,F05,2022,3308,-0.0049235455244069,-7.3836414800444325
T0118,F06,2022,3686,-0.0035924726292424587,-7.120901071746279
T0118,F07,2023,3641,-0.00258542679670948,-4.948926656049694
T0118,F08,2023,3975,-0.002712785059949472,-7.300440114395141
T0119,F01,2020,2945,-0.0016869280959644168,-1.2918356228226215
T0119,F02,2020,3151,-0.0009124472204018164,-0.7026361101087555
T0119,F03,2021,2780,7.35611289881967e-05,0.03535445863790241
T0119,F04,2021,2825,-0.0022623741006408842,-1.5551133332117437
T0119,F05,2022,2571,-0.007133689477854688,-4.180391883128643
T0119,F06,2022,2972,-0.004939362745784849,-4.045836328530783
T0119,F07,2023,2937,-0.0020894538805148423,-1.5705320783431629
T0119,F08,2023,3341,-0.001548682227318332,-1.7255737626879868
T0120,F01,2020,2190,-0.0008758337749071875,-0.38053573916472794
T0120,F02,2020,2426,0.0015167500005728806,0.6109220659624081
T0120,F03,2021,2032,0.0021172086662348166,0.544092789592526
T0120,F04,2021,2091,-0.00478449980933922,-1.9374367063167268
T0120,F05,2022,1903,-0.011985363349296002,-4.2483150581203875
T0120,F06,2022,2232,-0.006116279681408675,-3.0729788068351036
T0120,F07,2023,2252,-0.00114358893422364,-0.5004881639592645
T0120,F08,2023,2582,-0.00022432087499905647,-0.14538492672011422
T0121,F01,2020,3468,-0.002139614472885756,-4.2245075274340715
T0121,F02,2020,3725,-0.0019760919875628172,-3.702701297654282
T0121,F03,2021,3387,-0.0021368779655776484,-2.5325955483109204
T0121,F04,2021,3581,-0.0028071935569611334,-4.638718328088595
T0121,F05,2022,3122,-0.003726168339138343,-5.781931062655264
T0121,F06,2022,3605,-0.0033410550133485544,-6.625169708044531
T0121,F07,2023,3548,-0.00269455152294911,-4.9544016111784215
T0121,F08,2023,3948,-0.002410699589240786,-6.433805293884127
T0122,F01,2020,2843,-0.0013199046709019792,-1.0190298267585418
T0122,F02,2020,3063,-0.0002643913715124606,-0.20060726480033217
T0122,F03,2021,2794,0.00013449704894714616,0.06374062999605423
T0122,F04,2021,2839,-0.003261226413909529,-2.0926135521790243
T0122,F05,2022,2493,-0.006169838471532686,-3.6550494518512737
T0122,F06,2022,2935,-0.004909169606759642,-4.072054446883869
T0122,F07,2023,2904,-0.0024763501774757724,-1.953020992967265
T0122,F08,2023,3294,-0.0016622744052108619,-1.883130087090533
T0123,F01,2020,2178,0.0007817403435298514,0.3424958695569556
T0123,F02,2020,2413,0.002768715074957169,1.135394045645593
T0123,F03,2021,2054,0.004310311588897939,1.1928386613010835
T0123,F04,2021,2190,-0.005440735162093881,-2.10938573422771
T0123,F05,2022,1907,-0.007336708229494395,-2.558853934407064
T0123,F06,2022,2219,-0.006779775174523318,-3.3672140073156998
T0123,F07,2023,2187,-0.0024650968517905586,-1.1667870197752426
T0123,F08,2023,2509,-0.0009568998115464726,-0.6150443483575486
T0124,F01,2020,2978,-0.001920270409883314,-3.837043559065439
T0124,F02,2020,3221,-0.0021834110490245927,-3.8183246638991735
T0124,F03,2021,2697,-0.0013275485346741444,-1.3789523129940282
T0124,F04,2021,3208,-0.002531734745043256,-3.836842513842747
T0124,F05,2022,2730,-0.004051025815130237,-6.2758869409059095
T0124,F06,2022,3283,-0.0030876415632424647,-5.872004755739439
T0124,F07,2023,3163,-0.0030040114156440413,-5.573889553423333
T0124,F08,2023,3820,-0.0024117376641943316,-6.532982475854963
T0125,F01,2020,2473,6.481333124892951e-05,0.05355218537344904
T0125,F02,2020,2573,-0.0011230193680183147,-0.7843544922696445
T0125,F03,2021,2119,0.0015633441720885254,0.6791820083900767
T0125,F04,2021,2398,-0.0024512476734233554,-1.391113210331678
T0125,F05,2022,2050,-0.006946915436351488,-4.318377261540164
T0125,F06,2022,2582,-0.003448831479201065,-2.547018747853379
T0125,F07,2023,2641,-0.0020262407485671817,-1.4622766671843364
T0125,F08,2023,2965,-0.0010565798050421412,-1.1059240769783796
T0126,F01,2020,1986,0.003756563354601045,1.8460695607586963
T0126,F02,2020,1965,0.0021659027342804467,0.8566415424979212
T0126,F03,2021,1464,0.0027300130758523273,0.7079256261176454
T0126,F04,2021,1815,-0.0014709165556933584,-0.4754633609680011
T0126,F05,2022,1564,-0.00965558690738621,-3.571082466697855
T0126,F06,2022,2028,-0.0045222754986131,-1.9439175838177376
T0126,F07,2023,2041,-0.000442894403605441,-0.19263918974122157
T0126,F08,2023,2307,0.0011562242715299294,0.6866360291668576
T0127,F01,2020,3647,-0.0028390831572641705,-5.617845509773164
T0127,F02,2020,3832,-0.0019152978131955177,-3.67269533262694
T0127,F03,2021,3535,-0.0012358272749675796,-1.5113552976323334
T0127,F04,2021,3659,-0.00285946002123803,-4.619295161222149
T0127,F05,2022,3399,-0.004560130424346356,-6.918646927337998
T0127,F06,2022,3735,-0.0037864918252385445,-7.248649878636625
T0127,F07,2023,3678,-0.0029048217149547336,-5.306738717881929
T0127,F08,2023,3969,-0.0027716887681417724,-7.316648323809492
T0128,F01,2020,2897,-0.0024210339113734315,-1.8460817006715857
T0128,F02,2020,3091,-0.0016887424316014137,-1.2453938470810957
T0128,F03,2021,2740,0.0007439268086036706,0.35849262706400714
T0128,F04,2021,2871,-0.0014936457059698733,-0.9809045968280202
T0128,F05,2022,2555,-0.008242935095832425,-4.630120574791376
T0128,F06,2022,2882,-0.00495525729819479,-4.115130757093646
T0128,F07,2023,2965,-0.0023114596997654917,-1.7098220376933213
T0128,F08,2023,3230,-0.0020646532399521264,-2.275450744367258
T0129,F01,2020,2154,-0.0005487537062104405,-0.24066491337550655
T0129,F02,2020,2376,0.00048737210575271114,0.20831440317195463
T0129,F03,2021,2004,0.003041755963452267,0.8363432704258786
T0129,F04,2021,2085,-0.002061938353408768,-0.8124276488061813
T0129,F05,2022,1894,-0.012496389285359531,-4.250526808391975
T0129,F06,2022,2178,-0.006290176978624654,-3.0623651248205643
T0129,F07,2023,2292,-0.0020715637626595226,-0.9014651962901603
T0129,F08,2023,2559,-0.0012629597571593744,-0.8367586234292534
T0130,F01,2020,3519,-0.00279008170147779,-5.067685981869395
T0130,F02,2020,3595,-0.002462069045943256,-4.222102053369759
T0130,F03,2021,3332,-0.0019423440464553389,-2.3716106674355277
T0130,F04,2021,3497,-0.0024371541291362134,-4.099127065279884
T0130,F05,2022,3177,-0.004416685342587609,-6.191753673108142
T0130,F06,2022,3533,-0.003591804146914642,-6.7489193791031745
T0130,F07,2023,3441,-0.003143662730784784,-5.246991671737551
T0130,F08,2023,3652,-0.002514264412712126,-6.143269910305323
T0131,F01,2020,2756,-0.0017520140618243942,-1.242515926549701
T0131,F02,2020,2867,-0.00214276012986494,-1.5078818640670617
T0131,F03,2021,2623,0.00039495596773575357,0.19230803321796738
T0131,F04,2021,2743,-0.001643868036160244,-1.0401249343224706
T0131,F05,2022,2452,-0.007117213936815886,-3.9974377022935608
T0131,F06,2022,2693,-0.00512808127775307,-3.960664623709475
T0131,F07,2023,2661,-0.002685168402701709,-1.9015439995197814
T0131,F08,2023,2883,-0.0023935332706758036,-2.4917136483223734
T0132,F01,2020,2109,5.813070694627087e-05,0.02308598528958314
T0132,F02,2020,2250,0.00033093777742887226,0.13157313176377086
T0132,F03,2021,1937,0.006940765449944284,1.6567775924362111
T0132,F04,2021,2079,-0.003297556950889593,-1.2351030776299472
T0132,F05,2022,1881,-0.011152816096042835,-3.628950113297664
T0132,F06,2022,2097,-0.00556351781104038,-2.600993512448594
T0132,F07,2023,2022,-0.0030183874832960854,-1.238523894036636
T0132,F08,2023,2281,-0.00018565123474941883,-0.12093101734618554
T0133,F01,2020,3361,-0.002806257208133171,-5.219476298989142
T0133,F02,2020,3494,-0.003251870102979023,-5.8984050754469415
T0133,F03,2021,3109,-0.002123099848885397,-2.4703020969595264
T0133,F04,2021,3224,-0.0030743517374136084,-5.0069996658236215
T0133,F05,2022,2923,-0.0051797715019814995,-6.387394084880625
T0133,F06,2022,3277,-0.004485297309879172,-8.859823455917043
T0133,F07,2023,3256,-0.0036218601251794855,-6.921667857085987
T0133,F08,2023,3538,-0.0029633807892263655,-7.3993242248672955
T0134,F01,2020,2761,-0.002314021265766757,-1.6910796024155155
T0134,F02,2020,2847,-0.002656073177533036,-1.9685977503331125
T0134,F03,2021,2460,0.0009701283108904631,0.46660036398513005
T0134,F04,2021,2586,-0.003465715673293595,-2.3549214708714934
T0134,F05,2022,2308,-0.009027351719254041,-4.750978979770261
T0134,F06,2022,2627,-0.006251028788997974,-4.911359138025864
T0134,F07,2023,2647,-0.003262831992786725,-2.5321768356851964
T0134,F08,2023,2955,-0.0028330111358022595,-3.16186342272957
T0135,F01,2020,2228,0.000362184742954996,0.16161324049092307
T0135,F02,2020,2347,-0.0003683186293302686,-0.15232228379264967
T0135,F03,2021,1969,0.0037942193061754692,1.0237296711941064
T0135,F04,2021,2052,-0.001980090356807201,-0.7739357660038704
T0135,F05,2022,1870,-0.012830294322110919,-3.8718029028662024
T0135,F06,2022,2212,-0.0077792901285043325,-3.7506678831457863
T0135,F07,2023,2212,-0.002587009639501406,-1.1515084683829406
T0135,F08,2023,2448,-0.0015948960114359563,-1.040225000303825
T0136,F01,2020,2065,-0.003849343432228993,-5.200893027224886
T0136,F02,2020,2216,-0.0035433126677018247,-4.931521399636348
T0136,F03,2021,2126,-0.0024949153106168633,-2.444094315379427
T0136,F04,2021,2103,-0.0034456557599864073,-3.756157223099802
T0136,F05,2022,1553,-0.006189141035174216,-6.719994643193055
T0136,F06,2022,1651,-0.0055909930547828526,-7.155638947251967
T0136,F07,2023,1692,-0.003746472866096938,-4.881436265657221
T0136,F08,2023,2053,-0.0034335477831119684,-5.3956917958023665
T0137,F01,2020,1785,-0.0024610609336367275,-1.6693071855543076
T0137,F02,2020,1915,-0.0029651237818840892,-2.0137429136715603
T0137,F03,2021,1831,9.517500925405864e-05,0.040065979265814955
T0137,F04,2021,1794,-0.003346280889136122,-1.8735934485810248
T0137,F05,2022,1383,-0.009606144519474998,-4.934757538222179
T0137,F06,2022,1463,-0.007306242003083198,-4.835301137944709
T0137,F07,2023,1465,-0.004320398801960908,-2.813984965442304
T0137,F08,2023,1786,-0.004671153419943062,-3.6433464123765384
T0138,F01,2020,1493,0.0002426927940719019,0.08982487032848366
T0138,F02,2020,1629,-0.0008508366329272412,-0.29641145409641506
T0138,F03,2021,1517,0.0043868584427641045,0.9060627676582301
T0138,F04,2021,1488,-0.002689593434811058,-0.8968840313029953
T0138,F05,2022,1181,-0.01504936989071566,-4.643131742068538
T0138,F06,2022,1272,-0.009888636025746014,-4.128024710313268
T0138,F07,2023,1251,-0.0036066024137249193,-1.2791491354704043
T0138,F08,2023,1530,-0.002142563083427261,-1.065060252844911
T0139,F01,2020,1459,-0.0041577855468058235,-4.267071574671376
T0139,F02,2020,1659,-0.0025967865067768286,-3.009082880422819
T0139,F03,2021,1638,-0.002458386898357718,-1.8054339198069542
T0139,F04,2021,1629,-0.0025001558788253107,-2.5019450016246165
T0139,F05,2022,1097,-0.005865603659593063,-5.406998504688188
T0139,F06,2022,1123,-0.006319444342956789,-6.0433342467606295
T0139,F07,2023,1181,-0.004196166703193136,-4.2715107503615934
T0139,F08,2023,1526,-0.003364695640922507,-4.187120126764753
T0140,F01,2020,1260,-0.0017281222087234482,-1.0140790419289194
T0140,F02,2020,1415,0.0008463222330308283,0.4723597091380983
T0140,F03,2021,1375,0.002390304061849905,0.912584784641572
T0140,F04,2021,1385,-0.003541797880121644,-1.7659763953443584
T0140,F05,2022,936,-0.008566767119195066,-3.704432289716579
T0140,F06,2022,1010,-0.008569819654517136,-4.528981543118249
T0140,F07,2023,1039,-0.005891590203281025,-3.123837361577261
T0140,F08,2023,1346,-0.00406517436534818,-2.727224334684299
T0141,F01,2020,1080,-0.0005725607361539614,-0.19178837288774836
T0141,F02,2020,1221,0.004654453082799812,1.3748459330973803
T0141,F03,2021,1179,0.009729035844023412,1.6793903720377648
T0141,F04,2021,1180,-0.004970278118255708,-1.636427689790759
T0141,F05,2022,814,-0.014019730389465006,-3.765052170081399
T0141,F06,2022,910,-0.012865485724509775,-4.6421507111994496
T0141,F07,2023,887,-0.0046468281964445,-1.482342233119044
T0141,F08,2023,1154,-0.001736981615475649,-0.7431837949144724
T0142,F01,2020,1379,-0.004084217242410586,-4.091252046674909
T0142,F02,2020,1583,-0.002581583172580088,-3.0446510982738055
T0142,F03,2021,1564,-0.0027225762159574585,-1.9157941557254707
T0142,F04,2021,1546,-0.0018793411471993424,-1.7596383073147641
T0142,F05,2022,1047,-0.006046443341420002,-5.3599296701779915
T0142,F06,2022,1072,-0.006115142080563811,-5.4113174020799
T0142,F07,2023,1129,-0.004137743665911196,-3.994235201769067
T0142,F08,2023,1456,-0.003159419425381021,-3.2898000312216698
T0143,F01,2020,1198,-0.001888236498726987,-1.0208143554968812
T0143,F02,2020,1350,0.0004602564534112642,0.26152787269752037
T0143,F03,2021,1318,0.0017984981872288359,0.6439832189837968
T0143,F04,2021,1313,-0.0034163777027857987,-1.6827894337089744
T0143,F05,2022,899,-0.008914337171346844,-3.817253959465822
T0143,F06,2022,963,-0.0084241795710787,-4.248419434324972
T0143,F07,2023,993,-0.005679681411146466,-2.9447919605253188
T0143,F08,2023,1273,-0.004346133745039307,-2.7083847503372085
T0144,F01,2020,1029,-0.0007566302016821576,-0.24037577979324515
T0144,F02,2020,1165,0.005205190712176177,1.5536431338080077
T0144,F03,2021,1129,0.010424158108859327,1.73981438923767
T0144,F04,2021,1129,-0.004851583287162059,-1.5327459260498777
T0144,F05,2022,781,-0.012905714532170895,-3.3414726413688767
T0144,F06,2022,872,-0.012793409460200689,-4.424832569404002
T0144,F07,2023,857,-0.005872552844833101,-1.8255413228568993
T0144,F08,2023,1089,-0.0019206121372350084,-0.783443368789879
T0145,F01,2020,3744,-0.002772038061325083,-5.758591384438997
T0145,F02,2020,3826,-0.0025086390165077895,-4.677638525986136
T0145,F03,2021,3465,-0.002180088155243065,-2.4718562883760473
T0145,F04,2021,3568,-0.0030113911307721964,-4.759157298827783
T0145,F05,2022,3312,-0.005103496494500558,-6.508047817505947
T0145,F06,2022,3643,-0.004282474191586616,-8.159848263907866
T0145,F07,2023,3625,-0.003768015472759512,-7.203524571428504
T0145,F08,2023,3938,-0.002868377500925815,-7.730616000610956
T0146,F01,2020,2831,-0.0017120448639018435,-1.297803683110938
T0146,F02,2020,2964,-0.002221530172760972,-1.6779702861603418
T0146,F03,2021,2500,-0.0018387921368053814,-0.8615956768580195
T0146,F04,2021,2625,-0.004162266227414967,-2.6966215967144764
T0146,F05,2022,2371,-0.00821841483161127,-4.384232393718701
T0146,F06,2022,2687,-0.005405880252603985,-4.185025218341273
T0146,F07,2023,2811,-0.0033918207611643037,-2.6310855436066447
T0146,F08,2023,3118,-0.003235009984482124,-3.4756595610358176
T0147,F01,2020,2182,-9.950661241590936e-05,-0.039442765385488125
T0147,F02,2020,2320,-0.0001815934684337531,-0.07566898229500157
T0147,F03,2021,1907,0.0023379214051996106,0.5998642768332049
T0147,F04,2021,1991,1.608467205794069e-05,0.006026099634647542
T0147,F05,2022,1889,-0.012264609055808787,-4.0181400582160185
T0147,F06,2022,2147,-0.006412540461096877,-3.0448226303877965
T0147,F07,2023,2157,-0.0027908249786363286,-1.2170094783149321
T0147,F08,2023,2523,-0.001793066683437584,-1.185054928516575
T0148,F01,2020,3713,-0.003093985151631376,-6.26530803612315
T0148,F02,2020,3785,-0.0028229761065731054,-5.418781270534188
T0148,F03,2021,3490,-0.0015800520824422542,-1.8398332433547877
T0148,F04,2021,3580,-0.0029807618696965367,-5.020589845949465
T0148,F05,2022,3295,-0.00429908794163827,-6.129427385855479
T0148,F06,2022,3713,-0.003863342277892511,-7.769987260703682
T0148,F07,2023,3593,-0.003398606727545309,-6.446963297585115
T0148,F08,2023,3914,-0.0028771865474143893,-8.145913799944505
T0149,F01,2020,2826,-0.0012332151899519732,-0.941903121919846
T0149,F02,2020,2897,-0.0012440699856599553,-0.8995163063610289
T0149,F03,2021,2536,0.0020490656665854714,0.9701169824699446
T0149,F04,2021,2578,-0.002678802374816236,-1.6776896565265762
T0149,F05,2022,2314,-0.008115780085486598,-4.558235653234116
T0149,F06,2022,2700,-0.005708827554849742,-4.563646289334935
T0149,F07,2023,2675,-0.002264519682481312,-1.6660547416246043
T0149,F08,2023,3064,-0.00198571896060439,-2.1823270207838004
T0150,F01,2020,2189,-0.00017826200006498724,-0.08279006703741618
T0150,F02,2020,2228,0.0013621578222008963,0.5583651456889203
T0150,F03,2021,1836,0.005556313129569393,1.5237268600269158
T0150,F04,2021,1900,-0.004139084922703041,-1.5096272244920386
T0150,F05,2022,1728,-0.013841401864229963,-4.395098174532012
T0150,F06,2022,2106,-0.006663869646344597,-3.1727782097540347
T0150,F07,2023,2051,-0.0022537924785266824,-0.9678852885768405
T0150,F08,2023,2388,-0.0014355355581702207,-0.938062019907041
T0151,F01,2020,3596,-0.002440941269111703,-5.001246271910442
T0151,F02,2020,3810,-0.0022761283660938086,-4.3007921140384155
T0151,F03,2021,3492,-0.0018012455161417259,-2.135120881961124
T0151,F04,2021,3598,-0.0025480901196230353,-4.26881277363969
T0151,F05,2022,3271,-0.005159660229484831,-7.5802806105642535
T0151,F06,2022,3594,-0.003782812589482374,-7.857261960180063
T0151,F07,2023,3557,-0.0030666136134837436,-5.657116610306971
T0151,F08,2023,3923,-0.0026610462530484253,-6.648624462637288
T0152,F01,2020,2738,-0.002391142614960484,-1.8522723183094576
T0152,F02,2020,2900,-0.0005396590213212984,-0.41567669599649715
T0152,F03,2021,2582,-0.00031836855791937403,-0.15957577550353655
T0152,F04,2021,2613,-0.0031450621938981945,-2.0506222894997803
T0152,F05,2022,2333,-0.008600925108660295,-4.849011431074902
T0152,F06,2022,2749,-0.005359650411923001,-4.572678533464852
T0152,F07,2023,2668,-0.003190932274338175,-2.4741146819023907
T0152,F08,2023,3126,-0.0015406495427323602,-1.6142791841244861
T0153,F01,2020,1995,0.0007273981878859363,0.34646983019092303
T0153,F02,2020,2127,0.0016972274027010014,0.6618012104452061
T0153,F03,2021,1793,0.005434476999476381,1.3672272483305083
T0153,F04,2021,1809,-0.0031916456690139804,-1.2293342105298677
T0153,F05,2022,1673,-0.012496367290379878,-3.9633718369255235
T0153,F06,2022,2069,-0.0074560029293276285,-3.5466406869544866
T0153,F07,2023,1980,-0.003574351591971524,-1.5910819177592084
T0153,F08,2023,2348,-0.0011428750946167491,-0.7062402615338867
T0154,F01,2020,1585,-0.0013363554753667566,-1.1999021654115607
T0154,F02,2020,1767,-0.0012689579363719403,-1.5670009829309703
T0154,F03,2021,1298,-0.0005100566307358267,-0.3287327873303647
T0154,F04,2021,1424,-0.0019569360225334654,-1.9584197546220663
T0154,F05,2022,1553,-0.006128573407069177,-4.777820008565533
T0154,F06,2022,1736,-0.0032713963065172736,-4.813299854734655
T0154,F07,2023,1659,-0.002541040013220891,-3.559067215339947
T0154,F08,2023,1951,-0.003129905900964195,-6.318207790487735
T0155,F01,2020,1262,-0.002357262296785945,-1.0805525880293503
T0155,F02,2020,1439,-0.0012547241576318098,-0.6676682447068225
T0155,F03,2021,1059,0.001576421445697322,0.4857600128357827
T0155,F04,2021,1161,-0.001299857990113295,-0.5785378148124269
T0155,F05,2022,1179,-0.008069217398975056,-2.856309611271874
T0155,F06,2022,1391,-0.002954205882656653,-1.90110536021607
T0155,F07,2023,1320,-0.002499371766293616,-1.3644266209964864
T0155,F08,2023,1539,-0.0038312037613377355,-3.564166355888248
T0156,F01,2020,1090,0.0010468748968952243,0.2669418699102031
T0156,F02,2020,1232,0.0014675474926401683,0.47225828227307565
T0156,F03,2021,915,0.009045806685071447,1.6728259872299913
T0156,F04,2021,964,0.0003671500978685107,0.10900091903801241
T0156,F05,2022,982,-0.01381465260983045,-3.083630366180878
T0156,F06,2022,1182,-0.004658550395037842,-1.7203464340705055
T0156,F07,2023,1080,-0.0019655886916628267,-0.7127554363779649
T0156,F08,2023,1326,-0.0018149734698468744,-0.9398718339235511
T0157,F01,2020,549,-0.004031034049949991,-1.4972652928478971
T0157,F02,2020,701,-0.0015199882452281495,-1.0600137920718913
T0157,F03,2021,490,0.002990153868175285,0.9828957185341345
T0157,F04,2021,570,-0.0012352470497372287,-0.6876446089845648
T0157,F05,2022,785,-0.0030886867904196184,-0.6732759710177486
T0157,F06,2022,860,-0.00354707464694456,-3.1542537834579942
T0157,F07,2023,770,-0.002671515453881656,-2.283960502716843
T0157,F08,2023,810,-0.0024173367369440877,-2.9085413900032093
T0158,F01,2020,424,-0.0043370584300415314,-1.037203485591108
T0158,F02,2020,555,-0.0012666825411575934,-0.3668295287483556
T0158,F03,2021,376,0.004969204535930764,0.9363930823019239
T0158,F04,2021,444,0.0006334797473253459,0.16775767771047773
T0158,F05,2022,594,-0.010136585650466217,-2.8104621217082864
T0158,F06,2022,652,-0.003274935431237981,-1.4050338739990753
T0158,F07,2023,566,-0.0030815625095827748,-1.0872087782362072
T0158,F08,2023,640,-0.002342827301098091,-1.316930973763002
T0159,F01,2020,374,-0.005728739291039938,-0.6899678142477526
T0159,F02,2020,475,8.867645783275585e-05,0.017935346030338577
T0159,F03,2021,335,0.011367632541269603,1.3653300476910717
T0159,F04,2021,381,0.0025264004353068867,0.465763162821201
T0159,F05,2022,489,-0.008977500033358668,-1.7134638455518645
T0159,F06,2022,563,-0.0038484307124526944,-0.8931849498969109
T0159,F07,2023,461,-0.0037879524682369985,-0.9912666571984335
T0159,F08,2023,540,-0.003070551911125711,-1.0141146176822051
T0160,F01,2020,282,-0.004628955194841389,-0.80320790190056
T0160,F02,2020,343,0.0009938779883362056,0.4277654165994268
T0160,F03,2021,223,0.00810772697816244,1.6696033827225858
T0160,F04,2021,267,0.001211291270669284,0.4100052131111531
T0160,F05,2022,469,-0.0026843768619002396,-0.3547681226080735
T0160,F06,2022,477,-0.0024506341541106606,-1.500848909272793
T0160,F07,2023,405,-0.0015591728622161509,-0.9057084003340097
T0160,F08,2023,399,-0.0015615978719228406,-1.2520123802545977
T0161,F01,2020,219,-0.011244629525260116,-1.325326295744121
T0161,F02,2020,270,-0.000670565533449539,-0.15384908488099772
T0161,F03,2021,176,0.011542353021334389,1.2878771126947324
T0161,F04,2021,203,0.005057925956993569,0.9274705843364195
T0161,F05,2022,341,-0.012630924448812766,-2.067126033543801
T0161,F06,2022,363,-0.0019555361417453406,-0.5498887946549227
T0161,F07,2023,304,-0.0017769841971531947,-0.5407708218950077
T0161,F08,2023,296,-0.0035153689320398785,-1.425314164983129
T0162,F01,2020,194,-0.01390444088981133,-1.0569482483850159
T0162,F02,2020,229,0.00014268983189337473,0.02201201531275558
T0162,F03,2021,156,0.03510542561053146,2.5092294328328193
T0162,F04,2021,171,0.009415812671903409,1.2240046074264825
T0162,F05,2022,286,-0.011360890204065164,-1.3373000721530288
T0162,F06,2022,308,0.001083032715917694,0.17707264979908943
T0162,F07,2023,253,-0.001983012289617586,-0.4453908855535731
T0162,F08,2023,250,0.0022999833818408764,0.521100069605049
T0163,F01,2020,1822,-0.003474489044002955,-3.97339389629088
T0163,F02,2020,2395,-0.0017013464770789812,-2.207585895312737
T0163,F03,2021,2050,-0.0013499411749936304,-0.929469165482551
T0163,F04,2021,1969,-0.0028283255709846467,-3.04624761326684
T0163,F05,2022,2101,-0.005897898659063212,-5.215745210228806
T0163,F06,2022,1522,-0.004669480023473074,-4.440257448376062
T0163,F07,2023,2203,-0.0030049769744683137,-3.9940948637815104
T0163,F08,2023,2704,-0.002575416405929064,-4.29511469379835
T0164,F01,2020,1303,-0.002925869083365158,-1.293116672075
T0164,F02,2020,1757,0.0007316263524385884,0.39005912657093883
T0164,F03,2021,1455,0.0041495874111325375,1.1755079979836165
T0164,F04,2021,1403,-0.003439892874863676,-1.599647688436229
T0164,F05,2022,1472,-0.00839505055328626,-3.382831013447901
T0164,F06,2022,1049,-0.006876630863745181,-2.796151501420876
T0164,F07,2023,1602,-0.002818846396321663,-1.6474428914407395
T0164,F08,2023,2025,-0.002080180926437595,-1.4684020970781302
T0165,F01,2020,1008,-4.512453255755978e-05,-0.012615106121765331
T0165,F02,2020,1375,0.005502889076357771,1.7341706528120442
T0165,F03,2021,1151,0.016772261387875385,2.4135828285004246
T0165,F04,2021,1060,-0.0014929839916572704,-0.43741062129175595
T0165,F05,2022,1119,-0.012700878189796936,-2.9427642104569336
T0165,F06,2022,787,-0.004729413024871861,-1.0893308352814624
T0165,F07,2023,1198,-0.002702078775221528,-0.855833430886179
T0165,F08,2023,1526,0.0009025584746690673,0.40607563514798406
T0166,F01,2020,3585,-0.0031561415715938993,-6.334586370883393
T0166,F02,2020,3672,-0.0027039172846443625,-5.00831272009072
T0166,F03,2021,3321,-0.0026079683995757726,-3.0683891915479737
T0166,F04,2021,3399,-0.003214023849380714,-5.048643257725352
T0166,F05,2022,3114,-0.004502311577217916,-3.379096446196902
T0166,F06,2022,3463,-0.0038690081423182593,-7.511612795266281
T0166,F07,2023,3390,-0.0035883194025840308,-7.090915153625836
T0166,F08,2023,3721,-0.002353350154490385,-6.056890670843535
T0167,F01,2020,3069,-0.00234122314828713,-1.722130271640388
T0167,F02,2020,3167,-0.0018932356004003606,-1.5442139200253766
T0167,F03,2021,2813,-0.0009913799489392671,-0.4710945478508315
T0167,F04,2021,2811,-0.0017669439110193268,-1.1378564606503458
T0167,F05,2022,2588,-0.008004686392003444,-4.383758649100833
T0167,F06,2022,2955,-0.005416749152932831,-4.852044896250259
T0167,F07,2023,2899,-0.0026763536971577836,-2.0798840402605636
T0167,F08,2023,3217,-0.00215059204971,-2.3937762015512645
T0168,F01,2020,2456,-0.00023341211458814188,-0.09420860418893938
T0168,F02,2020,2588,0.0006798890648031697,0.2985629470386063
T0168,F03,2021,2320,0.004303804324666603,1.2418175797045314
T0168,F04,2021,2282,-0.001466198034091749,-0.5763565558021192
T0168,F05,2022,2193,-0.012281001898028623,-3.9805460124630674
T0168,F06,2022,2500,-0.006509680559059467,-3.308834067877043
T0168,F07,2023,2339,-0.0005064238608846481,-0.2206476101226549
T0168,F08,2023,2686,-0.0018453680410513587,-1.1925035828584087
T0169,F01,2020,1835,-0.004056703232509572,-5.08873283956018
T0169,F02,2020,2109,-0.002317979361701868,-2.850244772470499
T0169,F03,2021,1943,-0.0011971256541447027,-0.8789529930126322
T0169,F04,2021,1990,-0.0026488777788899144,-2.680689393788971
T0169,F05,2022,1792,-0.005087045236934608,-3.9960045858231044
T0169,F06,2022,1899,-0.004183685960114451,-5.2878275670565795
T0169,F07,2023,1877,-0.004046502139260218,-6.1556193608386485
T0169,F08,2023,2171,-0.00232705296879502,-3.4042707340232687
T0170,F01,2020,1348,-0.004339394181105785,-2.261494382915034
T0170,F02,2020,1587,-0.0016729902609914312,-0.8978033646681997
T0170,F03,2021,1466,0.005569599901328071,1.8023721612891466
T0170,F04,2021,1468,-0.003698251257119409,-1.7468172969794493
T0170,F05,2022,1339,-0.007668415075518105,-3.0859104177898544
T0170,F06,2022,1434,-0.007335690161853211,-4.155016946343275
T0170,F07,2023,1379,-0.005087109493243375,-3.120816672948771
T0170,F08,2023,1599,-0.0023803027051985085,-1.5399412961181442
T0171,F01,2020,1042,-0.002130756031004232,-0.7183845287246299
T0171,F02,2020,1257,0.0024329436083607753,0.7758157842002257
T0171,F03,2021,1083,0.011751765689179686,2.170607195764326
T0171,F04,2021,1134,-0.0014780000676449787,-0.4225985518621051
T0171,F05,2022,1022,-0.012649301584796328,-2.728612963796425
T0171,F06,2022,1085,-0.005689455712760017,-1.854820797701302
T0171,F07,2023,1091,-0.0022458148892682286,-0.8309737170655108
T0171,F08,2023,1253,0.0013908118795354992,0.598766087935429
T0172,F01,2020,2413,-0.0032230633341793356,-4.893401242171005
T0172,F02,2020,2348,-0.003186476528874451,-4.167365176453033
T0172,F03,2021,2059,-0.0025395070066769818,-2.6120732750619715
T0172,F04,2021,2193,-0.0031743656092415497,-3.5042416465856836
T0172,F05,2022,1756,-0.006380009249564888,-7.0681126079223775
T0172,F06,2022,2084,-0.005169792414241567,-6.758615251418589
T0172,F07,2023,1987,-0.004559958843788495,-5.936058419271137
T0172,F08,2023,2378,-0.0033980441252577493,-5.641409875273088
T0173,F01,2020,2064,-0.002586074248236381,-1.6574223107454775
T0173,F02,2020,2045,-0.0017267261888346372,-1.1097589340640308
T0173,F03,2021,1815,0.0012318351891380031,0.5524398613962647
T0173,F04,2021,1905,-0.0021140049262851905,-1.1789012450754603
T0173,F05,2022,1551,-0.011292095406283826,-5.651517377658028
T0173,F06,2022,1811,-0.006913495923768203,-5.035821886345394
T0173,F07,2023,1720,-0.004364840994055711,-2.7623316979353816
T0173,F08,2023,2067,-0.0021673727005691785,-1.765370744332446
T0174,F01,2020,1731,-0.0008857205061737559,-0.32759307441998575
T0174,F02,2020,1761,0.0009721312464532518,0.3488188809855819
T0174,F03,2021,1577,0.008285168952660673,1.6516042414166408
T0174,F04,2021,1639,-0.0035570284251857194,-1.172124009656913
T0174,F05,2022,1340,-0.01313458345201628,-3.9026103367433933
T0174,F06,2022,1549,-0.00673768389456947,-2.7739049054365856
T0174,F07,2023,1474,-0.002507458968626492,-0.8899517520611355
T0174,F08,2023,1746,-7.924138372764343e-05,-0.04142609978358228
T0175,F01,2020,3692,-0.0019497578538891548,-2.915819811507297
T0175,F02,2020,3824,-0.0021991326665798333,-4.058576233890388
T0175,F03,2021,3473,-0.002130506100447364,-2.319382255704932
T0175,F04,2021,3645,-0.0025627623728292945,-4.098959716062564
T0175,F05,2022,3485,-0.0037501930641834673,-5.08604573646365
T0175,F06,2022,3761,-0.003003654734313085,-6.219214998678096
T0175,F07,2023,3614,-0.002560610879859368,-5.129869032121426
T0175,F08,2023,3977,-0.002672672380751231,-7.816810518092654
T0176,F01,2020,2945,-0.0009669202128136918,-0.5966854895541973
T0176,F02,2020,3053,-0.000677323475847153,-0.4835388619001306
T0176,F03,2021,2710,0.0013055863110799087,0.569901983551112
T0176,F04,2021,2894,-0.001221767800646555,-0.7352181101195505
T0176,F05,2022,2787,-0.006292215689278552,-3.335596103807289
T0176,F06,2022,2982,-0.004897779029619386,-3.8687485066791907
T0176,F07,2023,2885,-0.00284825686093651,-2.155932942386945
T0176,F08,2023,3299,-0.0017932643685002578,-1.9961191156175933
T0177,F01,2020,2254,-0.0004711598371951847,-0.1780291903483083
T0177,F02,2020,2432,-0.00014904539756361475,-0.05989367793706084
T0177,F03,2021,2078,0.004135103093000073,1.113520243904065
T0177,F04,2021,2198,0.0001278371473784166,0.04834168434242715
T0177,F05,2022,2139,-0.012917870573185043,-4.107595476641664
T0177,F06,2022,2309,-0.006116686603841773,-2.7726678494305297
T0177,F07,2023,2185,-0.0029035706068040725,-1.3073038652789013
T0177,F08,2023,2639,-0.000713702419856471,-0.4828271466844159
T0178,F01,2020,4289,-0.002508066220191633,-4.279715159638458
T0178,F02,2020,4353,-0.002435155048751479,-4.7836977443628905
T0178,F03,2021,4261,-0.001788506784843602,-2.1498841392070664
T0178,F04,2021,4315,-0.0029209153744323086,-5.385872536368146
T0178,F05,2022,4255,-0.004162828901590444,-6.286067553312297
T0178,F06,2022,4343,-0.0035959874017354432,-8.011095953217037
T0178,F07,2023,4248,-0.0028535602599064074,-6.298400673211083
T0178,F08,2023,4348,-0.0025312140242181036,-7.564786281275206
T0179,F01,2020,3906,-0.0018068584684958222,-1.233153776586724
T0179,F02,2020,4016,-0.0015962312057543394,-1.2404092724998421
T0179,F03,2021,3843,0.0008398937135263784,0.4020934724304321
T0179,F04,2021,3941,-0.0015274214153645875,-1.091301135292832
T0179,F05,2022,3877,-0.007077542690315025,-4.005089631641046
T0179,F06,2022,3993,-0.004223371694120816,-3.695941360236824
T0179,F07,2023,3898,-0.0025534421209366226,-2.1678408785207224
T0179,F08,2023,4021,-0.001814019160748579,-2.262435683341921
T0180,F01,2020,2983,0.0010720898804596512,0.4629476793057119
T0180,F02,2020,3264,0.0011962506107941512,0.5545584534668152
T0180,F03,2021,2892,0.004286400899281144,1.0712416233428288
T0180,F04,2021,3204,0.00017800084862271086,0.07593110525159873
T0180,F05,2022,3220,-0.00963364205905976,-3.4489764878707527
T0180,F06,2022,3287,-0.005109923034614784,-2.7470270633894143
T0180,F07,2023,3248,-0.0012269896340475163,-0.597561478116978
T0180,F08,2023,3354,-0.0011369823808664945,-0.8809152092612288
T0181,F01,2020,4160,-0.002714344996541833,-4.780796486319581
T0181,F02,2020,4251,-0.002171298599717036,-4.378568601685766
T0181,F03,2021,4186,-0.001809292660932859,-2.0761820766717602
T0181,F04,2021,4251,-0.002519002639568413,-4.545228626489606
T0181,F05,2022,4157,-0.0042659391164521256,-6.267254290624683
T0181,F06,2022,4224,-0.003242775924089357,-7.181149288813777
T0181,F07,2023,4124,-0.0027302737660341424,-5.923959731102891
T0181,F08,2023,4250,-0.0025732915988007444,-7.4683336581144735
T0182,F01,2020,3698,-0.0017101837131451505,-1.2379131513156925
T0182,F02,2020,3759,-0.0014850556231330296,-1.1872904215401323
T0182,F03,2021,3671,-0.0007684506423544579,-0.3738175718934605
T0182,F04,2021,3788,-0.0012078487802412445,-0.8714903448165836
T0182,F05,2022,3650,-0.006230440280591628,-3.6750209814285677
T0182,F06,2022,3717,-0.004157529959762309,-3.7735446786127755
T0182,F07,2023,3658,-0.0019079932848096073,-1.595594916731335
T0182,F08,2023,3810,-0.0014680551616806801,-1.7052196805758146
T0183,F01,2020,3045,0.0010465271059808782,0.4224639964468596
T0183,F02,2020,3172,0.00018163187873498768,0.08494988000750776
T0183,F03,2021,3043,0.003783504644724119,1.1123442735182585
T0183,F04,2021,3069,0.00015320558912806554,0.06617065447039472
T0183,F05,2022,3050,-0.008994180323818256,-3.1189534440738953
T0183,F06,2022,3181,-0.004816505246915199,-2.5901064447076267
T0183,F07,2023,3017,-0.001149450837859473,-0.5611816989380036
T0183,F08,2023,3150,0.00016057219260923902,0.1160447683055826
T0184,F01,2020,485,-0.0022682476913319658,-3.4491641627732657
T0184,F02,2020,572,-0.0025147381467189745,-2.9408981916942163
T0184,F03,2021,430,-0.0023814433248468487,-2.17830783354988
T0184,F04,2021,400,-0.002054011343438997,-2.2469096487741544
T0184,F05,2022,252,-0.0032613940877522433,-2.795469508623621
T0184,F06,2022,292,-0.003063166739756307,-3.707983629227948
T0184,F07,2023,420,-0.0014517355682999423,-1.8742703836013797
T0184,F08,2023,408,-0.002991848774249302,-4.572835829065842
T0185,F01,2020,199,-0.0005741115762330462,-0.30865259290965813
T0185,F02,2020,259,-0.0014814886333664387,-0.7255679677327546
T0185,F03,2021,198,0.000721932548489214,0.23348540278976226
T0185,F04,2021,227,-0.0018549932188850458,-0.8709863945009523
T0185,F05,2022,122,-0.007698954371828084,-2.424842977618975
T0185,F06,2022,143,-0.0016111555995080619,-0.7631321606568925
T0185,F07,2023,190,-0.0008889743899819926,-0.4087614608664144
T0185,F08,2023,225,-0.0006855398796327318,-0.38651588275933546
T0186,F01,2020,132,0.0027782093546889638,0.7688058202210051
T0186,F02,2020,170,0.002558359347426188,0.5831491596319379
T0186,F03,2021,122,0.00744969452533954,1.1624628283687122
T0186,F04,2021,127,-0.0007045662483421074,-0.190932656179003
T0186,F05,2022,73,-0.01206556849212562,-2.1854730210000604
T0186,F06,2022,87,-0.0028181498850198138,-0.77374750150047
T0186,F07,2023,109,0.0024727443633950925,0.6348466618477511
T0186,F08,2023,130,0.000844481932851367,0.28277106389414247
T0187,F01,2020,943,-0.0014090448074067338,-0.9144462819371204
T0187,F02,2020,1001,0.00026050617726418996,0.17426489630724087
T0187,F03,2021,959,0.002450756035937517,0.9955973188425054
T0187,F04,2021,957,-0.0012878425750555305,-0.7075834734122727
T0187,F05,2022,779,-0.005885668541042885,-3.031996836492806
T0187,F06,2022,882,-0.004224424730287675,-2.814303883789971
T0187,F07,2023,902,-0.002489499778856206,-1.5122620383798395
T0187,F08,2023,1008,-0.0010902303226226057,-1.055795918948984
T0188,F01,2020,875,0.002207006573228466,0.8185800571366177
T0188,F02,2020,939,0.002373393933199698,0.8967023134447571
T0188,F03,2021,908,0.006369996231430256,1.5146003899996257
T0188,F04,2021,903,0.00018404128139591215,0.05813888654793174
T0188,F05,2022,703,-0.008672892600902864,-2.554288887985346
T0188,F06,2022,822,-0.0063916148987265015,-2.116916851731403
T0188,F07,2023,809,-0.002015292508748396,-0.6826519825453535
T0188,F08,2023,918,0.0005035181364510771,0.2693463107310982
T0189,F01,2020,936,-0.0004748986642865469,-0.3007936826585348
T0189,F02,2020,1032,-4.1297252189463595e-05,-0.02808364378893958
T0189,F03,2021,927,0.0028035443408110554,1.1013760359623916
T0189,F04,2021,938,-0.00022552456713893134,-0.12183200081958427
T0189,F05,2022,726,-0.006622518403184126,-3.6169718132116033
T0189,F06,2022,862,-0.002384098937526152,-1.2908978857442575
T0189,F07,2023,906,-0.0023418565662310774,-1.5250056105374448
T0189,F08,2023,978,-0.001525515034239598,-1.2627319990709307
T0190,F01,2020,901,0.0031295229783896835,1.106245201253458
T0190,F02,2020,970,0.004109686517415633,1.559168493274316
T0190,F03,2021,883,0.007293057823898501,1.7801708770966018
T0190,F04,2021,864,0.0016909778461406141,0.5412096117915477
T0190,F05,2022,660,-0.01035399437850584,-3.2164216111874704
T0190,F06,2022,785,-0.002725025468628672,-0.8441272226722876
T0190,F07,2023,849,-0.0014293043364232746,-0.5299641292218787
T0190,F08,2023,898,0.0013234975247529957,0.6243122148536906
T0191,F01,2020,763,0.0010508183867354393,0.7696721943980269
T0191,F02,2020,1025,-0.00030207420431081246,-0.20225821974898256
T0191,F03,2021,913,0.0002572806067744682,0.10263989950010423
T0191,F04,2021,922,-0.0010261993979212589,-0.5829737260161887
T0191,F05,2022,535,-0.008704380127564713,-4.153079831913282
T0191,F06,2022,778,-0.004553997549706129,-2.3015559645982764
T0191,F07,2023,935,-0.0025084380708908244,-1.6343058109433943
T0191,F08,2023,897,-0.0017163888218663696,-1.702775031545148
T0192,F01,2020,770,0.005937190845071377,2.3411712072522803
T0192,F02,2020,972,0.0019338784085659662,0.7165001335139046
T0192,F03,2021,814,0.004772181344190004,1.039912913892594
T0192,F04,2021,868,0.0013598449107028818,0.42803589784743484
T0192,F05,2022,458,-0.012682066712896189,-3.3466488445440694
T0192,F06,2022,684,-0.005808421232819845,-1.6084599185912267
T0192,F07,2023,828,-0.002345297753950933,-0.8321508799622881
T0192,F08,2023,816,0.001478864640349774,0.7128492084415504
T0193,F01,2020,943,-0.0014090448074067338,-0.9144462819371204
T0193,F02,2020,1001,0.00026050617726418996,0.17426489630724087
T0193,F03,2021,959,0.002450756035937517,0.9955973188425054
T0193,F04,2021,957,-0.0012878425750555305,-0.7075834734122727
T0193,F05,2022,779,-0.005885668541042885,-3.031996836492806
T0193,F06,2022,882,-0.004224424730287675,-2.814303883789971
T0193,F07,2023,902,-0.002489499778856206,-1.5122620383798395
T0193,F08,2023,1008,-0.0010902303226226057,-1.055795918948984
T0194,F01,2020,875,0.002207006573228466,0.8185800571366177
T0194,F02,2020,939,0.002373393933199698,0.8967023134447571
T0194,F03,2021,908,0.006369996231430256,1.5146003899996257
T0194,F04,2021,903,0.00018404128139591215,0.05813888654793174
T0194,F05,2022,703,-0.008672892600902864,-2.554288887985346
T0194,F06,2022,822,-0.0063916148987265015,-2.116916851731403
T0194,F07,2023,809,-0.002015292508748396,-0.6826519825453535
T0194,F08,2023,918,0.0005035181364510771,0.2693463107310982
T0195,F01,2020,936,-0.0004748986642865469,-0.3007936826585348
T0195,F02,2020,1032,-4.1297252189463595e-05,-0.02808364378893958
T0195,F03,2021,927,0.0028035443408110554,1.1013760359623916
T0195,F04,2021,938,-0.00022552456713893134,-0.12183200081958427
T0195,F05,2022,726,-0.006622518403184126,-3.6169718132116033
T0195,F06,2022,862,-0.002384098937526152,-1.2908978857442575
T0195,F07,2023,906,-0.0023418565662310774,-1.5250056105374448
T0195,F08,2023,978,-0.001525515034239598,-1.2627319990709307
T0196,F01,2020,901,0.0031295229783896835,1.106245201253458
T0196,F02,2020,970,0.004109686517415633,1.559168493274316
T0196,F03,2021,883,0.007293057823898501,1.7801708770966018
T0196,F04,2021,864,0.0016909778461406141,0.5412096117915477
T0196,F05,2022,660,-0.01035399437850584,-3.2164216111874704
T0196,F06,2022,785,-0.002725025468628672,-0.8441272226722876
T0196,F07,2023,849,-0.0014293043364232746,-0.5299641292218787
T0196,F08,2023,898,0.0013234975247529957,0.6243122148536906
T0197,F01,2020,763,0.0010508183867354393,0.7696721943980269
T0197,F02,2020,1025,-0.00030207420431081246,-0.20225821974898256
T0197,F03,2021,913,0.0002572806067744682,0.10263989950010423
T0197,F04,2021,922,-0.0010261993979212589,-0.5829737260161887
T0197,F05,2022,535,-0.008704380127564713,-4.153079831913282
T0197,F06,2022,778,-0.004553997549706129,-2.3015559645982764
T0197,F07,2023,935,-0.0025084380708908244,-1.6343058109433943
T0197,F08,2023,897,-0.0017163888218663696,-1.702775031545148
T0198,F01,2020,770,0.005937190845071377,2.3411712072522803
T0198,F02,2020,972,0.0019338784085659662,0.7165001335139046
T0198,F03,2021,814,0.004772181344190004,1.039912913892594
T0198,F04,2021,868,0.0013598449107028818,0.42803589784743484
T0198,F05,2022,458,-0.012682066712896189,-3.3466488445440694
T0198,F06,2022,684,-0.005808421232819845,-1.6084599185912267
T0198,F07,2023,828,-0.002345297753950933,-0.8321508799622881
T0198,F08,2023,816,0.001478864640349774,0.7128492084415504
T0199,F01,2020,939,-0.0015559826770782307,-1.0746964336788896
T0199,F02,2020,1009,-0.0012276878465917866,-0.7367147855059738
T0199,F03,2021,951,0.003913945264084677,1.5434071286896238
T0199,F04,2021,976,-0.0020410232521793064,-1.1006320421531028
T0199,F05,2022,801,-0.006748017606014258,-3.5226340572108783
T0199,F06,2022,928,-0.004826324073562238,-3.3221881561872832
T0199,F07,2023,922,-0.003230014322799979,-2.0721483458939187
T0199,F08,2023,1010,-0.0005971579992206465,-0.5748596716332368
T0200,F01,2020,839,0.0011859657734314512,0.42954327521572994
T0200,F02,2020,955,0.0021163266991383145,0.7408091239340362
T0200,F03,2021,880,0.007987810842652071,1.7379937215041368
T0200,F04,2021,905,0.0006557219266115315,0.2069008278292996
T0200,F05,2022,740,-0.00924476943747575,-2.6487532223038497
T0200,F06,2022,863,-0.006340399554657808,-2.205287073360041
T0200,F07,2023,846,-0.0013454994650978927,-0.4921187940437286
T0200,F08,2023,950,3.160117085269426e-05,0.018200067539905638
T0201,F01,2020,945,-0.0010159787879238606,-0.7092170689536875
T0201,F02,2020,980,-0.0008022985623992856,-0.42985584250134384
T0201,F03,2021,887,0.0026937223270758633,1.188023988791534
T0201,F04,2021,956,-0.0035173866318965433,-1.8513905511799733
T0201,F05,2022,799,-0.00632169793442307,-3.1717774683370155
T0201,F06,2022,903,-0.006869411355130298,-4.2670362355752385
T0201,F07,2023,865,-0.002986943783750969,-1.7207173647816483
T0201,F08,2023,978,-0.0023530601826323933,-2.0269898006030402
T0202,F01,2020,853,2.202388469979249e-05,0.0068963091695232025
T0202,F02,2020,910,0.0034890663347202206,1.1065493208178705
T0202,F03,2021,834,0.007404239262545086,1.7775391167474388
T0202,F04,2021,875,-0.0012172369220855162,-0.3706604779284376
T0202,F05,2022,712,-0.009907157344739846,-2.9352396511825685
T0202,F06,2022,815,-0.008969005408562878,-3.0180696505926146
T0202,F07,2023,771,-0.003552130233636078,-1.2169937314087829
T0202,F08,2023,898,-0.0013823515499190168,-0.7505667585436656
T0203,F01,2020,853,-0.0019790671733144966,-1.1812083921842842
T0203,F02,2020,909,0.0005352535220411199,0.26637865917073783
T0203,F03,2021,839,0.0062846377507904515,2.147636964134556
T0203,F04,2021,859,-0.0029221632526376913,-1.4574083516101455
T0203,F05,2022,715,-0.009177694810687987,-3.7115588075343133
T0203,F06,2022,810,-0.004479823593694408,-2.6094722273025663
T0203,F07,2023,828,-0.001124418424450636,-0.6567703983978884
T0203,F08,2023,933,-0.0017740165169098693,-1.432858213653397
T0204,F01,2020,773,-0.0016285625252541295,-0.6105302008498474
T0204,F02,2020,842,-0.0005873228531979404,-0.1893014998501639
T0204,F03,2021,753,0.010768585885916749,1.5543462296787125
T0204,F04,2021,791,9.706968857037131e-05,0.027735176274835918
T0204,F05,2022,648,-0.015946383335191175,-4.053119905092504
T0204,F06,2022,742,-0.008207230060657805,-2.879958338808805
T0204,F07,2023,767,-0.0001866956458777103,-0.05875408905129333
T0204,F08,2023,866,-0.0007310465821881374,-0.35366711380373134
T0205,F01,2020,566,-0.0016941917069801492,-0.7892949733505352
T0205,F02,2020,575,0.004019485558477072,1.88013569966697
T0205,F03,2021,585,0.008028277205964711,2.2301931396541703
T0205,F04,2021,563,1.601651432387211e-05,0.005158469340426068
T0205,F05,2022,385,-0.011314922386521866,-4.457354103467123
T0205,F06,2022,444,-0.00904386555925931,-3.9068301102107936
T0205,F07,2023,446,-0.004262528670192157,-1.8240702775384208
T0205,F08,2023,537,-0.002630931799385059,-1.186260698727213
T0206,F01,2020,517,0.0028087480005332885,0.7650466739780976
T0206,F02,2020,550,0.006831185322754034,1.6595629462993693
T0206,F03,2021,545,0.021559276767899448,2.4401797731111428
T0206,F04,2021,532,-0.002527240877672704,-0.5951383311222737
T0206,F05,2022,362,-0.011339278218853477,-2.764656536071958
T0206,F06,2022,420,-0.013926059167755488,-3.384896456179861
T0206,F07,2023,409,-0.003555486966717382,-0.8850065873100077
T0206,F08,2023,507,-0.0006426596611826559,-0.2109869275900567
T0207,F01,2020,428,0.0003660093868125691,0.14606205517406193
T0207,F02,2020,468,0.005830539023306379,2.27399927038952
T0207,F03,2021,472,0.008023601816351157,1.9256650029540814
T0207,F04,2021,441,0.002258645695387104,0.6567458431487797
T0207,F05,2022,261,-0.006147582261235344,-1.8608252777615215
T0207,F06,2022,303,-0.008105207081552528,-3.0042787448902066
T0207,F07,2023,332,-0.003416860879998223,-1.4567177939161093
T0207,F08,2023,391,-0.000456241848331568,-0.14105002612906872
T0208,F01,2020,384,0.004200032526983419,0.927251329262222
T0208,F02,2020,433,0.007762613711478958,1.5875407518903877
T0208,F03,2021,449,0.01966896341336585,1.8550090777219856
T0208,F04,2021,418,-0.0025320300789119813,-0.5169660291954674
T0208,F05,2022,247,-0.011116626498131284,-2.114574126417627
T0208,F06,2022,280,-0.01274305276467377,-2.370596326564338
T0208,F07,2023,312,-0.0020344148174224804,-0.46913067924882906
T0208,F08,2023,361,0.0047194647491746134,1.0418193028238432
T0209,F01,2020,404,3.093500167311951e-05,0.012546067271943847
T0209,F02,2020,448,0.006847325557014223,2.562812951311236
T0209,F03,2021,452,0.008522869412740167,2.062859827987012
T0209,F04,2021,423,0.0007444083813381155,0.20449369280610455
T0209,F05,2022,239,-0.0060951950537150796,-1.7533184551949705
T0209,F06,2022,281,-0.006683373980264656,-2.2653858748509994
T0209,F07,2023,316,-0.003664753179172195,-1.60582619268396
T0209,F08,2023,373,-0.0007531848785927142,-0.2221469081132466
T0210,F01,2020,362,0.0038813541207272702,0.8129310642023037
T0210,F02,2020,418,0.010260060402888146,2.086088485183792
T0210,F03,2021,427,0.021414937181572804,1.9474775805390299
T0210,F04,2021,395,-0.0027150575332500963,-0.5451134347203707
T0210,F05,2022,222,-0.011357326011084516,-2.042613267112442
T0210,F06,2022,265,-0.010699455109222582,-1.8830543490001475
T0210,F07,2023,299,-0.0022849312993000167,-0.5445025103333142
T0210,F08,2023,346,0.00456020300683308,0.9662782289423528
T0211,F01,2020,924,-0.0016757938468475518,-1.1754229488227668
T0211,F02,2020,991,-0.0012109411115026388,-0.7371132508353113
T0211,F03,2021,906,0.0027312573687152445,1.151602256064245
T0211,F04,2021,929,-0.0016058962003571429,-0.844465885397886
T0211,F05,2022,811,-0.008435997179890204,-3.995948627712479
T0211,F06,2022,924,-0.006008295451321457,-4.108850451625974
T0211,F07,2023,911,-0.0031410226902829773,-1.8898547139686979
T0211,F08,2023,996,-0.003196561737446569,-3.0950844412753886
T0212,F01,2020,832,0.000731795063399624,0.2685000984042902
T0212,F02,2020,844,-0.0003837219291315672,-0.11505820489377586
T0212,F03,2021,765,0.007403950514718959,1.5907374208903764
T0212,F04,2021,743,-0.003054030758912882,-0.7956587473715172
T0212,F05,2022,657,-0.014910054558131321,-4.007904302227797
T0212,F06,2022,794,-0.00756738341940241,-2.7653198693905066
T0212,F07,2023,784,-0.0026079918013664654,-0.8575390643804377
T0212,F08,2023,905,-0.0008469134172737809,-0.4242175795907023
T0213,F01,2020,961,-0.00044143777715472657,-0.2912985075489786
T0213,F02,2020,1018,-0.00048003110742530044,-0.2915591419741449
T0213,F03,2021,929,0.0029900518508354018,1.1952059645316533
T0213,F04,2021,947,-0.0005786325215809982,-0.2964666227814429
T0213,F05,2022,859,-0.008749288008504268,-4.28966243301774
T0213,F06,2022,917,-0.005424995378969501,-3.10179319863696
T0213,F07,2023,914,-0.0020927954305059496,-1.2163738414356675
T0213,F08,2023,980,-0.0017515686918048422,-1.5891699715029532
T0214,F01,2020,840,0.0013930617670728535,0.44157230648577267
T0214,F02,2020,892,6.255056290240496e-05,0.020618462165738167
T0214,F03,2021,819,0.008460693209248523,1.3715679505928924
T0214,F04,2021,859,0.00011787132887146565,0.03781387452349305
T0214,F05,2022,774,-0.011030641885731933,-3.021262585339836
T0214,F06,2022,827,-0.009329916060364742,-3.2156299304659206
T0214,F07,2023,793,-0.003684527539261696,-1.2855983590464268
T0214,F08,2023,912,-0.00031603001005805944,-0.17841467046720555
T0215,F01,2020,951,0.00012260789922284568,0.0798171917013353
T0215,F02,2020,997,-0.00022736624052495377,-0.1433542112724408
T0215,F03,2021,945,0.003213247857819256,1.4683892490232675
T0215,F04,2021,947,-0.0008473475631598081,-0.45637298199747606
T0215,F05,2022,811,-0.006764808267739116,-3.646779999606082
T0215,F06,2022,913,-0.0038681750392760366,-2.708216265225994
T0215,F07,2023,888,-0.002326548922055905,-1.5287575359701169
T0215,F08,2023,1006,-0.0010232646375629762,-0.9990437164566517
T0216,F01,2020,870,0.0019772898415541503,0.6715493109893798
T0216,F02,2020,921,0.0025643650179333058,0.8434733131607103
T0216,F03,2021,872,0.008414704409315854,1.4319003400888433
T0216,F04,2021,872,0.0001820847551557811,0.058426806212884
T0216,F05,2022,708,-0.008069298142105757,-2.489891641157306
T0216,F06,2022,818,-0.005138796398174158,-1.8210599769479057
T0216,F07,2023,817,-0.0011952901786510255,-0.4092555380659692
T0216,F08,2023,923,-0.0011462529545217261,-0.5991937032850569
T0217,F01,2020,341,-0.0016562481825615589,-0.5060117677213916
T0217,F02,2020,436,-0.0023691885740361467,-0.8151245468071382
T0217,F03,2021,301,0.000629084828019292,0.16085564525319945
T0217,F04,2021,359,0.0005983161762147612,0.21255643472697536
T0217,F05,2022,435,-0.008088996739976342,-2.09463418011288
T0217,F06,2022,456,-0.006029217549313148,-2.7389614803275886
T0217,F07,2023,430,-0.004721335153184585,-2.2817754273853468
T0217,F08,2023,508,-0.001471827471702174,-1.0727098299934195
T0218,F01,2020,301,0.0021676551466764454,0.3466285144309254
T0218,F02,2020,374,-0.00021350025588980906,-0.04160988034093791
T0218,F03,2021,270,0.013300888785633319,2.2327783789895097
T0218,F04,2021,311,0.002952888005033749,0.6619318227333129
T0218,F05,2022,386,-0.014918502302838397,-2.2659397191783297
T0218,F06,2022,394,-0.006737361140223191,-1.6910791587608638
T0218,F07,2023,380,-0.006697529989161316,-1.9681771891200166
T0218,F08,2023,455,0.000456632481295778,0.18963955420466846
T0219,F01,2020,127,0.00033079907835802824,0.04357752693730707
T0219,F02,2020,178,-0.0007075861832340007,-0.1416821281809507
T0219,F03,2021,99,0.007248499417410839,0.8628421412809424
T0219,F04,2021,135,0.009450664772442519,2.2155775950094436
T0219,F05,2022,238,-0.008526471398002331,-1.3191807530825526
T0219,F06,2022,253,-0.004050638180114284,-1.1158337660131816
T0219,F07,2023,235,-0.0029906515573559457,-1.0685595070609366
T0219,F08,2023,229,-0.0014739092389335323,-0.5872848283490889
T0220,F01,2020,106,-0.004025824271172006,-0.29073913190720296
T0220,F02,2020,156,0.0014648074782377916,0.17794665764639583
T0220,F03,2021,85,0.03229185263381618,2.155467747576614
T0220,F04,2021,123,0.019904136014192893,3.0834242409521115
T0220,F05,2022,210,-0.011824940698421108,-1.1212876359169999
T0220,F06,2022,209,-0.00038331019141419503,-0.07138662835994732
T0220,F07,2023,195,-0.00312844700145736,-0.6279389865158042
T0220,F08,2023,192,-0.0015196956745250716,-0.43734246642102054
T0221,F01,2020,77,-0.0022038107813314714,-0.20984085087589813
T0221,F02,2020,85,0.005647248096973624,0.5170951654732254
T0221,F03,2021,44,0.01658122778156758,0.8229266188508761
T0221,F04,2021,57,0.005977429609258953,0.8586045819796971
T0221,F05,2022,145,-0.00845282898671125,-0.8736790234545424
T0221,F06,2022,140,-0.0035485078293996317,-0.7382958151090212
T0221,F07,2023,120,-0.0017602652215689685,-0.35794354646920845
T0221,F08,2023,111,-0.0045308918702988985,-1.6005292285057033
T0222,F01,2020,60,-0.0018384836439865114,-0.0982394931709811
T0222,F02,2020,71,0.01626462937696643,1.152921988060547
T0222,F03,2021,35,0.044237415579108916,1.5470766678972456
T0222,F04,2021,53,0.011227719282090995,1.132416100797492
T0222,F05,2022,132,-0.016136878172668505,-0.9178002794567862
T0222,F06,2022,116,-0.0004879320032237348,-0.0696601845475967
T0222,F07,2023,98,0.0007888002850673602,0.11442274143181264
T0222,F08,2023,92,-0.0006960345677606996,-0.09947480874097644
T0223,F01,2020,439,-0.0022759502757774045,-0.871626119528045
T0223,F02,2020,674,-0.0026735497661876245,-1.1896119009835648
T0223,F03,2021,784,0.003131859141764007,1.1496859353767008
T0223,F04,2021,366,-0.0005254919642788935,-0.11226674237615203
T0223,F05,2022,373,-0.010996900232357713,-3.111488051662246
T0223,F06,2022,300,-0.006365213864661043,-1.6515747878317912
T0223,F07,2023,383,-0.0012463319701912126,-0.3313444841331317
T0223,F08,2023,514,-0.006288525149849572,-2.699612778305387
T0224,F01,2020,375,0.0003996076315875629,0.0762784156682058
T0224,F02,2020,558,-0.0021748332502255804,-0.5458024784200992
T0224,F03,2021,660,0.013432113481169902,2.302647994384689
T0224,F04,2021,293,-0.005097541402613958,-0.6462783784181703
T0224,F05,2022,310,-0.01709326022106499,-2.8829491540870835
T0224,F06,2022,242,-0.009564161326815568,-1.5395863110940424
T0224,F07,2023,299,-0.0017614189949410766,-0.26089677983004983
T0224,F08,2023,432,-0.005356688460366747,-1.3508812360446267
T0225,F01,2020,928,-0.0027365573325510476,-1.6100297846656908
T0225,F02,2020,956,-0.0007981465620163533,-0.535617358883554
T0225,F03,2021,860,0.0021858664059500386,0.8926374458142857
T0225,F04,2021,888,-0.0038043965013574723,-2.003737910730366
T0225,F05,2022,801,-0.006772205536846351,-3.3106420327034556
T0225,F06,2022,878,-0.005260601961688111,-3.421675788398867
T0225,F07,2023,872,-0.002039065843876798,-1.3679200308650448
T0225,F08,2023,966,-0.0020330221216557443,-1.7975885567846768
T0226,F01,2020,856,0.0012777238558494468,0.4462442635025259
T0226,F02,2020,881,0.0010562184498625722,0.34898471306040946
T0226,F03,2021,810,0.0069821291446152635,1.4968388566117685
T0226,F04,2021,830,-0.0015318785976928093,-0.5456608399243592
T0226,F05,2022,747,-0.008821602391782053,-2.306935775468073
T0226,F06,2022,808,-0.00812786040940283,-3.0516882686902393
T0226,F07,2023,806,0.0009940065186175929,0.33549976678626797
T0226,F08,2023,911,-0.0006655855653743307,-0.35628434737575454
T0227,F01,2020,521,-0.0010642155724211895,-0.5256416817441549
T0227,F02,2020,642,0.0009785380770780164,0.3790822321364169
T0227,F03,2021,543,0.0023397466016653688,0.5649586226202654
T0227,F04,2021,514,-0.002669133234346489,-0.8295699366392477
T0227,F05,2022,445,-0.01154612367409411,-3.8961652122127117
T0227,F06,2022,450,-0.006303624430119712,-2.269197239055379
T0227,F07,2023,505,-0.002109873545843454,-0.9369175442409232
T0227,F08,2023,559,-0.0007913948642818575,-0.38601586935009574
T0228,F01,2020,445,-0.0010944442826491471,-0.2751708267135651
T0228,F02,2020,528,0.002369835990901712,0.5153363880490227
T0228,F03,2021,458,0.016548898596613765,1.5059108678527588
T0228,F04,2021,434,-0.0022207104841293138,-0.4050281244479402
T0228,F05,2022,355,-0.01583023440152596,-3.3695601255267777
T0228,F06,2022,375,-0.007781146853719361,-1.8627621182759777
T0228,F07,2023,420,0.0018889115983142665,0.3842397336864799
T0228,F08,2023,471,0.002919737263668561,0.8345426997565363
T0229,F01,2020,630,-0.0011764028231709752,-0.6005592337263228
T0229,F02,2020,614,0.0007168887911284211,0.3221415436542273
T0229,F03,2021,595,0.0073397655275027895,1.9659142602957334
T0229,F04,2021,598,-0.001042247644000066,-0.3701698872887807
T0229,F05,2022,480,-0.011699274436527093,-3.8243758337262834
T0229,F06,2022,553,-0.005664791824000261,-2.60591273035089
T0229,F07,2023,549,-0.005458941915971032,-2.8564054544200066
T0229,F08,2023,632,-0.0021932379336970396,-1.269190454574131
T0230,F01,2020,584,0.0008300766600554563,0.26153926955109313
T0230,F02,2020,560,-0.0012474375003851373,-0.34265296135243273
T0230,F03,2021,551,0.018931640476687276,2.018313560968472
T0230,F04,2021,558,-0.004479602293709837,-1.1011368017911454
T0230,F05,2022,442,-0.011622072087991021,-2.6143026535258103
T0230,F06,2022,512,-0.007720130049226943,-2.1197748055144987
T0230,F07,2023,511,-0.006521126282998318,-1.978353120511281
T0230,F08,2023,583,-0.002877682566660714,-0.9981897310036882
T0231,F01,2020,933,-0.001891331098868944,-0.9840226170822626
T0231,F02,2020,999,-0.001408976673249866,-0.8828109718450103
T0231,F03,2021,914,-0.0018261489422379724,-0.7128438176738926
T0231,F04,2021,936,-0.0016841989696204443,-0.9366037005079921
T0231,F05,2022,911,-0.006690870730105535,-3.259752013228008
T0231,F06,2022,982,-0.003882343887134862,-2.5861206186268038
T0231,F07,2023,925,-0.0028199519042655277,-1.8147597965641522
T0231,F08,2023,1012,-0.0022893878744276023,-2.5124554878290546
T0232,F01,2020,840,-0.000385841128238187,-0.109046598419932
T0232,F02,2020,886,-0.0008024115085421137,-0.30615408781042225
T0232,F03,2021,819,0.0037755076550918497,0.7548371185781019
T0232,F04,2021,839,-0.0010503883726980655,-0.3008014891453632
T0232,F05,2022,823,-0.011287191306025885,-2.6747861045192236
T0232,F06,2022,908,-0.005906086071415389,-2.0972427771287983
T0232,F07,2023,848,-0.002717960658222268,-0.9215888627322621
T0232,F08,2023,936,0.0002649565901848148,0.15620634364217487
T0233,F01,2020,1075,-0.0015323418451015924,-0.8331384427716968
T0233,F02,2020,1094,-0.0013464608920000442,-0.900852972171827
T0233,F03,2021,1067,0.001590961605941853,0.6515494832709875
T0233,F04,2021,1087,-0.0017037725877471423,-1.0551983237391451
T0233,F05,2022,1061,-0.007012217469631737,-3.4780436190651045
T0233,F06,2022,1091,-0.004327899066646309,-3.1518427433477725
T0233,F07,2023,1067,-0.0025379051756568736,-1.8714869969999963
T0233,F08,2023,1090,-0.0018511499921435408,-1.8777140278499898
T0234,F01,2020,1046,0.00035879549521117813,0.11500076806536857
T0234,F02,2020,1076,0.0007542746577509252,0.2832240825983589
T0234,F03,2021,1043,0.005529437688588554,1.3346690223370943
T0234,F04,2021,1057,-0.0005692358093674041,-0.19254317185168415
T0234,F05,2022,1025,-0.008889427314030132,-2.4431514005315247
T0234,F06,2022,1052,-0.00549446475274926,-2.1961695645491
T0234,F07,2023,1037,-0.001598363858469752,-0.6287674069209306
T0234,F08,2023,1056,-0.0015354056533010106,-0.9295864344582714
T0235,F01,2020,1029,-0.0007232228072466925,-0.4857380256923449
T0235,F02,2020,1064,-0.0007755233864347238,-0.48699325481972633
T0235,F03,2021,1062,0.0009771386457992476,0.4134916067268277
T0235,F04,2021,1078,-0.0009308337724698633,-0.5550860838720137
T0235,F05,2022,1031,-0.006278400158918238,-3.1392670064159107
T0235,F06,2022,1042,-0.004533359506170235,-3.558841570379312
T0235,F07,2023,1018,-0.002679084421860615,-1.8757014268264773
T0235,F08,2023,1062,-0.0015413134550202687,-1.4453179028739995
T0236,F01,2020,968,0.0014631167885598064,0.5243056770717496
T0236,F02,2020,1004,0.0021355225366424158,0.8061184793782636
T0236,F03,2021,1007,0.0037638082800310895,0.8918026117170109
T0236,F04,2021,1008,-0.00011289269335778985,-0.03826859416446582
T0236,F05,2022,988,-0.008066058692327,-2.2883208303708718
T0236,F06,2022,991,-0.0074409944850966775,-3.0538256603734184
T0236,F07,2023,953,-0.002329639993232562,-0.8735819229629154
T0236,F08,2023,1000,0.00021416367218543098,0.11698549805443083
T0237,F01,2020,272,0.0015848144293049509,0.7625719565118542
T0237,F02,2020,255,0.0007400402016822707,0.2816517655171677
T0237,F03,2021,166,0.00021780592224975744,0.07074665966025324
T0237,F04,2021,287,0.0001848770563750137,0.07595588408505417
T0237,F05,2022,87,-0.005475922594358434,-1.1515975567430332
T0237,F06,2022,159,-0.004224791205107009,-1.272623603114396
T0237,F07,2023,407,-0.0005999543614796325,-0.26086221400548987
T0237,F08,2023,375,0.0023063366151546056,1.1818463723103698
T0238,F01,2020,178,0.00537282050778163,1.4157634600682512
T0238,F02,2020,206,0.006114863033371611,1.3917261262286604
T0238,F03,2021,158,0.005706051384144828,1.0000324131143408
T0238,F04,2021,190,0.000180846495516789,0.04579136298267838
T0238,F05,2022,53,-0.011789989588861335,-1.326313437926648
T0238,F06,2022,99,-0.010609087166354517,-1.5116433415693962
T0238,F07,2023,265,-0.0005916194056742028,-0.155368227287163
T0238,F08,2023,232,0.0032415272806570693,0.9061374247478114
T0239,F01,2020,152,-0.0004483494194141183,-0.1936202431223667
T0239,F02,2020,118,-0.0024872464036330057,-0.9416996520964871
T0239,F03,2021,161,0.004019702602627139,1.1643572838595322
T0239,F04,2021,110,0.00025589147923116854,0.08290136763688859
T0239,F05,2022,74,-0.0078014480516330155,-2.4120111195639358
T0239,F06,2022,90,-0.0032323191912894647,-1.2921881071147434
T0239,F07,2023,103,-0.002457485496343616,-0.9193857116026297
T0239,F08,2023,95,-0.001970188649865253,-0.996113768634181
T0240,F01,2020,107,-0.0032860379105839536,-0.8446484789898466
T0240,F02,2020,80,-0.0017952259379236286,-0.36066987394514
T0240,F03,2021,107,0.009063806901829693,1.4464968085867251
T0240,F04,2021,76,-0.00261531413559463,-0.5439702967962927
T0240,F05,2022,52,-0.014756373477972597,-1.956621733286203
T0240,F06,2022,63,-0.0037650390392818135,-0.8718168758913322
T0240,F07,2023,72,0.003766629602928395,0.7685676373903687
T0240,F08,2023,77,0.00227624293790836,0.6449896679877444
T0241,F01,2020,7718,-0.0017966158372935584,-11.098853901088928
T0241,F02,2020,14676,-0.0017213237738854558,-12.463216282884375
T0241,F03,2021,14617,-0.0015549782783915026,-7.420038289981876
T0241,F04,2021,14954,-0.001779499726741516,-11.519399362809956
T0241,F05,2022,13648,-0.002299109451882133,-13.107642280528628
T0241,F06,2022,14788,-0.0020882826687093296,-16.526549965832697
T0241,F07,2023,14856,-0.0019381964764326122,-15.577573531436556
T0241,F08,2023,15908,-0.0018727798809018816,-18.882056658031434
T0242,F01,2020,4475,-0.0013297205855039495,-2.5266617542210246
T0242,F02,2020,10421,-0.001761068770783895,-3.8396988969177497
T0242,F03,2021,10797,-0.0010882308215688719,-1.523873821031754
T0242,F04,2021,10848,-0.0015855344157378064,-3.243194374058459
T0242,F05,2022,9812,-0.0029796572290818673,-5.134370745563961
T0242,F06,2022,10799,-0.002279099887497548,-5.396442037247373
T0242,F07,2023,11006,-0.0017987615526378312,-4.4900019805307645
T0242,F08,2023,12224,-0.0014649197605672993,-4.760537978434552
T0243,F01,2020,2256,-0.0015684498587011106,-1.081005758601321
T0243,F02,2020,6025,-0.0007370832462046864,-0.7051703369988644
T0243,F03,2021,6282,0.0011657407078445386,0.6893477070414501
T0243,F04,2021,6197,-0.0008702726733921303,-0.71346676895795
T0243,F05,2022,5579,-0.005477718872471487,-3.8173717882638316
T0243,F06,2022,6335,-0.0034682401783054594,-3.3887262145080914
T0243,F07,2023,6735,-0.0005910338782198624,-0.5951380254162838
T0243,F08,2023,7408,-0.00031448536150570366,-0.4501241237403771
T0244,F01,2020,1458,-0.0012926300644802758,-0.4361014158720593
T0244,F02,2020,3872,0.0011131137314489723,0.5483677020574382
T0244,F03,2021,4335,0.0048329933446242136,1.62020364030083
T0244,F04,2021,4154,0.002045715004267378,0.9891599592766513
T0244,F05,2022,3762,-0.009260655353528605,-3.666386560042705
T0244,F06,2022,4292,-0.004197510915205352,-2.386670418395937
T0244,F07,2023,4450,-0.000690161915889014,-0.39559262631780906
T0244,F08,2023,4877,0.0009227434736116774,0.7756859778201506
T0245,F01,2020,7753,-0.0019369511213617092,-11.920518671620645
T0245,F02,2020,14609,-0.0017613350444004236,-12.799417219889994
T0245,F03,2021,14737,-0.0013058984904102489,-6.140731443483433
T0245,F04,2021,14844,-0.001718345854805991,-11.086392441268902
T0245,F05,2022,13420,-0.002463179552541706,-13.877556221169257
T0245,F06,2022,14749,-0.0020993189956212688,-15.792414723444416
T0245,F07,2023,14705,-0.0018687689929418924,-14.67734167247815
T0245,F08,2023,15876,-0.001853866688677825,-19.27917804102648
T0246,F01,2020,4543,-0.0019635848537216723,-3.7498209148454795
T0246,F02,2020,10574,-0.0015389254237227572,-3.414058532400656
T0246,F03,2021,11351,-0.00019642661448235343,-0.2924108285581015
T0246,F04,2021,11087,-0.0012861438495627628,-2.696874878847125
T0246,F05,2022,10136,-0.0029883235868014353,-5.16840528203106
T0246,F06,2022,11111,-0.0023336424520588412,-5.537778039276967
T0246,F07,2023,11170,-0.0016232131597351202,-3.924426456889713
T0246,F08,2023,12196,-0.001640431193354652,-5.232764048931491
T0247,F01,2020,2328,-0.0011424610952438035,-0.7421592812252691
T0247,F02,2020,5934,-0.00033866789965245986,-0.3195382932092094
T0247,F03,2021,6644,0.001426138520648748,0.8645060832328675
T0247,F04,2021,6292,-0.0007013828271686424,-0.5805669081565492
T0247,F05,2022,5752,-0.006471518026986853,-4.475625085603455
T0247,F06,2022,6417,-0.0037202014812546566,-3.9065675729976395
T0247,F07,2023,6702,-0.0003676102982482333,-0.3634997830170041
T0247,F08,2023,7199,-0.0007720145303276074,-1.109471654500865
T0248,F01,2020,1397,-0.0006616247443240759,-0.2320360224376653
T0248,F02,2020,3876,0.0006212358211754091,0.3067088295931146
T0248,F03,2021,4317,0.004697927689847201,1.5599945562672992
T0248,F04,2021,4022,0.0011517502807216553,0.550692854670088
T0248,F05,2022,3783,-0.009535871703597118,-3.896479540618809
T0248,F06,2022,4193,-0.004966186802343456,-2.8557851116416435
T0248,F07,2023,4349,0.00032526016399644545,0.18027829590113892
T0248,F08,2023,4775,0.0008860204964731073,0.7380708478481853
T0249,F01,2020,8104,-0.001888433564362563,-11.66750861846676
T0249,F02,2020,14744,-0.0017431784289288178,-12.16872955041992
T0249,F03,2021,14674,-0.0015258129433574105,-7.324515205188401
T0249,F04,2021,14858,-0.0017268385407477362,-10.812578036416399
T0249,F05,2022,12303,-0.0023047822091596206,-13.081152111138076
T0249,F06,2022,14241,-0.00209291996536165,-16.59019505015498
T0249,F07,2023,14315,-0.0019516608838576212,-15.142597230206311
T0249,F08,2023,15940,-0.0018000432657144661,-18.51261368302776
T0250,F01,2020,4995,-0.0016819324325507172,-3.001266500346668
T0250,F02,2020,10435,-0.0011897540869157388,-2.5017945810051265
T0250,F03,2021,11567,-0.000734928601139179,-1.0985210884373304
T0250,F04,2021,11525,-0.0011367852775634568,-2.3241659290186556
T0250,F05,2022,8926,-0.0029699904840476007,-5.0600957273809835
T0250,F06,2022,10617,-0.0022190426038781706,-5.533055929674002
T0250,F07,2023,10783,-0.0016752865863560416,-3.7748513115837206
T0250,F08,2023,11864,-0.0014218702977770302,-4.412229233146706
T0251,F01,2020,2214,-0.0017397688982169824,-1.2420997793963764
T0251,F02,2020,5848,0.0005698564051847773,0.5129378076386794
T0251,F03,2021,6734,0.0011726431049036026,0.6955456867763894
T0251,F04,2021,6643,-0.0001523937418299858,-0.1274102576472373
T0251,F05,2022,5227,-0.004599186918560817,-3.260060241681152
T0251,F06,2022,6136,-0.0029214056019914096,-3.1839895940305136
T0251,F07,2023,6284,-0.0007533755687043137,-0.7234788987143059
T0251,F08,2023,6851,-2.3113653106127828e-05,-0.030980465137397998
T0252,F01,2020,1325,-0.00027056343202966495,-0.10714466111592605
T0252,F02,2020,3534,0.0019619631546482553,0.9670766930904949
T0252,F03,2021,4201,0.005422859295997811,1.7543821991582977
T0252,F04,2021,4187,0.0005594068022072939,0.25843139148870936
T0252,F05,2022,3288,-0.006013251052935374,-2.3859027341225225
T0252,F06,2022,3933,-0.0043106127129070755,-2.5180559752854053
T0252,F07,2023,3814,-0.0009304472024470929,-0.5291832788348105
T0252,F08,2023,4351,0.0018900410790035648,1.484512481575922
T0253,F01,2020,7718,-0.0017966158372935584,-11.098853901088928
T0253,F02,2020,14676,-0.0017213237738854558,-12.463216282884375
T0253,F03,2021,14617,-0.0015549782783915026,-7.420038289981876
T0253,F04,2021,14954,-0.001779499726741516,-11.519399362809956
T0253,F05,2022,13648,-0.002299109451882133,-13.107642280528628
T0253,F06,2022,14788,-0.0020882826687093296,-16.526549965832697
T0253,F07,2023,14856,-0.0019381964764326122,-15.577573531436556
T0253,F08,2023,15908,-0.0018727798809018816,-18.882056658031434
T0254,F01,2020,4475,-0.0013297205855039495,-2.5266617542210246
T0254,F02,2020,10421,-0.001761068770783895,-3.8396988969177497
T0254,F03,2021,10797,-0.0010882308215688719,-1.523873821031754
T0254,F04,2021,10848,-0.0015855344157378064,-3.243194374058459
T0254,F05,2022,9812,-0.0029796572290818673,-5.134370745563961
T0254,F06,2022,10799,-0.002279099887497548,-5.396442037247373
T0254,F07,2023,11006,-0.0017987615526378312,-4.4900019805307645
T0254,F08,2023,12224,-0.0014649197605672993,-4.760537978434552
T0255,F01,2020,2256,-0.0015684498587011106,-1.081005758601321
T0255,F02,2020,6025,-0.0007370832462046864,-0.7051703369988644
T0255,F03,2021,6282,0.0011657407078445386,0.6893477070414501
T0255,F04,2021,6197,-0.0008702726733921303,-0.71346676895795
T0255,F05,2022,5579,-0.005477718872471487,-3.8173717882638316
T0255,F06,2022,6335,-0.0034682401783054594,-3.3887262145080914
T0255,F07,2023,6735,-0.0005910338782198624,-0.5951380254162838
T0255,F08,2023,7408,-0.00031448536150570366,-0.4501241237403771
T0256,F01,2020,1458,-0.0012926300644802758,-0.4361014158720593
T0256,F02,2020,3872,0.0011131137314489723,0.5483677020574382
T0256,F03,2021,4335,0.0048329933446242136,1.62020364030083
T0256,F04,2021,4154,0.002045715004267378,0.9891599592766513
T0256,F05,2022,3762,-0.009260655353528605,-3.666386560042705
T0256,F06,2022,4292,-0.004197510915205352,-2.386670418395937
T0256,F07,2023,4450,-0.000690161915889014,-0.39559262631780906
T0256,F08,2023,4877,0.0009227434736116774,0.7756859778201506
T0257,F01,2020,7753,-0.0019369511213617092,-11.920518671620645
T0257,F02,2020,14609,-0.0017613350444004236,-12.799417219889994
T0257,F03,2021,14737,-0.0013058984904102489,-6.140731443483433
T0257,F04,2021,14844,-0.001718345854805991,-11.086392441268902
T0257,F05,2022,13420,-0.002463179552541706,-13.877556221169257
T0257,F06,2022,14749,-0.0020993189956212688,-15.792414723444416
T0257,F07,2023,14705,-0.0018687689929418924,-14.67734167247815
T0257,F08,2023,15876,-0.001853866688677825,-19.27917804102648
T0258,F01,2020,4543,-0.0019635848537216723,-3.7498209148454795
T0258,F02,2020,10574,-0.0015389254237227572,-3.414058532400656
T0258,F03,2021,11351,-0.00019642661448235343,-0.2924108285581015
T0258,F04,2021,11087,-0.0012861438495627628,-2.696874878847125
T0258,F05,2022,10136,-0.0029883235868014353,-5.16840528203106
T0258,F06,2022,11111,-0.0023336424520588412,-5.537778039276967
T0258,F07,2023,11170,-0.0016232131597351202,-3.924426456889713
T0258,F08,2023,12196,-0.001640431193354652,-5.232764048931491
T0259,F01,2020,2328,-0.0011424610952438035,-0.7421592812252691
T0259,F02,2020,5934,-0.00033866789965245986,-0.3195382932092094
T0259,F03,2021,6644,0.001426138520648748,0.8645060832328675
T0259,F04,2021,6292,-0.0007013828271686424,-0.5805669081565492
T0259,F05,2022,5752,-0.006471518026986853,-4.475625085603455
T0259,F06,2022,6417,-0.0037202014812546566,-3.9065675729976395
T0259,F07,2023,6702,-0.0003676102982482333,-0.3634997830170041
T0259,F08,2023,7199,-0.0007720145303276074,-1.109471654500865
T0260,F01,2020,1397,-0.0006616247443240759,-0.2320360224376653
T0260,F02,2020,3876,0.0006212358211754091,0.3067088295931146
T0260,F03,2021,4317,0.004697927689847201,1.5599945562672992
T0260,F04,2021,4022,0.0011517502807216553,0.550692854670088
T0260,F05,2022,3783,-0.009535871703597118,-3.896479540618809
T0260,F06,2022,4193,-0.004966186802343456,-2.8557851116416435
T0260,F07,2023,4349,0.00032526016399644545,0.18027829590113892
T0260,F08,2023,4775,0.0008860204964731073,0.7380708478481853
T0261,F01,2020,8104,-0.001888433564362563,-11.66750861846676
T0261,F02,2020,14744,-0.0017431784289288178,-12.16872955041992
T0261,F03,2021,14674,-0.0015258129433574105,-7.324515205188401
T0261,F04,2021,14858,-0.0017268385407477362,-10.812578036416399
T0261,F05,2022,12303,-0.0023047822091596206,-13.081152111138076
T0261,F06,2022,14241,-0.00209291996536165,-16.59019505015498
T0261,F07,2023,14315,-0.0019516608838576212,-15.142597230206311
T0261,F08,2023,15940,-0.0018000432657144661,-18.51261368302776
T0262,F01,2020,4995,-0.0016819324325507172,-3.001266500346668
T0262,F02,2020,10435,-0.0011897540869157388,-2.5017945810051265
T0262,F03,2021,11567,-0.000734928601139179,-1.0985210884373304
T0262,F04,2021,11525,-0.0011367852775634568,-2.3241659290186556
T0262,F05,2022,8926,-0.0029699904840476007,-5.0600957273809835
T0262,F06,2022,10617,-0.0022190426038781706,-5.533055929674002
T0262,F07,2023,10783,-0.0016752865863560416,-3.7748513115837206
T0262,F08,2023,11864,-0.0014218702977770302,-4.412229233146706
T0263,F01,2020,2214,-0.0017397688982169824,-1.2420997793963764
T0263,F02,2020,5848,0.0005698564051847773,0.5129378076386794
T0263,F03,2021,6734,0.0011726431049036026,0.6955456867763894
T0263,F04,2021,6643,-0.0001523937418299858,-0.1274102576472373
T0263,F05,2022,5227,-0.004599186918560817,-3.260060241681152
T0263,F06,2022,6136,-0.0029214056019914096,-3.1839895940305136
T0263,F07,2023,6284,-0.0007533755687043137,-0.7234788987143059
T0263,F08,2023,6851,-2.3113653106127828e-05,-0.030980465137397998
T0264,F01,2020,1325,-0.00027056343202966495,-0.10714466111592605
T0264,F02,2020,3534,0.0019619631546482553,0.9670766930904949
T0264,F03,2021,4201,0.005422859295997811,1.7543821991582977
T0264,F04,2021,4187,0.0005594068022072939,0.25843139148870936
T0264,F05,2022,3288,-0.006013251052935374,-2.3859027341225225
T0264,F06,2022,3933,-0.0043106127129070755,-2.5180559752854053
T0264,F07,2023,3814,-0.0009304472024470929,-0.5291832788348105
T0264,F08,2023,4351,0.0018900410790035648,1.484512481575922
T0265,F01,2020,7407,-0.0018543406982853429,-11.632512205528428
T0265,F02,2020,14568,-0.0018445326713920495,-12.647030775298832
T0265,F03,2021,14513,-0.0016511975017885349,-7.692130050162626
T0265,F04,2021,14780,-0.002101083574055659,-13.35616945382916
T0265,F05,2022,13740,-0.0023253659075317358,-12.979558136753129
T0265,F06,2022,14860,-0.002192533503325294,-16.912378054884602
T0265,F07,2023,14863,-0.0019956391038101788,-16.47404557394084
T0265,F08,2023,15830,-0.0018993718872571752,-19.150172936451835
T0266,F01,2020,4239,-0.0016952748054035155,-3.197783375963265
T0266,F02,2020,10085,-0.0018464567048507021,-3.93903577100999
T0266,F03,2021,10274,-0.0011509546031578388,-1.6145481346445814
T0266,F04,2021,10448,-0.0019221406295038875,-3.848923637984596
T0266,F05,2022,9400,-0.0028875357317392544,-4.885692699999648
T0266,F06,2022,10650,-0.0023509694830134245,-5.602586004099076
T0266,F07,2023,10880,-0.0017168206239037717,-4.270322649237452
T0266,F08,2023,12025,-0.0015242329025537675,-4.836829684765
T0267,F01,2020,2171,-0.0007238563283466788,-0.49651003025697377
T0267,F02,2020,6020,-0.0014323843481736395,-1.3107900356910516
T0267,F03,2021,6152,0.0007954445147883718,0.47072323447776593
T0267,F04,2021,6200,-0.001650201799883164,-1.3352010311495885
T0267,F05,2022,5563,-0.005223834399092006,-3.7291624143514075
T0267,F06,2022,6451,-0.0033124876964977126,-3.3420513527617985
T0267,F07,2023,6727,-0.0014634636681758605,-1.4880422846700303
T0267,F08,2023,7520,-0.0007475945318926332,-1.0617229522827996
T0268,F01,2020,1365,-0.0010392539544003192,-0.38785796565522956
T0268,F02,2020,3931,0.0002909938819685015,0.14936041881483234
T0268,F03,2021,4202,0.005417955497739069,1.8424534328518531
T0268,F04,2021,4365,0.0008431981144207927,0.40775234400790683
T0268,F05,2022,3762,-0.00980498403138654,-3.9484324508798867
T0268,F06,2022,4354,-0.004464813983662455,-2.5454610732822953
T0268,F07,2023,4512,-0.0005025670595573411,-0.28604792658798367
T0268,F08,2023,5118,0.0007373560555975118,0.6580024220967431
T0269,F01,2020,5887,-0.0018206243209588314,-9.340136604238836
T0269,F02,2020,12621,-0.002128444927221802,-13.817808050125866
T0269,F03,2021,13223,-0.001826143254690448,-8.02816004388677
T0269,F04,2021,13541,-0.0020298108090037554,-12.386060067072524
T0269,F05,2022,12309,-0.0023344624663412185,-12.247757189329613
T0269,F06,2022,13457,-0.002123129841745212,-15.671554856994875
T0269,F07,2023,13034,-0.0019105070379880306,-14.89564500810114
T0269,F08,2023,14051,-0.0019856907121615264,-17.943385049416587
T0270,F01,2020,3518,-0.0014350802850955477,-2.4660989766577006
T0270,F02,2020,8653,-0.0022831724435638046,-4.676706256996259
T0270,F03,2021,9664,-0.0012220673688530588,-1.7196023316113196
T0270,F04,2021,9432,-0.0017508427309655156,-3.5025518942118095
T0270,F05,2022,8434,-0.0033210380882335573,-5.618944896338662
T0270,F06,2022,9279,-0.002410322079744443,-5.625938834820187
T0270,F07,2023,9181,-0.0017403740384303859,-3.9628061665769057
T0270,F08,2023,10043,-0.0015612542800350398,-4.547168621762531
T0271,F01,2020,1975,-0.0008438958441784332,-0.5575245964865488
T0271,F02,2020,5388,-0.0018584728233653105,-1.6434295196083308
T0271,F03,2021,6126,0.0008165458815929962,0.4921486427897389
T0271,F04,2021,6023,-0.0009768393615514671,-0.8253136156103569
T0271,F05,2022,5208,-0.005490868376095559,-3.7305597728251367
T0271,F06,2022,5710,-0.003376608253184358,-3.43582654962355
T0271,F07,2023,5856,-0.0011605294714459992,-1.0926584473041774
T0271,F08,2023,6411,-0.0007178325899947367,-0.9429341577374006
T0272,F01,2020,1337,-0.00016914694409772882,-0.05672217748016643
T0272,F02,2020,3733,-0.00034868520491518183,-0.18257430911478967
T0272,F03,2021,4277,0.004648508836371196,1.5768558258979464
T0272,F04,2021,4198,0.0012710573711005905,0.5865840523373784
T0272,F05,2022,3684,-0.007850043871620648,-3.15081324823837
T0272,F06,2022,4029,-0.004039519890655053,-2.1816516236828614
T0272,F07,2023,4031,-0.0010071307996029136,-0.5416382231478777
T0272,F08,2023,4454,0.0004106167557867238,0.3298210492187372
T0273,F01,2020,5639,-0.0021017033813647175,-10.171587073746517
T0273,F02,2020,12345,-0.0019676825459357546,-13.32862923927388
T0273,F03,2021,12472,-0.0020646093576210797,-9.296534267423453
T0273,F04,2021,12694,-0.0022370995668279914,-13.318395543453363
T0273,F05,2022,11702,-0.002513430219548331,-13.869246022322029
T0273,F06,2022,12749,-0.0023629358397969343,-18.12671863137002
T0273,F07,2023,12830,-0.0021272545546085378,-16.124615746569265
T0273,F08,2023,13940,-0.002027748451349338,-19.09595430410077
T0274,F01,2020,3809,-0.0015280662732010382,-2.4804375732473147
T0274,F02,2020,9094,-0.0021586118187283338,-4.441646581929642
T0274,F03,2021,9332,-0.002171708424290578,-3.1904001748896875
T0274,F04,2021,9570,-0.002116806253938239,-4.0819473913359925
T0274,F05,2022,8792,-0.003279300359018041,-5.5192765849040235
T0274,F06,2022,9587,-0.002583245685576132,-6.358504718171358
T0274,F07,2023,9791,-0.0020134258783778363,-4.936031595189496
T0274,F08,2023,10822,-0.0019596568750075987,-6.215885210847096
T0275,F01,2020,2274,-0.0005207121651262784,-0.33246625478208724
T0275,F02,2020,5877,-0.0015489550200327288,-1.3937607072715241
T0275,F03,2021,6340,4.100774772300873e-05,0.02467541126484322
T0275,F04,2021,6463,-0.0012779080352763035,-1.017586221406259
T0275,F05,2022,5993,-0.006061903952667807,-4.2357466368187335
T0275,F06,2022,6472,-0.0031475629827208964,-3.1640085551233414
T0275,F07,2023,6575,-0.0017429093124714024,-1.7295876549426845
T0275,F08,2023,7381,-0.000734313215108893,-1.04259841540888
T0276,F01,2020,1475,0.0002527521062840403,0.09511115109259931
T0276,F02,2020,4129,0.0005122572310507107,0.26075831096190283
T0276,F03,2021,4402,0.0040920711491707635,1.37144807549798
T0276,F04,2021,4505,0.0002950287923319934,0.14285127182772683
T0276,F05,2022,4111,-0.010027654166796797,-3.7980667743008665
T0276,F06,2022,4516,-0.003969728994820667,-2.2778728016756093
T0276,F07,2023,4552,-0.00026602455640120615,-0.15455518385862582
T0276,F08,2023,5011,0.000862271676106226,0.7231875514754176
T0277,F01,2020,2399,-0.0016776426135000958,-6.454625627249506
T0277,F02,2020,7123,-0.0020188487698819665,-10.001234554611074
T0277,F03,2021,8551,-0.0021918360850566154,-8.350450056068986
T0277,F04,2021,8146,-0.0029530442906347504,-13.098072600660869
T0277,F05,2022,6166,-0.0024309488713987353,-10.163022947448383
T0277,F06,2022,6531,-0.002688801007947363,-13.338777622019952
T0277,F07,2023,6919,-0.0020470263377106186,-9.869023102237554
T0277,F08,2023,8022,-0.0022793201321094896,-13.87041675176522
T0278,F01,2020,1921,-0.0011597453692110049,-1.7326516104125267
T0278,F02,2020,5801,-0.0025824355954738305,-4.512859248965871
T0278,F03,2021,6969,-0.002429416824866191,-3.1828935833767065
T0278,F04,2021,6550,-0.002409756440193682,-3.913331924408985
T0278,F05,2022,4988,-0.003936764443635737,-5.912070781329679
T0278,F06,2022,5428,-0.0033872983635572515,-6.800755265280264
T0278,F07,2023,5712,-0.00222026613276331,-4.245556926580953
T0278,F08,2023,6653,-0.0021660965998994584,-5.68217168644368
T0279,F01,2020,1393,-0.002109207931678628,-1.2189562861306134
T0279,F02,2020,4135,-0.002661785989978351,-2.142862294754915
T0279,F03,2021,5051,-0.0017697460477627978,-0.9777356233832248
T0279,F04,2021,4683,-0.0024491461199099246,-1.8498174920533426
T0279,F05,2022,3558,-0.007922622066385058,-5.0672140442373115
T0279,F06,2022,3979,-0.005385706535050607,-4.844066536883634
T0279,F07,2023,4165,-0.0016981774304909614,-1.4529209682346018
T0279,F08,2023,4863,-0.0009608891993448031,-1.2015434172408235
T0280,F01,2020,958,0.0005445009279425471,0.1845816189965741
T0280,F02,2020,2978,-0.0005491865381069252,-0.26691126452598835
T0280,F03,2021,3552,0.001760948519724062,0.5157084338973623
T0280,F04,2021,3351,0.0003538987534417174,0.1562106972910309
T0280,F05,2022,2674,-0.011020219113896708,-3.89179279966271
T0280,F06,2022,2987,-0.005763392846400555,-2.8980653305312014
T0280,F07,2023,3127,0.0005231009637798098,0.2552584497849193
T0280,F08,2023,3607,0.0007366623256852747,0.5346138701961279
T0281,F01,2020,1651,-0.0016704015594921184,-4.948341777003284
T0281,F02,2020,5374,-0.001995233744919639,-8.671961739086047
T0281,F03,2021,6738,-0.001823808349972091,-5.7401971026006615
T0281,F04,2021,6397,-0.0026123209216136287,-9.863479337255566
T0281,F05,2022,4557,-0.002344166879166513,-8.155596697367024
T0281,F06,2022,4594,-0.002766312842002085,-10.250613212567542
T0281,F07,2023,4926,-0.002149826371328875,-7.634059548541608
T0281,F08,2023,5858,-0.002495332059204832,-11.98512265033163
T0282,F01,2020,1346,-0.0015383609877560266,-2.002852777793864
T0282,F02,2020,4357,-0.002325083321102304,-3.845911879526307
T0282,F03,2021,5512,-0.0016296533338716376,-2.00985600140416
T0282,F04,2021,5171,-0.0021027550102109393,-3.385676975900098
T0282,F05,2022,3748,-0.004110741023360378,-5.785460164225469
T0282,F06,2022,3851,-0.004149970747840322,-6.3913964704757396
T0282,F07,2023,4047,-0.0020759422168929956,-3.285044513840882
T0282,F08,2023,4846,-0.002258068642378462,-4.8491770253030335
T0283,F01,2020,1042,-0.0007371689064776509,-0.43688919010727495
T0283,F02,2020,3339,-0.0012200871018745204,-0.9711745235112338
T0283,F03,2021,4149,0.0007552193139803687,0.4111394421861538
T0283,F04,2021,3848,-0.0012954837819892093,-0.9367439389588257
T0283,F05,2022,2921,-0.008753733053715618,-5.4951324083432365
T0283,F06,2022,3046,-0.005713496520836976,-4.476020458284086
T0283,F07,2023,3149,-0.001413195820542117,-1.081435314057823
T0283,F08,2023,3777,-0.001618099167477785,-1.687301016230488
T0284,F01,2020,759,-0.0018188163672326482,-0.6238579686313864
T0284,F02,2020,2557,-0.00022665472989576537,-0.09914914466967946
T0284,F03,2021,3078,0.004281848337053487,1.3105371210825174
T0284,F04,2021,2863,0.0009790803852741036,0.420454943474101
T0284,F05,2022,2185,-0.012491887585932912,-4.375510470829087
T0284,F06,2022,2439,-0.006571204491333506,-3.0458911132050295
T0284,F07,2023,2521,1.6380275491170735e-05,0.007102901511983511
T0284,F08,2023,2911,0.0008766291615727314,0.5645724076561792
T0285,F01,2020,1573,-0.0016975903954572873,-4.8570298959113565
T0285,F02,2020,5134,-0.0019663341181596593,-8.464519337271835
T0285,F03,2021,6483,-0.0018497063340950043,-5.7457609747062435
T0285,F04,2021,6171,-0.002773386581274325,-10.258517629744274
T0285,F05,2022,4332,-0.002401074839247685,-7.9678499664903395
T0285,F06,2022,4302,-0.002799954879660039,-9.699526000453735
T0285,F07,2023,4689,-0.002081354603392033,-7.148908525986843
T0285,F08,2023,5554,-0.002535490233770304,-11.60712765010752
T0286,F01,2020,1288,-0.0012765800467630212,-1.6141246891270178
T0286,F02,2020,4158,-0.0023828494696001372,-3.850668463447647
T0286,F03,2021,5297,-0.0013248228349813304,-1.6726424668925877
T0286,F04,2021,4963,-0.0022161272552039986,-3.4772311854150546
T0286,F05,2022,3568,-0.004483447921505188,-6.072143287151582
T0286,F06,2022,3626,-0.004277315489315919,-6.577700142748067
T0286,F07,2023,3839,-0.001873643576185171,-2.920056749609492
T0286,F08,2023,4597,-0.0023620400558742897,-4.9291628588095024
T0287,F01,2020,1005,-0.0006651276908835348,-0.3834187935933059
T0287,F02,2020,3202,-0.0013729176179891655,-1.0908523978078164
T0287,F03,2021,4008,0.00078368512008185,0.4400668441801566
T0287,F04,2021,3728,-0.0012968353109329268,-0.9332938797248906
T0287,F05,2022,2796,-0.009153873966544853,-5.55490556979111
T0287,F06,2022,2904,-0.0053103844692366405,-4.218857113067554
T0287,F07,2023,3041,-0.001440375598298155,-1.074494340729748
T0287,F08,2023,3597,-0.0014764015901666883,-1.4264078267639095
T0288,F01,2020,756,-0.0021804099924425517,-0.7311757560302263
T0288,F02,2020,2483,-0.0014767588066402079,-0.6473192611388073
T0288,F03,2021,3014,0.003816161310988044,1.1826743246962803
T0288,F04,2021,2791,0.0009337348658041861,0.3967514914767154
T0288,F05,2022,2141,-0.013280645128279521,-4.677509762429807
T0288,F06,2022,2326,-0.0063638607106732996,-2.959467834153718
T0288,F07,2023,2422,-0.0002620910926253309,-0.11346852852591084
T0288,F08,2023,2835,0.0012111122924085126,0.7448208155595846
T0289,F01,2020,6942,-0.0019118665067247883,-10.810379760676858
T0289,F02,2020,14161,-0.0019495849302217248,-13.798560023107571
T0289,F03,2021,13871,-0.001953743778848115,-8.632448716536235
T0289,F04,2021,14229,-0.001972460044158669,-12.850730744099872
T0289,F05,2022,13390,-0.0024866620267967815,-14.28091936858953
T0289,F06,2022,14492,-0.002174036664662961,-16.815306159595494
T0289,F07,2023,14566,-0.0020693831300067373,-17.377094520887113
T0289,F08,2023,15605,-0.0019960042807605103,-20.33505233779407
T0290,F01,2020,4134,-0.0015691858330687146,-2.633148648812033
T0290,F02,2020,9373,-0.0018924547988374584,-3.949660842945376
T0290,F03,2021,9637,-0.0009914300874959768,-1.4229773876425187
T0290,F04,2021,9638,-0.002038233203945128,-4.05593529596193
T0290,F05,2022,9023,-0.003333674247928388,-5.64886852947803
T0290,F06,2022,10098,-0.002660548358977892,-6.595314804000507
T0290,F07,2023,10450,-0.0021898973808023377,-5.375170425868271
T0290,F08,2023,11484,-0.0015551228779620509,-5.205465526911981
T0291,F01,2020,2361,-0.0011063892906019066,-0.6864968861029882
T0291,F02,2020,5866,-0.0009882590697046776,-0.8739991447837079
T0291,F03,2021,6181,0.0007918312278726891,0.4444684631217451
T0291,F04,2021,6295,-0.0014571400751604467,-1.1578117118322242
T0291,F05,2022,5674,-0.005541145705477548,-3.7467543092589635
T0291,F06,2022,6603,-0.0032195387745338065,-3.302411380898745
T0291,F07,2023,6481,-0.0016718923355991439,-1.6256552413928238
T0291,F08,2023,7374,-0.0007034993730239926,-1.0184608779406554
T0292,F01,2020,1411,0.0006904902237544871,0.2982317258628188
T0292,F02,2020,4012,0.0014426403055100806,0.6993376069516674
T0292,F03,2021,4234,0.0034293859909495157,1.1408502535400178
T0292,F04,2021,4364,0.00067027245761068,0.3218548773334291
T0292,F05,2022,3897,-0.008216062446242239,-3.1883790052453937
T0292,F06,2022,4519,-0.005025485524771006,-2.9663315731296676
T0292,F07,2023,4428,-0.0007635259458340134,-0.43490960437013554
T0292,F08,2023,4875,0.00023038675752856783,0.19973345071463197
T0293,F01,2020,7007,-0.001840476540922807,-10.992157087170954
T0293,F02,2020,14217,-0.0018536396504832472,-12.562841467982166
T0293,F03,2021,14097,-0.001625318166586842,-7.184231673084731
T0293,F04,2021,14478,-0.0019998333397563354,-12.367342796827817
T0293,F05,2022,13466,-0.002394246417546892,-13.302119346917642
T0293,F06,2022,14567,-0.002100877293161675,-16.848285262243955
T0293,F07,2023,14575,-0.002014535805376993,-16.69796143594133
T0293,F08,2023,15563,-0.00193467552941446,-20.141108957068088
T0294,F01,2020,3991,-0.0016480824927749924,-3.0138116588441175
T0294,F02,2020,9308,-0.0017833479015957414,-3.5934286073630575
T0294,F03,2021,9415,-0.0007181562246478101,-1.036047105632877
T0294,F04,2021,9645,-0.0019086554026342746,-3.7193269201828394
T0294,F05,2022,8711,-0.0031035997374563623,-5.073151688029171
T0294,F06,2022,9624,-0.002638522007352011,-6.2765859741897
T0294,F07,2023,9887,-0.0020394226414872894,-4.78928121869259
T0294,F08,2023,11077,-0.0017401447164380605,-5.4238839646762695
T0295,F01,2020,2157,-0.0011169486588360653,-0.6739421960723568
T0295,F02,2020,5535,-0.001526242531204577,-1.3179260348900803
T0295,F03,2021,5912,0.0007028481496386332,0.4133364123901615
T0295,F04,2021,5962,-0.0008472058646364661,-0.6812837157303078
T0295,F05,2022,5367,-0.005335883135679019,-3.4925079802275154
T0295,F06,2022,5891,-0.003242526597367365,-3.332375627366158
T0295,F07,2023,6344,-0.0016115419089853815,-1.5689527519094824
T0295,F08,2023,7089,-0.00045589365695303247,-0.6200144953685469
T0296,F01,2020,1418,0.0014396538198807947,0.5383265890986918
T0296,F02,2020,3895,0.00036792125379337586,0.18224449230496323
T0296,F03,2021,4077,0.004897745391113315,1.6842636264754853
T0296,F04,2021,4318,0.0004387659154382252,0.2064799016495725
T0296,F05,2022,3686,-0.00929737069990163,-3.663014031390241
T0296,F06,2022,4245,-0.003289121113186527,-1.8271174586487213
T0296,F07,2023,4409,-0.0007366290683930238,-0.41488346511864316
T0296,F08,2023,4881,0.0008599384624622316,0.7203771175869288
T0297,F01,2020,7058,-0.001962513458997828,-11.702867283369633
T0297,F02,2020,14353,-0.0019337377083760664,-13.412099744583971
T0297,F03,2021,14375,-0.0016568975398809891,-7.717527686984899
T0297,F04,2021,14714,-0.0017380475051629344,-11.079997549429748
T0297,F05,2022,13348,-0.002307574185356011,-13.343522517948822
T0297,F06,2022,14489,-0.00205614487526778,-16.248589797903733
T0297,F07,2023,14522,-0.0019550861694800437,-15.829793213180025
T0297,F08,2023,15674,-0.0019621815030950564,-18.709243781516633
T0298,F01,2020,4013,-0.0017898547752679215,-3.2336235945558465
T0298,F02,2020,9525,-0.001910260602971946,-4.066755588818702
T0298,F03,2021,9809,-0.0013539243817040163,-1.835935245704893
T0298,F04,2021,10061,-0.00160368430016497,-3.1688454630359475
T0298,F05,2022,8897,-0.003338691159638806,-5.7081168648904415
T0298,F06,2022,10026,-0.0023846462226948238,-5.565085232385309
T0298,F07,2023,10216,-0.001768766143527202,-4.132955537493063
T0298,F08,2023,11379,-0.001461857566910478,-4.683704769845166
T0299,F01,2020,2012,-0.0014215509008247685,-0.9053272106359271
T0299,F02,2020,5327,-0.001126159534821119,-1.0009210676175302
T0299,F03,2021,5711,0.00040661544151070206,0.24337019309302682
T0299,F04,2021,5646,-0.00048023787406684587,-0.3870000014423568
T0299,F05,2022,4964,-0.005650553505359201,-3.709379656667853
T0299,F06,2022,5588,-0.0031951275000234904,-3.0939757425947243
T0299,F07,2023,6015,-0.0014110004236309206,-1.3840189865188823
T0299,F08,2023,6763,-0.0006574113993652814,-0.9124326949977285
T0300,F01,2020,1362,-0.0017503638340462863,-0.5966086855531612
T0300,F02,2020,3671,0.0008363628957969959,0.42365827327814176
T0300,F03,2021,3866,0.005024877803193908,1.651172577212791
T0300,F04,2021,3895,0.0017386171887344261,0.7759325421116745
T0300,F05,2022,3451,-0.010533965633627556,-3.9434717973401567
T0300,F06,2022,4010,-0.003967863176389963,-2.242926071021734
T0300,F07,2023,4135,-0.00047906099057902377,-0.2547177435878271
T0300,F08,2023,4555,0.0013833903709009675,1.0948334162237667
T0301,F01,2020,2300,-0.001550175151452475,-3.4209307330494583
T0301,F02,2020,6063,-0.0014065979593098814,-6.126314937085636
T0301,F03,2021,5808,-0.0008822383380254114,-2.129694883415993
T0301,F04,2021,6137,-0.0010032489776979501,-4.045337802927103
T0301,F05,2022,6073,-0.002261683011514346,-8.05411991627368
T0301,F06,2022,6693,-0.0017489185385040481,-9.41619109483947
T0301,F07,2023,6697,-0.001772960214327562,-9.511352559903909
T0301,F08,2023,7747,-0.0015687555675578254,-11.383368945732903
T0302,F01,2020,1724,-0.0015653317965366761,-1.698842745979803
T0302,F02,2020,4627,-0.00034148766527233794,-0.5461555187731483
T0302,F03,2021,4517,-2.33840079138754e-05,-0.023539332783222667
T0302,F04,2021,4641,-0.0006584077882348644,-0.9572223918406332
T0302,F05,2022,4561,-0.0036952944580974528,-4.489714712977793
T0302,F06,2022,5025,-0.002008812749104338,-3.7555406715912047
T0302,F07,2023,5162,-0.0018547308507441884,-3.5674905946232593
T0302,F08,2023,5835,-0.0013778927725740123,-4.066833113542113
T0303,F01,2020,1235,-0.0009778629544111889,-0.5191244551274122
T0303,F02,2020,3376,0.0010410115586782522,0.6962472100410713
T0303,F03,2021,3441,0.0018997746253909883,0.873679683648025
T0303,F04,2021,3529,-3.022329431457886e-05,-0.01981264100696691
T0303,F05,2022,3346,-0.005663078318808961,-3.0482214228153395
T0303,F06,2022,3707,-0.002664113240261151,-2.301639202643935
T0303,F07,2023,3808,-0.00028763476815725557,-0.23273953459624303
T0303,F08,2023,4387,-0.0002553983306043924,-0.31081138844210376
T0304,F01,2020,895,0.0013094905098497654,0.4131373412534446
T0304,F02,2020,2554,0.0018514851478791759,0.7541846995536771
T0304,F03,2021,2615,0.003472254313342271,0.9510877526103317
T0304,F04,2021,2783,0.0021448732998648216,0.8179984425403211
T0304,F05,2022,2584,-0.011778894691570797,-4.053736196943776
T0304,F06,2022,2798,-0.004398980149283272,-2.104811257987611
T0304,F07,2023,2911,0.00022358323215506076,0.10594857791193345
T0304,F08,2023,3223,0.001703574940029001,1.2512725212552662
T0305,F01,2020,859,-0.0011367639043232793,-1.0600369684045763
T0305,F02,2020,2414,-0.0008320241834055475,-1.8797290729865375
T0305,F03,2021,2108,0.0006474876382149627,0.9240160782546185
T0305,F04,2021,2305,-0.0008298698242628539,-1.8837757678228424
T0305,F05,2022,2825,-0.003214044440781639,-6.371471425970739
T0305,F06,2022,2918,-0.002159898460086322,-6.825084065578897
T0305,F07,2023,2787,-0.0018194431381835631,-5.322252332534286
T0305,F08,2023,3162,-0.0014901785809453307,-5.95914317842002
T0306,F01,2020,644,-0.0013422835551265343,-0.6085255281893237
T0306,F02,2020,1825,0.0013316281298463807,1.2994199592622724
T0306,F03,2021,1643,0.0024084058143176885,1.3435147264080924
T0306,F04,2021,1723,-0.00013879014828877312,-0.11963862437198765
T0306,F05,2022,2020,-0.004691991151791417,-3.6959498378415465
T0306,F06,2022,2087,-0.0026228488360800785,-3.4161216783202852
T0306,F07,2023,2037,-0.0012806265803464684,-1.3153296394054255
T0306,F08,2023,2332,-0.0009352327059456046,-1.5936160428074906
T0307,F01,2020,508,-0.0022392928835105025,-0.5757838870946984
T0307,F02,2020,1519,0.0025700078334050924,1.2134785487594388
T0307,F03,2021,1389,0.0007385530795961362,0.21899218979286159
T0307,F04,2021,1434,0.0017839939610294563,0.7356097171294986
T0307,F05,2022,1545,-0.007758326092148835,-3.1638198972835574
T0307,F06,2022,1679,-0.0014706603554795685,-0.9158237206790473
T0307,F07,2023,1651,-0.0019051721903354404,-0.9359567339370383
T0307,F08,2023,1895,8.790277268073816e-05,0.07749266472869171
T0308,F01,2020,425,0.00634616527084301,1.4095988377571904
T0308,F02,2020,1263,0.002831092065021435,0.8200798159248072
T0308,F03,2021,1231,0.006744865055328671,1.3988472728077659
T0308,F04,2021,1280,0.0005175268240064986,0.14802596187894193
T0308,F05,2022,1306,-0.0107304827345139,-2.8433575844582575
T0308,F06,2022,1392,-0.004737638550782382,-1.8119633845856367
T0308,F07,2023,1395,-0.0018583035178565402,-0.6357489706413928
T0308,F08,2023,1618,0.003525440048890855,1.9727538729603507
T0309,F01,2020,413,-0.002276541301505029,-1.2142761939243216
T0309,F02,2020,1134,-0.00013319840945425523,-0.1956495098358708
T0309,F03,2021,868,0.0022304769226570266,1.3986374770650618
T0309,F04,2021,1032,-0.001083090202067804,-1.5976811200439909
T0309,F05,2022,1533,-0.002660240940109925,-2.8567888206537213
T0309,F06,2022,1518,-0.0019894170416994237,-3.86057528606381
T0309,F07,2023,1355,-0.0017159382578615288,-3.012373154669051
T0309,F08,2023,1398,-0.001485997486375357,-3.95368867885576
T0310,F01,2020,298,-0.00248865298148454,-0.8223140425628687
T0310,F02,2020,859,0.001915695553143716,1.186444227962211
T0310,F03,2021,691,0.00443647678099675,1.6534613619265557
T0310,F04,2021,767,0.0008802430017324255,0.5262912135962748
T0310,F05,2022,1077,-0.001483928277860085,-0.48609881432091195
T0310,F06,2022,1071,-0.001810008148316216,-1.7765205805556303
T0310,F07,2023,948,-0.001405505468843347,-0.8858536442447857
T0310,F08,2023,988,-0.0005300872223122247,-0.5287310491018166
T0311,F01,2020,236,-0.0004035708654349318,-0.08258923243642143
T0311,F02,2020,732,0.002180765213204042,0.7096971776579417
T0311,F03,2021,604,0.001995434306084688,0.4197103881515039
T0311,F04,2021,672,-0.0011023902686208749,-0.29173322408278074
T0311,F05,2022,856,-0.0066428211235753975,-2.0764863516963126
T0311,F06,2022,864,0.0003092481859815698,0.13788500145187116
T0311,F07,2023,778,-0.0013874022137170673,-0.47599871213707845
T0311,F08,2023,804,-0.0007262449851418879,-0.4316480207313114
T0312,F01,2020,219,0.007690530912645438,0.8954340973465392
T0312,F02,2020,647,0.004909605585950568,1.0579447477222537
T0312,F03,2021,566,0.012086916113492151,1.981920145297493
T0312,F04,2021,626,0.0019164288627010128,0.374658784196888
T0312,F05,2022,752,-0.007211241137444715,-1.5089950451926517
T0312,F06,2022,754,-0.0019405074132935192,-0.5395134929005728
T0312,F07,2023,703,-0.00021440533335467183,-0.05752097143662804
T0312,F08,2023,728,0.004073716368150438,1.664366386667766
T0313,F01,2020,2059,-0.002291801973423047,-5.045569745556934
T0313,F02,2020,8863,-0.0019347024909684095,-9.134349724697561
T0313,F03,2021,11419,-0.001816416854909229,-6.714191611840161
T0313,F04,2021,7688,-0.0019445064899270223,-7.100970061989721
T0313,F05,2022,7477,-0.0029057703566334843,-10.223871075259508
T0313,F06,2022,5606,-0.002381540316747918,-8.194307644950657
T0313,F07,2023,7266,-0.001979056620589036,-8.293075141680138
T0313,F08,2023,9155,-0.0018108270763144377,-9.4133543088758
T0314,F01,2020,1130,-0.0023541608448451874,-1.6338071975248831
T0314,F02,2020,5439,-0.001537999653789322,-2.207057043351567
T0314,F03,2021,7532,-0.0007219646665374513,-0.8814517120482209
T0314,F04,2021,4521,-0.0009741671221956309,-1.231953439295408
T0314,F05,2022,4635,-0.0037938932283435455,-4.201938301940451
T0314,F06,2022,3397,-0.002702114358601317,-3.159045078123782
T0314,F07,2023,4534,-0.0012117996122646508,-1.666108131502834
T0314,F08,2023,5644,-0.001133088440317011,-2.0159204592758893
T0315,F01,2020,662,-0.0020424982806165433,-0.591253459132053
T0315,F02,2020,3291,0.0008966316314920468,0.5411525827877675
T0315,F03,2021,4801,0.0016104722149603255,0.7775657122723602
T0315,F04,2021,2757,0.0014580180108122766,0.7759601003655084
T0315,F05,2022,2827,-0.006447165318789951,-2.9613529621735477
T0315,F06,2022,2036,-0.00394361456918929,-2.053668741116657
T0315,F07,2023,2701,-0.00010320415972405062,-0.05981184405739081
T0315,F08,2023,3294,0.0005638166438768535,0.4857270254167825
T0316,F01,2020,504,0.00013564561580305378,0.02705942684980682
T0316,F02,2020,2276,0.0037400555319488486,1.352859189402323
T0316,F03,2021,3292,0.007571907915190915,2.1904369577796023
T0316,F04,2021,1960,0.0040977300453967904,1.4013439533772385
T0316,F05,2022,1953,-0.007404090128220689,-2.0709696370166513
T0316,F06,2022,1456,-0.0033753642853148165,-1.0433059164142977
T0316,F07,2023,1871,0.003127872054553175,1.108121866538675
T0316,F08,2023,2211,0.003972310429445025,1.9357712632652755
T0317,F01,2020,6437,-0.0019805011729822366,-10.267469508371573
T0317,F02,2020,13246,-0.0018903562459377983,-12.75862404450613
T0317,F03,2021,13301,-0.00197092192847337,-8.68009320451122
T0317,F04,2021,13547,-0.002187339092710376,-13.991207326348778
T0317,F05,2022,12515,-0.0024246813978127967,-13.762122459767069
T0317,F06,2022,13647,-0.0021798910812558174,-17.68130755090467
T0317,F07,2023,13665,-0.002111495777879085,-16.935953921859397
T0317,F08,2023,14643,-0.0018549478919350558,-18.337885169996078
T0318,F01,2020,4515,-0.0014975972387198,-2.6887092491728573
T0318,F02,2020,10273,-0.001738107082341904,-3.67115647302743
T0318,F03,2021,10602,-0.001366356250369264,-1.9257251261697768
T0318,F04,2021,10789,-0.0016065770057586907,-3.2853865904358344
T0318,F05,2022,9677,-0.0033652873712795794,-5.675358496576981
T0318,F06,2022,10900,-0.0023431483292664936,-5.828461353359043
T0318,F07,2023,10795,-0.0018998735564106201,-4.63240451406506
T0318,F08,2023,11817,-0.001393641726845206,-4.543027941362131
T0319,F01,2020,2736,-0.0006162132147326464,-0.39895647059967637
T0319,F02,2020,6611,-0.0007026317111206465,-0.6265086629629216
T0319,F03,2021,7278,0.0003248942773179425,0.19504179803353439
T0319,F04,2021,7207,-0.0006878835629241028,-0.5990999434959708
T0319,F05,2022,6587,-0.006208112743026664,-4.278829149215709
T0319,F06,2022,7371,-0.0034180741629449476,-3.6097761048736148
T0319,F07,2023,7351,-0.0009175164003669374,-0.9709482254696579
T0319,F08,2023,8017,-0.0005810130572167985,-0.8417263787740809
T0320,F01,2020,1632,0.0009838999917316626,0.3898772681234933
T0320,F02,2020,4437,0.0006809600512153127,0.34655835205233176
T0320,F03,2021,4877,0.002992418784714318,1.008365379996177
T0320,F04,2021,4880,0.0013286973300810953,0.648940899776712
T0320,F05,2022,4406,-0.009349072633275668,-3.8583621421187577
T0320,F06,2022,4963,-0.004063082079362935,-2.427796959750231
T0320,F07,2023,4901,-0.0012000663745466843,-0.7042655237760641
T0320,F08,2023,5330,0.0010834661470335324,0.9661541484229912
T0321,F01,2020,2543,-0.001800590949263525,-7.669601040706195
T0321,F02,2020,7193,-0.0020956633963688585,-9.669014192567946
T0321,F03,2021,8106,-0.0021645116637082026,-7.3568628855076295
T0321,F04,2021,8352,-0.001789342840462655,-7.542336142558607
T0321,F05,2022,6836,-0.002339660935660645,-7.926336875611428
T0321,F06,2022,7218,-0.0026395611415680896,-13.065003527807368
T0321,F07,2023,7211,-0.0019870179100677,-10.09592109686634
T0321,F08,2023,8426,-0.0019101392024985595,-11.453389086035063
T0322,F01,2020,1640,-0.0011621688130594144,-1.5932927492573317
T0322,F02,2020,4764,-0.0023590424591740785,-3.6165527995888653
T0322,F03,2021,5567,-0.0004929156158011376,-0.5840074486877848
T0322,F04,2021,5682,-0.0014645455824200805,-2.1303499059931563
T0322,F05,2022,4665,-0.003219746522956602,-4.310623579508261
T0322,F06,2022,4962,-0.0031184917566860824,-5.855291456919593
T0322,F07,2023,4856,-0.0019038935003881591,-3.273542929727472
T0322,F08,2023,5704,-0.0016242222326978582,-3.80990067661518
T0323,F01,2020,1152,-0.0012653032024412124,-0.637589005773877
T0323,F02,2020,3356,-0.0005550095378389012,-0.38644104940297924
T0323,F03,2021,3915,0.0033717554804578633,1.5979676609406446
T0323,F04,2021,3960,0.000323971915396521,0.20229453917222986
T0323,F05,2022,3306,-0.006382329722778042,-3.5373387332940065
T0323,F06,2022,3598,-0.003867527503094745,-3.377362993771308
T0323,F07,2023,3411,-0.0023097741257906562,-1.6805892524946886
T0323,F08,2023,4052,-0.0006048562820499709,-0.6787169769978666
T0324,F01,2020,921,0.0027684519307469586,0.9031945024805877
T0324,F02,2020,2564,0.00046344843539548284,0.19203087819566594
T0324,F03,2021,3033,0.007015908890667818,2.1971895084793336
T0324,F04,2021,3083,0.0017565657620311694,0.7046697224791099
T0324,F05,2022,2531,-0.007524603331850722,-2.64551931871576
T0324,F06,2022,2784,-0.0036128525380389586,-1.8031839764822875
T0324,F07,2023,2654,-0.002492521113227432,-1.1134660043035685
T0324,F08,2023,3101,0.0016534239844283212,1.1540568431685205
T0325,F01,2020,2971,-0.001692819530823848,-7.148285638180187
T0325,F02,2020,7309,-0.0019933798790261843,-9.493210063933882
T0325,F03,2021,7418,-0.002102693773553416,-7.2694511439203
T0325,F04,2021,7651,-0.0023603825093897867,-10.207407523454433
T0325,F05,2022,6512,-0.0026998947245597755,-10.74636941047805
T0325,F06,2022,6967,-0.00267770831632292,-13.64262585021785
T0325,F07,2023,6796,-0.0023220813533509164,-11.316403195712834
T0325,F08,2023,7860,-0.002195211495231289,-12.847012750709078
T0326,F01,2020,2340,-0.0013066375485669892,-2.001416315839047
T0326,F02,2020,6060,-0.0023029832514661506,-4.145093204744207
T0326,F03,2021,6290,-0.002116082399793338,-2.7029299566841085
T0326,F04,2021,6383,-0.0026913502533805903,-4.442612108628694
T0326,F05,2022,5476,-0.003673033403885645,-5.378689659447225
T0326,F06,2022,5786,-0.003001673929295446,-6.050345655403042
T0326,F07,2023,5605,-0.002193872028807254,-4.059272711722578
T0326,F08,2023,6507,-0.002089101871804378,-5.097140980514752
T0327,F01,2020,1610,-0.00013608664560363357,-0.08566380081231391
T0327,F02,2020,4312,-0.0019257318504546396,-1.5268865501165396
T0327,F03,2021,4745,6.832460849930451e-05,0.03876713614976025
T0327,F04,2021,4699,-0.0018730593450731695,-1.3598310121758206
T0327,F05,2022,4067,-0.0071497666057465424,-4.705494539775537
T0327,F06,2022,4185,-0.004425023255768267,-4.036438859990715
T0327,F07,2023,4070,-0.0016287016358898872,-1.3248696516369642
T0327,F08,2023,4809,-0.0012373822187821946,-1.4139822392089039
T0328,F01,2020,1129,0.0025771091786600782,1.0001160847971655
T0328,F02,2020,3125,-0.00034716755267580015,-0.16404530380097498
T0328,F03,2021,3500,0.004257653670403064,1.3108835931213831
T0328,F04,2021,3438,0.0001504600921797937,0.06719522155973352
T0328,F05,2022,2980,-0.009288499607923887,-3.514305625781392
T0328,F06,2022,3070,-0.004643690316273199,-2.36840524328758
T0328,F07,2023,3001,0.00023734393962015568,0.11540161453586592
T0328,F08,2023,3540,0.001017440893136739,0.7175608903314563
T0329,F01,2020,6741,-0.0019203828214898872,-8.555311592446342
T0329,F02,2020,14151,-0.0016970959016307714,-11.140924470885981
T0329,F03,2021,14068,-0.0014234872109668624,-5.825722681095667
T0329,F04,2021,14562,-0.001702179083792223,-10.59928566834345
T0329,F05,2022,13655,-0.0021700482070164027,-11.122510775186813
T0329,F06,2022,14745,-0.0019834316545739436,-15.783934293255303
T0329,F07,2023,14656,-0.0019880921721024953,-16.604362426249743
T0329,F08,2023,15655,-0.0018522012111540232,-19.80845665698124
T0330,F01,2020,4019,-0.0017155250379206864,-2.517193172758922
T0330,F02,2020,9677,-0.0012029784733593593,-2.371471515331413
T0330,F03,2021,10037,-0.0001893266031870116,-0.24419657754155255
T0330,F04,2021,10486,-0.0013882978873250179,-2.561936324593901
T0330,F05,2022,9368,-0.002933901799896094,-4.740713071405361
T0330,F06,2022,10738,-0.002247297417550347,-5.500691497727519
T0330,F07,2023,10758,-0.0021175883628747954,-5.00219339975748
T0330,F08,2023,11834,-0.0013482597644115504,-4.470928563581437
T0331,F01,2020,2287,-0.0006054509420100358,-0.352563072939096
T0331,F02,2020,6024,-0.0005216236523408439,-0.429884203328959
T0331,F03,2021,6327,0.0012617165529741792,0.6986550887145154
T0331,F04,2021,6702,-0.0006050167991064923,-0.48133521222324144
T0331,F05,2022,6149,-0.006323807106212695,-4.444015946571792
T0331,F06,2022,6603,-0.0033321579229197798,-3.417480744148001
T0331,F07,2023,6650,-0.0010995805943825067,-1.0697798573636017
T0331,F08,2023,7411,7.956710024597731e-05,0.1139186138088469
T0332,F01,2020,1491,0.000501289654117945,0.18057607852202345
T0332,F02,2020,4003,0.001988023708243037,0.9501391875493039
T0332,F03,2021,4413,0.004281992466606341,1.4132658087938843
T0332,F04,2021,4424,0.000524317682586176,0.23632150045952144
T0332,F05,2022,4245,-0.00919842568218988,-3.6880014299937387
T0332,F06,2022,4667,-0.005605009758329681,-3.1951142755964748
T0332,F07,2023,4391,-0.0006170371329802864,-0.3481510539585567
T0332,F08,2023,4958,0.0015256715713824458,1.3052923583193976
T0333,F01,2020,9814,-0.0019070152780588615,-11.43036265335262
T0333,F02,2020,16786,-0.0019992965695638867,-14.748002879811645
T0333,F03,2021,16766,-0.001937560162172748,-8.297063668151134
T0333,F04,2021,16786,-0.002051056150780237,-13.991943615292575
T0333,F05,2022,16563,-0.0022829314029164643,-13.298768012990479
T0333,F06,2022,17068,-0.002088655321627954,-17.62773584587572
T0333,F07,2023,16812,-0.0020039252421081657,-17.58807169277603
T0333,F08,2023,17212,-0.0019098462453870507,-21.186453867573235
T0334,F01,2020,6766,-0.0017645131115255246,-3.2075808046568794
T0334,F02,2020,13733,-0.0014179064879022258,-3.1602101094527124
T0334,F03,2021,14381,-0.0010934148624159093,-1.4872279867405098
T0334,F04,2021,14283,-0.0016875023358949946,-3.5522477394151823
T0334,F05,2022,14097,-0.0031481846024137114,-5.44270222622274
T0334,F06,2022,14563,-0.002361635002158674,-6.029210386553982
T0334,F07,2023,14407,-0.0018680194592942897,-4.730512561465627
T0334,F08,2023,14887,-0.001646561068386503,-5.76286998966611
T0335,F01,2020,3524,-0.0011687203808247654,-0.839210745178506
T0335,F02,2020,8443,-0.0002802831406419776,-0.2725524300125221
T0335,F03,2021,9431,0.0009594357788129702,0.5988797594066225
T0335,F04,2021,9318,-3.672636212184712e-05,-0.034540039573067706
T0335,F05,2022,9027,-0.00504466889399307,-3.774431609720138
T0335,F06,2022,9560,-0.0029950800949321873,-3.295140100690823
T0335,F07,2023,9034,-0.0015650642017896053,-1.7529925804103366
T0335,F08,2023,9514,-0.0003232843706418205,-0.49187219740628063
T0336,F01,2020,1809,0.0008176435154667167,0.36115097787058875
T0336,F02,2020,4816,0.0009822306080894275,0.5183830655803875
T0336,F03,2021,5833,0.0042390411199271835,1.4997510464708717
T0336,F04,2021,5316,0.0006889180217020059,0.3441238509938691
T0336,F05,2022,5000,-0.00763475712641152,-3.1263627713236932
T0336,F06,2022,5383,-0.0046780843027831465,-2.911771309157567
T0336,F07,2023,4756,-0.0006178126519027928,-0.3730157588875133
T0336,F08,2023,4951,0.002081554115183572,1.7108472811125093
T0337,F01,2020,9040,-0.0020659458039038983,-11.363092495524207
T0337,F02,2020,15577,-0.0018569432653144067,-13.547879753681068
T0337,F03,2021,15187,-0.002008780697608272,-8.56595781284725
T0337,F04,2021,14780,-0.0020588657939478987,-13.383607119461363
T0337,F05,2022,15816,-0.0023158837639976485,-13.025366706482929
T0337,F06,2022,16617,-0.002117966190411139,-18.2793842577244
T0337,F07,2023,16172,-0.002056667107194755,-17.440586865893643
T0337,F08,2023,16696,-0.0019164161926234983,-20.608871287324693
T0338,F01,2020,5904,-0.0017789687027611187,-3.1632623894531084
T0338,F02,2020,11983,-0.001430001755580542,-3.094224542511949
T0338,F03,2021,12095,-0.001315977778986116,-1.7743284757733877
T0338,F04,2021,11781,-0.0017327056644347535,-3.4549428994481333
T0338,F05,2022,12683,-0.00288263348920411,-4.969060456638276
T0338,F06,2022,13617,-0.002283004257613437,-5.952211843063273
T0338,F07,2023,13153,-0.0017464624999929004,-4.515675555977064
T0338,F08,2023,13794,-0.0015739270637991339,-5.243241204218716
T0339,F01,2020,3337,-0.0008799634945119606,-0.6201639298099639
T0339,F02,2020,7595,-7.120617808517525e-05,-0.06814255461500297
T0339,F03,2021,8195,0.0006646950555178715,0.3885342251518101
T0339,F04,2021,7951,-0.0006384522852460116,-0.5588597006557255
T0339,F05,2022,8438,-0.005313359398979405,-3.927431230718796
T0339,F06,2022,9049,-0.002728744632956202,-3.057643173682739
T0339,F07,2023,8734,-0.0014730654201827044,-1.6591357875670494
T0339,F08,2023,9138,-0.0003833689728877358,-0.6030779303295444
T0340,F01,2020,1951,0.00029296758653509663,0.1201742949590128
T0340,F02,2020,4882,0.0020501637246887134,1.100954444236685
T0340,F03,2021,5547,0.005058921888839749,1.5848694278169897
T0340,F04,2021,5443,0.0020589289492021043,1.0639973078492992
T0340,F05,2022,5600,-0.008478786321002645,-3.767608545936947
T0340,F06,2022,6032,-0.0028021633319869088,-1.8749616866615482
T0340,F07,2023,5827,-0.00023389379489004215,-0.15020899047729727
T0340,F08,2023,6029,0.0009464656206417865,0.8704731151051195
T0341,F01,2020,953,-0.001959337669405026,-6.844573135210173
T0341,F02,2020,1570,-0.001943085093373421,-9.143644787718367
T0341,F03,2021,1498,-0.0019546433869983013,-6.894364075242882
T0341,F04,2021,1487,-0.0016922552663511485,-7.903525750819478
T0341,F05,2022,1127,-0.0016584255069252544,-5.96898093544971
T0341,F06,2022,1018,-0.0022442716590334788,-9.428193492406926
T0341,F07,2023,1182,-0.0015958750529360773,-6.907792903589397
T0341,F08,2023,960,-0.0017757005740854023,-7.578801367231263
T0342,F01,2020,356,-0.0015568548051476715,-1.7893768865880246
T0342,F02,2020,572,-0.0020769555882543195,-2.9207436128423065
T0342,F03,2021,553,-0.00097565984537193,-1.1159430461783963
T0342,F04,2021,546,-0.0011256033290608614,-1.503538826496192
T0342,F05,2022,423,-0.0020896638678512824,-2.3540200218341116
T0342,F06,2022,392,-0.0029517094998277884,-3.376700520607485
T0342,F07,2023,449,-0.0013996312492859017,-1.772300187997655
T0342,F08,2023,368,-0.0015688506788105862,-2.9174529637132105
T0343,F01,2020,147,-0.001033830187049834,-0.43002931782404963
T0343,F02,2020,238,-0.0006507045397760016,-0.3811434161472154
T0343,F03,2021,243,0.002036157311355306,0.8604607243198424
T0343,F04,2021,224,0.0006179593706415024,0.33749093047022494
T0343,F05,2022,188,-0.004816317410536589,-1.8443831113610938
T0343,F06,2022,178,-0.003860906103410579,-1.7242247274911195
T0343,F07,2023,188,0.0002244080812861322,0.11299529998620758
T0343,F08,2023,162,0.0008253335825049758,0.5867349881641073
T0344,F01,2020,85,0.0017514827320031848,0.45321130568468426
T0344,F02,2020,140,-0.003769632512209109,-1.1873738244375742
T0344,F03,2021,160,0.0030098314685172247,0.5507923815205291
T0344,F04,2021,137,-0.0007190251598633337,-0.16352557353576236
T0344,F05,2022,113,-0.00852826840911856,-1.7674647603446034
T0344,F06,2022,108,-0.0052558370498321785,-1.4217864576566985
T0344,F07,2023,111,0.0006508822405410932,0.18670747017225822
T0344,F08,2023,102,0.002746563157312276,0.9523433706921259
T0345,F01,2020,1116,-0.0019344845237942712,-7.7054055297073925
T0345,F02,2020,1662,-0.0019348609053404266,-10.116693651222711
T0345,F03,2021,1641,-0.001565932284635635,-5.97528580086192
T0345,F04,2021,1567,-0.0019645349192325932,-8.432030440139991
T0345,F05,2022,1502,-0.0020849580900189598,-8.75329454471758
T0345,F06,2022,1477,-0.001927117801196285,-10.115732279201339
T0345,F07,2023,1487,-0.002005352303666293,-10.179481106589616
T0345,F08,2023,1501,-0.0020562377053067226,-13.45286954715799
T0346,F01,2020,446,-0.0010414033821708856,-1.599113570500968
T0346,F02,2020,667,-0.0020040808571148436,-2.9388264971140594
T0346,F03,2021,658,-0.0005985963488757809,-0.7205448502819508
T0346,F04,2021,644,-0.0010424055883706208,-1.5449712546430017
T0346,F05,2022,615,-0.001585259345937008,-2.2223938490884425
T0346,F06,2022,611,-0.002463037302420696,-4.069269039703076
T0346,F07,2023,603,-0.0012340518260665506,-2.038002317039145
T0346,F08,2023,642,-0.0017008944758020754,-3.7687375465252733
T0347,F01,2020,192,-0.0018019716094249683,-0.9751207575885149
T0347,F02,2020,291,-0.0009532044768133253,-0.696237810799661
T0347,F03,2021,298,-0.0001538302440217754,-0.0659501500045938
T0347,F04,2021,310,-0.00046978406900946497,-0.2703816923633843
T0347,F05,2022,271,-0.005018583678203313,-2.2003434008764104
T0347,F06,2022,274,-0.0028174232063339117,-1.7692558721330254
T0347,F07,2023,269,0.00034201924356790043,0.21882317561404488
T0347,F08,2023,288,-0.0007614568987498284,-0.743841427800867
T0348,F01,2020,105,-0.0024904222571169596,-0.5946052936951999
T0348,F02,2020,171,0.0008263355460611103,0.24726059763696862
T0348,F03,2021,170,0.0063114567392399765,1.4161048286925515
T0348,F04,2021,189,0.001280354008672865,0.4539896996263986
T0348,F05,2022,170,-0.009093626343001612,-2.1366814827257987
T0348,F06,2022,162,-0.00522174244642019,-1.5925366736394397
T0348,F07,2023,156,-0.0006074656519957683,-0.18741200357035961
T0348,F08,2023,169,0.0008109105655066852,0.3800926102587867
T0349,F01,2020,2536,-0.0014131908772303547,-5.4135355984234375
T0349,F02,2020,6562,-0.0014531469256593118,-6.887755800593103
T0349,F03,2021,4964,-0.0019080566377054503,-4.461507049483522
T0349,F04,2021,5864,-0.0016763479104261881,-7.4267508626404934
T0349,F05,2022,12697,-0.002043032005283225,-9.256134238972598
T0349,F06,2022,12947,-0.0019434434297628536,-14.932415849951791
T0349,F07,2023,9391,-0.0018129232528944542,-11.971509035200008
T0349,F08,2023,7386,-0.0017879960540067223,-14.08847110974054
T0350,F01,2020,954,0.0005693980282513027,0.6742725758461957
T0350,F02,2020,2720,0.00015670727080278795,0.2139646162615811
T0350,F03,2021,2161,-9.100045553268039e-05,-0.057155302185119
T0350,F04,2021,2330,-0.00021039302348970206,-0.25370912022842884
T0350,F05,2022,6668,-0.0019866364488908897,-2.1762757980792116
T0350,F06,2022,6999,-0.0019471135720187521,-4.301040382256836
T0350,F07,2023,4491,-0.0007344517666863441,-1.3147617852588391
T0350,F08,2023,3967,-0.0009614861038862061,-2.2553605337057347
T0351,F01,2020,405,0.005141319218316424,2.2495394125350168
T0351,F02,2020,1173,0.00508571907146117,2.6070060565830335
T0351,F03,2021,917,0.0048178742666921265,1.076999306511789
T0351,F04,2021,985,0.002150929770635876,0.9627326724538404
T0351,F05,2022,3168,-0.002681826391495761,-1.3234790206539058
T0351,F06,2022,3353,-0.001652337539639046,-1.3820868290010146
T0351,F07,2023,2043,0.0021176584915343763,1.415710283856343
T0351,F08,2023,1948,-2.7549018880341138e-05,-0.025278193455831845
T0352,F01,2020,261,0.014439412238448565,3.63963488380231
T0352,F02,2020,723,0.009213458807284232,2.6334844739131413
T0352,F03,2021,567,0.010703946982404849,1.4977653882411566
T0352,F04,2021,574,0.004911480776085529,1.2001360771109992
T0352,F05,2022,2027,-0.004438491261661463,-1.2826140456901374
T0352,F06,2022,2217,-0.0011563408610932497,-0.5660016108022953
T0352,F07,2023,1290,0.004502391381909332,1.5851758291660853
T0352,F08,2023,1243,0.0010322478238893743,0.5255482061072142
T0353,F01,2020,413,-0.0011067534003414681,-1.924578959593669
T0353,F02,2020,1034,-0.00205452473809034,-3.4328335518398303
T0353,F03,2021,403,0.0013035996171243524,0.530733385822563
T0353,F04,2021,852,-0.000364599554430569,-0.5690778468440951
T0353,F05,2022,2367,-0.0015273099009353649,-2.2126773995945475
T0353,F06,2022,2035,-0.0022027895030297304,-6.2969674530603115
T0353,F07,2023,1701,-0.0015537053779076263,-3.8187360318443826
T0353,F08,2023,1429,-0.0016421107190343687,-3.2837508324220677
T0354,F01,2020,145,0.0012467973728018005,0.642720768591873
T0354,F02,2020,360,0.0002888641504318134,0.14793192054570395
T0354,F03,2021,145,0.005417824210319876,0.6350854581838571
T0354,F04,2021,301,0.004301096548747807,1.874867388529846
T0354,F05,2022,859,-0.0002774436218833778,-0.07808699261935641
T0354,F06,2022,728,-0.0021759609267609677,-1.2975718132366398
T0354,F07,2023,602,9.652555605726394e-05,0.07035810380894066
T0354,F08,2023,514,-0.0001034435079619901,-0.04891910016584302
T0355,F01,2020,64,0.007234766560798084,1.4466719211340424
T0355,F02,2020,169,0.0022513521034700644,0.4898731574941552
T0355,F03,2021,67,0.009228868700265215,0.6432501566494028
T0355,F04,2021,132,0.010410658147832024,1.8124420784146114
T0355,F05,2022,388,-0.004321265311308121,-1.0715691817512003
T0355,F06,2022,330,0.0008038042117070023,0.1776580687166582
T0355,F07,2023,285,0.005348568105693181,1.8096057315770693
T0355,F08,2023,239,-0.004483474350914041,-1.2780226234521799
T0356,F01,2020,45,0.01765020865236127,2.959132686707308
T0356,F02,2020,128,0.0107421265213313,1.446863990504126
T0356,F03,2021,54,0.016259975596559537,0.924345832016789
T0356,F04,2021,104,0.018785023951677377,1.8741878295111112
T0356,F05,2022,312,-0.005613910732847574,-0.955793734639895
T0356,F06,2022,245,-0.0004980149941220503,-0.07995013643286343
T0356,F07,2023,216,0.010733853863795542,1.8095020331949054
T0356,F08,2023,184,0.0005964076998563763,0.08666349361357013
T0357,F01,2020,2003,-0.001551464435464092,-2.432447895366129
T0357,F02,2020,3693,-0.0009571002053290048,-1.8249662169519631
T0357,F03,2021,3751,-0.0003913524803810567,-0.47808932523484055
T0357,F04,2021,3730,-0.001042011274790815,-1.7663471621360969
T0357,F05,2022,3260,-0.003738061833187018,-5.584185432966982
T0357,F06,2022,3661,-0.0022993483463769537,-4.7039220613742385
T0357,F07,2023,3675,-0.001792613225380704,-3.598824930358487
T0357,F08,2023,3962,-0.0014271193831649324,-4.015254068116799
T0358,F01,2020,1287,-0.0014744400345641953,-0.8759216277654659
T0358,F02,2020,2898,0.00013100958897300553,0.10074346251383587
T0358,F03,2021,3013,0.000512391336047544,0.2546827212017563
T0358,F04,2021,3016,-0.000478427547165083,-0.33467904690736555
T0358,F05,2022,2539,-0.006378064202297998,-3.6899282914752933
T0358,F06,2022,2952,-0.0033424242016412385,-2.8689061513091563
T0358,F07,2023,2972,-0.0010097487688714372,-0.7951609174863551
T0358,F08,2023,3323,-0.00011722881276335553,-0.13158337808747725
T0359,F01,2020,835,-0.0023849072532100965,-0.7361000990191418
T0359,F02,2020,2188,0.0007187528300743722,0.3104635087739123
T0359,F03,2021,2273,0.002915862900804193,0.7894254545554091
T0359,F04,2021,2232,-0.0017968477309118437,-0.7234245501552506
T0359,F05,2022,1867,-0.009679317498885929,-3.315675934092589
T0359,F06,2022,2210,-0.004150499859964556,-2.1633850565504584
T0359,F07,2023,2311,-0.000751902129683053,-0.32945029045102275
T0359,F08,2023,2496,0.0015678297291025454,1.049663980036395
T0360,F01,2020,2020,-0.0018044218532583,-2.856132596117978
T0360,F02,2020,3680,-0.0010570185781492891,-1.9898483370558977
T0360,F03,2021,3742,-0.0007521295563662447,-0.9338541314730047
T0360,F04,2021,3764,-0.0013768844996187436,-2.262567445851482
T0360,F05,2022,3138,-0.00260908928881135,-3.7587298041448993
T0360,F06,2022,3586,-0.0020366053696471427,-4.17472509360217
T0360,F07,2023,3608,-0.0016021403973419163,-2.969633394894394
T0360,F08,2023,3998,-0.0013143981717666966,-3.6406080767565845
T0361,F01,2020,1336,-0.00203571643065782,-1.1973924058060614
T0361,F02,2020,2936,0.0008031197631591519,0.6014931393513997
T0361,F03,2021,3169,0.001174819810178671,0.6041269397787016
T0361,F04,2021,3080,-0.0010353442484406937,-0.686325749146282
T0361,F05,2022,2465,-0.004712031894503653,-2.571340045419504
T0361,F06,2022,2959,-0.003480917648708181,-2.977335631993642
T0361,F07,2023,2917,-0.0015809593439074425,-1.297896678316601
T0361,F08,2023,3292,-0.00018648098041599054,-0.21340678983922665
T0362,F01,2020,910,-0.0006572319882678574,-0.22290058876235996
T0362,F02,2020,2197,0.0026644514953620873,1.139245802738407
T0362,F03,2021,2401,0.005712364814194747,1.6547885995034135
T0362,F04,2021,2365,-0.001155153889394152,-0.442778876036343
T0362,F05,2022,1884,-0.00642111666434931,-2.2227027446070102
T0362,F06,2022,2197,-0.004878649489502221,-2.526125872914845
T0362,F07,2023,2222,-0.0013652859203709,-0.6564081571826962
T0362,F08,2023,2555,0.0012974526121966052,0.8647985896050896
T0363,F01,2020,1977,-0.0015182567217120924,-2.583250413742607
T0363,F02,2020,3795,-0.0009381034201616571,-1.8019700742137186
T0363,F03,2021,3658,-0.00034105816267100816,-0.3917457016581749
T0363,F04,2021,3704,-0.0010761107968979384,-1.7302856086850935
T0363,F05,2022,2672,-0.003539404192591749,-5.271842809337243
T0363,F06,2022,3261,-0.0019129854382540735,-3.677022125674122
T0363,F07,2023,3447,-0.0017641778616232424,-3.3979300604023406
T0363,F08,2023,3873,-0.0013070636767821843,-3.6604213140135964
T0364,F01,2020,1529,-0.0011737489691197912,-0.7408690869770628
T0364,F02,2020,2978,0.0006550313085108116,0.4842217934469948
T0364,F03,2021,3104,0.0019154833124931244,0.9348815074925908
T0364,F04,2021,3006,0.0007420624736663789,0.48362603512534746
T0364,F05,2022,2059,-0.0050223520503769915,-3.0638725745242588
T0364,F06,2022,2597,-0.00292975788962773,-2.1890800150752465
T0364,F07,2023,2927,-0.00019238515512317615,-0.15318205690532877
T0364,F08,2023,3080,0.0002436082928815057,0.24928799468919405
T0365,F01,2020,1060,0.00078748776565535,0.3010371883076027
T0365,F02,2020,2146,0.0019305483984180223,0.8240895421444462
T0365,F03,2021,2420,0.007293350951903157,2.1741156551254757
T0365,F04,2021,2410,0.0026449639029773233,0.9783016369124103
T0365,F05,2022,1530,-0.007546501458229659,-2.774096770961355
T0365,F06,2022,1998,-0.003979378784663776,-1.7288875625891527
T0365,F07,2023,2233,0.0012789198419780258,0.595182778216444
T0365,F08,2023,2309,0.002775168120320784,1.6156610566627818
T0366,F01,2020,2003,-0.001551464435464092,-2.432447895366129
T0366,F02,2020,3693,-0.0009571002053290048,-1.8249662169519631
T0366,F03,2021,3751,-0.0003913524803810567,-0.47808932523484055
T0366,F04,2021,3730,-0.001042011274790815,-1.7663471621360969
T0366,F05,2022,3260,-0.003738061833187018,-5.584185432966982
T0366,F06,2022,3661,-0.0022993483463769537,-4.7039220613742385
T0366,F07,2023,3675,-0.001792613225380704,-3.598824930358487
T0366,F08,2023,3962,-0.0014271193831649324,-4.015254068116799
T0367,F01,2020,1287,-0.0014744400345641953,-0.8759216277654659
T0367,F02,2020,2898,0.00013100958897300553,0.10074346251383587
T0367,F03,2021,3013,0.000512391336047544,0.2546827212017563
T0367,F04,2021,3016,-0.000478427547165083,-0.33467904690736555
T0367,F05,2022,2539,-0.006378064202297998,-3.6899282914752933
T0367,F06,2022,2952,-0.0033424242016412385,-2.8689061513091563
T0367,F07,2023,2972,-0.0010097487688714372,-0.7951609174863551
T0367,F08,2023,3323,-0.00011722881276335553,-0.13158337808747725
T0368,F01,2020,835,-0.0023849072532100965,-0.7361000990191418
T0368,F02,2020,2188,0.0007187528300743722,0.3104635087739123
T0368,F03,2021,2273,0.002915862900804193,0.7894254545554091
T0368,F04,2021,2232,-0.0017968477309118437,-0.7234245501552506
T0368,F05,2022,1867,-0.009679317498885929,-3.315675934092589
T0368,F06,2022,2210,-0.004150499859964556,-2.1633850565504584
T0368,F07,2023,2311,-0.000751902129683053,-0.32945029045102275
T0368,F08,2023,2496,0.0015678297291025454,1.049663980036395
T0369,F01,2020,2020,-0.0018044218532583,-2.856132596117978
T0369,F02,2020,3680,-0.0010570185781492891,-1.9898483370558977
T0369,F03,2021,3742,-0.0007521295563662447,-0.9338541314730047
T0369,F04,2021,3764,-0.0013768844996187436,-2.262567445851482
T0369,F05,2022,3138,-0.00260908928881135,-3.7587298041448993
T0369,F06,2022,3586,-0.0020366053696471427,-4.17472509360217
T0369,F07,2023,3608,-0.0016021403973419163,-2.969633394894394
T0369,F08,2023,3998,-0.0013143981717666966,-3.6406080767565845
T0370,F01,2020,1336,-0.00203571643065782,-1.1973924058060614
T0370,F02,2020,2936,0.0008031197631591519,0.6014931393513997
T0370,F03,2021,3169,0.001174819810178671,0.6041269397787016
T0370,F04,2021,3080,-0.0010353442484406937,-0.686325749146282
T0370,F05,2022,2465,-0.004712031894503653,-2.571340045419504
T0370,F06,2022,2959,-0.003480917648708181,-2.977335631993642
T0370,F07,2023,2917,-0.0015809593439074425,-1.297896678316601
T0370,F08,2023,3292,-0.00018648098041599054,-0.21340678983922665
T0371,F01,2020,910,-0.0006572319882678574,-0.22290058876235996
T0371,F02,2020,2197,0.0026644514953620873,1.139245802738407
T0371,F03,2021,2401,0.005712364814194747,1.6547885995034135
T0371,F04,2021,2365,-0.001155153889394152,-0.442778876036343
T0371,F05,2022,1884,-0.00642111666434931,-2.2227027446070102
T0371,F06,2022,2197,-0.004878649489502221,-2.526125872914845
T0371,F07,2023,2222,-0.0013652859203709,-0.6564081571826962
T0371,F08,2023,2555,0.0012974526121966052,0.8647985896050896
T0372,F01,2020,1977,-0.0015182567217120924,-2.583250413742607
T0372,F02,2020,3795,-0.0009381034201616571,-1.8019700742137186
T0372,F03,2021,3658,-0.00034105816267100816,-0.3917457016581749
T0372,F04,2021,3704,-0.0010761107968979384,-1.7302856086850935
T0372,F05,2022,2672,-0.003539404192591749,-5.271842809337243
T0372,F06,2022,3261,-0.0019129854382540735,-3.677022125674122
T0372,F07,2023,3447,-0.0017641778616232424,-3.3979300604023406
T0372,F08,2023,3873,-0.0013070636767821843,-3.6604213140135964
T0373,F01,2020,1529,-0.0011737489691197912,-0.7408690869770628
T0373,F02,2020,2978,0.0006550313085108116,0.4842217934469948
T0373,F03,2021,3104,0.0019154833124931244,0.9348815074925908
T0373,F04,2021,3006,0.0007420624736663789,0.48362603512534746
T0373,F05,2022,2059,-0.0050223520503769915,-3.0638725745242588
T0373,F06,2022,2597,-0.00292975788962773,-2.1890800150752465
T0373,F07,2023,2927,-0.00019238515512317615,-0.15318205690532877
T0373,F08,2023,3080,0.0002436082928815057,0.24928799468919405
T0374,F01,2020,1060,0.00078748776565535,0.3010371883076027
T0374,F02,2020,2146,0.0019305483984180223,0.8240895421444462
T0374,F03,2021,2420,0.007293350951903157,2.1741156551254757
T0374,F04,2021,2410,0.0026449639029773233,0.9783016369124103
T0374,F05,2022,1530,-0.007546501458229659,-2.774096770961355
T0374,F06,2022,1998,-0.003979378784663776,-1.7288875625891527
T0374,F07,2023,2233,0.0012789198419780258,0.595182778216444
T0374,F08,2023,2309,0.002775168120320784,1.6156610566627818
T0375,F01,2020,1817,-0.0020645184443257077,-3.2531886681577227
T0375,F02,2020,3694,-0.0007776264792780994,-1.5179433939405578
T0375,F03,2021,3666,-0.0003158637700702062,-0.3825315727423472
T0375,F04,2021,3726,-0.001338379668072127,-2.2695231639680786
T0375,F05,2022,3368,-0.003626307447056084,-5.441653313449738
T0375,F06,2022,3717,-0.00237252210615941,-4.775354784141479
T0375,F07,2023,3698,-0.0019384016666495903,-3.6108261033409863
T0375,F08,2023,3988,-0.0014193082072089718,-3.860041510080089
T0376,F01,2020,1216,-0.0021634402959328984,-1.2242166790462805
T0376,F02,2020,2804,-0.0007292625619987809,-0.5450227526440149
T0376,F03,2021,2886,0.0015527236662855205,0.7584618558820954
T0376,F04,2021,2919,0.0006762153417635285,0.4521063243371847
T0376,F05,2022,2483,-0.006818142690227281,-3.8470249724491987
T0376,F06,2022,2861,-0.0031223506441458927,-2.637081660856578
T0376,F07,2023,2964,-0.0008382032784008623,-0.6456522448942362
T0376,F08,2023,3206,-0.0003493625823658275,-0.382739374547712
T0377,F01,2020,817,-0.0002124822299839716,-0.06958712129441105
T0377,F02,2020,2137,0.0007282419222713955,0.32094336744742635
T0377,F03,2021,2117,0.004518546611351754,1.2759417390674568
T0377,F04,2021,2146,6.699763844561256e-05,0.026417528502115983
T0377,F05,2022,1867,-0.010268378988821021,-3.485462440365574
T0377,F06,2022,2189,-0.004701397583353016,-2.2893163966226404
T0377,F07,2023,2322,2.1910634958131577e-05,0.009852993072419476
T0377,F08,2023,2610,0.0008847629578551889,0.5913682280518017
T0378,F01,2020,1409,-0.002241781328558121,-3.4949569543163443
T0378,F02,2020,3285,-0.0018804628305935961,-3.337958499518159
T0378,F03,2021,3401,-0.0004709645668463943,-0.568529690334376
T0378,F04,2021,3531,-0.001311910430805182,-2.147069033260454
T0378,F05,2022,3044,-0.0035510792569187874,-4.8989529341817795
T0378,F06,2022,3368,-0.002364774918671515,-4.779026132004036
T0378,F07,2023,3361,-0.0017309854975739046,-3.168436068512374
T0378,F08,2023,3582,-0.0015394767404221753,-3.996532194866449
T0379,F01,2020,939,-0.002426021572284421,-1.3618478393456575
T0379,F02,2020,2455,-0.0013823856904849902,-0.9937102932603413
T0379,F03,2021,2758,0.001046328550012608,0.5055184899513743
T0379,F04,2021,2759,0.00025301175035876425,0.16151175395451456
T0379,F05,2022,2283,-0.00684933978287338,-3.6593420398575756
T0379,F06,2022,2552,-0.002910487939534609,-2.3805126915193253
T0379,F07,2023,2573,-0.0007478962201453949,-0.5569590090330018
T0379,F08,2023,2841,-1.4998409878145663e-05,-0.015428472386391615
T0380,F01,2020,678,-0.0015782808562637266,-0.5442584341576261
T0380,F02,2020,1858,-0.0018072099325681507,-0.7085658362819524
T0380,F03,2021,2090,0.0037092984209085218,1.0458765577338087
T0380,F04,2021,2104,-0.0011699405494721704,-0.4254592950947024
T0380,F05,2022,1773,-0.010652507661496207,-3.5314860266130164
T0380,F06,2022,1972,-0.003996916159148629,-1.869918343420491
T0380,F07,2023,1969,0.00037482398507364173,0.1650358274152599
T0380,F08,2023,2222,0.0018663621760952975,1.2092885303640757
T0381,F01,2020,1383,-0.0007931322430392551,-1.1006731302611947
T0381,F02,2020,3170,-0.0021232139068870074,-3.9105666427668626
T0381,F03,2021,3133,-0.00120052864477864,-1.365502866483915
T0381,F04,2021,3239,-0.0016839739049893056,-2.7521053683699943
T0381,F05,2022,2920,-0.0035763224882696433,-4.944219016428429
T0381,F06,2022,3258,-0.002912220831920435,-5.847860930175501
T0381,F07,2023,3225,-0.002516572496600606,-4.802580448922351
T0381,F08,2023,3550,-0.0014852372233805878,-3.766402535363941
T0382,F01,2020,1000,-0.0010539986169878482,-0.578387705866683
T0382,F02,2020,2447,-0.0020266333391511606,-1.500475784288808
T0382,F03,2021,2485,0.0024553982492380748,1.197018015493082
T0382,F04,2021,2597,-0.0016855936399919407,-1.153471189442416
T0382,F05,2022,2260,-0.0074995242117649455,-4.200357594425282
T0382,F06,2022,2543,-0.004235289719477839,-3.3811285043680184
T0382,F07,2023,2614,-0.002078575397454585,-1.5921454164703799
T0382,F08,2023,2895,-0.0007630009590265013,-0.8839528397696146
T0383,F01,2020,760,-0.00021453944984647835,-0.06471680981066533
T0383,F02,2020,2012,-0.0005233119712069273,-0.21505765170918428
T0383,F03,2021,2003,0.0055592563658643885,1.5083601188288807
T0383,F04,2021,2118,0.0016055541512855578,0.6190685709311299
T0383,F05,2022,1845,-0.010741074845147197,-3.3402131361301426
T0383,F06,2022,2150,-0.006344520530173064,-2.9922753713693706
T0383,F07,2023,2167,-0.0007892741657852282,-0.3593383694209851
T0383,F08,2023,2393,0.001061254505406545,0.6689924764806859
T0384,F01,2020,627,-0.001958732954498062,-1.9672420720230281
T0384,F02,2020,1846,-0.0028895263432189107,-4.147553739610698
T0384,F03,2021,2218,-0.0013471784662644304,-1.350304424627178
T0384,F04,2021,2164,-0.00178993358287285,-2.126596807336588
T0384,F05,2022,1546,-0.003988900516451859,-4.430823372835607
T0384,F06,2022,1624,-0.0037298240196879215,-4.988993757878104
T0384,F07,2023,1653,-0.0018284343953452406,-2.381615502926835
T0384,F08,2023,2037,-0.0022152990289086042,-3.540708781219548
T0385,F01,2020,523,-0.0014748196906780905,-0.6640980847196044
T0385,F02,2020,1594,-0.0015347737042026922,-1.0451814049329173
T0385,F03,2021,1921,0.0012567255847529904,0.5498418267876588
T0385,F04,2021,1830,-0.0012590202280060867,-0.7612587554877209
T0385,F05,2022,1342,-0.00820499646587625,-4.217262821712924
T0385,F06,2022,1424,-0.005512507587650503,-3.574704112519274
T0385,F07,2023,1449,-0.0034214173935919216,-2.1287899084256274
T0385,F08,2023,1749,-0.002004763703228818,-1.5879021752572096
T0386,F01,2020,451,-0.0049873630990745765,-1.4825342944311497
T0386,F02,2020,1329,-0.0007059864049562491,-0.2588065530096335
T0386,F03,2021,1593,0.006264375029289039,1.3878133483673802
T0386,F04,2021,1529,-0.0004447423874036126,-0.1473923003549138
T0386,F05,2022,1139,-0.014190432244654255,-4.193605441568627
T0386,F06,2022,1234,-0.006518839606310965,-2.6515349700716873
T0386,F07,2023,1238,-0.002344879956802155,-0.8260090673909339
T0386,F08,2023,1509,0.0017522826617538448,0.9129899992345526
T0387,F01,2020,455,-0.0019282722256460322,-1.6727892485384452
T0387,F02,2020,1393,-0.00212783632477171,-2.544097026866604
T0387,F03,2021,1801,-0.001050215681661997,-0.8623061070186705
T0387,F04,2021,1726,-0.0015361788600684314,-1.6188495003973193
T0387,F05,2022,1073,-0.002915363532909795,-2.9456272673728208
T0387,F06,2022,1122,-0.003897569074678091,-4.206927142241936
T0387,F07,2023,1181,-0.001837030440828273,-1.8490486347340491
T0387,F08,2023,1503,-0.001966414357386504,-2.470977211786695
T0388,F01,2020,381,0.00038771732234561406,0.14623022929594495
T0388,F02,2020,1197,0.0013703640481510957,0.7671178727206256
T0388,F03,2021,1538,0.0024641985843295335,0.9641057096272512
T0388,F04,2021,1464,-0.0018865106774193638,-0.9837755054972239
T0388,F05,2022,921,-0.005835997580594158,-2.6091645533832364
T0388,F06,2022,996,-0.006012748070869952,-3.379272664818996
T0388,F07,2023,1045,-0.0034635072278880524,-1.7617832942344527
T0388,F08,2023,1309,-0.0017019015097042836,-1.1627346737733952
T0389,F01,2020,321,-0.0008525062838743069,-0.20877652857686402
T0389,F02,2020,1024,0.0025579507246210284,0.7890490303401705
T0389,F03,2021,1298,0.011306411024093152,2.1636940915394005
T0389,F04,2021,1273,-0.0028941357578502478,-0.9406816634086562
T0389,F05,2022,783,-0.008051742220712239,-2.080659012848699
T0389,F06,2022,890,-0.00966784102003142,-3.5732808375810765
T0389,F07,2023,898,-0.0023653049709086845,-0.7092254162781685
T0389,F08,2023,1121,0.0012441372182474299,0.5586134906764202
T0390,F01,2020,434,-0.0024422341065014857,-2.065109633821642
T0390,F02,2020,1352,-0.0022478042774836155,-2.64561094540772
T0390,F03,2021,1742,-0.0021492574720198537,-1.6705572383459042
T0390,F04,2021,1640,-0.0013349927810647434,-1.3409998422804055
T0390,F05,2022,1022,-0.002895235047788533,-2.9114462324786388
T0390,F06,2022,1070,-0.004106255542682877,-3.9984848051580726
T0390,F07,2023,1119,-0.0018992048301733147,-1.7638878903089417
T0390,F08,2023,1441,-0.0019579797788294826,-2.308538278987353
T0391,F01,2020,361,-0.000747288815813475,-0.26454949275395967
T0391,F02,2020,1149,0.0012191228270997288,0.6554405436005076
T0391,F03,2021,1481,0.0020169490051641244,0.7453303136851848
T0391,F04,2021,1389,-0.001972539614778672,-1.0104148537760569
T0391,F05,2022,875,-0.005436273478766993,-2.4282187974630363
T0391,F06,2022,947,-0.006685346629546474,-3.5768700137277656
T0391,F07,2023,988,-0.003619508359978793,-1.7748454028836573
T0391,F08,2023,1247,-0.0018984980268847895,-1.250988826702187
T0392,F01,2020,305,-0.0017121774119601342,-0.4084008879046998
T0392,F02,2020,982,0.0023278113738436053,0.7088596948108437
T0392,F03,2021,1254,0.009296966952606995,1.7343269294919472
T0392,F04,2021,1207,-0.002888101404428384,-0.9290501229217532
T0392,F05,2022,748,-0.008033799922924837,-2.006702955893895
T0392,F06,2022,853,-0.011280537831513348,-3.993573578125081
T0392,F07,2023,853,-0.003035800883102173,-0.8963633947829517
T0392,F08,2023,1070,0.0010407721347311318,0.4493618093373801
T0393,F01,2020,1662,-0.0012012371413864234,-1.8000814787427002
T0393,F02,2020,3527,-0.0017238460071609795,-3.0251473220626335
T0393,F03,2021,3467,-0.0014566907921049635,-1.6855127664777572
T0393,F04,2021,3584,-0.0014264476205143436,-2.3609390167799265
T0393,F05,2022,3260,-0.0037546234442777256,-5.377020849441523
T0393,F06,2022,3581,-0.002542631473274612,-5.131896131659406
T0393,F07,2023,3580,-0.0022443782935153826,-4.4000095754861155
T0393,F08,2023,3922,-0.0014613939489162865,-3.76848264370119
T0394,F01,2020,1087,-0.0017860333767147536,-0.9318589970338439
T0394,F02,2020,2600,-0.0010951013584193613,-0.8107739961729624
T0394,F03,2021,2521,3.850123715605248e-05,0.017572053009662074
T0394,F04,2021,2639,-0.0016976436988163834,-1.1009461277627748
T0394,F05,2022,2283,-0.006228871273177872,-3.461419151498902
T0394,F06,2022,2591,-0.003598765092880193,-2.8107772813600103
T0394,F07,2023,2748,-0.001547787444053492,-1.2049296830258562
T0394,F08,2023,3091,-0.0009254621866700936,-0.9627976644045266
T0395,F01,2020,753,0.0006706301009405992,0.19291717102404063
T0395,F02,2020,2019,0.000931207648899057,0.4033943832856848
T0395,F03,2021,1959,0.002468211043471379,0.6516616445216891
T0395,F04,2021,2012,0.002857458128036501,1.0490728588333205
T0395,F05,2022,1808,-0.009212682694481035,-3.099801104967306
T0395,F06,2022,2031,-0.00544922283726638,-2.531338743138426
T0395,F07,2023,2127,-0.001041107374263752,-0.47232537243916467
T0395,F08,2023,2468,0.0007160552302020787,0.472895725256171
T0396,F01,2020,1750,-0.0015108795988581294,-2.373120549738625
T0396,F02,2020,3521,-0.0018995047445887119,-3.6885299737156596
T0396,F03,2021,3543,-0.0005924756977175822,-0.7167296413707609
T0396,F04,2021,3616,-0.0016663343861807848,-2.8410911165438013
T0396,F05,2022,3250,-0.0025762306711458343,-3.3678094218722094
T0396,F06,2022,3629,-0.0025186640539956963,-5.149088955711628
T0396,F07,2023,3580,-0.002244571727205111,-4.458705762097204
T0396,F08,2023,3958,-0.0015480895233533306,-4.593790540287196
T0397,F01,2020,1128,-0.000552637418603067,-0.310915019795198
T0397,F02,2020,2464,-0.00015196193779587014,-0.11286096930511044
T0397,F03,2021,2555,0.0015991184066735749,0.7295264622734325
T0397,F04,2021,2592,-0.00031763644332146606,-0.2058395592239833
T0397,F05,2022,2236,-0.006506455934083168,-3.5279322085364018
T0397,F06,2022,2645,-0.0039865626922247314,-3.1205282115213278
T0397,F07,2023,2643,-0.001452219428568266,-1.0952556441601338
T0397,F08,2023,3035,-0.00021909301237925594,-0.24255822225747797
T0398,F01,2020,810,-9.319310926984728e-05,-0.030508191121971336
T0398,F02,2020,1881,0.002073801663589871,0.8198538793894414
T0398,F03,2021,1933,0.005677443270524166,1.5853826767386265
T0398,F04,2021,1924,-0.00034099621709019173,-0.12458613073757728
T0398,F05,2022,1659,-0.010831065229159319,-3.310671750761667
T0398,F06,2022,2031,-0.004595442908335016,-2.0954278149741055
T0398,F07,2023,2030,-0.0008358973419594928,-0.3734258777663691
T0398,F08,2023,2375,0.0006320576955709408,0.41322820037087055
T0399,F01,2020,1728,-0.002296252321769589,-4.0285614740700595
T0399,F02,2020,3608,-0.001302781496862775,-2.4274969205790287
T0399,F03,2021,3641,-0.0007936289220505279,-0.894572496463893
T0399,F04,2021,3680,-0.0010951380010608754,-1.9032288228806307
T0399,F05,2022,3186,-0.00377153608373297,-5.612655162780782
T0399,F06,2022,3571,-0.0023971858726055664,-5.021585685569702
T0399,F07,2023,3574,-0.0019748303104388408,-3.717926591498692
T0399,F08,2023,3916,-0.0013820474216415884,-3.485907549644009
T0400,F01,2020,1040,-0.003589992413577258,-2.166211847273395
T0400,F02,2020,2536,-0.00038499818111668095,-0.2823354779909389
T0400,F03,2021,2758,0.0007965438332205058,0.39418834130048325
T0400,F04,2021,2709,-0.00100992292917661,-0.6640534514662141
T0400,F05,2022,2285,-0.007117420172939313,-3.9981780566511316
T0400,F06,2022,2645,-0.0036212269807420843,-3.0392143193997607
T0400,F07,2023,2673,-0.0017811162852541598,-1.3749816591396808
T0400,F08,2023,3076,8.259906198824462e-05,0.08941267487711055
T0401,F01,2020,720,-0.001233593188739928,-0.4364014585300206
T0401,F02,2020,1796,0.0011362168024607712,0.4543972662689761
T0401,F03,2021,1981,0.006730085443825077,1.7761987073497982
T0401,F04,2021,1866,0.0002865584398602615,0.10876830845902494
T0401,F05,2022,1630,-0.010917530549178487,-3.446845763864183
T0401,F06,2022,2021,-0.005483235147092231,-2.5603285267775204
T0401,F07,2023,1972,-0.0016077537839823842,-0.7020263415568726
T0401,F08,2023,2365,0.0011293465433264464,0.711576130249182
T0402,F01,2020,496,-0.004240060278479635,-1.7119035995768335
T0402,F02,2020,1395,-0.00017227535049656574,-0.1955134194071074
T0402,F03,2021,1256,0.00022792014680919466,0.13957886993909582
T0402,F04,2021,1400,-0.001700231675441516,-1.6924325351170777
T0402,F05,2022,1469,-0.004094006460639325,-3.678536086917846
T0402,F06,2022,1704,-0.002787636320583949,-4.151546121773777
T0402,F07,2023,1615,-0.0015155647623807658,-2.057409670451694
T0402,F08,2023,1908,-0.0011930726467554937,-2.227146933939942
T0403,F01,2020,399,-0.004083651931905115,-0.9841530874598965
T0403,F02,2020,1119,0.0006323505216661754,0.30315563228211434
T0403,F03,2021,1035,0.002111975063576705,0.6503409861076136
T0403,F04,2021,1131,-0.0002187278561065088,-0.09563477683873216
T0403,F05,2022,1114,-0.00438864426250248,-1.741756695230142
T0403,F06,2022,1329,-0.0027627963428720438,-1.8360404544474258
T0403,F07,2023,1278,-0.0003080914240697777,-0.1734332221476044
T0403,F08,2023,1507,-0.0008240178070134127,-0.7521376786336305
T0404,F01,2020,343,0.001234017380160727,0.1887768904149774
T0404,F02,2020,970,0.00186138053176604,0.532974079069571
T0404,F03,2021,902,0.008778799385804434,1.6765628047095218
T0404,F04,2021,963,0.002766239783443387,0.7907151289982858
T0404,F05,2022,910,-0.007183760792969943,-1.7990470026707652
T0404,F06,2022,1128,-0.004354891677045943,-1.5608827124000118
T0404,F07,2023,1042,0.0007804518174279198,0.27405778088258004
T0404,F08,2023,1297,0.000991810388469808,0.5277999991047883
T0405,F01,2020,190,-0.006047630322810342,-1.226816008913945
T0405,F02,2020,552,0.00017176252071179638,0.11101170105738559
T0405,F03,2021,441,0.0038188899634056727,1.178591508728248
T0405,F04,2021,541,0.00020092273174684476,0.10861740478586715
T0405,F05,2022,744,-0.0050475585245088155,-2.7020472510447666
T0405,F06,2022,847,-0.0029383032591892067,-2.752586077166666
T0405,F07,2023,765,-0.0017619679795774226,-1.5493773672081435
T0405,F08,2023,779,-0.0009736848405420219,-1.2870960102465918
T0406,F01,2020,144,-0.006832065012499671,-0.9363947523678597
T0406,F02,2020,425,0.0001607336123592967,0.04516327141591195
T0406,F03,2021,352,0.007482712500486635,1.3374164641671746
T0406,F04,2021,427,0.0023590107688846204,0.6316538167585422
T0406,F05,2022,562,-0.00689681804721674,-2.0008949437426127
T0406,F06,2022,648,-0.0014926274490616848,-0.5924755177911482
T0406,F07,2023,578,-0.0016971096495092238,-0.6147913370895474
T0406,F08,2023,609,-0.00026130991577352335,-0.14742923872815117
T0407,F01,2020,121,0.008088119636609084,0.74121978474875
T0407,F02,2020,372,0.003967078086178186,0.7518928863088749
T0407,F03,2021,310,0.015714503434975245,1.7991552043915349
T0407,F04,2021,373,0.005319472917964577,0.9775520746581894
T0407,F05,2022,464,-0.004069254726199455,-0.7172062896664019
T0407,F06,2022,546,-0.0026353163407842463,-0.6626265433805085
T0407,F07,2023,474,-0.002625124762927019,-0.6744020828744334
T0407,F08,2023,516,0.0010577560369156012,0.3736482325440507
T0408,F01,2020,108,-0.016587931403983243,-1.6216014359355033
T0408,F02,2020,272,0.0034673696408145825,1.6845878218234829
T0408,F03,2021,192,0.015403401859399105,2.8554589263945074
T0408,F04,2021,243,0.0020243194132726367,0.611142514772009
T0408,F05,2022,431,-0.005970127548975085,-1.8985771481007205
T0408,F06,2022,492,-0.0019200209362731306,-1.0420785187521968
T0408,F07,2023,382,0.0001502707935355247,0.08454720079173537
T0408,F08,2023,379,-0.0015071167392896887,-1.2685348297081827
T0409,F01,2020,73,-0.013274743974675979,-1.1297280904016158
T0409,F02,2020,216,0.0032926817175390755,0.7156873198146781
T0409,F03,2021,156,0.019511169133842644,2.178361744846807
T0409,F04,2021,186,0.006033044672660928,0.9783081421547793
T0409,F05,2022,324,-0.0067415167646581444,-1.2213370777700974
T0409,F06,2022,357,-0.0014066179841340386,-0.4221279653821357
T0409,F07,2023,281,-0.000277013390327081,-0.07903546251085464
T0409,F08,2023,274,-0.0012203109714545668,-0.4998182209579898
T0410,F01,2020,64,-0.01611655156316003,-0.882802188300913
T0410,F02,2020,189,0.005339373902158418,0.70291989356147
T0410,F03,2021,141,0.04075543669336782,2.979541146854394
T0410,F04,2021,157,0.011266684430006136,1.4009513286599673
T0410,F05,2022,278,-0.003734257133594177,-0.5078100600799863
T0410,F06,2022,297,0.002321045256436211,0.38357460642454866
T0410,F07,2023,238,0.0014734516179305038,0.3039441404702457
T0410,F08,2023,227,0.001902461297139156,0.48022249607711465
T0411,F01,2020,471,-0.0005580094893773351,-0.3747637648567648
T0411,F02,2020,2168,-0.0004065876921204073,-0.4805157194145353
T0411,F03,2021,2849,-0.0008021557187815736,-0.7639746438184651
T0411,F04,2021,1738,8.234411644396342e-05,0.0750354167327157
T0411,F05,2022,1742,-0.004068088622565287,-3.523291128194912
T0411,F06,2022,1265,-0.0029753357651219237,-2.6084749170618595
T0411,F07,2023,1778,-0.0009152346582135827,-0.9739977498166218
T0411,F08,2023,2285,-0.0005064579848888814,-0.6981760800457375
T0412,F01,2020,309,-0.0032486604299652453,-0.7395826957733483
T0412,F02,2020,1503,0.0018089871256150815,0.9213254693360081
T0412,F03,2021,2048,0.00199311068591468,0.7926160929829571
T0412,F04,2021,1149,-0.0012886673940532933,-0.5306156983150687
T0412,F05,2022,1215,-0.004740441105167766,-1.8601765174295828
T0412,F06,2022,861,-0.004876783342944481,-1.9757362233778095
T0412,F07,2023,1262,0.00010273934512552232,0.04931229674683392
T0412,F08,2023,1613,0.0012307818904896018,0.7323518295221695
T0413,F01,2020,220,-0.003749131748153148,-0.5584210506838923
T0413,F02,2020,1131,0.007307475396049755,2.1771649540170155
T0413,F03,2021,1609,0.007816437467749836,1.7159334542782776
T0413,F04,2021,836,0.006590037796400693,1.5698394547997594
T0413,F05,2022,919,-0.008059021733330864,-1.8454379266229175
T0413,F06,2022,652,-0.0035083690724895624,-0.7250676886189835
T0413,F07,2023,955,0.0023411905827593698,0.6401948001185346
T0413,F08,2023,1172,0.006887798633086396,2.5443634598367715
T0414,F01,2020,1580,-0.0017058030755571483,-2.741918312225595
T0414,F02,2020,3313,-0.0016751120913113047,-3.1717602492162165
T0414,F03,2021,3370,-0.001004668076902677,-1.2228693940528654
T0414,F04,2021,3427,-0.0015580502490269517,-2.463251571154934
T0414,F05,2022,3052,-0.0038952354778576336,-5.330498945505281
T0414,F06,2022,3384,-0.002452425116952379,-5.049404810262254
T0414,F07,2023,3381,-0.0020713203196876047,-4.313669049437066
T0414,F08,2023,3684,-0.0012427051517817816,-3.201583450292176
T0415,F01,2020,1210,-0.002560670530530757,-1.3779700682626645
T0415,F02,2020,2752,-0.00033325451904045293,-0.26533047493932016
T0415,F03,2021,2882,0.0011820578608503656,0.5643883987828417
T0415,F04,2021,2863,9.068066904648502e-05,0.059966008302839886
T0415,F05,2022,2531,-0.006607265065766236,-3.5835551751728167
T0415,F06,2022,2890,-0.003736211860246093,-3.2332397375979567
T0415,F07,2023,2841,-0.0013073757277060917,-1.0108672288760292
T0415,F08,2023,3163,-0.00039045730998008135,-0.4435599728669313
T0416,F01,2020,933,-0.0015617595113998249,-0.49177347164645036
T0416,F02,2020,2225,0.0004947646174732605,0.22328311563778314
T0416,F03,2021,2439,0.005712922907829328,1.620601313190307
T0416,F04,2021,2334,0.00027982892162649645,0.10808251361649229
T0416,F05,2022,2086,-0.011065086346846564,-3.715216779172695
T0416,F06,2022,2416,-0.005334557783806414,-2.6173944297860396
T0416,F07,2023,2361,0.0009428240458506959,0.43203852304677676
T0416,F08,2023,2597,0.0010675878143432895,0.7176935403404445
T0417,F01,2020,589,-0.0009486000534227846,-0.8288906440815581
T0417,F02,2020,1826,-0.0014654073562650712,-1.6408058942300008
T0417,F03,2021,2090,0.0009647025474915271,0.7645390103668217
T0417,F04,2021,2067,-0.0011791974435900368,-1.2833999978259099
T0417,F05,2022,1681,-0.0035508973986892534,-3.492790221724875
T0417,F06,2022,1784,-0.0025304845088390472,-3.0851267019996267
T0417,F07,2023,1867,-0.001488685916008399,-2.0315890933150627
T0417,F08,2023,2143,-0.0007293739943341717,-1.0440701789672324
T0418,F01,2020,403,-0.0026117565141090563,-0.8056955942348865
T0418,F02,2020,1341,-0.00016615153886345406,-0.08889690147872058
T0418,F03,2021,1609,0.006207814154817681,2.0795059766297435
T0418,F04,2021,1560,-0.0003790373375980316,-0.18707880477671118
T0418,F05,2022,1245,-0.006022719963224575,-2.5668555202879415
T0418,F06,2022,1344,-0.0034058450002363736,-1.7600940389828137
T0418,F07,2023,1385,-0.0017776441781811993,-1.0103729844172153
T0418,F08,2023,1555,-0.00019141058252143412,-0.13006546024168783
T0419,F01,2020,324,-0.0010022551137123896,-0.25919248806967793
T0419,F02,2020,1039,0.0034713914197327116,1.0839635388739846
T0419,F03,2021,1211,0.011270314187121348,2.178501648397583
T0419,F04,2021,1236,0.002601894314611816,0.7375321002492247
T0419,F05,2022,957,-0.009016767235661693,-2.1562214128646002
T0419,F06,2022,1034,-0.002395107259926278,-0.7049847054050766
T0419,F07,2023,1113,0.0012235588430140143,0.43428152844249274
T0419,F08,2023,1217,0.0035235874164477143,1.572042475307538
T0420,F01,2020,654,-0.001459843237230111,-1.6179476028953543
T0420,F02,2020,1790,-0.0026045104658896944,-3.1818516356665487
T0420,F03,2021,1940,-0.0019735693595480408,-1.8870634005039246
T0420,F04,2021,2072,-0.001224560613830143,-1.5140102140887617
T0420,F05,2022,1661,-0.004358911545617452,-4.5828789186356795
T0420,F06,2022,1803,-0.0035567416424201613,-5.1161654292623115
T0420,F07,2023,1812,-0.002702012756546246,-3.8096287418109194
T0420,F08,2023,2022,-0.002014512388916358,-3.1910222111812327
T0421,F01,2020,540,0.0005792243864579004,0.29695292622045344
T0421,F02,2020,1517,-0.0012007084630960342,-0.721624574144896
T0421,F03,2021,1710,0.0021035020797531626,0.9282907737773168
T0421,F04,2021,1806,0.00036931035573096083,0.2060395389084596
T0421,F05,2022,1459,-0.007100508109388087,-3.566870692390686
T0421,F06,2022,1571,-0.004922933726644039,-3.5748144365699837
T0421,F07,2023,1566,-0.0020794233036321233,-1.2970253522319124
T0421,F08,2023,1760,-0.000745111422382637,-0.6121004919076037
T0422,F01,2020,457,-0.0011019011254336168,-0.3566320685941576
T0422,F02,2020,1347,-0.0005427706779498922,-0.18557785283648742
T0422,F03,2021,1506,0.009358489297880475,1.8555339397326291
T0422,F04,2021,1573,-0.00011795236372358226,-0.03969332857888838
T0422,F05,2022,1275,-0.008586919124658896,-2.5349572733179344
T0422,F06,2022,1339,-0.005187203062859575,-2.095921762638579
T0422,F07,2023,1319,-0.002488658017161784,-0.9138591290624453
T0422,F08,2023,1490,0.002215647079321454,1.0900679582896178
T0423,F01,2020,1558,-0.0021280698145760835,-2.088487881741967
T0423,F02,2020,3462,-0.0012530663743933709,-2.2238000077240256
T0423,F03,2021,3455,-0.0013446749560427464,-1.474390215933399
T0423,F04,2021,3605,-0.0013427955940181547,-2.029899991129075
T0423,F05,2022,3372,-0.0028178904363221516,-3.9083082737699644
T0423,F06,2022,3667,-0.002327199876004748,-4.656850234110364
T0423,F07,2023,3560,-0.0019565556948243834,-4.040981416084519
T0423,F08,2023,3902,-0.0014135262836035662,-4.061090911821277
T0424,F01,2020,1019,-0.0004106521340013298,-0.19756482540704934
T0424,F02,2020,2599,-0.0005265000345079378,-0.3499186595037658
T0424,F03,2021,2662,0.0008897754763992965,0.38652189195752196
T0424,F04,2021,2891,0.00027232036144682407,0.1638525862719232
T0424,F05,2022,2627,-0.006164179060819831,-3.2708304369265506
T0424,F06,2022,2837,-0.0035805482990721367,-2.7741670784786914
T0424,F07,2023,2770,-0.0009419506186457642,-0.7263779482812389
T0424,F08,2023,3223,-0.00046452696624756996,-0.5117482063874544
T0425,F01,2020,652,0.0005987732885079203,0.17365193339474297
T0425,F02,2020,2016,0.0014382128236726168,0.5619000795277682
T0425,F03,2021,2071,0.004277129639157808,1.13499266350431
T0425,F04,2021,2271,0.0023640472706389763,0.8236299385455016
T0425,F05,2022,1999,-0.01038781276787356,-3.4532987381464024
T0425,F06,2022,2201,-0.005284748629119201,-2.4207654715638816
T0425,F07,2023,2147,-0.0004975777801617861,-0.2340046281757161
T0425,F08,2023,2510,0.0017238702920830595,1.0855218287639614
T0426,F01,2020,2397,-0.0019673047626972136,-2.6994261712531094
T0426,F02,2020,4092,-0.0017041162206584484,-3.3329738948389913
T0426,F03,2021,4089,-0.000888018652825143,-1.0432853730463616
T0426,F04,2021,4006,-0.0016742088316051302,-2.9044964746778574
T0426,F05,2022,4088,-0.0031066305090503388,-4.53244446717859
T0426,F06,2022,4252,-0.002317977313445503,-5.127432697926491
T0426,F07,2023,4131,-0.0019079508322374808,-4.084317742631136
T0426,F08,2023,4251,-0.001521865066042589,-4.6949380900370565
T0427,F01,2020,1753,-0.0011683926906521165,-0.6285358107768513
T0427,F02,2020,3556,9.288803765227214e-05,0.07370175721356335
T0427,F03,2021,3671,0.001183482902809454,0.5648108984414971
T0427,F04,2021,3531,0.00026273371402287204,0.19053850586363216
T0427,F05,2022,3619,-0.0057360841705865395,-3.4245878121959934
T0427,F06,2022,3830,-0.002563115065539677,-2.2076264426815126
T0427,F07,2023,3695,-0.0010976128489162038,-0.9513333938852652
T0427,F08,2023,3844,-0.0005133521664660206,-0.6525668333278946
T0428,F01,2020,1320,5.191989958576911e-06,0.0018825928668721446
T0428,F02,2020,2793,0.001112024194855053,0.5156590868019951
T0428,F03,2021,3020,0.005666107629538364,1.6711865380421451
T0428,F04,2021,2953,0.0014241849025804628,0.6139205740618827
T0428,F05,2022,3066,-0.007668131914227875,-2.719400626939197
T0428,F06,2022,3137,-0.00407278680667281,-2.0646595199227162
T0428,F07,2023,3006,-0.001168307489747894,-0.6176252421842655
T0428,F08,2023,3214,0.000929982111392174,0.726855449540406
T0429,F01,2020,2105,-0.001613959660402437,-2.7003308485017197
T0429,F02,2020,3506,-0.0013706681201995047,-2.6650866634891845
T0429,F03,2021,3118,-0.00040640487854463376,-0.39253233451399017
T0429,F04,2021,2880,-0.000227435111945704,-0.3740422003194498
T0429,F05,2022,3700,-0.002944354363675905,-4.315659173322523
T0429,F06,2022,3984,-0.002613572911277436,-5.596847026969684
T0429,F07,2023,3791,-0.001862640182849634,-3.8431895006830525
T0429,F08,2023,3925,-0.001709080084547289,-4.706085815125525
T0430,F01,2020,1541,-0.0016962049245641542,-1.0494710659520867
T0430,F02,2020,2899,0.00025025807484640756,0.1926422754317366
T0430,F03,2021,2563,0.002538007349973585,1.056275602972882
T0430,F04,2021,2375,0.0014491825961551485,0.9285931015873725
T0430,F05,2022,3099,-0.004634332605523452,-2.5607735885649183
T0430,F06,2022,3365,-0.003198190989967423,-2.701836545258535
T0430,F07,2023,3210,-0.0009846417183024896,-0.8097058760087746
T0430,F08,2023,3396,-0.0005829751020797541,-0.6757492024107866
T0431,F01,2020,1173,-0.0005278556042553323,-0.17725738317646297
T0431,F02,2020,2323,0.0017172945423312746,0.7638862529358394
T0431,F03,2021,2109,0.005578714740163035,1.3583908791972272
T0431,F04,2021,1978,0.005206436799657963,2.0054447596626535
T0431,F05,2022,2559,-0.006802696472693522,-2.2399557255387013
T0431,F06,2022,2828,-0.002965292321663117,-1.5193492308423984
T0431,F07,2023,2653,0.0006538540969469533,0.3156691584386581
T0431,F08,2023,2796,0.0006038011646169476,0.4390996419121439
T0432,F01,2020,267,-0.002132492429121776,-2.4897166384977774
T0432,F02,2020,575,-0.0018216626034480222,-2.250072274463161
T0432,F03,2021,431,-0.001923798009895843,-1.7607450170177685
T0432,F04,2021,401,-0.0010357218667532027,-1.054301222910812
T0432,F05,2022,257,-0.0019744707062348266,-1.782625411294906
T0432,F06,2022,291,-0.0020410980805457353,-2.4079156206020746
T0432,F07,2023,423,-0.0005157130010297688,-0.7335606390927731
T0432,F08,2023,459,-0.0016113497935345467,-2.64866779479466
T0433,F01,2020,119,0.0005779129741882889,0.2594901825348774
T0433,F02,2020,260,-0.0007410012683451536,-0.3994712055497048
T0433,F03,2021,198,0.001787740729718159,0.6504670280962105
T0433,F04,2021,228,-0.0003295341249296917,-0.15150465034278093
T0433,F05,2022,127,-0.0055647729685358305,-1.8138411355197022
T0433,F06,2022,142,-0.001190949156033674,-0.5941096315588559
T0433,F07,2023,193,-1.860092439952974e-06,-0.0009395948235143319
T0433,F08,2023,226,0.0010156512594606366,0.6102301258256702
T0434,F01,2020,77,9.74185057072748e-05,0.021308206844771162
T0434,F02,2020,170,0.0016472531640050019,0.3934627863977941
T0434,F03,2021,136,0.0034039477864064084,0.4984337097253249
T0434,F04,2021,128,0.00047891344593231806,0.12945819498932043
T0434,F05,2022,76,-0.011481063395193725,-2.1949124967540654
T0434,F06,2022,87,-0.0019772613991876947,-0.5251141850194376
T0434,F07,2023,111,0.002284981303504186,0.6097871824222689
T0434,F08,2023,129,0.003311474915855786,1.1186845143270001
T0435,F01,2020,696,-0.0002815665113852398,-0.28187701014216127
T0435,F02,2020,1722,-9.041149539532956e-05,-0.11152248401563386
T0435,F03,2021,1308,-0.0016570261602260493,-0.999436010749042
T0435,F04,2021,1516,-0.0007021693456754209,-0.8265349376001629
T0435,F05,2022,3226,-0.0018560290265282984,-1.5934155364949218
T0435,F06,2022,3303,-0.001974591112557771,-4.093827683333859
T0435,F07,2023,2419,-0.0009856908274171138,-1.6775858521372904
T0435,F08,2023,1895,-0.0014546525402169873,-2.5586797995357813
T0436,F01,2020,374,0.004997811779165701,2.2818876208433045
T0436,F02,2020,1003,0.005051601426221805,2.4634691045435275
T0436,F03,2021,731,0.003323201167966881,0.7517429332263594
T0436,F04,2021,852,0.002209995542110281,0.9398999918317479
T0436,F05,2022,2221,-0.003464627384892541,-1.5755836347283734
T0436,F06,2022,2338,-0.0025086494000140084,-1.9245095990724834
T0436,F07,2023,1523,0.0015619779170123263,1.0332395861525907
T0436,F08,2023,1346,-0.0004321508292063184,-0.3585661762732988
T0437,F01,2020,257,0.013988585740131607,3.678064866583593
T0437,F02,2020,688,0.010446782279487693,2.8270088339809023
T0437,F03,2021,496,0.00593611106735315,0.817679651486235
T0437,F04,2021,535,0.004071437516438303,0.9570215832998251
T0437,F05,2022,1637,-0.005161283394363548,-1.4136390374774623
T0437,F06,2022,1847,-0.0013013847741456957,-0.580623094845994
T0437,F07,2023,1108,0.004130194919507705,1.463368970450388
T0437,F08,2023,992,0.0022115885370211905,0.9608048815503918
T0438,F01,2020,121,-4.23112551324069e-05,-0.02421185209226719
T0438,F02,2020,310,-0.00022030640952384157,-0.10543154192136643
T0438,F03,2021,119,-0.0025494075033930716,-0.46809032885366053
T0438,F04,2021,252,0.00038315526361191456,0.19822348269476409
T0438,F05,2022,692,0.0016102903027812128,0.39763271796206834
T0438,F06,2022,591,-0.0020105024157495398,-1.653023143822856
T0438,F07,2023,507,0.00012051420276516544,0.08759378517396195
T0438,F08,2023,423,-0.0011995962649490035,-0.7749199483858322
T0439,F01,2020,63,0.007896562812552407,1.364398536190531
T0439,F02,2020,166,0.0036789806102777906,0.7592396859550057
T0439,F03,2021,67,0.002940737942813827,0.2123255198547654
T0439,F04,2021,131,0.012381138714991951,2.0804316218348644
T0439,F05,2022,386,-0.004166117877207679,-1.0191701684292467
T0439,F06,2022,321,0.0006625505626209773,0.17761955655561393
T0439,F07,2023,280,0.0061200526317462456,1.7687117668831782
T0439,F08,2023,233,-0.0028271545386230174,-0.7471635926829503
T0440,F01,2020,45,0.015805409854529162,2.5141640201013455
T0440,F02,2020,128,0.010095566163745661,1.5203753676170138
T0440,F03,2021,54,0.004558468813355605,0.2728924557720994
T0440,F04,2021,103,0.013481269904990533,1.440338169048947
T0440,F05,2022,312,-0.005909501296843318,-1.0185566624060758
T0440,F06,2022,245,-0.0017180743518208266,-0.29567333646132876
T0440,F07,2023,216,0.010970212043003882,1.9213746947413397
T0440,F08,2023,183,-0.0031975794022228447,-0.6276449606553823
T0441,F01,2020,520,-6.472939787142353e-05,-0.038754736468411585
T0441,F02,2020,971,0.0012723970021442156,0.8376865745810674
T0441,F03,2021,961,0.0026572498896711184,1.1343328244929127
T0441,F04,2021,976,0.0002357588961741804,0.1242337134007216
T0441,F05,2022,777,-0.0063009922217168056,-3.0689234803694445
T0441,F06,2022,901,-0.002649131816642367,-1.7749376948804891
T0441,F07,2023,912,-0.0005928215358670907,-0.4032232627406013
T0441,F08,2023,1010,7.255551073300957e-05,0.06955415437683694
T0442,F01,2020,443,0.0014918592944103922,0.4611713401424205
T0442,F02,2020,889,0.0031787593639476157,1.1570908743723383
T0442,F03,2021,887,0.005643838878969883,1.3321547444388653
T0442,F04,2021,913,0.003209668908125745,0.9842550019408449
T0442,F05,2022,697,-0.007797025044571928,-2.3388265235137653
T0442,F06,2022,836,-0.004477108577443408,-1.6192243711065353
T0442,F07,2023,795,-0.0001898321431736097,-0.06793074663056448
T0442,F08,2023,929,0.002204681978975428,1.127861245055898
T0443,F01,2020,546,0.00035874171310440776,0.2048470261903795
T0443,F02,2020,987,0.001233553583691806,0.8452724991986549
T0443,F03,2021,940,0.0019944925477725804,0.8090807973058236
T0443,F04,2021,945,0.0015820144419441584,0.8256613220298626
T0443,F05,2022,703,-0.005915053384150388,-2.902059905943257
T0443,F06,2022,863,-0.0019608018588188982,-1.1232445749893567
T0443,F07,2023,900,-0.0004364809763720736,-0.2823770008625566
T0443,F08,2023,994,0.00047582966397349136,0.4258074865780423
T0444,F01,2020,469,0.0021401547782454685,0.6829875876382328
T0444,F02,2020,892,0.0032839386570552792,1.194335806493077
T0444,F03,2021,882,0.0067148448528688105,1.5762612985078939
T0444,F04,2021,871,0.0039312370178509895,1.1942647267029562
T0444,F05,2022,637,-0.008275492116788416,-2.4081927227095274
T0444,F06,2022,788,-0.0021980290532079795,-0.7014134037554484
T0444,F07,2023,846,-6.292498240919175e-06,-0.0023993945896694695
T0444,F08,2023,900,0.003238978915929571,1.7025745835404054
T0445,F01,2020,489,-0.0015076257805587202,-0.8127358807899127
T0445,F02,2020,1019,0.0008000532109919111,0.543906262839539
T0445,F03,2021,929,0.0018400865609859152,0.7205284297783293
T0445,F04,2021,981,0.0012502123975011252,0.636865225092485
T0445,F05,2022,482,-0.00841068542908633,-3.2331616802210066
T0445,F06,2022,800,-0.003624936888337713,-1.9083114494142088
T0445,F07,2023,922,-0.001599757652581768,-1.099282145764891
T0445,F08,2023,938,-0.0006677801626758271,-0.6038894913300615
T0446,F01,2020,446,0.0003688210173846452,0.11667687503123066
T0446,F02,2020,900,0.0016823407730826188,0.5673361781240377
T0446,F03,2021,833,0.005124891275836299,1.1114857716517428
T0446,F04,2021,865,0.00323067840350895,0.9610604604760451
T0446,F05,2022,398,-0.012800847729781637,-2.86824147266647
T0446,F06,2022,699,-0.004396638123116139,-1.2408962235267795
T0446,F07,2023,841,-0.0017417687816662685,-0.6483558208746062
T0446,F08,2023,857,0.0026289859547590656,1.2839883844763245
T0447,F01,2020,520,-6.472939787142353e-05,-0.038754736468411585
T0447,F02,2020,971,0.0012723970021442156,0.8376865745810674
T0447,F03,2021,961,0.0026572498896711184,1.1343328244929127
T0447,F04,2021,976,0.0002357588961741804,0.1242337134007216
T0447,F05,2022,777,-0.0063009922217168056,-3.0689234803694445
T0447,F06,2022,901,-0.002649131816642367,-1.7749376948804891
T0447,F07,2023,912,-0.0005928215358670907,-0.4032232627406013
T0447,F08,2023,1010,7.255551073300957e-05,0.06955415437683694
T0448,F01,2020,443,0.0014918592944103922,0.4611713401424205
T0448,F02,2020,889,0.0031787593639476157,1.1570908743723383
T0448,F03,2021,887,0.005643838878969883,1.3321547444388653
T0448,F04,2021,913,0.003209668908125745,0.9842550019408449
T0448,F05,2022,697,-0.007797025044571928,-2.3388265235137653
T0448,F06,2022,836,-0.004477108577443408,-1.6192243711065353
T0448,F07,2023,795,-0.0001898321431736097,-0.06793074663056448
T0448,F08,2023,929,0.002204681978975428,1.127861245055898
T0449,F01,2020,546,0.00035874171310440776,0.2048470261903795
T0449,F02,2020,987,0.001233553583691806,0.8452724991986549
T0449,F03,2021,940,0.0019944925477725804,0.8090807973058236
T0449,F04,2021,945,0.0015820144419441584,0.8256613220298626
T0449,F05,2022,703,-0.005915053384150388,-2.902059905943257
T0449,F06,2022,863,-0.0019608018588188982,-1.1232445749893567
T0449,F07,2023,900,-0.0004364809763720736,-0.2823770008625566
T0449,F08,2023,994,0.00047582966397349136,0.4258074865780423
T0450,F01,2020,469,0.0021401547782454685,0.6829875876382328
T0450,F02,2020,892,0.0032839386570552792,1.194335806493077
T0450,F03,2021,882,0.0067148448528688105,1.5762612985078939
T0450,F04,2021,871,0.0039312370178509895,1.1942647267029562
T0450,F05,2022,637,-0.008275492116788416,-2.4081927227095274
T0450,F06,2022,788,-0.0021980290532079795,-0.7014134037554484
T0450,F07,2023,846,-6.292498240919175e-06,-0.0023993945896694695
T0450,F08,2023,900,0.003238978915929571,1.7025745835404054
T0451,F01,2020,489,-0.0015076257805587202,-0.8127358807899127
T0451,F02,2020,1019,0.0008000532109919111,0.543906262839539
T0451,F03,2021,929,0.0018400865609859152,0.7205284297783293
T0451,F04,2021,981,0.0012502123975011252,0.636865225092485
T0451,F05,2022,482,-0.00841068542908633,-3.2331616802210066
T0451,F06,2022,800,-0.003624936888337713,-1.9083114494142088
T0451,F07,2023,922,-0.001599757652581768,-1.099282145764891
T0451,F08,2023,938,-0.0006677801626758271,-0.6038894913300615
T0452,F01,2020,446,0.0003688210173846452,0.11667687503123066
T0452,F02,2020,900,0.0016823407730826188,0.5673361781240377
T0452,F03,2021,833,0.005124891275836299,1.1114857716517428
T0452,F04,2021,865,0.00323067840350895,0.9610604604760451
T0452,F05,2022,398,-0.012800847729781637,-2.86824147266647
T0452,F06,2022,699,-0.004396638123116139,-1.2408962235267795
T0452,F07,2023,841,-0.0017417687816662685,-0.6483558208746062
T0452,F08,2023,857,0.0026289859547590656,1.2839883844763245
T0453,F01,2020,505,-0.0004992077824203314,-0.2839604892339262
T0453,F02,2020,968,0.0007349436540232147,0.4615118454850913
T0453,F03,2021,961,0.00283003163719243,1.195849690126422
T0453,F04,2021,968,-0.00011811040686204498,-0.07007712966821802
T0453,F05,2022,809,-0.0050129482234572455,-2.6194096631708477
T0453,F06,2022,929,-0.003463499411855945,-2.4735885264442246
T0453,F07,2023,932,-0.0013444052530330057,-0.8923758681188495
T0453,F08,2023,1002,0.0003395604476838006,0.32549731385622477
T0454,F01,2020,393,0.002435052073969385,0.746853412255307
T0454,F02,2020,873,0.004682319053272597,1.63071203795123
T0454,F03,2021,885,0.007968845101856291,1.6315573274037862
T0454,F04,2021,897,0.0028039630167923835,0.9050187227500146
T0454,F05,2022,730,-0.0074604620267644615,-2.145014625625208
T0454,F06,2022,842,-0.0034586837514696614,-1.3106956044775988
T0454,F07,2023,851,-0.0007962194092165873,-0.30188427774587023
T0454,F08,2023,945,0.0019201355804619278,1.0530189345275733
T0455,F01,2020,383,-0.0007899192652915873,-0.3694378152843051
T0455,F02,2020,892,0.00043401201331928703,0.24004718398629513
T0455,F03,2021,884,0.0028663780347297487,1.2329415300997102
T0455,F04,2021,933,-0.0009057636231996902,-0.4663063969246396
T0455,F05,2022,752,-0.005729188600656691,-2.712887680898598
T0455,F06,2022,862,-0.0032113045523212377,-1.9807263080314492
T0455,F07,2023,845,-0.001867741224351007,-1.0804580233522607
T0455,F08,2023,963,7.046978551517796e-05,0.05723589402842322
T0456,F01,2020,332,0.0004878029834231107,0.12742711242022678
T0456,F02,2020,797,0.004780787768293726,1.4746457525002836
T0456,F03,2021,822,0.01134218155035317,2.5180865301642954
T0456,F04,2021,853,0.0020442008068863936,0.6218688788355945
T0456,F05,2022,661,-0.007650375815852491,-2.1050691454393093
T0456,F06,2022,738,-0.003609821160896825,-1.2522214418872546
T0456,F07,2023,749,0.00039462812476538417,0.13663522650191878
T0456,F08,2023,870,0.0016580258984211856,0.794088690807676
T0457,F01,2020,371,-0.0011985775294457138,-0.6023776814396324
T0457,F02,2020,839,0.0003979854498131785,0.21710100989583866
T0457,F03,2021,832,0.0033619580069371643,1.2137007445698653
T0457,F04,2021,847,-0.0008797746851008534,-0.4514760822088973
T0457,F05,2022,715,-0.007292970474960519,-2.887064107946088
T0457,F06,2022,827,-0.004287954766723825,-2.7169337896488557
T0457,F07,2023,841,-0.0007474211915376154,-0.43282330982851275
T0457,F08,2023,926,5.161790921262332e-05,0.04171023913736454
T0458,F01,2020,315,-3.188960851098369e-05,-0.009514847499071492
T0458,F02,2020,755,0.001290047825776028,0.3901526065197496
T0458,F03,2021,747,0.011170969366542024,2.041607710977269
T0458,F04,2021,794,0.002556945538126274,0.7440407364957954
T0458,F05,2022,651,-0.013709704935425327,-3.467433732310146
T0458,F06,2022,744,-0.0076223876016442435,-2.925275894028953
T0458,F07,2023,764,0.0010695780932306535,0.35587312698962104
T0458,F08,2023,861,0.0032159163993108445,1.499477108581792
T0459,F01,2020,187,0.004710676979099857,1.6128729061125942
T0459,F02,2020,491,0.005456034472146929,2.4501879722691506
T0459,F03,2021,594,0.0034756363748622123,1.098237521181591
T0459,F04,2021,580,0.0018637920039667926,0.7126060487617817
T0459,F05,2022,389,-0.009835776272557334,-3.8898312957948753
T0459,F06,2022,440,-0.007824163679980949,-3.593916959859256
T0459,F07,2023,456,-0.002752590027215111,-1.2061114041878749
T0459,F08,2023,547,0.0015670967971058254,0.7603090767674978
T0460,F01,2020,167,0.004313599222110756,0.8376556322447061
T0460,F02,2020,458,0.0055651437319775565,1.4223426198798133
T0460,F03,2021,555,0.013474936873258543,2.0729598153613153
T0460,F04,2021,546,-0.0011279678556614058,-0.2616740351094656
T0460,F05,2022,361,-0.008726163890032303,-2.066509754834389
T0460,F06,2022,416,-0.012089711745144113,-3.472796396814472
T0460,F07,2023,411,0.000995194364563693,0.25017334914855976
T0460,F08,2023,509,0.0038424260531943707,1.2440893930096875
T0461,F01,2020,127,0.004339644061739256,1.1876078912699615
T0461,F02,2020,393,0.006261597658433877,2.2884960682991804
T0461,F03,2021,502,0.003993124555220666,1.0996501651961614
T0461,F04,2021,445,0.004960784910009999,1.557754209525669
T0461,F05,2022,268,-0.009202650878057446,-3.0168197987138172
T0461,F06,2022,311,-0.00557944609280395,-2.337207126481464
T0461,F07,2023,341,-0.001721087179302916,-0.6512650768310463
T0461,F08,2023,393,0.004044653323699923,1.4240158536855607
T0462,F01,2020,114,0.0018381906471250883,0.2694845988417814
T0462,F02,2020,366,0.005664596804624804,1.2966889273680218
T0462,F03,2021,467,0.012636998561795463,1.637594474589103
T0462,F04,2021,418,-0.002157701362341446,-0.46159159505962527
T0462,F05,2022,246,-0.01225634700971334,-2.2019178867274833
T0462,F06,2022,294,-0.011231702462410025,-2.5253777902110066
T0462,F07,2023,317,0.0006472705007448647,0.14575038309272548
T0462,F08,2023,360,0.008368525547634417,2.054660134995291
T0463,F01,2020,117,0.006353063946534399,1.6587332059425959
T0463,F02,2020,376,0.007795419124813103,2.9789525186518153
T0463,F03,2021,477,0.005428032285894532,1.5357611108941949
T0463,F04,2021,434,0.0036119393452024146,1.0915059648330465
T0463,F05,2022,243,-0.008664890413455032,-2.7891994448357575
T0463,F06,2022,290,-0.004514664696766205,-1.8109901562237682
T0463,F07,2023,325,-0.0012139799989681153,-0.46655181728335443
T0463,F08,2023,375,0.0031970122974875437,1.1692251956808961
T0464,F01,2020,106,-1.0459588576097456e-05,-0.0014601015178009385
T0464,F02,2020,350,0.007375088461743685,1.6695225601421313
T0464,F03,2021,442,0.015529177502114534,2.0007961954747215
T0464,F04,2021,407,-0.0018751030365973251,-0.3947975214169718
T0464,F05,2022,222,-0.01008168433984355,-1.8100777955490652
T0464,F06,2022,276,-0.008548842432306225,-1.857301457222242
T0464,F07,2023,303,0.0009295411534897279,0.2094670208509266
T0464,F08,2023,346,0.007659477684473947,1.8644477941743982
T0465,F01,2020,429,-0.0024735634229584883,-1.3421131038184033
T0465,F02,2020,932,5.299995320841377e-05,0.03196777547008073
T0465,F03,2021,911,0.0030653410633738115,1.2745130078319142
T0465,F04,2021,939,0.0006413063811582528,0.33844714657455455
T0465,F05,2022,800,-0.007328985923922462,-3.4267161721288955
T0465,F06,2022,921,-0.003885484318985199,-2.5131094462966552
T0465,F07,2023,911,-0.0021227665531459872,-1.2978087446401823
T0465,F08,2023,992,-0.00038334736625478375,-0.36519673463155555
T0466,F01,2020,308,-0.0071062840903160255,-1.9008560086085802
T0466,F02,2020,730,-0.0005945944679771334,-0.193405439007584
T0466,F03,2021,752,0.0027066513670044087,0.5916235646562548
T0466,F04,2021,770,0.00017999144903804858,0.047454006245267064
T0466,F05,2022,654,-0.011971374474743805,-2.9809171132648524
T0466,F06,2022,788,-0.007294419981643003,-2.78035783522181
T0466,F07,2023,774,-0.0018499002157152749,-0.5881459583559743
T0466,F08,2023,894,0.0016274218831768196,0.7922385855232631
T0467,F01,2020,467,-0.00057671965327666,-0.28759029137973696
T0467,F02,2020,964,0.0002367056444128026,0.15517694332501347
T0467,F03,2021,922,0.005329625934850357,2.043744700754825
T0467,F04,2021,948,0.0007176453515834306,0.37862104773937527
T0467,F05,2022,830,-0.005677703792454534,-2.7013125583327304
T0467,F06,2022,921,-0.003029942054924019,-2.035851739671891
T0467,F07,2023,920,-0.00030405969228371405,-0.192993353130621
T0467,F08,2023,991,0.0005625553003780553,0.5489317624400222
T0468,F01,2020,352,0.0020193972003963038,0.5443163160552669
T0468,F02,2020,816,0.0022244088046211442,0.7454869101400041
T0468,F03,2021,825,0.009833250506535399,1.5781091738532587
T0468,F04,2021,860,0.0013750516024198382,0.411930848331109
T0468,F05,2022,739,-0.00764903530042386,-2.028179471250949
T0468,F06,2022,820,-0.005603917601348907,-2.0170280844162307
T0468,F07,2023,798,-0.001381070967175152,-0.4807676641978496
T0468,F08,2023,918,0.002136643498541598,1.1555882533848194
T0469,F01,2020,468,-0.0011525582144923286,-0.6264523918214818
T0469,F02,2020,924,0.0007529062045269876,0.46152121156049347
T0469,F03,2021,944,0.001985343173648788,0.9097470507179451
T0469,F04,2021,948,0.0009368277050613516,0.49021913353497926
T0469,F05,2022,790,-0.0047465553165225525,-2.6483117441452078
T0469,F06,2022,898,-0.0028776128028346545,-1.9599228033821632
T0469,F07,2023,894,-0.0005577998026894635,-0.38288431498342723
T0469,F08,2023,1019,0.00043951306939202234,0.41605201386906054
T0470,F01,2020,368,0.0009257263138350384,0.28253132768242023
T0470,F02,2020,839,0.004753573788820357,1.518290641778849
T0470,F03,2021,872,0.008507777228447937,1.4169094033674157
T0470,F04,2021,873,0.0044197756036922844,1.3554702953157483
T0470,F05,2022,706,-0.007338981378105037,-2.1781744636818816
T0470,F06,2022,830,-0.0035429784785353095,-1.2814516879220648
T0470,F07,2023,814,-0.0003328837026244648,-0.12479084783283365
T0470,F08,2023,929,0.001117026601395908,0.567468341806183
T0471,F01,2020,105,-0.00027566277217386167,-0.049978694540521375
T0471,F02,2020,354,-0.0020258237257128595,-0.7026144934206071
T0471,F03,2021,286,0.002621235530924631,0.6372351657708579
T0471,F04,2021,345,0.0017055019779947066,0.6478276854557253
T0471,F05,2022,404,-0.00725968699838761,-1.7482416525452629
T0471,F06,2022,463,-0.004818283384216564,-1.9506972181274804
T0471,F07,2023,416,-0.0028606794974149613,-1.3994428223536035
T0471,F08,2023,490,0.00026334713217279716,0.18625242028315722
T0472,F01,2020,88,0.008185364970811194,0.6318033354334162
T0472,F02,2020,312,0.0010217158558965505,0.20220286888630784
T0472,F03,2021,261,0.014362384303521443,2.3292373568490925
T0472,F04,2021,304,0.007140986447599411,1.6522892695358307
T0472,F05,2022,355,-0.014153400862062133,-1.9193783320274844
T0472,F06,2022,399,-0.004984654289596208,-1.3130879153126258
T0472,F07,2023,368,-0.004094728749786236,-1.1351532310423267
T0472,F08,2023,433,0.002868942986068935,1.1742214510631155
T0473,F01,2020,34,-0.00801471631442436,-0.3803732526242571
T0473,F02,2020,147,-0.0013812615067684924,-0.25958960168075634
T0473,F03,2021,94,0.009433615664323974,0.9165512889058594
T0473,F04,2021,126,0.0036991250336493096,0.7157870750033124
T0473,F05,2022,206,-0.009187132129821097,-1.4858963002230656
T0473,F06,2022,261,-0.004947797440451806,-1.5061168962370388
T0473,F07,2023,217,-0.0029164950269292126,-1.107938877810393
T0473,F08,2023,210,-0.002406504119424274,-1.1198097571047223
T0474,F01,2020,33,-0.011397719957983892,-0.35514083312224537
T0474,F02,2020,125,0.00715698216504732,0.9331409323130159
T0474,F03,2021,80,0.02798343513358171,1.7053951202806892
T0474,F04,2021,111,0.018250593563994066,2.4972290569161304
T0474,F05,2022,183,-0.011917838957336363,-1.1558649000355712
T0474,F06,2022,218,-0.002280806069676479,-0.4847383188659805
T0474,F07,2023,189,-0.0017148725255420989,-0.3933496352294465
T0474,F08,2023,175,0.00010218820600303991,0.030719188317300247
T0475,F01,2020,22,-0.005678765870649858,-0.27284379884641036
T0475,F02,2020,65,0.01281690947642319,0.996570371940732
T0475,F03,2021,35,0.016376153906901253,0.7094388069239862
T0475,F04,2021,54,0.012991754222051524,1.7897753737797122
T0475,F05,2022,122,-0.006261119153036007,-0.737578339621112
T0475,F06,2022,175,-0.004572163958712312,-1.0153810373884733
T0475,F07,2023,100,0.0003634984434691672,0.09179869006456993
T0475,F08,2023,110,-0.006522851229238361,-1.7585426124141135
T0476,F01,2020,20,-0.003627682390125795,-0.11640908922380293
T0476,F02,2020,57,0.02300970722214544,1.354779081844986
T0476,F03,2021,28,0.06604011412373771,1.9371881357641738
T0476,F04,2021,45,0.03149381932394876,3.8183320934633134
T0476,F05,2022,113,-0.006491246756216982,-0.4231678901989172
T0476,F06,2022,138,-0.005191387955547431,-0.9483987063200187
T0476,F07,2023,81,0.0028566163665863747,0.48266666092569455
T0476,F08,2023,86,-0.005283308048616581,-0.8706186923975199
T0477,F01,2020,111,-0.0034763968682662945,-0.7723357098996173
T0477,F02,2020,538,-0.0016338897982606257,-0.6777387470419229
T0477,F03,2021,776,0.004447306908956561,1.4652408003768518
T0477,F04,2021,407,0.001970073802756253,0.4946574610681097
T0477,F05,2022,369,-0.012833005231040527,-3.721504539352873
T0477,F06,2022,304,-0.0007391887363214321,-0.20649059769975547
T0477,F07,2023,447,-0.0004024155894553271,-0.15089808967361953
T0477,F08,2023,546,0.00281870492107758,1.06516841503017
T0478,F01,2020,89,-0.011572853100189356,-1.657269266362332
T0478,F02,2020,432,4.9348531771275664e-05,0.012143655110559131
T0478,F03,2021,648,0.012676577322300394,1.974609683933059
T0478,F04,2021,307,0.0034310619252239946,0.5091450757617748
T0478,F05,2022,300,-0.014529819334370695,-2.1606422165328265
T0478,F06,2022,261,-0.0063475677005752655,-1.127923672780089
T0478,F07,2023,361,0.006425255235156226,1.1361328586565933
T0478,F08,2023,463,0.00608370402793834,1.6451930306104554
T0479,F01,2020,400,-0.002324536310377413,-1.0181935627058485
T0479,F02,2020,866,0.0003977298970794078,0.2506490695136096
T0479,F03,2021,844,0.0011929422036145124,0.47843265544822605
T0479,F04,2021,876,-0.0013180108930654951,-0.7501774379142682
T0479,F05,2022,794,-0.005014188533538447,-2.4481974284307415
T0479,F06,2022,867,-0.00317199764714123,-2.183407121337234
T0479,F07,2023,871,-0.00048046446416174723,-0.32716879564611806
T0479,F08,2023,949,-4.8353329778656303e-05,-0.04283642146899502
T0480,F01,2020,356,-0.0014794665456807758,-0.36625982524060957
T0480,F02,2020,789,0.0002492812743916279,0.08516257807637613
T0480,F03,2021,797,0.005681802394557788,1.2465668689226534
T0480,F04,2021,826,0.0005286868913863371,0.18632622163674756
T0480,F05,2022,727,-0.00845844865501534,-2.198018913571138
T0480,F06,2022,793,-0.005476793702649836,-2.0410386443227075
T0480,F07,2023,805,0.001254639686467269,0.4332600040639577
T0480,F08,2023,898,0.0015274971832941718,0.6934014472360112
T0481,F01,2020,136,-0.00816628237871849,-2.4160072091428124
T0481,F02,2020,528,0.0002452435820508289,0.0938724323215213
T0481,F03,2021,536,0.0014879846648796955,0.3518803405657298
T0481,F04,2021,507,0.002727576234601255,0.9293961980472711
T0481,F05,2022,411,-0.010278826081478594,-3.8823012719753263
T0481,F06,2022,462,-0.0028568011065115695,-1.1280773796853296
T0481,F07,2023,516,-0.0003891705633740772,-0.15998441942534988
T0481,F08,2023,570,0.0024550556692181638,1.2374677496119055
T0482,F01,2020,117,-0.011835731859749793,-1.5657301851358705
T0482,F02,2020,428,0.0015360408534970693,0.34936635885132744
T0482,F03,2021,445,0.014273670569199808,1.3146822346542808
T0482,F04,2021,426,0.003048362693474271,0.5334064795435244
T0482,F05,2022,326,-0.016697283616834382,-3.687505787134553
T0482,F06,2022,399,-0.004557229914499074,-1.262451869749088
T0482,F07,2023,424,0.0034175625004928714,0.7698580441481203
T0482,F08,2023,471,0.006197899302640976,1.9349096158910402
T0483,F01,2020,186,0.004974941559600138,1.9350187081348937
T0483,F02,2020,475,0.003878529171039174,1.729325661146796
T0483,F03,2021,560,0.005165281314795194,1.3669415922310255
T0483,F04,2021,577,0.0007279150340736151,0.26841096854552093
T0483,F05,2022,471,-0.011635720147684114,-4.588033910473048
T0483,F06,2022,541,-0.0072518838727494,-3.3115748096315554
T0483,F07,2023,549,-0.002199382758134836,-1.1052071315612761
T0483,F08,2023,612,0.00187331272855011,0.917856308298814
T0484,F01,2020,166,0.006416133577432998,1.301066093674414
T0484,F02,2020,436,0.0016597815965619074,0.4752202730095941
T0484,F03,2021,524,0.009179937573180969,1.1910477616625037
T0484,F04,2021,545,-0.0013707134196368892,-0.3392286526839525
T0484,F05,2022,437,-0.013905899902849822,-3.145643805479367
T0484,F06,2022,504,-0.01079852734769457,-3.1762200024209473
T0484,F07,2023,508,-0.0014294699746850938,-0.3797008545973548
T0484,F08,2023,552,0.002551692106158717,0.7898624290778508
T0485,F01,2020,379,-0.0005250599132307356,-0.20858554328219936
T0485,F02,2020,912,-0.00040841724156245803,-0.25195663374789845
T0485,F03,2021,883,2.625726996190745e-05,0.00957558756896266
T0485,F04,2021,911,-0.0010248462533915988,-0.5601038453393113
T0485,F05,2022,870,-0.004816445566240618,-2.2271787763876385
T0485,F06,2022,957,-0.0032213774199966543,-2.129378157769032
T0485,F07,2023,904,-0.00100958686671766,-0.6542289340955255
T0485,F08,2023,980,-0.0012376369530875079,-1.283546968325136
T0486,F01,2020,317,-0.0016068898303250821,-0.292483553925354
T0486,F02,2020,779,0.00030404053436488404,0.10548186828401743
T0486,F03,2021,778,0.004484475351663871,0.8982261365717994
T0486,F04,2021,826,0.003047203595617834,0.7969370019173977
T0486,F05,2022,773,-0.00870605530174972,-2.1065424743215027
T0486,F06,2022,859,-0.00416436332061486,-1.4230187261461915
T0486,F07,2023,820,-0.0007719678150131139,-0.27372582348861985
T0486,F08,2023,942,5.516540292272052e-05,0.03206631890341969
T0487,F01,2020,598,-0.0010311727862545872,-0.5664718715476637
T0487,F02,2020,1002,-0.0007244565142602366,-0.480152143962854
T0487,F03,2021,962,0.002552185315872559,0.9400886691907464
T0487,F04,2021,918,0.0005650064128086119,0.31433870165986594
T0487,F05,2022,1010,-0.005376256989195294,-2.7350503661041037
T0487,F06,2022,1051,-0.0027924648786489398,-1.9642145536392466
T0487,F07,2023,1027,-0.001028768370466271,-0.7562419810300902
T0487,F08,2023,1044,-0.000868394742359609,-0.8561168321252438
T0488,F01,2020,509,-0.001260131952545419,-0.3278341229860705
T0488,F02,2020,937,0.0013922313137767236,0.5174345237583564
T0488,F03,2021,887,0.009162176907130603,1.9849899979434509
T0488,F04,2021,864,0.004916842446729428,1.6429146003855308
T0488,F05,2022,957,-0.007914284595494661,-2.1900657457655974
T0488,F06,2022,995,-0.002000274467103769,-0.7747768178731954
T0488,F07,2023,982,0.0011789551523477175,0.4756472484409831
T0488,F08,2023,1016,0.000947133575792757,0.5253252951393161
T0489,F01,2020,520,-0.001192224812434704,-0.6726825485279301
T0489,F02,2020,760,0.0009546854723056828,0.5673844148712925
T0489,F03,2021,580,0.001573126251605694,0.455745015681787
T0489,F04,2021,460,0.004287406743980665,1.5737964157923563
T0489,F05,2022,819,-0.004478368159209608,-2.0497827240879865
T0489,F06,2022,978,-0.004205436468072891,-2.785031438995236
T0489,F07,2023,861,-0.0002341634796325465,-0.1615974313193909
T0489,F08,2023,913,-0.0006955933073568131,-0.52693820628138
T0490,F01,2020,414,-0.0029249593317383893,-0.7737143133335497
T0490,F02,2020,670,0.004982369052061303,1.5905869971665472
T0490,F03,2021,500,0.006364215815784959,0.92821079207781
T0490,F04,2021,402,0.008489045957794792,1.669453147309566
T0490,F05,2022,733,-0.006932590095236861,-1.7049738998817805
T0490,F06,2022,857,-0.0026718666216416307,-1.0469952641918536
T0490,F07,2023,771,0.0003022845091403798,0.10416855992556201
T0490,F08,2023,827,0.0017481747679105252,0.824662236298031
T0491,F01,2020,86,0.00048086971435277835,0.18642651733236237
T0491,F02,2020,318,0.00238343967154294,0.9016633064711356
T0491,F03,2021,207,0.003126524875730364,1.0493538658294015
T0491,F04,2021,238,0.0025515168088225716,0.917853644543304
T0491,F05,2022,89,-0.0026218924242754353,-0.6142359260948147
T0491,F06,2022,144,-0.004185528638433107,-1.3966367821340693
T0491,F07,2023,350,0.0013106880232546469,0.6035249744744209
T0491,F08,2023,289,0.0023913174744291596,1.2522440744401044
T0492,F01,2020,55,-0.0010121153827044938,-0.27632166870428637
T0492,F02,2020,249,0.0023105018995775513,0.49423712544920784
T0492,F03,2021,169,-0.000636276304711234,-0.09692703660165959
T0492,F04,2021,146,0.0022343511730770448,0.39430186834750974
T0492,F05,2022,59,-0.010092934170384333,-1.2573397950875558
T0492,F06,2022,87,-0.020822911892769438,-2.375668915943808
T0492,F07,2023,226,0.00206420939225052,0.5684385347129857
T0492,F08,2023,179,0.004582442423100877,1.153845792567849
T0493,F01,2020,83,0.0018701123814318687,0.8892146294425188
T0493,F02,2020,122,-0.0011570880173835856,-0.4778458518917613
T0493,F03,2021,137,0.0016483726026992216,0.6275237682440571
T0493,F04,2021,113,-0.0017704940572981329,-0.6424840410452649
T0493,F05,2022,70,-0.003145782938841651,-0.9232653662150718
T0493,F06,2022,93,-0.0028309719467009982,-1.1309571363688125
T0493,F07,2023,107,-0.001849992528481246,-0.7445076051645043
T0493,F08,2023,99,-0.0008367154501190118,-0.41921999305153224
T0494,F01,2020,63,-0.0033476617678267657,-0.6727938377624855
T0494,F02,2020,91,-0.001349095673235128,-0.2975275054427641
T0494,F03,2021,102,0.00927118714158289,1.8193605112011921
T0494,F04,2021,78,-0.004474215805988952,-0.9659044690436175
T0494,F05,2022,50,-0.00708024100751552,-1.0576091655423652
T0494,F06,2022,63,-0.0035174366471304747,-0.8546794066759182
T0494,F07,2023,73,0.0031200753463530694,0.724456213424647
T0494,F08,2023,79,0.004260641456834284,1.4623722992715673
T0495,F01,2020,258,0.003982353288286935,1.6249516955641345
T0495,F02,2020,568,0.003367957015770111,1.4596407407581284
T0495,F03,2021,423,0.0042596188360155135,0.9760019238517536
T0495,F04,2021,443,0.002849457893044128,0.9803438485946976
T0495,F05,2022,947,-0.004170068270374688,-1.901308330640529
T0495,F06,2022,1007,-0.002653354120289584,-1.8697959693122994
T0495,F07,2023,840,0.00039444187328895925,0.2429651910264448
T0495,F08,2023,737,-0.0012259573040243085,-0.9263828277637061
T0496,F01,2020,204,0.012401101753152531,3.3302484886579666
T0496,F02,2020,462,0.00981903975174275,2.455455476239928
T0496,F03,2021,345,0.005957433556295111,0.7921021619035556
T0496,F04,2021,366,0.006953808277931036,1.4638425999853697
T0496,F05,2022,818,-0.007511848718313638,-1.8755580838383612
T0496,F06,2022,862,-0.003044141910223142,-1.1718065508286704
T0496,F07,2023,618,0.004708386204628276,1.4515345562575048
T0496,F08,2023,512,0.0012669682554576705,0.48736075831597997
T0497,F01,2020,51,0.005574861122658426,1.259636866971668
T0497,F02,2020,132,0.010724155779436868,1.8731732441901328
T0497,F03,2021,54,0.006058830265912642,0.4544562664519371
T0497,F04,2021,107,0.006485259639525639,0.9396427025232519
T0497,F05,2022,303,-0.0019528915137960235,-0.5765086629699899
T0497,F06,2022,254,-0.002641075062595013,-0.8004585945664324
T0497,F07,2023,221,0.006061625489204019,2.0719034375034893
T0497,F08,2023,193,-0.004817871478646799,-1.3769124885369317
T0498,F01,2020,42,0.01653361523191429,2.520112995971465
T0498,F02,2020,118,0.011747155447895957,1.874905331776342
T0498,F03,2021,47,0.0021871834378872344,0.11141252933838063
T0498,F04,2021,94,0.00931834729537044,1.0998104366529509
T0498,F05,2022,277,-0.004994671857816425,-0.8703200729517014
T0498,F06,2022,215,-0.003963272747579276,-0.7759085513588004
T0498,F07,2023,192,0.011472074716778732,2.0324314371291257
T0498,F08,2023,160,-0.002821329928941789,-0.5506757114950003
T0499,F01,2020,7082,-0.002024840282820729,-8.37967811711831
T0499,F02,2020,14327,-0.0022657172259130604,-14.90774677408602
T0499,F03,2021,14383,-0.0023405248611241022,-8.87721927382889
T0499,F04,2021,14814,-0.0022030206650960338,-13.431396213406828
T0499,F05,2022,13847,-0.001879739559676664,-9.065268377312433
T0499,F06,2022,14711,-0.001957341973945936,-15.18531550975772
T0499,F07,2023,14570,-0.0020816752965771095,-17.131599713118067
T0499,F08,2023,15826,-0.0020715180136046058,-22.558777270592408
T0500,F01,2020,4093,-0.002255136220584082,-2.785992151072997
T0500,F02,2020,10072,-0.0028765395005133578,-5.3517953572678945
T0500,F03,2021,10639,-0.0031066788758080687,-3.5036828632158836
T0500,F04,2021,11187,-0.002655185364400837,-4.769255386896263
T0500,F05,2022,9952,-0.0011225497089027117,-1.7104321418637891
T0500,F06,2022,10998,-0.0018381058776032078,-4.273850074747985
T0500,F07,2023,11070,-0.0022065891698244055,-5.145674167026186
T0500,F08,2023,12056,-0.002483932025962716,-8.26015930112811
T0501,F01,2020,2250,-0.0023820180291315926,-1.3383243409405579
T0501,F02,2020,6045,-0.004076083259131725,-3.3471705887605396
T0501,F03,2021,6566,-0.005842911172687695,-3.0420320376953995
T0501,F04,2021,6956,-0.004162709031508782,-3.3300758644859183
T0501,F05,2022,6126,0.0013968223870181645,0.9585705593397434
T0501,F06,2022,6748,-0.001435839931534694,-1.3736903120069013
T0501,F07,2023,6760,-0.0032038968184706076,-3.150590329764535
T0501,F08,2023,7544,-0.0036859516372035554,-5.424246564204129
T0502,F01,2020,1314,-0.0036702905221045025,-1.2753586519403173
T0502,F02,2020,4041,-0.005235579369440413,-2.407014905816541
T0502,F03,2021,4456,-0.007750140356341594,-2.4317663052898886
T0502,F04,2021,4862,-0.004823693524113027,-2.207424398663172
T0502,F05,2022,4379,0.006690241425653205,2.700248621554027
T0502,F06,2022,4623,-0.00015889613518031898,-0.08760202244073423
T0502,F07,2023,4650,-0.004411985952018284,-2.5228558442952775
T0502,F08,2023,5099,-0.0051557588599212886,-4.426721775117497
T0503,F01,2020,7075,-0.0020340170473788968,-8.209247486607666
T0503,F02,2020,14144,-0.0022925764286454726,-14.954685984081323
T0503,F03,2021,14238,-0.002249583968713089,-8.464375008294247
T0503,F04,2021,14638,-0.0021836987912961362,-13.096364508375908
T0503,F05,2022,13862,-0.0018400791572446885,-8.984740462839252
T0503,F06,2022,14678,-0.0019810815995683043,-15.053490651039755
T0503,F07,2023,14280,-0.002113890328447743,-16.581896195756407
T0503,F08,2023,15734,-0.002162088885526749,-23.78105304772125
T0504,F01,2020,4233,-0.002305013154644432,-2.8753571253844026
T0504,F02,2020,9977,-0.00276917009516192,-5.055725288591624
T0504,F03,2021,10768,-0.002946492409324478,-3.305277301879285
T0504,F04,2021,11207,-0.002771658682527397,-4.828499102616574
T0504,F05,2022,10383,-0.0012505345465044417,-1.8413143419421334
T0504,F06,2022,11331,-0.0017805135416933942,-3.9542016889864597
T0504,F07,2023,11017,-0.002390590952340644,-5.335174004341997
T0504,F08,2023,12232,-0.0025990910301768888,-8.616103163447976
T0505,F01,2020,2145,-0.002771502308163098,-1.5909489429648511
T0505,F02,2020,5793,-0.0038494290459482293,-3.1006969215521583
T0505,F03,2021,6421,-0.005232376234644442,-2.662774593821182
T0505,F04,2021,6689,-0.004356071196418648,-3.3173741024605383
T0505,F05,2022,6279,0.0010321811372034557,0.6658720950580703
T0505,F06,2022,6756,-0.0014790067192681177,-1.3946603050240793
T0505,F07,2023,6743,-0.003318240377129739,-3.118363074796158
T0505,F08,2023,7488,-0.003603053477384187,-5.154625693596528
T0506,F01,2020,1296,-0.003679704342730983,-1.142791318312065
T0506,F02,2020,3814,-0.005476284501974368,-2.5981428610674318
T0506,F03,2021,4387,-0.007240200494725702,-2.221035330678936
T0506,F04,2021,4560,-0.0065174484621416725,-2.958553901593101
T0506,F05,2022,4209,0.00628167544895218,2.5009450929501202
T0506,F06,2022,4556,-0.00012719937849259562,-0.06835736679109107
T0506,F07,2023,4520,-0.004497575973924486,-2.4680011360793546
T0506,F08,2023,4891,-0.005604923978371113,-4.745893921607857
T0507,F01,2020,6587,-0.0021273185205984736,-9.046710480143883
T0507,F02,2020,13802,-0.0021183452549543183,-14.155192783374666
T0507,F03,2021,14023,-0.002208439592606368,-8.325262288402808
T0507,F04,2021,14564,-0.0020819851785523857,-12.78883577400907
T0507,F05,2022,14190,-0.0018030697433383184,-9.251996361847613
T0507,F06,2022,14924,-0.0019332793438737216,-14.794199747394883
T0507,F07,2023,14083,-0.001981550181359931,-16.31939366154643
T0507,F08,2023,15684,-0.002143031838627935,-24.204054572025285
T0508,F01,2020,3944,-0.0025828796250980304,-3.5411831087266927
T0508,F02,2020,9942,-0.0024787424349235134,-4.637758010968572
T0508,F03,2021,10778,-0.0026339785923200827,-2.6414230805617316
T0508,F04,2021,11446,-0.0024323490177678504,-4.203430067581906
T0508,F05,2022,11466,-0.0009352881254006153,-1.3972601819038883
T0508,F06,2022,11750,-0.0016393840004016408,-3.548961333562595
T0508,F07,2023,11096,-0.002194996611473815,-5.01444602108023
T0508,F08,2023,11839,-0.0025184088065036887,-8.22918857934939
T0509,F01,2020,1896,-0.004188792865223609,-2.4138969483650707
T0509,F02,2020,5401,-0.0039552542256863325,-3.1499910145801606
T0509,F03,2021,6271,-0.004170541440398374,-1.866607800082518
T0509,F04,2021,6582,-0.004280666225680833,-3.2253986182309107
T0509,F05,2022,6727,0.0011635864620950537,0.7398586897624474
T0509,F06,2022,7012,-0.00160958845918276,-1.4935991739781243
T0509,F07,2023,6493,-0.002313784771839553,-2.1352729250244202
T0509,F08,2023,6945,-0.003360280389827097,-4.659064065313601
T0510,F01,2020,1129,-0.007086521167799876,-2.4641521777841264
T0510,F02,2020,3379,-0.00550619590521928,-2.538693497016541
T0510,F03,2021,4003,-0.005729488325925847,-1.5417334851886424
T0510,F04,2021,4098,-0.005970713649212672,-2.5588878894430365
T0510,F05,2022,4096,0.0043785673061893515,1.638548499540412
T0510,F06,2022,4478,-0.0004761660439783904,-0.25096264038732724
T0510,F07,2023,4164,-0.002852943324086013,-1.5396656183460238
T0510,F08,2023,4382,-0.005425063900459621,-4.358568263724751
T0511,F01,2020,7082,-0.002024840282820729,-8.37967811711831
T0511,F02,2020,14327,-0.0022657172259130604,-14.90774677408602
T0511,F03,2021,14383,-0.0023405248611241022,-8.87721927382889
T0511,F04,2021,14814,-0.0022030206650960338,-13.431396213406828
T0511,F05,2022,13847,-0.001879739559676664,-9.065268377312433
T0511,F06,2022,14711,-0.001957341973945936,-15.18531550975772
T0511,F07,2023,14570,-0.0020816752965771095,-17.131599713118067
T0511,F08,2023,15826,-0.0020715180136046058,-22.558777270592408
T0512,F01,2020,4093,-0.002255136220584082,-2.785992151072997
T0512,F02,2020,10072,-0.0028765395005133578,-5.3517953572678945
T0512,F03,2021,10639,-0.0031066788758080687,-3.5036828632158836
T0512,F04,2021,11187,-0.002655185364400837,-4.769255386896263
T0512,F05,2022,9952,-0.0011225497089027117,-1.7104321418637891
T0512,F06,2022,10998,-0.0018381058776032078,-4.273850074747985
T0512,F07,2023,11070,-0.0022065891698244055,-5.145674167026186
T0512,F08,2023,12056,-0.002483932025962716,-8.26015930112811
T0513,F01,2020,2250,-0.0023820180291315926,-1.3383243409405579
T0513,F02,2020,6045,-0.004076083259131725,-3.3471705887605396
T0513,F03,2021,6566,-0.005842911172687695,-3.0420320376953995
T0513,F04,2021,6956,-0.004162709031508782,-3.3300758644859183
T0513,F05,2022,6126,0.0013968223870181645,0.9585705593397434
T0513,F06,2022,6748,-0.001435839931534694,-1.3736903120069013
T0513,F07,2023,6760,-0.0032038968184706076,-3.150590329764535
T0513,F08,2023,7544,-0.0036859516372035554,-5.424246564204129
T0514,F01,2020,1314,-0.0036702905221045025,-1.2753586519403173
T0514,F02,2020,4041,-0.005235579369440413,-2.407014905816541
T0514,F03,2021,4456,-0.007750140356341594,-2.4317663052898886
T0514,F04,2021,4862,-0.004823693524113027,-2.207424398663172
T0514,F05,2022,4379,0.006690241425653205,2.700248621554027
T0514,F06,2022,4623,-0.00015889613518031898,-0.08760202244073423
T0514,F07,2023,4650,-0.004411985952018284,-2.5228558442952775
T0514,F08,2023,5099,-0.0051557588599212886,-4.426721775117497
T0515,F01,2020,7075,-0.0020340170473788968,-8.209247486607666
T0515,F02,2020,14144,-0.0022925764286454726,-14.954685984081323
T0515,F03,2021,14238,-0.002249583968713089,-8.464375008294247
T0515,F04,2021,14638,-0.0021836987912961362,-13.096364508375908
T0515,F05,2022,13862,-0.0018400791572446885,-8.984740462839252
T0515,F06,2022,14678,-0.0019810815995683043,-15.053490651039755
T0515,F07,2023,14280,-0.002113890328447743,-16.581896195756407
T0515,F08,2023,15734,-0.002162088885526749,-23.78105304772125
T0516,F01,2020,4233,-0.002305013154644432,-2.8753571253844026
T0516,F02,2020,9977,-0.00276917009516192,-5.055725288591624
T0516,F03,2021,10768,-0.002946492409324478,-3.305277301879285
T0516,F04,2021,11207,-0.002771658682527397,-4.828499102616574
T0516,F05,2022,10383,-0.0012505345465044417,-1.8413143419421334
T0516,F06,2022,11331,-0.0017805135416933942,-3.9542016889864597
T0516,F07,2023,11017,-0.002390590952340644,-5.335174004341997
T0516,F08,2023,12232,-0.0025990910301768888,-8.616103163447976
T0517,F01,2020,2145,-0.002771502308163098,-1.5909489429648511
T0517,F02,2020,5793,-0.0038494290459482293,-3.1006969215521583
T0517,F03,2021,6421,-0.005232376234644442,-2.662774593821182
T0517,F04,2021,6689,-0.004356071196418648,-3.3173741024605383
T0517,F05,2022,6279,0.0010321811372034557,0.6658720950580703
T0517,F06,2022,6756,-0.0014790067192681177,-1.3946603050240793
T0517,F07,2023,6743,-0.003318240377129739,-3.118363074796158
T0517,F08,2023,7488,-0.003603053477384187,-5.154625693596528
T0518,F01,2020,1296,-0.003679704342730983,-1.142791318312065
T0518,F02,2020,3814,-0.005476284501974368,-2.5981428610674318
T0518,F03,2021,4387,-0.007240200494725702,-2.221035330678936
T0518,F04,2021,4560,-0.0065174484621416725,-2.958553901593101
T0518,F05,2022,4209,0.00628167544895218,2.5009450929501202
T0518,F06,2022,4556,-0.00012719937849259562,-0.06835736679109107
T0518,F07,2023,4520,-0.004497575973924486,-2.4680011360793546
T0518,F08,2023,4891,-0.005604923978371113,-4.745893921607857
T0519,F01,2020,6587,-0.0021273185205984736,-9.046710480143883
T0519,F02,2020,13802,-0.0021183452549543183,-14.155192783374666
T0519,F03,2021,14023,-0.002208439592606368,-8.325262288402808
T0519,F04,2021,14564,-0.0020819851785523857,-12.78883577400907
T0519,F05,2022,14190,-0.0018030697433383184,-9.251996361847613
T0519,F06,2022,14924,-0.0019332793438737216,-14.794199747394883
T0519,F07,2023,14083,-0.001981550181359931,-16.31939366154643
T0519,F08,2023,15684,-0.002143031838627935,-24.204054572025285
T0520,F01,2020,3944,-0.0025828796250980304,-3.5411831087266927
T0520,F02,2020,9942,-0.0024787424349235134,-4.637758010968572
T0520,F03,2021,10778,-0.0026339785923200827,-2.6414230805617316
T0520,F04,2021,11446,-0.0024323490177678504,-4.203430067581906
T0520,F05,2022,11466,-0.0009352881254006153,-1.3972601819038883
T0520,F06,2022,11750,-0.0016393840004016408,-3.548961333562595
T0520,F07,2023,11096,-0.002194996611473815,-5.01444602108023
T0520,F08,2023,11839,-0.0025184088065036887,-8.22918857934939
T0521,F01,2020,1896,-0.004188792865223609,-2.4138969483650707
T0521,F02,2020,5401,-0.0039552542256863325,-3.1499910145801606
T0521,F03,2021,6271,-0.004170541440398374,-1.866607800082518
T0521,F04,2021,6582,-0.004280666225680833,-3.2253986182309107
T0521,F05,2022,6727,0.0011635864620950537,0.7398586897624474
T0521,F06,2022,7012,-0.00160958845918276,-1.4935991739781243
T0521,F07,2023,6493,-0.002313784771839553,-2.1352729250244202
T0521,F08,2023,6945,-0.003360280389827097,-4.659064065313601
T0522,F01,2020,1129,-0.007086521167799876,-2.4641521777841264
T0522,F02,2020,3379,-0.00550619590521928,-2.538693497016541
T0522,F03,2021,4003,-0.005729488325925847,-1.5417334851886424
T0522,F04,2021,4098,-0.005970713649212672,-2.5588878894430365
T0522,F05,2022,4096,0.0043785673061893515,1.638548499540412
T0522,F06,2022,4478,-0.0004761660439783904,-0.25096264038732724
T0522,F07,2023,4164,-0.002852943324086013,-1.5396656183460238
T0522,F08,2023,4382,-0.005425063900459621,-4.358568263724751
T0523,F01,2020,6977,-0.0021644990218298537,-9.077673849485475
T0523,F02,2020,14525,-0.002222478228738596,-14.9655677778373
T0523,F03,2021,14429,-0.002571072754309116,-10.03148283570208
T0523,F04,2021,14837,-0.002322377291979022,-14.132176290476167
T0523,F05,2022,13930,-0.0018655356765235347,-9.21293576669363
T0523,F06,2022,14786,-0.0019696737516444645,-15.825737710938423
T0523,F07,2023,14774,-0.0020043103683293154,-16.459510930061644
T0523,F08,2023,15882,-0.0020821923299450826,-21.931137553586467
T0524,F01,2020,4196,-0.002532159226160894,-3.67504102461048
T0524,F02,2020,10188,-0.0029592412505411087,-5.782756528346457
T0524,F03,2021,10711,-0.003396914135725483,-4.172185072133025
T0524,F04,2021,11126,-0.002592612678347874,-4.779947433251373
T0524,F05,2022,9934,-0.0011297511875114452,-1.7964538409596886
T0524,F06,2022,11045,-0.0016562327454458232,-3.79203672415681
T0524,F07,2023,11180,-0.0020430780750187155,-4.889278815071802
T0524,F08,2023,12280,-0.0025407646831806926,-8.45195249235841
T0525,F01,2020,2314,-0.0028643566080550323,-1.6014162671946015
T0525,F02,2020,6343,-0.003806901174558165,-3.1445910720607753
T0525,F03,2021,6722,-0.006971503749084205,-3.718075427462567
T0525,F04,2021,7111,-0.0033437213905433624,-2.7011764366802633
T0525,F05,2022,6352,0.0023109754168587665,1.5468789052102383
T0525,F06,2022,6838,-0.0007388963517121048,-0.7003393135256484
T0525,F07,2023,6943,-0.0030555155385193628,-2.9814811352400463
T0525,F08,2023,7742,-0.003700934763396511,-5.453522379173706
T0526,F01,2020,1444,-0.0046877429445708685,-1.7524762750077503
T0526,F02,2020,4212,-0.004781146120269518,-2.3017015039621853
T0526,F03,2021,4800,-0.009876471872960564,-3.1315963690550364
T0526,F04,2021,4723,-0.004586233202457696,-2.1787468571723885
T0526,F05,2022,4426,0.006355591296930665,2.5687987993855526
T0526,F06,2022,4771,3.4185214135973594e-06,0.0019506219350843056
T0526,F07,2023,4860,-0.003435024601039038,-2.0142874239152366
T0526,F08,2023,5307,-0.004462566062669566,-3.92867218281959
T0527,F01,2020,5840,-0.0021805237923818053,-8.01866027338734
T0527,F02,2020,12704,-0.0023476250870266527,-14.262197415281136
T0527,F03,2021,12804,-0.0024998133803824205,-8.85977831095155
T0527,F04,2021,12831,-0.002279252695176813,-12.846240191097817
T0527,F05,2022,12215,-0.0018642900590740584,-8.906821396985682
T0527,F06,2022,12987,-0.001971822101593203,-14.9644127068551
T0527,F07,2023,12935,-0.0021110930261361493,-16.458730550406642
T0527,F08,2023,13937,-0.002230071200702932,-22.956380710690475
T0528,F01,2020,3424,-0.0026169704444924894,-3.5770948496243764
T0528,F02,2020,8782,-0.0029921058956682853,-5.38125527513514
T0528,F03,2021,9281,-0.00325823072372344,-3.5382614327302315
T0528,F04,2021,9320,-0.002524306772161829,-4.42304852125297
T0528,F05,2022,8772,-0.0006248008042935032,-0.8833498868494528
T0528,F06,2022,9301,-0.0019320937372825611,-4.532180303897447
T0528,F07,2023,9362,-0.002247581905380531,-5.090639031427626
T0528,F08,2023,10130,-0.0026844774302657625,-8.17400997259058
T0529,F01,2020,1979,-0.003452689621226313,-1.914272201276707
T0529,F02,2020,5412,-0.004376808711060645,-3.471356365177106
T0529,F03,2021,5914,-0.006075644645019308,-3.1154965816768097
T0529,F04,2021,5961,-0.003302159074991223,-2.5964964591096122
T0529,F05,2022,5450,0.0011309764806613802,0.7130098427497762
T0529,F06,2022,5828,-0.0015526888223142937,-1.5164201025835293
T0529,F07,2023,5834,-0.0037081061012181013,-3.505188961812546
T0529,F08,2023,6508,-0.004040987770271522,-5.552518366677812
T0530,F01,2020,1280,-0.004613308611997732,-1.5663481553171328
T0530,F02,2020,3719,-0.006549295892269095,-3.1319430217274427
T0530,F03,2021,4173,-0.008395352210919162,-2.6417024022239706
T0530,F04,2021,4237,-0.005088733626215463,-2.2361980067408767
T0530,F05,2022,3960,0.005633783455475034,2.131212692150747
T0530,F06,2022,4198,-0.00024933792113203087,-0.1336111978250847
T0530,F07,2023,4133,-0.0037411715445048624,-2.0847124364401286
T0530,F08,2023,4554,-0.0046198020781276945,-4.0030404028643325
T0531,F01,2020,5497,-0.002263467035179065,-8.370803636080003
T0531,F02,2020,12476,-0.0022303187966112438,-14.234138359708394
T0531,F03,2021,12816,-0.0025095837628121478,-10.013705173878659
T0531,F04,2021,12846,-0.0022604663378381668,-13.708274908968558
T0531,F05,2022,11899,-0.0017552252177914466,-8.88643620358078
T0531,F06,2022,12854,-0.0019378369266521238,-15.372672539490896
T0531,F07,2023,13029,-0.0021459992287397897,-16.11541973052801
T0531,F08,2023,13984,-0.00234675917254746,-22.09453090774014
T0532,F01,2020,3966,-0.002311968155636139,-3.6317305439242458
T0532,F02,2020,9527,-0.002907463378060677,-5.926488059178415
T0532,F03,2021,10204,-0.003734810485019896,-4.689038056238958
T0532,F04,2021,10185,-0.002637639520711065,-5.245993373372976
T0532,F05,2022,9179,-0.0009152076247614331,-1.5151488859017
T0532,F06,2022,10051,-0.0019791521355195423,-4.7500985591984035
T0532,F07,2023,10197,-0.0020345230452668145,-4.787378627276964
T0532,F08,2023,11072,-0.0027840551845703817,-8.914390183652804
T0533,F01,2020,2406,-0.0035990101726179544,-2.2645290169874284
T0533,F02,2020,6303,-0.0038910698205648605,-3.317740641568445
T0533,F03,2021,6998,-0.006107295194135391,-3.464815699081624
T0533,F04,2021,6860,-0.003760481137123552,-3.0562328305647575
T0533,F05,2022,6279,0.00192277625652253,1.2839542116836618
T0533,F06,2022,6687,-0.001357754244169541,-1.3797833895446794
T0533,F07,2023,6875,-0.00293395281130915,-2.9453116869870204
T0533,F08,2023,7567,-0.0037926855630525847,-5.404166026872539
T0534,F01,2020,1612,-0.004375081125568361,-1.681394690349892
T0534,F02,2020,4327,-0.0054593974248519,-2.678465083350396
T0534,F03,2021,4886,-0.00886217065141176,-3.036586876685513
T0534,F04,2021,4840,-0.004231636964187081,-1.9763195377669815
T0534,F05,2022,4297,0.005822519129221341,2.3654519749958527
T0534,F06,2022,4778,-0.00022530596754188315,-0.13457361241393315
T0534,F07,2023,4825,-0.003954026615091163,-2.341997387181694
T0534,F08,2023,5128,-0.005850670139619607,-5.013731590032336
T0535,F01,2020,1421,-0.0024766290086661513,-4.051945447747653
T0535,F02,2020,4194,-0.002507114554206354,-9.685079568014146
T0535,F03,2021,4316,-0.003510304808016176,-8.941957091348787
T0535,F04,2021,4531,-0.002696442356056217,-10.28862206514452
T0535,F05,2022,4276,-0.0018245230927736176,-5.011584789959054
T0535,F06,2022,4693,-0.002412500889598732,-10.748991230096454
T0535,F07,2023,4646,-0.0022675010937168033,-10.672765678991025
T0535,F08,2023,5520,-0.002480013320268212,-16.074015740104276
T0536,F01,2020,1226,-0.0020342796922147555,-1.741782482147081
T0536,F02,2020,3660,-0.0032995116776596612,-4.984436652508981
T0536,F03,2021,3753,-0.004009802045134472,-3.9157052793017235
T0536,F04,2021,3922,-0.003400408776479005,-4.869040649722963
T0536,F05,2022,3640,-0.0007466888074208998,-0.8976681808966941
T0536,F06,2022,4014,-0.0020465429835216345,-3.736146834821526
T0536,F07,2023,3988,-0.0024542504184974453,-4.300379065375046
T0536,F08,2023,4756,-0.002872709009825212,-8.053471154012458
T0537,F01,2020,955,-0.0021975324306624925,-1.1486314185931927
T0537,F02,2020,2881,-0.005346462031932653,-3.4669765970769117
T0537,F03,2021,2971,-0.00460763897332519,-2.085027962500043
T0537,F04,2021,3076,-0.0044602487698314945,-2.791733353822811
T0537,F05,2022,2793,0.0006774942059770756,0.3508651244704979
T0537,F06,2022,3130,-0.0021495112839863546,-1.7589477110028264
T0537,F07,2023,3140,-0.003782487988962609,-2.8343550276107163
T0537,F08,2023,3725,-0.004130820922483014,-4.848210260882056
T0538,F01,2020,744,-0.005336967966567947,-1.5610776925615213
T0538,F02,2020,2196,-0.004851387931786136,-1.9338484134862053
T0538,F03,2021,2391,-0.0057275332963430065,-1.590959072656138
T0538,F04,2021,2491,-0.005882361991346208,-2.2066871155801686
T0538,F05,2022,2252,0.006473403775880886,2.2090959761067457
T0538,F06,2022,2471,0.0008574885683413705,0.38915016706403427
T0538,F07,2023,2498,-0.0037982334687874848,-1.7360190392613657
T0538,F08,2023,2883,-0.006266214026662482,-4.513232795511991
T0539,F01,2020,774,-0.002745412799737415,-2.6131549825586142
T0539,F02,2020,2570,-0.002548158138870634,-7.054715223228983
T0539,F03,2021,2598,-0.003906167776809829,-7.833453498030254
T0539,F04,2021,2730,-0.00273512167763115,-7.207578814571415
T0539,F05,2022,2725,-0.001171233758887356,-2.5169884708800607
T0539,F06,2022,2928,-0.0023077988261860517,-7.797743464266156
T0539,F07,2023,2801,-0.0024172305157951985,-7.77560525823304
T0539,F08,2023,3407,-0.0024556836394255136,-11.739787922304968
T0540,F01,2020,682,-0.0016777519152981711,-0.8943240106608361
T0540,F02,2020,2251,-0.0039834775881059485,-4.74503036105293
T0540,F03,2021,2302,-0.005679926938282052,-4.369398535913816
T0540,F04,2021,2391,-0.0039071996150373735,-4.4149454769553955
T0540,F05,2022,2326,-0.00018155814283577263,-0.1639292640485542
T0540,F06,2022,2489,-0.0020704133882250625,-2.932011181766242
T0540,F07,2023,2425,-0.0031144387251476014,-3.885706957181856
T0540,F08,2023,2918,-0.003329876971818363,-6.910519115290669
T0541,F01,2020,587,-0.0010493280530904535,-0.3432359783190052
T0541,F02,2020,1927,-0.005181582569424841,-2.976608523168391
T0541,F03,2021,1958,-0.004513056314824663,-1.5769682220155417
T0541,F04,2021,2008,-0.004210705649736316,-2.0700369103616576
T0541,F05,2022,1893,0.0016257737095007384,0.7467930726777661
T0541,F06,2022,2059,-0.0028928447336144473,-1.980396364199162
T0541,F07,2023,2039,-0.003990122389668028,-2.3101123312828626
T0541,F08,2023,2455,-0.004383980459105928,-4.214891652657117
T0542,F01,2020,487,-0.0054959786461976565,-1.2670017212049238
T0542,F02,2020,1584,-0.007036275737940036,-2.357813274798251
T0542,F03,2021,1692,-0.01007862692155011,-2.366764981163999
T0542,F04,2021,1733,-0.008002543275769576,-2.478771408717244
T0542,F05,2022,1573,0.005459267873224996,1.5755618391123978
T0542,F06,2022,1748,-0.001469328239199546,-0.6316630909161844
T0542,F07,2023,1693,-0.005452325344089138,-2.0431054023486364
T0542,F08,2023,2052,-0.006713714836140805,-4.125424427988187
T0543,F01,2020,709,-0.0029273378960924536,-2.6031079721964683
T0543,F02,2020,2357,-0.0027135843875349132,-7.042892589805046
T0543,F03,2021,2366,-0.004104344801577205,-7.647230217817035
T0543,F04,2021,2505,-0.002666269796065723,-6.689658070540274
T0543,F05,2022,2551,-0.001241874946515244,-2.5235966582448945
T0543,F06,2022,2706,-0.0022692707040267725,-6.7533548063808
T0543,F07,2023,2570,-0.0023656892009993697,-7.019331763783458
T0543,F08,2023,3161,-0.0024199654814565093,-10.797220871497187
T0544,F01,2020,631,-0.0012588082416311237,-0.6501056438059549
T0544,F02,2020,2068,-0.0039426960468150075,-4.357633549810389
T0544,F03,2021,2118,-0.005342194755942962,-3.90388660469391
T0544,F04,2021,2232,-0.00394394732859069,-4.335100216874002
T0544,F05,2022,2189,-0.0005775249528440674,-0.5004084917179233
T0544,F06,2022,2316,-0.002146718696169047,-2.8719890127903014
T0544,F07,2023,2235,-0.0030484997363704287,-3.6071517056626514
T0544,F08,2023,2714,-0.0033605617728674785,-6.437940090567052
T0545,F01,2020,543,0.0004706713402000054,0.15053662162501721
T0545,F02,2020,1789,-0.005279818698060661,-2.8390877595628092
T0545,F03,2021,1811,-0.00503351444461544,-1.6901360253560171
T0545,F04,2021,1878,-0.005129532678329073,-2.423229273458914
T0545,F05,2022,1790,0.001863726808939331,0.8041023050565819
T0545,F06,2022,1916,-0.0023334948517221123,-1.5603370191551011
T0545,F07,2023,1879,-0.003955750770078782,-2.133015426326045
T0545,F08,2023,2299,-0.004371311960262079,-4.041670940295446
T0546,F01,2020,474,-0.006736669855725495,-1.5301841712467121
T0546,F02,2020,1499,-0.0070551900950980495,-2.3038155454809175
T0546,F03,2021,1579,-0.009798475824145949,-2.220406460156361
T0546,F04,2021,1634,-0.009311008393985236,-2.8701924026231325
T0546,F05,2022,1522,0.005244771496989711,1.498502254634685
T0546,F06,2022,1615,-0.0009514514084368191,-0.4030802920960462
T0546,F07,2023,1571,-0.004563098007199799,-1.6632340866966047
T0546,F08,2023,1924,-0.006557011350828961,-3.903484609048717
T0547,F01,2020,6965,-0.0023348292694639864,-12.37554214824353
T0547,F02,2020,14485,-0.0022654205864192783,-15.534362272638747
T0547,F03,2021,14520,-0.0024543680906540595,-10.279614358228818
T0547,F04,2021,14753,-0.0022650295262567383,-14.458200414050104
T0547,F05,2022,13867,-0.0018216160788413354,-9.744065542719923
T0547,F06,2022,14865,-0.0019456086080740884,-15.633699616761577
T0547,F07,2023,14938,-0.0020618313302188883,-17.052870970009323
T0547,F08,2023,15848,-0.0022041641333937372,-23.13291585628924
T0548,F01,2020,4304,-0.002428351487919327,-3.6928127122221626
T0548,F02,2020,10468,-0.0029777700716602453,-6.26943226246422
T0548,F03,2021,11057,-0.003647730394446363,-4.950550532115127
T0548,F04,2021,11132,-0.002587930132983164,-5.163701146260877
T0548,F05,2022,9940,-0.0010673175798471225,-1.623263984094866
T0548,F06,2022,11004,-0.0017258103153934585,-4.284034172799684
T0548,F07,2023,11270,-0.0021379316227450014,-5.1136969027783
T0548,F08,2023,12305,-0.002675731761175014,-9.052561546137218
T0549,F01,2020,2409,-0.0029940242366427606,-1.7784058943130758
T0549,F02,2020,6542,-0.003733893423899662,-3.236207673723518
T0549,F03,2021,7187,-0.005459317814742947,-3.165801957321093
T0549,F04,2021,7234,-0.003307275772093308,-2.7299627039218706
T0549,F05,2022,6609,0.0011539894668652927,0.7906175740790278
T0549,F06,2022,7209,-0.0007569885549443986,-0.7774607074624885
T0549,F07,2023,7210,-0.0024952836449217996,-2.5916746435874956
T0549,F08,2023,7863,-0.004088187029467288,-5.8188268296604795
T0550,F01,2020,1516,-0.005525665295526371,-2.1123258548220534
T0550,F02,2020,4328,-0.005700573281164818,-2.8478934322490645
T0550,F03,2021,4898,-0.00919942181541091,-3.140038909034891
T0550,F04,2021,4741,-0.005959862623009383,-2.8288514090205505
T0550,F05,2022,4279,0.004221873774897142,1.6743578423346492
T0550,F06,2022,4873,0.0013759359041163348,0.8203280814249053
T0550,F07,2023,4679,-0.0029581672524309627,-1.7257602728026928
T0550,F08,2023,5151,-0.004862057305399572,-4.250261869601362
T0551,F01,2020,6977,-0.0021317250681153607,-9.253688333384357
T0551,F02,2020,14366,-0.0022890765748526144,-15.307590102448387
T0551,F03,2021,14476,-0.0024969668751806807,-10.162802099707733
T0551,F04,2021,14785,-0.002236839475783568,-14.220881224242168
T0551,F05,2022,13763,-0.0018178823661576624,-9.70227945009892
T0551,F06,2022,14713,-0.0019525642116603181,-15.672144036221262
T0551,F07,2023,14780,-0.0019528459672167287,-16.33133608611385
T0551,F08,2023,15831,-0.0021939356378307276,-22.124331816042062
T0552,F01,2020,4206,-0.002114448524895019,-3.14694193540371
T0552,F02,2020,10203,-0.002611022929448488,-5.1408821403074
T0552,F03,2021,10846,-0.003520528475659262,-4.603675964305001
T0552,F04,2021,10992,-0.0025556423740763145,-4.926363624618857
T0552,F05,2022,9764,-0.0007380242395211865,-1.2434733918958498
T0552,F06,2022,10874,-0.001609663952470885,-3.9645858425462124
T0552,F07,2023,10873,-0.001950331183057335,-4.608299433959258
T0552,F08,2023,12048,-0.002609801148000307,-8.188310276744174
T0553,F01,2020,2412,-0.0031453425332847625,-1.8690727324243908
T0553,F02,2020,6410,-0.004050659299194916,-3.4350400051821444
T0553,F03,2021,7045,-0.006506797893498061,-3.625327642473433
T0553,F04,2021,7197,-0.003325812906578181,-2.6783554737270663
T0553,F05,2022,6368,0.0019734582439443226,1.3650975098748064
T0553,F06,2022,6919,-0.00048634995790351244,-0.5009739691005262
T0553,F07,2023,6983,-0.002738106869044733,-2.772127645479721
T0553,F08,2023,7664,-0.0038835363647321966,-5.630000678389313
T0554,F01,2020,1422,-0.004279619863796903,-1.5841471827316973
T0554,F02,2020,4285,-0.0054242635331025095,-2.5554642414164874
T0554,F03,2021,4976,-0.0095774711133661,-3.173211778643752
T0554,F04,2021,4752,-0.004930041672412001,-2.356851166565356
T0554,F05,2022,4406,0.005149943701890189,2.069687599363511
T0554,F06,2022,4824,0.00089589302092361,0.5065842482228663
T0554,F07,2023,4560,-0.002868904131969968,-1.6334451679700916
T0554,F08,2023,5195,-0.005574440055569379,-4.883935141848482
T0555,F01,2020,6811,-0.0021002240336952375,-10.119596532623614
T0555,F02,2020,14283,-0.002300444259370277,-15.2414448830081
T0555,F03,2021,14452,-0.0024957830520583803,-9.736228664136519
T0555,F04,2021,14867,-0.0021838449176316346,-13.409948506606717
T0555,F05,2022,13846,-0.0019349335213703308,-10.038227214642221
T0555,F06,2022,14752,-0.0019364278475143026,-15.424279560406433
T0555,F07,2023,14546,-0.0020383906607359535,-16.655326291170127
T0555,F08,2023,15762,-0.0021040149239568147,-21.995424113382157
T0556,F01,2020,4113,-0.0023675727602635254,-3.684775255394408
T0556,F02,2020,10073,-0.0029018423375006316,-5.756365959685005
T0556,F03,2021,10874,-0.003228892459121323,-4.123263036354956
T0556,F04,2021,11144,-0.002553990315516353,-4.705235777120682
T0556,F05,2022,9850,-0.0008074315501589614,-1.258190491774998
T0556,F06,2022,10953,-0.001585223010286807,-3.713200962886385
T0556,F07,2023,10753,-0.002327375325686829,-5.460938377857495
T0556,F08,2023,11904,-0.002531350750178082,-8.051366426104117
T0557,F01,2020,2214,-0.002524344884364754,-1.4995755397121675
T0557,F02,2020,6146,-0.0035721339919492973,-3.020713783741212
T0557,F03,2021,6994,-0.0057669604464458376,-3.181570128814703
T0557,F04,2021,7061,-0.0037461574900003267,-3.0154261371022577
T0557,F05,2022,6091,0.0012574655154205443,0.8957885891616725
T0557,F06,2022,6653,-0.0011221731148884078,-1.1162580504129336
T0557,F07,2023,6566,-0.002798651043839057,-2.6380586344712786
T0557,F08,2023,7364,-0.003971800037027456,-5.657360469727376
T0558,F01,2020,1431,-0.004115984414426826,-1.4860244689826339
T0558,F02,2020,4088,-0.005603431820927856,-2.646059632584078
T0558,F03,2021,4748,-0.00882947855911304,-2.8371166292268555
T0558,F04,2021,4775,-0.00536981382282291,-2.499802374935281
T0558,F05,2022,4162,0.006108512317914994,2.505581029711161
T0558,F06,2022,4618,0.0003618760407901752,0.19707974340225407
T0558,F07,2023,4575,-0.004107259190613354,-2.2998003028092024
T0558,F08,2023,5013,-0.00538801232369184,-4.666028142092054
T0559,F01,2020,3303,-0.002024120416893666,-8.922379821077168
T0559,F02,2020,8666,-0.001856057722596199,-10.73859530801226
T0559,F03,2021,9529,-0.001692666140347621,-6.6534988337028835
T0559,F04,2021,9326,-0.0012900855859947114,-6.362037785555181
T0559,F05,2022,7728,-0.0014237775343595533,-6.381798166642745
T0559,F06,2022,8569,-0.0014156581626153953,-8.427904492822048
T0559,F07,2023,8561,-0.001763136645488992,-10.20127720271854
T0559,F08,2023,9659,-0.0017962730570308199,-12.247626324041345
T0560,F01,2020,2350,-0.002487982053983066,-3.9611270482810754
T0560,F02,2020,6412,-0.001380146570928704,-2.6100093242402447
T0560,F03,2021,7310,-0.0016326471333472695,-2.224378300840515
T0560,F04,2021,6980,-0.0019131732081242045,-3.2647183648263716
T0560,F05,2022,5649,-0.0008037527134187111,-1.1886249575780756
T0560,F06,2022,6353,-0.0010345040946393698,-2.2166170863542534
T0560,F07,2023,6473,-0.0014326078951222975,-2.9317148252224876
T0560,F08,2023,7429,-0.0020815756251565403,-5.659662798347339
T0561,F01,2020,1568,-0.0018609328215065338,-1.12374425815883
T0561,F02,2020,4382,-0.0012056129496120635,-0.9929691138979706
T0561,F03,2021,5155,-0.0033587503206095872,-1.930777478459065
T0561,F04,2021,4743,-0.002324133081370179,-1.7414936397593725
T0561,F05,2022,3870,0.0030320804321780546,1.9586226308544494
T0561,F06,2022,4389,0.0010134592765343846,0.9349005436774636
T0561,F07,2023,4582,-0.002528821432864513,-2.1966051534301205
T0561,F08,2023,5268,-0.0028494551293480087,-3.592782443230482
T0562,F01,2020,1090,-0.0038851031656688723,-1.4362320048919115
T0562,F02,2020,3107,-0.004024762859771053,-1.919901467859792
T0562,F03,2021,3575,-0.007182201614550089,-2.3966769759490028
T0562,F04,2021,3399,-0.0033465609115602897,-1.4584046687824324
T0562,F05,2022,2805,0.006831294423267605,2.443642804839889
T0562,F06,2022,3172,0.0014419299539905157,0.7424711983224808
T0562,F07,2023,3322,-0.0031337042480621864,-1.5894467209918972
T0562,F08,2023,3775,-0.004146690987508391,-3.075800276530066
T0563,F01,2020,1657,-0.0016687194031227467,-4.995583537640402
T0563,F02,2020,4750,-0.0015005668614652956,-5.892818320998531
T0563,F03,2021,5631,-0.0013774675441674085,-3.51426815062485
T0563,F04,2021,5390,-0.001480165503275792,-5.124111324713147
T0563,F05,2022,4272,-0.0015953175953204585,-4.890469173586757
T0563,F06,2022,4195,-0.00166222703241549,-5.6900533445917185
T0563,F07,2023,4456,-0.0016985440411648632,-6.032732115055028
T0563,F08,2023,5038,-0.0016202277182758684,-6.635040481785034
T0564,F01,2020,1190,-0.0026536479012035023,-3.262712089956801
T0564,F02,2020,3550,-0.0009064104740907485,-1.3588002687501883
T0564,F03,2021,4303,-0.002245610197006117,-2.499686263888263
T0564,F04,2021,3969,-0.002406032388578968,-3.2380078226246787
T0564,F05,2022,3088,-0.00011063138746595447,-0.13185067840197204
T0564,F06,2022,3192,-0.0009227243099567071,-1.3047488278751582
T0564,F07,2023,3332,-0.002550008185458765,-3.5728261671291968
T0564,F08,2023,3768,-0.00176718523018305,-3.2141164101583857
T0565,F01,2020,891,-0.004696357145150397,-2.4992185389014847
T0565,F02,2020,2757,-0.002856681575700965,-2.0382995698530277
T0565,F03,2021,3313,-0.005185643491818339,-2.710297760828282
T0565,F04,2021,3036,-0.003466718564972717,-2.24865713335979
T0565,F05,2022,2386,0.00462730166938471,2.6400332050461386
T0565,F06,2022,2469,0.0007577468477273851,0.5332995334629921
T0565,F07,2023,2577,-0.002843209716043952,-1.9036966431161964
T0565,F08,2023,3001,-0.002444746444260007,-2.3710444971983966
T0566,F01,2020,677,-0.0025987158013201297,-0.8063718326812822
T0566,F02,2020,2164,-0.0035853620470577842,-1.5423027741766664
T0566,F03,2021,2689,-0.00948976924229896,-2.8215540740346223
T0566,F04,2021,2427,-0.004984861066630421,-1.9687141592944963
T0566,F05,2022,1917,0.006656291889899841,2.259498757881743
T0566,F06,2022,2040,0.000823673323852064,0.3557431068300698
T0566,F07,2023,2127,-0.0043045415468240455,-1.8359702229042174
T0566,F08,2023,2430,-0.00507509162644105,-3.0539408542430606
T0567,F01,2020,933,-0.0017980147898402378,-3.92256850809213
T0567,F02,2020,2617,-0.00033220549700454805,-0.8926735689433648
T0567,F03,2021,3129,5.323498537534676e-06,0.009766918454851775
T0567,F04,2021,3119,-0.0021490164733331436,-5.906654110419176
T0567,F05,2022,2310,-0.0018986085102537787,-4.127799492422128
T0567,F06,2022,2343,-0.0018163067490893797,-3.799497401160475
T0567,F07,2023,2677,-0.0020258557359415824,-4.434696888002218
T0567,F08,2023,2854,-0.0016877367316788655,-4.33946821282694
T0568,F01,2020,658,-0.0022414079521016466,-2.3508951801228513
T0568,F02,2020,1920,-0.0009009368436409918,-1.0512888603618535
T0568,F03,2021,2329,-0.002106401375816959,-1.8438771644525966
T0568,F04,2021,2215,-0.003691344108781279,-4.113302758914374
T0568,F05,2022,1613,-0.0010403897865187998,-0.8916499699204192
T0568,F06,2022,1683,-0.0006902872839447932,-0.7076933202741419
T0568,F07,2023,1965,-0.002766058286484545,-2.852111287993491
T0568,F08,2023,2037,-0.0028190749766581003,-3.220617918192006
T0569,F01,2020,531,-0.0034894197109292587,-1.3825482412842849
T0569,F02,2020,1548,-0.003922104958916132,-2.400848095042787
T0569,F03,2021,1920,-0.009291464204908405,-4.128397524409676
T0569,F04,2021,1788,-0.0058060392418322485,-3.225144086882038
T0569,F05,2022,1287,0.0030660268269343295,1.312940715654174
T0569,F06,2022,1405,0.0007522829297737729,0.43041500367843444
T0569,F07,2023,1609,-0.002681491093745263,-1.530264705716287
T0569,F08,2023,1691,-0.002837095999009266,-1.847544850188864
T0570,F01,2020,442,-0.005182545385804157,-1.4783902539903293
T0570,F02,2020,1338,-0.004800417290055447,-1.565545061950387
T0570,F03,2021,1666,-0.014367585120583809,-3.2158932148526023
T0570,F04,2021,1561,-0.0048285716235851855,-1.6075678130419555
T0570,F05,2022,1115,0.005690608463403828,1.4908576288089397
T0570,F06,2022,1236,0.0024709505652481113,0.8506984552086477
T0570,F07,2023,1393,-0.0026421123904791957,-0.9085035806806973
T0570,F08,2023,1482,-0.005757937765825062,-2.619396500774841
T0571,F01,2020,2207,-0.0027082220699527035,-5.629749906789052
T0571,F02,2020,8831,-0.0027179313806436982,-12.281770163647572
T0571,F03,2021,11723,-0.00276483210949778,-9.497923379619518
T0571,F04,2021,7758,-0.0029074722144700484,-10.777064209531783
T0571,F05,2022,7838,-0.0017801237964482266,-6.0990643345690145
T0571,F06,2022,5616,-0.0020230712627031387,-7.657053564844961
T0571,F07,2023,7285,-0.0020608974889910164,-9.396454432512074
T0571,F08,2023,9195,-0.002441489758150993,-14.032995084332356
T0572,F01,2020,1284,-0.0030883286071822927,-2.018471286023309
T0572,F02,2020,5765,-0.004739012210244459,-6.7792884509335325
T0572,F03,2021,8417,-0.004467640767005912,-4.859007189026368
T0572,F04,2021,4838,-0.005096906509372557,-6.285341925404385
T0572,F05,2022,5005,-0.0010173038413902587,-0.9435090612572774
T0572,F06,2022,3423,-0.0025563582524979842,-2.8657306617218867
T0572,F07,2023,4466,-0.0029810561858881084,-4.112517942907407
T0572,F08,2023,5758,-0.0034728332151023507,-6.517858652151261
T0573,F01,2020,765,-0.003914650960018943,-1.0946721832777386
T0573,F02,2020,3516,-0.006776978720972902,-4.010417293226715
T0573,F03,2021,5281,-0.007447124578019229,-3.445882268285653
T0573,F04,2021,2948,-0.006649867148853213,-3.7030588812904357
T0573,F05,2022,3080,0.0006747128682909035,0.3205210854930144
T0573,F06,2022,2060,-0.0027762583342358527,-1.4179070558972424
T0573,F07,2023,2707,-0.004658829725860579,-2.8144920027206193
T0573,F08,2023,3363,-0.006395347532009975,-5.285702057898402
T0574,F01,2020,523,-0.004750409122492183,-0.8884213122009975
T0574,F02,2020,2318,-0.007849701064037803,-2.871578226971508
T0574,F03,2021,3652,-0.012983334962764586,-3.6299301537839144
T0574,F04,2021,2041,-0.013095910153447781,-4.359146567885902
T0574,F05,2022,2146,0.005522776242643138,1.5966133025704685
T0574,F06,2022,1470,-0.0029816912325318743,-0.8633762744800266
T0574,F07,2023,1854,-0.006782412304986494,-2.5279181328709686
T0574,F08,2023,2304,-0.010266851102508622,-4.99768631355406
T0575,F01,2020,6321,-0.002067729702325554,-8.90461627143193
T0575,F02,2020,13279,-0.0022274203180732695,-14.525846616483086
T0575,F03,2021,13563,-0.0022443253334470544,-9.324351113806113
T0575,F04,2021,13815,-0.0022531162624635274,-14.471522843718336
T0575,F05,2022,12734,-0.0017724425592640254,-9.803837619203358
T0575,F06,2022,13710,-0.001944089032810509,-15.20370329555965
T0575,F07,2023,13746,-0.002063898557164216,-16.279214227708493
T0575,F08,2023,14718,-0.0022172357721902086,-22.222245455266858
T0576,F01,2020,4533,-0.0023482378135065794,-3.739658853921029
T0576,F02,2020,10417,-0.0025769658954241637,-5.3425921093879865
T0576,F03,2021,11031,-0.0036104288643654305,-5.159244506254436
T0576,F04,2021,10994,-0.002437745472142829,-4.975336509582516
T0576,F05,2022,9967,-0.0008862151684020331,-1.5283496737806113
T0576,F06,2022,11110,-0.0016894253000533472,-4.022596321696614
T0576,F07,2023,11071,-0.0021853667076201216,-5.2258137888917595
T0576,F08,2023,11986,-0.0024516289788153703,-8.290412116671606
T0577,F01,2020,2677,-0.0028110567552061165,-1.7926811464799504
T0577,F02,2020,6798,-0.003348574016714826,-3.000674469837629
T0577,F03,2021,7548,-0.004962678332822876,-2.8947458726726674
T0577,F04,2021,7567,-0.00412138973773279,-3.517010285425508
T0577,F05,2022,6814,0.0012867008533033542,0.9004746215631557
T0577,F06,2022,7412,-0.0008880284472001773,-0.9454083619121705
T0577,F07,2023,7456,-0.003197085139337342,-3.3553367730519614
T0577,F08,2023,8062,-0.003990591526774624,-6.01264371661307
T0578,F01,2020,1678,-0.0050736977668322395,-2.0410408536958866
T0578,F02,2020,4495,-0.004483432738746386,-2.243614299541462
T0578,F03,2021,5034,-0.009100196880293164,-3.127182776642122
T0578,F04,2021,5021,-0.005685257378454922,-2.774052987726929
T0578,F05,2022,4483,0.005628908892959974,2.2061441537947606
T0578,F06,2022,4969,0.0004238905039465286,0.255035597218623
T0578,F07,2023,5090,-0.0034958676360957,-2.120610438320738
T0578,F08,2023,5388,-0.005340557644221337,-4.78546234995607
T0579,F01,2020,2516,-0.002528945272825759,-4.781728989807298
T0579,F02,2020,6936,-0.0026854601900276084,-12.579654677305097
T0579,F03,2021,7562,-0.0031396216076534592,-8.816054291764686
T0579,F04,2021,7713,-0.0026656064733612274,-11.73172374139458
T0579,F05,2022,6722,-0.00180205594016461,-6.720383296683893
T0579,F06,2022,7178,-0.0017226299923770085,-9.038668618955565
T0579,F07,2023,6932,-0.0021221793600776635,-10.88218204671522
T0579,F08,2023,8134,-0.0022518163538670843,-15.768063272804145
T0580,F01,2020,1636,-0.002700147615263825,-2.5107934585451663
T0580,F02,2020,4728,-0.0035472437911303794,-5.767219278171713
T0580,F03,2021,5365,-0.004900483309474887,-4.744913842278218
T0580,F04,2021,5362,-0.0031158711118839787,-4.375875313777091
T0580,F05,2022,4643,-0.0007336759276969611,-0.9039096060391585
T0580,F06,2022,4762,-0.0016877960420061584,-3.1197502268127995
T0580,F07,2023,4598,-0.0019019225894070341,-3.0312671828346556
T0580,F08,2023,5499,-0.0031140230115660086,-7.416801793922255
T0581,F01,2020,1181,-0.004541769950329557,-2.035510510123265
T0581,F02,2020,3507,-0.004456328947818305,-3.2592970564392822
T0581,F03,2021,3992,-0.0073517835465869,-3.2373626814705023
T0581,F04,2021,4037,-0.004344059163860004,-2.753859948523958
T0581,F05,2022,3490,0.00270476251363821,1.465991542610951
T0581,F06,2022,3611,-0.0011555117232558876,-1.0552559121913048
T0581,F07,2023,3512,-0.002255799324586263,-1.754926661462554
T0581,F08,2023,4036,-0.004529249009889168,-5.145809830738693
T0582,F01,2020,930,-0.006764412350940802,-1.807142170035781
T0582,F02,2020,2741,-0.00493271410809509,-2.1352527225395272
T0582,F03,2021,3083,-0.013665807766223694,-3.8221155180418527
T0582,F04,2021,3086,-0.004516780729075532,-1.7869454261109607
T0582,F05,2022,2674,0.0039030386077552257,1.3763052118479655
T0582,F06,2022,2858,6.417246505916783e-05,0.03229672074984888
T0582,F07,2023,2748,-0.002237413084457328,-1.0455893445262878
T0582,F08,2023,3176,-0.007500746200148008,-5.5222957503826615
T0583,F01,2020,2296,-0.002519733164524802,-7.575679511530581
T0583,F02,2020,5227,-0.0026441068436820815,-11.930423182831793
T0583,F03,2021,4124,-0.003653462024030669,-9.259281415888859
T0583,F04,2021,4149,-0.0026533001574203237,-9.409545673161636
T0583,F05,2022,4363,-0.0018280550431685658,-5.865184204262874
T0583,F06,2022,4675,-0.00212982958022634,-10.088227635614375
T0583,F07,2023,4276,-0.0019778375740518955,-9.021230892430095
T0583,F08,2023,5644,-0.0023826670193197886,-14.94285282289554
T0584,F01,2020,1892,-0.0017588514438521593,-1.9901113554017615
T0584,F02,2020,4457,-0.003498231307707514,-5.448102184349699
T0584,F03,2021,3671,-0.004283662124895529,-4.053545228121314
T0584,F04,2021,3605,-0.0030905540961881296,-4.624068954125367
T0584,F05,2022,3791,-0.000743779178912296,-0.9295139419886461
T0584,F06,2022,4000,-0.002027108296796511,-3.722555485498933
T0584,F07,2023,3700,-0.0018503532132307476,-3.3325064239467785
T0584,F08,2023,4844,-0.0027233208113150494,-7.332815475929107
T0585,F01,2020,1331,-0.002715425059720893,-1.3542500677550913
T0585,F02,2020,3242,-0.004546215338263089,-3.2140268650261983
T0585,F03,2021,2921,-0.005780118883017751,-2.472186883993089
T0585,F04,2021,2817,-0.003913349151194304,-2.4561513409785305
T0585,F05,2022,2930,0.0016189230822159762,0.884113127217629
T0585,F06,2022,3035,-0.0015161913166520983,-1.1642434835887532
T0585,F07,2023,2836,-0.003553318960725003,-2.6207490992872575
T0585,F08,2023,3687,-0.004074213356759491,-4.4278342002358775
T0586,F01,2020,985,-0.0048962608750552795,-1.5513055802790923
T0586,F02,2020,2425,-0.005850926649088584,-2.4884752605345315
T0586,F03,2021,2277,-0.010328153276421656,-2.6340110258776406
T0586,F04,2021,2177,-0.005869549758304798,-2.2309000719082253
T0586,F05,2022,2236,0.005433062259475515,1.8167330689911525
T0586,F06,2022,2342,0.0005073722746116951,0.2276266240959067
T0586,F07,2023,2150,-0.0034033281821931535,-1.6082012991692196
T0586,F08,2023,2729,-0.006402685181248307,-4.3588099146707755
T0587,F01,2020,7244,-0.002140027221900291,-12.907174556792299
T0587,F02,2020,14392,-0.0021216553627212307,-15.336604668801177
T0587,F03,2021,14122,-0.0020281725078981397,-8.96643836103178
T0587,F04,2021,14457,-0.0021371190296511026,-13.594004113948044
T0587,F05,2022,13410,-0.0015027056597432917,-8.452891566922133
T0587,F06,2022,14633,-0.0018865005781604704,-15.136538979273338
T0587,F07,2023,14719,-0.0020080048898907144,-17.03683359257413
T0587,F08,2023,15621,-0.00200196803366721,-20.790301261928896
T0588,F01,2020,4175,-0.0021611315394202742,-3.964543700373913
T0588,F02,2020,9984,-0.002334166703705518,-4.8916803517650695
T0588,F03,2021,10106,-0.0027554140487146147,-3.9740299289692804
T0588,F04,2021,10160,-0.0021775568011449605,-4.3185477423113205
T0588,F05,2022,9262,-0.000904884147982992,-1.5440507800604
T0588,F06,2022,10455,-0.001526733717598964,-3.651322790206065
T0588,F07,2023,10756,-0.00213023130487206,-5.36737190231345
T0588,F08,2023,11861,-0.002481626978694356,-8.161051849236896
T0589,F01,2020,2273,-0.003651819265239171,-2.411403031598242
T0589,F02,2020,5910,-0.002863884926057308,-2.566026032045424
T0589,F03,2021,6421,-0.00463566840851811,-2.646816484580473
T0589,F04,2021,6356,-0.002826642187653721,-2.2609687964890095
T0589,F05,2022,5628,0.002236481836532231,1.5758075620421952
T0589,F06,2022,6389,-0.00032894939580186626,-0.3165455187463346
T0589,F07,2023,6964,-0.0028192969568184532,-2.877742071342851
T0589,F08,2023,7611,-0.003514020159311879,-5.041148745293675
T0590,F01,2020,1478,-0.005224508200103295,-2.0225212424984553
T0590,F02,2020,4012,-0.004819747879387523,-2.354587039578982
T0590,F03,2021,4433,-0.009776644079517463,-3.397675232865269
T0590,F04,2021,4477,-0.005034515797589318,-2.3981338732050252
T0590,F05,2022,3879,0.005669922658848256,2.1739134287565687
T0590,F06,2022,4596,-6.503282479940706e-05,-0.037721138712195
T0590,F07,2023,4616,-0.0032689090870216255,-1.934691343605344
T0590,F08,2023,5147,-0.005288310032746179,-4.562425523654391
T0591,F01,2020,10084,-0.002084648380177442,-10.652509957404646
T0591,F02,2020,17186,-0.002258724044257888,-16.951716228456206
T0591,F03,2021,17202,-0.0024662803645458353,-10.784678319933588
T0591,F04,2021,17456,-0.0022179928462996543,-15.112928553393054
T0591,F05,2022,17007,-0.0017548087940428515,-10.182608920183126
T0591,F06,2022,17353,-0.0019567424130047194,-16.693065774355613
T0591,F07,2023,17103,-0.00210274790525016,-18.443282452796378
T0591,F08,2023,17438,-0.0021589716228678775,-24.334648174042854
T0592,F01,2020,6908,-0.0023496093728759236,-4.017414487038673
T0592,F02,2020,14275,-0.0027425749380791046,-6.116159336164012
T0592,F03,2021,15292,-0.003236388776250173,-4.412370018609307
T0592,F04,2021,15457,-0.0025728333606995796,-5.423190880191464
T0592,F05,2022,14647,-0.0010898166368297785,-1.8677523084215777
T0592,F06,2022,15116,-0.0016350016851934533,-4.2068840984194145
T0592,F07,2023,14899,-0.0024603707755203124,-6.324425078813335
T0592,F08,2023,15212,-0.00253130262479264,-8.893384498204364
T0593,F01,2020,3519,-0.0033836020069482613,-2.4738251194969654
T0593,F02,2020,8497,-0.0034351004476939205,-3.267363227341598
T0593,F03,2021,9545,-0.005063559339338612,-3.0197095518062738
T0593,F04,2021,9677,-0.004056850036479253,-3.703970278599012
T0593,F05,2022,8907,0.0011433372944826155,0.8734161151348843
T0593,F06,2022,9453,-0.0007631272622721406,-0.8615312109495656
T0593,F07,2023,9167,-0.0022152654575427772,-2.464951195240041
T0593,F08,2023,9308,-0.003475858689823573,-5.510008790495428
T0594,F01,2020,1886,-0.005010779595053381,-2.1294071046300647
T0594,F02,2020,4673,-0.005682008909957008,-2.826746736557776
T0594,F03,2021,5342,-0.007149962781686217,-2.2971221800178334
T0594,F04,2021,5082,-0.004973903442459639,-2.494836518681755
T0594,F05,2022,4753,0.003441426847437318,1.3542794942918959
T0594,F06,2022,5318,0.0003096336973005918,0.18303624153147766
T0594,F07,2023,5224,-0.0030009920870114975,-1.8946064338240043
T0594,F08,2023,5178,-0.006567596817214839,-5.459907515569644
T0595,F01,2020,9909,-0.0022227757970774394,-11.637594169602695
T0595,F02,2020,17262,-0.002277489226892566,-16.962241229827807
T0595,F03,2021,17300,-0.0024737549574890966,-10.643425558746266
T0595,F04,2021,17577,-0.0022017402775452713,-15.072748018829326
T0595,F05,2022,17203,-0.0017730526933627385,-10.568591052294096
T0595,F06,2022,17508,-0.0019714141433214024,-16.7726321397805
T0595,F07,2023,17218,-0.0020683065410010207,-18.231217365944353
T0595,F08,2023,17552,-0.0021532408828282786,-24.5870963099827
T0596,F01,2020,6540,-0.0023769547785031145,-3.945480245349162
T0596,F02,2020,13997,-0.0027035618003764185,-5.995807089611588
T0596,F03,2021,15426,-0.003131550017412628,-4.248543558651779
T0596,F04,2021,15563,-0.002597466056985978,-5.4959152720843525
T0596,F05,2022,14818,-0.0009896613376339908,-1.749032787005037
T0596,F06,2022,15193,-0.001775968164120142,-4.492051217639672
T0596,F07,2023,14831,-0.0022469640341866155,-5.775809532347893
T0596,F08,2023,15397,-0.0024877216914658074,-8.739005381218192
T0597,F01,2020,3500,-0.0033401010019516366,-2.4563615377530925
T0597,F02,2020,8628,-0.004038715767691702,-3.9579596504621732
T0597,F03,2021,9812,-0.005740228953688469,-3.4632385407323483
T0597,F04,2021,10307,-0.00357768125919481,-3.2523154750674674
T0597,F05,2022,9474,0.0005828149644768653,0.4533562427439958
T0597,F06,2022,10066,-0.001041497084059006,-1.1680341476498246
T0597,F07,2023,9714,-0.0031738305388063974,-3.494738822503327
T0597,F08,2023,9922,-0.0035791335102026,-5.601834281746446
T0598,F01,2020,1987,-0.004743958469042579,-1.9962855259363939
T0598,F02,2020,5384,-0.005628608421828679,-3.144020438550213
T0598,F03,2021,6056,-0.008711898470350605,-3.087263765600003
T0598,F04,2021,6095,-0.005913438601457386,-3.2319092455426794
T0598,F05,2022,5736,0.0035581865171910782,1.5329665806392554
T0598,F06,2022,6304,-0.0005400724606969056,-0.3431609088869956
T0598,F07,2023,6029,-0.003307534771144252,-2.183534632481856
T0598,F08,2023,6165,-0.005728498014353744,-5.374802402120756
T0599,F01,2020,714,-0.0016425830438676337,-2.616563102554383
T0599,F02,2020,739,-0.0024749635207583576,-5.178151289995475
T0599,F03,2021,1275,-0.0024713924716414123,-3.8154337979789172
T0599,F04,2021,1232,-0.0016435783175658973,-4.05436851863798
T0599,F05,2022,1475,-0.0016689860042950918,-4.898969137011019
T0599,F06,2022,1233,-0.0020826518600366157,-6.606018443864648
T0599,F07,2023,898,-0.002130943215184991,-6.661729739290899
T0599,F08,2023,753,-0.002711148792828802,-11.635637161047395
T0600,F01,2020,271,-0.0015731302566938095,-1.019516681129576
T0600,F02,2020,294,-0.0044265310800371445,-3.103231887892763
T0600,F03,2021,478,-0.0062454594352744615,-3.8340046991447703
T0600,F04,2021,456,-0.002215369200300916,-2.082992298958096
T0600,F05,2022,551,0.00019630627568901986,0.16799487663935106
T0600,F06,2022,471,-0.002284806128078431,-2.260715921262407
T0600,F07,2023,359,-0.0033199801040558075,-3.5637580228714336
T0600,F08,2023,310,-0.003699854480844508,-5.362122188640189
T0601,F01,2020,118,-8.938708640262788e-05,-0.02107248972734797
T0601,F02,2020,141,-0.009120872997010636,-2.5175789058093776
T0601,F03,2021,204,-0.006867244733685398,-1.7787528748276018
T0601,F04,2021,192,-0.003922022290801182,-1.654702819517862
T0601,F05,2022,234,0.0015971016266024996,0.553061814349233
T0601,F06,2022,204,-0.003195947908639285,-1.4318109464179631
T0601,F07,2023,159,-0.003985964080962401,-1.89672089640315
T0601,F08,2023,155,-0.006967361198150626,-4.680839608492493
T0602,F01,2020,68,0.0037307558869424163,0.5240669111737521
T0602,F02,2020,88,-0.011291780113556783,-1.953460724999007
T0602,F03,2021,119,-0.0170175232876533,-2.2513061318315395
T0602,F04,2021,121,-0.006091144705256716,-1.097039549723692
T0602,F05,2022,133,0.004282730951826779,0.835519571241487
T0602,F06,2022,121,-0.004527158061549213,-1.2081407609161519
T0602,F07,2023,103,-0.005900627505528644,-1.4679953652822446
T0602,F08,2023,94,-0.007946567992111492,-3.1583376111569055
T0603,F01,2020,1041,-0.0020793771855384933,-6.036126487782637
T0603,F02,2020,1499,-0.002621916055241097,-8.562268394384395
T0603,F03,2021,1492,-0.0025818924376616753,-5.239517387840998
T0603,F04,2021,1667,-0.0027427043565925687,-9.34711178180929
T0603,F05,2022,1685,-0.001761569386520877,-5.489351047891455
T0603,F06,2022,1729,-0.0018693497728537248,-8.682911309185995
T0603,F07,2023,1675,-0.002027900200101039,-9.55180509604749
T0603,F08,2023,1631,-0.002293137680442285,-13.372127357449619
T0604,F01,2020,427,-0.0020653738966263024,-1.7867105151829121
T0604,F02,2020,628,-0.003669817284767271,-4.563753784658091
T0604,F03,2021,619,-0.0040851489420282204,-3.265738404923476
T0604,F04,2021,670,-0.0033538161911850126,-3.9441722991606847
T0604,F05,2022,680,-0.000721551320401146,-0.7952067359223766
T0604,F06,2022,684,-0.0016866287765243864,-2.3929794209756627
T0604,F07,2023,677,-0.0023978762726389008,-3.6727805141897507
T0604,F08,2023,666,-0.0030831406105862953,-6.1028287056323025
T0605,F01,2020,188,-0.002845092601882066,-1.1282836718341134
T0605,F02,2020,285,-0.005863544012380101,-2.9527954463621495
T0605,F03,2021,279,-0.0093131694018088,-3.0348244725424545
T0605,F04,2021,303,-0.004627085422400786,-2.0961517481646763
T0605,F05,2022,290,0.0011454939813310085,0.48605451871200295
T0605,F06,2022,299,-0.0023536484482156173,-1.2956559838952943
T0605,F07,2023,297,-0.004655960344717112,-2.851527740409939
T0605,F08,2023,297,-0.004960919425479206,-4.265085471785083
T0606,F01,2020,101,-0.002620863737988917,-0.49293344850352533
T0606,F02,2020,173,-0.0060789395821523404,-1.6368257559672639
T0606,F03,2021,164,-0.011561475980531035,-2.235139844596548
T0606,F04,2021,167,-0.004788770150137139,-1.1608203236228536
T0606,F05,2022,174,0.007629637447312132,1.5978536053978638
T0606,F06,2022,183,-0.0004926127223171336,-0.1844225930179003
T0606,F07,2023,180,-0.0037700206609728336,-1.089763620085767
T0606,F08,2023,170,-0.0064423900237864165,-2.8768184787084135
T0607,F01,2020,8231,-0.002120942727455332,-13.539595781879997
T0607,F02,2020,16292,-0.0020708613137561515,-15.370962689055316
T0607,F03,2021,15806,-0.0023411485204059596,-10.183896209716972
T0607,F04,2021,16765,-0.0021433180483912254,-14.91629195982915
T0607,F05,2022,14060,-0.0016835781029549495,-10.268596464556351
T0607,F06,2022,15360,-0.0018585775170051682,-16.408954840669043
T0607,F07,2023,15720,-0.002016569965970847,-16.76388162225547
T0607,F08,2023,14749,-0.00213626702592934,-23.4819194501335
T0608,F01,2020,5553,-0.0024140187032917126,-4.777230693203526
T0608,F02,2020,12049,-0.0023340427271464053,-4.91976026901671
T0608,F03,2021,10299,-0.0033423287887554584,-4.27842405990807
T0608,F04,2021,11265,-0.00261181639439964,-5.3553209890588445
T0608,F05,2022,8589,-0.000667904225121488,-1.1858272935815186
T0608,F06,2022,9588,-0.0011519713974974303,-2.8519801450551205
T0608,F07,2023,11076,-0.002046929674815797,-4.843277585888807
T0608,F08,2023,10699,-0.002573716168298105,-8.24244557856537
T0609,F01,2020,3172,-0.003487029634329931,-2.866980744954241
T0609,F02,2020,6129,-0.003339230880167209,-2.898527729633976
T0609,F03,2021,5158,-0.00512055066449759,-2.7041994985058975
T0609,F04,2021,5798,-0.00396181834641947,-3.2056122952621786
T0609,F05,2022,4320,0.00238431501802853,1.5831043498537538
T0609,F06,2022,4830,0.000384592333741425,0.37065604519414647
T0609,F07,2023,6056,-0.002011451306957387,-2.003339086939829
T0609,F08,2023,6154,-0.003782838033109793,-5.150651940567522
T0610,F01,2020,1594,-0.0057579680481238535,-2.4727279057777896
T0610,F02,2020,3562,-0.0038446088796442435,-1.7892698684924488
T0610,F03,2021,2753,-0.007699850633352742,-2.1142920517110184
T0610,F04,2021,3292,-0.006335880460767708,-2.856618337284569
T0610,F05,2022,2754,0.005907509110175506,2.2065426547331897
T0610,F06,2022,3147,0.001318159944115019,0.6927459624367598
T0610,F07,2023,3754,-0.002214963870948036,-1.2456167763944834
T0610,F08,2023,3797,-0.0052893729252013865,-4.211890096474671
T0611,F01,2020,407,-0.0016131374702173628,-2.559368016240635
T0611,F02,2020,1515,-0.0018618466435706736,-5.815779872329456
T0611,F03,2021,696,-0.002717610531800615,-3.116508973618388
T0611,F04,2021,1068,-0.002323505859769808,-5.414236068775551
T0611,F06,2022,36,7.656151952856524e-05,0.04745542584126933
T0611,F07,2023,304,-0.0002754859226479004,-0.3830479849588152
T0611,F08,2023,882,-0.0016042367960055815,-3.5353948745411423
T0612,F01,2020,141,-0.0006127739906192897,-0.21120299857947225
T0612,F02,2020,545,-0.0026078954811240996,-2.1303960266423423
T0612,F03,2021,260,-0.0025648044785621924,-0.9505888826015872
T0612,F04,2021,397,-0.002658510158554379,-1.7169701511843294
T0612,F07,2023,111,0.0031761539073669833,1.5952677028606457
T0612,F08,2023,332,-0.0012216013081616708,-0.738884564010253
T0613,F01,2020,65,0.003189965638920303,0.45142312427000547
T0613,F02,2020,248,-0.0035133854834306644,-1.1349088873444553
T0613,F03,2021,118,-0.0071800105661200585,-1.2372255609806135
T0613,F04,2021,184,-0.003860157899660605,-1.0489553842847839
T0613,F07,2023,53,0.008593373225850836,2.2898661368279742
T0613,F08,2023,166,0.001768461558323125,0.49771682557044933
T0614,F01,2020,56,0.010141335797056282,1.3690082458648665
T0614,F02,2020,188,-0.0007997646636791356,-0.1556628214125221
T0614,F03,2021,86,-0.011896491828017493,-1.4570452521701442
T0614,F04,2021,142,-0.0020785076840488495,-0.3473403924146662
T0614,F07,2023,44,0.005704355591575405,0.7369736588411757
T0614,F08,2023,127,0.007574048603673676,0.9645649405521844
T0615,F01,2020,1709,-0.002519458114391375,-2.7678327962850315
T0615,F02,2020,3530,-0.0022977834517236583,-4.082678160448231
T0615,F03,2021,3561,-0.0026549444083312497,-2.773219560346547
T0615,F04,2021,3645,-0.0021566959821548697,-3.420152895561301
T0615,F05,2022,3481,-0.0012178019453510521,-1.617071886570244
T0615,F06,2022,3749,-0.0017505597240428808,-3.5984658685385718
T0615,F07,2023,3563,-0.0021371599599053926,-4.435969105727873
T0615,F08,2023,3943,-0.002630976818092031,-7.785567668438798
T0616,F01,2020,1131,-0.003545913154043413,-1.5180912186757143
T0616,F02,2020,2743,-0.002930227521019132,-1.8751815599215724
T0616,F03,2021,2909,-0.004857320182703737,-1.907370263312942
T0616,F04,2021,3029,-0.003591591527840197,-2.2102541833739697
T0616,F05,2022,2779,0.0008261813518513369,0.4407828600388547
T0616,F06,2022,3065,-0.001149373463014253,-0.8529902375715919
T0616,F07,2023,2937,-0.002325293806576248,-1.7964967204296918
T0616,F08,2023,3257,-0.0038360215084280317,-4.2740915404630275
T0617,F01,2020,776,-0.0049382236522817514,-1.2652934945291059
T0617,F02,2020,2087,-0.005328911091419739,-2.0728669093019128
T0617,F03,2021,2295,-0.008950077631856948,-1.9791194185344951
T0617,F04,2021,2317,-0.0053683417007533455,-1.9092882060755392
T0617,F05,2022,2147,0.004508121374071637,1.4111322936808648
T0617,F06,2022,2347,-0.0006701691500592477,-0.2830300976979326
T0617,F07,2023,2302,-0.0024624586350519553,-1.07628496383403
T0617,F08,2023,2603,-0.004876246493132155,-3.163531643008526
T0618,F01,2020,1678,-0.0021891647463177983,-2.3803361831414653
T0618,F02,2020,3501,-0.0024312098528587664,-4.338593924672642
T0618,F03,2021,3517,-0.0027472566141814015,-2.858712628992727
T0618,F04,2021,3707,-0.002391439456026763,-3.8764984716529853
T0618,F05,2022,3584,-0.001230277551717153,-1.6438514216957256
T0618,F06,2022,3767,-0.0017653339657091067,-3.585036795868266
T0618,F07,2023,3548,-0.0021961722633249137,-4.4566404476322585
T0618,F08,2023,3936,-0.002458993434281898,-7.437671009923821
T0619,F01,2020,1081,-0.004722853710294497,-2.153696129889479
T0619,F02,2020,2785,-0.002877763302997003,-1.8927983152827217
T0619,F03,2021,2930,-0.0035432666322229123,-1.3767710018186514
T0619,F04,2021,3098,-0.0038227961606551388,-2.3698162297431375
T0619,F05,2022,3054,0.0005719659676758725,0.2957447915227202
T0619,F06,2022,3229,-0.0008989814463261077,-0.6955769201499472
T0619,F07,2023,2988,-0.002744932920132678,-2.1073628198598136
T0619,F08,2023,3310,-0.0036256437449781716,-4.287247892818296
T0620,F01,2020,717,-0.006241412051337582,-1.8717839369022262
T0620,F02,2020,2114,-0.004145139471863293,-1.6367527866451432
T0620,F03,2021,2313,-0.0054761830167046315,-1.2389922754724778
T0620,F04,2021,2336,-0.006220536926493049,-2.1846691629910775
T0620,F05,2022,2332,0.004376352769201063,1.2926798085257156
T0620,F06,2022,2563,0.0004535327246251668,0.19810027142898573
T0620,F07,2023,2337,-0.0024509927832859703,-1.1237947746390091
T0620,F08,2023,2637,-0.00501080221423795,-3.5557217698275934
T0621,F01,2020,1559,-0.002846620699157445,-3.324313509582277
T0621,F02,2020,3496,-0.0022698667591509233,-4.269902877009037
T0621,F03,2021,3450,-0.002465169680631854,-2.577411558977254
T0621,F04,2021,3603,-0.0024527143658500533,-3.988214734693543
T0621,F05,2022,3642,-0.0006433247963006372,-0.8602128944142161
T0621,F06,2022,3777,-0.0017490056188338848,-3.7277154115586386
T0621,F07,2023,3371,-0.0022758238333272936,-4.5820172981283305
T0621,F08,2023,3901,-0.002183633199715892,-6.671450922199485
T0622,F01,2020,1096,-0.0029351504321177466,-1.3164639514493557
T0622,F02,2020,2689,-0.0030896908194382204,-2.132617781891193
T0622,F03,2021,2866,-0.003077991044535827,-1.192083013315568
T0622,F04,2021,3060,-0.0026709263703081254,-1.7428795789561278
T0622,F05,2022,3268,0.0016159919898630518,0.8255349791408183
T0622,F06,2022,3322,-0.0010985598364572607,-0.8944920296353097
T0622,F07,2023,2827,-0.002802362764722791,-2.1348583633415115
T0622,F08,2023,3254,-0.002530982900860553,-3.301170798070596
T0623,F01,2020,730,-0.006356980553478498,-1.4862823296740661
T0623,F02,2020,1980,-0.003202801943688048,-1.302139088906742
T0623,F03,2021,2125,-0.007040621534171218,-1.5968741143931082
T0623,F04,2021,2349,-0.004373274851343987,-1.6185254972286915
T0623,F05,2022,2542,0.004880969370951176,1.4767071907358398
T0623,F06,2022,2596,-0.00021364627863822708,-0.09660927736621307
T0623,F07,2023,2203,-0.0038617002103699615,-1.8232440908004202
T0623,F08,2023,2554,-0.0033277587005789613,-2.5690012620060036
T0624,F01,2020,1709,-0.002519458114391375,-2.7678327962850315
T0624,F02,2020,3530,-0.0022977834517236583,-4.082678160448231
T0624,F03,2021,3561,-0.0026549444083312497,-2.773219560346547
T0624,F04,2021,3645,-0.0021566959821548697,-3.420152895561301
T0624,F05,2022,3481,-0.0012178019453510521,-1.617071886570244
T0624,F06,2022,3749,-0.0017505597240428808,-3.5984658685385718
T0624,F07,2023,3563,-0.0021371599599053926,-4.435969105727873
T0624,F08,2023,3943,-0.002630976818092031,-7.785567668438798
T0625,F01,2020,1131,-0.003545913154043413,-1.5180912186757143
T0625,F02,2020,2743,-0.002930227521019132,-1.8751815599215724
T0625,F03,2021,2909,-0.004857320182703737,-1.907370263312942
T0625,F04,2021,3029,-0.003591591527840197,-2.2102541833739697
T0625,F05,2022,2779,0.0008261813518513369,0.4407828600388547
T0625,F06,2022,3065,-0.001149373463014253,-0.8529902375715919
T0625,F07,2023,2937,-0.002325293806576248,-1.7964967204296918
T0625,F08,2023,3257,-0.0038360215084280317,-4.2740915404630275
T0626,F01,2020,776,-0.0049382236522817514,-1.2652934945291059
T0626,F02,2020,2087,-0.005328911091419739,-2.0728669093019128
T0626,F03,2021,2295,-0.008950077631856948,-1.9791194185344951
T0626,F04,2021,2317,-0.0053683417007533455,-1.9092882060755392
T0626,F05,2022,2147,0.004508121374071637,1.4111322936808648
T0626,F06,2022,2347,-0.0006701691500592477,-0.2830300976979326
T0626,F07,2023,2302,-0.0024624586350519553,-1.07628496383403
T0626,F08,2023,2603,-0.004876246493132155,-3.163531643008526
T0627,F01,2020,1678,-0.0021891647463177983,-2.3803361831414653
T0627,F02,2020,3501,-0.0024312098528587664,-4.338593924672642
T0627,F03,2021,3517,-0.0027472566141814015,-2.858712628992727
T0627,F04,2021,3707,-0.002391439456026763,-3.8764984716529853
T0627,F05,2022,3584,-0.001230277551717153,-1.6438514216957256
T0627,F06,2022,3767,-0.0017653339657091067,-3.585036795868266
T0627,F07,2023,3548,-0.0021961722633249137,-4.4566404476322585
T0627,F08,2023,3936,-0.002458993434281898,-7.437671009923821
T0628,F01,2020,1081,-0.004722853710294497,-2.153696129889479
T0628,F02,2020,2785,-0.002877763302997003,-1.8927983152827217
T0628,F03,2021,2930,-0.0035432666322229123,-1.3767710018186514
T0628,F04,2021,3098,-0.0038227961606551388,-2.3698162297431375
T0628,F05,2022,3054,0.0005719659676758725,0.2957447915227202
T0628,F06,2022,3229,-0.0008989814463261077,-0.6955769201499472
T0628,F07,2023,2988,-0.002744932920132678,-2.1073628198598136
T0628,F08,2023,3310,-0.0036256437449781716,-4.287247892818296
T0629,F01,2020,717,-0.006241412051337582,-1.8717839369022262
T0629,F02,2020,2114,-0.004145139471863293,-1.6367527866451432
T0629,F03,2021,2313,-0.0054761830167046315,-1.2389922754724778
T0629,F04,2021,2336,-0.006220536926493049,-2.1846691629910775
T0629,F05,2022,2332,0.004376352769201063,1.2926798085257156
T0629,F06,2022,2563,0.0004535327246251668,0.19810027142898573
T0629,F07,2023,2337,-0.0024509927832859703,-1.1237947746390091
T0629,F08,2023,2637,-0.00501080221423795,-3.5557217698275934
T0630,F01,2020,1559,-0.002846620699157445,-3.324313509582277
T0630,F02,2020,3496,-0.0022698667591509233,-4.269902877009037
T0630,F03,2021,3450,-0.002465169680631854,-2.577411558977254
T0630,F04,2021,3603,-0.0024527143658500533,-3.988214734693543
T0630,F05,2022,3642,-0.0006433247963006372,-0.8602128944142161
T0630,F06,2022,3777,-0.0017490056188338848,-3.7277154115586386
T0630,F07,2023,3371,-0.0022758238333272936,-4.5820172981283305
T0630,F08,2023,3901,-0.002183633199715892,-6.671450922199485
T0631,F01,2020,1096,-0.0029351504321177466,-1.3164639514493557
T0631,F02,2020,2689,-0.0030896908194382204,-2.132617781891193
T0631,F03,2021,2866,-0.003077991044535827,-1.192083013315568
T0631,F04,2021,3060,-0.0026709263703081254,-1.7428795789561278
T0631,F05,2022,3268,0.0016159919898630518,0.8255349791408183
T0631,F06,2022,3322,-0.0010985598364572607,-0.8944920296353097
T0631,F07,2023,2827,-0.002802362764722791,-2.1348583633415115
T0631,F08,2023,3254,-0.002530982900860553,-3.301170798070596
T0632,F01,2020,730,-0.006356980553478498,-1.4862823296740661
T0632,F02,2020,1980,-0.003202801943688048,-1.302139088906742
T0632,F03,2021,2125,-0.007040621534171218,-1.5968741143931082
T0632,F04,2021,2349,-0.004373274851343987,-1.6185254972286915
T0632,F05,2022,2542,0.004880969370951176,1.4767071907358398
T0632,F06,2022,2596,-0.00021364627863822708,-0.09660927736621307
T0632,F07,2023,2203,-0.0038617002103699615,-1.8232440908004202
T0632,F08,2023,2554,-0.0033277587005789613,-2.5690012620060036
T0633,F01,2020,1726,-0.001976712806198913,-1.9962415999134004
T0633,F02,2020,3596,-0.0026655127121201004,-4.70741364483853
T0633,F03,2021,3581,-0.0033847923936654277,-3.6074747328922703
T0633,F04,2021,3661,-0.002229093013182012,-3.507911089493977
T0633,F05,2022,3481,-0.0009877924714684575,-1.3161041231348378
T0633,F06,2022,3693,-0.001649059899323333,-3.20935499086117
T0633,F07,2023,3578,-0.0022967707728730083,-4.7600146748445065
T0633,F08,2023,3974,-0.002394403745415013,-7.11695327272353
T0634,F01,2020,1114,-0.003942823495302461,-1.6631045373501103
T0634,F02,2020,2776,-0.003935466603213043,-2.581907043298152
T0634,F03,2021,2899,-0.004293861703494945,-1.760577136195694
T0634,F04,2021,3057,-0.0035202194022476824,-2.1403972347184173
T0634,F05,2022,2688,0.0007795907809434036,0.42451017355534143
T0634,F06,2022,2958,-0.0013383802650427145,-1.016572201511438
T0634,F07,2023,2901,-0.003162674343245042,-2.410372190681976
T0634,F08,2023,3314,-0.003379014278017608,-4.006328079760947
T0635,F01,2020,793,-0.004486798492017394,-1.270343511742607
T0635,F02,2020,2122,-0.005738512005977918,-2.26540615861803
T0635,F03,2021,2317,-0.011002938949405947,-2.6622094438959527
T0635,F04,2021,2383,-0.006523124762607246,-2.3732156778448554
T0635,F05,2022,2162,0.005281758938440806,1.6420119606605525
T0635,F06,2022,2370,0.0004311187829276864,0.1941170924197984
T0635,F07,2023,2273,-0.004293746923983339,-1.8528876860529406
T0635,F08,2023,2609,-0.005351847382819272,-3.591906336090059
T0636,F01,2020,1444,-0.0027614197038490955,-2.6544256771958334
T0636,F02,2020,3163,-0.0023927862401062015,-4.024505465423366
T0636,F03,2021,3158,-0.0030965491259825526,-2.986386890096636
T0636,F04,2021,3173,-0.002703831749648336,-3.9763857283219433
T0636,F05,2022,3030,-0.0006255852313904849,-0.7909462615649724
T0636,F06,2022,3283,-0.0017967320460289971,-3.4198888986273053
T0636,F07,2023,3193,-0.002412464232938411,-4.798191703847636
T0636,F08,2023,3461,-0.002407416147459276,-6.388099028687787
T0637,F01,2020,947,-0.002891690842552568,-1.0832922882761578
T0637,F02,2020,2387,-0.0028672625591055663,-1.7942351104386163
T0637,F03,2021,2534,-0.004723308601258161,-1.777844560319329
T0637,F04,2021,2509,-0.003457583390633929,-1.9343671104752467
T0637,F05,2022,2382,0.0012579513801919315,0.6027435822045821
T0637,F06,2022,2529,-0.001348025476559234,-0.9380716216662236
T0637,F07,2023,2544,-0.0027988536234998833,-2.170347279250595
T0637,F08,2023,2766,-0.0037026844332960582,-3.7917402319770104
T0638,F01,2020,696,-0.005201420856784585,-1.2762052961975459
T0638,F02,2020,1799,-0.006621569097509387,-2.619117486671388
T0638,F03,2021,1929,-0.008481672176764422,-1.8232473582112287
T0638,F04,2021,1995,-0.005391694030295232,-1.90566774001772
T0638,F05,2022,1837,0.006318250614289525,1.8639255401921768
T0638,F06,2022,1976,-0.0006658182287415659,-0.29670411446771905
T0638,F07,2023,1976,-0.0026501915131552927,-1.2002063412082842
T0638,F08,2023,2144,-0.005337972658245094,-3.496306337601738
T0639,F01,2020,1350,-0.0021022355069715915,-2.2835106055653576
T0639,F02,2020,3132,-0.0032611203412295075,-5.278845150103552
T0639,F03,2021,3213,-0.003989758927315756,-4.4898797983843854
T0639,F04,2021,3295,-0.002496746629253031,-3.718859315341595
T0639,F05,2022,2986,-0.0005550706339900373,-0.7742277753747228
T0639,F06,2022,3320,-0.00156586714690281,-3.1097246689112494
T0639,F07,2023,3295,-0.0023665172197837626,-4.879329494746009
T0639,F08,2023,3487,-0.002770041382629541,-7.611934438096102
T0640,F01,2020,1071,-0.0023001673919080833,-1.1201159269923968
T0640,F02,2020,2604,-0.00467681792956497,-3.039393497936006
T0640,F03,2021,2796,-0.0055467629949822045,-2.423783568138326
T0640,F04,2021,2763,-0.00286834095442252,-1.7761695166649856
T0640,F05,2022,2482,0.0005714680050034661,0.3035107240979189
T0640,F06,2022,2729,-0.0010379164846614783,-0.8451893393598094
T0640,F07,2023,2750,-0.0025395084722513363,-1.8976939101419952
T0640,F08,2023,2944,-0.00489066943422025,-5.45527508144285
T0641,F01,2020,824,-0.0036086889738903504,-1.0717378409834677
T0641,F02,2020,2150,-0.0057498648664476406,-2.328823665081888
T0641,F03,2021,2306,-0.012294484748256892,-3.197508872071175
T0641,F04,2021,2379,-0.003782607645586548,-1.4293481796931948
T0641,F05,2022,2012,0.005340318824883912,1.8350177324420445
T0641,F06,2022,2313,0.0007340268037095018,0.330486302336316
T0641,F07,2023,2294,-0.0036304852975881574,-1.6473592710289449
T0641,F08,2023,2494,-0.006566558454517708,-4.402681813627632
T0642,F01,2020,262,-0.0001972272503902075,-0.07454041319471742
T0642,F02,2020,887,-0.003547862030323076,-3.3287699692648753
T0642,F03,2021,844,-0.0058248662455568445,-3.572749355129262
T0642,F04,2021,895,-0.0029214799964765075,-2.420907630185585
T0642,F05,2022,953,0.0004279436738122346,0.3168397941582222
T0642,F06,2022,1061,-0.0018355443449162543,-2.3555000286202974
T0642,F07,2023,996,-0.002779323646428187,-2.9351044221445046
T0642,F08,2023,1242,-0.0033927200264450303,-4.655758844709379
T0643,F01,2020,239,-0.0028377910568738217,-0.7004156376557324
T0643,F02,2020,807,-0.005229809555556703,-2.2335005822837237
T0643,F03,2021,783,-0.004205111925274831,-1.0953565358676813
T0643,F04,2021,818,-0.004058203158284109,-1.7078232911664788
T0643,F05,2022,841,0.0022668325970026403,0.8231090277318256
T0643,F06,2022,933,-0.0018759965380833411,-1.105605807848392
T0643,F07,2023,881,-0.0036082426988839817,-1.6329022918878016
T0643,F08,2023,1109,-0.00481109198293295,-3.6617322163968256
T0644,F01,2020,224,-0.012224420951140272,-2.2993092048523454
T0644,F02,2020,722,-0.0058854917453783065,-1.519773246714083
T0644,F03,2021,712,-0.009386138825349586,-1.6595921296203449
T0644,F04,2021,751,-0.007169031091866541,-1.9303980660143878
T0644,F05,2022,742,-0.0004478984126475056,-0.09492790680140976
T0644,F06,2022,846,-0.0016730174217281183,-0.5785261840468515
T0644,F07,2023,783,-0.0024789439753643296,-0.7456401939712369
T0644,F08,2023,1004,-0.007271333975913261,-3.594162003739387
T0645,F01,2020,135,0.0023403829143228173,0.535670975333415
T0645,F02,2020,528,-0.002402553598231177,-1.6603980018423148
T0645,F03,2021,481,-0.005796272373037753,-2.4797930630150757
T0645,F04,2021,551,-0.003183963594296624,-1.9477891587665672
T0645,F05,2022,657,0.0003480174002650412,0.21608063627186513
T0645,F06,2022,711,-0.0023802600662282745,-2.5242227684290826
T0645,F07,2023,637,-0.0028862778418845946,-2.3041611368203263
T0645,F08,2023,744,-0.0033270647208786933,-3.569830823086586
T0646,F01,2020,126,-0.0006171214854881957,-0.0785843206813032
T0646,F02,2020,481,-0.0022508449627651997,-0.745686484548209
T0646,F03,2021,454,-0.0047493993456046765,-1.0160753231295163
T0646,F04,2021,498,-0.004318240385695221,-1.3214495823020616
T0646,F05,2022,584,0.0022894543262358337,0.7294236872892872
T0646,F06,2022,625,-0.0022308683153978125,-0.9725915760130454
T0646,F07,2023,561,-0.0005530152049099073,-0.19516172255641592
T0646,F08,2023,662,-0.005863882873295201,-3.0983794158634477
T0647,F01,2020,118,-0.010872101472231766,-0.960931459324075
T0647,F02,2020,422,-0.0005677744345328555,-0.12150921550060727
T0647,F03,2021,422,-0.016428562154526236,-2.4596018654417664
T0647,F04,2021,467,-0.00612122843366406,-1.2048385018367156
T0647,F05,2022,523,-0.0007777137947963228,-0.13559089759468534
T0647,F06,2022,559,-0.002052408753470516,-0.5350929971185482
T0647,F07,2023,510,-0.0003503675276108633,-0.0964605587754309
T0647,F08,2023,596,-0.009000748334519342,-3.0044924298487996
T0648,F01,2020,118,0.002068988675664305,0.449014358972341
T0648,F02,2020,495,-0.0028738645711635074,-1.8543052789750996
T0648,F03,2021,439,-0.006582478967159356,-2.586667851995445
T0648,F04,2021,518,-0.00352513616473644,-2.0265801686864475
T0648,F05,2022,612,0.0006626862425967064,0.4020949282138453
T0648,F06,2022,654,-0.0023073556715482906,-2.2543405018178024
T0648,F07,2023,601,-0.0028625950900789164,-2.2209155606786535
T0648,F08,2023,679,-0.003335121383883685,-3.7578632073323313
T0649,F01,2020,111,0.000548813096476158,0.057085965583031494
T0649,F02,2020,457,-0.0028123372565535773,-0.8800203679700676
T0649,F03,2021,413,-0.004879114020443287,-0.9695159629453296
T0649,F04,2021,468,-0.004424656259106542,-1.3028140984847925
T0649,F05,2022,541,0.00259018339472772,0.74748842326469
T0649,F06,2022,580,-0.002701752692383224,-1.2325553918030838
T0649,F07,2023,525,8.454117811618665e-05,0.0288368762206819
T0649,F08,2023,609,-0.005372024116916329,-2.954474289224229
T0650,F01,2020,104,-0.002904707969573401,-0.1796221569160199
T0650,F02,2020,400,-7.441569595603728e-05,-0.013955615643582647
T0650,F03,2021,386,-0.020228801248034743,-2.9336831331709403
T0650,F04,2021,437,-0.00731083991381289,-1.4026612395975837
T0650,F05,2022,488,-0.0006683488163926164,-0.11212994257530512
T0650,F06,2022,523,-0.003380710188431919,-0.8537386576255085
T0650,F07,2023,488,0.00021880053576124898,0.0582410333397273
T0650,F08,2023,547,-0.008544713792679697,-3.115069511405577
T0651,F01,2020,1663,-0.0021702891258885055,-2.78073786401207
T0651,F02,2020,3624,-0.0026745258185233334,-4.695584419551464
T0651,F03,2021,3679,-0.0029138330533731893,-3.456541183208247
T0651,F04,2021,3751,-0.0023833763689821656,-3.981741502528135
T0651,F05,2022,3462,-0.0009341640616711851,-1.3595539765450897
T0651,F06,2022,3719,-0.0017188151206359917,-3.4528536856956475
T0651,F07,2023,3646,-0.002301817595311814,-4.776393419043912
T0651,F08,2023,3968,-0.0027063737310559534,-7.6312329197492925
T0652,F01,2020,1129,-0.004103708775289165,-2.4206886148941953
T0652,F02,2020,2893,-0.003912167304681252,-2.6444375400000815
T0652,F03,2021,3022,-0.005779727878935831,-2.7098187806773515
T0652,F04,2021,3012,-0.003920197387515161,-2.5571444753520423
T0652,F05,2022,2661,0.002255425151656556,1.2534811856194084
T0652,F06,2022,2895,-0.0007434273730268428,-0.5894758655356324
T0652,F07,2023,2921,-0.0031135104134570094,-2.402182938232249
T0652,F08,2023,3237,-0.003907908472075632,-4.52127485303354
T0653,F01,2020,838,-0.0030649207965822833,-0.9028918360058896
T0653,F02,2020,2290,-0.005875462025106574,-2.399028301976448
T0653,F03,2021,2418,-0.008106061915254086,-2.2423614069250513
T0653,F04,2021,2517,-0.0046422748988907934,-1.736264556083302
T0653,F05,2022,2141,0.005934433331339649,2.0833239960423287
T0653,F06,2022,2365,0.0007410134298545775,0.3380877443519008
T0653,F07,2023,2374,-0.005214566892666793,-2.356139959807673
T0653,F08,2023,2666,-0.004578157879115192,-3.065128992174989
T0654,F01,2020,1660,-0.002370559942591563,-3.000100231731157
T0654,F02,2020,3562,-0.00273171830098312,-4.675165800368089
T0654,F03,2021,3647,-0.0025073952659200455,-2.8510186507799116
T0654,F04,2021,3668,-0.0027805405042119788,-4.491169452491071
T0654,F05,2022,3388,-0.0011260669665746344,-1.5249782004840189
T0654,F06,2022,3700,-0.0014908675519484452,-3.0617374251508305
T0654,F07,2023,3583,-0.0023193960353426624,-4.623630912467483
T0654,F08,2023,3925,-0.002724878060861334,-7.890351205196613
T0655,F01,2020,1089,-0.0030068369096652382,-1.516821202139345
T0655,F02,2020,2751,-0.003653918363670171,-2.522660464192478
T0655,F03,2021,2936,-0.003654991905853645,-1.576963822114799
T0655,F04,2021,3023,-0.003930353458390473,-2.450446119823189
T0655,F05,2022,2641,0.0009602584679480865,0.5138034313932901
T0655,F06,2022,2998,-0.0008550179397034395,-0.6745462560162978
T0655,F07,2023,2842,-0.0024592534755111563,-1.8184529367489861
T0655,F08,2023,3256,-0.004103605845699489,-4.760153131483926
T0656,F01,2020,789,-0.0033046897364829813,-1.0494744436348435
T0656,F02,2020,2160,-0.004221108920500264,-1.7004387986682294
T0656,F03,2021,2409,-0.006403023119180151,-1.6858130844723598
T0656,F04,2021,2452,-0.006823732812025682,-2.547719647912551
T0656,F05,2022,2146,0.0071661505113697,2.4672890742624505
T0656,F06,2022,2358,0.0008977897640371174,0.4033450732112514
T0656,F07,2023,2259,-0.003063748228994627,-1.3918076807219415
T0656,F08,2023,2563,-0.005356104430793755,-3.640775801545343
T0657,F01,2020,1599,-0.002899879495845285,-3.3293924054220034
T0657,F02,2020,3491,-0.002775811073986671,-4.8903376990494865
T0657,F03,2021,3562,-0.0030136319815416415,-3.2803803761081283
T0657,F04,2021,3618,-0.0026004052859604177,-3.998313507845848
T0657,F05,2022,3369,-0.001226833650406819,-1.5262369678994003
T0657,F06,2022,3641,-0.0019605979186557063,-3.8369939817726033
T0657,F07,2023,3458,-0.0020391559206845676,-4.274187346260254
T0657,F08,2023,3980,-0.0026010611146739062,-7.588314444013907
T0658,F01,2020,1054,-0.0036937278456359176,-1.5892797673718664
T0658,F02,2020,2653,-0.0030087502776297344,-2.0823899603221867
T0658,F03,2021,2843,-0.005087120012559598,-2.0690888208722646
T0658,F04,2021,2930,-0.003538975729667451,-2.1398975530928284
T0658,F05,2022,2699,0.001545024551176495,0.7981803190988396
T0658,F06,2022,2855,-0.0018586280798818487,-1.372963405265959
T0658,F07,2023,2777,-0.0021756183625954778,-1.6571299855051356
T0658,F08,2023,3260,-0.0034329310579707894,-3.7611325760918994
T0659,F01,2020,778,-0.006901972996226377,-2.0622821786321626
T0659,F02,2020,2066,-0.005919363832838327,-2.4341895049356506
T0659,F03,2021,2242,-0.010415728880343252,-2.5206692531431987
T0659,F04,2021,2340,-0.005577502507008769,-2.017794997281355
T0659,F05,2022,2045,0.006058162430577241,1.8208455186325467
T0659,F06,2022,2267,-0.0013799777313582525,-0.6258598664881216
T0659,F07,2023,2142,-0.0024518729005301165,-1.0922059742916204
T0659,F08,2023,2563,-0.005801023656195416,-3.8840526094614574
T0660,F01,2020,867,-0.0023434009321125367,-2.7381439167104236
T0660,F02,2020,2243,-0.0018804306771687707,-2.942286871884095
T0660,F03,2021,2514,-0.0030660823420020186,-3.344905433051794
T0660,F04,2021,2482,-0.002069181610978292,-2.7645016727097285
T0660,F05,2022,1978,0.0006840778037057303,0.8351819064861125
T0660,F06,2022,2222,-0.0010894905009934226,-1.5814104248120695
T0660,F07,2023,2242,-0.002565509505546695,-3.7662807915451153
T0660,F08,2023,2534,-0.002477821890530953,-4.2844283257963
T0661,F01,2020,640,-0.0030918688567572157,-1.4382045952496174
T0661,F02,2020,1797,-0.0027368715140879242,-1.8701954554207443
T0661,F03,2021,2095,-0.006286463965316436,-2.7209529772665966
T0661,F04,2021,2031,-0.0021222127377689723,-1.2729422444308311
T0661,F05,2022,1544,0.004433241131734816,2.3050843142948154
T0661,F06,2022,1764,0.0009688632230133794,0.6703934043974882
T0661,F07,2023,1745,-0.0031805546664380123,-2.090989590574537
T0661,F08,2023,2034,-0.003223893538369518,-2.6847909301579684
T0662,F01,2020,484,-0.003841836339855783,-1.1994884140935822
T0662,F02,2020,1487,-0.003338218097680454,-1.2636931786817323
T0662,F03,2021,1705,-0.01060633603762473,-2.3302133880743585
T0662,F04,2021,1607,-0.0031052142791197666,-1.0920761672265684
T0662,F05,2022,1271,0.009848470534066272,2.8693758114945287
T0662,F06,2022,1432,0.00133288269860542,0.5800911184094648
T0662,F07,2023,1446,-0.0031716464025065023,-1.1932817281504189
T0662,F08,2023,1685,-0.00594576317065401,-3.2773208796760813
T0663,F01,2020,463,-0.003149776323088695,-2.5531425737670514
T0663,F02,2020,1311,-0.002004143526261752,-2.072634828563292
T0663,F03,2021,1652,-0.002317046721386513,-1.7040588284135545
T0663,F04,2021,1569,-0.0031334858097265515,-2.849308075379231
T0663,F05,2022,1047,-0.0014217847787331155,-1.4992771065597155
T0663,F06,2022,1186,-0.0004217987090988222,-0.38398264684610744
T0663,F07,2023,1292,-0.0027030162694394004,-2.7080168986008517
T0663,F08,2023,1463,-0.003922305648157745,-4.474740634439631
T0664,F01,2020,349,-0.0039258424243176155,-1.3475672328891644
T0664,F02,2020,1015,-0.0040081443842119435,-1.9707862774555553
T0664,F03,2021,1311,-0.010562411598603643,-3.6432663559539047
T0664,F04,2021,1201,-0.003429498829791489,-1.635264791149791
T0664,F05,2022,827,0.0009126972756233059,0.40341336365371316
T0664,F06,2022,913,0.002043636446343216,1.1443289866375495
T0664,F07,2023,1005,-0.0029784990584175637,-1.4430395933597397
T0664,F08,2023,1133,-0.004366455894200279,-2.657233560120754
T0665,F01,2020,285,-0.0051728831526715625,-1.3029363163871708
T0665,F02,2020,853,-0.004013083600241974,-1.1675454237936602
T0665,F03,2021,1117,-0.014238178311450038,-2.429628579188248
T0665,F04,2021,1019,-0.0036151753626948173,-1.0456538075500348
T0665,F05,2022,702,0.0032007526952674632,0.8313031749331284
T0665,F06,2022,775,0.0034512831845346405,1.1068056262995187
T0665,F07,2023,845,-0.0031320726515399137,-0.9829103438669118
T0665,F08,2023,960,-0.007647786023336813,-2.950364541390711
T0666,F01,2020,255,-0.002167792310761719,-1.0485034761421923
T0666,F02,2020,779,-0.0023798361957682907,-1.7026748927318327
T0666,F03,2021,964,-0.0036682044879079684,-1.7757236094623925
T0666,F04,2021,917,-0.0040900629802409424,-2.5854449134767465
T0666,F05,2022,613,-0.002025841506136376,-1.4907926809296919
T0666,F06,2022,659,-0.00013716246930922551,-0.08989782225344883
T0666,F07,2023,787,-0.0037736433445526413,-3.0543713231635157
T0666,F08,2023,868,-0.003312405289251415,-2.6828656135313405
T0667,F01,2020,190,-0.002897649058574372,-0.6487580561427683
T0667,F02,2020,575,-0.007480840110284217,-2.761739926528442
T0667,F03,2021,715,-0.016938290737511384,-3.9815577812403418
T0667,F04,2021,684,-0.005179206433159622,-1.9289801327360874
T0667,F05,2022,467,0.002237284610345712,0.8051264498322531
T0667,F06,2022,500,0.0012748158750775177,0.5161722725225151
T0667,F07,2023,577,-0.005717643326204153,-2.212528297223851
T0667,F08,2023,657,-0.006846062235329605,-2.628045396876331
T0668,F01,2020,149,-0.006192461301299896,-1.005616537082188
T0668,F02,2020,483,-0.010079791055080155,-2.336576165513127
T0668,F03,2021,601,-0.030232407276666595,-3.1815222206268188
T0668,F04,2021,581,-0.00440557773800907,-1.0025041806601962
T0668,F05,2022,398,0.0065151842432883845,1.4640458822443834
T0668,F06,2022,438,0.0024071744885908243,0.5563333222387158
T0668,F07,2023,478,-0.008379455503110915,-1.8316237946523477
T0668,F08,2023,555,-0.007650752253477302,-2.2249827703701954
T0669,F01,2020,506,-0.002348279142781487,-1.0935383076988185
T0669,F02,2020,2135,-0.00419924614454593,-4.893626537148802
T0669,F03,2021,2952,-0.0028428894079948227,-2.826785004462626
T0669,F04,2021,1830,-0.0036213908288538405,-3.4489006783646414
T0669,F05,2022,1880,-0.0003738196585872322,-0.3748218441201575
T0669,F06,2022,1341,-0.0028202003847088036,-2.5769854851146214
T0669,F07,2023,1760,-0.00313180365342569,-3.617876154520473
T0669,F08,2023,2242,-0.0037930654157521952,-6.01318695488823
T0670,F01,2020,315,-0.0011696549654558188,-0.24497546911917223
T0670,F02,2020,1534,-0.008396402147785127,-3.965032999464165
T0670,F03,2021,2237,-0.007529473131454961,-2.8072216110930945
T0670,F04,2021,1248,-0.006892026620822518,-2.7186434442142717
T0670,F05,2022,1318,0.0018140457372796115,0.6820270297740983
T0670,F06,2022,904,-0.0032079302676971296,-1.2188116896058239
T0670,F07,2023,1236,-0.005356104278218381,-2.6948611425679654
T0670,F08,2023,1607,-0.0061309928667695746,-4.201477421031811
T0671,F01,2020,225,-0.004415039909528462,-0.544795264503908
T0671,F02,2020,1147,-0.01111447029838447,-3.2849375649011434
T0671,F03,2021,1759,-0.009993364603470644,-2.2836830417575738
T0671,F04,2021,949,-0.009882606538582838,-2.3899589746661785
T0671,F05,2022,1020,0.008465960766576143,1.8256764362306284
T0671,F06,2022,680,-0.004929810951995861,-1.0009277361791236
T0671,F07,2023,920,-0.008023576760191399,-2.349770223222232
T0671,F08,2023,1216,-0.009168743511894492,-3.6553681757472716
T0672,F01,2020,1529,-0.002373631780502371,-3.104280213843524
T0672,F02,2020,3352,-0.0029421764363009944,-5.401999635676932
T0672,F03,2021,3389,-0.003621315347085724,-3.859407015444316
T0672,F04,2021,3406,-0.003344146961798336,-5.486766993573808
T0672,F05,2022,3042,-0.0005103914255571203,-0.7105134843590074
T0672,F06,2022,3413,-0.0013759377359077974,-2.9931935866063526
T0672,F07,2023,3403,-0.0024241753041303626,-5.024196180973766
T0672,F08,2023,3690,-0.0027052574072830913,-7.251448276882626
T0673,F01,2020,1215,-0.002749694780586424,-1.4297901332500231
T0673,F02,2020,2787,-0.003799350661472358,-2.7473584839926084
T0673,F03,2021,2922,-0.005371847716691059,-2.522715673871318
T0673,F04,2021,2924,-0.004695602750733581,-3.0441055612505483
T0673,F05,2022,2553,0.00237431991460816,1.3140271165919537
T0673,F06,2022,2944,-0.0014337637829750915,-1.212833608883166
T0673,F07,2023,2868,-0.00257368682930972,-2.026049011107831
T0673,F08,2023,3177,-0.004358820829883411,-4.739051252283126
T0674,F01,2020,933,-0.0035594343693623664,-1.1458804801904072
T0674,F02,2020,2317,-0.0059165605534734446,-2.409840761060675
T0674,F03,2021,2471,-0.011086852625338131,-3.019579863289689
T0674,F04,2021,2427,-0.004635039279016789,-1.7827782022466285
T0674,F05,2022,2146,0.004637770591006934,1.537511656692736
T0674,F06,2022,2431,0.00043697340086069366,0.2181128163095521
T0674,F07,2023,2426,-0.0036434973556916835,-1.6591621114540809
T0674,F08,2023,2659,-0.006463697190520778,-4.383830594787483
T0675,F01,2020,513,-0.0034264662443713838,-1.8930541050176757
T0675,F02,2020,1659,-0.0039053996558150086,-4.396802311946529
T0675,F03,2021,1900,-0.0048035770439707045,-3.8083240063492325
T0675,F04,2021,1972,-0.0025822375450328663,-2.7565337782445853
T0675,F05,2022,1676,-0.001914940156179847,-1.0349837778194768
T0675,F06,2022,1763,-0.0016211194654190012,-2.07089878767305
T0675,F07,2023,1777,-0.0022531791081836926,-3.035109273639067
T0675,F08,2023,2003,-0.0030999835525148617,-5.8395933457063345
T0676,F01,2020,352,-0.0016400482268040144,-0.455659405251142
T0676,F02,2020,1218,-0.005500309365562279,-2.5673536829953973
T0676,F03,2021,1422,-0.009613605218496009,-3.0824906865324833
T0676,F04,2021,1453,-0.004212122505730924,-1.7988887084342176
T0676,F05,2022,1229,0.0014389030698924031,0.5330757641262677
T0676,F06,2022,1249,-0.003632345635984043,-1.7660143575898652
T0676,F07,2023,1277,-0.002531367937278133,-1.387606191260428
T0676,F08,2023,1442,-0.0052746269646163045,-3.9132778141566185
T0677,F01,2020,268,-0.002163501877692632,-0.3518182747542613
T0677,F02,2020,1003,-0.007045632282748831,-1.9209793277461393
T0677,F03,2021,1202,-0.013425251599121005,-2.886916724759887
T0677,F04,2021,1205,-0.005193117398755102,-1.4534987979132017
T0677,F05,2022,1016,0.00593776928738197,1.3641999516921253
T0677,F06,2022,1063,0.0007682537636821802,0.22645016605989643
T0677,F07,2023,1046,-0.0021245234486187026,-0.8105604235203631
T0677,F08,2023,1185,-0.007631162625648369,-3.563110083632784
T0678,F01,2020,417,-0.0013013155651875657,-0.7415545159496659
T0678,F02,2020,924,-0.0030011756762545086,-3.1182963227348397
T0678,F03,2021,710,-0.005607985747628605,-3.60154493267252
T0678,F04,2021,720,-0.00199596905992272,-1.7873023871374523
T0678,F05,2022,843,-0.00015119349916880895,-0.12299010215280128
T0678,F06,2022,940,-0.00014350383412979135,-0.19214825020439608
T0678,F07,2023,839,-0.001899642459263249,-1.7282281023798978
T0678,F08,2023,1163,-0.0023770097706919133,-3.0905440514751943
T0679,F01,2020,396,-0.00028929833671192083,-0.09924596672697593
T0679,F02,2020,842,-0.00654188665397757,-3.318579689893216
T0679,F03,2021,653,-0.0047115775240776595,-1.4923529950042222
T0679,F04,2021,657,-0.002006099919462784,-0.8659250943292005
T0679,F05,2022,760,0.003349105116320418,1.312590372198438
T0679,F06,2022,852,-0.0008375882717635327,-0.43196934085347677
T0679,F07,2023,750,-0.003213144627360037,-1.3244838911119239
T0679,F08,2023,1046,-0.004085395881037014,-2.8073547588257886
T0680,F01,2020,350,-0.008299567540885932,-1.7984426827679219
T0680,F02,2020,744,-0.00657475749699907,-1.8923028984746963
T0680,F03,2021,608,-0.01159263029710493,-2.0421452568967395
T0680,F04,2021,582,-0.002608020213249605,-0.6936825958713065
T0680,F05,2022,684,0.004979814295481134,1.2213538579565044
T0680,F06,2022,742,0.0015328126146395408,0.5128482800822304
T0680,F07,2023,675,-0.0029946551422606457,-0.942782290140455
T0680,F08,2023,920,-0.0059794359672342276,-2.8807699594240415
T0681,F01,2020,1697,-0.0024434963348962855,-4.16701378240357
T0681,F02,2020,3645,-0.0023126582067902832,-4.4118941835179175
T0681,F03,2021,3589,-0.0030931869436578133,-3.5942616501195395
T0681,F04,2021,3564,-0.003000199607681743,-5.230681352201507
T0681,F05,2022,3263,-0.0005248900444219644,-0.714061942129359
T0681,F06,2022,3577,-0.0015487440809827358,-3.1245010534712048
T0681,F07,2023,3661,-0.0023002055006294837,-4.807789137982505
T0681,F08,2023,3927,-0.0025314147233588178,-7.304179671844744
T0682,F01,2020,1134,-0.0027305062971697634,-1.79054044741254
T0682,F02,2020,2771,-0.003071797789842972,-2.214545343757694
T0682,F03,2021,2780,-0.00447288981680776,-2.1497562557908627
T0682,F04,2021,2715,-0.004127259814550495,-2.7757370126578835
T0682,F05,2022,2414,0.0026879888878009227,1.4582715914920683
T0682,F06,2022,2761,-0.0012794544043191667,-1.020645360181207
T0682,F07,2023,2922,-0.0034398397294873395,-2.659994127784404
T0682,F08,2023,3214,-0.0036544901099485392,-4.189030149747656
T0683,F01,2020,802,-0.0031218968397737678,-1.0222647057779526
T0683,F02,2020,2082,-0.005188275567324192,-2.191001592825457
T0683,F03,2021,2084,-0.006649399247523154,-1.8649584833533965
T0683,F04,2021,2052,-0.0034232868714577647,-1.3439183407389912
T0683,F05,2022,1750,0.005620594198076855,1.8030862015108466
T0683,F06,2022,2107,0.0012668433894991004,0.5977919861778526
T0683,F07,2023,2248,-0.004091288774877911,-1.9110756590931894
T0683,F08,2023,2545,-0.004935473328770374,-3.3658215667670937
T0684,F01,2020,2525,-0.002440311200136604,-3.2951157332717482
T0684,F02,2020,4295,-0.002845248352445875,-5.737545095084321
T0684,F03,2021,4305,-0.003231100299322557,-3.8684600713613277
T0684,F04,2021,4363,-0.0027434299799971827,-4.97429272257904
T0684,F05,2022,4272,-0.0011189499867216574,-1.6777524435118112
T0684,F06,2022,4363,-0.0017167074550753607,-3.860918193778471
T0684,F07,2023,4274,-0.002201653435952801,-4.979018860569242
T0684,F08,2023,4351,-0.002514508322631122,-7.946046683752256
T0685,F01,2020,1876,-0.004029434430687643,-2.395770933347921
T0685,F02,2020,3766,-0.0035321636731240214,-2.770964430092268
T0685,F03,2021,3994,-0.0051746185132042375,-2.429516953651909
T0685,F04,2021,4062,-0.0034057986953162627,-2.4268880920260907
T0685,F05,2022,3873,0.001448800404885606,0.8359122848032131
T0685,F06,2022,4051,-0.0014616005303472353,-1.2663003020058126
T0685,F07,2023,3952,-0.002716915605900075,-2.4008360685487453
T0685,F08,2023,3963,-0.0033470234875322934,-4.130724345151244
T0686,F01,2020,1383,-0.005320154733255254,-1.9211753631959778
T0686,F02,2020,3003,-0.00581043081181599,-2.612038485736714
T0686,F03,2021,3164,-0.007067940289460369,-2.119060439103792
T0686,F04,2021,3216,-0.0050339191894545506,-2.1695434791076997
T0686,F05,2022,3060,0.0029401550562050544,1.0575862889159073
T0686,F06,2022,3288,-0.0004593245992707908,-0.24823263725810066
T0686,F07,2023,3197,-0.003464487213653864,-1.8562917291735277
T0686,F08,2023,3211,-0.005470025288765912,-4.062908108133954
T0687,F01,2020,2498,-0.0020070048145538026,-2.620752656033541
T0687,F02,2020,4351,-0.002696042752841371,-5.401909291858619
T0687,F03,2021,4334,-0.0032846821436543013,-4.012032788275865
T0687,F04,2021,4405,-0.0026960711413225955,-4.865767528364154
T0687,F05,2022,4326,-0.0010370996069788416,-1.5410699391626625
T0687,F06,2022,4393,-0.0016976520915686153,-3.8046983025751406
T0687,F07,2023,4318,-0.0022040758658566574,-4.953668661800696
T0687,F08,2023,4398,-0.0024769854320597913,-8.005218871792438
T0688,F01,2020,1794,-0.003392525615383485,-1.719010156782009
T0688,F02,2020,3821,-0.003827533557125178,-3.042394008739012
T0688,F03,2021,3977,-0.005201491588863882,-2.4660427660356663
T0688,F04,2021,4155,-0.0034647573766900946,-2.5351170946688706
T0688,F05,2022,3962,0.0009640360691427814,0.5697480733192113
T0688,F06,2022,4029,-0.0012543274305814405,-1.112573262242757
T0688,F07,2023,3973,-0.003147992285601243,-2.7134359123896328
T0688,F08,2023,4039,-0.0037996715867782364,-4.722385002433066
T0689,F01,2020,1322,-0.0038865546209635106,-1.1964280129357079
T0689,F02,2020,3084,-0.005645078977406693,-2.658311352599104
T0689,F03,2021,3289,-0.007345462058809189,-2.1156449615740867
T0689,F04,2021,3344,-0.005947737762844395,-2.6364513014882585
T0689,F05,2022,3266,0.004180901122859002,1.5449691469323943
T0689,F06,2022,3382,-0.00012232016493463803,-0.06623638206223906
T0689,F07,2023,3352,-0.004261720001192132,-2.3013447302457015
T0689,F08,2023,3359,-0.005217597631978751,-3.8969169096822034
T0690,F01,2020,214,-0.0004482815754748627,-0.2570168496118097
T0690,F02,2020,175,-0.002833549970051741,-2.4106182185366447
T0690,F03,2021,339,-0.004036536318670131,-1.930803592529925
T0690,F04,2021,348,-0.003000086871788455,-2.4425287287739677
T0690,F05,2022,491,-0.0013552828671924953,-1.0660915069798447
T0690,F06,2022,427,-0.0019603302232759842,-2.046634918359011
T0690,F07,2023,283,-0.0011433083043592036,-1.1687493600404033
T0690,F08,2023,308,-0.0027495148770747737,-6.032401508835877
T0691,F01,2020,98,-0.003288967027975239,-0.9050793343373914
T0691,F02,2020,83,-0.006766210937385322,-2.140716206869507
T0691,F03,2021,163,-0.009505977554147184,-2.206870662166076
T0691,F04,2021,159,-0.0023837281597757737,-0.9123629429719775
T0691,F05,2022,246,0.0017087583181597291,0.6078011331637417
T0691,F06,2022,194,-0.002967507085880383,-1.6716880866928971
T0691,F07,2023,134,-0.001252098762444556,-0.5402896365075807
T0691,F08,2023,149,-0.005366147260477042,-3.545482841335358
T0692,F01,2020,57,-0.004398233974150266,-0.5931578761003944
T0692,F02,2020,50,-0.006993631097830766,-1.358041278898814
T0692,F03,2021,95,-0.007705292059923602,-0.891904194892301
T0692,F04,2021,96,-0.007640556968654559,-1.8290990731018246
T0692,F05,2022,127,0.0037320637421294077,0.736932092512405
T0692,F06,2022,117,-0.0020358516814687005,-0.5527972505939653
T0692,F07,2023,80,0.0008866188869461574,0.2106048960380094
T0692,F08,2023,92,-0.007442414531755801,-2.74604972644177
T0693,F01,2020,2071,-0.0024849047520632043,-4.18082779284364
T0693,F02,2020,4080,-0.0022931773446058863,-4.523418673343847
T0693,F03,2021,3970,-0.003071789024741087,-3.744887817134742
T0693,F04,2021,4201,-0.002567521680695473,-4.6939419002627485
T0693,F05,2022,3552,-0.00036498365523409234,-0.5558412121441081
T0693,F06,2022,3868,-0.0013973172768205909,-3.132784194873492
T0693,F07,2023,3940,-0.002123953881731465,-4.525989769842498
T0693,F08,2023,3691,-0.002534611515046605,-7.608660332388717
T0694,F01,2020,1591,-0.002813341867704909,-1.7820460873476411
T0694,F02,2020,3279,-0.0031937710091328483,-2.333414639817739
T0694,F03,2021,3145,-0.005266381844588116,-2.389911885658508
T0694,F04,2021,3086,-0.003563456439289616,-2.491971615887623
T0694,F05,2022,2637,0.0023489760460267462,1.3560105166003131
T0694,F06,2022,2980,-0.0001640726368343212,-0.14446045336118155
T0694,F07,2023,3049,-0.0023252919152531647,-1.8594828921726325
T0694,F08,2023,2846,-0.004081607710555604,-4.842259826090154
T0695,F01,2020,1186,-0.005562035787118144,-2.206329731261616
T0695,F02,2020,2395,-0.0038442360379005395,-1.4864012737090226
T0695,F03,2021,2070,-0.01005890380093584,-2.6719436804964376
T0695,F04,2021,2390,-0.00659287621568019,-2.669861405302521
T0695,F05,2022,2013,0.006139973611243266,2.1597876783475565
T0695,F06,2022,2312,0.0004591716972424572,0.21582626131457772
T0695,F07,2023,2645,-0.003526986512323509,-1.725215899070622
T0695,F08,2023,2285,-0.0053964305307718985,-3.7243749570969604
T0696,F01,2020,123,4.441292209478591e-05,0.01694619858825199
T0696,F02,2020,443,-0.002663305904661053,-2.277904360293508
T0696,F03,2021,196,-0.0014754619647340084,-0.470712193919872
T0696,F04,2021,300,-0.0035420166134222594,-2.402148165872447
T0696,F07,2023,92,0.0013549104352597262,0.6232923540627578
T0696,F08,2023,258,-0.0018430425792915791,-1.0574573834540573
T0697,F01,2020,64,0.003708815283746697,0.5504830866505455
T0697,F02,2020,239,-0.00403027959775306,-1.145002260602354
T0697,F03,2021,113,-0.006381591981895909,-1.0774984452507854
T0697,F04,2021,179,-0.0019834435134305196,-0.5769649191643373
T0697,F07,2023,52,0.004828237026139762,1.0449688529597658
T0697,F08,2023,161,0.0013828174585367578,0.39534263700243644
T0698,F01,2020,56,0.011136391569737987,1.471194162035499
T0698,F02,2020,187,-0.0025125822962100415,-0.4788105230903082
T0698,F03,2021,85,-0.009560451501772376,-1.1891038701351337
T0698,F04,2021,142,-0.0018970002954403753,-0.3458550891643429
T0698,F07,2023,44,0.007531679216081417,1.0322351160246859
T0698,F08,2023,126,0.0053410970763405115,0.7523043811936352
T0699,F01,2020,406,-0.0026752066365734956,-0.9525456653837383
T0699,F02,2020,902,-0.0021320097317899115,-1.2899929462894955
T0699,F03,2021,903,-0.002340171530924778,-0.8476551847508567
T0699,F04,2021,946,-0.004301094353066221,-2.411598878313947
T0699,F05,2022,912,0.00131941012148831,0.5792994979919505
T0699,F06,2022,970,-0.001386459177513508,-0.9482608965214652
T0699,F07,2023,898,-0.002311135453926971,-1.5253683890139793
T0699,F08,2023,998,-0.0024573956494344925,-2.71037929515881
T0700,F01,2020,327,-0.006657204119956863,-1.560017870063125
T0700,F02,2020,816,-0.003805918523087446,-1.2044119591064628
T0700,F03,2021,838,-0.008186005027039246,-1.2628402630190831
T0700,F04,2021,879,-0.0038980027655719147,-1.2125688698855381
T0700,F05,2022,857,0.005230962033639405,1.261503469977396
T0700,F06,2022,931,-0.0006350698492974365,-0.2301127446305088
T0700,F07,2023,815,-0.002944952432367276,-1.0555211254435888
T0700,F08,2023,938,-0.0038654757082252126,-2.3238911692481623
T0701,F01,2020,434,-0.0027871329240133037,-0.8437512981459363
T0701,F02,2020,889,-0.002407808310874256,-1.4888983712458446
T0701,F03,2021,894,-0.0038313404636550782,-1.4390406745405864
T0701,F04,2021,913,-0.003378491732390186,-1.8477759773932114
T0701,F05,2022,930,0.0019793432766652213,0.8947663445446367
T0701,F06,2022,970,-0.002485163588445107,-1.736232023085842
T0701,F07,2023,887,-0.0022357219319219905,-1.5351617609382675
T0701,F08,2023,977,-0.002826534466819469,-2.91232792496837
T0702,F01,2020,349,-0.003735895487737062,-0.708615021922242
T0702,F02,2020,812,-0.004151540163514534,-1.4197939030059294
T0702,F03,2021,823,-0.004584631824969797,-0.9390359133259465
T0702,F04,2021,866,-0.004600417382549166,-1.3617687587282763
T0702,F05,2022,892,0.005128405298898787,1.289857818567518
T0702,F06,2022,918,-0.0013040749187747426,-0.45723215625730523
T0702,F07,2023,825,-0.0020521952758946606,-0.7325260815282223
T0702,F08,2023,915,-0.004161630371836443,-2.3262432176436536
T0703,F01,2020,337,-0.002053229999518892,-0.9476826919735519
T0703,F02,2020,800,-0.003066628580651235,-1.7666309282389905
T0703,F03,2021,708,-0.00314466708841034,-1.012404835022749
T0703,F04,2021,771,-0.0014861786468160132,-0.7905910877458215
T0703,F05,2022,973,0.0011835540027506418,0.5566720462660539
T0703,F06,2022,1003,-0.0012489627824843219,-0.953197728954139
T0703,F07,2023,815,-0.001486068422444626,-0.991801686053481
T0703,F08,2023,869,-0.0018932006099890264,-1.9507619072758762
T0704,F01,2020,281,-0.004595007291539568,-0.9347629154710155
T0704,F02,2020,727,-0.0035285882850907458,-1.2175584566622428
T0704,F03,2021,628,-0.005867453847068011,-1.0340790169849177
T0704,F04,2021,698,-0.0024576353463035532,-0.6772638881819883
T0704,F05,2022,890,0.003521797708937345,0.8726057400649857
T0704,F06,2022,913,-0.0007920564552952566,-0.32912346978090773
T0704,F07,2023,784,-0.0008039728964142929,-0.2891155031672247
T0704,F08,2023,744,-0.002747913763934776,-1.5573837630436682
T0705,F01,2020,406,-0.0026752066365734956,-0.9525456653837383
T0705,F02,2020,902,-0.0021320097317899115,-1.2899929462894955
T0705,F03,2021,903,-0.002340171530924778,-0.8476551847508567
T0705,F04,2021,946,-0.004301094353066221,-2.411598878313947
T0705,F05,2022,912,0.00131941012148831,0.5792994979919505
T0705,F06,2022,970,-0.001386459177513508,-0.9482608965214652
T0705,F07,2023,898,-0.002311135453926971,-1.5253683890139793
T0705,F08,2023,998,-0.0024573956494344925,-2.71037929515881
T0706,F01,2020,327,-0.006657204119956863,-1.560017870063125
T0706,F02,2020,816,-0.003805918523087446,-1.2044119591064628
T0706,F03,2021,838,-0.008186005027039246,-1.2628402630190831
T0706,F04,2021,879,-0.0038980027655719147,-1.2125688698855381
T0706,F05,2022,857,0.005230962033639405,1.261503469977396
T0706,F06,2022,931,-0.0006350698492974365,-0.2301127446305088
T0706,F07,2023,815,-0.002944952432367276,-1.0555211254435888
T0706,F08,2023,938,-0.0038654757082252126,-2.3238911692481623
T0707,F01,2020,434,-0.0027871329240133037,-0.8437512981459363
T0707,F02,2020,889,-0.002407808310874256,-1.4888983712458446
T0707,F03,2021,894,-0.0038313404636550782,-1.4390406745405864
T0707,F04,2021,913,-0.003378491732390186,-1.8477759773932114
T0707,F05,2022,930,0.0019793432766652213,0.8947663445446367
T0707,F06,2022,970,-0.002485163588445107,-1.736232023085842
T0707,F07,2023,887,-0.0022357219319219905,-1.5351617609382675
T0707,F08,2023,977,-0.002826534466819469,-2.91232792496837
T0708,F01,2020,349,-0.003735895487737062,-0.708615021922242
T0708,F02,2020,812,-0.004151540163514534,-1.4197939030059294
T0708,F03,2021,823,-0.004584631824969797,-0.9390359133259465
T0708,F04,2021,866,-0.004600417382549166,-1.3617687587282763
T0708,F05,2022,892,0.005128405298898787,1.289857818567518
T0708,F06,2022,918,-0.0013040749187747426,-0.45723215625730523
T0708,F07,2023,825,-0.0020521952758946606,-0.7325260815282223
T0708,F08,2023,915,-0.004161630371836443,-2.3262432176436536
T0709,F01,2020,337,-0.002053229999518892,-0.9476826919735519
T0709,F02,2020,800,-0.003066628580651235,-1.7666309282389905
T0709,F03,2021,708,-0.00314466708841034,-1.012404835022749
T0709,F04,2021,771,-0.0014861786468160132,-0.7905910877458215
T0709,F05,2022,973,0.0011835540027506418,0.5566720462660539
T0709,F06,2022,1003,-0.0012489627824843219,-0.953197728954139
T0709,F07,2023,815,-0.001486068422444626,-0.991801686053481
T0709,F08,2023,869,-0.0018932006099890264,-1.9507619072758762
T0710,F01,2020,281,-0.004595007291539568,-0.9347629154710155
T0710,F02,2020,727,-0.0035285882850907458,-1.2175584566622428
T0710,F03,2021,628,-0.005867453847068011,-1.0340790169849177
T0710,F04,2021,698,-0.0024576353463035532,-0.6772638881819883
T0710,F05,2022,890,0.003521797708937345,0.8726057400649857
T0710,F06,2022,913,-0.0007920564552952566,-0.32912346978090773
T0710,F07,2023,784,-0.0008039728964142929,-0.2891155031672247
T0710,F08,2023,744,-0.002747913763934776,-1.5573837630436682
T0711,F01,2020,434,-0.0030010789348645234,-1.0486098840902498
T0711,F02,2020,923,-0.0015321730054810617,-0.9126626925215013
T0711,F03,2021,916,-0.005140850816246352,-1.9016057368638817
T0711,F04,2021,955,-0.0031809583947420236,-1.7460121683878058
T0711,F05,2022,908,0.0014919935690399422,0.6630109989869793
T0711,F06,2022,969,-0.0008521754109810876,-0.5692119799136537
T0711,F07,2023,901,-0.0023942753221849015,-1.6066627430683431
T0711,F08,2023,1011,-0.00349773014540493,-3.6870230032831346
T0712,F01,2020,342,-0.007780437702327175,-1.6895098484872952
T0712,F02,2020,806,-0.0038652966700089774,-1.2133080491158261
T0712,F03,2021,838,-0.00748028487358186,-1.5030808947299539
T0712,F04,2021,900,-0.00345650015499335,-1.0946478861623146
T0712,F05,2022,840,0.004413929432364276,1.03353687650371
T0712,F06,2022,893,0.0003569652987747188,0.1330684478534746
T0712,F07,2023,837,-0.0025909009573172595,-0.9158120381284326
T0712,F08,2023,945,-0.004822386924727252,-2.5223214606024307
T0713,F01,2020,382,-0.002122176150147391,-0.606336264334989
T0713,F02,2020,792,-0.004228461421882659,-2.382527652196608
T0713,F03,2021,802,-0.0036053972421557553,-1.2049450149217895
T0713,F04,2021,819,-0.004098693921038754,-2.1686911155862996
T0713,F05,2022,817,0.0018191069858253114,0.7871841830312226
T0713,F06,2022,833,-0.00017679203229783706,-0.10948390964378199
T0713,F07,2023,813,-0.0032157826100980783,-2.0820743258863343
T0713,F08,2023,868,-0.0034971548942882083,-3.663072930237389
T0714,F01,2020,316,-0.004122519734019172,-0.7820952159081027
T0714,F02,2020,677,-0.007727965314485682,-2.2180839789707716
T0714,F03,2021,715,-0.020607406011234484,-1.4223491401625
T0714,F04,2021,723,-0.004708478903937446,-1.402428376985002
T0714,F05,2022,752,0.005211372803039146,1.1799713592677212
T0714,F06,2022,748,-0.0006896977230078373,-0.23454423041246486
T0714,F07,2023,735,-0.004743559926734429,-1.639217494046286
T0714,F08,2023,788,-0.004688472336796054,-2.6790069494807667
T0715,F01,2020,330,-0.004671864828073928,-1.867265190989618
T0715,F02,2020,797,-0.0015456401417991896,-0.911578233407508
T0715,F03,2021,811,-0.004095770199661506,-1.6136562656319857
T0715,F04,2021,858,-0.004653742679905351,-2.2877572585579347
T0715,F05,2022,782,0.0009525738596852332,0.4339595556876275
T0715,F06,2022,858,-0.00020258581560445358,-0.12662121454437392
T0715,F07,2023,818,-0.0028875143226026715,-1.8001891565829518
T0715,F08,2023,933,-0.003294214769978623,-2.935981054161898
T0716,F01,2020,293,-0.009040112578087275,-2.2831528227044773
T0716,F02,2020,745,-0.002232265669727309,-0.7204669200595853
T0716,F03,2021,764,-0.0112180199682399,-2.3646352983008825
T0716,F04,2021,815,-0.00470785278876151,-1.345903630278333
T0716,F05,2022,723,0.003817892519061632,0.9448076421821204
T0716,F06,2022,803,0.0008280424112303241,0.277887330954471
T0716,F07,2023,761,-0.00517025184388878,-1.7916549682863065
T0716,F08,2023,880,-0.005387977355367207,-2.857670699070276
T0717,F01,2020,54,-0.0022409715414830234,-0.25602560092748733
T0717,F02,2020,204,0.0005933214503243808,0.1776584349671492
T0717,F03,2021,160,-0.0047389272391520606,-0.6425653809513028
T0717,F04,2021,193,-0.005035237780582773,-1.2421934276933646
T0717,F05,2022,232,0.006742440140607714,1.2967977861398048
T0717,F06,2022,269,-0.0024179896949631514,-0.8364946184819105
T0717,F07,2023,242,-0.0003192507724488292,-0.11985561365705003
T0717,F08,2023,270,-0.005356503374273911,-2.4455133969012
T0718,F01,2020,52,-0.007344127397265166,-0.45400596250622477
T0718,F02,2020,198,0.0008111076820847432,0.1445423752761852
T0718,F03,2021,157,-0.01947910277988188,-2.1344092862284705
T0718,F04,2021,182,-0.0049771038203617396,-0.8691809820011891
T0718,F05,2022,218,0.0026317517335457076,0.40075090858838197
T0718,F06,2022,252,-0.004330284967859489,-0.8554851973776225
T0718,F07,2023,231,-0.0011748810967499917,-0.28338974596797106
T0718,F08,2023,259,-0.008077961847887411,-2.5769816639926972
T0719,F01,2020,28,-0.00030306860419976697,-0.019315238700001063
T0719,F02,2020,126,0.004905399053052875,1.1079078970139633
T0719,F03,2021,88,-0.004769946901206477,-0.43738348110232605
T0719,F04,2021,116,-0.0011348540217550698,-0.18920117147938037
T0719,F05,2022,167,0.011460310856402296,1.6636668731722406
T0719,F06,2022,184,-0.0008850815885869653,-0.24961247626385144
T0719,F07,2023,154,-0.001264426473350585,-0.3530457460852751
T0719,F08,2023,150,-0.002374545865238099,-0.8859135172365872
T0720,F01,2020,26,0.004107776044226316,0.13848908928016412
T0720,F02,2020,119,0.001155065433031979,0.19025483646227995
T0720,F03,2021,86,-0.030613767662335464,-2.2216904322118327
T0720,F04,2021,115,-0.007267911130092986,-1.0028353715738911
T0720,F05,2022,158,0.009369336699926626,1.1562383704652706
T0720,F06,2022,177,-0.00443637936345396,-0.744159142528466
T0720,F07,2023,142,-0.002287132032395479,-0.416012541959385
T0720,F08,2023,146,-0.006350311955980654,-1.6377046526304604
T0721,F01,2020,27,-0.00040267494777793394,-0.02463551673534752
T0721,F02,2020,117,0.0031319201642808253,0.6634196241519189
T0721,F03,2021,80,-0.003056501251918173,-0.2772718882637978
T0721,F04,2021,107,0.00011034939213092687,0.016341030311086645
T0721,F05,2022,156,0.013545529532862267,1.8509116537434998
T0721,F06,2022,172,-0.00013350583607730867,-0.03417634315461336
T0721,F07,2023,146,-0.0015703750965366087,-0.43126380527617714
T0721,F08,2023,136,-0.0013277651946486824,-0.47176897454654443
T0722,F01,2020,26,0.00296443522706956,0.10101112307858486
T0722,F02,2020,112,-0.0001644021003936066,-0.0260797884686262
T0722,F03,2021,79,-0.03177004788200911,-2.225188437232363
T0722,F04,2021,104,-0.004554413823642447,-0.5725183096162471
T0722,F05,2022,146,0.006577401732383633,0.797287314316686
T0722,F06,2022,164,-0.0037807505314270415,-0.5819796041589009
T0722,F07,2023,134,-0.003218899343723796,-0.5671465190199007
T0722,F08,2023,131,-0.004354369441347685,-1.017027299052569
T0723,F01,2020,417,-0.005614397023916213,-2.928649565286113
T0723,F02,2020,902,-0.003799076990812725,-2.3451092480744746
T0723,F03,2021,909,-0.0037483222492164245,-1.4561418734137654
T0723,F04,2021,920,-0.003737084449906624,-1.9624879025381619
T0723,F05,2022,865,0.0018543464166326732,0.8965436974302912
T0723,F06,2022,934,-0.001190148062146549,-0.7495719010798944
T0723,F07,2023,907,-0.002099244304212881,-1.4648735342837096
T0723,F08,2023,1003,-0.0034300376437438,-3.286949728699124
T0724,F01,2020,334,-0.005393799823849948,-1.3106311936956763
T0724,F02,2020,801,-0.004813455439698789,-1.5646429837351328
T0724,F03,2021,851,-0.011128506468045779,-2.2215840847561705
T0724,F04,2021,864,-0.004444826684969776,-1.246118895670936
T0724,F05,2022,770,0.0034802939685908223,0.8392129749757765
T0724,F06,2022,859,0.0007653377417737967,0.2613405566939866
T0724,F07,2023,788,-0.0032003284914217524,-1.2682457575295008
T0724,F08,2023,925,-0.0053925021768765746,-3.105621851908252
T0725,F01,2020,402,-0.0005936730374534981,-0.19284826879891298
T0725,F02,2020,932,-0.0036783654138418742,-2.1331310300862785
T0725,F03,2021,932,-0.003908134789880954,-1.4612634021107467
T0725,F04,2021,952,-0.004812776774542814,-2.4557098312524186
T0725,F05,2022,875,-0.0001558525275847989,-0.06956075167239986
T0725,F06,2022,946,-0.0005753024655669897,-0.36644363408905045
T0725,F07,2023,913,-0.0021521660999385414,-1.4706295570624337
T0725,F08,2023,998,-0.004117916073424091,-3.8853513604028196
T0726,F01,2020,328,-0.0020195053962221293,-0.42665213443568756
T0726,F02,2020,820,-0.005680328340887068,-1.8406225467536885
T0726,F03,2021,864,-0.007062717957448072,-1.4623010555950762
T0726,F04,2021,880,-0.005291109050269432,-1.574160880653887
T0726,F05,2022,824,0.0044062765584285965,1.1507121906399955
T0726,F06,2022,904,-0.0006150127155979158,-0.21284250963361445
T0726,F07,2023,833,-0.0026740477048715107,-0.9697324170233967
T0726,F08,2023,944,-0.006428604945927415,-3.543931216927934
T0727,F01,2020,398,-0.0029462688208504273,-1.0544604727762228
T0727,F02,2020,911,-0.001984163228597998,-1.142798342384257
T0727,F03,2021,920,-0.005759723989449835,-2.1373543497194456
T0727,F04,2021,961,-0.003285451037382087,-1.824944427457826
T0727,F05,2022,918,0.001612056463829649,0.7187618685378966
T0727,F06,2022,950,-0.0007690532118490591,-0.5070336910617681
T0727,F07,2023,877,-0.002232730906710406,-1.3619528344862282
T0727,F08,2023,1005,-0.0035802747568737755,-3.3641906250733116
T0728,F01,2020,338,-0.004597279545172758,-0.911079237778243
T0728,F02,2020,800,-0.004691421920919165,-1.552196269247532
T0728,F03,2021,868,-0.008564346861001411,-1.7205326852334053
T0728,F04,2021,912,-0.005022745727824256,-1.5079997841839117
T0728,F05,2022,822,0.0048190406028286335,1.124784743313985
T0728,F06,2022,881,-0.0006738195072502816,-0.2568611221789112
T0728,F07,2023,831,-0.0015339226455909909,-0.5351833259661283
T0728,F08,2023,930,-0.0054957655433229375,-3.003952862576304
T0729,F01,2020,252,-0.004455184356526639,-1.6003699256110886
T0729,F02,2020,642,-0.007101649847261602,-3.99550692092325
T0729,F03,2021,688,-0.009903741275950437,-3.123970344413506
T0729,F04,2021,685,-0.0035253656502453982,-1.544243170848985
T0729,F05,2022,468,0.004990469398485265,1.7909041392340537
T0729,F06,2022,575,0.0011057750009667812,0.5777243510860383
T0729,F07,2023,568,-0.001664404273057562,-0.8243623175770919
T0729,F08,2023,718,-0.003552518635623296,-2.1256828021470997
T0730,F01,2020,206,-0.008702738575838734,-1.95391951179336
T0730,F02,2020,572,-0.01008794995737096,-2.7908021827925893
T0730,F03,2021,610,-0.015307355684316256,-1.8652939211636124
T0730,F04,2021,612,-0.0025973997951009424,-0.7231521210734042
T0730,F05,2022,414,0.005965045669280628,1.389794371938065
T0730,F06,2022,517,0.005726623077947362,1.7385255813270006
T0730,F07,2023,524,-0.005576353348149306,-1.5700894389479385
T0730,F08,2023,648,-0.006683836706175733,-2.693808222353305
T0731,F01,2020,120,-0.007891035757072938,-1.5907332801392124
T0731,F02,2020,408,-0.006374172995621639,-2.077783491857106
T0731,F03,2021,448,-0.014448919584260108,-3.3359062623778426
T0731,F04,2021,438,-0.00444804245620692,-1.2756902319547443
T0731,F05,2022,250,0.008174990818547981,2.3770149082230443
T0731,F06,2022,309,0.0031516273122665635,1.0535027746262977
T0731,F07,2023,374,-0.00268998444599097,-0.9074970058593863
T0731,F08,2023,434,-0.006147296689241267,-2.418478187719989
T0732,F01,2020,106,-0.006004960950999079,-0.7826931373168513
T0732,F02,2020,356,-0.005795706783994212,-1.1288517557770552
T0732,F03,2021,395,-0.02818406698074426,-2.317105065660968
T0732,F04,2021,392,-0.002984261244367536,-0.575329537869869
T0732,F05,2022,225,0.010693772839762583,2.0720045548678843
T0732,F06,2022,267,0.0054078684074986,1.071687289784215
T0732,F07,2023,338,-0.008105926024387975,-1.8871158190343358
T0732,F08,2023,378,-0.00847373321644068,-2.0567127921516306
T0733,F01,2020,68,-0.007006994103146794,-1.1823595776182856
T0733,F02,2020,256,-0.00734426540673046,-1.7796437587954737
T0733,F03,2021,318,-0.01748114172036412,-2.633505428425119
T0733,F04,2021,268,-0.004412360239160264,-0.9561695848411857
T0733,F05,2022,116,0.009453839818586279,1.5947885291606212
T0733,F06,2022,150,0.002173210541661662,0.4435272665240518
T0733,F07,2023,237,-0.007301069168397515,-1.7162451562104168
T0733,F08,2023,289,-0.005722789657794595,-1.414090750095517
T0734,F01,2020,62,0.003782019058408377,0.4349648890493164
T0734,F02,2020,216,-0.0051754105951085805,-0.6713652786573953
T0734,F03,2021,269,-0.03717245561357172,-2.1780821613814365
T0734,F04,2021,233,-0.0045369109737888845,-0.5597061547988093
T0734,F05,2022,101,0.0023598429263644322,0.24098906225330993
T0734,F06,2022,132,0.005923888719053739,0.7695759740685504
T0734,F07,2023,208,-0.011814977735917042,-2.010569580294976
T0734,F08,2023,246,-0.00944731848614947,-1.7185873638664566
T0735,F01,2020,115,-0.0006110037086391535,-0.07379641028131761
T0735,F02,2020,534,-0.006796278533708624,-2.797648529526976
T0735,F03,2021,751,-0.004981427563300082,-1.711761973936064
T0735,F04,2021,448,-0.0068881033385199825,-2.400683839514106
T0735,F05,2022,457,-0.00013489974625927685,-0.04192843765262039
T0735,F06,2022,347,-0.004469709678013414,-1.1163549861139006
T0735,F07,2023,481,-0.0047333109711013965,-1.9883916018864827
T0735,F08,2023,550,-0.00654291577099572,-3.3860652334556196
T0736,F01,2020,88,-0.0050880172212929,-0.35690251297691905
T0736,F02,2020,442,-0.0112845549814395,-2.639582053194066
T0736,F03,2021,662,-0.021662195889813402,-3.0727456484184636
T0736,F04,2021,364,-0.016781705988031803,-2.7997780656129176
T0736,F05,2022,388,-0.0031936214154593356,-0.5004525649503054
T0736,F06,2022,275,-0.006814490818376627,-0.9865995277734243
T0736,F07,2023,382,-0.007614390233120581,-1.8248886631535925
T0736,F08,2023,450,-0.012393416477586851,-3.790918780454339
T0737,F01,2020,362,-0.0034147268839315554,-1.7239664849914311
T0737,F02,2020,854,-0.004054845725613256,-2.2871732583340374
T0737,F03,2021,845,-0.005127083320240489,-1.9805715048175077
T0737,F04,2021,893,-0.0038640971252255746,-2.1260936276763007
T0737,F05,2022,819,0.001453641647762372,0.6625868299945832
T0737,F06,2022,878,0.00032650681804524657,0.19537973815761145
T0737,F07,2023,856,-0.002387428957332232,-1.6411626230146417
T0737,F08,2023,938,-0.0033568490889926213,-3.3309533923527086
T0738,F01,2020,331,-0.00700970883310328,-1.6976122346066655
T0738,F02,2020,790,-0.004846346831361551,-1.6786333844212908
T0738,F03,2021,790,-0.009207072903976921,-2.1643388879327765
T0738,F04,2021,840,-0.004021328377922202,-1.2517283855342773
T0738,F05,2022,740,0.006334374723930777,1.5334235654453925
T0738,F06,2022,823,0.00030741650179442684,0.1038090702166866
T0738,F07,2023,788,-0.004482002848096015,-1.6101468472916978
T0738,F08,2023,902,-0.00436343584135632,-2.475210392391028
T0739,F01,2020,136,0.0034665991562499777,0.555169628789216
T0739,F02,2020,453,-0.007112906847471792,-2.6542386620244036
T0739,F03,2021,477,-0.007615751365037547,-1.7733513995351138
T0739,F04,2021,445,-0.009530151737979593,-3.0339417875678953
T0739,F05,2022,411,0.0011519647002628732,0.33812873081697103
T0739,F06,2022,446,-0.0021690315545457623,-0.7490987320109346
T0739,F07,2023,445,-0.002828281927394107,-1.2204472077354152
T0739,F08,2023,526,-0.002610593144919434,-1.8135670552153393
T0740,F01,2020,121,0.0028365599548450934,0.3238766204091542
T0740,F02,2020,376,-0.01181885675896362,-2.207528569614124
T0740,F03,2021,409,-0.01553770677521086,-1.9680038208574746
T0740,F04,2021,366,-0.014285833284617187,-2.532164060445078
T0740,F05,2022,360,0.003949990375191417,0.6472264674649402
T0740,F06,2022,381,-0.0011595239623566316,-0.24450146073088458
T0740,F07,2023,379,-0.006177393947808529,-1.4490247087952477
T0740,F08,2023,438,-0.00719971987600466,-2.2984968471003984
T0741,F01,2020,82,-0.005931798652258544,-1.0674797343585343
T0741,F02,2020,160,-0.0013608823766263906,-0.3199527863773751
T0741,F03,2021,149,-0.015128065490294324,-2.3883793887248603
T0741,F04,2021,141,0.002321287223690209,0.497835681909072
T0741,F05,2022,221,0.006828656527984331,1.626404249189708
T0741,F06,2022,211,-0.0001285518195584659,-0.03778578356920072
T0741,F07,2023,192,-0.003934062299390459,-1.2855158286108175
T0741,F08,2023,242,-0.0030895806940874405,-1.2716867889924748
T0742,F01,2020,79,-0.009925033806885628,-1.4759005794859363
T0742,F02,2020,149,-0.00443399668142683,-0.5914939911875395
T0742,F03,2021,146,-0.03155161187972216,-3.2554535008638674
T0742,F04,2021,137,-0.002077405663668623,-0.33580689025077026
T0742,F05,2022,196,0.013161361592426254,1.7135132844659795
T0742,F06,2022,198,-0.003016367441651259,-0.6342191556691706
T0742,F07,2023,179,-0.0054681290136476745,-1.185846626555467
T0742,F08,2023,224,-0.003516296294321927,-0.8588494806910973
T0743,F01,2020,503,-0.002591833456156524,-1.3426973202896126
T0743,F02,2020,944,-0.003407420429068656,-2.302103047603915
T0743,F03,2021,924,-0.005165255776166733,-2.1801538464169057
T0743,F04,2021,934,-0.0037841773990529965,-2.0592943247920594
T0743,F05,2022,802,0.0006410289066801918,0.3172368069707376
T0743,F06,2022,922,-0.0010899003457959112,-0.7454169054989775
T0743,F07,2023,918,-0.0028347245567827257,-1.8043991777507116
T0743,F08,2023,1008,-0.004183626886164476,-4.044206446911904
T0744,F01,2020,394,-0.0025129198720180847,-0.6426281527626436
T0744,F02,2020,829,-0.004962888291759619,-1.7114431491990691
T0744,F03,2021,832,-0.005772928485811504,-1.2335878697724176
T0744,F04,2021,862,-0.0060446634773076375,-1.838007751087375
T0744,F05,2022,723,0.004840299227027528,1.275684447532032
T0744,F06,2022,852,-0.0006699552472152622,-0.25472725045547523
T0744,F07,2023,831,-0.002876206714624556,-1.0922941343577863
T0744,F08,2023,912,-0.0043966047956581,-2.2620590539246854
T0745,F01,2020,644,-0.003967573132559204,-2.1761278994914472
T0745,F02,2020,1091,-0.004269125995985063,-2.8757292148421523
T0745,F03,2021,1082,-0.005807511375479942,-2.3694823349872096
T0745,F04,2021,1101,-0.0038981517887155914,-2.416809120669967
T0745,F05,2022,1067,0.0010974525605613908,0.525015181534904
T0745,F06,2022,1095,-0.001253820222025257,-0.9435562879929752
T0745,F07,2023,1082,-0.002785831240290008,-2.121247479574401
T0745,F08,2023,1092,-0.0035537604116212917,-3.9412877039184435
T0746,F01,2020,551,-0.005886677150837434,-1.9333675324320103
T0746,F02,2020,1048,-0.006088285914083291,-2.3840103461403146
T0746,F03,2021,1045,-0.008290151322042187,-1.9810312915986825
T0746,F04,2021,1064,-0.005628771549247986,-1.971459759450162
T0746,F05,2022,1034,0.003914655205271076,1.0984778403740503
T0746,F06,2022,1061,-0.0004111284759887862,-0.15718949703443202
T0746,F07,2023,1040,-0.003417118437122643,-1.4042266963040766
T0746,F08,2023,1066,-0.004939821934102381,-3.1191401040311035
T0747,F01,2020,641,-0.004164721147979642,-1.8465038878893278
T0747,F02,2020,1093,-0.003976742616058706,-2.763297783832562
T0747,F03,2021,1080,-0.005556289693952141,-2.3824082739283514
T0747,F04,2021,1100,-0.0035782443883926296,-2.2217330365650776
T0747,F05,2022,1079,0.0016313833797215167,0.7951911298940058
T0747,F06,2022,1101,-0.0015323441987425308,-1.1398893174383953
T0747,F07,2023,1081,-0.002657342073013993,-1.975809313997628
T0747,F08,2023,1095,-0.003290741399041061,-3.6365114956496147
T0748,F01,2020,554,-0.005148967510400157,-1.469895816012636
T0748,F02,2020,1071,-0.004759163052550449,-1.8849271401631675
T0748,F03,2021,1032,-0.009845500951547929,-2.1202914381344415
T0748,F04,2021,1073,-0.005797134629699201,-1.9908043788676297
T0748,F05,2022,1041,0.004329195589248397,1.2069538999222225
T0748,F06,2022,1086,-0.0008082638165167376,-0.32219604093039916
T0748,F07,2023,1065,-0.0038529634397872063,-1.595954130625003
T0748,F08,2023,1069,-0.0050911836713982885,-3.2304722607914504
T0749,F01,2020,105,0.0019434786319039096,0.33544937990540324
T0749,F02,2020,93,-0.007158878150544925,-1.707163569306154
T0749,F03,2021,110,-0.005299994383580357,-1.2012000131636222
T0749,F04,2021,137,-0.004583510572310087,-1.2105901999962787
T0749,F05,2022,393,0.0026135242423986336,0.8774932806454067
T0749,F06,2022,329,-0.0039229673744374405,-1.724988918230431
T0749,F07,2023,192,-0.0003928448024705408,-0.16063177126652292
T0749,F08,2023,162,-0.0029532382357576434,-1.3980560640596214
T0750,F01,2020,75,-0.0012793810402726435,-0.1374411628455128
T0750,F02,2020,80,0.001926510924500642,0.20197143338784554
T0750,F03,2021,85,-0.004549322777434783,-0.4688323208143615
T0750,F04,2021,95,0.0010195482545048095,0.15549313908734166
T0750,F05,2022,258,0.004434325080671197,0.8029023304452129
T0750,F06,2022,206,-0.0029272480789800845,-0.6660861683404949
T0750,F07,2023,132,0.0007983983095957138,0.181395926276097
T0750,F08,2023,108,-0.0006695562557085103,-0.19879607911777847
T0751,F01,2020,74,0.001059013152798711,0.2033776725692063
T0751,F02,2020,113,-0.005061769690840632,-1.7619440745549058
T0751,F03,2021,99,0.0005126686717772832,0.08847409269722901
T0751,F04,2021,121,-0.002973930884273586,-0.8059831594128898
T0751,F05,2022,156,-0.0002431561538402243,-0.07412680471103034
T0751,F06,2022,155,-0.0022725889540461237,-0.9846615510273838
T0751,F07,2023,138,-0.0003915535475103859,-0.15760500527559348
T0751,F08,2023,143,-0.0030989930187159407,-2.1160020727581474
T0752,F01,2020,50,-0.001661147271784089,-0.24499547728748583
T0752,F02,2020,76,-0.006978651291714422,-1.24639496637255
T0752,F03,2021,69,-0.012254891073021154,-1.3811552302363985
T0752,F04,2021,82,-0.0022413367350805186,-0.3421796164890553
T0752,F05,2022,99,0.0012405064056701738,0.23796482823020423
T0752,F06,2022,105,-0.002445192805384032,-0.7518863884185697
T0752,F07,2023,108,-0.003473159428779371,-0.7275548922618156
T0752,F08,2023,103,-0.0037242766974501266,-1.5585986156993006
T0753,F01,2020,642,-0.0026271460635278287,-1.4391597171397625
T0753,F02,2020,1025,-0.002606808976168529,-1.662377868938364
T0753,F03,2021,1049,-0.005154768243357778,-2.081179669514088
T0753,F04,2021,1087,-0.00398671431419097,-2.4409557545113336
T0753,F05,2022,1010,0.0010902100184254292,0.5386865736301748
T0753,F06,2022,1073,-0.001082036730936562,-0.790357467992305
T0753,F07,2023,1077,-0.0029428218109634557,-2.1941455376849697
T0753,F08,2023,1067,-0.003483555387518478,-3.7367269814516
T0754,F01,2020,519,-0.005477000969319577,-1.9626824184132832
T0754,F02,2020,927,-0.004145506683958438,-1.473507655783348
T0754,F03,2021,908,-0.008647012190444529,-2.0177970387089776
T0754,F04,2021,1017,-0.003970832440334122,-1.3673519024953515
T0754,F05,2022,883,0.004733203445760596,1.3360672874144544
T0754,F06,2022,979,0.001083508255594038,0.4390535999461337
T0754,F07,2023,946,-0.0038463302393689264,-1.408166803287812
T0754,F08,2023,902,-0.005491789280113334,-3.054034635143953
T0755,F01,2020,56,0.002244904980840157,0.3776896466095278
T0755,F02,2020,185,-0.0010116005745761391,-0.32139616759263595
T0755,F03,2021,74,-0.011404248051179532,-2.1440729358368515
T0755,F04,2021,124,-0.0024389425339420285,-0.7491938594135036
T0755,F07,2023,43,0.006086717201427247,1.3381517123329718
T0755,F08,2023,129,0.0037636638766246795,0.9927041337687205
T0756,F01,2020,51,0.010322767805853283,1.3695340797168947
T0756,F02,2020,162,-0.0016669318684623814,-0.26331441556618784
T0756,F03,2021,69,-0.02139064675740474,-2.0155149948661313
T0756,F04,2021,109,-0.003306606433805496,-0.6018719380230692
T0756,F07,2023,37,0.008703248069088053,1.2184815230813173
T0756,F08,2023,102,0.00647421933348703,1.2187257013045265
